t,N,n_points,base_seed_requested,effective_base_seed,state_seed,family,family_min_jtot,health_check,corr_J_rho,corr_J_tot,corr_SL,corr_P_pair,corr_N_pair,corr_N_env,target_max,target_mean,J_tot_min_grid,J_tot_mean_grid,state_idx
0.05,5,144,1,1,1000,broad_xyz,22.359644512058754,False,-0.18892864911265203,-0.08397811774741311,-0.32443947917635524,-0.36117003105333395,-0.4202071547262511,0.14661871231791943,0.0017404096386671253,8.035472858427365e-05,1.6755229448455879e-15,17.62170968597708,0
0.075,5,144,1,1,1000,broad_xyz,22.359644512058754,False,-0.20075372821238635,-0.09889740203911083,-0.3396646131885511,-0.38394091341283565,-0.44434110642887836,0.14107593014406525,0.004012651418779236,0.00021722216971752138,1.6755229448455879e-15,17.62170968597708,0
0.1,5,144,1,1,1000,broad_xyz,22.359644512058754,False,-0.22829654119089163,-0.08099533106999271,-0.3861867422107084,-0.43660873253971366,-0.46877596851420295,0.1836446254928326,0.006958482944126895,0.0005291201671093647,1.6755229448455879e-15,17.62170968597708,0
0.125,5,144,1,1,1000,broad_xyz,22.359644512058754,False,-0.250187377745093,0.014405521659646753,-0.43528375781650536,-0.4883734993018407,-0.40736759377905485,0.24416440766996705,0.013090720817241885,0.0013881608103306568,1.6755229448455879e-15,17.62170968597708,0
0.15,5,144,1,1,1000,broad_xyz,22.359644512058754,False,-0.16571642104669893,0.26141814266117924,-0.40758301745073683,-0.4682644117452168,-0.18595562112362535,0.24812331385408135,0.02451423589065771,0.00430375247161813,1.6755229448455879e-15,17.62170968597708,0
0.1625,5,144,1,1,1000,broad_xyz,22.359644512058754,False,-0.061466816723220435,0.3773268840699455,-0.3259398014124664,-0.4020820786761678,-0.07291855925526534,0.19140639627816705,0.03296064999194104,0.007311746354948096,1.6755229448455879e-15,17.62170968597708,0
0.175,5,144,1,1,1000,broad_xyz,22.359644512058754,False,0.022552891738721426,0.4580962691133317,-0.24948625726880383,-0.34472828433181757,-0.0021716156378538388,0.10847288395175854,0.04381220614515627,0.011796875844300118,1.6755229448455879e-15,17.62170968597708,0
0.1875,5,144,1,1,1000,broad_xyz,22.359644512058754,False,0.08699210462938334,0.5066212697975351,-0.17156490397305665,-0.28887416367869684,0.05166865434018177,0.047849103240296176,0.05864799122082248,0.01756687609007503,1.6755229448455879e-15,17.62170968597708,0
0.2,5,144,1,1,1000,broad_xyz,22.359644512058754,False,0.11928885876730376,0.5287604640318093,-0.10308988023743858,-0.24484914200427207,0.06940295388822922,-0.02497815067492673,0.07906748412461789,0.025220838413132815,1.6755229448455879e-15,17.62170968597708,0
0.2125,5,144,1,1,1000,broad_xyz,22.359644512058754,False,0.1300151187812766,0.5292691464249702,-0.021727676705506502,-0.19250006836474587,0.07798265217448488,-0.09205987486781247,0.10391723028282368,0.03498449079911829,1.6755229448455879e-15,17.62170968597708,0
0.225,5,144,1,1,1000,broad_xyz,22.359644512058754,False,0.1282116855915155,0.5109678698473589,0.08426025885571868,-0.1208355797061066,0.08829496295495348,-0.1500452748402708,0.13346596376771727,0.047149671126985995,1.6755229448455879e-15,17.62170968597708,0
0.2375,5,144,1,1,1000,broad_xyz,22.359644512058754,False,0.1398635993615514,0.4916509110768782,0.20776222073361233,-0.03524153239574098,0.08752434269986674,-0.20034848041947403,0.1678180820651221,0.06185820057227989,1.6755229448455879e-15,17.62170968597708,0
0.25,5,144,1,1,1000,broad_xyz,22.359644512058754,False,0.16767272976510525,0.4752167208418877,0.32819794788101103,0.045770514579114095,0.060930349594685095,-0.24874524856442265,0.20687144977306268,0.07923920162385584,1.6755229448455879e-15,17.62170968597708,0
0.27,5,144,1,1,1000,broad_xyz,22.359644512058754,False,0.24123401305458095,0.4739728978022609,0.485756289643335,0.13281687178845195,-0.021272947542375707,-0.29541217896287514,0.2799803716278182,0.11058288578475493,1.6755229448455879e-15,17.62170968597708,0
0.29,5,144,1,1,1000,broad_xyz,22.359644512058754,False,0.33119279188029754,0.5035928586415613,0.5905912970894642,0.14372555435678272,-0.1286151675655696,-0.2985306217152714,0.3628254445732545,0.14377702674168333,1.6755229448455879e-15,17.62170968597708,0
0.31,5,144,1,1,1000,broad_xyz,22.359644512058754,False,0.4154870326038934,0.5482882940308655,0.6436803037624445,0.05922573615957154,-0.24339390801539867,-0.2721979563780335,0.4478888358551508,0.17644811103179925,1.6755229448455879e-15,17.62170968597708,0
0.33,5,144,1,1,1000,broad_xyz,22.359644512058754,False,0.4876445847844226,0.6003470787034036,0.6569842285493755,-0.11121194230459983,-0.3497596687559422,-0.22679905273689688,0.5291251601847401,0.20691441572810357,1.6755229448455879e-15,17.62170968597708,0
0.35,5,144,1,1,1000,broad_xyz,22.359644512058754,False,0.5461355694774848,0.6505426413840345,0.6438987818578373,-0.31438331652032137,-0.4409122438505177,-0.1746401009075252,0.6000736405420571,0.23430739026417596,1.6755229448455879e-15,17.62170968597708,0
0.37,5,144,1,1,1000,broad_xyz,22.359644512058754,False,0.5905510211640922,0.6935977767127445,0.6168517783678801,-0.48781980042023126,-0.5105675719191421,-0.11861305256167316,0.6546618233036807,0.25786744661793,1.6755229448455879e-15,17.62170968597708,0
0.39,5,144,1,1,1000,broad_xyz,22.359644512058754,False,0.6190377112526084,0.7241187180448553,0.5916598948069997,-0.5997303813116375,-0.566815172710012,-0.06533061496041016,0.688075969946204,0.27771824769133846,1.6755229448455879e-15,17.62170968597708,0
0.41000000000000003,5,144,1,1,1000,broad_xyz,22.359644512058754,False,0.6395425710406708,0.7463513439422091,0.573496508246101,-0.6595125328241201,-0.6064641206035845,-0.01607583282565384,0.6976690928827907,0.29382959502359945,1.6755229448455879e-15,17.62170968597708,0
0.43,5,144,1,1,1000,broad_xyz,22.359644512058754,False,0.6489464693681304,0.7634962458108993,0.5550520650692,-0.6906386606123603,-0.6237227804534858,0.028297083745808083,0.7058329761690509,0.3056172394006373,1.6755229448455879e-15,17.62170968597708,0
0.45,5,144,1,1,1000,broad_xyz,22.359644512058754,False,0.6407651639732446,0.7743109233308592,0.5421906655127023,-0.7030357567790811,-0.6210534128905137,0.06047161983531057,0.706406371444374,0.3140863170237387,1.6755229448455879e-15,17.62170968597708,0
0.5,5,144,1,1,1000,broad_xyz,22.359644512058754,False,0.5729694373511061,0.7702432152416969,0.5269562204373711,-0.6956358080266004,-0.5382436931393464,0.04946470425569518,0.7025244222450151,0.3274104230578382,1.6755229448455879e-15,17.62170968597708,0
0.55,5,144,1,1,1000,broad_xyz,22.359644512058754,False,0.505057769765363,0.7049494396067497,0.5562403553947556,-0.5857136313311587,-0.5708536531699402,-0.1393165038458768,0.724106861732188,0.3485616427424724,1.6755229448455879e-15,17.62170968597708,0
0.6,5,144,1,1,1000,broad_xyz,22.359644512058754,False,0.46352943193986207,0.6114559354668518,0.6525518711507983,-0.34622455115835066,-0.7377888580444437,-0.3472615928181434,0.7598846598701408,0.3770200837783795,1.6755229448455879e-15,17.62170968597708,0
0.6499999999999999,5,144,1,1,1000,broad_xyz,22.359644512058754,False,0.4705595535992623,0.6036635951533472,0.7016526585280365,-0.09033318661179265,-0.8060959776374068,-0.40540088110106515,0.7947409106726019,0.38858647828802984,1.6755229448455879e-15,17.62170968597708,0
0.7,5,144,1,1,1000,broad_xyz,22.359644512058754,False,0.5201810090025124,0.6454585573041413,0.7217414325568008,0.17322342799745039,-0.8238878756170738,-0.3682236331358372,0.8017303665181987,0.3739942056983756,1.6755229448455879e-15,17.62170968597708,0
0.725,5,144,1,1,1000,broad_xyz,22.359644512058754,False,0.5288835957290682,0.655945770212513,0.7312765249516355,0.2720725071569125,-0.8110465135737581,-0.33873828748366114,0.7920960800744417,0.360058886349208,1.6755229448455879e-15,17.62170968597708,0
0.75,5,144,1,1,1000,broad_xyz,22.359644512058754,False,0.5075731207753867,0.6534541400320047,0.7443581414408685,0.34231249455151647,-0.798909308862918,-0.30765417397130485,0.7750870807600327,0.34465279337044363,1.6755229448455879e-15,17.62170968597708,0
0.775,5,144,1,1,1000,broad_xyz,22.359644512058754,False,0.4683667815035188,0.6404315602608667,0.7599948109026978,0.38689177585826623,-0.7885267725156312,-0.27700155172259094,0.7524538659275284,0.3295021191201055,1.6755229448455879e-15,17.62170968597708,0
0.8,5,144,1,1,1000,broad_xyz,22.359644512058754,False,0.43515667153696624,0.622309750946297,0.7754413813971849,0.4124654948484417,-0.7642498166700913,-0.25063752783684395,0.7372121554975708,0.3160123608503602,1.6755229448455879e-15,17.62170968597708,0
0.825,5,144,1,1,1000,broad_xyz,22.359644512058754,False,0.425611850344087,0.6091816668506559,0.7894598536210131,0.4339756243254827,-0.7292058728087843,-0.2367475782906992,0.747873360120429,0.3061918659340641,1.6755229448455879e-15,17.62170968597708,0
0.85,5,144,1,1,1000,broad_xyz,22.359644512058754,False,0.4296669218351936,0.5998024876287652,0.7962295095088097,0.45104615750689614,-0.6912165583701724,-0.23791979819192613,0.7660827557146784,0.3007007388765552,1.6755229448455879e-15,17.62170968597708,0
0.875,5,144,1,1,1000,broad_xyz,22.359644512058754,False,0.43772026882175263,0.5969515612748906,0.7950718014441067,0.4623773604045877,-0.6305134094872294,-0.2551653745867309,0.7716389943828277,0.29972742286754944,1.6755229448455879e-15,17.62170968597708,0
0.9,5,144,1,1,1000,broad_xyz,22.359644512058754,False,0.43899557687258783,0.6020234780887119,0.7850788700260357,0.45824252069452936,-0.5697741862213157,-0.2866650293048007,0.7614870667121211,0.3030355336816528,1.6755229448455879e-15,17.62170968597708,0
0.95,5,144,1,1,1000,broad_xyz,22.359644512058754,False,0.41363759736882594,0.6120845529128595,0.7398234202131967,0.3630542078303031,-0.6373415773900769,-0.3413973754849724,0.7054617052507226,0.3173383394293183,1.6755229448455879e-15,17.62170968597708,0
1.0,5,144,1,1,1000,broad_xyz,22.359644512058754,False,0.423166575876568,0.6259304986776122,0.6944736895264688,0.1879745115971083,-0.6687521448275126,-0.36761093032016096,0.6951255209518379,0.3374666678700281,1.6755229448455879e-15,17.62170968597708,0
0.05,5,144,1,1,1001,broad_xyz,22.359644512058754,False,-0.07354590535855086,0.19915917408065675,-0.5208185241582671,-0.5329506725840755,-0.47444966795114635,-0.35490991778400316,0.0033967272677010336,0.00036762318768960586,1.6755229448455879e-15,17.62170968597708,1
0.075,5,144,1,1,1001,broad_xyz,22.359644512058754,False,-0.13755735725587284,0.2448168968195346,-0.5635117107009787,-0.5787144138312278,-0.49114146727775854,-0.4004372050804469,0.010107473190633452,0.0013891866228679256,1.6755229448455879e-15,17.62170968597708,1
0.1,5,144,1,1,1001,broad_xyz,22.359644512058754,False,-0.20163416151554606,0.28968022688688616,-0.5993230874647792,-0.6218768906823038,-0.4949339473247063,-0.4595738949728478,0.023669603637432937,0.004019599759539715,1.6755229448455879e-15,17.62170968597708,1
0.125,5,144,1,1,1001,broad_xyz,22.359644512058754,False,-0.25415679370089794,0.3097875641535316,-0.6137376195302107,-0.6507901456197802,-0.4857636454931188,-0.5132355507290364,0.0462710580886843,0.009526470122700916,1.6755229448455879e-15,17.62170968597708,1
0.15,5,144,1,1,1001,broad_xyz,22.359644512058754,False,-0.27725321697046,0.3190620861088844,-0.6065305881366895,-0.6660188301554105,-0.4717411862255512,-0.5483422191851652,0.0817182015519564,0.019364583977862938,1.6755229448455879e-15,17.62170968597708,1
0.1625,5,144,1,1,1001,broad_xyz,22.359644512058754,False,-0.28822124500797247,0.312636007721079,-0.6020879996761612,-0.6745882767951037,-0.4732301188330087,-0.5693847650510724,0.10346543312759339,0.02661296743422784,1.6755229448455879e-15,17.62170968597708,1
0.175,5,144,1,1,1001,broad_xyz,22.359644512058754,False,-0.28697288341314353,0.3097783099218663,-0.5900975179738118,-0.6768534704747812,-0.47322557474417176,-0.5855089699536513,0.12740310380269415,0.03583628584892026,1.6755229448455879e-15,17.62170968597708,1
0.1875,5,144,1,1,1001,broad_xyz,22.359644512058754,False,-0.2488060350759621,0.3328950934175412,-0.5547942034129046,-0.6583061073513692,-0.4567106236631902,-0.5811985435695534,0.1529548746396414,0.04768784967534397,1.6755229448455879e-15,17.62170968597708,1
0.2,5,144,1,1,1001,broad_xyz,22.359644512058754,False,-0.13572533245620716,0.41209386055766156,-0.45352072358228535,-0.5824819790578567,-0.38704498973592105,-0.5350760641505,0.1794075707177274,0.06492040268314504,1.6755229448455879e-15,17.62170968597708,1
0.2125,5,144,1,1,1001,broad_xyz,22.359644512058754,False,0.015921582841880576,0.5088927585239336,-0.29913122841806916,-0.4591255782977933,-0.280117139100215,-0.4354729607457764,0.20595021919049197,0.08661901415779644,1.6755229448455879e-15,17.62170968597708,1
0.225,5,144,1,1,1001,broad_xyz,22.359644512058754,False,0.1928969867918948,0.6104243122376697,-0.10140544406020988,-0.29603654310333066,-0.18155093656914503,-0.2832432718734091,0.23172303161571312,0.11178156802284464,1.6755229448455879e-15,17.62170968597708,1
0.2375,5,144,1,1,1001,broad_xyz,22.359644512058754,False,0.38261268606227705,0.7001060785638341,0.1147959055409137,-0.11549916231691981,-0.17564606733832427,-0.10163750572781688,0.25597091400411587,0.13890875048751744,1.6755229448455879e-15,17.62170968597708,1
0.25,5,144,1,1,1001,broad_xyz,22.359644512058754,False,0.5551431833897587,0.7641890784924612,0.3160991108908498,0.05087061450936647,-0.27163246554836645,0.08274463223378976,0.2813452597155515,0.16726608333994947,1.6755229448455879e-15,17.62170968597708,1
0.27,5,144,1,1,1001,broad_xyz,22.359644512058754,False,0.7519861437640849,0.8145089268827322,0.5534694928394543,0.2255720230608564,-0.45825201482617023,0.3285724002514728,0.33960487598841815,0.21325944547658648,1.6755229448455879e-15,17.62170968597708,1
0.29,5,144,1,1,1001,broad_xyz,22.359644512058754,False,0.8570723168767861,0.8312297177712178,0.6854147292222934,0.2579371979249542,-0.572881917961002,0.49616834268085597,0.4400464268374097,0.2570985048844517,1.6755229448455879e-15,17.62170968597708,1
0.31,5,144,1,1,1001,broad_xyz,22.359644512058754,False,0.8999896343295318,0.8397783682325316,0.745613925059079,0.1419860595568042,-0.6223532777442126,0.6045484720061773,0.5353701566602433,0.295651499824791,1.6755229448455879e-15,17.62170968597708,1
0.33,5,144,1,1,1001,broad_xyz,22.359644512058754,False,0.9013509277657968,0.8479699813089276,0.7606476551894215,-0.10247079650456027,-0.6290490795963629,0.6734261587462127,0.6165355813317466,0.32648535122458244,1.6755229448455879e-15,17.62170968597708,1
0.35,5,144,1,1,1001,broad_xyz,22.359644512058754,False,0.8711772538279472,0.8551879400577299,0.7450137877728432,-0.3748308853675261,-0.6091187817943409,0.7133942885647536,0.6875104696901673,0.34834368584773406,1.6755229448455879e-15,17.62170968597708,1
0.37,5,144,1,1,1001,broad_xyz,22.359644512058754,False,0.8139515844331505,0.8542328417480377,0.7161314942699883,-0.5643891784635636,-0.5805618584600987,0.7372461502746988,0.7460168470427839,0.36294053284017463,1.6755229448455879e-15,17.62170968597708,1
0.39,5,144,1,1,1001,broad_xyz,22.359644512058754,False,0.7376992703352839,0.8448868129750853,0.6863160159853715,-0.6600399906355828,-0.5468716190654962,0.7496930657419708,0.7818590015120301,0.3733263904958373,1.6755229448455879e-15,17.62170968597708,1
0.41000000000000003,5,144,1,1,1001,broad_xyz,22.359644512058754,False,0.6523774342929761,0.8329998559993191,0.6527640854316028,-0.7031298344082083,-0.4956592237975303,0.7448186279291691,0.7992158087591859,0.37988065390411074,1.6755229448455879e-15,17.62170968597708,1
0.43,5,144,1,1,1001,broad_xyz,22.359644512058754,False,0.5707272080433334,0.821168721835487,0.6178395297562046,-0.719782859311916,-0.4316381939441079,0.7227108274332215,0.8167276872281349,0.3836439610036979,1.6755229448455879e-15,17.62170968597708,1
0.45,5,144,1,1,1001,broad_xyz,22.359644512058754,False,0.5105889977241688,0.8129792270329886,0.5919580649430222,-0.7199601057055257,-0.3674511829846576,0.6868105165750906,0.8175652633932939,0.3882596313634314,1.6755229448455879e-15,17.62170968597708,1
0.5,5,144,1,1,1001,broad_xyz,22.359644512058754,False,0.5490597522335362,0.8332784394999714,0.6099385407264131,-0.6489909138568346,-0.32246577562254924,0.5053324821642398,0.765479385437737,0.4190607742550897,1.6755229448455879e-15,17.62170968597708,1
0.55,5,144,1,1,1001,broad_xyz,22.359644512058754,False,0.7746739314241081,0.8691033451012926,0.7761521643082986,-0.44942819840227377,-0.5817811352841994,0.08464032289238282,0.7682678111355322,0.47358167554291686,1.6755229448455879e-15,17.62170968597708,1
0.6,5,144,1,1,1001,broad_xyz,22.359644512058754,False,0.833534691956335,0.8164187490765795,0.8268497409031189,-0.49068258785769975,-0.7441001895387598,-0.19808421084162184,0.8265002576329958,0.5074615094793148,1.6755229448455879e-15,17.62170968597708,1
0.6499999999999999,5,144,1,1,1001,broad_xyz,22.359644512058754,False,0.8105253332749655,0.8081105740774265,0.8124547781050142,-0.4550830481844341,-0.770208811796149,-0.3058874718844966,0.8989478854882844,0.5002093087496863,1.6755229448455879e-15,17.62170968597708,1
0.7,5,144,1,1,1001,broad_xyz,22.359644512058754,False,0.7794085862231499,0.8168683146127751,0.7990470168821145,-0.21672346299784767,-0.7777144231516645,-0.3874452124089005,0.8785862664617052,0.46538284747360836,1.6755229448455879e-15,17.62170968597708,1
0.725,5,144,1,1,1001,broad_xyz,22.359644512058754,False,0.7696675800607412,0.8136834642958839,0.7939137394356673,-0.053372958618585355,-0.786419502668306,-0.4108255769543384,0.8698012714671567,0.44471778412711643,1.6755229448455879e-15,17.62170968597708,1
0.75,5,144,1,1,1001,broad_xyz,22.359644512058754,False,0.7726931034804714,0.8083189256452284,0.7903720478269106,0.09538512494965395,-0.7992410660043063,-0.4202190123249265,0.8506455154935831,0.4246964061481402,1.6755229448455879e-15,17.62170968597708,1
0.775,5,144,1,1,1001,broad_xyz,22.359644512058754,False,0.783967321347123,0.8036035478334458,0.7876775372910537,0.20387303302548457,-0.810750149983899,-0.4196111199777868,0.8239583111004365,0.40609618975731077,1.6755229448455879e-15,17.62170968597708,1
0.8,5,144,1,1,1001,broad_xyz,22.359644512058754,False,0.7889203243257363,0.7977531695869124,0.7835683571160031,0.2681819971608475,-0.8111829546991692,-0.4143416027254669,0.7897603243947198,0.38875326013480366,1.6755229448455879e-15,17.62170968597708,1
0.825,5,144,1,1,1001,broad_xyz,22.359644512058754,False,0.7709527333012602,0.7873676875932341,0.7770783089881113,0.30234252777258114,-0.7941068621440416,-0.41024219391760225,0.7461717807923276,0.37219519936232426,1.6755229448455879e-15,17.62170968597708,1
0.85,5,144,1,1,1001,broad_xyz,22.359644512058754,False,0.7235136792905132,0.7712599093128146,0.7697778136202216,0.3224243509809099,-0.7578992475114008,-0.4078746174247429,0.7372612748893361,0.3564545346125295,1.6755229448455879e-15,17.62170968597708,1
0.875,5,144,1,1,1001,broad_xyz,22.359644512058754,False,0.6572405121815837,0.7507158516655635,0.7631345730436141,0.3325283655378053,-0.7191276564496931,-0.3968814283105594,0.7061371854147853,0.34191958883657125,1.6755229448455879e-15,17.62170968597708,1
0.9,5,144,1,1,1001,broad_xyz,22.359644512058754,False,0.5855129447163949,0.7258548401179789,0.7572770999166778,0.32437783450945795,-0.6998568451993362,-0.36584876930690147,0.705099508045075,0.3294958281125166,1.6755229448455879e-15,17.62170968597708,1
0.95,5,144,1,1,1001,broad_xyz,22.359644512058754,False,0.45030651215508355,0.6499418914840688,0.7220232337149072,0.17469535062217365,-0.7923865336003009,-0.26263337110911134,0.7260897509726839,0.31495962971818087,1.6755229448455879e-15,17.62170968597708,1
1.0,5,144,1,1,1001,broad_xyz,22.359644512058754,False,0.35629171026554535,0.5762644715188052,0.6740647665079166,-0.08630317255497803,-0.8445715102545085,-0.19131042824776576,0.7172243110274428,0.32103872237103837,1.6755229448455879e-15,17.62170968597708,1
0.05,5,144,1,1,1002,broad_xyz,22.359644512058754,False,-0.16243153073917982,-0.06259388980855596,-0.391925441457601,-0.3902060418086316,-0.3803478517374474,0.1682867777938681,0.0023931388357824298,0.00011506010148629089,1.6755229448455879e-15,17.62170968597708,2
0.075,5,144,1,1,1002,broad_xyz,22.359644512058754,False,-0.08213828581957643,-0.04190587376505359,-0.37035852557697374,-0.37694901873971454,-0.37607753631752927,0.18726515164425306,0.005434999277545545,0.0003121743895244012,1.6755229448455879e-15,17.62170968597708,2
0.1,5,144,1,1,1002,broad_xyz,22.359644512058754,False,0.04554876681940676,-0.004410780144426378,-0.3531424339832441,-0.3764596554051801,-0.39473094962692284,0.218874175602694,0.00988048005360002,0.0008393605134803287,1.6755229448455879e-15,17.62170968597708,2
0.125,5,144,1,1,1002,broad_xyz,22.359644512058754,False,0.14582154634084288,0.05174606602991304,-0.34676665230084786,-0.38591877772850286,-0.4126643320236622,0.22935470312452477,0.016424585050779497,0.0021599981289474896,1.6755229448455879e-15,17.62170968597708,2
0.15,5,144,1,1,1002,broad_xyz,22.359644512058754,False,0.2213399524044897,0.18057019785573414,-0.36445631450293436,-0.41817170968667444,-0.4230848813346282,0.21621962022473684,0.03021189382967699,0.005765301563160791,1.6755229448455879e-15,17.62170968597708,2
0.1625,5,144,1,1,1002,broad_xyz,22.359644512058754,False,0.2878387943688694,0.31735269675559785,-0.34414227730293384,-0.40756527264752446,-0.38745909562321057,0.16771733627824756,0.040306813824255175,0.009798783244882306,1.6755229448455879e-15,17.62170968597708,2
0.175,5,144,1,1,1002,broad_xyz,22.359644512058754,False,0.43199337284419004,0.525988916474991,-0.23010836590999825,-0.31057278668857496,-0.281065382831896,0.04323263411834334,0.05460172637569399,0.017442407820021804,1.6755229448455879e-15,17.62170968597708,2
0.1875,5,144,1,1,1002,broad_xyz,22.359644512058754,False,0.5673547315201484,0.6773836787333081,-0.0037624804311879,-0.102156639180397,-0.10280677511751518,-0.16397609907610305,0.07656724688731463,0.030316637024187527,1.6755229448455879e-15,17.62170968597708,2
0.2,5,144,1,1,1002,broad_xyz,22.359644512058754,False,0.5970066973485132,0.679421765656853,0.2451877813497803,0.1358263715915007,0.049099922898436246,-0.38189605788478476,0.10703577414040567,0.0485418729257051,1.6755229448455879e-15,17.62170968597708,2
0.2125,5,144,1,1,1002,broad_xyz,22.359644512058754,False,0.5126730937787429,0.5354428224314429,0.5145845291291011,0.40246442746774075,0.12421135420998891,-0.6235327247300114,0.14318709320264225,0.07263069258156916,1.6755229448455879e-15,17.62170968597708,2
0.225,5,144,1,1,1002,broad_xyz,22.359644512058754,False,0.42226510474097045,0.4034224499746436,0.6571367350088345,0.5350336484987016,-0.030799918871679342,-0.7425447621607238,0.18777989313151935,0.09915993319101277,1.6755229448455879e-15,17.62170968597708,2
0.2375,5,144,1,1,1002,broad_xyz,22.359644512058754,False,0.36199788657090665,0.3218309577926895,0.7184831035324069,0.5731824438216926,-0.27219472042158505,-0.7881467289188437,0.23424658813496524,0.1267310683607749,1.6755229448455879e-15,17.62170968597708,2
0.25,5,144,1,1,1002,broad_xyz,22.359644512058754,False,0.327903680632702,0.2801967099909561,0.7423255195896642,0.5609332502594067,-0.4574023663576525,-0.8010161252863486,0.2839446740626678,0.15422875251558954,1.6755229448455879e-15,17.62170968597708,2
0.27,5,144,1,1,1002,broad_xyz,22.359644512058754,False,0.31016103071259804,0.27252920937427216,0.7456425437015134,0.48671186428474966,-0.5924447523654067,-0.7862508414245307,0.36052709059396193,0.19517687446773616,1.6755229448455879e-15,17.62170968597708,2
0.29,5,144,1,1,1002,broad_xyz,22.359644512058754,False,0.3234655317317061,0.32391992596293107,0.7266263623099384,0.3822247947892952,-0.6061119088729643,-0.7307399200429331,0.42508451810637216,0.22853026445427332,1.6755229448455879e-15,17.62170968597708,2
0.31,5,144,1,1,1002,broad_xyz,22.359644512058754,False,0.3587947338953323,0.43087089855376576,0.6860324379276009,0.25885536505377493,-0.5337124167747043,-0.6131112125332947,0.474750174844599,0.25069347567318434,1.6755229448455879e-15,17.62170968597708,2
0.33,5,144,1,1,1002,broad_xyz,22.359644512058754,False,0.40871765854013653,0.5841233155599745,0.6093178169347356,0.08660288950818788,-0.37904619374871357,-0.3946506946302044,0.5029608783864423,0.26006007370021006,1.6755229448455879e-15,17.62170968597708,2
0.35,5,144,1,1,1002,broad_xyz,22.359644512058754,False,0.45266824256399324,0.7335923069211736,0.4834485801229415,-0.16258426005820031,-0.18239623309595035,-0.0810099760578831,0.5263954552104382,0.25715034076814547,1.6755229448455879e-15,17.62170968597708,2
0.37,5,144,1,1,1002,broad_xyz,22.359644512058754,False,0.4572597779880246,0.8045013323701287,0.3676764527672227,-0.3935855388656817,-0.08454037146950125,0.19205285587446916,0.5363406026174473,0.24806857688023165,1.6755229448455879e-15,17.62170968597708,2
0.39,5,144,1,1,1002,broad_xyz,22.359644512058754,False,0.4269117399290303,0.7948008894183392,0.3389354500857861,-0.4989199926350358,-0.2080032978055436,0.3283211820002458,0.5350373027793022,0.24522810183101854,1.6755229448455879e-15,17.62170968597708,2
0.41000000000000003,5,144,1,1,1002,broad_xyz,22.359644512058754,False,0.4133250655326579,0.775785430180378,0.33081694724493405,-0.5548674707485182,-0.37246908201780676,0.3739199513074206,0.5501381302468838,0.24613015534303084,1.6755229448455879e-15,17.62170968597708,2
0.43,5,144,1,1,1002,broad_xyz,22.359644512058754,False,0.4260606526883477,0.7641592475674424,0.3367421610440412,-0.5820913069939376,-0.49377632270186655,0.34446305215192696,0.5883192792005107,0.25232781112448005,1.6755229448455879e-15,17.62170968597708,2
0.45,5,144,1,1,1002,broad_xyz,22.359644512058754,False,0.4625546769175272,0.7651150621349201,0.35005473192276193,-0.5955369038850076,-0.5526272753006972,0.2794499082138031,0.6264159571204618,0.2635289262711782,1.6755229448455879e-15,17.62170968597708,2
0.5,5,144,1,1,1002,broad_xyz,22.359644512058754,False,0.575950137227309,0.8075729546019026,0.4182008624717297,-0.5644508578865948,-0.5214505267367027,0.034010725927550445,0.672704820911475,0.31721819462238315,1.6755229448455879e-15,17.62170968597708,2
0.55,5,144,1,1,1002,broad_xyz,22.359644512058754,False,0.596286163388994,0.7467934387776285,0.5601969092767074,-0.3501610741659035,-0.5332834285237646,-0.3685227995517271,0.6793115735071463,0.3966849271429848,1.6755229448455879e-15,17.62170968597708,2
0.6,5,144,1,1,1002,broad_xyz,22.359644512058754,False,0.7150971329364667,0.7102037492293641,0.6416083089010751,-0.2811730025995927,-0.6050911484929482,-0.5899626057413041,0.6723252197429643,0.43938333856673545,1.6755229448455879e-15,17.62170968597708,2
0.6499999999999999,5,144,1,1,1002,broad_xyz,22.359644512058754,False,0.8433996405427947,0.8118186299151762,0.7103107291836451,-0.3753246411975496,-0.7550289782011895,-0.5351967326492757,0.728667399843318,0.4327667950937207,1.6755229448455879e-15,17.62170968597708,2
0.7,5,144,1,1,1002,broad_xyz,22.359644512058754,False,0.7851076966484892,0.8445105842728696,0.8072840961537606,-0.41498534497920714,-0.8656263188648008,-0.4136479599810969,0.7877124330483346,0.40847095005856243,1.6755229448455879e-15,17.62170968597708,2
0.725,5,144,1,1,1002,broad_xyz,22.359644512058754,False,0.7384045281722944,0.8355522404040469,0.8470320697632108,-0.3406168017825345,-0.8894163998792748,-0.3828723014776459,0.8067332675593715,0.3998024624390448,1.6755229448455879e-15,17.62170968597708,2
0.75,5,144,1,1,1002,broad_xyz,22.359644512058754,False,0.7016935810483679,0.8246807390920544,0.8692925871876347,-0.18662192729522667,-0.8968046520214104,-0.36782000134610143,0.8143042212575213,0.3937175961322511,1.6755229448455879e-15,17.62170968597708,2
0.775,5,144,1,1,1002,broad_xyz,22.359644512058754,False,0.6765615086126575,0.8186941053223461,0.878805279219818,0.03372210333711997,-0.8918873536559726,-0.36676828547780116,0.8123180966692278,0.3898934303519399,1.6755229448455879e-15,17.62170968597708,2
0.8,5,144,1,1,1002,broad_xyz,22.359644512058754,False,0.6705712461213248,0.8173704457002282,0.879790484213108,0.24977877561722073,-0.8779405030331326,-0.3745174147095018,0.8098649014308223,0.387527430857727,1.6755229448455879e-15,17.62170968597708,2
0.825,5,144,1,1,1002,broad_xyz,22.359644512058754,False,0.6817096218331832,0.8190944456683863,0.8773618688483045,0.4057365530955729,-0.8561769597769257,-0.3913913646400627,0.8256313714498292,0.3868384604225328,1.6755229448455879e-15,17.62170968597708,2
0.85,5,144,1,1,1002,broad_xyz,22.359644512058754,False,0.7010941135502091,0.8236347235604566,0.8766409804257344,0.4981914174674081,-0.8187952370403438,-0.4065891617002774,0.8322821490083321,0.3864904568364565,1.6755229448455879e-15,17.62170968597708,2
0.875,5,144,1,1,1002,broad_xyz,22.359644512058754,False,0.7192523721756405,0.828396898612158,0.8769072496589662,0.5386432912158055,-0.7724268082812705,-0.41194024953355135,0.8299739320368207,0.38592768307233905,1.6755229448455879e-15,17.62170968597708,2
0.9,5,144,1,1,1002,broad_xyz,22.359644512058754,False,0.7293949281577619,0.8293902201607346,0.8706922057463258,0.5311769334451154,-0.7519771420400053,-0.41504665285334097,0.8184427627995938,0.38611707601458606,1.6755229448455879e-15,17.62170968597708,2
0.95,5,144,1,1,1002,broad_xyz,22.359644512058754,False,0.7228195725049588,0.8248003176620813,0.8350261820393337,0.42386262874686487,-0.8059102571000468,-0.43926532502172205,0.8153971474783511,0.3893676949535864,1.6755229448455879e-15,17.62170968597708,2
1.0,5,144,1,1,1002,broad_xyz,22.359644512058754,False,0.7090384343062401,0.8038508939766414,0.7964528240343273,0.2930843060253956,-0.8047519565391682,-0.47564586219847843,0.8494818554460499,0.39023163883401607,1.6755229448455879e-15,17.62170968597708,2
0.05,5,144,1,1,1003,broad_xyz,22.359644512058754,False,-0.25340092498987826,0.2956009842040397,-0.3435486974841512,-0.39749306409391133,-0.3256208227454236,0.046988871917311506,0.006431811801851322,0.0006178354695387348,1.6755229448455879e-15,17.62170968597708,3
0.075,5,144,1,1,1003,broad_xyz,22.359644512058754,False,-0.1750949027801031,0.3193337016144855,-0.3530018277164113,-0.4252021900501072,-0.3535334837422241,0.04699857561457574,0.016070434550912865,0.0019229972923907991,1.6755229448455879e-15,17.62170968597708,3
0.1,5,144,1,1,1003,broad_xyz,22.359644512058754,False,-0.08404088836572249,0.3285496642134898,-0.37045603155795004,-0.4629845064904908,-0.3945388315954669,0.03336338685366901,0.03090892178771793,0.004778525054346884,1.6755229448455879e-15,17.62170968597708,3
0.125,5,144,1,1,1003,broad_xyz,22.359644512058754,False,0.00553969151326388,0.3486939555726044,-0.38275675041006885,-0.49884576994208274,-0.4386334885394383,0.012866012430631575,0.05163707413049139,0.010394286309295878,1.6755229448455879e-15,17.62170968597708,3
0.15,5,144,1,1,1003,broad_xyz,22.359644512058754,False,0.08649942235229914,0.3914378725842555,-0.3712426795139455,-0.5161162766978399,-0.4686602560933261,-0.016114108103990193,0.07898994668351347,0.02066021644777543,1.6755229448455879e-15,17.62170968597708,3
0.1625,5,144,1,1,1003,broad_xyz,22.359644512058754,False,0.1147947896985059,0.4047380082962267,-0.3617403164120881,-0.5211653406918343,-0.48040432312702464,-0.04079487906529992,0.09460366972180308,0.028351545545389347,1.6755229448455879e-15,17.62170968597708,3
0.175,5,144,1,1,1003,broad_xyz,22.359644512058754,False,0.14450815671824277,0.42144316542560195,-0.33983847772112175,-0.5160370146942409,-0.4876867677033253,-0.0638832310750173,0.11171544012455113,0.038467488319253985,1.6755229448455879e-15,17.62170968597708,3
0.1875,5,144,1,1,1003,broad_xyz,22.359644512058754,False,0.16945765444123673,0.43242102792317477,-0.30411640728496214,-0.4977556773093627,-0.4888369796960328,-0.08491933672197687,0.1317905608841835,0.05126766030442664,1.6755229448455879e-15,17.62170968597708,3
0.2,5,144,1,1,1003,broad_xyz,22.359644512058754,False,0.20976986114309318,0.45558119207016123,-0.23406247548641934,-0.4483014569343692,-0.48741550525601485,-0.09579897483881669,0.1546637391925882,0.06786909521195533,1.6755229448455879e-15,17.62170968597708,3
0.2125,5,144,1,1,1003,broad_xyz,22.359644512058754,False,0.2722311657348436,0.4976264276273318,-0.10844181825006526,-0.34607250883342605,-0.4953945227626795,-0.09103271122299522,0.19164922102500248,0.08907028837765346,1.6755229448455879e-15,17.62170968597708,3
0.225,5,144,1,1,1003,broad_xyz,22.359644512058754,False,0.3300998923151782,0.5356270673258532,0.07050250363323013,-0.1912914675789292,-0.5130882169062719,-0.07297824412354863,0.23143213145448513,0.11368132606427449,1.6755229448455879e-15,17.62170968597708,3
0.2375,5,144,1,1,1003,broad_xyz,22.359644512058754,False,0.3837706423084872,0.5685870085558977,0.25047527937736086,-0.03411896302970393,-0.5885771834105106,-0.04764685304595137,0.272914617331115,0.13971232352947976,1.6755229448455879e-15,17.62170968597708,3
0.25,5,144,1,1,1003,broad_xyz,22.359644512058754,False,0.42870466919103917,0.596185435437578,0.405408521567589,0.09753555201776981,-0.6837812420323144,-0.015642096772765682,0.3147820044555033,0.16622245421692017,1.6755229448455879e-15,17.62170968597708,3
0.27,5,144,1,1,1003,broad_xyz,22.359644512058754,False,0.4799373816566679,0.6380157273180984,0.5773643020180927,0.21822853041361118,-0.7844778446595414,0.04985866686409485,0.38979362969009385,0.20735421713271873,1.6755229448455879e-15,17.62170968597708,3
0.29,5,144,1,1,1003,broad_xyz,22.359644512058754,False,0.5128443788697927,0.6886949405009984,0.6670618217285808,0.21680637231764094,-0.7929034434449622,0.13637117382306577,0.4566464801821135,0.2436647001968654,1.6755229448455879e-15,17.62170968597708,3
0.31,5,144,1,1,1003,broad_xyz,22.359644512058754,False,0.5354897215875454,0.7491768219273782,0.6993347362494372,0.09845695745645754,-0.7275630457069732,0.24751362571425356,0.5049934564466304,0.2720233267346541,1.6755229448455879e-15,17.62170968597708,3
0.33,5,144,1,1,1003,broad_xyz,22.359644512058754,False,0.5524239124502422,0.8089664271251539,0.6905996050842179,-0.11034975276953181,-0.6050744728809372,0.3733578534318244,0.5281723342595289,0.2904752119658147,1.6755229448455879e-15,17.62170968597708,3
0.35,5,144,1,1,1003,broad_xyz,22.359644512058754,False,0.5657144340763753,0.8527117742566426,0.6514305457158924,-0.34399304123167224,-0.4532317250776459,0.4746104530577506,0.5227293936696739,0.2987731901318544,1.6755229448455879e-15,17.62170968597708,3
0.37,5,144,1,1,1003,broad_xyz,22.359644512058754,False,0.5730900324745971,0.8648653183939219,0.6114713559880204,-0.5148580292480233,-0.3329506307852799,0.4791785923781663,0.5451819167381224,0.3005806357672973,1.6755229448455879e-15,17.62170968597708,3
0.39,5,144,1,1,1003,broad_xyz,22.359644512058754,False,0.5799081807727114,0.848507956377181,0.6042868619501828,-0.5841668832165884,-0.3120657573076602,0.359924992765627,0.5866688845499807,0.3017229546687213,1.6755229448455879e-15,17.62170968597708,3
0.41000000000000003,5,144,1,1,1003,broad_xyz,22.359644512058754,False,0.6024045873255061,0.8217375207922302,0.6020900785583226,-0.610251539099611,-0.35622837930142753,0.19294536635828863,0.6249807846784199,0.30329914121301704,1.6755229448455879e-15,17.62170968597708,3
0.43,5,144,1,1,1003,broad_xyz,22.359644512058754,False,0.6350764161589197,0.7891337892544691,0.5960729336084866,-0.6201821444537348,-0.4258593978183813,0.042754723083496565,0.6547631250281947,0.3066589752003032,1.6755229448455879e-15,17.62170968597708,3
0.45,5,144,1,1,1003,broad_xyz,22.359644512058754,False,0.673598644559233,0.7598178681921715,0.5900649142718913,-0.6240942636922591,-0.48508591251847044,-0.06949916406007227,0.6746186376544967,0.31434065362770813,1.6755229448455879e-15,17.62170968597708,3
0.5,5,144,1,1,1003,broad_xyz,22.359644512058754,False,0.7677002567590857,0.7305574566773524,0.5843669981139201,-0.6016815741060048,-0.5499427432116177,-0.2215062254264989,0.698337989531761,0.36081631132561676,1.6755229448455879e-15,17.62170968597708,3
0.55,5,144,1,1,1003,broad_xyz,22.359644512058754,False,0.7075298364668908,0.6928114678699232,0.625445440180041,-0.4220296408386808,-0.7235698450607789,-0.3370730776457202,0.7822255601902077,0.42746583701994645,1.6755229448455879e-15,17.62170968597708,3
0.6,5,144,1,1,1003,broad_xyz,22.359644512058754,False,0.5715770894061046,0.5903208180467462,0.6158032624439329,-0.35261525655615417,-0.8690818702072002,-0.4477229981176952,0.8201758492530835,0.45159074981192876,1.6755229448455879e-15,17.62170968597708,3
0.6499999999999999,5,144,1,1,1003,broad_xyz,22.359644512058754,False,0.5245013849511421,0.5433303381302651,0.5663838166420967,-0.285793953747173,-0.8351387909309026,-0.4771602737137584,0.7882995150977192,0.4142069106153291,1.6755229448455879e-15,17.62170968597708,3
0.7,5,144,1,1,1003,broad_xyz,22.359644512058754,False,0.5435568009462309,0.555971073446248,0.5397787132948504,-0.09405074833585762,-0.7636342128368174,-0.462588256294773,0.7105939971052325,0.352448091033627,1.6755229448455879e-15,17.62170968597708,3
0.725,5,144,1,1,1003,broad_xyz,22.359644512058754,False,0.5743747247390677,0.5759537020337844,0.5456043853495796,0.0172328112370457,-0.7453551810210581,-0.44066187241267096,0.6665173204690888,0.328004107599015,1.6755229448455879e-15,17.62170968597708,3
0.75,5,144,1,1,1003,broad_xyz,22.359644512058754,False,0.5565702265945467,0.5932011691505499,0.5568247240979894,0.09038115814112554,-0.7299040529586818,-0.40161882522456954,0.6288027354974877,0.31167716194176126,1.6755229448455879e-15,17.62170968597708,3
0.775,5,144,1,1,1003,broad_xyz,22.359644512058754,False,0.455299184015485,0.5967917800788357,0.5654444063953501,0.11786494675508696,-0.7044731107309987,-0.35481328182485755,0.6003195613852177,0.3030583225761883,1.6755229448455879e-15,17.62170968597708,3
0.8,5,144,1,1,1003,broad_xyz,22.359644512058754,False,0.31797594538206864,0.5858817736398007,0.5676243960195767,0.1275207700880554,-0.6499769638381683,-0.32312574215335327,0.5836359549982184,0.3003510613846416,1.6755229448455879e-15,17.62170968597708,3
0.825,5,144,1,1,1003,broad_xyz,22.359644512058754,False,0.2376629103087736,0.5850080758650864,0.5852649326476197,0.16126706956667963,-0.5751405690774731,-0.319737021107677,0.5848607547993903,0.3007164847172147,1.6755229448455879e-15,17.62170968597708,3
0.85,5,144,1,1,1003,broad_xyz,22.359644512058754,False,0.2569870496715753,0.6111797065748181,0.633691222140062,0.2326148520953797,-0.5194155867046223,-0.3392108660817053,0.5973218592401717,0.30236946299835127,1.6755229448455879e-15,17.62170968597708,3
0.875,5,144,1,1,1003,broad_xyz,22.359644512058754,False,0.3517638548054963,0.6526558298175145,0.6976717439464789,0.3093703209797656,-0.5243870031468733,-0.36008681904733864,0.5899292593773391,0.3056595707255129,1.6755229448455879e-15,17.62170968597708,3
0.9,5,144,1,1,1003,broad_xyz,22.359644512058754,False,0.4491600868781698,0.6807340746902052,0.7450340523678697,0.3383414123156027,-0.5533348012148994,-0.3700613658576483,0.630257924633604,0.3123443814746553,1.6755229448455879e-15,17.62170968597708,3
0.95,5,144,1,1,1003,broad_xyz,22.359644512058754,False,0.4587230858497601,0.6664788048857039,0.7683636637965999,0.22704119766318612,-0.6891815468639302,-0.3485108244960076,0.6978041305553545,0.33364531513909135,1.6755229448455879e-15,17.62170968597708,3
1.0,5,144,1,1,1003,broad_xyz,22.359644512058754,False,0.3261675211771315,0.5924863847863239,0.740412080604204,0.0775022883298906,-0.7431495172605953,-0.34782446977617726,0.7910637803033479,0.3570615871166091,1.6755229448455879e-15,17.62170968597708,3
0.05,5,144,1,1,1004,broad_xyz,22.359644512058754,False,-0.2609982808531119,0.09450578805668708,-0.4597568394288687,-0.48582077171848487,-0.5132503479081335,-0.20539859369262045,0.0033405620850790766,0.0004133865020476141,1.6755229448455879e-15,17.62170968597708,4
0.075,5,144,1,1,1004,broad_xyz,22.359644512058754,False,-0.2511165702115439,0.07987381999803525,-0.4733842552834834,-0.5046367706668032,-0.5248077843326865,-0.1121957588286022,0.0080687611843224,0.0011004635900119194,1.6755229448455879e-15,17.62170968597708,4
0.1,5,144,1,1,1004,broad_xyz,22.359644512058754,False,-0.17503251265523104,0.13147603087806012,-0.4529293064780637,-0.4956429034796266,-0.5020975917795188,-0.0025521023193982363,0.016695809003829186,0.0027887678390939342,1.6755229448455879e-15,17.62170968597708,4
0.125,5,144,1,1,1004,broad_xyz,22.359644512058754,False,0.017355639863067627,0.2607176472945176,-0.3579385229114225,-0.42177596698899705,-0.3952723007373334,0.12731047434931178,0.03141351712270609,0.007362967501845498,1.6755229448455879e-15,17.62170968597708,4
0.15,5,144,1,1,1004,broad_xyz,22.359644512058754,False,0.30384364593251645,0.4233982071282331,-0.1735942963481406,-0.2637222203807508,-0.18256318928439483,0.2567115894611882,0.05835249445083412,0.019371471271534074,1.6755229448455879e-15,17.62170968597708,4
0.1625,5,144,1,1,1004,broad_xyz,22.359644512058754,False,0.46420827417128335,0.5105500659967465,-0.050474440412107933,-0.1552186741272111,-0.05148175188303858,0.3299933180014208,0.08058767397398998,0.030394828727415404,1.6755229448455879e-15,17.62170968597708,4
0.175,5,144,1,1,1004,broad_xyz,22.359644512058754,False,0.6027463976336316,0.5584673326464542,0.079765095259787,-0.03889970958335673,0.07387618173542101,0.3720747615815666,0.10954769111100093,0.04669494393508809,1.6755229448455879e-15,17.62170968597708,4
0.1875,5,144,1,1,1004,broad_xyz,22.359644512058754,False,0.7075548450733317,0.5775006147106625,0.21008645473902274,0.07787223210465381,0.16063290803900457,0.39397623163955675,0.14810796020394307,0.06800500279732763,1.6755229448455879e-15,17.62170968597708,4
0.2,5,144,1,1,1004,broad_xyz,22.359644512058754,False,0.7893005415534663,0.5780228435227079,0.36060187703649416,0.2128998770527864,0.18926935661362684,0.42913669656872006,0.19627355709852937,0.0943376986570517,1.6755229448455879e-15,17.62170968597708,4
0.2125,5,144,1,1,1004,broad_xyz,22.359644512058754,False,0.8341680491054302,0.5700214182323354,0.4951902542772158,0.33138965910374535,0.13458790876260684,0.45351678717676136,0.2508904360640454,0.12456738139218777,1.6755229448455879e-15,17.62170968597708,4
0.225,5,144,1,1,1004,broad_xyz,22.359644512058754,False,0.8471447339119678,0.5503222198058327,0.6117063435218157,0.42950976696481463,0.01202705379244686,0.4711501990034521,0.3079053259714447,0.15793046122193077,1.6755229448455879e-15,17.62170968597708,4
0.2375,5,144,1,1,1004,broad_xyz,22.359644512058754,False,0.8447598475506973,0.5390677641545281,0.6874024111061633,0.4807110698701635,-0.1430705893709461,0.47049698723162686,0.3659656139334334,0.192563385345582,1.6755229448455879e-15,17.62170968597708,4
0.25,5,144,1,1,1004,broad_xyz,22.359644512058754,False,0.8392018641930128,0.5402094839762475,0.7346429196940673,0.4953454770386386,-0.28892033366520486,0.461552518211798,0.4246648645741732,0.2271493921828211,1.6755229448455879e-15,17.62170968597708,4
0.27,5,144,1,1,1004,broad_xyz,22.359644512058754,False,0.8341657373042229,0.5689323723029863,0.771387350959162,0.45928460149878586,-0.4603310887497537,0.44373204437939695,0.5115060849572263,0.278843353316311,1.6755229448455879e-15,17.62170968597708,4
0.29,5,144,1,1,1004,broad_xyz,22.359644512058754,False,0.8333959135291247,0.6271535217342173,0.7730286941262349,0.35908878985969084,-0.5528955189932734,0.43119077406841744,0.5824119892599473,0.3210499950396002,1.6755229448455879e-15,17.62170968597708,4
0.31,5,144,1,1,1004,broad_xyz,22.359644512058754,False,0.8250419581573404,0.7057061643618002,0.7403857665520713,0.1972635781061205,-0.5768409444503491,0.4286728345438588,0.6348188733993688,0.3489237454287099,1.6755229448455879e-15,17.62170968597708,4
0.33,5,144,1,1,1004,broad_xyz,22.359644512058754,False,0.7916012391698659,0.7867361556251062,0.6680231891586926,-0.0153005626841495,-0.5405516919861006,0.4361014761901401,0.6689065466940927,0.3594559713706813,1.6755229448455879e-15,17.62170968597708,4
0.35,5,144,1,1,1004,broad_xyz,22.359644512058754,False,0.7194181299782559,0.845574474584227,0.5571243219115402,-0.24537734895304786,-0.4482437911780313,0.4489043356368621,0.702964683709778,0.3522946936198418,1.6755229448455879e-15,17.62170968597708,4
0.37,5,144,1,1,1004,broad_xyz,22.359644512058754,False,0.6106013163142289,0.8600929621914538,0.43462903452617807,-0.4396982193018195,-0.3656974504920643,0.45904084162077186,0.7201981468837083,0.33232566384568596,1.6755229448455879e-15,17.62170968597708,4
0.39,5,144,1,1,1004,broad_xyz,22.359644512058754,False,0.48667558457135546,0.822810434808765,0.348352538055914,-0.5512385947334679,-0.362440509194392,0.4641391431844383,0.7381592350076099,0.3142569811667766,1.6755229448455879e-15,17.62170968597708,4
0.41000000000000003,5,144,1,1,1004,broad_xyz,22.359644512058754,False,0.3707300121657465,0.7794028962746163,0.27758440814306923,-0.61410010884103,-0.39172661707464407,0.4745727784598367,0.7398087100848516,0.2978242785776394,1.6755229448455879e-15,17.62170968597708,4
0.43,5,144,1,1,1004,broad_xyz,22.359644512058754,False,0.27904414368734026,0.7443188834774028,0.2280995644017085,-0.6420816064718953,-0.42524284249358524,0.49802631677385645,0.7367946255708813,0.28763890985401663,1.6755229448455879e-15,17.62170968597708,4
0.45,5,144,1,1,1004,broad_xyz,22.359644512058754,False,0.22833836954942016,0.7257170057469312,0.20535015577870283,-0.6460031735114142,-0.4450308673034904,0.5282270540036081,0.7288283766351107,0.2868785869638799,1.6755229448455879e-15,17.62170968597708,4
0.5,5,144,1,1,1004,broad_xyz,22.359644512058754,False,0.3416438511668381,0.7529386643584262,0.31890219195185054,-0.5308290053079641,-0.4701678564339104,0.5035738673405112,0.7492263367711144,0.344285034588362,1.6755229448455879e-15,17.62170968597708,4
0.55,5,144,1,1,1004,broad_xyz,22.359644512058754,False,0.6173634073282954,0.6853073479158778,0.5856740829720275,-0.27888512373681573,-0.5809801044504498,0.1467884444536977,0.8181206818925113,0.4551943288973028,1.6755229448455879e-15,17.62170968597708,4
0.6,5,144,1,1,1004,broad_xyz,22.359644512058754,False,0.7950071786050066,0.6543945949585448,0.7265406582957655,-0.16354339389019956,-0.6266805880185944,-0.19880989281619876,0.7899585908460804,0.51424040631909,1.6755229448455879e-15,17.62170968597708,4
0.6499999999999999,5,144,1,1,1004,broad_xyz,22.359644512058754,False,0.864467332233688,0.7291295632634198,0.741196565372472,-0.134758614736686,-0.6613602236548114,-0.31465793682601073,0.8258936204468845,0.5031438839869978,1.6755229448455879e-15,17.62170968597708,4
0.7,5,144,1,1,1004,broad_xyz,22.359644512058754,False,0.8704693337710971,0.7494426628020986,0.7163112464934259,-0.10793232582649284,-0.6942467121787557,-0.37610926637396686,0.9068849764009284,0.45922486307259486,1.6755229448455879e-15,17.62170968597708,4
0.725,5,144,1,1,1004,broad_xyz,22.359644512058754,False,0.8542304482327608,0.7268357193343619,0.6950536640811957,-0.07117042572029172,-0.6945847490969336,-0.3831964830583648,0.9400880856044396,0.4354645257398601,1.6755229448455879e-15,17.62170968597708,4
0.75,5,144,1,1,1004,broad_xyz,22.359644512058754,False,0.8129742233124087,0.6921728449518034,0.6608962777194289,-0.030128228600664168,-0.6844242716517068,-0.37892146164994456,0.9615200035726273,0.4112019782257915,1.6755229448455879e-15,17.62170968597708,4
0.775,5,144,1,1,1004,broad_xyz,22.359644512058754,False,0.7359077106568908,0.6549678175186777,0.6183177885519905,0.004323135132085458,-0.6694639814170515,-0.372371926063481,0.967219892090386,0.3849130567118083,1.6755229448455879e-15,17.62170968597708,4
0.8,5,144,1,1,1004,broad_xyz,22.359644512058754,False,0.6322773121373867,0.6308015261169356,0.589950000138399,0.04402853357422102,-0.6603468898481676,-0.3718582930069908,0.961242082130854,0.35671124947973004,1.6755229448455879e-15,17.62170968597708,4
0.825,5,144,1,1,1004,broad_xyz,22.359644512058754,False,0.5183236322798496,0.6185838331257005,0.5814958447287898,0.08600992558053734,-0.6538762150474121,-0.37297055641431703,0.9461585598672542,0.3276861762177383,1.6755229448455879e-15,17.62170968597708,4
0.85,5,144,1,1,1004,broad_xyz,22.359644512058754,False,0.4185496733643699,0.6118674604486908,0.5869539580684164,0.12066132371356122,-0.6364114742881544,-0.3668162421279705,0.9361639001990296,0.30221527047585856,1.6755229448455879e-15,17.62170968597708,4
0.875,5,144,1,1,1004,broad_xyz,22.359644512058754,False,0.35949613831670274,0.6075063076295506,0.5966381310359292,0.14374507572716552,-0.6049660370715181,-0.35310667222752123,0.9248380026940735,0.2873722216365586,1.6755229448455879e-15,17.62170968597708,4
0.9,5,144,1,1,1004,broad_xyz,22.359644512058754,False,0.3490124305409677,0.6010202451474955,0.601572221157275,0.15719087086861067,-0.5794671962732918,-0.34314874524661637,0.9088798300143187,0.2876644357845459,1.6755229448455879e-15,17.62170968597708,4
0.95,5,144,1,1,1004,broad_xyz,22.359644512058754,False,0.43616011335955807,0.5890517699931359,0.6135650712450905,0.16786477973242617,-0.6680788586364592,-0.3447808717418662,0.8715051834444899,0.321755247574945,1.6755229448455879e-15,17.62170968597708,4
1.0,5,144,1,1,1004,broad_xyz,22.359644512058754,False,0.5065986884883439,0.5607618847599419,0.6305211595238492,0.11416925096077574,-0.7560923837959366,-0.37295960828497726,0.826364841731434,0.36420961836494525,1.6755229448455879e-15,17.62170968597708,4
0.05,5,144,1,1,1005,broad_xyz,22.359644512058754,False,0.17597928782970956,0.3913605791639943,-0.27972555548029804,-0.42543326794760644,-0.20514510859351376,-0.17314398654236393,0.010492507571445583,0.002178323761795883,1.6755229448455879e-15,17.62170968597708,5
0.075,5,144,1,1,1005,broad_xyz,22.359644512058754,False,0.20891961438923565,0.3916645181809493,-0.2694189785143925,-0.45284435861376604,-0.23697691815833644,-0.18026823433823633,0.025209166467482294,0.005491115612924825,1.6755229448455879e-15,17.62170968597708,5
0.1,5,144,1,1,1005,broad_xyz,22.359644512058754,False,0.2523455274359235,0.3988336902661441,-0.24631082860996992,-0.47035363751078185,-0.28071627903275304,-0.19301135026813288,0.04862356305256541,0.011093479585248376,1.6755229448455879e-15,17.62170968597708,5
0.125,5,144,1,1,1005,broad_xyz,22.359644512058754,False,0.30930550284699304,0.4219323456182912,-0.1972250152605006,-0.4679813247969284,-0.33521414473878614,-0.19689426675584037,0.08085067288162846,0.02026515886807874,1.6755229448455879e-15,17.62170968597708,5
0.15,5,144,1,1,1005,broad_xyz,22.359644512058754,False,0.4460797624307548,0.5460386743056467,0.0010814929717213105,-0.3381242326818482,-0.3397414481420135,-0.1259775894069592,0.12293387247910575,0.038367169502277004,1.6755229448455879e-15,17.62170968597708,5
0.1625,5,144,1,1,1005,broad_xyz,22.359644512058754,False,0.5309850935701845,0.6178881165842641,0.15031867237862945,-0.22358384147681654,-0.345655370865001,-0.04859405499687489,0.1470000960973853,0.05250102781493814,1.6755229448455879e-15,17.62170968597708,5
0.175,5,144,1,1,1005,broad_xyz,22.359644512058754,False,0.6036944386115861,0.6727552269883172,0.30276003077492347,-0.09919864769072642,-0.38271584243466245,0.04328087303139489,0.17249871907946215,0.07008035378750134,1.6755229448455879e-15,17.62170968597708,5
0.1875,5,144,1,1,1005,broad_xyz,22.359644512058754,False,0.6593136493478052,0.7079087231790112,0.4442740817081573,0.021871447654113287,-0.45449356391885654,0.13832394945993043,0.1989576393987281,0.09106122272595718,1.6755229448455879e-15,17.62170968597708,5
0.2,5,144,1,1,1005,broad_xyz,22.359644512058754,False,0.6970077476018679,0.7234571564247961,0.5678434997383459,0.13144698366642302,-0.5444647323271834,0.23074643359901856,0.22586083523863848,0.11529993350906725,1.6755229448455879e-15,17.62170968597708,5
0.2125,5,144,1,1,1005,broad_xyz,22.359644512058754,False,0.7198750587910985,0.7230023913511685,0.6696838295090595,0.2231482989204732,-0.6294504263692635,0.3123577563895478,0.25268198295903166,0.14197157294203677,1.6755229448455879e-15,17.62170968597708,5
0.225,5,144,1,1,1005,broad_xyz,22.359644512058754,False,0.736422214376842,0.7186207660016234,0.7483189294609405,0.2922370600455497,-0.6913601529916296,0.3752283081194749,0.2834646586067121,0.17003377256412242,1.6755229448455879e-15,17.62170968597708,5
0.2375,5,144,1,1,1005,broad_xyz,22.359644512058754,False,0.7511326276259132,0.7175288430429947,0.8087638237041804,0.34279468433034144,-0.7279845229706782,0.4209776977929047,0.31636172257554673,0.1982194169250459,1.6755229448455879e-15,17.62170968597708,5
0.25,5,144,1,1,1005,broad_xyz,22.359644512058754,False,0.7658395303192214,0.7226947254350339,0.8537391963997777,0.37631116617276006,-0.742738065725165,0.4494275528406755,0.3549291734994587,0.22549232829769617,1.6755229448455879e-15,17.62170968597708,5
0.27,5,144,1,1,1005,broad_xyz,22.359644512058754,False,0.7916862123042814,0.746961458787989,0.8988624195992947,0.3935176222541119,-0.7324391122130269,0.4594517250347315,0.40753422931985395,0.26473949618727666,1.6755229448455879e-15,17.62170968597708,5
0.29,5,144,1,1,1005,broad_xyz,22.359644512058754,False,0.8205694642168062,0.788614365162842,0.91361746608106,0.3398332644246698,-0.6814506455180929,0.4267498306548177,0.45892815744372506,0.2954755381074505,1.6755229448455879e-15,17.62170968597708,5
0.31,5,144,1,1,1005,broad_xyz,22.359644512058754,False,0.8464878226633578,0.836717707013852,0.8956740242291948,0.15962368600918056,-0.592611367809758,0.3552615976255895,0.5101401103341185,0.3152919212335236,1.6755229448455879e-15,17.62170968597708,5
0.33,5,144,1,1,1005,broad_xyz,22.359644512058754,False,0.8608406381770048,0.8747880127704161,0.8447159739618205,-0.11433494379391874,-0.49040953358675454,0.25838930545946515,0.5531548270306836,0.32360715018766567,1.6755229448455879e-15,17.62170968597708,5
0.35,5,144,1,1,1005,broad_xyz,22.359644512058754,False,0.8510844965790292,0.8903651614923854,0.7707898159677384,-0.36128668792276414,-0.39689743948278583,0.15674387056537414,0.5810435528296422,0.32285081333219456,1.6755229448455879e-15,17.62170968597708,5
0.37,5,144,1,1,1005,broad_xyz,22.359644512058754,False,0.8161535819567761,0.879847783542317,0.6931712435257935,-0.5357796775657445,-0.33834654146152643,0.07015939947960237,0.5864054848577586,0.31849266137316473,1.6755229448455879e-15,17.62170968597708,5
0.39,5,144,1,1,1005,broad_xyz,22.359644512058754,False,0.7656306019699084,0.8491228136188294,0.6489444904390336,-0.6303310656858988,-0.358636680500436,0.035173493126645916,0.6238643042972847,0.31687579248835673,1.6755229448455879e-15,17.62170968597708,5
0.41000000000000003,5,144,1,1,1005,broad_xyz,22.359644512058754,False,0.7193332102804431,0.8197951917569108,0.6397018305643821,-0.6742326758070091,-0.4179982590295938,0.03667370600540896,0.6700087063591442,0.3204175032268623,1.6755229448455879e-15,17.62170968597708,5
0.43,5,144,1,1,1005,broad_xyz,22.359644512058754,False,0.6796243472735757,0.7939032171646522,0.6596296399868152,-0.6876326645541191,-0.48602105319276684,0.06560749784218084,0.7266282040542983,0.33031807578549394,1.6755229448455879e-15,17.62170968597708,5
0.45,5,144,1,1,1005,broad_xyz,22.359644512058754,False,0.6412820629726046,0.7665796970446229,0.6979202027790586,-0.6838247484323426,-0.5538596373878708,0.11897823605619987,0.7800164099303546,0.3472570512410075,1.6755229448455879e-15,17.62170968597708,5
0.5,5,144,1,1,1005,broad_xyz,22.359644512058754,False,0.5317336787157771,0.6715084271761118,0.7743276361640286,-0.6513307984850542,-0.6601378822318826,0.25670574708210586,0.8516110117215843,0.41098479537651483,1.6755229448455879e-15,17.62170968597708,5
0.55,5,144,1,1,1005,broad_xyz,22.359644512058754,False,0.4571374846994037,0.5873019993013183,0.7950241597768986,-0.5339596465006996,-0.6831372117198792,0.2668130016364039,0.833044877360333,0.46996861566007525,1.6755229448455879e-15,17.62170968597708,5
0.6,5,144,1,1,1005,broad_xyz,22.359644512058754,False,0.4591941182459491,0.6212899574775708,0.8141879055173931,-0.2699197855591874,-0.6795037493848769,0.13861676084966795,0.833420963847008,0.48039899809289666,1.6755229448455879e-15,17.62170968597708,5
0.6499999999999999,5,144,1,1,1005,broad_xyz,22.359644512058754,False,0.5490745693569379,0.7267376703051168,0.818938270112018,0.042017274167130005,-0.7265242265862832,-0.07791672555911405,0.7501769844073907,0.45000194435713,1.6755229448455879e-15,17.62170968597708,5
0.7,5,144,1,1,1005,broad_xyz,22.359644512058754,False,0.6312940023308662,0.7772624855934782,0.8285486819476617,0.2776667933134076,-0.7912302083668407,-0.2332912401375446,0.7192031073384723,0.4112930386171888,1.6755229448455879e-15,17.62170968597708,5
0.725,5,144,1,1,1005,broad_xyz,22.359644512058754,False,0.6531457162632045,0.7708712919270062,0.8290576370064267,0.3428820227829314,-0.8038535981149894,-0.2663054565637575,0.735380969871617,0.39209728004127037,1.6755229448455879e-15,17.62170968597708,5
0.75,5,144,1,1,1005,broad_xyz,22.359644512058754,False,0.668503024817575,0.7503198117829721,0.8194546938059623,0.3671433034375387,-0.8044301499470099,-0.2798144722643194,0.7441448834120761,0.3719315023224212,1.6755229448455879e-15,17.62170968597708,5
0.775,5,144,1,1,1005,broad_xyz,22.359644512058754,False,0.6794055269179731,0.730670586081994,0.8035513702898557,0.3703603758125296,-0.7903597772064469,-0.2929638667614295,0.7544097602419799,0.3502179632357498,1.6755229448455879e-15,17.62170968597708,5
0.8,5,144,1,1,1005,broad_xyz,22.359644512058754,False,0.6877921392079789,0.7251445749726656,0.7937340536254343,0.3744180099183984,-0.7611662032681926,-0.30691442602261154,0.7569109198180677,0.32856804933472294,1.6755229448455879e-15,17.62170968597708,5
0.825,5,144,1,1,1005,broad_xyz,22.359644512058754,False,0.6976642979517357,0.7357031882504739,0.7947217890664731,0.3802316588345986,-0.7282377174568754,-0.3129542081612842,0.7507171850139887,0.31036399606714976,1.6755229448455879e-15,17.62170968597708,5
0.85,5,144,1,1,1005,broad_xyz,22.359644512058754,False,0.7025490106394788,0.7499265248447469,0.7962975878327642,0.36732945832841074,-0.6998680293402025,-0.305128238334553,0.7341564107607861,0.2998965763349087,1.6755229448455879e-15,17.62170968597708,5
0.875,5,144,1,1,1005,broad_xyz,22.359644512058754,False,0.6970049125552077,0.75860311997104,0.7923921652411785,0.3296106857106402,-0.6777820254545536,-0.2880344551396495,0.7059372115348679,0.2995345051349036,1.6755229448455879e-15,17.62170968597708,5
0.9,5,144,1,1,1005,broad_xyz,22.359644512058754,False,0.6819134426313838,0.7492465855194969,0.775777711965417,0.2628379579025868,-0.6632021263328998,-0.2627513224519848,0.66646947526385,0.30564112217460715,1.6755229448455879e-15,17.62170968597708,5
0.95,5,144,1,1,1005,broad_xyz,22.359644512058754,False,0.6704608920842557,0.6969563841134376,0.7236694780319571,0.11128216547982846,-0.7548292188929444,-0.2393603048449506,0.6868712647557226,0.3224901250943735,1.6755229448455879e-15,17.62170968597708,5
1.0,5,144,1,1,1005,broad_xyz,22.359644512058754,False,0.594192484368905,0.5998996083185261,0.6587223337930613,-0.010922632424157544,-0.7426802406078709,-0.255270852777567,0.7515271871260987,0.3315365864708901,1.6755229448455879e-15,17.62170968597708,5
0.05,5,144,1,1,1006,broad_xyz,22.359644512058754,False,0.24541567016573232,0.34394910043223775,-0.37582130317526624,-0.4447647733936517,-0.4211982858945082,0.42380258600013326,0.0025544928736214324,0.00031583289375589134,1.6755229448455879e-15,17.62170968597708,6
0.075,5,144,1,1,1006,broad_xyz,22.359644512058754,False,0.29815094456810004,0.4071302667310338,-0.37912418506355944,-0.4730889731724265,-0.4323293628333902,0.44695339684567514,0.006769124588331409,0.0010306086079722365,1.6755229448455879e-15,17.62170968597708,6
0.1,5,144,1,1,1006,broad_xyz,22.359644512058754,False,0.3545148867348967,0.48660464386572194,-0.36802330394673255,-0.4977120167658565,-0.41123962257783786,0.46238262598633567,0.01503370184159701,0.0030255431331965865,1.6755229448455879e-15,17.62170968597708,6
0.125,5,144,1,1,1006,broad_xyz,22.359644512058754,False,0.4165701714944375,0.5657014909843431,-0.3112244556434011,-0.49304323475772716,-0.3233749179914381,0.4231393118106268,0.03170828174374683,0.0083058529759402,1.6755229448455879e-15,17.62170968597708,6
0.15,5,144,1,1,1006,broad_xyz,22.359644512058754,False,0.5335549623535512,0.6561210103733643,-0.1695293023787114,-0.4279316316848914,-0.22684140482948004,0.30069010638489646,0.06182160725316699,0.021203895272978786,1.6755229448455879e-15,17.62170968597708,6
0.1625,5,144,1,1,1006,broad_xyz,22.359644512058754,False,0.6161489032447551,0.718085359260324,-0.04831241416205758,-0.356412817190162,-0.19332557456651087,0.20756338428088877,0.08161254191920253,0.032885761754899163,1.6755229448455879e-15,17.62170968597708,6
0.175,5,144,1,1,1006,broad_xyz,22.359644512058754,False,0.6937822243817152,0.7742550823258122,0.08172615877176619,-0.2765034252076954,-0.1878906979286835,0.11789654992283943,0.10585696399415291,0.04840432871291881,1.6755229448455879e-15,17.62170968597708,6
0.1875,5,144,1,1,1006,broad_xyz,22.359644512058754,False,0.7453696457504734,0.8033735748148937,0.20731272051499086,-0.19925629164447287,-0.19250497958160565,0.03438567031576642,0.13337090354751063,0.0681332278474211,1.6755229448455879e-15,17.62170968597708,6
0.2,5,144,1,1,1006,broad_xyz,22.359644512058754,False,0.7760943526310546,0.8043222084187764,0.3392085587802988,-0.1156650412418585,-0.2118541390912739,-0.05226859180580419,0.1645203615165766,0.0922296756945614,1.6755229448455879e-15,17.62170968597708,6
0.2125,5,144,1,1,1006,broad_xyz,22.359644512058754,False,0.8063610664728126,0.7993034789719493,0.46015530661571863,-0.04512844111823763,-0.25842782472278064,-0.12661732104993953,0.20607628734365818,0.11935318299909066,1.6755229448455879e-15,17.62170968597708,6
0.225,5,144,1,1,1006,broad_xyz,22.359644512058754,False,0.8382066792421203,0.7947140521103653,0.5595521560034121,-0.0033813639953432467,-0.3173597647893769,-0.17832463974088672,0.25505667424671674,0.14835609608264888,1.6755229448455879e-15,17.62170968597708,6
0.2375,5,144,1,1,1006,broad_xyz,22.359644512058754,False,0.8700662097787302,0.7930991107979096,0.6365740723402976,0.002086954030447509,-0.37494609751405766,-0.20607401029456573,0.3061146317816562,0.1782177948122268,1.6755229448455879e-15,17.62170968597708,6
0.25,5,144,1,1,1006,broad_xyz,22.359644512058754,False,0.8985019274674337,0.7945933418392835,0.6920836847063399,-0.03522869259471221,-0.4307815744693933,-0.21095794653682814,0.3620251408552015,0.2078513241798837,1.6755229448455879e-15,17.62170968597708,6
0.27,5,144,1,1,1006,broad_xyz,22.359644512058754,False,0.928989180828693,0.801557147084347,0.7421233832042061,-0.18320088680749128,-0.5119704375332277,-0.17881998379369454,0.4547846396738333,0.25192794212483666,1.6755229448455879e-15,17.62170968597708,6
0.29,5,144,1,1,1006,broad_xyz,22.359644512058754,False,0.9350393597170952,0.8106991684463689,0.7564846417016889,-0.3879199775715702,-0.5758291659628938,-0.11284240891699879,0.5419552652141784,0.28799066729451656,1.6755229448455879e-15,17.62170968597708,6
0.31,5,144,1,1,1006,broad_xyz,22.359644512058754,False,0.9197896764906986,0.819837743765407,0.7503438532274187,-0.5666314714019117,-0.6209247796137579,-0.03142007194090083,0.6213796456695583,0.3124931001124605,1.6755229448455879e-15,17.62170968597708,6
0.33,5,144,1,1,1006,broad_xyz,22.359644512058754,False,0.8937065212747359,0.8292994308580528,0.7369904560020519,-0.6880687685409685,-0.6459918016014454,0.05066014384688485,0.6811829958801544,0.323639071064934,1.6755229448455879e-15,17.62170968597708,6
0.35,5,144,1,1,1006,broad_xyz,22.359644512058754,False,0.8678106584402596,0.8406259203914019,0.7254921657225459,-0.7629457666509866,-0.6522288922613729,0.12428768502716465,0.7349609732000772,0.32198999941620926,1.6755229448455879e-15,17.62170968597708,6
0.37,5,144,1,1,1006,broad_xyz,22.359644512058754,False,0.8426193268737617,0.8423612808556076,0.7279786186090639,-0.7990221320859506,-0.658293868901563,0.17218149785722045,0.7664203202810204,0.3150327846698368,1.6755229448455879e-15,17.62170968597708,6
0.39,5,144,1,1,1006,broad_xyz,22.359644512058754,False,0.8222720999100915,0.8412064198987762,0.7392426039834794,-0.8075884260304784,-0.6546896259702769,0.2017911808995587,0.7772843861719052,0.3074837326273579,1.6755229448455879e-15,17.62170968597708,6
0.41000000000000003,5,144,1,1,1006,broad_xyz,22.359644512058754,False,0.8177268652993506,0.8500197683749025,0.7520718220896164,-0.8038152467177626,-0.6250126894726066,0.22248480070531398,0.7728814727803766,0.30151786577366374,1.6755229448455879e-15,17.62170968597708,6
0.43,5,144,1,1,1006,broad_xyz,22.359644512058754,False,0.8277947242550138,0.866347835359692,0.7658999679987281,-0.7944413236833059,-0.5749286107280729,0.22582867551718624,0.7613800388378238,0.30113819800753727,1.6755229448455879e-15,17.62170968597708,6
0.45,5,144,1,1,1006,broad_xyz,22.359644512058754,False,0.8399358693302172,0.8797543150336186,0.7758043966548015,-0.7855959993823582,-0.527022565532171,0.19869798471027672,0.7516838656142955,0.30938070356617886,1.6755229448455879e-15,17.62170968597708,6
0.5,5,144,1,1,1006,broad_xyz,22.359644512058754,False,0.8019413712318695,0.8485515995953792,0.7666166502120587,-0.7749783345299046,-0.5330118642506307,0.04974330728470849,0.7671097655852454,0.36927690418467896,1.6755229448455879e-15,17.62170968597708,6
0.55,5,144,1,1,1006,broad_xyz,22.359644512058754,False,0.7281188583994896,0.8005603391913102,0.8053558711436861,-0.710411736821392,-0.6668533472133242,-0.1296527599746968,0.8436811978630654,0.4613478857473506,1.6755229448455879e-15,17.62170968597708,6
0.6,5,144,1,1,1006,broad_xyz,22.359644512058754,False,0.7147594608897788,0.8246341748275278,0.8773391775537971,-0.6209040506972476,-0.7548338186069298,-0.19147670125734878,0.9294877102117511,0.5056870171429606,1.6755229448455879e-15,17.62170968597708,6
0.6499999999999999,5,144,1,1,1006,broad_xyz,22.359644512058754,False,0.7280556744232668,0.8462379996876424,0.8968887499753473,-0.49088859544228686,-0.802020301383377,-0.22716654485277749,0.9116669404118285,0.4924394190932902,1.6755229448455879e-15,17.62170968597708,6
0.7,5,144,1,1,1006,broad_xyz,22.359644512058754,False,0.7427802221306588,0.8622624269563225,0.9017537448601941,-0.161443648317608,-0.8456131318602439,-0.29578363017749815,0.866667701639056,0.46352182434754813,1.6755229448455879e-15,17.62170968597708,6
0.725,5,144,1,1,1006,broad_xyz,22.359644512058754,False,0.7560163601895277,0.873808818211248,0.9064865821129766,0.10612273834121662,-0.8638499477227757,-0.3353146564293011,0.8540309813389294,0.45381691110324485,1.6755229448455879e-15,17.62170968597708,6
0.75,5,144,1,1,1006,broad_xyz,22.359644512058754,False,0.7680386471782228,0.8863510753229323,0.9106252059099049,0.36363151141452726,-0.874568771386512,-0.3664708248436627,0.848026237642554,0.44698277095345573,1.6755229448455879e-15,17.62170968597708,6
0.775,5,144,1,1,1006,broad_xyz,22.359644512058754,False,0.7636824539002581,0.8984389460655402,0.913245466561269,0.5372877569145703,-0.8688902722415314,-0.38121546058825834,0.8318370029432733,0.43938867609140264,1.6755229448455879e-15,17.62170968597708,6
0.8,5,144,1,1,1006,broad_xyz,22.359644512058754,False,0.747328364258902,0.9087590851870743,0.9146640224766731,0.6211314790462665,-0.8416297577494404,-0.37707874809322445,0.7897351685182961,0.4274584110524575,1.6755229448455879e-15,17.62170968597708,6
0.825,5,144,1,1,1006,broad_xyz,22.359644512058754,False,0.7535302159519687,0.9167253579483,0.9156294536966373,0.6492600541733998,-0.7945803557385834,-0.3606779222856198,0.7551021699284655,0.4103147407396209,1.6755229448455879e-15,17.62170968597708,6
0.85,5,144,1,1,1006,broad_xyz,22.359644512058754,False,0.7806914989345479,0.9206863251577807,0.9146591607095002,0.6536569492564333,-0.7391651308294447,-0.34757625416586774,0.7311668179194222,0.3908294027949487,1.6755229448455879e-15,17.62170968597708,6
0.875,5,144,1,1,1006,broad_xyz,22.359644512058754,False,0.7951936266198322,0.9139741278358193,0.9061016413035975,0.6437864755921973,-0.6793651345923302,-0.3514263505830022,0.7339146660025573,0.37367517866717004,1.6755229448455879e-15,17.62170968597708,6
0.9,5,144,1,1,1006,broad_xyz,22.359644512058754,False,0.7661396775731986,0.8856681195521424,0.8845761991378607,0.6095117485026639,-0.6193955216240313,-0.3683239493923568,0.7399392001551048,0.3615609580475886,1.6755229448455879e-15,17.62170968597708,6
0.95,5,144,1,1,1006,broad_xyz,22.359644512058754,False,0.6072863097176652,0.7662813570038983,0.8093627224594868,0.43813155237128243,-0.6365584221413919,-0.402557016287244,0.6956751052202425,0.3542027066805735,1.6755229448455879e-15,17.62170968597708,6
1.0,5,144,1,1,1006,broad_xyz,22.359644512058754,False,0.5070567330263431,0.6772229556291276,0.7516978475907329,0.20630185445205357,-0.6913184056098791,-0.41695270619709157,0.6584596967215683,0.36561569910101155,1.6755229448455879e-15,17.62170968597708,6
0.05,5,144,1,1,1007,broad_xyz,22.359644512058754,False,0.01827690813886244,0.2247921777030296,-0.3406120075426811,-0.38920858363100536,-0.3656520404620674,0.6034220706003522,0.005544766777475172,0.001247039691392283,1.6755229448455879e-15,17.62170968597708,7
0.075,5,144,1,1,1007,broad_xyz,22.359644512058754,False,0.08040773289232245,0.23622618308993434,-0.31729676220986225,-0.38233620378540206,-0.3603177220755297,0.6276256864718845,0.01362130875568766,0.00310913373359877,1.6755229448455879e-15,17.62170968597708,7
0.1,5,144,1,1,1007,broad_xyz,22.359644512058754,False,0.12916263459050023,0.25310824512328717,-0.297414383710915,-0.379328628489698,-0.36284998156891113,0.637418977407841,0.027305717167552174,0.0062691906400954706,1.6755229448455879e-15,17.62170968597708,7
0.125,5,144,1,1,1007,broad_xyz,22.359644512058754,False,0.17923638459227115,0.29238174076449225,-0.2781263133995342,-0.3794463077427327,-0.3792776832563173,0.6455579726574653,0.047560051118217234,0.01150221117805902,1.6755229448455879e-15,17.62170968597708,7
0.15,5,144,1,1,1007,broad_xyz,22.359644512058754,False,0.2293120074142167,0.35848572500487247,-0.2530891936860478,-0.3738785355914329,-0.4053031790474262,0.6387920262804695,0.07506793741020414,0.02002434415425739,1.6755229448455879e-15,17.62170968597708,7
0.1625,5,144,1,1,1007,broad_xyz,22.359644512058754,False,0.27516004593497984,0.4187168724663038,-0.22663071393610834,-0.35851506258064786,-0.4176808913853454,0.6268583883486545,0.09159261148239116,0.026397150350458906,1.6755229448455879e-15,17.62170968597708,7
0.175,5,144,1,1,1007,broad_xyz,22.359644512058754,False,0.34037832639830207,0.49468330066362265,-0.18969139114307945,-0.33128852838425593,-0.43361561353585554,0.5998511727393125,0.10991241619053109,0.034863101479237546,1.6755229448455879e-15,17.62170968597708,7
0.1875,5,144,1,1,1007,broad_xyz,22.359644512058754,False,0.44641180632175637,0.5943916653873214,-0.1176381126689417,-0.2686472909348726,-0.44654717186361276,0.5470147178879825,0.1299411145563078,0.04676186144616499,1.6755229448455879e-15,17.62170968597708,7
0.2,5,144,1,1,1007,broad_xyz,22.359644512058754,False,0.5804534302141328,0.684423421956365,0.01368972456167524,-0.1430907082007391,-0.46158897552328904,0.4480258111304289,0.15155841866086822,0.06335033042264576,1.6755229448455879e-15,17.62170968597708,7
0.2125,5,144,1,1,1007,broad_xyz,22.359644512058754,False,0.6792650601407623,0.6941341075319768,0.2511758056443888,0.09657011337695366,-0.4881365970675834,0.27940075029644845,0.17461443964081144,0.0863769073671852,1.6755229448455879e-15,17.62170968597708,7
0.225,5,144,1,1,1007,broad_xyz,22.359644512058754,False,0.6573983600825151,0.5690892607517996,0.5540104187550356,0.41444774208684626,-0.5697366129075381,0.04891295441911225,0.2005156248651572,0.1150972773435539,1.6755229448455879e-15,17.62170968597708,7
0.2375,5,144,1,1,1007,broad_xyz,22.359644512058754,False,0.5680671066911614,0.42125194460521137,0.7347886756735132,0.6087045707994848,-0.691072713930356,-0.13756065474189752,0.2440915473679928,0.14558182293219787,1.6755229448455879e-15,17.62170968597708,7
0.25,5,144,1,1,1007,broad_xyz,22.359644512058754,False,0.47900703683893703,0.31151450983333356,0.8159091356780135,0.6889307246536615,-0.780889699811501,-0.25391443063627045,0.29593506758808746,0.17675214020942648,1.6755229448455879e-15,17.62170968597708,7
0.27,5,144,1,1,1007,broad_xyz,22.359644512058754,False,0.3942254637158181,0.22941322016197407,0.853765271109294,0.6930988025141644,-0.8468407618835851,-0.3427937263324399,0.3707551805768624,0.225065494420856,1.6755229448455879e-15,17.62170968597708,7
0.29,5,144,1,1,1007,broad_xyz,22.359644512058754,False,0.3855295069169331,0.23622934957816163,0.8524074462552231,0.6323155614224025,-0.8419633402087213,-0.3652958051499076,0.4372640939050697,0.26713207187499755,1.6755229448455879e-15,17.62170968597708,7
0.31,5,144,1,1,1007,broad_xyz,22.359644512058754,False,0.4544487578731696,0.3209072251500466,0.832614696562507,0.5430867291558235,-0.7696841389544462,-0.33874220035820396,0.49353619308751484,0.2986188847168296,1.6755229448455879e-15,17.62170968597708,7
0.33,5,144,1,1,1007,broad_xyz,22.359644512058754,False,0.5975803764240885,0.4854808491971929,0.778445517531922,0.3927781357426919,-0.6005779143843437,-0.2483558852204975,0.520856768459715,0.31663612809469543,1.6755229448455879e-15,17.62170968597708,7
0.35,5,144,1,1,1007,broad_xyz,22.359644512058754,False,0.7509200716214278,0.6915941271254222,0.6443471107306188,0.09384336951834112,-0.3056444418413133,-0.07591691661798516,0.5179626927748073,0.32044784703052137,1.6755229448455879e-15,17.62170968597708,7
0.37,5,144,1,1,1007,broad_xyz,22.359644512058754,False,0.798654028746573,0.824969918288007,0.440785261144208,-0.2905583196037392,0.014844141085770103,0.12305618165919298,0.5521332850004235,0.31243198577952275,1.6755229448455879e-15,17.62170968597708,7
0.39,5,144,1,1,1007,broad_xyz,22.359644512058754,False,0.7526511519954969,0.8403662632757105,0.38637888846889534,-0.46076777991717166,0.08945318523338348,0.2063522231008978,0.610987494661984,0.31128837996001857,1.6755229448455879e-15,17.62170968597708,7
0.41000000000000003,5,144,1,1,1007,broad_xyz,22.359644512058754,False,0.6844755522548214,0.8196211498437942,0.3460924009786281,-0.5622886948702515,0.07028861827783052,0.24033647650149698,0.6630928801347762,0.3113146123784791,1.6755229448455879e-15,17.62170968597708,7
0.43,5,144,1,1,1007,broad_xyz,22.359644512058754,False,0.6464499448840233,0.8011115984538971,0.3327680015614045,-0.6119084277235365,-0.001585457402918045,0.22523090446306157,0.7171039608655787,0.3174021314726312,1.6755229448455879e-15,17.62170968597708,7
0.45,5,144,1,1,1007,broad_xyz,22.359644512058754,False,0.648058545010516,0.7985388897140943,0.33786251878820645,-0.6378156300457154,-0.07588517375784919,0.17531890236673284,0.7543794945728485,0.33030288753500736,1.6755229448455879e-15,17.62170968597708,7
0.5,5,144,1,1,1007,broad_xyz,22.359644512058754,False,0.7447164587831367,0.8284608070664436,0.36912684810605645,-0.661653205178352,-0.17458261971436695,-0.01706751856284728,0.7550310975167212,0.3801636369989038,1.6755229448455879e-15,17.62170968597708,7
0.55,5,144,1,1,1007,broad_xyz,22.359644512058754,False,0.7527947418979899,0.7267096671674808,0.4663252179759868,-0.5167587642552562,-0.5337368655092565,-0.30730289384006715,0.7680615066226653,0.447985550372638,1.6755229448455879e-15,17.62170968597708,7
0.6,5,144,1,1,1007,broad_xyz,22.359644512058754,False,0.6046216067359111,0.45656104539359194,0.452892691590868,-0.47165009078302794,-0.8087629051939932,-0.4436231974905763,0.8233200862340988,0.47547921340079013,1.6755229448455879e-15,17.62170968597708,7
0.6499999999999999,5,144,1,1,1007,broad_xyz,22.359644512058754,False,0.6058385559268518,0.4801276847509073,0.3980046076191286,-0.5046802364778842,-0.8229263969596603,-0.36017656431162554,0.8284624955317068,0.4415555253345945,1.6755229448455879e-15,17.62170968597708,7
0.7,5,144,1,1,1007,broad_xyz,22.359644512058754,False,0.6696859605854673,0.6386908625203103,0.4584922018965036,-0.49962802098937087,-0.8334171796327399,-0.24326434878499145,0.7961233446928464,0.3868387741636387,1.6755229448455879e-15,17.62170968597708,7
0.725,5,144,1,1,1007,broad_xyz,22.359644512058754,False,0.7079196960331656,0.700786867674982,0.5400036214708692,-0.43774203791787003,-0.8375531376869371,-0.21788513861347888,0.7720498017338766,0.362705913455584,1.6755229448455879e-15,17.62170968597708,7
0.75,5,144,1,1,1007,broad_xyz,22.359644512058754,False,0.746066285504071,0.7432869900934576,0.6223567271238135,-0.31132118850147894,-0.8376383863868122,-0.2125704976057378,0.7355470737340312,0.34125404233697754,1.6755229448455879e-15,17.62170968597708,7
0.775,5,144,1,1,1007,broad_xyz,22.359644512058754,False,0.7690657210027404,0.7711053978063558,0.6806661877076441,-0.13008737475313467,-0.8201628615320208,-0.20495913324224044,0.6783095072603834,0.3188649439681369,1.6755229448455879e-15,17.62170968597708,7
0.8,5,144,1,1,1007,broad_xyz,22.359644512058754,False,0.7656837376842173,0.7842114929923718,0.7126378395202094,0.06165414371453788,-0.7751882241991063,-0.1941352368627007,0.6008952017027733,0.29727441758681716,1.6755229448455879e-15,17.62170968597708,7
0.825,5,144,1,1,1007,broad_xyz,22.359644512058754,False,0.7331639467767016,0.7792167331967833,0.7174309539783885,0.1906458960866898,-0.7011819735756671,-0.18130197840022505,0.5389131395425106,0.2786812588858429,1.6755229448455879e-15,17.62170968597708,7
0.85,5,144,1,1,1007,broad_xyz,22.359644512058754,False,0.694256391367981,0.7732918037581005,0.7185540870750242,0.2713336954685413,-0.5865286229672821,-0.17341815662305943,0.5615212058763538,0.2660354934568985,1.6755229448455879e-15,17.62170968597708,7
0.875,5,144,1,1,1007,broad_xyz,22.359644512058754,False,0.6722008427467117,0.7819458432037766,0.7370005933199301,0.3487420264318956,-0.47247171239183644,-0.1812294770643195,0.5865281277531669,0.2618347614839601,1.6755229448455879e-15,17.62170968597708,7
0.9,5,144,1,1,1007,broad_xyz,22.359644512058754,False,0.6609200593962388,0.792348880102991,0.755504637007537,0.41262362736879954,-0.4316878791963935,-0.21506673434616339,0.5996977440890817,0.2673753201674718,1.6755229448455879e-15,17.62170968597708,7
0.95,5,144,1,1,1007,broad_xyz,22.359644512058754,False,0.6294982790233108,0.7812177241998889,0.7410995410370111,0.3858053776495334,-0.5531179003520816,-0.3049729189757044,0.5979614780057453,0.2911192041282889,1.6755229448455879e-15,17.62170968597708,7
1.0,5,144,1,1,1007,broad_xyz,22.359644512058754,False,0.5687729264565836,0.7261943790824458,0.6489538321856777,0.0886221527280566,-0.6379836513340019,-0.30305536873449207,0.6280470281581323,0.30208630900365135,1.6755229448455879e-15,17.62170968597708,7
0.05,5,144,1,1,1008,broad_xyz,22.359644512058754,False,0.07418067760873819,0.575120140783225,-0.21732021646345442,-0.3749821370651167,-0.24911723196176194,0.6276487136929483,0.010577569571581725,0.003390263755625322,1.6755229448455879e-15,17.62170968597708,8
0.075,5,144,1,1,1008,broad_xyz,22.359644512058754,False,0.21876652164621374,0.6201478438632378,-0.13743501055196022,-0.349145880668012,-0.23769954739201762,0.5698116640624362,0.02576577866774532,0.008497952702982849,1.6755229448455879e-15,17.62170968597708,8
0.1,5,144,1,1,1008,broad_xyz,22.359644512058754,False,0.38676045796156705,0.6669485065878976,-0.053747030737842316,-0.32608545140699136,-0.24485272449003,0.4948673343665283,0.04983844264660085,0.017232408236902117,1.6755229448455879e-15,17.62170968597708,8
0.125,5,144,1,1,1008,broad_xyz,22.359644512058754,False,0.5818707090160722,0.7206157794361131,0.04672604389604161,-0.29773079648717726,-0.2702632268331827,0.39908244241957086,0.08428323504381997,0.031625418785946574,1.6755229448455879e-15,17.62170968597708,8
0.15,5,144,1,1,1008,broad_xyz,22.359644512058754,False,0.7571580675318695,0.76701580795701,0.14034028451315214,-0.2777401726332608,-0.35390964949427894,0.29255772659812335,0.1327924461206168,0.053678005356413316,1.6755229448455879e-15,17.62170968597708,8
0.1625,5,144,1,1,1008,broad_xyz,22.359644512058754,False,0.8286426871479031,0.787679481794231,0.20099763475322982,-0.2567378449831064,-0.41521545936398246,0.2222190443889415,0.16199287711539756,0.0688651567151287,1.6755229448455879e-15,17.62170968597708,8
0.175,5,144,1,1,1008,broad_xyz,22.359644512058754,False,0.8727427593878088,0.8010197803619911,0.2526099325615156,-0.24309590918256166,-0.4979254801190687,0.15265162362150708,0.19410287752440808,0.08689627435861934,1.6755229448455879e-15,17.62170968597708,8
0.1875,5,144,1,1,1008,broad_xyz,22.359644512058754,False,0.8893021348221751,0.8058743666221287,0.30423975433876055,-0.22780297049463835,-0.5831576145122983,0.0782850844901742,0.22877954715981844,0.10807612066765518,1.6755229448455879e-15,17.62170968597708,8
0.2,5,144,1,1,1008,broad_xyz,22.359644512058754,False,0.875936827336721,0.7885876401580912,0.38767974896828905,-0.1791136070581063,-0.6488503248828097,-0.02486499893822378,0.26557659916242615,0.1335998981268719,1.6755229448455879e-15,17.62170968597708,8
0.2125,5,144,1,1,1008,broad_xyz,22.359644512058754,False,0.8480256439054016,0.7635453982635104,0.4608459741164886,-0.14071299344335508,-0.7037392420751759,-0.1230323983434588,0.3039578258911161,0.16185555899108525,1.6755229448455879e-15,17.62170968597708,8
0.225,5,144,1,1,1008,broad_xyz,22.359644512058754,False,0.8187613515835316,0.7393110184243129,0.5123578428965406,-0.1273379178476217,-0.7460998989515227,-0.20197664472469376,0.3433139159847774,0.19192855379531915,1.6755229448455879e-15,17.62170968597708,8
0.2375,5,144,1,1,1008,broad_xyz,22.359644512058754,False,0.7981934662713157,0.7214386123589908,0.5448100678592558,-0.13752789831639747,-0.7707206204842874,-0.25843376378584576,0.3829812555313582,0.22308789607646032,1.6755229448455879e-15,17.62170968597708,8
0.25,5,144,1,1,1008,broad_xyz,22.359644512058754,False,0.794001815381024,0.7143799884763221,0.5626439144139063,-0.1661910317997242,-0.7768739052027199,-0.2903474979169225,0.4222613998744919,0.2545207792767353,1.6755229448455879e-15,17.62170968597708,8
0.27,5,144,1,1,1008,broad_xyz,22.359644512058754,False,0.8207284052243919,0.7301887970002481,0.5728839526401027,-0.2361822216047309,-0.7511540053192859,-0.28718721987049484,0.48252180198103367,0.30325638995905924,1.6755229448455879e-15,17.62170968597708,8
0.29,5,144,1,1,1008,broad_xyz,22.359644512058754,False,0.8757784818690344,0.7748633645512513,0.5757440355248307,-0.32553489343186487,-0.690504999915068,-0.21705379640133463,0.5370748293945378,0.3469801429898944,1.6755229448455879e-15,17.62170968597708,8
0.31,5,144,1,1,1008,broad_xyz,22.359644512058754,False,0.9294789257303653,0.8286386428488544,0.5802241710289147,-0.4384018318880703,-0.6100746586530041,-0.09226747253525944,0.5855280785215955,0.38248462893651425,1.6755229448455879e-15,17.62170968597708,8
0.33,5,144,1,1,1008,broad_xyz,22.359644512058754,False,0.9498696937939145,0.8666593297950148,0.5865521643279286,-0.5721650304630945,-0.5351412735806409,0.05287648623168774,0.6396931715240008,0.40744270011793154,1.6755229448455879e-15,17.62170968597708,8
0.35,5,144,1,1,1008,broad_xyz,22.359644512058754,False,0.9262980031334482,0.8791887446928823,0.591962443897838,-0.7000346977579203,-0.5127978066096566,0.17769879698867322,0.7021451286293744,0.4211065426954493,1.6755229448455879e-15,17.62170968597708,8
0.37,5,144,1,1,1008,broad_xyz,22.359644512058754,False,0.8701154250872473,0.8745428121340396,0.5957585136149308,-0.7959782124886469,-0.5538225938502344,0.258741618421193,0.7760180698139859,0.4247032607839795,1.6755229448455879e-15,17.62170968597708,8
0.39,5,144,1,1,1008,broad_xyz,22.359644512058754,False,0.7978325090385223,0.8580720090031881,0.6290834063481605,-0.8323404911534205,-0.6513555367598931,0.2716571320239467,0.8400608271450412,0.4272261624352477,1.6755229448455879e-15,17.62170968597708,8
0.41000000000000003,5,144,1,1,1008,broad_xyz,22.359644512058754,False,0.7168553301111397,0.8417473581722275,0.6623659675222444,-0.8419827135953164,-0.733864067745338,0.25534638213219557,0.8907352586698907,0.4280705035529218,1.6755229448455879e-15,17.62170968597708,8
0.43,5,144,1,1,1008,broad_xyz,22.359644512058754,False,0.6382833342935794,0.8317836632731687,0.683479163906358,-0.8456307704053599,-0.7740432196425492,0.23031657828033306,0.9256403343804365,0.4265306437833312,1.6755229448455879e-15,17.62170968597708,8
0.45,5,144,1,1,1008,broad_xyz,22.359644512058754,False,0.5862661220255291,0.8294880025099746,0.6954614161637132,-0.8502481557491361,-0.7774082050296266,0.2004337481802775,0.9547896803932372,0.42540607956404597,1.6755229448455879e-15,17.62170968597708,8
0.5,5,144,1,1,1008,broad_xyz,22.359644512058754,False,0.6058000580990779,0.8465448228017604,0.7012731205449817,-0.8525536473430408,-0.6250225524697903,0.042339197787944885,0.963316142386198,0.4397348508107081,1.6755229448455879e-15,17.62170968597708,8
0.55,5,144,1,1,1008,broad_xyz,22.359644512058754,False,0.6900758277032399,0.8090032855605271,0.7461924286391038,-0.6919480613146035,-0.5302282561215229,-0.35379712650820255,0.8944167622729136,0.5006780741935477,1.6755229448455879e-15,17.62170968597708,8
0.6,5,144,1,1,1008,broad_xyz,22.359644512058754,False,0.7039977268776194,0.7516577880587849,0.7728602134461167,-0.5615622693548654,-0.6165864536698774,-0.5763374915465855,0.8395478802155723,0.5522933640658022,1.6755229448455879e-15,17.62170968597708,8
0.6499999999999999,5,144,1,1,1008,broad_xyz,22.359644512058754,False,0.6711925019909812,0.7578866251565753,0.8169234804054126,-0.528374367581102,-0.7463821664316368,-0.5871199074284966,0.9300028540678702,0.5615181089181198,1.6755229448455879e-15,17.62170968597708,8
0.7,5,144,1,1,1008,broad_xyz,22.359644512058754,False,0.69955073818156,0.7967603696170824,0.849296088084979,-0.364966624531787,-0.8220052577326894,-0.5635961615460929,0.9109792738742963,0.5294181287256909,1.6755229448455879e-15,17.62170968597708,8
0.725,5,144,1,1,1008,broad_xyz,22.359644512058754,False,0.7411317557411757,0.818110080501731,0.8569342168107452,-0.1809851817624648,-0.8447225888079741,-0.5542351423421691,0.8848929426941898,0.5061973633388804,1.6755229448455879e-15,17.62170968597708,8
0.75,5,144,1,1,1008,broad_xyz,22.359644512058754,False,0.779916910641097,0.8370868537482856,0.8590819299182219,0.03385960939262395,-0.8591949155589653,-0.5453831419051218,0.907654366402654,0.4833773731225947,1.6755229448455879e-15,17.62170968597708,8
0.775,5,144,1,1,1008,broad_xyz,22.359644512058754,False,0.7994153357103653,0.8485575005327594,0.8539747728449664,0.19660717686450713,-0.8665374567419204,-0.5331444482192703,0.9247283832096087,0.46327384439575403,1.6755229448455879e-15,17.62170968597708,8
0.8,5,144,1,1,1008,broad_xyz,22.359644512058754,False,0.7936214289489819,0.8458279601328438,0.8385869667308077,0.27181890701834177,-0.8638984487695762,-0.5162957293723068,0.9358134002630312,0.4464209033881203,1.6755229448455879e-15,17.62170968597708,8
0.825,5,144,1,1,1008,broad_xyz,22.359644512058754,False,0.7638362025346351,0.824576707626019,0.8118818714334506,0.27848657422740475,-0.843093715456732,-0.49561120287956223,0.9614734873514381,0.4318813897486586,1.6755229448455879e-15,17.62170968597708,8
0.85,5,144,1,1,1008,broad_xyz,22.359644512058754,False,0.7202897273520633,0.7876951245802917,0.7785319243273748,0.24711124895729597,-0.8056791376055025,-0.4733004473229621,0.9953933434286546,0.41816702880962997,1.6755229448455879e-15,17.62170968597708,8
0.875,5,144,1,1,1008,broad_xyz,22.359644512058754,False,0.6788231849790155,0.746226006575493,0.7498983896688753,0.2089228528591985,-0.7641618333083082,-0.45049821884701713,1.0243085776989367,0.4053512464318434,1.6755229448455879e-15,17.62170968597708,8
0.9,5,144,1,1,1008,broad_xyz,22.359644512058754,False,0.6395266281114964,0.7082918729618789,0.7308989495110169,0.17850818256494183,-0.7311902099532405,-0.4331276811678137,1.0451142757536878,0.3953223265123713,1.6755229448455879e-15,17.62170968597708,8
0.95,5,144,1,1,1008,broad_xyz,22.359644512058754,False,0.5120413506851795,0.634679499105379,0.7036424090537808,0.12293108339926138,-0.7606630785576106,-0.4218485031073121,1.0486665964282278,0.3928888161659864,1.6755229448455879e-15,17.62170968597708,8
1.0,5,144,1,1,1008,broad_xyz,22.359644512058754,False,0.42304154018847395,0.5689597209341517,0.7153119458340186,0.10345050013426377,-0.7373511074483101,-0.4363838297369627,0.9880284479457957,0.4181996074981874,1.6755229448455879e-15,17.62170968597708,8
0.05,5,144,1,1,1009,broad_xyz,22.359644512058754,False,0.5261041547139805,0.4628813790340602,0.13257397424246783,0.025374540079659176,0.0803351008857376,0.28889545051477866,0.005850131685705567,0.0007356477576710586,1.6755229448455879e-15,17.62170968597708,9
0.075,5,144,1,1,1009,broad_xyz,22.359644512058754,False,0.34756210674547816,0.4483270392991305,0.03820133424830766,-0.07388597649275368,-0.015697926239796087,0.36466334738888434,0.01396323847322654,0.001683092257295503,1.6755229448455879e-15,17.62170968597708,9
0.1,5,144,1,1,1009,broad_xyz,22.359644512058754,False,0.19659857907627812,0.4399760935345185,-0.04613124537058104,-0.15842859293971653,-0.09933901874979126,0.4224868468438758,0.02615919959015036,0.0031316686804897147,1.6755229448455879e-15,17.62170968597708,9
0.125,5,144,1,1,1009,broad_xyz,22.359644512058754,False,0.11797688620110665,0.44789819002250736,-0.09554114583593416,-0.20927148832865866,-0.1388364404210609,0.44669080316238113,0.04160409433119659,0.005286024527718206,1.6755229448455879e-15,17.62170968597708,9
0.15,5,144,1,1,1009,broad_xyz,22.359644512058754,False,0.1166271856899406,0.478303532682092,-0.10337302236380429,-0.22303571255872842,-0.13944756361083663,0.428157108700846,0.05950055051452578,0.008575156206688583,1.6755229448455879e-15,17.62170968597708,9
0.1625,5,144,1,1,1009,broad_xyz,22.359644512058754,False,0.14565300526995859,0.5033131701405903,-0.0918737930317168,-0.21634351098343554,-0.12750345860357798,0.3990798139743963,0.06922326411661049,0.010884747353219464,1.6755229448455879e-15,17.62170968597708,9
0.175,5,144,1,1,1009,broad_xyz,22.359644512058754,False,0.19033504459510767,0.5303945299579069,-0.06929762543479494,-0.20007660251148754,-0.10058437363265631,0.36128249861706657,0.07947176547983356,0.01391047783988908,1.6755229448455879e-15,17.62170968597708,9
0.1875,5,144,1,1,1009,broad_xyz,22.359644512058754,False,0.2457732146459165,0.5563327919688639,-0.03388698155301245,-0.17189140440264844,-0.055530623601348875,0.30883832222367663,0.09030881936489447,0.017786099041054892,1.6755229448455879e-15,17.62170968597708,9
0.2,5,144,1,1,1009,broad_xyz,22.359644512058754,False,0.28685299935516934,0.5638029907539388,0.02425100747583757,-0.12346186261768007,0.01961710621554982,0.23746286704743075,0.10183069764045018,0.02297143126163228,1.6755229448455879e-15,17.62170968597708,9
0.2125,5,144,1,1,1009,broad_xyz,22.359644512058754,False,0.30789819038858807,0.5520908437815252,0.10625246933106107,-0.0542646382683023,0.11766797230447283,0.14689247425976557,0.1141541414478975,0.0299136475213368,1.6755229448455879e-15,17.62170968597708,9
0.225,5,144,1,1,1009,broad_xyz,22.359644512058754,False,0.31931083457550313,0.5404608667738048,0.19257885786493117,0.01977080335509234,0.22567398111674697,0.0402702213487914,0.13807783393919537,0.038588679886976625,1.6755229448455879e-15,17.62170968597708,9
0.2375,5,144,1,1,1009,broad_xyz,22.359644512058754,False,0.30256238721963924,0.5227176249732067,0.2707579123296893,0.08633320108998327,0.32512406407231703,-0.06510264612733796,0.17175066648138887,0.04882607872027922,1.6755229448455879e-15,17.62170968597708,9
0.25,5,144,1,1,1009,broad_xyz,22.359644512058754,False,0.2682157746043171,0.5042455920018747,0.3427593023295117,0.1459312120212771,0.4076274651073909,-0.16453352774733299,0.21057057541733576,0.060677849437232395,1.6755229448455879e-15,17.62170968597708,9
0.27,5,144,1,1,1009,broad_xyz,22.359644512058754,False,0.20558558725397155,0.4756561365417129,0.4723176889619164,0.2511449707616125,0.47921825167205967,-0.32422658861781,0.2826557771314235,0.08356722522592593,1.6755229448455879e-15,17.62170968597708,9
0.29,5,144,1,1,1009,broad_xyz,22.359644512058754,False,0.1491049671972159,0.45139122830295697,0.5738778783264767,0.3150733627357832,0.3769421644380268,-0.44037637992183953,0.36447648401066113,0.10945059081603431,1.6755229448455879e-15,17.62170968597708,9
0.31,5,144,1,1,1009,broad_xyz,22.359644512058754,False,0.1350244516910722,0.45509298635068346,0.6165589315701241,0.29169244414192413,0.0968560893891066,-0.48631572574792814,0.4510791703264214,0.13525561278747583,1.6755229448455879e-15,17.62170968597708,9
0.33,5,144,1,1,1009,broad_xyz,22.359644512058754,False,0.16277344574919403,0.48418028898396565,0.6113152201743258,0.18494895368496467,-0.20035148625614752,-0.48266414777886774,0.5352739349654618,0.15878666935449656,1.6755229448455879e-15,17.62170968597708,9
0.35,5,144,1,1,1009,broad_xyz,22.359644512058754,False,0.22615552962464827,0.5301398868437703,0.5738917740408418,0.02233458462465423,-0.4126472485060574,-0.448364273006561,0.6079375549535584,0.1781133719694447,1.6755229448455879e-15,17.62170968597708,9
0.37,5,144,1,1,1009,broad_xyz,22.359644512058754,False,0.3056526561195605,0.5627897551938079,0.5437536276329006,-0.12191306177754331,-0.5556089856857864,-0.41779467388938885,0.6673677052730497,0.1945856433374724,1.6755229448455879e-15,17.62170968597708,9
0.39,5,144,1,1,1009,broad_xyz,22.359644512058754,False,0.4126430989077631,0.5847551717294832,0.5278200638431115,-0.22054328189858435,-0.640643570231983,-0.39671625285014356,0.7055921736855332,0.2073327512086062,1.6755229448455879e-15,17.62170968597708,9
0.41000000000000003,5,144,1,1,1009,broad_xyz,22.359644512058754,False,0.5508961574676902,0.6064825760616418,0.5192033089370186,-0.27993683897875,-0.6722268567195681,-0.39030396714371624,0.7099807147987753,0.21489655909481345,1.6755229448455879e-15,17.62170968597708,9
0.43,5,144,1,1,1009,broad_xyz,22.359644512058754,False,0.6678945599488871,0.6249232823834018,0.5183182528318849,-0.30798847651519756,-0.6600845217637393,-0.3776739851072935,0.6770729399661918,0.21772385251132986,1.6755229448455879e-15,17.62170968597708,9
0.45,5,144,1,1,1009,broad_xyz,22.359644512058754,False,0.6724396688683816,0.6339521707021337,0.519946585902591,-0.3192099526487141,-0.6250754338954817,-0.33417634248065226,0.6646491046403449,0.217374890952085,1.6755229448455879e-15,17.62170968597708,9
0.5,5,144,1,1,1009,broad_xyz,22.359644512058754,False,0.3309664265485365,0.59687656917767,0.48994836785542856,-0.34587607517493657,-0.5165218746804687,-0.14528645199511167,0.7647189726972583,0.21698312016869264,1.6755229448455879e-15,17.62170968597708,9
0.55,5,144,1,1,1009,broad_xyz,22.359644512058754,False,0.2399747563216007,0.5608227979857505,0.4936784382355982,-0.3376060102558109,-0.42958200110658723,-0.09804540949972054,0.7703714254351008,0.24226669492985872,1.6755229448455879e-15,17.62170968597708,9
0.6,5,144,1,1,1009,broad_xyz,22.359644512058754,False,0.4332855235199939,0.5308123816013685,0.6481317091666335,-0.19125732534327844,-0.4591797012134072,-0.23478130613201603,0.8214701209387472,0.3001288964726887,1.6755229448455879e-15,17.62170968597708,9
0.6499999999999999,5,144,1,1,1009,broad_xyz,22.359644512058754,False,0.6218984767355874,0.5216941782066691,0.7328999422708111,-0.14143545378147418,-0.6431676098122058,-0.3747025710422752,0.8424611961697228,0.3455801506736832,1.6755229448455879e-15,17.62170968597708,9
0.7,5,144,1,1,1009,broad_xyz,22.359644512058754,False,0.45208715097851604,0.5434564303349756,0.7044049183370502,-0.12454071962993797,-0.6940341335017594,-0.4290707956711772,0.8167499925495665,0.35071203869878775,1.6755229448455879e-15,17.62170968597708,9
0.725,5,144,1,1,1009,broad_xyz,22.359644512058754,False,0.34425858969586176,0.5597271403885353,0.7051169417363429,-0.036030560052481786,-0.6484021923140113,-0.4516201151941648,0.7926330040930503,0.34465797711944096,1.6755229448455879e-15,17.62170968597708,9
0.75,5,144,1,1,1009,broad_xyz,22.359644512058754,False,0.29382172009172725,0.579770627706027,0.735174583593309,0.11921176959811623,-0.5914600478598006,-0.4847854565079191,0.7403292627517136,0.3404635261170197,1.6755229448455879e-15,17.62170968597708,9
0.775,5,144,1,1,1009,broad_xyz,22.359644512058754,False,0.30050429758802577,0.5975062422649903,0.7762102527941741,0.29995467034350415,-0.565707209038238,-0.5223156227429375,0.7316624416675837,0.3407114416066095,1.6755229448455879e-15,17.62170968597708,9
0.8,5,144,1,1,1009,broad_xyz,22.359644512058754,False,0.3464690969648367,0.6058491037857043,0.8101364003697232,0.45693084569362125,-0.5709667326463287,-0.5584918935915164,0.7109720625381011,0.3453377856105594,1.6755229448455879e-15,17.62170968597708,9
0.825,5,144,1,1,1009,broad_xyz,22.359644512058754,False,0.40804635798218053,0.6052249772845759,0.8269702768985903,0.5582303106784293,-0.5779405304179973,-0.5863350207152774,0.674874435102635,0.3512729078536866,1.6755229448455879e-15,17.62170968597708,9
0.85,5,144,1,1,1009,broad_xyz,22.359644512058754,False,0.45472944202361737,0.6050601057718529,0.8304209633653065,0.608247310369029,-0.5499210478408817,-0.5978413173238729,0.7070220417520936,0.35430574781817836,1.6755229448455879e-15,17.62170968597708,9
0.875,5,144,1,1,1009,broad_xyz,22.359644512058754,False,0.456580826504126,0.6098942328056424,0.8278745722483936,0.626220358004616,-0.46109286339613054,-0.590904082905233,0.7521303828514059,0.35217458825407527,1.6755229448455879e-15,17.62170968597708,9
0.9,5,144,1,1,1009,broad_xyz,22.359644512058754,False,0.42009457217091006,0.6157836685602588,0.8197361914771235,0.6169122385654733,-0.3387648403309239,-0.5658812696424779,0.7852486684334234,0.3453135042764472,1.6755229448455879e-15,17.62170968597708,9
0.95,5,144,1,1,1009,broad_xyz,22.359644512058754,False,0.3424469516420426,0.6041606677496301,0.7824650284941165,0.5294379252047616,-0.2972248006237127,-0.49952573863133065,0.8210724560627872,0.33101956924327286,1.6755229448455879e-15,17.62170968597708,9
1.0,5,144,1,1,1009,broad_xyz,22.359644512058754,False,0.31130340147651714,0.568610715546435,0.7439600217229445,0.4458209740544033,-0.44476793144434584,-0.4992439434040127,0.8083753763925408,0.338626368286737,1.6755229448455879e-15,17.62170968597708,9
0.05,5,144,1,1,1010,broad_xyz,22.359644512058754,False,-0.34051885022533207,0.2868343789486201,-0.2670501301414356,-0.28378302652576937,-0.2792761514428001,0.06497182174510928,0.0026342072998767185,0.00024616209644324295,1.6755229448455879e-15,17.62170968597708,10
0.075,5,144,1,1,1010,broad_xyz,22.359644512058754,False,-0.28479341167511707,0.2816075465878563,-0.23240143793844617,-0.2520179121523843,-0.23358325106139738,0.11057110565707973,0.007125601665370218,0.0005797415422233738,1.6755229448455879e-15,17.62170968597708,10
0.1,5,144,1,1,1010,broad_xyz,22.359644512058754,False,-0.16984933791499726,0.269536416693481,-0.20300483543671696,-0.22574964887929178,-0.1932328093101061,0.13606544395901204,0.013509515319903022,0.0009812303996007887,1.6755229448455879e-15,17.62170968597708,10
0.125,5,144,1,1,1010,broad_xyz,22.359644512058754,False,0.008945066367021913,0.2526810560830636,-0.180854858943145,-0.20734050551844901,-0.169096857672609,0.14867941330904355,0.02098434060061592,0.0014128489932231864,1.6755229448455879e-15,17.62170968597708,10
0.15,5,144,1,1,1010,broad_xyz,22.359644512058754,False,0.20572693257792402,0.23953171490304825,-0.16462084517037698,-0.19582333059983106,-0.1577931269483372,0.15222748546713133,0.0289048316373439,0.001930983592296399,1.6755229448455879e-15,17.62170968597708,10
0.1625,5,144,1,1,1010,broad_xyz,22.359644512058754,False,0.2782170430393199,0.23701615088636757,-0.17077517427524708,-0.205158512104808,-0.16776652690192395,0.15304273568865281,0.03318310859349911,0.0023571361356385947,1.6755229448455879e-15,17.62170968597708,10
0.175,5,144,1,1,1010,broad_xyz,22.359644512058754,False,0.32568395093020547,0.23483490328884976,-0.18188080383073146,-0.21997312649711384,-0.1828022734724286,0.15660160736227974,0.03786046001681758,0.002926216196339283,1.6755229448455879e-15,17.62170968597708,10
0.1875,5,144,1,1,1010,broad_xyz,22.359644512058754,False,0.34886905015186986,0.23250130902808966,-0.194070814342629,-0.23605633957230882,-0.1966338501283882,0.16025605113464736,0.043322463765095534,0.003650510417423674,1.6755229448455879e-15,17.62170968597708,10
0.2,5,144,1,1,1010,broad_xyz,22.359644512058754,False,0.35354113292039635,0.24118823920164642,-0.21653805354227365,-0.26298692056718426,-0.216193065946481,0.16656056911254338,0.05019263123254562,0.004676840259059894,1.6755229448455879e-15,17.62170968597708,10
0.2125,5,144,1,1,1010,broad_xyz,22.359644512058754,False,0.3373965908624013,0.262379511772984,-0.2518849261217087,-0.3033615140417311,-0.2410727360111536,0.17362185206041364,0.057879897310042644,0.006167625370715615,1.6755229448455879e-15,17.62170968597708,10
0.225,5,144,1,1,1010,broad_xyz,22.359644512058754,False,0.2242626492747274,0.1925726832134326,-0.16473409746095216,-0.23965125467532863,-0.20768811875481946,0.13371386177596445,0.06645317111489947,0.00884423916607681,1.6755229448455879e-15,17.62170968597708,10
0.2375,5,144,1,1,1010,broad_xyz,22.359644512058754,False,0.0465597272262141,0.06476694960603287,0.04626047214985455,-0.057352070537796646,-0.13103263574953788,0.0292967773917544,0.09864901157433148,0.013654153390466828,1.6755229448455879e-15,17.62170968597708,10
0.25,5,144,1,1,1010,broad_xyz,22.359644512058754,False,-0.09134285561909776,-0.035689541328776865,0.2838947844443163,0.15358295334834118,-0.07744917975856978,-0.07988398658963766,0.15626365044637913,0.021723103863922007,1.6755229448455879e-15,17.62170968597708,10
0.27,5,144,1,1,1010,broad_xyz,22.359644512058754,False,-0.16736315758558784,-0.08420326546114551,0.5033793735833457,0.3379452196444712,-0.1523829530250337,-0.15267699324140727,0.23513259594298677,0.03925217723337552,1.6755229448455879e-15,17.62170968597708,10
0.29,5,144,1,1,1010,broad_xyz,22.359644512058754,False,-0.14675371139916607,-0.06175301376453246,0.6060116048681788,0.39965211209253454,-0.35161752895309195,-0.16942115483276415,0.281905348015091,0.060256792275794786,1.6755229448455879e-15,17.62170968597708,10
0.31,5,144,1,1,1010,broad_xyz,22.359644512058754,False,-0.07036001908092501,-0.006263751011635884,0.6151855181114889,0.35761994997904695,-0.5247034582963135,-0.16009376320620516,0.2972230033251533,0.08074199964037636,1.6755229448455879e-15,17.62170968597708,10
0.33,5,144,1,1,1010,broad_xyz,22.359644512058754,False,0.03637430047702501,0.0734174224311958,0.5631484738942487,0.2523776541731407,-0.598636784678651,-0.13212855214870609,0.3201013814622795,0.09757993070922523,1.6755229448455879e-15,17.62170968597708,10
0.35,5,144,1,1,1010,broad_xyz,22.359644512058754,False,0.16066760547826409,0.18276125476450678,0.46794444398359675,0.11300840467185118,-0.5571367499016752,-0.08740202732965259,0.33692448839332145,0.10933464339378471,1.6755229448455879e-15,17.62170968597708,10
0.37,5,144,1,1,1010,broad_xyz,22.359644512058754,False,0.2752470781494422,0.3080769938572437,0.3458778597797465,-0.040521748848036505,-0.4009889516760258,-0.03431568904355224,0.3482515057781352,0.11624899152970561,1.6755229448455879e-15,17.62170968597708,10
0.39,5,144,1,1,1010,broad_xyz,22.359644512058754,False,0.3481468980834062,0.4054878242512928,0.2569787367035771,-0.15234610282130967,-0.21612595292827075,-0.0021330959268148135,0.3591761229249766,0.12062657891476104,1.6755229448455879e-15,17.62170968597708,10
0.41000000000000003,5,144,1,1,1010,broad_xyz,22.359644512058754,False,0.3919680567898984,0.47519082736498625,0.22200849941555967,-0.211077738077898,-0.05887436383003065,-2.8012399351448485e-05,0.37778418064673236,0.12461029905948055,1.6755229448455879e-15,17.62170968597708,10
0.43,5,144,1,1,1010,broad_xyz,22.359644512058754,False,0.4242713803634834,0.5300754963829112,0.21238598071241802,-0.24547826370989062,0.052688860337010736,-0.024967097524398393,0.39097591641475493,0.12863074705747268,1.6755229448455879e-15,17.62170968597708,10
0.45,5,144,1,1,1010,broad_xyz,22.359644512058754,False,0.4469420960677641,0.566190982551848,0.215655361418913,-0.27114090500509547,0.09250809708228014,-0.07356360449911874,0.4189249810602665,0.13380051625743933,1.6755229448455879e-15,17.62170968597708,10
0.5,5,144,1,1,1010,broad_xyz,22.359644512058754,False,0.475647695418092,0.6021640676162802,0.2708096506730611,-0.3134143972470849,-0.09177915898587802,-0.1918974782225337,0.515305838790281,0.1574755885228915,1.6755229448455879e-15,17.62170968597708,10
0.55,5,144,1,1,1010,broad_xyz,22.359644512058754,False,0.47846321088090266,0.6121474241146512,0.33683339210084234,-0.31751355362568656,-0.3392937585950213,-0.2119453782899855,0.5349245078257764,0.19055648855406446,1.6755229448455879e-15,17.62170968597708,10
0.6,5,144,1,1,1010,broad_xyz,22.359644512058754,False,0.3367648818781533,0.5039659674994003,0.48464330434668734,-0.25837332436337324,-0.6398912227445469,-0.1846916187241761,0.5661662459202601,0.22739583611184988,1.6755229448455879e-15,17.62170968597708,10
0.6499999999999999,5,144,1,1,1010,broad_xyz,22.359644512058754,False,0.3058878798195999,0.49748222990238344,0.45656487202413837,-0.30245062978512566,-0.7167553498754515,-0.20087096401046467,0.6250161410905036,0.24639511483343535,1.6755229448455879e-15,17.62170968597708,10
0.7,5,144,1,1,1010,broad_xyz,22.359644512058754,False,0.34125096164331775,0.555556109977036,0.451491431174841,-0.30426137952579785,-0.7231942074813519,-0.30058709469246514,0.6282385701325766,0.255868720092872,1.6755229448455879e-15,17.62170968597708,10
0.725,5,144,1,1,1010,broad_xyz,22.359644512058754,False,0.31594061152187547,0.5673550351971981,0.4827154653849458,-0.2886959613659087,-0.7192117191640066,-0.34398164776148327,0.6245982008268007,0.25955581559609864,1.6755229448455879e-15,17.62170968597708,10
0.75,5,144,1,1,1010,broad_xyz,22.359644512058754,False,0.2819777754102974,0.5677386762680717,0.5221217678722961,-0.26061389279417285,-0.7153684761222413,-0.36429918823611096,0.6553505262529183,0.26314406478044544,1.6755229448455879e-15,17.62170968597708,10
0.775,5,144,1,1,1010,broad_xyz,22.359644512058754,False,0.2767352967451767,0.5633339025118216,0.5624249114284076,-0.20538341691275963,-0.7168548719452437,-0.372099004664366,0.6877508182209234,0.2667420761725612,1.6755229448455879e-15,17.62170968597708,10
0.8,5,144,1,1,1010,broad_xyz,22.359644512058754,False,0.3007812944979331,0.5570048389685324,0.5956949103840493,-0.11549658669347214,-0.7120382430258761,-0.3754802957046253,0.6940719801556787,0.26984704713553076,1.6755229448455879e-15,17.62170968597708,10
0.825,5,144,1,1,1010,broad_xyz,22.359644512058754,False,0.3371356664473927,0.5559207042468439,0.6359334169161278,0.016869830674872504,-0.7011527968782151,-0.38313956510943853,0.6778232487995351,0.2735447760635969,1.6755229448455879e-15,17.62170968597708,10
0.85,5,144,1,1,1010,broad_xyz,22.359644512058754,False,0.3691428980822773,0.5585584239770431,0.6784268055777198,0.1637708429012974,-0.6759101971276494,-0.3945778441921871,0.6659461913477496,0.2780512149541729,1.6755229448455879e-15,17.62170968597708,10
0.875,5,144,1,1,1010,broad_xyz,22.359644512058754,False,0.3846311050007094,0.568468413072008,0.720671963608406,0.29657282027270654,-0.6389274264966938,-0.4083097492913321,0.6302294318989354,0.28337428455978364,1.6755229448455879e-15,17.62170968597708,10
0.9,5,144,1,1,1010,broad_xyz,22.359644512058754,False,0.37481917676289234,0.5806350928443035,0.7496588087114627,0.3861617625495649,-0.5923444843582771,-0.4183164253486137,0.5850881898430393,0.28813713432028887,1.6755229448455879e-15,17.62170968597708,10
0.95,5,144,1,1,1010,broad_xyz,22.359644512058754,False,0.33347053913370034,0.590415618981607,0.7479712002457516,0.4170396451220325,-0.6050646902419062,-0.4130019339681384,0.6561367053288498,0.29355923028892894,1.6755229448455879e-15,17.62170968597708,10
1.0,5,144,1,1,1010,broad_xyz,22.359644512058754,False,0.3558286356327656,0.5791926477382418,0.701516507281918,0.3444917539339337,-0.6514609339152522,-0.38300621949750585,0.7237012398449224,0.2953863677970404,1.6755229448455879e-15,17.62170968597708,10
0.05,5,144,1,1,1011,broad_xyz,22.359644512058754,False,-0.32475614335627034,0.33973205473905893,-0.37530340296624043,-0.40005926325110663,-0.41901396889287357,0.297932652250127,0.004295912661474936,0.0005704005440040618,1.6755229448455879e-15,17.62170968597708,11
0.075,5,144,1,1,1011,broad_xyz,22.359644512058754,False,-0.2958392439423937,0.33260054775749087,-0.3801861019887479,-0.4068249957032504,-0.41173219161656177,0.3568144780931126,0.01008652770581275,0.0013432980532606545,1.6755229448455879e-15,17.62170968597708,11
0.1,5,144,1,1,1011,broad_xyz,22.359644512058754,False,-0.22552713725561527,0.3235665188113836,-0.3731913396084226,-0.40156555233116026,-0.3786287838679349,0.41133263287758876,0.019171750558364703,0.002441971003070421,1.6755229448455879e-15,17.62170968597708,11
0.125,5,144,1,1,1011,broad_xyz,22.359644512058754,False,-0.12697954742674594,0.3214633206558322,-0.3581005294378642,-0.3893450703762986,-0.3330933690157076,0.4623827935648559,0.03171590145801556,0.0038632989278384678,1.6755229448455879e-15,17.62170968597708,11
0.15,5,144,1,1,1011,broad_xyz,22.359644512058754,False,-0.011716411493390724,0.32651014153586067,-0.33588472106362405,-0.37236737716569984,-0.28469418714984784,0.479131064600145,0.048000904276087095,0.00578655633134605,1.6755229448455879e-15,17.62170968597708,11
0.1625,5,144,1,1,1011,broad_xyz,22.359644512058754,False,0.04922590578130527,0.3315695921052988,-0.32205770082103347,-0.3620507363879168,-0.2615654021319549,0.4691152499680272,0.05762907433215922,0.007011188652590781,1.6755229448455879e-15,17.62170968597708,11
0.175,5,144,1,1,1011,broad_xyz,22.359644512058754,False,0.11306788450054543,0.3492431139360195,-0.3023335750143348,-0.3469402363031542,-0.23593390917153262,0.43489877826462225,0.06838990907243303,0.008639422837703902,1.6755229448455879e-15,17.62170968597708,11
0.1875,5,144,1,1,1011,broad_xyz,22.359644512058754,False,0.1645907060130403,0.3694532759728533,-0.2828592412333739,-0.3323374886288562,-0.21490777385947332,0.40109377360308224,0.0804554952761075,0.010728813626382774,1.6755229448455879e-15,17.62170968597708,11
0.2,5,144,1,1,1011,broad_xyz,22.359644512058754,False,0.2101472136826865,0.4035931806381385,-0.25579596589921466,-0.31157650023959743,-0.18900065067515273,0.35346895978168624,0.09404425588306016,0.013669845675508746,1.6755229448455879e-15,17.62170968597708,11
0.2125,5,144,1,1,1011,broad_xyz,22.359644512058754,False,0.23152844200396347,0.43155364567746207,-0.22000516308410037,-0.28344556156810163,-0.16369196222654162,0.29546419947213504,0.10940665379314378,0.017528954517822506,1.6755229448455879e-15,17.62170968597708,11
0.225,5,144,1,1,1011,broad_xyz,22.359644512058754,False,0.2265663987837031,0.43177811495617807,-0.16878938881864322,-0.24249860078735463,-0.13284826088212695,0.2365475810164238,0.1268047438324233,0.02294116283445224,1.6755229448455879e-15,17.62170968597708,11
0.2375,5,144,1,1,1011,broad_xyz,22.359644512058754,False,0.17283831961861454,0.3710287888597031,-0.06104394888732368,-0.15356709434685337,-0.09525558786395734,0.15793445410124093,0.14833214258804328,0.031068939743958263,1.6755229448455879e-15,17.62170968597708,11
0.25,5,144,1,1,1011,broad_xyz,22.359644512058754,False,0.13051612643548885,0.3028437163424047,0.04839023459907923,-0.06611058015795263,-0.08863361036593001,0.0865987075498112,0.18292985190733496,0.04079563235615227,1.6755229448455879e-15,17.62170968597708,11
0.27,5,144,1,1,1011,broad_xyz,22.359644512058754,False,0.059434724044850784,0.20734521999520467,0.2710814705956964,0.10922288346686684,-0.1585967998312644,-0.032854692645755766,0.2390237820746843,0.060804581245283255,1.6755229448455879e-15,17.62170968597708,11
0.29,5,144,1,1,1011,broad_xyz,22.359644512058754,False,0.02087419846775587,0.15826333094349104,0.3961639963712857,0.1858673531445259,-0.3177962215594063,-0.1159333138853484,0.29105793853883954,0.0818652498749974,1.6755229448455879e-15,17.62170968597708,11
0.31,5,144,1,1,1011,broad_xyz,22.359644512058754,False,0.032584158414855735,0.15687651664833893,0.4294083799425276,0.1763610948592763,-0.4613864837037675,-0.15939387551419548,0.33293793465771604,0.10069590661781909,1.6755229448455879e-15,17.62170968597708,11
0.33,5,144,1,1,1011,broad_xyz,22.359644512058754,False,0.0903661891267715,0.1914189686715141,0.41673520582402357,0.13136061211403116,-0.5414781901714497,-0.17948290272346434,0.3862215145829848,0.11548770963126789,1.6755229448455879e-15,17.62170968597708,11
0.35,5,144,1,1,1011,broad_xyz,22.359644512058754,False,0.18639680567158728,0.2559551898680247,0.3758070793194106,0.07072007107410072,-0.5260174514518748,-0.1860502159016601,0.4555169580968519,0.12521781657846434,1.6755229448455879e-15,17.62170968597708,11
0.37,5,144,1,1,1011,broad_xyz,22.359644512058754,False,0.28266840655286524,0.3199634892339846,0.3346698616682834,0.0166061915848337,-0.44817296246414196,-0.19473727657002723,0.5223161979520421,0.13090576689488248,1.6755229448455879e-15,17.62170968597708,11
0.39,5,144,1,1,1011,broad_xyz,22.359644512058754,False,0.3409288302051329,0.36750535145358637,0.3101208599953171,-0.02169254201042577,-0.3815346677651209,-0.21140189970488196,0.5802333061109948,0.1343050946723074,1.6755229448455879e-15,17.62170968597708,11
0.41000000000000003,5,144,1,1,1011,broad_xyz,22.359644512058754,False,0.3364722453172687,0.40463193971389594,0.28827509564375636,-0.06197414018739742,-0.3586059083422685,-0.23140018954360136,0.6218054408591445,0.1365247886782235,1.6755229448455879e-15,17.62170968597708,11
0.43,5,144,1,1,1011,broad_xyz,22.359644512058754,False,0.2709077058077561,0.4345327018730919,0.2533055359857648,-0.11877852562522476,-0.3809861421201509,-0.24558082846776905,0.6392210073592409,0.13856110452961806,1.6755229448455879e-15,17.62170968597708,11
0.45,5,144,1,1,1011,broad_xyz,22.359644512058754,False,0.18874384073939166,0.44580085377646317,0.2107227045328724,-0.18231938100355896,-0.41881349596880035,-0.2521719511390094,0.6255379091669462,0.14207360384636097,1.6755229448455879e-15,17.62170968597708,11
0.5,5,144,1,1,1011,broad_xyz,22.359644512058754,False,0.1215804746946992,0.45887287323852716,0.1257853820318556,-0.2955226276107027,-0.38506433143350477,-0.2387530760960786,0.5327023955681847,0.1603621928993693,1.6755229448455879e-15,17.62170968597708,11
0.55,5,144,1,1,1011,broad_xyz,22.359644512058754,False,0.240057006103759,0.5172931423006618,0.11757913571759952,-0.3388176726491193,-0.29600998552422203,-0.08485209969604394,0.5392349822853432,0.18472295760625454,1.6755229448455879e-15,17.62170968597708,11
0.6,5,144,1,1,1011,broad_xyz,22.359644512058754,False,0.27056141577396964,0.5024373753147596,0.23167785902383878,-0.31172354016473064,-0.38451697909363347,-0.027344926965891463,0.5963154325785597,0.21730093730413103,1.6755229448455879e-15,17.62170968597708,11
0.6499999999999999,5,144,1,1,1011,broad_xyz,22.359644512058754,False,0.3564938711963013,0.5099439496421831,0.22388277221088437,-0.31286706174373247,-0.3933424890372699,-0.08809318909788622,0.5988955657531255,0.22827451947160204,1.6755229448455879e-15,17.62170968597708,11
0.7,5,144,1,1,1011,broad_xyz,22.359644512058754,False,0.3319807342296416,0.43843139844435564,0.18420564155154312,-0.26856755108895336,-0.3005602989357019,-0.21765710965306106,0.5338636825728785,0.22810142537238828,1.6755229448455879e-15,17.62170968597708,11
0.725,5,144,1,1,1011,broad_xyz,22.359644512058754,False,0.3108431590255355,0.4240173497740405,0.21425363253303253,-0.19473150960811003,-0.2931472171853424,-0.26034573694565794,0.5146965974129314,0.23014934981457025,1.6755229448455879e-15,17.62170968597708,11
0.75,5,144,1,1,1011,broad_xyz,22.359644512058754,False,0.30229477098947094,0.4312578046876304,0.30669723547399297,-0.06187778204070384,-0.32494518441818476,-0.2976246716849826,0.5158312716728486,0.23601070286435144,1.6755229448455879e-15,17.62170968597708,11
0.775,5,144,1,1,1011,broad_xyz,22.359644512058754,False,0.29191323897056287,0.44227992946533035,0.45382205867479153,0.11962703144652435,-0.3923940523322283,-0.3242851522622945,0.5279430465089534,0.2444657580535818,1.6755229448455879e-15,17.62170968597708,11
0.8,5,144,1,1,1011,broad_xyz,22.359644512058754,False,0.2741670974547294,0.4457024053915823,0.5753031097939433,0.256139373534642,-0.4527115156217282,-0.3211441396535785,0.5347821292624064,0.25165334458350586,1.6755229448455879e-15,17.62170968597708,11
0.825,5,144,1,1,1011,broad_xyz,22.359644512058754,False,0.26690438863794025,0.44438322004021036,0.6502260231869185,0.3251599710362771,-0.4722143147888981,-0.30232151258957596,0.5318359524685288,0.25666779411504176,1.6755229448455879e-15,17.62170968597708,11
0.85,5,144,1,1,1011,broad_xyz,22.359644512058754,False,0.2939238909732777,0.4507571374216848,0.6868397867034681,0.3501485905496426,-0.447199841957848,-0.29014291980877677,0.5280944885215564,0.259346739935917,1.6755229448455879e-15,17.62170968597708,11
0.875,5,144,1,1,1011,broad_xyz,22.359644512058754,False,0.34128392794918355,0.46665528376913135,0.6973521059416499,0.36266262756521667,-0.3810231420940947,-0.299723036171443,0.5479220611727316,0.2595373169758442,1.6755229448455879e-15,17.62170968597708,11
0.9,5,144,1,1,1011,broad_xyz,22.359644512058754,False,0.3980356866057946,0.49550017190159146,0.6934080987793304,0.3762708617799826,-0.3029631400384941,-0.32225492533962463,0.5890197157183334,0.25806786461056547,1.6755229448455879e-15,17.62170968597708,11
0.95,5,144,1,1,1011,broad_xyz,22.359644512058754,False,0.45981686850424497,0.5634339807506492,0.683767333708853,0.41285646397893533,-0.2323463972153718,-0.3497149495067965,0.622914983700797,0.2577137783234355,1.6755229448455879e-15,17.62170968597708,11
1.0,5,144,1,1,1011,broad_xyz,22.359644512058754,False,0.40444103737736264,0.5842787629000858,0.6662849186308054,0.40945930621089266,-0.2655961229768209,-0.3361474249876363,0.6184217947397712,0.2647783693264753,1.6755229448455879e-15,17.62170968597708,11
0.05,5,144,1,1,1012,broad_xyz,22.359644512058754,False,0.1981224684639537,0.5062387483989347,-0.26590440500102214,-0.3299330505955474,-0.3106908366964108,0.02461488817943731,0.003530267690615256,0.0006654608295909172,1.6755229448455879e-15,17.62170968597708,12
0.075,5,144,1,1,1012,broad_xyz,22.359644512058754,False,0.3590215862404578,0.5587368438152981,-0.127711968359503,-0.23066184997222502,-0.2107495469321535,0.06662347882905785,0.009316059637371494,0.0020218656972633858,1.6755229448455879e-15,17.62170968597708,12
0.1,5,144,1,1,1012,broad_xyz,22.359644512058754,False,0.5497143237122508,0.6091017978876717,0.050586342078659745,-0.10371168318608778,-0.07281455884474344,0.13125604248874997,0.019364359997282254,0.004964079957417546,1.6755229448455879e-15,17.62170968597708,12
0.125,5,144,1,1,1012,broad_xyz,22.359644512058754,False,0.6008083584636933,0.636241845211161,0.2156633062500365,0.004990320615544252,0.06357950974931548,0.19008197163904408,0.03899475272787238,0.010523121970900582,1.6755229448455879e-15,17.62170968597708,12
0.15,5,144,1,1,1012,broad_xyz,22.359644512058754,False,0.5218137579196499,0.6372378583560505,0.3222843684015368,0.04849202497752431,0.12883448824122212,0.22777962811846264,0.07903212641439654,0.01981967060361002,1.6755229448455879e-15,17.62170968597708,12
0.1625,5,144,1,1,1012,broad_xyz,22.359644512058754,False,0.47042655822492324,0.6308062488741294,0.3500057433741088,0.039632560281808345,0.11200591344213091,0.2380361346888722,0.10407696089227687,0.02610586727196392,1.6755229448455879e-15,17.62170968597708,12
0.175,5,144,1,1,1012,broad_xyz,22.359644512058754,False,0.42246544869266517,0.6211094544310015,0.36628655648596975,0.015939118485919317,0.05989281420239601,0.23861032668862275,0.13150434132603972,0.03348192743999259,1.6755229448455879e-15,17.62170968597708,12
0.1875,5,144,1,1,1012,broad_xyz,22.359644512058754,False,0.3782527749562096,0.6087785432583878,0.3784759231277443,-0.013984595820374297,-0.019197617722587622,0.22787683361660865,0.16021209040130874,0.04191041804310384,1.6755229448455879e-15,17.62170968597708,12
0.2,5,144,1,1,1012,broad_xyz,22.359644512058754,False,0.33994148246470485,0.5940587389707909,0.3843949374338856,-0.050090657673624,-0.11256009506102925,0.2019809650519682,0.18886338819127999,0.05127963685929593,1.6755229448455879e-15,17.62170968597708,12
0.2125,5,144,1,1,1012,broad_xyz,22.359644512058754,False,0.30569418674127624,0.5749922307423101,0.39091160549930937,-0.08293332276432677,-0.19684119363547628,0.1649154278194298,0.21597506733478578,0.06160942269911888,1.6755229448455879e-15,17.62170968597708,12
0.225,5,144,1,1,1012,broad_xyz,22.359644512058754,False,0.28344468458315397,0.5596412068448949,0.3880592261499911,-0.11883870584966144,-0.2560711151764676,0.11617062318767479,0.240029813981574,0.07256584051158048,1.6755229448455879e-15,17.62170968597708,12
0.2375,5,144,1,1,1012,broad_xyz,22.359644512058754,False,0.276209605317642,0.5511238861301403,0.3804416824581637,-0.14937645701406344,-0.2867977741433873,0.05626505028307333,0.2596088661868229,0.08395098346330404,1.6755229448455879e-15,17.62170968597708,12
0.25,5,144,1,1,1012,broad_xyz,22.359644512058754,False,0.2828173348220073,0.5501212193367272,0.3779191382631753,-0.16252000142426656,-0.2929552125904871,-0.013488443961651768,0.2735446799817649,0.09590116065099677,1.6755229448455879e-15,17.62170968597708,12
0.27,5,144,1,1,1012,broad_xyz,22.359644512058754,False,0.3327890644655437,0.5756998695592632,0.3907917073211029,-0.14253940443909305,-0.2666364785363953,-0.12782155834052028,0.286478359978799,0.11517756188991951,1.6755229448455879e-15,17.62170968597708,12
0.29,5,144,1,1,1012,broad_xyz,22.359644512058754,False,0.40699562906521225,0.6347480790367712,0.42831813020888065,-0.07796378534100798,-0.19879752453796806,-0.23572203367474587,0.28416760015068254,0.13373958654876664,1.6755229448455879e-15,17.62170968597708,12
0.31,5,144,1,1,1012,broad_xyz,22.359644512058754,False,0.4490082341028766,0.7019261938811538,0.4643592840803164,-0.02652605311481495,-0.11496551574898722,-0.31001900135742366,0.3097196945969466,0.15072885416535936,1.6755229448455879e-15,17.62170968597708,12
0.33,5,144,1,1,1012,broad_xyz,22.359644512058754,False,0.4283830016705936,0.7360946528583587,0.46914263015982244,-0.06295239574398798,-0.04582576525267021,-0.3352029091551994,0.372444972960846,0.16626408521706829,1.6755229448455879e-15,17.62170968597708,12
0.35,5,144,1,1,1012,broad_xyz,22.359644512058754,False,0.3688271180375543,0.7318639229000244,0.44209455283574073,-0.1973746467717648,-0.05334863687571282,-0.3378310454242536,0.43535230102490874,0.18091402224611935,1.6755229448455879e-15,17.62170968597708,12
0.37,5,144,1,1,1012,broad_xyz,22.359644512058754,False,0.31344159481001094,0.7156073600859881,0.41374898098902574,-0.35601023269916743,-0.14702691129211246,-0.35272703152657375,0.49406177303414983,0.19569208624099424,1.6755229448455879e-15,17.62170968597708,12
0.39,5,144,1,1,1012,broad_xyz,22.359644512058754,False,0.26808254494719164,0.6995000675721966,0.4084345356150993,-0.47496813279510325,-0.2936530113098331,-0.38786231352543754,0.5433640552565143,0.21234366283051836,1.6755229448455879e-15,17.62170968597708,12
0.41000000000000003,5,144,1,1,1012,broad_xyz,22.359644512058754,False,0.23271288524023584,0.6847123248390637,0.4163924553703739,-0.5509441343168661,-0.4282689776769226,-0.42622177186550514,0.57733462179131,0.23258829219135782,1.6755229448455879e-15,17.62170968597708,12
0.43,5,144,1,1,1012,broad_xyz,22.359644512058754,False,0.22379309269651057,0.678945563767811,0.4385968340301487,-0.5919706072817458,-0.5294937997857943,-0.4364512289798943,0.6222256630380595,0.2547441225025683,1.6755229448455879e-15,17.62170968597708,12
0.45,5,144,1,1,1012,broad_xyz,22.359644512058754,False,0.2478450262818067,0.6826725026897295,0.4750667565044296,-0.6079214727030038,-0.5873734553301819,-0.42132134573517926,0.6805121590584218,0.27695489157770825,1.6755229448455879e-15,17.62170968597708,12
0.5,5,144,1,1,1012,broad_xyz,22.359644512058754,False,0.4322492977606949,0.6974741954787664,0.5984590542802459,-0.5776989542820724,-0.6154996984689796,-0.31258249793608006,0.75362797378343,0.3243015103716863,1.6755229448455879e-15,17.62170968597708,12
0.55,5,144,1,1,1012,broad_xyz,22.359644512058754,False,0.6119597740550209,0.6477707627954971,0.6711425303241259,-0.5077086171117948,-0.6369358798484294,-0.20887856945607958,0.7744775350714457,0.35342133221581573,1.6755229448455879e-15,17.62170968597708,12
0.6,5,144,1,1,1012,broad_xyz,22.359644512058754,False,0.5126695553512123,0.538976418887208,0.6756058157956066,-0.4243909382522678,-0.6864830830842436,-0.27079105885095506,0.767187130053836,0.3765455956139951,1.6755229448455879e-15,17.62170968597708,12
0.6499999999999999,5,144,1,1,1012,broad_xyz,22.359644512058754,False,0.5353993407314493,0.524137271369848,0.6947447387303345,-0.2744654702984288,-0.7123691643121622,-0.395577035398609,0.7665774719771119,0.3912609872280377,1.6755229448455879e-15,17.62170968597708,12
0.7,5,144,1,1,1012,broad_xyz,22.359644512058754,False,0.5924203646072557,0.5841752517771298,0.7317657555350141,-0.07980201440188543,-0.7636754404237379,-0.45480565118876626,0.7569202371363746,0.38785124553170675,1.6755229448455879e-15,17.62170968597708,12
0.725,5,144,1,1,1012,broad_xyz,22.359644512058754,False,0.5250875780058188,0.6023267650125889,0.7426562151871331,0.010514381520626047,-0.7854563811251258,-0.4609751549411018,0.7402233000423031,0.37814614547733555,1.6755229448455879e-15,17.62170968597708,12
0.75,5,144,1,1,1012,broad_xyz,22.359644512058754,False,0.42859775876097184,0.6050777933179615,0.7496304674275144,0.10128891027203941,-0.7729806449813763,-0.4619400265146118,0.6954541326504369,0.36523782300936364,1.6755229448455879e-15,17.62170968597708,12
0.775,5,144,1,1,1012,broad_xyz,22.359644512058754,False,0.3300675492977558,0.5937596382119275,0.7530252677555929,0.18955046260161637,-0.7161384737988106,-0.46209295855987065,0.6718556024185589,0.3520920633946917,1.6755229448455879e-15,17.62170968597708,12
0.8,5,144,1,1,1012,broad_xyz,22.359644512058754,False,0.23788779695117335,0.5694754769914598,0.7486897860726759,0.2576220291679299,-0.6325123422433997,-0.46084032283119236,0.6854867410153866,0.3416772435328029,1.6755229448455879e-15,17.62170968597708,12
0.825,5,144,1,1,1012,broad_xyz,22.359644512058754,False,0.1595151985141508,0.5383509981885163,0.7328983408446024,0.289346418042718,-0.5440309353971661,-0.45589628493355033,0.7233302749260739,0.3356983266519611,1.6755229448455879e-15,17.62170968597708,12
0.85,5,144,1,1,1012,broad_xyz,22.359644512058754,False,0.10561252155030121,0.512566757183955,0.7107951067869374,0.2924212862978125,-0.4726917103979361,-0.4477928195942344,0.7571651642435904,0.33421695347371105,1.6755229448455879e-15,17.62170968597708,12
0.875,5,144,1,1,1012,broad_xyz,22.359644512058754,False,0.08730836975900812,0.5027448094592712,0.6942694534758982,0.29078661981054427,-0.4263986631705087,-0.4385180654214891,0.7858268711139349,0.33599825577286463,1.6755229448455879e-15,17.62170968597708,12
0.9,5,144,1,1,1012,broad_xyz,22.359644512058754,False,0.10501601862837695,0.5100230382765255,0.6917239767655187,0.3004140261514621,-0.3891091051189427,-0.4295682639567975,0.8097872090375147,0.3395239773307322,1.6755229448455879e-15,17.62170968597708,12
0.95,5,144,1,1,1012,broad_xyz,22.359644512058754,False,0.240187617756871,0.5385808839783157,0.7152704152541561,0.3341322993588482,-0.4908570219830748,-0.42005391173460244,0.8475429344602775,0.35061272442861946,1.6755229448455879e-15,17.62170968597708,12
1.0,5,144,1,1,1012,broad_xyz,22.359644512058754,False,0.3127906845891841,0.5165840561508699,0.7095640095521036,0.2765273411873162,-0.7017395426947831,-0.42279438650452095,0.8685384826449674,0.36991038084161665,1.6755229448455879e-15,17.62170968597708,12
0.05,5,144,1,1,1013,broad_xyz,22.359644512058754,False,-0.2124862966509359,-0.07339674184328973,-0.5803324548841164,-0.588343885408992,-0.5856200363817406,-0.19979640129576615,0.0023519948524511917,0.0001622646619584394,1.6755229448455879e-15,17.62170968597708,13
0.075,5,144,1,1,1013,broad_xyz,22.359644512058754,False,-0.12026225783906483,0.03413839858560825,-0.5397987982741965,-0.5638621097445254,-0.5402387131935852,0.06117774933884774,0.0046163034115510974,0.000505907640309074,1.6755229448455879e-15,17.62170968597708,13
0.1,5,144,1,1,1013,broad_xyz,22.359644512058754,False,0.005615162155004341,0.2064864214309647,-0.3754018218746154,-0.44816129706946906,-0.37987337814236244,0.3978443195978894,0.011995928959698893,0.0017212431590685,1.6755229448455879e-15,17.62170968597708,13
0.125,5,144,1,1,1013,broad_xyz,22.359644512058754,False,0.030704423683039595,0.29664300244505537,-0.2928686483694048,-0.4114079680003479,-0.312190772855419,0.5797574131810467,0.029966869944898354,0.004798828543495502,1.6755229448455879e-15,17.62170968597708,13
0.15,5,144,1,1,1013,broad_xyz,22.359644512058754,False,-0.007524799039874019,0.3418742556005775,-0.3069119318952025,-0.45694580217338254,-0.3364897738317677,0.685461119223401,0.05877568009417737,0.010634106346523418,1.6755229448455879e-15,17.62170968597708,13
0.1625,5,144,1,1,1013,broad_xyz,22.359644512058754,False,-0.029942564763625973,0.3597098221413718,-0.33161409578531514,-0.4929236948646414,-0.36891533091235085,0.7256071593401486,0.07608079043681197,0.014836789900298538,1.6755229448455879e-15,17.62170968597708,13
0.175,5,144,1,1,1013,broad_xyz,22.359644512058754,False,-0.04997773015363877,0.37485272086367444,-0.35928106492230527,-0.5296575310156842,-0.40659448699291645,0.7594373784342766,0.09456837072738693,0.020025739803792242,1.6755229448455879e-15,17.62170968597708,13
0.1875,5,144,1,1,1013,broad_xyz,22.359644512058754,False,-0.06694196939674299,0.3879197702612053,-0.38682464521661264,-0.5643513165463476,-0.44860900316377084,0.784923749583438,0.11347792366132364,0.026360307269426744,1.6755229448455879e-15,17.62170968597708,13
0.2,5,144,1,1,1013,broad_xyz,22.359644512058754,False,-0.0830607618480639,0.39227217320879476,-0.40811888270080876,-0.5926005140939764,-0.48844069332040724,0.7993276747178663,0.13193910230561307,0.0341902732037814,1.6755229448455879e-15,17.62170968597708,13
0.2125,5,144,1,1,1013,broad_xyz,22.359644512058754,False,-0.09869671152887295,0.3821972763903442,-0.41478146014532236,-0.6084769067796687,-0.517415547135602,0.8001806127148744,0.1490277332448242,0.04388047346255527,1.6755229448455879e-15,17.62170968597708,13
0.225,5,144,1,1,1013,broad_xyz,22.359644512058754,False,-0.10226329669065173,0.35977561568674943,-0.4116617942395659,-0.6142501235496048,-0.537133965384605,0.7763125272460084,0.16383314008164204,0.05571842334067705,1.6755229448455879e-15,17.62170968597708,13
0.2375,5,144,1,1,1013,broad_xyz,22.359644512058754,False,-0.06984051497640892,0.34372119457786693,-0.3931220442659279,-0.6048555526897953,-0.5350243980452318,0.7274386501374877,0.17553391544715347,0.06991268146796492,1.6755229448455879e-15,17.62170968597708,13
0.25,5,144,1,1,1013,broad_xyz,22.359644512058754,False,0.01018433964473181,0.3446963415435245,-0.3417864774686356,-0.5665138014927042,-0.505418567418006,0.6536170148115054,0.20389751672385809,0.08715390441591048,1.6755229448455879e-15,17.62170968597708,13
0.27,5,144,1,1,1013,broad_xyz,22.359644512058754,False,0.25173336067608953,0.4108658500317854,-0.15693259876659754,-0.4183189489957126,-0.43835641378128093,0.4760558403744298,0.2745325759489749,0.12019953053384105,1.6755229448455879e-15,17.62170968597708,13
0.29,5,144,1,1,1013,broad_xyz,22.359644512058754,False,0.506723811445514,0.5071125500992497,0.0893904148016762,-0.2245376121936323,-0.38272832520924027,0.23963658114731268,0.3468439081412127,0.1540314455354682,1.6755229448455879e-15,17.62170968597708,13
0.31,5,144,1,1,1013,broad_xyz,22.359644512058754,False,0.6536204224431835,0.593009811667754,0.30584803093788443,-0.08252825032004837,-0.35400831600345956,0.02424468367455646,0.4149585339633277,0.1859464949379257,1.6755229448455879e-15,17.62170968597708,13
0.33,5,144,1,1,1013,broad_xyz,22.359644512058754,False,0.6784062413823886,0.65539747282971,0.4347876593041172,-0.07095779798031554,-0.342806734484469,-0.10618041267876631,0.4731478892005294,0.21397974140865927,1.6755229448455879e-15,17.62170968597708,13
0.35,5,144,1,1,1013,broad_xyz,22.359644512058754,False,0.6339336242844233,0.7000164140500323,0.4890701726050355,-0.18674018624038355,-0.3386328540128524,-0.15888357728522523,0.5167354528096262,0.23707184038725437,1.6755229448455879e-15,17.62170968597708,13
0.37,5,144,1,1,1013,broad_xyz,22.359644512058754,False,0.5535590275936723,0.7247987214966983,0.508192688068254,-0.3525203236789906,-0.3465417264887472,-0.17258676717757107,0.5751948535788138,0.25642608332594746,1.6755229448455879e-15,17.62170968597708,13
0.39,5,144,1,1,1013,broad_xyz,22.359644512058754,False,0.4627774290339073,0.7326972133928051,0.5040177875601584,-0.4999321780286616,-0.3601543308688215,-0.15896158504512822,0.6585654345364457,0.2721110251846236,1.6755229448455879e-15,17.62170968597708,13
0.41000000000000003,5,144,1,1,1013,broad_xyz,22.359644512058754,False,0.3825358170273075,0.7361567300056184,0.4866612288010554,-0.5959229633606836,-0.36801146071815233,-0.1290259652008857,0.7213253436512103,0.2850622840808149,1.6755229448455879e-15,17.62170968597708,13
0.43,5,144,1,1,1013,broad_xyz,22.359644512058754,False,0.3208506972401868,0.7349674503022744,0.45826242157374064,-0.6545757864867737,-0.3646527335078988,-0.08224676856798088,0.7695173125417115,0.29509639883243366,1.6755229448455879e-15,17.62170968597708,13
0.45,5,144,1,1,1013,broad_xyz,22.359644512058754,False,0.2891980127677592,0.7294203718397615,0.42328120674931985,-0.6911438928516797,-0.34412048502729714,-0.02212396097275703,0.7964636221402532,0.3021338718526899,1.6755229448455879e-15,17.62170968597708,13
0.5,5,144,1,1,1013,broad_xyz,22.359644512058754,False,0.35454987627793033,0.6986585988242412,0.35716410487836653,-0.7253717102884839,-0.267870997042497,0.11793309207320593,0.7918231599811063,0.3138280861831601,1.6755229448455879e-15,17.62170968597708,13
0.55,5,144,1,1,1013,broad_xyz,22.359644512058754,False,0.4607132016629016,0.6561290724895149,0.3721548138049285,-0.6567481788945139,-0.29215951922374467,0.11934978821461581,0.7051317837076518,0.33835669651872496,1.6755229448455879e-15,17.62170968597708,13
0.6,5,144,1,1,1013,broad_xyz,22.359644512058754,False,0.5249381542568986,0.6573783674577898,0.511604357907604,-0.4824549723268043,-0.49033599415963336,-0.04438463813116624,0.6623847490649581,0.3765283342528993,1.6755229448455879e-15,17.62170968597708,13
0.6499999999999999,5,144,1,1,1013,broad_xyz,22.359644512058754,False,0.600402563996195,0.7453139014685355,0.6689643499052088,-0.41723533742759605,-0.6719134951456696,-0.14202993940830103,0.6750277959883488,0.3985373529253726,1.6755229448455879e-15,17.62170968597708,13
0.7,5,144,1,1,1013,broad_xyz,22.359644512058754,False,0.6732705263375285,0.8221197115591549,0.7743009771533998,-0.38792535797423056,-0.7656532005918014,-0.19057508927017733,0.746771817456068,0.3993567751327947,1.6755229448455879e-15,17.62170968597708,13
0.725,5,144,1,1,1013,broad_xyz,22.359644512058754,False,0.708517704198147,0.8379258949239211,0.8009730534118827,-0.2991784868537623,-0.7751395463385361,-0.22270468076983505,0.7829240134164627,0.3961852966177467,1.6755229448455879e-15,17.62170968597708,13
0.75,5,144,1,1,1013,broad_xyz,22.359644512058754,False,0.7293858723940642,0.8361003501051466,0.8094084704393121,-0.15095180515260578,-0.7860016111490901,-0.2547013095093077,0.7770768122478448,0.39403298448160157,1.6755229448455879e-15,17.62170968597708,13
0.775,5,144,1,1,1013,broad_xyz,22.359644512058754,False,0.7376630580572103,0.8213632139043735,0.8042308586907878,0.020111801549343934,-0.8023098047483159,-0.2821193640752778,0.7710968685620007,0.3940458204357688,1.6755229448455879e-15,17.62170968597708,13
0.8,5,144,1,1,1013,broad_xyz,22.359644512058754,False,0.7376395653936206,0.8019225422622459,0.7935090732909463,0.17141530137141625,-0.8145650156446695,-0.3009253514390102,0.7794471470979245,0.3967251600115007,1.6755229448455879e-15,17.62170968597708,13
0.825,5,144,1,1,1013,broad_xyz,22.359644512058754,False,0.7313161818325306,0.7882350826756438,0.789168826299616,0.29414098988851317,-0.8075493119956711,-0.30780951724640904,0.7953197344856493,0.40034027137289085,1.6755229448455879e-15,17.62170968597708,13
0.85,5,144,1,1,1013,broad_xyz,22.359644512058754,False,0.715460756326423,0.7849419343003597,0.7975180569470327,0.3936000294960833,-0.7783897118068485,-0.3050365038747402,0.8283745261952542,0.402619345808062,1.6755229448455879e-15,17.62170968597708,13
0.875,5,144,1,1,1013,broad_xyz,22.359644512058754,False,0.6834080095525082,0.7875983740832768,0.8147332846745388,0.4667590902858712,-0.7224112981053171,-0.2976564717750658,0.8472371762963011,0.402285788342923,1.6755229448455879e-15,17.62170968597708,13
0.9,5,144,1,1,1013,broad_xyz,22.359644512058754,False,0.6337149149661625,0.7859415349210706,0.8283641209110675,0.5026226422511284,-0.6592948741912736,-0.29244164512493304,0.8508864385992715,0.4003325307410407,1.6755229448455879e-15,17.62170968597708,13
0.95,5,144,1,1,1013,broad_xyz,22.359644512058754,False,0.5397021164464565,0.747832225789093,0.8069738876610204,0.4534620851800509,-0.6912345648874846,-0.31149908665210446,0.8803052138118449,0.4018995074692229,1.6755229448455879e-15,17.62170968597708,13
1.0,5,144,1,1,1013,broad_xyz,22.359644512058754,False,0.5195255885085123,0.6989692680321767,0.7624135383389609,0.2856874068194993,-0.730102410711209,-0.3336973742058226,0.9221317825015962,0.4091481161854027,1.6755229448455879e-15,17.62170968597708,13
0.05,5,144,1,1,1014,broad_xyz,22.359644512058754,False,-0.33895599252152614,0.014429986731745054,-0.6532950397511116,-0.6395976633204555,-0.5396026409811199,0.5213101533307749,0.0028722111046031295,0.00025033273632702927,1.6755229448455879e-15,17.62170968597708,14
0.075,5,144,1,1,1014,broad_xyz,22.359644512058754,False,-0.3654742021239534,0.0076944528081423205,-0.6708250325695652,-0.6544900805913848,-0.5395064780308175,0.5315079819293297,0.006401089889285783,0.0005918296454893314,1.6755229448455879e-15,17.62170968597708,14
0.1,5,144,1,1,1014,broad_xyz,22.359644512058754,False,-0.38977081231951555,0.005049268005227694,-0.6826938466169086,-0.6678286057014697,-0.5384814912590348,0.5334525926616984,0.011510251075119958,0.0011046735476751399,1.6755229448455879e-15,17.62170968597708,14
0.125,5,144,1,1,1014,broad_xyz,22.359644512058754,False,-0.39269125617331063,0.0022974493453794347,-0.6858362835677582,-0.6776449763180509,-0.5369854864546892,0.5291791754821259,0.01880690513538197,0.0017730037346519228,1.6755229448455879e-15,17.62170968597708,14
0.15,5,144,1,1,1014,broad_xyz,22.359644512058754,False,-0.37438337312095293,0.00874196333314396,-0.6881513943340523,-0.6930635076364094,-0.5372667261206361,0.5387307794606161,0.028271338220551778,0.002639389227616445,1.6755229448455879e-15,17.62170968597708,14
0.1625,5,144,1,1,1014,broad_xyz,22.359644512058754,False,-0.35715927956113525,0.018499894621738858,-0.6852564827061872,-0.7007132373401681,-0.5394822207230704,0.5521039068693625,0.03382324233506287,0.0032759201603168504,1.6755229448455879e-15,17.62170968597708,14
0.175,5,144,1,1,1014,broad_xyz,22.359644512058754,False,-0.3316020840874298,0.030011630721376872,-0.6493147010409336,-0.6824724746661748,-0.5204250509897423,0.5585123370500813,0.03994695741295819,0.004424776367812667,1.6755229448455879e-15,17.62170968597708,14
0.1875,5,144,1,1,1014,broad_xyz,22.359644512058754,False,-0.290205736465214,-0.01944343160302714,-0.44132641614742524,-0.5137099110871569,-0.35334920377381895,0.442884650900785,0.046691542703874336,0.007989789385777012,1.6755229448455879e-15,17.62170968597708,14
0.2,5,144,1,1,1014,broad_xyz,22.359644512058754,False,-0.32869612550670957,-0.22245283473325395,-0.06477624056155597,-0.18910099996480556,-0.027100054333079902,0.15900157023096048,0.06086294907822411,0.01696229068013055,1.6755229448455879e-15,17.62170968597708,14
0.2125,5,144,1,1,1014,broad_xyz,22.359644512058754,False,-0.39137310718137674,-0.3719292834508965,0.1710954414958913,-0.006285052689696531,0.12531153320598543,-0.04316887582308105,0.0896706205282542,0.031013055450522648,1.6755229448455879e-15,17.62170968597708,14
0.225,5,144,1,1,1014,broad_xyz,22.359644512058754,False,-0.3941146300583582,-0.41825216648175967,0.2637794657462996,0.027603900198064624,0.06371929420981205,-0.14986169003903033,0.1295977041906498,0.04790422658853291,1.6755229448455879e-15,17.62170968597708,14
0.2375,5,144,1,1,1014,broad_xyz,22.359644512058754,False,-0.3783788102482261,-0.42955031354498996,0.31030573051814503,0.009086876942872446,-0.11473791774484983,-0.224911902526303,0.17118551070950835,0.06730913266249863,1.6755229448455879e-15,17.62170968597708,14
0.25,5,144,1,1,1014,broad_xyz,22.359644512058754,False,-0.3523188115144488,-0.4237959898382377,0.3419944743427521,-0.025292930869458743,-0.33398077675730026,-0.2874654126210719,0.21162797523912047,0.08830993997971073,1.6755229448455879e-15,17.62170968597708,14
0.27,5,144,1,1,1014,broad_xyz,22.359644512058754,False,-0.2977837233839748,-0.38105595042221296,0.3636616767674259,-0.09365021266592861,-0.5855258639320698,-0.377604051001235,0.2708568307462569,0.12284856956697768,1.6755229448455879e-15,17.62170968597708,14
0.29,5,144,1,1,1014,broad_xyz,22.359644512058754,False,-0.21880036834763306,-0.2962357236136121,0.37755719985470226,-0.13323419096591652,-0.6433679348313296,-0.4689068982132465,0.3232938487365088,0.15570980428821704,1.6755229448455879e-15,17.62170968597708,14
0.31,5,144,1,1,1014,broad_xyz,22.359644512058754,False,-0.09420410732579218,-0.1482641509532165,0.3997978289730217,-0.12433049730170143,-0.5707505912867235,-0.5565775647852684,0.3577173311470162,0.18389047535083425,1.6755229448455879e-15,17.62170968597708,14
0.33,5,144,1,1,1014,broad_xyz,22.359644512058754,False,0.10974543545136584,0.09595469673893442,0.43100648920314105,-0.0914672648859452,-0.4037855448468028,-0.5983220830858766,0.3673403120454981,0.2052790589895105,1.6755229448455879e-15,17.62170968597708,14
0.35,5,144,1,1,1014,broad_xyz,22.359644512058754,False,0.3854378601841867,0.4143674605405203,0.43991156170644424,-0.1414588101912893,-0.19710154926163945,-0.5060053697930561,0.3971980167795025,0.21896382170584883,1.6755229448455879e-15,17.62170968597708,14
0.37,5,144,1,1,1014,broad_xyz,22.359644512058754,False,0.6083082193811835,0.6598065173022791,0.4016948129478443,-0.34482542151722423,-0.06626984573398402,-0.2830761215226214,0.4445812229121408,0.22584352246355044,1.6755229448455879e-15,17.62170968597708,14
0.39,5,144,1,1,1014,broad_xyz,22.359644512058754,False,0.6897864012456807,0.74647306477508,0.39422929034684767,-0.5187294911716097,-0.11808874197751888,-0.11896948846333,0.4963118473355255,0.23626452579272467,1.6755229448455879e-15,17.62170968597708,14
0.41000000000000003,5,144,1,1,1014,broad_xyz,22.359644512058754,False,0.7045658621635238,0.768653990118201,0.3974872112213529,-0.6238087977984282,-0.2525636382272709,-0.014700667610205597,0.5376256507528918,0.25007479102338376,1.6755229448455879e-15,17.62170968597708,14
0.43,5,144,1,1,1014,broad_xyz,22.359644512058754,False,0.6781349121892762,0.7665181283557552,0.3984087149094331,-0.6867069092733632,-0.3678999437565808,0.046458467023198904,0.5671454089306379,0.26428365788844194,1.6755229448455879e-15,17.62170968597708,14
0.45,5,144,1,1,1014,broad_xyz,22.359644512058754,False,0.6275304785819141,0.7593401043017632,0.41195898332262115,-0.7206533889296962,-0.4385038279144187,0.06283557069672398,0.6021706621332161,0.2800035635288427,1.6755229448455879e-15,17.62170968597708,14
0.5,5,144,1,1,1014,broad_xyz,22.359644512058754,False,0.4395014271293994,0.7086570534062345,0.5299349672753554,-0.7023455514688464,-0.45609428281811076,-0.06394871509265676,0.6964670527857757,0.3297662005046936,1.6755229448455879e-15,17.62170968597708,14
0.55,5,144,1,1,1014,broad_xyz,22.359644512058754,False,0.13446202179382777,0.5213451508537051,0.7179704047588032,-0.48447263471364516,-0.45030431746327676,-0.36420573080377866,0.7548843964895819,0.4008859941776033,1.6755229448455879e-15,17.62170968597708,14
0.6,5,144,1,1,1014,broad_xyz,22.359644512058754,False,-0.0467645780433045,0.3779054928612376,0.781676226374646,-0.3066155735332894,-0.572327456526506,-0.4339279413413102,0.798136305923365,0.44202108865311157,1.6755229448455879e-15,17.62170968597708,14
0.6499999999999999,5,144,1,1,1014,broad_xyz,22.359644512058754,False,0.09755163805944057,0.47419573947212207,0.7375418095513341,-0.3799982053557066,-0.7482023934350991,-0.29904868984341126,0.815514098432295,0.43210181645720197,1.6755229448455879e-15,17.62170968597708,14
0.7,5,144,1,1,1014,broad_xyz,22.359644512058754,False,0.32526132361430526,0.653690580598485,0.7189894592572843,-0.3966202826261088,-0.8102980892681443,-0.23945296308409417,0.7923002519055895,0.39563506223240547,1.6755229448455879e-15,17.62170968597708,14
0.725,5,144,1,1,1014,broad_xyz,22.359644512058754,False,0.40631095695891745,0.7195279842600666,0.7191217176010231,-0.34237292697954896,-0.8079937271490308,-0.2554061536159993,0.7601725332695928,0.3781932009564825,1.6755229448455879e-15,17.62170968597708,14
0.75,5,144,1,1,1014,broad_xyz,22.359644512058754,False,0.4628270223503925,0.7586896728494986,0.7182990852263059,-0.2416532456685085,-0.7898043610763831,-0.2912417278095721,0.7432943668554934,0.36491755355697314,1.6755229448455879e-15,17.62170968597708,14
0.775,5,144,1,1,1014,broad_xyz,22.359644512058754,False,0.5026332773098752,0.7713801279417383,0.7152942120909267,-0.1030737169771161,-0.7571221645494255,-0.3381254680680145,0.7834898875491015,0.35575693849409923,1.6755229448455879e-15,17.62170968597708,14
0.8,5,144,1,1,1014,broad_xyz,22.359644512058754,False,0.5288159403912374,0.7594345385655186,0.715088879061549,0.05135740717982181,-0.7063640157825852,-0.3835228665764809,0.8221909439115542,0.35052492770530164,1.6755229448455879e-15,17.62170968597708,14
0.825,5,144,1,1,1014,broad_xyz,22.359644512058754,False,0.5433864336038831,0.7327664068089067,0.7249886711380329,0.19625899087710624,-0.6539966603327941,-0.41448603824479024,0.8268983345666564,0.34794784738767265,1.6755229448455879e-15,17.62170968597708,14
0.85,5,144,1,1,1014,broad_xyz,22.359644512058754,False,0.5592908104338358,0.7099520912702548,0.7528130522181545,0.321328374946723,-0.6148906377580553,-0.4233740608398197,0.8008556671543252,0.34605476045143757,1.6755229448455879e-15,17.62170968597708,14
0.875,5,144,1,1,1014,broad_xyz,22.359644512058754,False,0.5817582493797339,0.7030582785094278,0.7946774347253939,0.4240276339584876,-0.5857479629876232,-0.4185942507858348,0.7542088514954057,0.3443941541505503,1.6755229448455879e-15,17.62170968597708,14
0.9,5,144,1,1,1014,broad_xyz,22.359644512058754,False,0.5917434307646723,0.7066307098104365,0.8316861688776772,0.4885969087112013,-0.567472797239407,-0.4160744931099657,0.7699659782764559,0.34415370840435666,1.6755229448455879e-15,17.62170968597708,14
0.95,5,144,1,1,1014,broad_xyz,22.359644512058754,False,0.5402433163342854,0.6936790689227872,0.8381433104798521,0.4409359658119684,-0.6376832989716681,-0.42577641168280844,0.8354170211739627,0.35049576252036174,1.6755229448455879e-15,17.62170968597708,14
1.0,5,144,1,1,1014,broad_xyz,22.359644512058754,False,0.4925417603187539,0.6616209648544157,0.8157761094295625,0.2292526033919988,-0.7579173484293356,-0.40581539922386334,0.7936332680473139,0.36206411106519615,1.6755229448455879e-15,17.62170968597708,14
0.05,5,144,1,1,1015,broad_xyz,22.359644512058754,False,0.23489787598289688,0.1068103731216427,-0.0448604017241526,-0.07597065628392027,-0.16859752956452603,0.007554252870187161,0.0010537754819994437,1.4098726077279179e-05,1.6755229448455879e-15,17.62170968597708,15
0.075,5,144,1,1,1015,broad_xyz,22.359644512058754,False,0.41194276773571603,0.14184144588893496,-0.09730760876355377,-0.17034400191928684,-0.3011422349783185,-0.13159548010310723,0.0045463349613693305,0.000235166826428449,1.6755229448455879e-15,17.62170968597708,15
0.1,5,144,1,1,1015,broad_xyz,22.359644512058754,False,0.45327210751794006,0.25846856963088627,-0.1683012347267256,-0.28052436129748715,-0.3351690208323843,-0.17650127218441825,0.013438514231565148,0.0016486588128704262,1.6755229448455879e-15,17.62170968597708,15
0.125,5,144,1,1,1015,broad_xyz,22.359644512058754,False,0.44017720962718876,0.3128837165142687,-0.2773989262817136,-0.4216126933885005,-0.3966489762171067,-0.1608301628819572,0.03180092751597864,0.006659515036759103,1.6755229448455879e-15,17.62170968597708,15
0.15,5,144,1,1,1015,broad_xyz,22.359644512058754,False,0.4012976711954922,0.3329802754232964,-0.3401764732013219,-0.5097749756111961,-0.42307788567404314,-0.11861005129814683,0.06358714653569598,0.01805601440487246,1.6755229448455879e-15,17.62170968597708,15
0.1625,5,144,1,1,1015,broad_xyz,22.359644512058754,False,0.37135184632554163,0.33893587466900915,-0.3556469872286025,-0.5362046061493497,-0.4185857468794533,-0.0875049525092916,0.08501294042571661,0.026993483811845336,1.6755229448455879e-15,17.62170968597708,15
0.175,5,144,1,1,1015,broad_xyz,22.359644512058754,False,0.3334160215174965,0.33730302560404934,-0.38631846960341054,-0.5749039922792198,-0.4300498366296872,-0.09084800641432376,0.11012129660921441,0.04047858167896498,1.6755229448455879e-15,17.62170968597708,15
0.1875,5,144,1,1,1015,broad_xyz,22.359644512058754,False,0.31876867299413036,0.3656378712262681,-0.38632510717448915,-0.5838120105659036,-0.41246779857700894,-0.11111749284228443,0.13863163670782164,0.05955867619347768,1.6755229448455879e-15,17.62170968597708,15
0.2,5,144,1,1,1015,broad_xyz,22.359644512058754,False,0.361688391145616,0.43794604123014136,-0.30643172448073686,-0.5195778616743437,-0.3243140031856314,-0.14359985455195312,0.1700206395816591,0.0856970858317006,1.6755229448455879e-15,17.62170968597708,15
0.2125,5,144,1,1,1015,broad_xyz,22.359644512058754,False,0.4382775653068169,0.5309143590153189,-0.1745823480221893,-0.4080576236847401,-0.21906106963254612,-0.18864690302325332,0.20457134053744838,0.11651473835183469,1.6755229448455879e-15,17.62170968597708,15
0.225,5,144,1,1,1015,broad_xyz,22.359644512058754,False,0.540242490123651,0.6353508376091874,-0.0056797970194932745,-0.260932282133545,-0.15459507830525027,-0.245611862088481,0.24058310366003613,0.1498316198832514,1.6755229448455879e-15,17.62170968597708,15
0.2375,5,144,1,1,1015,broad_xyz,22.359644512058754,False,0.6513712858306295,0.7331557732932,0.18620873697874418,-0.09009282589734545,-0.17898198467264506,-0.30512642340347107,0.27698986764790606,0.18452148109495348,1.6755229448455879e-15,17.62170968597708,15
0.25,5,144,1,1,1015,broad_xyz,22.359644512058754,False,0.7471301915668351,0.8043936745931438,0.3714795523453795,0.07494120860180431,-0.30022090188455886,-0.3540060411090102,0.3127479716893399,0.2192878172536482,1.6755229448455879e-15,17.62170968597708,15
0.27,5,144,1,1,1015,broad_xyz,22.359644512058754,False,0.8332136834429392,0.8516947030412325,0.5923266311075129,0.2512203689675905,-0.5276587516929273,-0.3921437848804205,0.3965505732699351,0.2715957974731525,1.6755229448455879e-15,17.62170968597708,15
0.29,5,144,1,1,1015,broad_xyz,22.359644512058754,False,0.8465280894723822,0.852597955959805,0.7113862310615782,0.275858958302526,-0.6706142342242947,-0.38824000315063817,0.5000175538393252,0.3149669035260873,1.6755229448455879e-15,17.62170968597708,15
0.31,5,144,1,1,1015,broad_xyz,22.359644512058754,False,0.8142513366520715,0.8444223227021737,0.7650426576229772,0.1450749218146409,-0.7308729921438777,-0.35987278642119447,0.5869854964871216,0.3448419499958707,1.6755229448455879e-15,17.62170968597708,15
0.33,5,144,1,1,1015,broad_xyz,22.359644512058754,False,0.7508601740123363,0.8405686670609381,0.7826294487433983,-0.11246727096530322,-0.7384347061910008,-0.31789167860808504,0.6595723068250572,0.35870750115332106,1.6755229448455879e-15,17.62170968597708,15
0.35,5,144,1,1,1015,broad_xyz,22.359644512058754,False,0.6672013110721171,0.8422667559624356,0.7785566400304347,-0.39042006489966,-0.7049007363658376,-0.2689414727807285,0.7010680328405258,0.3569294495765557,1.6755229448455879e-15,17.62170968597708,15
0.37,5,144,1,1,1015,broad_xyz,22.359644512058754,False,0.5696037664477355,0.8433643014618061,0.7648090637313271,-0.5818264304805552,-0.6547650806119992,-0.21694102832958997,0.7180960463040698,0.345105893511209,1.6755229448455879e-15,17.62170968597708,15
0.39,5,144,1,1,1015,broad_xyz,22.359644512058754,False,0.4659645222705924,0.8363311909348119,0.7463368932995372,-0.6755030143350166,-0.5977359560084031,-0.17377145681238948,0.712256766582891,0.33216099922833414,1.6755229448455879e-15,17.62170968597708,15
0.41000000000000003,5,144,1,1,1015,broad_xyz,22.359644512058754,False,0.3664016318482008,0.8199066106407153,0.7080315746008295,-0.720901492899074,-0.5337391243547397,-0.15314423614288844,0.6797677097115762,0.3228170352932118,1.6755229448455879e-15,17.62170968597708,15
0.43,5,144,1,1,1015,broad_xyz,22.359644512058754,False,0.27882554342247545,0.7928700494368917,0.6516003732581949,-0.7475339470111754,-0.467976784032769,-0.15355209219244587,0.6604072277956141,0.3206672402320818,1.6755229448455879e-15,17.62170968597708,15
0.45,5,144,1,1,1015,broad_xyz,22.359644512058754,False,0.22579085833264523,0.7620027671508592,0.595559026642822,-0.7663014293101558,-0.41388702184156395,-0.1658242069134167,0.6611897234628789,0.32868252970497125,1.6755229448455879e-15,17.62170968597708,15
0.5,5,144,1,1,1015,broad_xyz,22.359644512058754,False,0.2701024088724471,0.7245460487253497,0.5646158702848679,-0.763411746469202,-0.42714427868264,-0.21575716865021657,0.7788938389090039,0.4102293790902371,1.6755229448455879e-15,17.62170968597708,15
0.55,5,144,1,1,1015,broad_xyz,22.359644512058754,False,0.4676495875384305,0.7717807612709024,0.6735538704458134,-0.6814955950168505,-0.5944680835946081,-0.32493009652416144,0.9131374500332525,0.5419307185499411,1.6755229448455879e-15,17.62170968597708,15
0.6,5,144,1,1,1015,broad_xyz,22.359644512058754,False,0.6077139299278528,0.8518091440557868,0.7806203321483312,-0.5478210615617567,-0.7366623919124082,-0.4400393099240547,0.9778178592501702,0.6125091340900488,1.6755229448455879e-15,17.62170968597708,15
0.6499999999999999,5,144,1,1,1015,broad_xyz,22.359644512058754,False,0.5738948716237733,0.8735561684204367,0.8062881941613325,-0.33791305891294554,-0.8246469501095066,-0.5123532869246369,0.9751511854094872,0.6030457284565782,1.6755229448455879e-15,17.62170968597708,15
0.7,5,144,1,1,1015,broad_xyz,22.359644512058754,False,0.5532350724484978,0.8499180531898011,0.8216781693756104,-0.04052491781449013,-0.8413924700812278,-0.5484640457244311,0.9488329980864004,0.5637447226674408,1.6755229448455879e-15,17.62170968597708,15
0.725,5,144,1,1,1015,broad_xyz,22.359644512058754,False,0.5811353816219945,0.8404582157890725,0.8396444609138166,0.1426825442502,-0.833668336144211,-0.5617869789768841,0.9479032076560072,0.5445807893152819,1.6755229448455879e-15,17.62170968597708,15
0.75,5,144,1,1,1015,broad_xyz,22.359644512058754,False,0.6173460836500674,0.8370033566018331,0.8580578380076863,0.2984210117540407,-0.8222600733878676,-0.5693684769604219,0.9549410066240369,0.5254325865461007,1.6755229448455879e-15,17.62170968597708,15
0.775,5,144,1,1,1015,broad_xyz,22.359644512058754,False,0.632050230331616,0.8369257889096237,0.8684652192992904,0.378890529450214,-0.8067760122285161,-0.5651118690335841,0.952747505641638,0.5033453352469717,1.6755229448455879e-15,17.62170968597708,15
0.8,5,144,1,1,1015,broad_xyz,22.359644512058754,False,0.6059704013248128,0.8338267842889098,0.8652005865676857,0.3842470290149783,-0.7782807525172324,-0.5447463541731266,0.947891037596057,0.4762630639397814,1.6755229448455879e-15,17.62170968597708,15
0.825,5,144,1,1,1015,broad_xyz,22.359644512058754,False,0.5471636254235343,0.8229754613813599,0.8491497726191833,0.3491972324100446,-0.7362693029620888,-0.5114093500295287,0.9688977084942745,0.445246865699184,1.6755229448455879e-15,17.62170968597708,15
0.85,5,144,1,1,1015,broad_xyz,22.359644512058754,False,0.47543764877488626,0.8034242209219309,0.8254602670733021,0.3070387996647251,-0.683633941534302,-0.47350004118556266,0.9739996372998094,0.4152427154805991,1.6755229448455879e-15,17.62170968597708,15
0.875,5,144,1,1,1015,broad_xyz,22.359644512058754,False,0.40674228339375923,0.7780341546773664,0.80108431374607,0.2738968491717132,-0.6315876910878025,-0.4356234456976402,0.9549124093777653,0.39233966825513966,1.6755229448455879e-15,17.62170968597708,15
0.9,5,144,1,1,1015,broad_xyz,22.359644512058754,False,0.35888596585215154,0.7551393037219971,0.786617210076348,0.2522083835563011,-0.5918491172419308,-0.3977243038319989,0.9060139901445516,0.37956597242178713,1.6755229448455879e-15,17.62170968597708,15
0.95,5,144,1,1,1015,broad_xyz,22.359644512058754,False,0.3660454643350003,0.7387144884823921,0.7917554486344512,0.19673529733608267,-0.6907919578177195,-0.36461510431062055,0.7440891363063258,0.3825971482686557,1.6755229448455879e-15,17.62170968597708,15
1.0,5,144,1,1,1015,broad_xyz,22.359644512058754,False,0.4647774810347262,0.7446025268504285,0.7825554888587756,-0.00324913615527859,-0.8020105826174183,-0.3744987751231911,0.7425877259382246,0.39874952166656796,1.6755229448455879e-15,17.62170968597708,15
0.05,5,144,1,1,1016,broad_xyz,22.359644512058754,False,0.5389177685645935,0.43412319004300454,-0.3194067580012358,-0.3683990650975482,-0.21989636546253638,-0.01873814547983223,0.0034087972525074436,0.0005922143631571032,1.6755229448455879e-15,17.62170968597708,16
0.075,5,144,1,1,1016,broad_xyz,22.359644512058754,False,0.5793211234619274,0.458481375688107,-0.28714735261459184,-0.36116007938830325,-0.19297782017265436,-0.10074083065028455,0.009832536963120843,0.001806856260236182,1.6755229448455879e-15,17.62170968597708,16
0.1,5,144,1,1,1016,broad_xyz,22.359644512058754,False,0.5772743025421285,0.5059014247256057,-0.29082294602544634,-0.39828003769591197,-0.20550822022822535,-0.11432343065129255,0.02305580956341914,0.004738072343529905,1.6755229448455879e-15,17.62170968597708,16
0.125,5,144,1,1,1016,broad_xyz,22.359644512058754,False,0.5521159808617311,0.5803079504077925,-0.3269867509456928,-0.4700066413718231,-0.23932666885943926,-0.10005529660615507,0.045629425864079656,0.011284380403330902,1.6755229448455879e-15,17.62170968597708,16
0.15,5,144,1,1,1016,broad_xyz,22.359644512058754,False,0.5270376740398222,0.6346934781098957,-0.35591094143061214,-0.5367425820729871,-0.287002579838868,-0.10866754495483137,0.07893845672309864,0.023882746265068127,1.6755229448455879e-15,17.62170968597708,16
0.1625,5,144,1,1,1016,broad_xyz,22.359644512058754,False,0.5158539522480671,0.6468295694151989,-0.36324250461031987,-0.5638151211162344,-0.32059223957289557,-0.1250488643304288,0.09970924356537056,0.03316694235770338,1.6755229448455879e-15,17.62170968597708,16
0.175,5,144,1,1,1016,broad_xyz,22.359644512058754,False,0.4951572872645503,0.6410168178449676,-0.35729157443075604,-0.5793152727804759,-0.3508456726633403,-0.1560937453474582,0.12303026001060119,0.04519597206996084,1.6755229448455879e-15,17.62170968597708,16
0.1875,5,144,1,1,1016,broad_xyz,22.359644512058754,False,0.476641212445278,0.6278934239148841,-0.34368406927761525,-0.5860460867166876,-0.38253849908598814,-0.19640549228125634,0.14858457148085583,0.059912703016352,1.6755229448455879e-15,17.62170968597708,16
0.2,5,144,1,1,1016,broad_xyz,22.359644512058754,False,0.4325006389827463,0.5748553485049774,-0.3023173380084195,-0.5676332955215504,-0.4028310560800077,-0.26652648118090166,0.17591525414371595,0.07840748637509641,1.6755229448455879e-15,17.62170968597708,16
0.2125,5,144,1,1,1016,broad_xyz,22.359644512058754,False,0.3954667969311349,0.525576898009242,-0.26556974026699065,-0.5525517169396869,-0.4330570486067633,-0.33228047931694477,0.2044329762996589,0.0990824576035923,1.6755229448455879e-15,17.62170968597708,16
0.225,5,144,1,1,1016,broad_xyz,22.359644512058754,False,0.37484603631302316,0.49192924481668593,-0.23040745673884058,-0.5384424081481214,-0.4640002535165355,-0.3915656406737944,0.23357365464605512,0.121304264987313,1.6755229448455879e-15,17.62170968597708,16
0.2375,5,144,1,1,1016,broad_xyz,22.359644512058754,False,0.37411725418894076,0.4762025023826689,-0.19176307971585285,-0.5213520462348354,-0.48927158067893406,-0.44534594499223745,0.26326125580735893,0.14442743687442774,1.6755229448455879e-15,17.62170968597708,16
0.25,5,144,1,1,1016,broad_xyz,22.359644512058754,False,0.3939870796752243,0.47844052507229445,-0.14636136295469493,-0.49949144720472705,-0.503047796338818,-0.4924967656262188,0.2913723106097821,0.16762048617835734,1.6755229448455879e-15,17.62170968597708,16
0.27,5,144,1,1,1016,broad_xyz,22.359644512058754,False,0.47010801186657286,0.5216307098467505,-0.05035937652189034,-0.4500158875636124,-0.49558870821482076,-0.5513345942551181,0.331302671318941,0.20297394683522862,1.6755229448455879e-15,17.62170968597708,16
0.29,5,144,1,1,1016,broad_xyz,22.359644512058754,False,0.5824814796526162,0.6099586542104599,0.08201979114760463,-0.3860787464605417,-0.455084908774677,-0.577270144768422,0.36955870123843926,0.2336279715026143,1.6755229448455879e-15,17.62170968597708,16
0.31,5,144,1,1,1016,broad_xyz,22.359644512058754,False,0.6725526301450995,0.7203696619544672,0.23968298915836672,-0.33919194417339515,-0.42009171963907554,-0.5471501410989725,0.40959798632201616,0.2572224743770859,1.6755229448455879e-15,17.62170968597708,16
0.33,5,144,1,1,1016,broad_xyz,22.359644512058754,False,0.6940872441961917,0.8123844512038094,0.3844690256586147,-0.36900662621640906,-0.4115477080396189,-0.4536617672644411,0.4508859767273498,0.27237820634292537,1.6755229448455879e-15,17.62170968597708,16
0.35,5,144,1,1,1016,broad_xyz,22.359644512058754,False,0.6512652343016512,0.8635904192081199,0.48320759065638835,-0.49235406602337267,-0.42451177172266885,-0.3275764609954268,0.5119758926263168,0.27902729913351426,1.6755229448455879e-15,17.62170968597708,16
0.37,5,144,1,1,1016,broad_xyz,22.359644512058754,False,0.5791782601924591,0.87961197924788,0.5437228428580924,-0.6296139128375903,-0.46294257434715425,-0.21302747583590603,0.5841691722981299,0.2802663403194421,1.6755229448455879e-15,17.62170968597708,16
0.39,5,144,1,1,1016,broad_xyz,22.359644512058754,False,0.5018841425120791,0.8690657763103457,0.5907516880238337,-0.7064352426589567,-0.5232329520781619,-0.14163878456021414,0.6469164396283786,0.2841686205241647,1.6755229448455879e-15,17.62170968597708,16
0.41000000000000003,5,144,1,1,1016,broad_xyz,22.359644512058754,False,0.44344718028299185,0.8580217765974002,0.6188464215328016,-0.7416094353556745,-0.5668802776955435,-0.08840134326456432,0.6924065798391595,0.28934771889576055,1.6755229448455879e-15,17.62170968597708,16
0.43,5,144,1,1,1016,broad_xyz,22.359644512058754,False,0.41535651097685966,0.854157299064146,0.6276685767871927,-0.7556368124833007,-0.5847226866766209,-0.06958715599073168,0.7182328694435696,0.29532028411460093,1.6755229448455879e-15,17.62170968597708,16
0.45,5,144,1,1,1016,broad_xyz,22.359644512058754,False,0.4208776349976698,0.8575587354078883,0.6278418133095064,-0.755955204374059,-0.5810081136145554,-0.11238958839617011,0.7245087953997243,0.3037102603384685,1.6755229448455879e-15,17.62170968597708,16
0.5,5,144,1,1,1016,broad_xyz,22.359644512058754,False,0.5507236644811934,0.8702558888732582,0.6256873594804632,-0.6849021065017092,-0.5365562268008596,-0.31113657749049656,0.7020129308050992,0.34092706618286833,1.6755229448455879e-15,17.62170968597708,16
0.55,5,144,1,1,1016,broad_xyz,22.359644512058754,False,0.6741541844095167,0.803386780934894,0.6957754862131266,-0.45143190975825015,-0.5643170677056448,-0.5304328505307193,0.7051010183605007,0.4163429207787421,1.6755229448455879e-15,17.62170968597708,16
0.6,5,144,1,1,1016,broad_xyz,22.359644512058754,False,0.7245173955935568,0.7557406842602784,0.8235416711654072,-0.2222442818383704,-0.6282512062397165,-0.5970085116640093,0.8356266652992599,0.47967695622701634,1.6755229448455879e-15,17.62170968597708,16
0.6499999999999999,5,144,1,1,1016,broad_xyz,22.359644512058754,False,0.7212327026061369,0.7734762415481998,0.8779438999997522,-0.21899719353646602,-0.7041988887403777,-0.5535198701310556,0.9086343624001518,0.4969225197412324,1.6755229448455879e-15,17.62170968597708,16
0.7,5,144,1,1,1016,broad_xyz,22.359644512058754,False,0.6746559592448831,0.7872689277499405,0.8842548047218635,-0.16713624169949226,-0.7606441792226273,-0.508850879043743,0.8959547350648549,0.4699195686151024,1.6755229448455879e-15,17.62170968597708,16
0.725,5,144,1,1,1016,broad_xyz,22.359644512058754,False,0.6326973106267284,0.7839013443759643,0.8768698805838889,-0.05558903709116115,-0.768540276366923,-0.4933406286550486,0.9391655069820763,0.44638594581321733,1.6755229448455879e-15,17.62170968597708,16
0.75,5,144,1,1,1016,broad_xyz,22.359644512058754,False,0.568530440388291,0.7742629240163537,0.8623688762995243,0.08984016661067047,-0.7625636580300322,-0.47862805473850206,0.9753684353996384,0.4209047922498357,1.6755229448455879e-15,17.62170968597708,16
0.775,5,144,1,1,1016,broad_xyz,22.359644512058754,False,0.47898070051129266,0.7589948931501351,0.8422042023116666,0.21553477260016485,-0.7403540752419208,-0.46167791918533463,0.9962814889144536,0.3965117711949573,1.6755229448455879e-15,17.62170968597708,16
0.8,5,144,1,1,1016,broad_xyz,22.359644512058754,False,0.3707321360682266,0.7380280424398484,0.8184518728458301,0.2881587213833724,-0.6997239813773933,-0.4405066681893875,1.0036127433426014,0.3753335615521205,1.6755229448455879e-15,17.62170968597708,16
0.825,5,144,1,1,1016,broad_xyz,22.359644512058754,False,0.2564304193293006,0.7131944402954802,0.7949007546289715,0.31275114481851235,-0.6439700088238289,-0.41514805267518495,0.9998370636273839,0.3587495908790974,1.6755229448455879e-15,17.62170968597708,16
0.85,5,144,1,1,1016,broad_xyz,22.359644512058754,False,0.15450107095252363,0.691172541059288,0.7775781394204033,0.3108915767414406,-0.5847580852576233,-0.3892157234629882,0.9873346656678755,0.3474780901325291,1.6755229448455879e-15,17.62170968597708,16
0.875,5,144,1,1,1016,broad_xyz,22.359644512058754,False,0.08455483789405283,0.6816442792824471,0.7715967758877196,0.3006202447313343,-0.5385815865247449,-0.3657179981546624,0.967886588524892,0.3413695280154807,1.6755229448455879e-15,17.62170968597708,16
0.9,5,144,1,1,1016,broad_xyz,22.359644512058754,False,0.05507333222141241,0.6887330825667296,0.7765465763668961,0.28831271403816966,-0.531872455888343,-0.34625825020699874,0.9426191804315416,0.3396900606754477,1.6755229448455879e-15,17.62170968597708,16
0.95,5,144,1,1,1016,broad_xyz,22.359644512058754,False,0.09988535709112595,0.715562268275699,0.7793409324943461,0.21745637032281423,-0.6683400493913664,-0.32377734557185617,0.8780543641101025,0.3488722855593307,1.6755229448455879e-15,17.62170968597708,16
1.0,5,144,1,1,1016,broad_xyz,22.359644512058754,False,0.21951018564471764,0.7024429553591645,0.7519702468413687,0.07084202549359223,-0.7255598935354453,-0.32150797600606845,0.8248495157443334,0.3711529994869846,1.6755229448455879e-15,17.62170968597708,16
0.05,5,144,1,1,1017,broad_xyz,22.359644512058754,False,0.2517524738685212,0.49444433259114173,-0.37943912662330465,-0.42872325009918355,-0.41248637904146956,0.1726929929073299,0.003971879379385835,0.0008094982822942787,1.6755229448455879e-15,17.62170968597708,17
0.075,5,144,1,1,1017,broad_xyz,22.359644512058754,False,0.22208319116880937,0.49213522703146323,-0.375393817482454,-0.42798920788842854,-0.40204159434501047,0.12591493436218196,0.00987191715204961,0.0018993439428381749,1.6755229448455879e-15,17.62170968597708,17
0.1,5,144,1,1,1017,broad_xyz,22.359644512058754,False,0.17564751662896874,0.48307995219319677,-0.37040275939491,-0.4285688129637527,-0.3832115966011053,0.07288339153792107,0.022189799733158044,0.0037579065051823665,1.6755229448455879e-15,17.62170968597708,17
0.125,5,144,1,1,1017,broad_xyz,22.359644512058754,False,0.16502059977960243,0.48856406366104327,-0.3512640566003195,-0.42516015642353533,-0.3390317456571243,0.009869992103704565,0.04320755730095787,0.007143163428623089,1.6755229448455879e-15,17.62170968597708,17
0.15,5,144,1,1,1017,broad_xyz,22.359644512058754,False,0.20579036775758922,0.4985063947891816,-0.3084294653150142,-0.4078491431478308,-0.27302352848968564,-0.04455319343115654,0.074855471990603,0.012918652297056264,1.6755229448455879e-15,17.62170968597708,17
0.1625,5,144,1,1,1017,broad_xyz,22.359644512058754,False,0.2612947655882593,0.5099346170638768,-0.26735360147972054,-0.385180768766376,-0.22583141183541008,-0.08163686852844411,0.09481490992517651,0.017405688983922443,1.6755229448455879e-15,17.62170968597708,17
0.175,5,144,1,1,1017,broad_xyz,22.359644512058754,False,0.33459516890383306,0.5250351182718485,-0.21471266189254903,-0.35338460678281103,-0.17901223116712994,-0.12202828701756403,0.11729570991043156,0.023415492196991447,1.6755229448455879e-15,17.62170968597708,17
0.1875,5,144,1,1,1017,broad_xyz,22.359644512058754,False,0.4158262207063526,0.5302115622302742,-0.1333714419359461,-0.2953433745924578,-0.12210187064923884,-0.17669866907834084,0.14189669005097638,0.03179204860139454,1.6755229448455879e-15,17.62170968597708,17
0.2,5,144,1,1,1017,broad_xyz,22.359644512058754,False,0.4781763707206183,0.5101087646139276,-0.008191570533959596,-0.19434466402404427,-0.047506388677436076,-0.2587579521877134,0.16804428733724897,0.04349423798905653,1.6755229448455879e-15,17.62170968597708,17
0.2125,5,144,1,1,1017,broad_xyz,22.359644512058754,False,0.46472875117198903,0.41096013115833624,0.18556940205749747,-0.022987705009600193,0.059005614628768285,-0.38764305157325374,0.19501957929984667,0.05946351072851064,1.6755229448455879e-15,17.62170968597708,17
0.225,5,144,1,1,1017,broad_xyz,22.359644512058754,False,0.4298583766503372,0.31030187682279275,0.3529485279405955,0.12346010397297087,0.06137004404749124,-0.47953960810316876,0.2220015888413766,0.07757982124006692,1.6755229448455879e-15,17.62170968597708,17
0.2375,5,144,1,1,1017,broad_xyz,22.359644512058754,False,0.3897199488837842,0.2287464926325501,0.4828816574660806,0.232927158373335,-0.06902543137653436,-0.5375251661530119,0.24812313327866878,0.09707878389108976,1.6755229448455879e-15,17.62170968597708,17
0.25,5,144,1,1,1017,broad_xyz,22.359644512058754,False,0.35253439750195853,0.17114861248335744,0.577106226605355,0.30569955730916026,-0.3095194150227558,-0.5736704759676907,0.2725341992162897,0.11716945585059567,1.6755229448455879e-15,17.62170968597708,17
0.27,5,144,1,1,1017,broad_xyz,22.359644512058754,False,0.30782867368586686,0.1273910393478763,0.6726462723050485,0.36071723276169215,-0.6705417574195828,-0.5995611421020717,0.3132742508670868,0.14859971481765158,1.6755229448455879e-15,17.62170968597708,17
0.29,5,144,1,1,1017,broad_xyz,22.359644512058754,False,0.28560235331069805,0.13345937401985064,0.7146412646611964,0.34597092005993996,-0.8174479887933097,-0.5993032901887021,0.37861897298339436,0.1762154201167136,1.6755229448455879e-15,17.62170968597708,17
0.31,5,144,1,1,1017,broad_xyz,22.359644512058754,False,0.2905375807700538,0.1826469158416737,0.7072818674502149,0.2561983263615152,-0.8412114549475264,-0.5753864996601935,0.4371940240734518,0.19695098214098344,1.6755229448455879e-15,17.62170968597708,17
0.33,5,144,1,1,1017,broad_xyz,22.359644512058754,False,0.32591761573541206,0.27115465432380337,0.6469179704830946,0.09407313517340013,-0.7967430253925457,-0.5208445247116694,0.4833350478123376,0.20864743274843645,1.6755229448455879e-15,17.62170968597708,17
0.35,5,144,1,1,1017,broad_xyz,22.359644512058754,False,0.38667619959166355,0.38907139270778784,0.5314438908358585,-0.11528172356895515,-0.6945673983691849,-0.42618624596375676,0.5149022413560552,0.2105691301878664,1.6755229448455879e-15,17.62170968597708,17
0.37,5,144,1,1,1017,broad_xyz,22.359644512058754,False,0.4493838409125538,0.5085771203403336,0.38114014243428596,-0.32705970880568275,-0.5507874670139313,-0.2955660652326384,0.5349447117599053,0.20419629887636392,1.6755229448455879e-15,17.62170968597708,17
0.39,5,144,1,1,1017,broad_xyz,22.359644512058754,False,0.47072928721741797,0.5532833490554926,0.32865152372615924,-0.40426890898271856,-0.47069413032764434,-0.23700268013012085,0.5415159511287998,0.20033227135214682,1.6755229448455879e-15,17.62170968597708,17
0.41000000000000003,5,144,1,1,1017,broad_xyz,22.359644512058754,False,0.4879729450067249,0.5855894823026515,0.29220754194464976,-0.45461207242774654,-0.38745137638500055,-0.170283775220843,0.5386159768983698,0.19575545942750341,1.6755229448455879e-15,17.62170968597708,17
0.43,5,144,1,1,1017,broad_xyz,22.359644512058754,False,0.4898525136444471,0.6075953178164105,0.2695578292192299,-0.4927884666804558,-0.2956227180522087,-0.09122617344623855,0.5313982590850654,0.1932028342644227,1.6755229448455879e-15,17.62170968597708,17
0.45,5,144,1,1,1017,broad_xyz,22.359644512058754,False,0.47126542122192183,0.61889003204714,0.26307579759810235,-0.524989428922712,-0.22190541224079127,-0.01483750423303603,0.5245899843191593,0.1957816596507183,1.6755229448455879e-15,17.62170968597708,17
0.5,5,144,1,1,1017,broad_xyz,22.359644512058754,False,0.41071931354069235,0.6359197842700642,0.30623233796980426,-0.6047346290771303,-0.2564738086793053,0.0567008738323016,0.6017261716450767,0.2330329766359481,1.6755229448455879e-15,17.62170968597708,17
0.55,5,144,1,1,1017,broad_xyz,22.359644512058754,False,0.4026817045389146,0.5943701523362392,0.4914691025368115,-0.5677256467763755,-0.6123132605115805,-0.15144804486638633,0.6579500290918705,0.30932327219249434,1.6755229448455879e-15,17.62170968597708,17
0.6,5,144,1,1,1017,broad_xyz,22.359644512058754,False,0.368846615372319,0.48503119607812917,0.6849175065639758,-0.4329745183188002,-0.841961037884881,-0.4269612183184326,0.7809015735524725,0.37243130646292255,1.6755229448455879e-15,17.62170968597708,17
0.6499999999999999,5,144,1,1,1017,broad_xyz,22.359644512058754,False,0.26485371450294837,0.46705705495332656,0.6606346726225638,-0.4600686763903202,-0.8305617759337799,-0.44105411781206094,0.8348688938495312,0.379060391566099,1.6755229448455879e-15,17.62170968597708,17
0.7,5,144,1,1,1017,broad_xyz,22.359644512058754,False,0.21077758182673273,0.5054572249794422,0.6124591760981926,-0.4774669257289897,-0.7635724301004919,-0.3727095632541194,0.831029142116116,0.3577962422670595,1.6755229448455879e-15,17.62170968597708,17
0.725,5,144,1,1,1017,broad_xyz,22.359644512058754,False,0.22577591641216188,0.543118404490143,0.6394643092393205,-0.409340853615456,-0.7552391601114995,-0.3564993888061068,0.8179111685054954,0.34954877477030355,1.6755229448455879e-15,17.62170968597708,17
0.75,5,144,1,1,1017,broad_xyz,22.359644512058754,False,0.27566057951701556,0.5989589852348232,0.6972579054509334,-0.2599586731599375,-0.7561880351412495,-0.3550621818627427,0.7964761910919133,0.3450581997470799,1.6755229448455879e-15,17.62170968597708,17
0.775,5,144,1,1,1017,broad_xyz,22.359644512058754,False,0.35166441382093444,0.6618991662577915,0.7609704763624647,-0.028775882505342326,-0.7574238254187673,-0.35958401712544996,0.7653725479527566,0.34251499734593543,1.6755229448455879e-15,17.62170968597708,17
0.8,5,144,1,1,1017,broad_xyz,22.359644512058754,False,0.4413588125464734,0.7166414922365236,0.8069268698158273,0.2161613969968087,-0.7479943484334569,-0.36489209388455474,0.7217382031852323,0.34004687734839145,1.6755229448455879e-15,17.62170968597708,17
0.825,5,144,1,1,1017,broad_xyz,22.359644512058754,False,0.5266086872440418,0.7544948405408984,0.8277866580220423,0.3788540152009423,-0.7116622845761358,-0.3723073306249031,0.6921207409612165,0.336929612960981,1.6755229448455879e-15,17.62170968597708,17
0.85,5,144,1,1,1017,broad_xyz,22.359644512058754,False,0.5700122184513423,0.7638485514419366,0.822260988195216,0.4392835455126292,-0.6368859593065841,-0.3823182927569323,0.6747733677924371,0.33270313101342225,1.6755229448455879e-15,17.62170968597708,17
0.875,5,144,1,1,1017,broad_xyz,22.359644512058754,False,0.554711135618606,0.7477040987818465,0.8045437569235487,0.44423504590201207,-0.5328060051326301,-0.3880610866502269,0.6751250385710023,0.32759587821366964,1.6755229448455879e-15,17.62170968597708,17
0.9,5,144,1,1,1017,broad_xyz,22.359644512058754,False,0.5014562223402059,0.7180669653239745,0.7925927282803812,0.43490879610067257,-0.44382041539502787,-0.38710435479963723,0.6930272277288424,0.323768719229857,1.6755229448455879e-15,17.62170968597708,17
0.95,5,144,1,1,1017,broad_xyz,22.359644512058754,False,0.39695771991973167,0.6549595492530105,0.7971537948501723,0.39983163710147235,-0.49308500629836166,-0.3650708398864316,0.6879496014850418,0.3263551564626548,1.6755229448455879e-15,17.62170968597708,17
1.0,5,144,1,1,1017,broad_xyz,22.359644512058754,False,0.36254144102899877,0.6285925737867519,0.8105672770501813,0.31343672666398675,-0.5868411681933627,-0.35834853003211503,0.730964061085287,0.3426309009210292,1.6755229448455879e-15,17.62170968597708,17
0.05,5,144,1,1,1018,broad_xyz,22.359644512058754,False,0.5086810016643499,0.4424433282938205,0.06537480254738381,-0.03357411402271488,0.06362590622757,-0.06444820937241878,0.008263799268895141,0.0012545519470523404,1.6755229448455879e-15,17.62170968597708,18
0.075,5,144,1,1,1018,broad_xyz,22.359644512058754,False,0.46445701930220723,0.42102719935200444,0.056951685145239656,-0.04958357532404027,0.028651196494208993,-0.14693668066120352,0.01835012599758221,0.0027480020119217408,1.6755229448455879e-15,17.62170968597708,18
0.1,5,144,1,1,1018,broad_xyz,22.359644512058754,False,0.4331457972085772,0.39251335480206745,0.048370802723394155,-0.06148960320240293,-0.019506488699381083,-0.20589649911255362,0.03205659318972264,0.004738201433826248,1.6755229448455879e-15,17.62170968597708,18
0.125,5,144,1,1,1018,broad_xyz,22.359644512058754,False,0.41562958958182095,0.367310013818572,0.04958961648916654,-0.06280960464253506,-0.050470660153168125,-0.2520198521545196,0.04947870305388283,0.007352731537631416,1.6755229448455879e-15,17.62170968597708,18
0.15,5,144,1,1,1018,broad_xyz,22.359644512058754,False,0.3734015107091458,0.3335628005463483,0.058195202352992775,-0.05776489018304811,-0.046543971178715816,-0.3069278073153319,0.0712540601128423,0.0112526959181945,1.6755229448455879e-15,17.62170968597708,18
0.1625,5,144,1,1,1018,broad_xyz,22.359644512058754,False,0.3393684789662654,0.31691971330182966,0.06562669727236696,-0.05191065032232309,-0.03546076842321314,-0.3267757524231575,0.08409212732636011,0.013800056063017676,1.6755229448455879e-15,17.62170968597708,18
0.175,5,144,1,1,1018,broad_xyz,22.359644512058754,False,0.2969792191849588,0.30747460772094465,0.0751190183075058,-0.04426045316686828,-0.020479019477455004,-0.3351500912782373,0.09841515450104324,0.016938825090377634,1.6755229448455879e-15,17.62170968597708,18
0.1875,5,144,1,1,1018,broad_xyz,22.359644512058754,False,0.24728477200190832,0.3054360509399554,0.08755615767902626,-0.03372600003328745,-0.0008752727466719523,-0.3298526508949562,0.11433643434130375,0.020764415323113815,1.6755229448455879e-15,17.62170968597708,18
0.2,5,144,1,1,1018,broad_xyz,22.359644512058754,False,0.1442593224499155,0.25106995114558806,0.12386034757623397,0.00031447021230140434,0.058091449798669634,-0.35223501743162416,0.1319178636934038,0.026400724844169783,1.6755229448455879e-15,17.62170968597708,18
0.2125,5,144,1,1,1018,broad_xyz,22.359644512058754,False,0.017085182424846437,0.18101901306537682,0.17085851499656593,0.04421762154849904,0.13355618271376332,-0.35178585340480933,0.1543197429147182,0.03358773121313591,1.6755229448455879e-15,17.62170968597708,18
0.225,5,144,1,1,1018,broad_xyz,22.359644512058754,False,-0.09009434999973903,0.1257712224052947,0.21366680305425848,0.08314591689375982,0.2022213014705158,-0.326902702123444,0.17950017253999048,0.042151364527869356,1.6755229448455879e-15,17.62170968597708,18
0.2375,5,144,1,1,1018,broad_xyz,22.359644512058754,False,-0.15903808045469772,0.09885350555000849,0.2627974002355723,0.1270726456928652,0.26488980509074833,-0.2928005970407298,0.20708814313977686,0.05220749846683294,1.6755229448455879e-15,17.62170968597708,18
0.25,5,144,1,1,1018,broad_xyz,22.359644512058754,False,-0.19053736818699296,0.09679539818471977,0.32944542605745575,0.18742729868149421,0.3291713471305497,-0.2616606814823171,0.2366477857747151,0.06404890857409534,1.6755229448455879e-15,17.62170968597708,18
0.27,5,144,1,1,1018,broad_xyz,22.359644512058754,False,-0.1875943543292334,0.1184351903021146,0.48034120910499983,0.3255564351987564,0.3852469792625329,-0.23818817164022218,0.28623806014152475,0.08685352822872064,1.6755229448455879e-15,17.62170968597708,18
0.29,5,144,1,1,1018,broad_xyz,22.359644512058754,False,-0.12107314195988299,0.17982491823370428,0.6011200959073477,0.42495969448771537,0.26694459409918053,-0.2387848073061414,0.3409056176219302,0.11192104663106212,1.6755229448455879e-15,17.62170968597708,18
0.31,5,144,1,1,1018,broad_xyz,22.359644512058754,False,-0.02329192052710686,0.26359904103163123,0.667732332658209,0.4517894986175733,0.011517752920078691,-0.2497684896526793,0.40210049959767935,0.13692758480194972,1.6755229448455879e-15,17.62170968597708,18
0.33,5,144,1,1,1018,broad_xyz,22.359644512058754,False,0.0905343826137581,0.35372938225453915,0.6905183357522239,0.40597692959529447,-0.24316453705064928,-0.26291346782102065,0.4537954672413142,0.15982166083676472,1.6755229448455879e-15,17.62170968597708,18
0.35,5,144,1,1,1018,broad_xyz,22.359644512058754,False,0.21142544976734495,0.4399723778472801,0.6821462722040893,0.29246495802537603,-0.42549676523789975,-0.27428268673486916,0.49828199431876363,0.1789405819613893,1.6755229448455879e-15,17.62170968597708,18
0.37,5,144,1,1,1018,broad_xyz,22.359644512058754,False,0.3298069856186526,0.5099877197636936,0.6602439823095688,0.13435742559837816,-0.5265977532453614,-0.28317753860634554,0.5395887260147102,0.19343878280066762,1.6755229448455879e-15,17.62170968597708,18
0.39,5,144,1,1,1018,broad_xyz,22.359644512058754,False,0.4364831653650782,0.556678058533413,0.6475215996926204,-0.019278326129944866,-0.5798094454288051,-0.29120325346716186,0.6005732584925801,0.20358913526938752,1.6755229448455879e-15,17.62170968597708,18
0.41000000000000003,5,144,1,1,1018,broad_xyz,22.359644512058754,False,0.5196632753089301,0.5855159474226165,0.647841591737881,-0.1377188264936814,-0.5912904861784595,-0.2973634639251959,0.667070625701439,0.20959352147468235,1.6755229448455879e-15,17.62170968597708,18
0.43,5,144,1,1,1018,broad_xyz,22.359644512058754,False,0.539945825933297,0.5953603284601398,0.6470155627521431,-0.22324737653393498,-0.5714012928086301,-0.2999227908598195,0.7213083155681878,0.21184208195380455,1.6755229448455879e-15,17.62170968597708,18
0.45,5,144,1,1,1018,broad_xyz,22.359644512058754,False,0.4578380460619417,0.5835020723481319,0.6339586534341333,-0.2892896812673198,-0.5455782701917362,-0.2963794102125427,0.7605558555082811,0.2116987743593403,1.6755229448455879e-15,17.62170968597708,18
0.5,5,144,1,1,1018,broad_xyz,22.359644512058754,False,0.06574103330266286,0.48203957804644415,0.49376061670891885,-0.46617269551769214,-0.5290959594974958,-0.24395815213180105,0.7884812985398029,0.21230463245061895,1.6755229448455879e-15,17.62170968597708,18
0.55,5,144,1,1,1018,broad_xyz,22.359644512058754,False,-0.014771218420249567,0.44987838591306384,0.4018740796865521,-0.5362643640695716,-0.5818204651853883,-0.15032819360633062,0.8071970572462788,0.23610686286949362,1.6755229448455879e-15,17.62170968597708,18
0.6,5,144,1,1,1018,broad_xyz,22.359644512058754,False,0.15801299273159156,0.4815518184900245,0.5212903038541007,-0.39557783799654617,-0.696215444551147,-0.154344678482202,0.8322261716458721,0.2867662125467235,1.6755229448455879e-15,17.62170968597708,18
0.6499999999999999,5,144,1,1,1018,broad_xyz,22.359644512058754,False,0.4976798414779158,0.5770235300603856,0.6281942548821473,-0.21618514483379112,-0.7723227684682563,-0.26714551194511044,0.8518556048785293,0.32053434660750596,1.6755229448455879e-15,17.62170968597708,18
0.7,5,144,1,1,1018,broad_xyz,22.359644512058754,False,0.4613068178107506,0.551284948487622,0.569091990065927,-0.185783308692277,-0.7804217090051957,-0.3573629244983296,0.7278816312732366,0.310794520418737,1.6755229448455879e-15,17.62170968597708,18
0.725,5,144,1,1,1018,broad_xyz,22.359644512058754,False,0.3348410886113952,0.5025722198201712,0.512210530378154,-0.18226189269054185,-0.7483894239071903,-0.3620412474576213,0.7441593694703506,0.2958903472324065,1.6755229448455879e-15,17.62170968597708,18
0.75,5,144,1,1,1018,broad_xyz,22.359644512058754,False,0.2244598012335745,0.4567022682955793,0.4734638298318711,-0.1493944495960757,-0.6946222034897548,-0.35128230046267,0.763107016660683,0.28248878276690736,1.6755229448455879e-15,17.62170968597708,18
0.775,5,144,1,1,1018,broad_xyz,22.359644512058754,False,0.1650635007151169,0.4295060660930513,0.47929407479891273,-0.06246409182235122,-0.6327428673504244,-0.3470165137739705,0.7430164318049708,0.27627501068080146,1.6755229448455879e-15,17.62170968597708,18
0.8,5,144,1,1,1018,broad_xyz,22.359644512058754,False,0.16807563527945046,0.4197533451795832,0.52911717593024,0.07191006998369903,-0.5728728976878101,-0.36025184557480366,0.6987129206654688,0.2782934948338437,1.6755229448455879e-15,17.62170968597708,18
0.825,5,144,1,1,1018,broad_xyz,22.359644512058754,False,0.23473532806786968,0.42610109850972383,0.5901140924340654,0.20627648975798316,-0.5107461915657996,-0.38402617109307946,0.6434303759575355,0.28455414338937274,1.6755229448455879e-15,17.62170968597708,18
0.85,5,144,1,1,1018,broad_xyz,22.359644512058754,False,0.3197554487017655,0.4433176335904357,0.6386765945100015,0.3112054983027975,-0.45884501731997174,-0.4167979862765167,0.6539577112480748,0.290933121816818,1.6755229448455879e-15,17.62170968597708,18
0.875,5,144,1,1,1018,broad_xyz,22.359644512058754,False,0.3735186219946528,0.47052818519087236,0.6714152398374289,0.3853727325076597,-0.39079035795549305,-0.45689706755230153,0.6700485705660989,0.29422526014582556,1.6755229448455879e-15,17.62170968597708,18
0.9,5,144,1,1,1018,broad_xyz,22.359644512058754,False,0.3740639455109705,0.4970340406453012,0.6833054769600945,0.42271422762922234,-0.3027182536465415,-0.49071189412990723,0.7056861724305413,0.2928855892345983,1.6755229448455879e-15,17.62170968597708,18
0.95,5,144,1,1,1018,broad_xyz,22.359644512058754,False,0.32510858912361645,0.5168380281925171,0.6480197631984456,0.37867108995477666,-0.234923679501222,-0.5001380470356697,0.7172648618965447,0.28206831933840715,1.6755229448455879e-15,17.62170968597708,18
1.0,5,144,1,1,1018,broad_xyz,22.359644512058754,False,0.32019027771953346,0.48420618317234243,0.5764956132465185,0.24877276482183777,-0.27336857390325064,-0.4408646493601305,0.7070332236146777,0.2773960541586237,1.6755229448455879e-15,17.62170968597708,18
0.05,5,144,1,1,1019,broad_xyz,22.359644512058754,False,0.5008383589686474,0.4739389867455277,-0.4132824433008323,-0.425819291739232,-0.38866599314420025,0.04648476999926584,0.004405522844279261,0.0006091289105247795,1.6755229448455879e-15,17.62170968597708,19
0.075,5,144,1,1,1019,broad_xyz,22.359644512058754,False,0.5120029163484922,0.5098556879594718,-0.4289389453588261,-0.44484362288752083,-0.3899845083909848,0.10293064598619919,0.010035991674987615,0.0015616959320705296,1.6755229448455879e-15,17.62170968597708,19
0.1,5,144,1,1,1019,broad_xyz,22.359644512058754,False,0.4929701058946336,0.5490804275800649,-0.44821904051546063,-0.46807575876433544,-0.3866287332109631,0.1633087157821136,0.01804725556943979,0.003281864750573013,1.6755229448455879e-15,17.62170968597708,19
0.125,5,144,1,1,1019,broad_xyz,22.359644512058754,False,0.4731511589391149,0.5816506397597594,-0.4557942853057593,-0.48099690438216464,-0.3649329347229683,0.20359778215030297,0.028396743776398413,0.006006484671363894,1.6755229448455879e-15,17.62170968597708,19
0.15,5,144,1,1,1019,broad_xyz,22.359644512058754,False,0.4818270523033365,0.6017428800575786,-0.4554650626673943,-0.48649039943001227,-0.3313547367299785,0.21605925399773523,0.04084426080106859,0.009812920844593145,1.6755229448455879e-15,17.62170968597708,19
0.1625,5,144,1,1,1019,broad_xyz,22.359644512058754,False,0.498496223947852,0.6125116195043123,-0.4493575943409113,-0.48404196444742414,-0.30750190380118103,0.21138602502497042,0.04772204434672936,0.012205040860067564,1.6755229448455879e-15,17.62170968597708,19
0.175,5,144,1,1,1019,broad_xyz,22.359644512058754,False,0.5405164301721791,0.6285035487140821,-0.4373859090123262,-0.47603653987482,-0.27315821391211353,0.18542501384810225,0.05494649630009838,0.015134928979999332,1.6755229448455879e-15,17.62170968597708,19
0.1875,5,144,1,1,1019,broad_xyz,22.359644512058754,False,0.5981594072851306,0.646240155099549,-0.4131207009832326,-0.4559683463151443,-0.22589644258109617,0.13862607340786318,0.06315724505665082,0.018611987286278137,1.6755229448455879e-15,17.62170968597708,19
0.2,5,144,1,1,1019,broad_xyz,22.359644512058754,False,0.6635311693229754,0.6623093838839016,-0.37469911299823605,-0.4215781841852502,-0.1669440597458233,0.07502276504309907,0.07257330355912012,0.0227049294686791,1.6755229448455879e-15,17.62170968597708,19
0.2125,5,144,1,1,1019,broad_xyz,22.359644512058754,False,0.7297583520388575,0.6749975702310307,-0.3184764046110107,-0.3690507558761296,-0.09970560138303812,-0.003936286466451201,0.0821271321354519,0.027570867407732038,1.6755229448455879e-15,17.62170968597708,19
0.225,5,144,1,1,1019,broad_xyz,22.359644512058754,False,0.7629178450977249,0.6404565500068183,-0.20811355363499073,-0.2634042357334925,-0.00011539198884013093,-0.13799706795217623,0.09169619442985166,0.03422018723195719,1.6755229448455879e-15,17.62170968597708,19
0.2375,5,144,1,1,1019,broad_xyz,22.359644512058754,False,0.7152540998576206,0.46558443314320186,0.08400054053246601,0.016278948258511824,0.22057049303338627,-0.4191421093778282,0.11940184547366223,0.04534339601673993,1.6755229448455879e-15,17.62170968597708,19
0.25,5,144,1,1,1019,broad_xyz,22.359644512058754,False,0.6003466386300429,0.2587540324340345,0.3619368610614841,0.2838318186496159,0.3800396162775797,-0.6436473811654162,0.15198810658258796,0.05853438155829974,1.6755229448455879e-15,17.62170968597708,19
0.27,5,144,1,1,1019,broad_xyz,22.359644512058754,False,0.41104310478357436,0.030172093153864352,0.5992299887033361,0.5061630373606284,0.378305138821737,-0.7806114434203771,0.2107786185438249,0.08147172465611208,1.6755229448455879e-15,17.62170968597708,19
0.29,5,144,1,1,1019,broad_xyz,22.359644512058754,False,0.2871964103295126,-0.07686480848203628,0.6941668437395039,0.5816271569838292,0.14360842737268797,-0.7997284963453105,0.27872821438391937,0.1053498270962238,1.6755229448455879e-15,17.62170968597708,19
0.31,5,144,1,1,1019,broad_xyz,22.359644512058754,False,0.20796714785418807,-0.11107522466469023,0.7262009149073002,0.5863492114290377,-0.22867358423026105,-0.775601235361964,0.35051195684589276,0.12765554633872492,1.6755229448455879e-15,17.62170968597708,19
0.33,5,144,1,1,1019,broad_xyz,22.359644512058754,False,0.15718523571084006,-0.0983330343838224,0.7248008001899865,0.5479481963453525,-0.5228791670257746,-0.7283200319049496,0.4192005516525612,0.14598898435874721,1.6755229448455879e-15,17.62170968597708,19
0.35,5,144,1,1,1019,broad_xyz,22.359644512058754,False,0.1378907922765718,-0.048761714784664026,0.6961837239433305,0.4686188736038813,-0.6662787324376732,-0.6585328743972607,0.47929262408019596,0.15847623061209923,1.6755229448455879e-15,17.62170968597708,19
0.37,5,144,1,1,1019,broad_xyz,22.359644512058754,False,0.14581389269589667,0.03520723344098639,0.6335065293728714,0.3352944075141604,-0.6792723534306834,-0.5577737060030525,0.5254943190901065,0.16397413112385456,1.6755229448455879e-15,17.62170968597708,19
0.39,5,144,1,1,1019,broad_xyz,22.359644512058754,False,0.1702374509192821,0.14660459426752315,0.5284322553034736,0.13903338811786092,-0.5907426371040765,-0.41962216155340726,0.5532465875479808,0.16227146814463592,1.6755229448455879e-15,17.62170968597708,19
0.41000000000000003,5,144,1,1,1019,broad_xyz,22.359644512058754,False,0.1718259976735265,0.22012496866520143,0.44426292577570486,-0.033143341517094506,-0.4990557934075809,-0.29020637416283424,0.5592146770687272,0.15906195584429617,1.6755229448455879e-15,17.62170968597708,19
0.43,5,144,1,1,1019,broad_xyz,22.359644512058754,False,0.14883793844900298,0.22543715480792323,0.43734606826318784,-0.1018655936916182,-0.4936429519506846,-0.20599134939914335,0.5477288098950251,0.15981697277319584,1.6755229448455879e-15,17.62170968597708,19
0.45,5,144,1,1,1019,broad_xyz,22.359644512058754,False,0.13612319074952378,0.23838390681323207,0.42173561332462434,-0.15963616289359783,-0.48972009310057535,-0.12780713306877947,0.5357836695905228,0.15945574184604275,1.6755229448455879e-15,17.62170968597708,19
0.5,5,144,1,1,1019,broad_xyz,22.359644512058754,False,0.17136791925425607,0.3074419446538383,0.34094861229980106,-0.26612436631829434,-0.4175079131264725,-0.01918844804750694,0.5612329697813763,0.16083826812891028,1.6755229448455879e-15,17.62170968597708,19
0.55,5,144,1,1,1019,broad_xyz,22.359644512058754,False,0.29489606650606215,0.3896957151122322,0.22028203780091637,-0.33245918782223943,-0.206774725421089,-0.04495677713525866,0.53697034488653,0.16660568830046504,1.6755229448455879e-15,17.62170968597708,19
0.6,5,144,1,1,1019,broad_xyz,22.359644512058754,False,0.24064477893669395,0.29391679197327186,0.31691823381618706,-0.16445700249266787,-0.297865952526488,-0.2516084242416022,0.5116564163535884,0.1927105938846461,1.6755229448455879e-15,17.62170968597708,19
0.6499999999999999,5,144,1,1,1019,broad_xyz,22.359644512058754,False,0.05070051918000607,0.09287003216445665,0.5096110185134287,0.05844003107262148,-0.4981817951718968,-0.4504348875292667,0.4797093241984711,0.2286213735292818,1.6755229448455879e-15,17.62170968597708,19
0.7,5,144,1,1,1019,broad_xyz,22.359644512058754,False,0.17029383325708786,0.16777557381893252,0.5404918311753211,0.06411485050393753,-0.4800742771478983,-0.46458782941889737,0.6540641529085218,0.24543200094771148,1.6755229448455879e-15,17.62170968597708,19
0.725,5,144,1,1,1019,broad_xyz,22.359644512058754,False,0.27972918831189214,0.248161140287068,0.5256493293960102,-0.003402768407370064,-0.5191709837934272,-0.4284845333951208,0.7181180317634583,0.2474219663397781,1.6755229448455879e-15,17.62170968597708,19
0.75,5,144,1,1,1019,broad_xyz,22.359644512058754,False,0.35201362094029426,0.30416826104722683,0.5159338609117874,-0.06815098770743414,-0.5788839437022718,-0.3872271660393988,0.7600688927062371,0.2468679177846153,1.6755229448455879e-15,17.62170968597708,19
0.775,5,144,1,1,1019,broad_xyz,22.359644512058754,False,0.377869659488518,0.3326268821081429,0.5271567512832727,-0.08922184186977444,-0.6342476651695677,-0.3512251213735254,0.7817322300536107,0.24469330692068925,1.6755229448455879e-15,17.62170968597708,19
0.8,5,144,1,1,1019,broad_xyz,22.359644512058754,False,0.36494897916778984,0.33970775424041966,0.5590107597064806,-0.05373705948206151,-0.6706894469010095,-0.32418760524188794,0.788380291193087,0.24255735730600284,1.6755229448455879e-15,17.62170968597708,19
0.825,5,144,1,1,1019,broad_xyz,22.359644512058754,False,0.33245526826508126,0.3322096165946759,0.5996176823185022,0.029257171091379167,-0.6748407468256206,-0.3059093924745632,0.7855264599960797,0.2426259400168918,1.6755229448455879e-15,17.62170968597708,19
0.85,5,144,1,1,1019,broad_xyz,22.359644512058754,False,0.30472174484117287,0.3197924831016842,0.634617336678156,0.13278405591357714,-0.6468880520077704,-0.2943456172108841,0.7739532019409965,0.24617418744688008,1.6755229448455879e-15,17.62170968597708,19
0.875,5,144,1,1,1019,broad_xyz,22.359644512058754,False,0.3006970382768861,0.3085188994358546,0.6628636943393952,0.23754970540269174,-0.592984176322316,-0.2967485803132969,0.7531719742878592,0.25433066677614224,1.6755229448455879e-15,17.62170968597708,19
0.9,5,144,1,1,1019,broad_xyz,22.359644512058754,False,0.3208751048062013,0.298997619877708,0.6795151804344391,0.32088434900243107,-0.5090207809385827,-0.30756418279669345,0.7189125681373701,0.2647310291196715,1.6755229448455879e-15,17.62170968597708,19
0.95,5,144,1,1,1019,broad_xyz,22.359644512058754,False,0.39809954872694703,0.327703516511842,0.709888902433342,0.4270330813930637,-0.41085544604126156,-0.3132504637105091,0.6881503611914168,0.2787445192484227,1.6755229448455879e-15,17.62170968597708,19
1.0,5,144,1,1,1019,broad_xyz,22.359644512058754,False,0.42937089635227643,0.37068571936640893,0.707651352191806,0.4272884352125535,-0.3902085727712943,-0.2918628225017324,0.6325345086457745,0.28036662391597905,1.6755229448455879e-15,17.62170968597708,19
0.05,5,144,1,1,1020,broad_xyz,22.359644512058754,False,0.2917228664392168,0.44893104278233653,0.12362353101786315,-0.06373753640487824,0.11302906313990128,0.2663182700692882,0.006281509005586508,0.0010874168670186425,1.6755229448455879e-15,17.62170968597708,20
0.075,5,144,1,1,1020,broad_xyz,22.359644512058754,False,0.3915054060842335,0.46168850134738765,0.16161581593213828,-0.031978988686859174,0.1375722290083057,0.2153948491619476,0.013851957168379805,0.002485321990391714,1.6755229448455879e-15,17.62170968597708,20
0.1,5,144,1,1,1020,broad_xyz,22.359644512058754,False,0.4272474041016148,0.47794544006697215,0.16503604508680192,-0.028726124198757235,0.13033326594661182,0.17242376678136567,0.024346589386466132,0.004726740799746822,1.6755229448455879e-15,17.62170968597708,20
0.125,5,144,1,1,1020,broad_xyz,22.359644512058754,False,0.433236791080967,0.48589191823177413,0.15144895546319706,-0.04434297366726485,0.1097029471325798,0.1505209694588462,0.0384999090261831,0.008261257654482114,1.6755229448455879e-15,17.62170968597708,20
0.15,5,144,1,1,1020,broad_xyz,22.359644512058754,False,0.440041544060554,0.4823036032728446,0.13004221030422372,-0.0735919365091044,0.09411207107572148,0.15431389856839028,0.05791095851756324,0.013785185258726922,1.6755229448455879e-15,17.62170968597708,20
0.1625,5,144,1,1,1020,broad_xyz,22.359644512058754,False,0.44348948803925675,0.47780007877588376,0.1195453764561826,-0.09104555436902863,0.09092225236331168,0.16309378821378806,0.06993238610335314,0.017561143434662533,1.6755229448455879e-15,17.62170968597708,20
0.175,5,144,1,1,1020,broad_xyz,22.359644512058754,False,0.44084712242228175,0.4696538506588472,0.11039822456584296,-0.10869362056647376,0.08942090719261213,0.1750448196217485,0.08384823909639229,0.02201955029339978,1.6755229448455879e-15,17.62170968597708,20
0.1875,5,144,1,1,1020,broad_xyz,22.359644512058754,False,0.4232213918133154,0.45699046406594984,0.10590059207510297,-0.12424307614455828,0.08685816500444403,0.18534891160506514,0.099666674896416,0.02728138007114765,1.6755229448455879e-15,17.62170968597708,20
0.2,5,144,1,1,1020,broad_xyz,22.359644512058754,False,0.38604682858347344,0.44907292386519687,0.10380981569507121,-0.13937118479140428,0.08124103365166743,0.19393927747202322,0.11787736926304881,0.03337511495500223,1.6755229448455879e-15,17.62170968597708,20
0.2125,5,144,1,1,1020,broad_xyz,22.359644512058754,False,0.3156684095420461,0.4332735411441828,0.11200541999992776,-0.14707599923199227,0.07291704078652737,0.2033856548957324,0.13945591208620328,0.04038722030210021,1.6755229448455879e-15,17.62170968597708,20
0.225,5,144,1,1,1020,broad_xyz,22.359644512058754,False,0.21922382392141682,0.42062563045971735,0.13281817397016427,-0.1447729073229845,0.05632913497511952,0.21472284695566737,0.16341159474502595,0.04827361527454321,1.6755229448455879e-15,17.62170968597708,20
0.2375,5,144,1,1,1020,broad_xyz,22.359644512058754,False,0.11203923350944217,0.41383876946965875,0.16618931716639598,-0.13251834009420624,0.02609926298577294,0.22910311953350926,0.18981598653838555,0.05712793282998699,1.6755229448455879e-15,17.62170968597708,20
0.25,5,144,1,1,1020,broad_xyz,22.359644512058754,False,0.005943160378449808,0.4083600991326513,0.2277254927094201,-0.09557484948665187,-0.012876981415483218,0.25458069776990927,0.21782737887527467,0.06743599746377732,1.6755229448455879e-15,17.62170968597708,20
0.27,5,144,1,1,1020,broad_xyz,22.359644512058754,False,-0.124806750522579,0.4020551950958479,0.3306430249593987,-0.0390622676390358,-0.16120596255562722,0.2905906019973963,0.26433906005078656,0.08521708746662685,1.6755229448455879e-15,17.62170968597708,20
0.29,5,144,1,1,1020,broad_xyz,22.359644512058754,False,-0.19041044160810358,0.4044818666647623,0.40498183724838416,-0.022313728052294705,-0.3726352709810616,0.30366939542499033,0.3099560347937419,0.10320656676808188,1.6755229448455879e-15,17.62170968597708,20
0.31,5,144,1,1,1020,broad_xyz,22.359644512058754,False,-0.2131965078088066,0.4159249648026042,0.4484308914131805,-0.048566605983285376,-0.5251066675669305,0.30079304382510397,0.35133346591079795,0.12044024498858524,1.6755229448455879e-15,17.62170968597708,20
0.33,5,144,1,1,1020,broad_xyz,22.359644512058754,False,-0.19489924683396723,0.4469283004151993,0.4664975168843468,-0.1078930454325318,-0.6054017854707828,0.28595774762719695,0.4012991558342345,0.1373543252474202,1.6755229448455879e-15,17.62170968597708,20
0.35,5,144,1,1,1020,broad_xyz,22.359644512058754,False,-0.14565708407385516,0.4941353659164502,0.46318361446392636,-0.18736634692987436,-0.6463378186094785,0.2641176408006597,0.4483241064458062,0.1534048423898527,1.6755229448455879e-15,17.62170968597708,20
0.37,5,144,1,1,1020,broad_xyz,22.359644512058754,False,-0.07689634966404742,0.5457559145563202,0.4501782291511917,-0.2626894305803348,-0.6645008115019101,0.2367708042963002,0.48766300651582933,0.1680805217459784,1.6755229448455879e-15,17.62170968597708,20
0.39,5,144,1,1,1020,broad_xyz,22.359644512058754,False,-0.0017894473652421443,0.5914290806586254,0.43811612285879964,-0.31453009340572213,-0.6737798666392496,0.20561122028920034,0.5216801870354963,0.18127600603675026,1.6755229448455879e-15,17.62170968597708,20
0.41000000000000003,5,144,1,1,1020,broad_xyz,22.359644512058754,False,0.0853702312805018,0.6387383336227671,0.4253531192879753,-0.34173579154813283,-0.664085033697404,0.1615161374969138,0.5335996762259384,0.1923469284793505,1.6755229448455879e-15,17.62170968597708,20
0.43,5,144,1,1,1020,broad_xyz,22.359644512058754,False,0.18828482665551127,0.6881213658307671,0.4193593201407424,-0.34163761184639874,-0.640517360626529,0.10872624672120902,0.5428077134219919,0.2018282625628714,1.6755229448455879e-15,17.62170968597708,20
0.45,5,144,1,1,1020,broad_xyz,22.359644512058754,False,0.3102740583830716,0.7357361860320674,0.4110727663280234,-0.3295780439608385,-0.5902896695434549,0.038147997398737934,0.5359064458399988,0.2093942516326287,1.6755229448455879e-15,17.62170968597708,20
0.5,5,144,1,1,1020,broad_xyz,22.359644512058754,False,0.5709996415324323,0.7603580075651196,0.39195430068896325,-0.3004283921232173,-0.4578315414996286,-0.14349754970827883,0.655946596902959,0.22384457723653423,1.6755229448455879e-15,17.62170968597708,20
0.55,5,144,1,1,1020,broad_xyz,22.359644512058754,False,0.5738130015162375,0.6717246500814836,0.438147157928735,-0.2809995062504205,-0.5190955291849291,-0.1758686953249674,0.7806899290425879,0.24049666620243515,1.6755229448455879e-15,17.62170968597708,20
0.6,5,144,1,1,1020,broad_xyz,22.359644512058754,False,0.5274815481988083,0.6062728218590092,0.6146291210315226,-0.11724616930561704,-0.6895821172309665,-0.0804887726611773,0.7919123615023209,0.2681648266161864,1.6755229448455879e-15,17.62170968597708,20
0.6499999999999999,5,144,1,1,1020,broad_xyz,22.359644512058754,False,0.4306869702034019,0.5993514687882967,0.7191615077283648,0.06758822289393505,-0.7524698887039795,-0.06461212548409347,0.8116907618163851,0.2841635372181208,1.6755229448455879e-15,17.62170968597708,20
0.7,5,144,1,1,1020,broad_xyz,22.359644512058754,False,0.1756563955343929,0.5712345483876191,0.6531739893028247,0.03547136800808922,-0.6988608090633331,-0.14307422805391498,0.7308809802060034,0.27877624429585607,1.6755229448455879e-15,17.62170968597708,20
0.725,5,144,1,1,1020,broad_xyz,22.359644512058754,False,0.0870630393921329,0.5692653126888293,0.6221306003413763,0.037905011611073465,-0.648474098320763,-0.1851225508998837,0.6322537209261998,0.2750764087371059,1.6755229448455879e-15,17.62170968597708,20
0.75,5,144,1,1,1020,broad_xyz,22.359644512058754,False,0.051789304780528116,0.5734302973779474,0.5992419858144421,0.0585065636887039,-0.6033023203426975,-0.21642335944796579,0.6419616270093271,0.27354974954636446,1.6755229448455879e-15,17.62170968597708,20
0.775,5,144,1,1,1020,broad_xyz,22.359644512058754,False,0.08170202355184822,0.5977971338140098,0.6015996179742767,0.1120116270661547,-0.5860144706584582,-0.2422342409825775,0.6493926027524686,0.2768960718038099,1.6755229448455879e-15,17.62170968597708,20
0.8,5,144,1,1,1020,broad_xyz,22.359644512058754,False,0.16816982106795533,0.6400650359653727,0.6296294435465908,0.18951567659831145,-0.5905729167471948,-0.26362928861755136,0.638793248162176,0.28493217817992306,1.6755229448455879e-15,17.62170968597708,20
0.825,5,144,1,1,1020,broad_xyz,22.359644512058754,False,0.2927962755112235,0.6939633345863081,0.6762860276643757,0.2731662278998498,-0.5912654899280204,-0.282034644162168,0.6690662672607377,0.2964236824672534,1.6755229448455879e-15,17.62170968597708,20
0.85,5,144,1,1,1020,broad_xyz,22.359644512058754,False,0.41212735876484896,0.7326254714211864,0.709175123005489,0.3221963161679961,-0.5727440813073424,-0.29487274923136597,0.7040975662873253,0.3075830325865147,1.6755229448455879e-15,17.62170968597708,20
0.875,5,144,1,1,1020,broad_xyz,22.359644512058754,False,0.5142785091974914,0.7577126695486394,0.726432035386102,0.3482014310538734,-0.5422320936440141,-0.30822217185702067,0.7184626394913715,0.31667885415499014,1.6755229448455879e-15,17.62170968597708,20
0.9,5,144,1,1,1020,broad_xyz,22.359644512058754,False,0.5824279889937701,0.7721437494110898,0.7317397529586381,0.36644555735702206,-0.5047271263414009,-0.32068593946445034,0.7275097958555028,0.3226545191279896,1.6755229448455879e-15,17.62170968597708,20
0.95,5,144,1,1,1020,broad_xyz,22.359644512058754,False,0.5909668536970065,0.7698930644219071,0.7174742736778364,0.3879801957984101,-0.567729010266189,-0.32184976641815566,0.7781024387411617,0.32873630750345084,1.6755229448455879e-15,17.62170968597708,20
1.0,5,144,1,1,1020,broad_xyz,22.359644512058754,False,0.4772568526825872,0.7191741171883816,0.683887438272569,0.33792911245448404,-0.6360720766994294,-0.2738901415784147,0.7864555724282534,0.33763541620714366,1.6755229448455879e-15,17.62170968597708,20
0.05,5,144,1,1,1021,broad_xyz,22.359644512058754,False,-0.0801391934560741,0.16219583704466017,-0.3694952611688223,-0.3907170068433704,-0.4583598165975252,-0.0450795530813154,0.0006958068253433219,4.439403662751953e-05,1.6755229448455879e-15,17.62170968597708,21
0.075,5,144,1,1,1021,broad_xyz,22.359644512058754,False,-0.07193456375220326,0.15852156998756736,-0.388057016393474,-0.40979188805141753,-0.4662746823795209,-0.05201025173953226,0.0019228652548324526,0.00012209214301471958,1.6755229448455879e-15,17.62170968597708,21
0.1,5,144,1,1,1021,broad_xyz,22.359644512058754,False,0.0012582774421692913,0.16248410279048245,-0.40792709497321566,-0.42995307564227014,-0.47377425343809987,-0.049216640183985104,0.003688680080616404,0.00026063315763217714,1.6755229448455879e-15,17.62170968597708,21
0.125,5,144,1,1,1021,broad_xyz,22.359644512058754,False,0.0938465903057707,0.19028342385347818,-0.451927276189444,-0.47632168039344663,-0.5236249125250528,-0.0365464943498048,0.005653517326970024,0.0005037346399976995,1.6755229448455879e-15,17.62170968597708,21
0.15,5,144,1,1,1021,broad_xyz,22.359644512058754,False,0.134882657477136,0.21768992570521123,-0.48660651673361044,-0.5148491614436963,-0.5737533188723659,0.019563838292769732,0.00891882198028867,0.0008332026194410156,1.6755229448455879e-15,17.62170968597708,21
0.1625,5,144,1,1,1021,broad_xyz,22.359644512058754,False,0.1483583829088151,0.2317569003003617,-0.5060654427884895,-0.536844680593613,-0.6024758588693423,0.05782130600966448,0.010803626194914234,0.001037496246664069,1.6755229448455879e-15,17.62170968597708,21
0.175,5,144,1,1,1021,broad_xyz,22.359644512058754,False,0.16199017889716094,0.24517751054696718,-0.5244425945793679,-0.5581210403542994,-0.628855819052563,0.10585205526716332,0.012767963457415345,0.0012739297346367542,1.6755229448455879e-15,17.62170968597708,21
0.1875,5,144,1,1,1021,broad_xyz,22.359644512058754,False,0.17647578686937393,0.2549093398998793,-0.5391218769434833,-0.5759769703557567,-0.6483646889441923,0.16116246878494953,0.014882825135327116,0.0015494795967275668,1.6755229448455879e-15,17.62170968597708,21
0.2,5,144,1,1,1021,broad_xyz,22.359644512058754,False,0.1859383628048287,0.2603702710622339,-0.5469443789526431,-0.5868140687218444,-0.6547305977897568,0.20868798816826511,0.017256731407922457,0.001871226590924721,1.6755229448455879e-15,17.62170968597708,21
0.2125,5,144,1,1,1021,broad_xyz,22.359644512058754,False,0.19816852606549015,0.26472032673592916,-0.5510922866030218,-0.5938917803488121,-0.6485468592795863,0.25014264262038727,0.02002534665074162,0.002261701546205245,1.6755229448455879e-15,17.62170968597708,21
0.225,5,144,1,1,1021,broad_xyz,22.359644512058754,False,0.20232531939351306,0.24517766253951823,-0.5308536375286613,-0.5837501042288987,-0.6295076630161335,0.2925093737061973,0.0233378179555078,0.002823392703207515,1.6755229448455879e-15,17.62170968597708,21
0.2375,5,144,1,1,1021,broad_xyz,22.359644512058754,False,0.09546170784667621,0.05595746806295294,-0.31171146981242187,-0.40247318464920945,-0.4981054160266318,0.3071704272884173,0.04395878167003717,0.004033126438372593,1.6755229448455879e-15,17.62170968597708,21
0.25,5,144,1,1,1021,broad_xyz,22.359644512058754,False,0.024826824129254563,-0.05997085065556841,-0.15471760277323957,-0.2617493860997634,-0.37613969598923924,0.28069608950142655,0.08010010352672764,0.005557262486385334,1.6755229448455879e-15,17.62170968597708,21
0.27,5,144,1,1,1021,broad_xyz,22.359644512058754,False,-0.022260366451194544,-0.13811503764440594,-0.019907755546590862,-0.1529296288674178,-0.2997905939003658,0.24713022899075784,0.12888061829610997,0.00868678556697249,1.6755229448455879e-15,17.62170968597708,21
0.29,5,144,1,1,1021,broad_xyz,22.359644512058754,False,-0.009598092843274043,-0.14965958690190032,0.09429932416050482,-0.06867317303011183,-0.25916382539771515,0.22172746819279063,0.15633417145908693,0.013571325584311204,1.6755229448455879e-15,17.62170968597708,21
0.31,5,144,1,1,1021,broad_xyz,22.359644512058754,False,0.048873941351139656,-0.11954199668240224,0.15078221787643212,-0.03213161530241147,-0.2583598117110137,0.19896136955262755,0.15730007408284127,0.019182040213558793,1.6755229448455879e-15,17.62170968597708,21
0.33,5,144,1,1,1021,broad_xyz,22.359644512058754,False,0.13853911450099257,-0.052002309214583126,0.1817338203203224,-0.01499252016365878,-0.24777778455918212,0.17434578700558526,0.17392494378155388,0.02527017250734593,1.6755229448455879e-15,17.62170968597708,21
0.35,5,144,1,1,1021,broad_xyz,22.359644512058754,False,0.25844409035488886,0.053313338580749145,0.2065730455409728,-0.0008987028345329611,-0.21251317138696738,0.14355710123674623,0.17308477218117208,0.03228811985508189,1.6755229448455879e-15,17.62170968597708,21
0.37,5,144,1,1,1021,broad_xyz,22.359644512058754,False,0.34648318709662157,0.13601911924637178,0.2279553431517265,0.006424778863436848,-0.19751446844016676,0.11393374812163928,0.21382722520012093,0.03956487213987024,1.6755229448455879e-15,17.62170968597708,21
0.39,5,144,1,1,1021,broad_xyz,22.359644512058754,False,0.40008756032072007,0.19786530516167264,0.25193039510139265,0.010326123538953996,-0.2072638160071458,0.08523853556510047,0.25547382423736115,0.04742325296195714,1.6755229448455879e-15,17.62170968597708,21
0.41000000000000003,5,144,1,1,1021,broad_xyz,22.359644512058754,False,0.4185223060079776,0.24701282676248812,0.2649810678529871,-0.0011072543877174764,-0.23828504201785017,0.058103169609853844,0.28809807680369415,0.05579279371896343,1.6755229448455879e-15,17.62170968597708,21
0.43,5,144,1,1,1021,broad_xyz,22.359644512058754,False,0.4233648528236255,0.286363513648625,0.28001483590963033,-0.01579697730071153,-0.2745349027947102,0.035925721955268455,0.3088719901642597,0.06399811463389088,1.6755229448455879e-15,17.62170968597708,21
0.45,5,144,1,1,1021,broad_xyz,22.359644512058754,False,0.4255129421050409,0.31653490855916755,0.29237943209285466,-0.03478599338877174,-0.31108703541974203,0.0190955530334626,0.3258006682597285,0.07173365877838572,1.6755229448455879e-15,17.62170968597708,21
0.5,5,144,1,1,1021,broad_xyz,22.359644512058754,False,0.4230417995880195,0.3734004230297856,0.2865475659151376,-0.09815086587489585,-0.38357217312400094,-0.015761732680481384,0.462529231149768,0.08793326452348699,1.6755229448455879e-15,17.62170968597708,21
0.55,5,144,1,1,1021,broad_xyz,22.359644512058754,False,0.40415950694529446,0.40158265346449595,0.27305601238120725,-0.14200550074561064,-0.4658599112811336,-0.045120644915281824,0.5212947484476342,0.10177113394273912,1.6755229448455879e-15,17.62170968597708,21
0.6,5,144,1,1,1021,broad_xyz,22.359644512058754,False,0.40549875412987557,0.3563937709199225,0.2872454989130153,-0.15642536255194175,-0.5306027785758496,-0.015801419017114966,0.5026781423970422,0.1148377816378838,1.6755229448455879e-15,17.62170968597708,21
0.6499999999999999,5,144,1,1,1021,broad_xyz,22.359644512058754,False,0.37994909966829105,0.3252263735112104,0.2845156902331449,-0.1626909027722218,-0.5273353945207421,-0.017838490210250937,0.4406869302552073,0.12507509222961544,1.6755229448455879e-15,17.62170968597708,21
0.7,5,144,1,1,1021,broad_xyz,22.359644512058754,False,0.2666924297156579,0.26807976044903487,0.3189981594309492,-0.12479834126882576,-0.5414918504834996,-0.09957149579867378,0.45202165241671105,0.13617956073351314,1.6755229448455879e-15,17.62170968597708,21
0.725,5,144,1,1,1021,broad_xyz,22.359644512058754,False,0.24038475344775304,0.23486217570693746,0.35097927921444017,-0.09246418634270857,-0.5440019441083368,-0.11784453246025241,0.42896978155228493,0.14233517916027955,1.6755229448455879e-15,17.62170968597708,21
0.75,5,144,1,1,1021,broad_xyz,22.359644512058754,False,0.2523619601068377,0.2192843417209806,0.4063288362447592,-0.03714834437429228,-0.5873276969485084,-0.13147914395928417,0.46322272589427416,0.14949304688707488,1.6755229448455879e-15,17.62170968597708,21
0.775,5,144,1,1,1021,broad_xyz,22.359644512058754,False,0.27565909701143887,0.2051175640282972,0.4487575478203437,0.010386807081502207,-0.6427869652326218,-0.1451052252657242,0.5282796459123305,0.15504126819990086,1.6755229448455879e-15,17.62170968597708,21
0.8,5,144,1,1,1021,broad_xyz,22.359644512058754,False,0.28885320693351324,0.2003188413417278,0.4818209850366514,0.05394964972205227,-0.680290128123973,-0.15467467122728998,0.5777185120692756,0.1586534586990943,1.6755229448455879e-15,17.62170968597708,21
0.825,5,144,1,1,1021,broad_xyz,22.359644512058754,False,0.2973243960046749,0.2100067456430815,0.5221416143377396,0.11054919432329578,-0.6856563129460996,-0.16595054165628037,0.6276879935128187,0.16151017108900423,1.6755229448455879e-15,17.62170968597708,21
0.85,5,144,1,1,1021,broad_xyz,22.359644512058754,False,0.2865538587565728,0.22636887589409682,0.5519611382184859,0.15802189451767326,-0.6561944413670628,-0.17072120890932024,0.6550374392918332,0.16366952868947018,1.6755229448455879e-15,17.62170968597708,21
0.875,5,144,1,1,1021,broad_xyz,22.359644512058754,False,0.2754946738945715,0.24296792246827145,0.5710874672181249,0.18996341834968697,-0.6066377855305026,-0.16950053433200998,0.6519217738263628,0.16586963989837966,1.6755229448455879e-15,17.62170968597708,21
0.9,5,144,1,1,1021,broad_xyz,22.359644512058754,False,0.2716047217887453,0.2593548644738485,0.5760047379709037,0.20472249296140457,-0.5476434720360733,-0.1723547099011898,0.6153437783301929,0.16772209025568038,1.6755229448455879e-15,17.62170968597708,21
0.95,5,144,1,1,1021,broad_xyz,22.359644512058754,False,0.2938235983385669,0.2853816477981511,0.5788140737017247,0.21306862265106272,-0.5290612717521855,-0.18923211965522616,0.6100286144357635,0.17411289271875408,1.6755229448455879e-15,17.62170968597708,21
1.0,5,144,1,1,1021,broad_xyz,22.359644512058754,False,0.3350995952191245,0.29832759827999406,0.5592140780194192,0.18571526648765008,-0.5206884307983379,-0.20568411926695457,0.6426493246278973,0.18130622771310728,1.6755229448455879e-15,17.62170968597708,21
0.05,5,144,1,1,1022,broad_xyz,22.359644512058754,False,0.5503171498610314,0.4466151838319043,0.137387957204887,0.04155458787874893,0.10341140122414615,-0.16863623479651943,0.005400405941195192,0.001307377130104075,1.6755229448455879e-15,17.62170968597708,22
0.075,5,144,1,1,1022,broad_xyz,22.359644512058754,False,0.5138940246534496,0.44963588552997175,0.12931294356468157,0.010625111804667733,0.06946793405186834,-0.28531227624809014,0.013910971172972793,0.003840514193945682,1.6755229448455879e-15,17.62170968597708,22
0.1,5,144,1,1,1022,broad_xyz,22.359644512058754,False,0.47493963109067755,0.4802678896219278,0.07397932458600553,-0.06729026175874403,-0.02651703506118499,-0.37256134760186344,0.02822483724012513,0.009117382821597223,1.6755229448455879e-15,17.62170968597708,22
0.125,5,144,1,1,1022,broad_xyz,22.359644512058754,False,0.4768704714376098,0.4962570667347156,0.04119662897598043,-0.12367034845104072,-0.11977754604436515,-0.4295942637560691,0.050067166310058114,0.018200549575890346,1.6755229448455879e-15,17.62170968597708,22
0.15,5,144,1,1,1022,broad_xyz,22.359644512058754,False,0.5263754890758191,0.4989381880963431,0.058484813985736836,-0.133889675870024,-0.18277920367910008,-0.4845729153825405,0.08090235456249951,0.03222272796029931,1.6755229448455879e-15,17.62170968597708,22
0.1625,5,144,1,1,1022,broad_xyz,22.359644512058754,False,0.5652427164620795,0.5052512935908717,0.08693759270529025,-0.1191593450937147,-0.193286909022654,-0.5056016082893396,0.09944956497353216,0.041303146231217176,1.6755229448455879e-15,17.62170968597708,22
0.175,5,144,1,1,1022,broad_xyz,22.359644512058754,False,0.6082854370496128,0.51600313076258,0.12869429861597043,-0.09058368549083384,-0.186419211625629,-0.5227066815896143,0.11977339471338388,0.051974745128842315,1.6755229448455879e-15,17.62170968597708,22
0.1875,5,144,1,1,1022,broad_xyz,22.359644512058754,False,0.6507091183101219,0.52761368093797,0.1869745722617698,-0.044371431271721815,-0.15682705879665645,-0.5350902508324782,0.14163541280251873,0.06433807109595177,1.6755229448455879e-15,17.62170968597708,22
0.2,5,144,1,1,1022,broad_xyz,22.359644512058754,False,0.6821908853386419,0.5379783900158832,0.2580126716853354,0.016382217511944075,-0.10706675294784188,-0.5395506423844022,0.16514586419318852,0.07847962270665332,1.6755229448455879e-15,17.62170968597708,22
0.2125,5,144,1,1,1022,broad_xyz,22.359644512058754,False,0.6963666445339443,0.5423037494073568,0.34010618291678457,0.08967086494901515,-0.04156695581286191,-0.5353279357434153,0.18891409480205243,0.09465110914758063,1.6755229448455879e-15,17.62170968597708,22
0.225,5,144,1,1,1022,broad_xyz,22.359644512058754,False,0.6910382072433067,0.5362497483443098,0.4324741942189536,0.17423643288963034,0.03005058677510785,-0.5223533206846759,0.22392128090216476,0.11312033059572461,1.6755229448455879e-15,17.62170968597708,22
0.2375,5,144,1,1,1022,broad_xyz,22.359644512058754,False,0.6684806181508836,0.5231949495318753,0.5243085012031273,0.25677136363280423,0.08364956411806988,-0.4996328392159684,0.2686694389039607,0.13369735289306614,1.6755229448455879e-15,17.62170968597708,22
0.25,5,144,1,1,1022,broad_xyz,22.359644512058754,False,0.6379084844326636,0.5142754995530954,0.5936102363887731,0.3100579677274064,0.08916321525273369,-0.4673663197162607,0.31619841356179157,0.15526247799918694,1.6755229448455879e-15,17.62170968597708,22
0.27,5,144,1,1,1022,broad_xyz,22.359644512058754,False,0.590748079985125,0.5127929902991578,0.6582085728364923,0.32584932563743707,0.00512815213062809,-0.4099479979190996,0.40102206470599955,0.19049445498261772,1.6755229448455879e-15,17.62170968597708,22
0.29,5,144,1,1,1022,broad_xyz,22.359644512058754,False,0.5666619121820196,0.5353787965190695,0.6796443964527893,0.26599246904864543,-0.12329858770619204,-0.3558859097195647,0.4865926460962249,0.22496280388545742,1.6755229448455879e-15,17.62170968597708,22
0.31,5,144,1,1,1022,broad_xyz,22.359644512058754,False,0.5779308524624303,0.5824913548113893,0.6727802845243852,0.15504039829653127,-0.22576225783799805,-0.3074686524975749,0.5598877153758464,0.25648957599215666,1.6755229448455879e-15,17.62170968597708,22
0.33,5,144,1,1,1022,broad_xyz,22.359644512058754,False,0.625633805654396,0.6520672715259072,0.645592320405696,0.021779482816247853,-0.28068000317852015,-0.2590024264565836,0.6121276535486354,0.2830985035589728,1.6755229448455879e-15,17.62170968597708,22
0.35,5,144,1,1,1022,broad_xyz,22.359644512058754,False,0.6970079645430124,0.7375886747961606,0.5992801846089824,-0.11519403098236508,-0.2803790631631513,-0.20228992255910316,0.6365237355467199,0.3032743981151553,1.6755229448455879e-15,17.62170968597708,22
0.37,5,144,1,1,1022,broad_xyz,22.359644512058754,False,0.7584100761155232,0.8183514155843253,0.5408835715623447,-0.24304469862137143,-0.2308929928591451,-0.1355561244844484,0.6294008200999154,0.31685115702854766,1.6755229448455879e-15,17.62170968597708,22
0.39,5,144,1,1,1022,broad_xyz,22.359644512058754,False,0.7767205012328335,0.8741336912849637,0.48561134085166474,-0.34908849738331715,-0.17493136441042284,-0.06924249426772175,0.5926183288244742,0.32505442069140794,1.6755229448455879e-15,17.62170968597708,22
0.41000000000000003,5,144,1,1,1022,broad_xyz,22.359644512058754,False,0.7282991393427367,0.8889516837566727,0.43081470846120185,-0.4424745467755984,-0.13835249833656368,-0.016830124481939466,0.5959246944017385,0.32824148816234516,1.6755229448455879e-15,17.62170968597708,22
0.43,5,144,1,1,1022,broad_xyz,22.359644512058754,False,0.6186863913318661,0.8568876369696679,0.3922374898064454,-0.5147352797325866,-0.15217618742053293,0.0048320509585477135,0.6413802278233723,0.3284862771814216,1.6755229448455879e-15,17.62170968597708,22
0.45,5,144,1,1,1022,broad_xyz,22.359644512058754,False,0.4758647261695319,0.7896833799275205,0.3752906000350293,-0.5669402426628223,-0.19989701151243416,-0.015971538279975786,0.6714615038279566,0.3274602366178622,1.6755229448455879e-15,17.62170968597708,22
0.5,5,144,1,1,1022,broad_xyz,22.359644512058754,False,0.2114270874661524,0.6368517246954782,0.4472766141560946,-0.6149231242489198,-0.3336591936748124,-0.15753022435804823,0.7253158844008478,0.3334232995193069,1.6755229448455879e-15,17.62170968597708,22
0.55,5,144,1,1,1022,broad_xyz,22.359644512058754,False,0.21076729708101125,0.592202858314213,0.6179749962543171,-0.5237659375428229,-0.45848376864685375,-0.3097514740038371,0.7628029113712019,0.36849689070136543,1.6755229448455879e-15,17.62170968597708,22
0.6,5,144,1,1,1022,broad_xyz,22.359644512058754,False,0.31669957568752766,0.5622470779992906,0.6662039868268904,-0.5151961432775559,-0.6797971694735784,-0.34605137186083684,0.8695321071835238,0.4143521614752436,1.6755229448455879e-15,17.62170968597708,22
0.6499999999999999,5,144,1,1,1022,broad_xyz,22.359644512058754,False,0.42505972466983644,0.6054474235042608,0.6754368156286761,-0.5100706144350918,-0.8555981104837854,-0.3797290841495978,0.964252834821517,0.4408222211982426,1.6755229448455879e-15,17.62170968597708,22
0.7,5,144,1,1,1022,broad_xyz,22.359644512058754,False,0.5963551689920429,0.6848375804819111,0.7403476680221966,-0.34404711663458726,-0.8969368954449268,-0.4539033339383604,0.9536779106921502,0.43944348869682115,1.6755229448455879e-15,17.62170968597708,22
0.725,5,144,1,1,1022,broad_xyz,22.359644512058754,False,0.6876448794160321,0.7191032968460961,0.7739368549675647,-0.18096096359585426,-0.9004744420262752,-0.47981151518091697,0.903490848095617,0.43151064890584834,1.6755229448455879e-15,17.62170968597708,22
0.75,5,144,1,1,1022,broad_xyz,22.359644512058754,False,0.7572973195449106,0.7448906222592198,0.799935004733878,0.011459351809608012,-0.9004888391754045,-0.4865166203522046,0.8364208877242187,0.42124704786452766,1.6755229448455879e-15,17.62170968597708,22
0.775,5,144,1,1,1022,broad_xyz,22.359644512058754,False,0.7991171910920758,0.7601674942645564,0.8176893852254502,0.17976311799038677,-0.8967167741570806,-0.4747122916290382,0.8301475712363273,0.4099729528342368,1.6755229448455879e-15,17.62170968597708,22
0.8,5,144,1,1,1022,broad_xyz,22.359644512058754,False,0.8127312379704803,0.7651586356869418,0.8284871833711126,0.29202553220324995,-0.8845985819372509,-0.45172362467853544,0.8567526673761127,0.3981354304138779,1.6755229448455879e-15,17.62170968597708,22
0.825,5,144,1,1,1022,broad_xyz,22.359644512058754,False,0.7805711592228831,0.7624918664470237,0.8338247005641769,0.3533609401315029,-0.8574349200162692,-0.4282704165531754,0.8658817855426031,0.38555586502241707,1.6755229448455879e-15,17.62170968597708,22
0.85,5,144,1,1,1022,broad_xyz,22.359644512058754,False,0.6878188143709365,0.7558052620747525,0.8354762608291835,0.3802329261516407,-0.8140605394794248,-0.41154380848280786,0.884242982369092,0.3722352051434677,1.6755229448455879e-15,17.62170968597708,22
0.875,5,144,1,1,1022,broad_xyz,22.359644512058754,False,0.5516832942069422,0.7458936289998296,0.8301411245529942,0.37826838618449565,-0.758622555102767,-0.40460199103922917,0.9036178005163616,0.35893514949397515,1.6755229448455879e-15,17.62170968597708,22
0.9,5,144,1,1,1022,broad_xyz,22.359644512058754,False,0.40872236952498026,0.7291889461915776,0.8130261727303543,0.34714606362767364,-0.6882798716287973,-0.4023575976438243,0.9074968197122484,0.34749976951075645,1.6755229448455879e-15,17.62170968597708,22
0.95,5,144,1,1,1022,broad_xyz,22.359644512058754,False,0.19129567234938857,0.6595412847365282,0.7329700879898756,0.19564546764747395,-0.6745857296362187,-0.3962875732365694,0.8530609473782444,0.3380019487721814,1.6755229448455879e-15,17.62170968597708,22
1.0,5,144,1,1,1022,broad_xyz,22.359644512058754,False,0.08553467491998015,0.5523529479215291,0.6327248490640811,0.00161179583776278,-0.6638035150583447,-0.40575911570271966,0.7888150872013646,0.35271307263758206,1.6755229448455879e-15,17.62170968597708,22
0.05,5,144,1,1,1023,broad_xyz,22.359644512058754,False,0.3899775296552694,0.26508181948527443,-0.3501049180454736,-0.3749771705810916,-0.4274001754536519,0.07148769253403879,0.0008850717222921799,5.203042119980001e-05,1.6755229448455879e-15,17.62170968597708,23
0.075,5,144,1,1,1023,broad_xyz,22.359644512058754,False,0.37655134490262326,0.30700112040850663,-0.39713144914537957,-0.4255021390839468,-0.48051126874558436,0.0740572101077543,0.0023803537528107616,0.0001875349953565644,1.6755229448455879e-15,17.62170968597708,23
0.1,5,144,1,1,1023,broad_xyz,22.359644512058754,False,0.16609898357024008,0.4191397616837518,-0.49507787587646773,-0.5235946957193897,-0.544258782451464,-0.056024367668824314,0.00498018775248584,0.00075438713050035,1.6755229448455879e-15,17.62170968597708,23
0.125,5,144,1,1,1023,broad_xyz,22.359644512058754,False,-0.002450126528229046,0.4717914884577685,-0.48861095688056233,-0.5193418925486202,-0.47662717749353645,-0.06177870052480366,0.015287582018137676,0.0023474581906765594,1.6755229448455879e-15,17.62170968597708,23
0.15,5,144,1,1,1023,broad_xyz,22.359644512058754,False,-0.04810164805785944,0.4997747847838442,-0.4834027454918022,-0.5226237221252904,-0.4247792102971829,0.01314345888675032,0.03290043477230549,0.005185261330013611,1.6755229448455879e-15,17.62170968597708,23
0.1625,5,144,1,1,1023,broad_xyz,22.359644512058754,False,-0.04376644177928598,0.5121749243447097,-0.48610773335881324,-0.5301161549785205,-0.4071345707986221,0.06106955172448611,0.04186436533318682,0.006959071240899919,1.6755229448455879e-15,17.62170968597708,23
0.175,5,144,1,1,1023,broad_xyz,22.359644512058754,False,-0.034162480225238656,0.5251113096142224,-0.49036120458256743,-0.5387918174761612,-0.3914220246329501,0.10896406491970516,0.04998378952502447,0.008851287250330296,1.6755229448455879e-15,17.62170968597708,23
0.1875,5,144,1,1,1023,broad_xyz,22.359644512058754,False,-0.02086886884217635,0.5391612523510346,-0.49448402064544744,-0.546966191775846,-0.3747019483607366,0.15611346610621873,0.0570348460898187,0.010774508937254491,1.6755229448455879e-15,17.62170968597708,23
0.2,5,144,1,1,1023,broad_xyz,22.359644512058754,False,9.427208262642196e-05,0.5532218643711198,-0.49979867291896585,-0.555666016062514,-0.35649167626203176,0.1980183622934742,0.06529366757961169,0.012663510210717542,1.6755229448455879e-15,17.62170968597708,23
0.2125,5,144,1,1,1023,broad_xyz,22.359644512058754,False,0.004831190975044207,0.5245969188652041,-0.46708210815812,-0.5326102246297713,-0.31275243006580217,0.22349807484600032,0.07198253984247793,0.014789900162862234,1.6755229448455879e-15,17.62170968597708,23
0.225,5,144,1,1,1023,broad_xyz,22.359644512058754,False,-0.009153421902433023,0.4435048252162033,-0.3829854392111185,-0.46432633111379834,-0.2381749439511965,0.2262292606095728,0.07705731832600038,0.017289237908476744,1.6755229448455879e-15,17.62170968597708,23
0.2375,5,144,1,1,1023,broad_xyz,22.359644512058754,False,-0.02939166944293453,0.3360436582498222,-0.27170479582868606,-0.3702639871749188,-0.15637672957706236,0.22008033804891047,0.09335642120758647,0.020030383815484616,1.6755229448455879e-15,17.62170968597708,23
0.25,5,144,1,1,1023,broad_xyz,22.359644512058754,False,-0.03744905924492068,0.2325099055523722,-0.16599898645478556,-0.279280170966834,-0.09139188800061465,0.2072585631460758,0.12505605156701619,0.02289711134361183,1.6755229448455879e-15,17.62170968597708,23
0.27,5,144,1,1,1023,broad_xyz,22.359644512058754,False,-0.034975833513557195,0.14641589590595078,0.007918404315622333,-0.12463664805675322,-0.01386213858822468,0.15008014733143366,0.16653380117405991,0.02861543631597056,1.6755229448455879e-15,17.62170968597708,23
0.29,5,144,1,1,1023,broad_xyz,22.359644512058754,False,0.0032587973091624855,0.14236511483553063,0.16594060457960283,0.018594564262408523,-0.033238640334641974,0.061384495343568116,0.18832329057422817,0.03648535878160039,1.6755229448455879e-15,17.62170968597708,23
0.31,5,144,1,1,1023,broad_xyz,22.359644512058754,False,0.11891129623599071,0.1780956249282317,0.29784763829784466,0.13129166123728278,-0.14603108568722878,-0.0005941037493413369,0.1931250116035637,0.04650903223752439,1.6755229448455879e-15,17.62170968597708,23
0.33,5,144,1,1,1023,broad_xyz,22.359644512058754,False,0.26439918444828914,0.24000677224548017,0.34917925801330496,0.15351649454883734,-0.2531433336863528,-0.01641569861635731,0.2463734728472765,0.05709253073817454,1.6755229448455879e-15,17.62170968597708,23
0.35,5,144,1,1,1023,broad_xyz,22.359644512058754,False,0.3959493754247648,0.31329187446327456,0.3382687769345082,0.1036864817435257,-0.29043557194327096,0.015570358237568242,0.3111776056670822,0.06762239183984528,1.6755229448455879e-15,17.62170968597708,23
0.37,5,144,1,1,1023,broad_xyz,22.359644512058754,False,0.4824266850339832,0.37564293461754755,0.30903506511799644,0.03000609422415182,-0.29301115007253264,0.0787698646519757,0.3650798618712471,0.07807937378043778,1.6755229448455879e-15,17.62170968597708,23
0.39,5,144,1,1,1023,broad_xyz,22.359644512058754,False,0.5161965355403766,0.41732318696040444,0.29093566062991727,-0.030584604046981972,-0.30502705631343746,0.14246058846123533,0.4102528508576834,0.08890386430804674,1.6755229448455879e-15,17.62170968597708,23
0.41000000000000003,5,144,1,1,1023,broad_xyz,22.359644512058754,False,0.5094858258341374,0.449358802261033,0.2867047047723359,-0.07145789537941241,-0.3267953406330018,0.1881577734170868,0.44960872219930614,0.10042289495370052,1.6755229448455879e-15,17.62170968597708,23
0.43,5,144,1,1,1023,broad_xyz,22.359644512058754,False,0.478358300132625,0.477479092777452,0.292565086276526,-0.09427660800784887,-0.333000966568841,0.2041921278028961,0.47312911991137624,0.11245613398065106,1.6755229448455879e-15,17.62170968597708,23
0.45,5,144,1,1,1023,broad_xyz,22.359644512058754,False,0.44122046758175454,0.5118355542445121,0.3027152497655982,-0.1030728773660318,-0.3214599492024378,0.18957744357371614,0.4804839240997436,0.12456550080890426,1.6755229448455879e-15,17.62170968597708,23
0.5,5,144,1,1,1023,broad_xyz,22.359644512058754,False,0.39364281205940926,0.6136423300868763,0.3573084303839282,-0.05203859844992049,-0.2347229305627096,0.10878469788809766,0.4335799300121482,0.15370085316051565,1.6755229448455879e-15,17.62170968597708,23
0.55,5,144,1,1,1023,broad_xyz,22.359644512058754,False,0.4764944716472028,0.6812732846933183,0.4360303204681333,0.06378580672555652,-0.17601498757339767,0.10095191405845716,0.42893219925483506,0.17637345378422548,1.6755229448455879e-15,17.62170968597708,23
0.6,5,144,1,1,1023,broad_xyz,22.359644512058754,False,0.5805060510564829,0.6328002265101438,0.5453616508871343,0.17405795797425552,-0.27221877728759375,0.14060557729277529,0.5399179688398434,0.19376700371643163,1.6755229448455879e-15,17.62170968597708,23
0.6499999999999999,5,144,1,1,1023,broad_xyz,22.359644512058754,False,0.6113683959437913,0.5601916093045358,0.5748717777022689,0.14277571518192753,-0.3721356856233484,0.14359412153590637,0.6238931190937305,0.20401870511695214,1.6755229448455879e-15,17.62170968597708,23
0.7,5,144,1,1,1023,broad_xyz,22.359644512058754,False,0.5923136585406732,0.5006667512062404,0.5428473486707466,0.07440102888497543,-0.4192150661308587,0.07760990094591713,0.6859084614468968,0.20768652461071016,1.6755229448455879e-15,17.62170968597708,23
0.725,5,144,1,1,1023,broad_xyz,22.359644512058754,False,0.5626746506473977,0.47889458289778114,0.5408902485316893,0.0885186935673762,-0.43750673392782974,0.03058839081156784,0.6929555359113024,0.208852776010275,1.6755229448455879e-15,17.62170968597708,23
0.75,5,144,1,1,1023,broad_xyz,22.359644512058754,False,0.5345748967485164,0.47059929686774954,0.5630004068433316,0.14901892744454734,-0.4490268181617429,-0.021001701645827674,0.6860889872596463,0.21240947845783975,1.6755229448455879e-15,17.62170968597708,23
0.775,5,144,1,1,1023,broad_xyz,22.359644512058754,False,0.517958768489903,0.47781453808788465,0.6074915336844087,0.24280573350330212,-0.45829484635121726,-0.07385480894432696,0.6824835952709185,0.21908055888432587,1.6755229448455879e-15,17.62170968597708,23
0.8,5,144,1,1,1023,broad_xyz,22.359644512058754,False,0.5116377112839802,0.4894797973254291,0.6511178248162859,0.3277508628618714,-0.4728960440877221,-0.11613132270617733,0.6741538776977941,0.22655596191876576,1.6755229448455879e-15,17.62170968597708,23
0.825,5,144,1,1,1023,broad_xyz,22.359644512058754,False,0.5003496721044394,0.506890744158473,0.6870995142585794,0.38765727555161317,-0.5006944077403284,-0.15034666329408386,0.6569053687631419,0.23404917401264294,1.6755229448455879e-15,17.62170968597708,23
0.85,5,144,1,1,1023,broad_xyz,22.359644512058754,False,0.45783904506162976,0.525815514113967,0.7048673385362191,0.40825669980218066,-0.5313047386595884,-0.17876410185300295,0.6303072372532876,0.2403414928835922,1.6755229448455879e-15,17.62170968597708,23
0.875,5,144,1,1,1023,broad_xyz,22.359644512058754,False,0.3814882494972367,0.5424770478049932,0.7026676480678256,0.39452562802783164,-0.5364452202985039,-0.2053115473656705,0.593598687074699,0.24519112904840157,1.6755229448455879e-15,17.62170968597708,23
0.9,5,144,1,1,1023,broad_xyz,22.359644512058754,False,0.2983933678613701,0.5560850595694871,0.6832340591458993,0.3587866750397871,-0.5052341557523846,-0.23595112250197697,0.5936264448047573,0.2483746405248766,1.6755229448455879e-15,17.62170968597708,23
0.95,5,144,1,1,1023,broad_xyz,22.359644512058754,False,0.21459705656802355,0.5484708558051736,0.5951963532216424,0.23846722343571863,-0.479294607293354,-0.2971777210377196,0.696547104455137,0.25238906622085194,1.6755229448455879e-15,17.62170968597708,23
1.0,5,144,1,1,1023,broad_xyz,22.359644512058754,False,0.26697825330139185,0.5094898397153915,0.5042532603923829,0.1205351592051371,-0.48431169405625707,-0.327326097956459,0.6932006989380414,0.25961017310799733,1.6755229448455879e-15,17.62170968597708,23
0.05,5,144,1,1,1024,broad_xyz,22.359644512058754,False,0.3908553070566476,0.3514749396847228,-0.22456860583890476,-0.2552928982035937,-0.16446793224758935,0.1867149380583341,0.0048830064416355585,0.0004760400058603905,1.6755229448455879e-15,17.62170968597708,24
0.075,5,144,1,1,1024,broad_xyz,22.359644512058754,False,0.4700153852841842,0.3531531157461524,-0.2461805637541134,-0.28120376892470506,-0.1919126496597442,0.12982384686373422,0.009850174346260423,0.0010430020477756397,1.6755229448455879e-15,17.62170968597708,24
0.1,5,144,1,1,1024,broad_xyz,22.359644512058754,False,0.49425797219050627,0.36190709435742463,-0.2852408297679398,-0.3234100243040164,-0.23770430203077939,0.07868626158660323,0.015099030386323153,0.0018621529343380314,1.6755229448455879e-15,17.62170968597708,24
0.125,5,144,1,1,1024,broad_xyz,22.359644512058754,False,0.4708574558797642,0.35495171292347444,-0.33573897466032365,-0.37528980821774494,-0.28988082244396274,0.019262879952246514,0.01997289217798027,0.0030153946525800727,1.6755229448455879e-15,17.62170968597708,24
0.15,5,144,1,1,1024,broad_xyz,22.359644512058754,False,0.41617773619706594,0.3444650039316059,-0.3862230124382269,-0.42734177312777494,-0.3360104629098269,-0.03831359174550632,0.024574632930459625,0.004802352673799482,1.6755229448455879e-15,17.62170968597708,24
0.1625,5,144,1,1,1024,broad_xyz,22.359644512058754,False,0.38430391273108877,0.34812206179986627,-0.401767407113735,-0.4441416808206905,-0.346310637423867,-0.0593386367845984,0.02769053702687697,0.0060395788533683485,1.6755229448455879e-15,17.62170968597708,24
0.175,5,144,1,1,1024,broad_xyz,22.359644512058754,False,0.34455654480899867,0.3581914849251184,-0.41081055646796016,-0.4543871739330463,-0.34783469840861975,-0.08329331343771922,0.03310674706686172,0.00758751129577189,1.6755229448455879e-15,17.62170968597708,24
0.1875,5,144,1,1,1024,broad_xyz,22.359644512058754,False,0.2990648783489465,0.37201191469387945,-0.41140959313823294,-0.45596974680137414,-0.33927315078116255,-0.10833956030100193,0.03881923919613566,0.009455653822425239,1.6755229448455879e-15,17.62170968597708,24
0.2,5,144,1,1,1024,broad_xyz,22.359644512058754,False,0.2504979082025442,0.37863655990745854,-0.4009066130031793,-0.44748502103739013,-0.3219784276002008,-0.13467783165218064,0.04652497727729442,0.01175006389644883,1.6755229448455879e-15,17.62170968597708,24
0.2125,5,144,1,1,1024,broad_xyz,22.359644512058754,False,0.19563446758826578,0.35571244776093863,-0.3634723135507765,-0.41621720648181165,-0.28775196375000744,-0.1548527296074306,0.0618339453202683,0.014581237220664353,1.6755229448455879e-15,17.62170968597708,24
0.225,5,144,1,1,1024,broad_xyz,22.359644512058754,False,0.16654380823049605,0.3302183023794148,-0.31880082903270207,-0.3776807961009934,-0.24733385017933243,-0.1709974620571029,0.07903012667055431,0.017903705473764946,1.6755229448455879e-15,17.62170968597708,24
0.2375,5,144,1,1,1024,broad_xyz,22.359644512058754,False,0.14903095986783996,0.2884852218093264,-0.25908242277769766,-0.32616131115594166,-0.195732871215712,-0.1761063683975515,0.09825884589943065,0.021785594657422604,1.6755229448455879e-15,17.62170968597708,24
0.25,5,144,1,1,1024,broad_xyz,22.359644512058754,False,0.1469061320689955,0.24232321197820914,-0.19002130986840673,-0.26582742304432516,-0.13216379717206891,-0.18040807574652803,0.12234680701940018,0.02622711377724756,1.6755229448455879e-15,17.62170968597708,24
0.27,5,144,1,1,1024,broad_xyz,22.359644512058754,False,0.12302017760297781,0.12020470798189135,-0.026351485957700437,-0.12053364148369312,-0.025476929321244946,-0.18181216948174128,0.15949678828454728,0.0351897680216009,1.6755229448455879e-15,17.62170968597708,24
0.29,5,144,1,1,1024,broad_xyz,22.359644512058754,False,0.13622519931093827,0.03831245047878597,0.12864680698294503,0.021337283387871126,0.06395242664385264,-0.1799756472940018,0.18644660548908756,0.04521703194523397,1.6755229448455879e-15,17.62170968597708,24
0.31,5,144,1,1,1024,broad_xyz,22.359644512058754,False,0.1581259505133939,0.01649874269902809,0.2762794344448226,0.1612952064416151,0.1313050920417047,-0.16043454218673558,0.21679441474757494,0.05617476317744051,1.6755229448455879e-15,17.62170968597708,24
0.33,5,144,1,1,1024,broad_xyz,22.359644512058754,False,0.19434197769663147,0.06424698783626444,0.41145935324610733,0.2933135718771758,0.19232105218076084,-0.11741268742098904,0.24631184631607975,0.06851817146690448,1.6755229448455879e-15,17.62170968597708,24
0.35,5,144,1,1,1024,broad_xyz,22.359644512058754,False,0.2418967143059353,0.1581049962670042,0.5195127434918088,0.39670020003012285,0.24078565200286434,-0.06467079197932063,0.2767123158636038,0.0822653061496253,1.6755229448455879e-15,17.62170968597708,24
0.37,5,144,1,1,1024,broad_xyz,22.359644512058754,False,0.2864895462060265,0.2754758605110829,0.5787714279017714,0.4384854440710851,0.2756636140687302,-0.016760563651743218,0.30926428233373215,0.09690425525863407,1.6755229448455879e-15,17.62170968597708,24
0.39,5,144,1,1,1024,broad_xyz,22.359644512058754,False,0.31831936001805317,0.37359574360653885,0.5948788316461623,0.41827860084882007,0.239959767130368,0.018576779455766742,0.3441767624850148,0.11208518254658245,1.6755229448455879e-15,17.62170968597708,24
0.41000000000000003,5,144,1,1,1024,broad_xyz,22.359644512058754,False,0.34247818012703374,0.45328008849211004,0.5720106936681961,0.34066079971139673,0.1328865281872365,0.04596884607721867,0.3804621010176114,0.12644900805976964,1.6755229448455879e-15,17.62170968597708,24
0.43,5,144,1,1,1024,broad_xyz,22.359644512058754,False,0.35224440335582,0.5108241968359505,0.5300588083364968,0.23635101634548003,-0.025609486489623478,0.06888687197812819,0.4161534979136818,0.139014225697372,1.6755229448455879e-15,17.62170968597708,24
0.45,5,144,1,1,1024,broad_xyz,22.359644512058754,False,0.3330968122901455,0.5456288274715344,0.49514145628932094,0.14376507719557033,-0.17434431835054004,0.08603648141317757,0.44867800918572626,0.14917578772016468,1.6755229448455879e-15,17.62170968597708,24
0.5,5,144,1,1,1024,broad_xyz,22.359644512058754,False,0.200918362493226,0.574101929997372,0.41796159578010655,-0.00913624973479135,-0.3764970098648474,0.09669868634975282,0.5136930322538246,0.15814933754078733,1.6755229448455879e-15,17.62170968597708,24
0.55,5,144,1,1,1024,broad_xyz,22.359644512058754,False,0.24948291673604742,0.5406999119894019,0.3368553933579406,-0.07691537645093795,-0.4128306291233627,0.05503719567557994,0.5376524357179217,0.1508757157180099,1.6755229448455879e-15,17.62170968597708,24
0.6,5,144,1,1,1024,broad_xyz,22.359644512058754,False,0.31820177216997947,0.45974090318322675,0.3309098030707106,-0.06564016100153092,-0.39752157816058376,0.08665112758144437,0.5047215047494846,0.15561647921316704,1.6755229448455879e-15,17.62170968597708,24
0.6499999999999999,5,144,1,1,1024,broad_xyz,22.359644512058754,False,0.35344577739000504,0.4126552936959033,0.3767501979712287,-0.0532388830097158,-0.35980303569184846,0.10921796750457495,0.5561813056023764,0.17434660943851,1.6755229448455879e-15,17.62170968597708,24
0.7,5,144,1,1,1024,broad_xyz,22.359644512058754,False,0.26206958658723906,0.39671128141045714,0.3857219912133449,-0.059636122534723605,-0.29987310797287026,0.033295915976515676,0.524132169809435,0.1829664413683491,1.6755229448455879e-15,17.62170968597708,24
0.725,5,144,1,1,1024,broad_xyz,22.359644512058754,False,0.19953266817592935,0.4044788119010828,0.3793926441527469,-0.05860192960094864,-0.2950738538843452,-0.02651917928327535,0.5475241493531974,0.1843400723055125,1.6755229448455879e-15,17.62170968597708,24
0.75,5,144,1,1,1024,broad_xyz,22.359644512058754,False,0.19734553565720805,0.4363906778271106,0.4046329445213591,-0.01737967573589274,-0.28509005822446953,-0.08654970422656652,0.550447868814452,0.18813558565446764,1.6755229448455879e-15,17.62170968597708,24
0.775,5,144,1,1,1024,broad_xyz,22.359644512058754,False,0.24127183222955031,0.46212893958351414,0.43626074298344647,0.03410075622229828,-0.3011369140493449,-0.13313440788942993,0.5328697683371529,0.1932976169379379,1.6755229448455879e-15,17.62170968597708,24
0.8,5,144,1,1,1024,broad_xyz,22.359644512058754,False,0.32798574718581974,0.48109549809096697,0.48384171759244726,0.09890691857936991,-0.3344071918112054,-0.16548385111799777,0.5472576462552421,0.2010841518945612,1.6755229448455879e-15,17.62170968597708,24
0.825,5,144,1,1,1024,broad_xyz,22.359644512058754,False,0.4205774501977763,0.48803405088214996,0.5239546267628854,0.1484015547772781,-0.3680559025098955,-0.18198092922479003,0.561157337020068,0.21009848645151727,1.6755229448455879e-15,17.62170968597708,24
0.85,5,144,1,1,1024,broad_xyz,22.359644512058754,False,0.4759945260464251,0.48372709498801314,0.5482257517435548,0.17386853552010248,-0.3808382317309724,-0.18752823775334146,0.6379045686540591,0.21906676002622974,1.6755229448455879e-15,17.62170968597708,24
0.875,5,144,1,1,1024,broad_xyz,22.359644512058754,False,0.4708453873101029,0.4803499071690404,0.5614831027895061,0.18682870028939186,-0.3713965799372603,-0.19270886586586417,0.6955896597654811,0.22647600571042473,1.6755229448455879e-15,17.62170968597708,24
0.9,5,144,1,1,1024,broad_xyz,22.359644512058754,False,0.408259946322978,0.47729123301525755,0.5598265242219943,0.19061523899285782,-0.33546578509728586,-0.20108936434413852,0.7279355311665848,0.23104108261340325,1.6755229448455879e-15,17.62170968597708,24
0.95,5,144,1,1,1024,broad_xyz,22.359644512058754,False,0.27021620748143094,0.47415915356370325,0.5505480115738127,0.21696019131870745,-0.32320673391987637,-0.2462912964290119,0.7312764636397249,0.23417365067587662,1.6755229448455879e-15,17.62170968597708,24
1.0,5,144,1,1,1024,broad_xyz,22.359644512058754,False,0.26245003748325185,0.4622290095707388,0.5525154158452987,0.238537692976076,-0.35754919431165655,-0.28849911905303083,0.6768648090549271,0.23874776903391048,1.6755229448455879e-15,17.62170968597708,24
0.05,5,144,1,1,1025,broad_xyz,22.359644512058754,False,0.17778974925588292,0.414085845230795,-0.08928284960609602,-0.13378022256683295,0.07821634018754775,0.22664603142475884,0.006057802350836337,0.0013207560102298376,1.6755229448455879e-15,17.62170968597708,25
0.075,5,144,1,1,1025,broad_xyz,22.359644512058754,False,0.1313848102053693,0.48531244519716227,-0.08596039433743431,-0.14003565242903757,0.08950791656198367,0.2357077675135246,0.01392859790608321,0.0035266831957667436,1.6755229448455879e-15,17.62170968597708,25
0.1,5,144,1,1,1025,broad_xyz,22.359644512058754,False,0.14271619462363064,0.5612026022611725,-0.05538186596635836,-0.1229551165611761,0.12321100996071535,0.255030805165068,0.025518867262886498,0.00755485960518033,1.6755229448455879e-15,17.62170968597708,25
0.125,5,144,1,1,1025,broad_xyz,22.359644512058754,False,0.23420026604477814,0.6280642182838306,0.009180967332276158,-0.07663439297204866,0.18229109396098842,0.30651213059143134,0.04185144785753855,0.01413760960886059,1.6755229448455879e-15,17.62170968597708,25
0.15,5,144,1,1,1025,broad_xyz,22.359644512058754,False,0.3414908962404962,0.663945584249899,0.09734675217522885,-0.010171011197591841,0.250785966823041,0.3724314798206651,0.06559281963270089,0.023689445787753546,1.6755229448455879e-15,17.62170968597708,25
0.1625,5,144,1,1,1025,broad_xyz,22.359644512058754,False,0.3818790831049487,0.6747067562751493,0.1499953919318226,0.030292611559231956,0.2845149138311939,0.4099327811679515,0.08250993028184773,0.029716324938280962,1.6755229448455879e-15,17.62170968597708,25
0.175,5,144,1,1,1025,broad_xyz,22.359644512058754,False,0.4073254890011524,0.6784723793630609,0.20014686021592026,0.06779759634743991,0.30693202855182644,0.4439179239531721,0.10111723665318674,0.036587712802915076,1.6755229448455879e-15,17.62170968597708,25
0.1875,5,144,1,1,1025,broad_xyz,22.359644512058754,False,0.41645224223199473,0.6764390618096129,0.24968521154452586,0.10394835279961487,0.3155799317485274,0.477015717293188,0.12104555752550702,0.04432614583509666,1.6755229448455879e-15,17.62170968597708,25
0.2,5,144,1,1,1025,broad_xyz,22.359644512058754,False,0.41218647642285217,0.6697155487121349,0.3002505081006579,0.13953698045323956,0.3049927039515772,0.5070436929587229,0.14183078786335962,0.05293320736118877,1.6755229448455879e-15,17.62170968597708,25
0.2125,5,144,1,1,1025,broad_xyz,22.359644512058754,False,0.39526256737287313,0.6550684448553299,0.351411441643099,0.17355107912634635,0.2663304059529052,0.534848013723312,0.16464008079948594,0.06242209886140834,1.6755229448455879e-15,17.62170968597708,25
0.225,5,144,1,1,1025,broad_xyz,22.359644512058754,False,0.36392694224118705,0.625720858801036,0.411228350072969,0.2131850999069184,0.19843054077183087,0.5607900624027213,0.18813517221973988,0.07291565003663877,1.6755229448455879e-15,17.62170968597708,25
0.2375,5,144,1,1,1025,broad_xyz,22.359644512058754,False,0.33386988817721686,0.5959905088029697,0.45126049723515915,0.228594557286417,0.09017971955863903,0.5761599661203223,0.21098536827581088,0.08388657913443448,1.6755229448455879e-15,17.62170968597708,25
0.25,5,144,1,1,1025,broad_xyz,22.359644512058754,False,0.3115669443582915,0.5713013813481248,0.4714839045370589,0.219748442917757,-0.03575959596020501,0.5821701533658867,0.2324315390412521,0.09512154262137414,1.6755229448455879e-15,17.62170968597708,25
0.27,5,144,1,1,1025,broad_xyz,22.359644512058754,False,0.30020249245299435,0.5479940400789246,0.47303792088347874,0.16850213753979343,-0.2072915333298241,0.5765185551137422,0.2619638367816205,0.11314303937352557,1.6755229448455879e-15,17.62170968597708,25
0.29,5,144,1,1,1025,broad_xyz,22.359644512058754,False,0.31683400038740966,0.5468974964511769,0.45265867389530695,0.09435263578832562,-0.29409513172651475,0.5562718042835864,0.2832642137280279,0.1307006572193967,1.6755229448455879e-15,17.62170968597708,25
0.31,5,144,1,1,1025,broad_xyz,22.359644512058754,False,0.3553427962394704,0.5683324166021848,0.4247942305969801,0.017760285516079666,-0.30777518249672986,0.5204505285692629,0.3081587375824707,0.14734927530992067,1.6755229448455879e-15,17.62170968597708,25
0.33,5,144,1,1,1025,broad_xyz,22.359644512058754,False,0.41447301211291027,0.6075261258926538,0.40067088325012507,-0.049433947921056424,-0.2633616465046943,0.46402335941887835,0.3363077840505041,0.16283792829077404,1.6755229448455879e-15,17.62170968597708,25
0.35,5,144,1,1,1025,broad_xyz,22.359644512058754,False,0.4812329277952109,0.6521891988816128,0.3908894336369582,-0.10159568522417482,-0.1797917976252111,0.38492756702991054,0.36896746990437157,0.17728629887077493,1.6755229448455879e-15,17.62170968597708,25
0.37,5,144,1,1,1025,broad_xyz,22.359644512058754,False,0.5421622028581369,0.6879342285990674,0.40490513285907453,-0.13775436169973654,-0.10371610370817431,0.29410818306814396,0.39854610775756044,0.1912292697513031,1.6755229448455879e-15,17.62170968597708,25
0.39,5,144,1,1,1025,broad_xyz,22.359644512058754,False,0.5856185508444719,0.7098218808455075,0.4372299179025548,-0.1683462021856638,-0.08360701945243533,0.20706793102453974,0.4279448249957807,0.20485548429514866,1.6755229448455879e-15,17.62170968597708,25
0.41000000000000003,5,144,1,1,1025,broad_xyz,22.359644512058754,False,0.6014694193573362,0.718577568023283,0.4764208322489307,-0.20610431591046213,-0.13590333171154764,0.1443706600990774,0.4597633728787901,0.2183448770849544,1.6755229448455879e-15,17.62170968597708,25
0.43,5,144,1,1,1025,broad_xyz,22.359644512058754,False,0.5896842981300392,0.7177152038136072,0.5183849094516705,-0.2507350898688585,-0.23616973112298723,0.10410468960752264,0.5183352817264196,0.2320575490162439,1.6755229448455879e-15,17.62170968597708,25
0.45,5,144,1,1,1025,broad_xyz,22.359644512058754,False,0.5603568570506821,0.7134028321109408,0.5542011326673046,-0.3015551709506846,-0.3405766116577471,0.08848047013588875,0.566588649748223,0.24566201329407894,1.6755229448455879e-15,17.62170968597708,25
0.5,5,144,1,1,1025,broad_xyz,22.359644512058754,False,0.4763641520971636,0.6995471294477844,0.6249362428280634,-0.4056968680336374,-0.4590216181286867,0.11801742909898795,0.5815579349486811,0.2767274109347995,1.6755229448455879e-15,17.62170968597708,25
0.55,5,144,1,1,1025,broad_xyz,22.359644512058754,False,0.355741772628443,0.656473393798706,0.6733252470902077,-0.4362490774619208,-0.46913542080611065,0.0490222559506235,0.6227157886191672,0.30016053797371267,1.6755229448455879e-15,17.62170968597708,25
0.6,5,144,1,1,1025,broad_xyz,22.359644512058754,False,0.1698480555743392,0.5890422142666776,0.6417414385608587,-0.4621074107000791,-0.525077183814655,-0.07213548210963014,0.7457570587209378,0.31732959847190784,1.6755229448455879e-15,17.62170968597708,25
0.6499999999999999,5,144,1,1,1025,broad_xyz,22.359644512058754,False,0.23375669143425223,0.6313054963296708,0.6754554777390491,-0.35185397294704135,-0.5729838630656094,-0.14201827527682898,0.784357012964878,0.33433708976073956,1.6755229448455879e-15,17.62170968597708,25
0.7,5,144,1,1,1025,broad_xyz,22.359644512058754,False,0.4867049681806597,0.7185171893086899,0.7893365209658006,-0.08166727844640038,-0.6656622258612352,-0.20555967886800658,0.713991192795205,0.34893375183658215,1.6755229448455879e-15,17.62170968597708,25
0.725,5,144,1,1,1025,broad_xyz,22.359644512058754,False,0.5221730305271414,0.7291345471192768,0.812456286633201,0.008530255096532184,-0.7435652535516502,-0.22644778568362464,0.6932313334052214,0.353017522750285,1.6755229448455879e-15,17.62170968597708,25
0.75,5,144,1,1,1025,broad_xyz,22.359644512058754,False,0.5046140952422461,0.7228759226879252,0.812198427451895,0.05939438780800846,-0.8009126277193838,-0.24519209301804923,0.7747589381207147,0.3550143009526105,1.6755229448455879e-15,17.62170968597708,25
0.775,5,144,1,1,1025,broad_xyz,22.359644512058754,False,0.48297202512414067,0.7148425731218963,0.8080009640088837,0.11517292431563432,-0.825030742242164,-0.26540568719445323,0.8313254976976314,0.3560071662720277,1.6755229448455879e-15,17.62170968597708,25
0.8,5,144,1,1,1025,broad_xyz,22.359644512058754,False,0.47490491428504267,0.7128655629443252,0.8111603387895915,0.19193950339983792,-0.8221176959377758,-0.28578750932950814,0.8558496388214101,0.3574357458573503,1.6755229448455879e-15,17.62170968597708,25
0.825,5,144,1,1,1025,broad_xyz,22.359644512058754,False,0.4832082707747543,0.7169689766436836,0.820219440702429,0.2720065242374002,-0.8083056208680319,-0.30249164922387095,0.8566703362025643,0.3605438745271926,1.6755229448455879e-15,17.62170968597708,25
0.85,5,144,1,1,1025,broad_xyz,22.359644512058754,False,0.4928081127403511,0.7246088559332448,0.8291192568938812,0.3343961612735829,-0.7950885697798793,-0.31415058097313076,0.8457885279336691,0.36591846326067873,1.6755229448455879e-15,17.62170968597708,25
0.875,5,144,1,1,1025,broad_xyz,22.359644512058754,False,0.49431899121557443,0.7355429473149898,0.8362125780391941,0.382069721349161,-0.7560804325128221,-0.32434135574975725,0.8335035917590832,0.3731983923117341,1.6755229448455879e-15,17.62170968597708,25
0.9,5,144,1,1,1025,broad_xyz,22.359644512058754,False,0.4892896061965273,0.7507264748492538,0.844017580264909,0.43341470050237374,-0.684381734305788,-0.3383842218583841,0.8246250031000252,0.38101474062576624,1.6755229448455879e-15,17.62170968597708,25
0.95,5,144,1,1,1025,broad_xyz,22.359644512058754,False,0.4815322637240676,0.772655339544441,0.8489384334023797,0.5292519115078833,-0.6971070994324506,-0.3721947292080784,0.8058528265347527,0.3902459831087499,1.6755229448455879e-15,17.62170968597708,25
1.0,5,144,1,1,1025,broad_xyz,22.359644512058754,False,0.5658741050603641,0.7322920744406539,0.8001675266501831,0.49187215992583283,-0.6941884612553624,-0.37573835886653717,0.7907422397696517,0.3865864600245052,1.6755229448455879e-15,17.62170968597708,25
0.05,5,144,1,1,1026,broad_xyz,22.359644512058754,False,-0.28058520023782973,0.10347798766697316,-0.5542341044771885,-0.5639219372504272,-0.48638554841245185,0.46256617432163355,0.0035738979810237825,0.0002511556766360163,1.6755229448455879e-15,17.62170968597708,26
0.075,5,144,1,1,1026,broad_xyz,22.359644512058754,False,-0.3013271878234721,0.12552494637717146,-0.5938667202513034,-0.606209243188621,-0.5290316820082467,0.4725635403956382,0.009144509183643656,0.0007271106642644866,1.6755229448455879e-15,17.62170968597708,26
0.1,5,144,1,1,1026,broad_xyz,22.359644512058754,False,-0.32774173767375653,0.1610258316823375,-0.6335321142257389,-0.6498116827260513,-0.5652710570618111,0.4836409056331474,0.017941897105694493,0.0016625182041417321,1.6755229448455879e-15,17.62170968597708,26
0.125,5,144,1,1,1026,broad_xyz,22.359644512058754,False,-0.34541836555349814,0.20507343601700426,-0.6602433462381904,-0.6826008683791082,-0.589586526825301,0.47856427913952093,0.0311582028052741,0.0033050073762084,1.6755229448455879e-15,17.62170968597708,26
0.15,5,144,1,1,1026,broad_xyz,22.359644512058754,False,-0.350692114603685,0.2572794097112678,-0.6754778692287009,-0.705895157239715,-0.5981680096484259,0.46096797419303936,0.048110283306227575,0.006103169132591839,1.6755229448455879e-15,17.62170968597708,26
0.1625,5,144,1,1,1026,broad_xyz,22.359644512058754,False,-0.3388017041206614,0.28656198630124574,-0.6779793511975969,-0.7136691284389445,-0.597575809354025,0.4406927833662758,0.05895468118219508,0.008255954409819955,1.6755229448455879e-15,17.62170968597708,26
0.175,5,144,1,1,1026,broad_xyz,22.359644512058754,False,-0.3039153812591512,0.3166642305927643,-0.6678623222889899,-0.7108130773711241,-0.5911255274989388,0.4060053769641957,0.07149205985802208,0.011221008775343926,1.6755229448455879e-15,17.62170968597708,26
0.1875,5,144,1,1,1026,broad_xyz,22.359644512058754,False,-0.24306415889695218,0.33999784928072924,-0.6390097900335228,-0.6909270101739317,-0.5738567480002112,0.3557899201961827,0.08810502108070682,0.015204042532818544,1.6755229448455879e-15,17.62170968597708,26
0.2,5,144,1,1,1026,broad_xyz,22.359644512058754,False,-0.16296366510808147,0.3484343155246787,-0.5883376028115246,-0.6522629133942168,-0.544997891168257,0.28685943211994314,0.10707508197358126,0.021059763391851047,1.6755229448455879e-15,17.62170968597708,26
0.2125,5,144,1,1,1026,broad_xyz,22.359644512058754,False,-0.07898336424367425,0.3223114973477216,-0.4972507764369047,-0.5829872507393647,-0.5147798400791447,0.20667182460914268,0.13145586615990162,0.031162847568271385,1.6755229448455879e-15,17.62170968597708,26
0.225,5,144,1,1,1026,broad_xyz,22.359644512058754,False,-0.06017726528224941,0.20598133771782323,-0.3534190035536385,-0.4677275344123552,-0.46501861958874274,0.08975765507787736,0.15864923134044778,0.047429509841846455,1.6755229448455879e-15,17.62170968597708,26
0.2375,5,144,1,1,1026,broad_xyz,22.359644512058754,False,-0.06397984994279896,0.07334884174033811,-0.18445426251381922,-0.32867763643159054,-0.42142720135228134,-0.04235297365203693,0.18622992107228992,0.0680956462327589,1.6755229448455879e-15,17.62170968597708,26
0.25,5,144,1,1,1026,broad_xyz,22.359644512058754,False,-0.051291259120416544,-0.01705095585105685,-0.021729874602475663,-0.1934197065903651,-0.4012234430262177,-0.16675259128439365,0.21343071971793617,0.09195222312295534,1.6755229448455879e-15,17.62170968597708,26
0.27,5,144,1,1,1026,broad_xyz,22.359644512058754,False,0.03158738405285685,-0.056258531682797396,0.23180739032439074,0.02500650325563364,-0.42460258273502005,-0.35877475264456654,0.2737674646974057,0.1357704702732,1.6755229448455879e-15,17.62170968597708,26
0.29,5,144,1,1,1026,broad_xyz,22.359644512058754,False,0.17003920934505767,0.00939688117796877,0.4531281849195927,0.22198140562745292,-0.5089388979000913,-0.5204272348115881,0.34193438208527893,0.18217367688034833,1.6755229448455879e-15,17.62170968597708,26
0.31,5,144,1,1,1026,broad_xyz,22.359644512058754,False,0.3204233503902744,0.14504613824670387,0.5954827696440421,0.3372939766112188,-0.5835981636981753,-0.6100634179031652,0.4118051855382048,0.22609418453815833,1.6755229448455879e-15,17.62170968597708,26
0.33,5,144,1,1,1026,broad_xyz,22.359644512058754,False,0.4612370577623582,0.31625066291506193,0.6491502865294753,0.3275628045643536,-0.6019081869288144,-0.6114825237159145,0.4762519391429386,0.26391798861061444,1.6755229448455879e-15,17.62170968597708,26
0.35,5,144,1,1,1026,broad_xyz,22.359644512058754,False,0.5715788361283906,0.48037480968760515,0.6230872251697065,0.17241729071907896,-0.5837137581315324,-0.5334456842446539,0.5342776385773733,0.29276780245759376,1.6755229448455879e-15,17.62170968597708,26
0.37,5,144,1,1,1026,broad_xyz,22.359644512058754,False,0.6397438481942314,0.6055039739316996,0.5512536018418281,-0.06952452014299931,-0.5611409934728449,-0.4168453618055225,0.5784604852415864,0.3113274503720695,1.6755229448455879e-15,17.62170968597708,26
0.39,5,144,1,1,1026,broad_xyz,22.359644512058754,False,0.6642976347106627,0.6693157881428033,0.4980837765840602,-0.2660865501765673,-0.5746203903573353,-0.3316221556065074,0.627340746975813,0.32468168247394863,1.6755229448455879e-15,17.62170968597708,26
0.41000000000000003,5,144,1,1,1026,broad_xyz,22.359644512058754,False,0.6714529319323522,0.6955922863759215,0.4630768102494781,-0.3888077716934706,-0.5983011914821346,-0.28406679045907635,0.6766965737366909,0.3350688480838148,1.6755229448455879e-15,17.62170968597708,26
0.43,5,144,1,1,1026,broad_xyz,22.359644512058754,False,0.6720678176514807,0.7119815659871493,0.4298310885151262,-0.4662633211291081,-0.6058710941237145,-0.24662159111790485,0.7242497062425843,0.3406748815181663,1.6755229448455879e-15,17.62170968597708,26
0.45,5,144,1,1,1026,broad_xyz,22.359644512058754,False,0.6699932908862173,0.7237543554480835,0.40424355159071224,-0.5071595334497117,-0.5994978504663341,-0.22662604961765204,0.7595928083296575,0.3437832189918118,1.6755229448455879e-15,17.62170968597708,26
0.5,5,144,1,1,1026,broad_xyz,22.359644512058754,False,0.6653424182772275,0.7353757252380922,0.3496241477047752,-0.5175614077800436,-0.4818363398617848,-0.23517082011521667,0.7962928530634393,0.34847110481002797,1.6755229448455879e-15,17.62170968597708,26
0.55,5,144,1,1,1026,broad_xyz,22.359644512058754,False,0.6184375272571649,0.6472094805725992,0.350757693633843,-0.42117457973980943,-0.37737348371494495,-0.3622505909781901,0.7953846172262871,0.3776631262396418,1.6755229448455879e-15,17.62170968597708,26
0.6,5,144,1,1,1026,broad_xyz,22.359644512058754,False,0.4739821330591788,0.49827139650976093,0.4184267694625454,-0.3142059924045156,-0.4464860028025577,-0.4915850183836765,0.8165899463820911,0.41206005096430715,1.6755229448455879e-15,17.62170968597708,26
0.6499999999999999,5,144,1,1,1026,broad_xyz,22.359644512058754,False,0.41975099159144913,0.5290022204108982,0.45761292253580077,-0.326111090133647,-0.5725693330394279,-0.4042049781885681,0.8122177730520614,0.39777964142505057,1.6755229448455879e-15,17.62170968597708,26
0.7,5,144,1,1,1026,broad_xyz,22.359644512058754,False,0.46148529262107973,0.6261574055245517,0.4750169057483581,-0.42608749485337954,-0.6530147387474192,-0.23893374786482327,0.7496748930330873,0.34113602193306947,1.6755229448455879e-15,17.62170968597708,26
0.725,5,144,1,1,1026,broad_xyz,22.359644512058754,False,0.47291242945304146,0.6578814257469963,0.5299118838821077,-0.4218924992225623,-0.6889355292652828,-0.2236290498391212,0.7303242054718875,0.3184100135573214,1.6755229448455879e-15,17.62170968597708,26
0.75,5,144,1,1,1026,broad_xyz,22.359644512058754,False,0.4909262820080425,0.6808394444914179,0.5959550817497021,-0.37538197811606655,-0.7223774761228327,-0.24082251708044136,0.7544835752275874,0.3050984224160939,1.6755229448455879e-15,17.62170968597708,26
0.775,5,144,1,1,1026,broad_xyz,22.359644512058754,False,0.5264168004257204,0.7059603750306448,0.6533494774882644,-0.28853634499400665,-0.7556543372905016,-0.2715696306446942,0.7698998610957791,0.3012920059110511,1.6755229448455879e-15,17.62170968597708,26
0.8,5,144,1,1,1026,broad_xyz,22.359644512058754,False,0.5736450283932846,0.736717481358284,0.6931130218711389,-0.1592268524991946,-0.7688978424332396,-0.30364293306874013,0.768892064633973,0.3057639516804814,1.6755229448455879e-15,17.62170968597708,26
0.825,5,144,1,1,1026,broad_xyz,22.359644512058754,False,0.6140664866176404,0.7687914730174394,0.7185036218563402,0.003300099336312829,-0.7547475134816253,-0.33237754238830347,0.7956750960180448,0.3170283185811431,1.6755229448455879e-15,17.62170968597708,26
0.85,5,144,1,1,1026,broad_xyz,22.359644512058754,False,0.6306303914405816,0.796221503423818,0.7399570610838436,0.17435373434906595,-0.7361937791007359,-0.3689500216675576,0.8132696333585963,0.33360527585384087,1.6755229448455879e-15,17.62170968597708,26
0.875,5,144,1,1,1026,broad_xyz,22.359644512058754,False,0.6238158228432996,0.8056355468298547,0.7409441439488056,0.2864564603624123,-0.7072631771216937,-0.4031045493466737,0.8101872928976994,0.34932272404229364,1.6755229448455879e-15,17.62170968597708,26
0.9,5,144,1,1,1026,broad_xyz,22.359644512058754,False,0.5971082247072343,0.798445169564691,0.7303429342410322,0.3461207230225305,-0.6703992448905014,-0.4331598040676991,0.7842839945673874,0.361565431885854,1.6755229448455879e-15,17.62170968597708,26
0.95,5,144,1,1,1026,broad_xyz,22.359644512058754,False,0.4970109133734011,0.7345925401804724,0.6918902203003674,0.36755463964700685,-0.6929420701241843,-0.4871392886722268,0.6809522358897202,0.37925114300082674,1.6755229448455879e-15,17.62170968597708,26
1.0,5,144,1,1,1026,broad_xyz,22.359644512058754,False,0.35880211060696066,0.6227992409017065,0.6494007282639019,0.25610619309826926,-0.704996561295821,-0.5027547902340397,0.8027591675132377,0.39323306685811665,1.6755229448455879e-15,17.62170968597708,26
0.05,5,144,1,1,1027,broad_xyz,22.359644512058754,False,0.3351744122174395,0.21762120890389614,-0.1416263035495064,-0.23696624506380362,-0.2925789692793439,0.2404723318759174,0.0022897942814285553,0.00011908909564881744,1.6755229448455879e-15,17.62170968597708,27
0.075,5,144,1,1,1027,broad_xyz,22.359644512058754,False,0.35660369156607913,0.24924853363665045,-0.17426980281706586,-0.2988076218615758,-0.3316478420913586,0.2810980761454246,0.006865285860258724,0.0004797857908337029,1.6755229448455879e-15,17.62170968597708,27
0.1,5,144,1,1,1027,broad_xyz,22.359644512058754,False,0.3928736611016628,0.29368051716425075,-0.21947497734830876,-0.3829674371337279,-0.36830739327494516,0.348539713534296,0.01629981007192592,0.001660094789115447,1.6755229448455879e-15,17.62170968597708,27
0.125,5,144,1,1,1027,broad_xyz,22.359644512058754,False,0.4207217894460405,0.3373277570189235,-0.26024043891199006,-0.4645311510169089,-0.3696262286742208,0.42067482858766764,0.03343481596864874,0.00489878303338382,1.6755229448455879e-15,17.62170968597708,27
0.15,5,144,1,1,1027,broad_xyz,22.359644512058754,False,0.46377516487510884,0.3764754338061932,-0.2446767851347011,-0.498566832048278,-0.3176602157487135,0.49196891222818817,0.06172266708716126,0.012702048795688394,1.6755229448455879e-15,17.62170968597708,27
0.1625,5,144,1,1,1027,broad_xyz,22.359644512058754,False,0.5058932303652647,0.4116058225845497,-0.18416440639223092,-0.4671507235136491,-0.24338020309044886,0.516231111651524,0.08094198528467764,0.019772200955360905,1.6755229448455879e-15,17.62170968597708,27
0.175,5,144,1,1,1027,broad_xyz,22.359644512058754,False,0.5541201445826233,0.45280408755633805,-0.08055732080257763,-0.39457223623836224,-0.13250601044630061,0.5245363486706683,0.10340963125159557,0.030983948535869124,1.6755229448455879e-15,17.62170968597708,27
0.1875,5,144,1,1,1027,broad_xyz,22.359644512058754,False,0.5664473903817518,0.46754012929045785,0.022046864798866698,-0.31538933319079154,-0.011710960482316414,0.5088321322880798,0.12900142159613825,0.047933384168537464,1.6755229448455879e-15,17.62170968597708,27
0.2,5,144,1,1,1027,broad_xyz,22.359644512058754,False,0.5535105804977074,0.4708506648321258,0.11384437912848386,-0.23894019039625142,0.09477819819480292,0.4767380058926829,0.1574277448564115,0.06982520654574532,1.6755229448455879e-15,17.62170968597708,27
0.2125,5,144,1,1,1027,broad_xyz,22.359644512058754,False,0.559230315669049,0.5075196996483672,0.21459739286455143,-0.1483832510374104,0.19114756792642015,0.4374302192592595,0.18822930328066267,0.0952485180120755,1.6755229448455879e-15,17.62170968597708,27
0.225,5,144,1,1,1027,broad_xyz,22.359644512058754,False,0.5973469594605977,0.588295052162221,0.3251405441546167,-0.04480595096761488,0.27434959412910337,0.3941436079235184,0.22078414723920092,0.12342351613498116,1.6755229448455879e-15,17.62170968597708,27
0.2375,5,144,1,1,1027,broad_xyz,22.359644512058754,False,0.6468540997635828,0.6765643845399572,0.4361701462004452,0.05813158822999078,0.33339604006383017,0.3450237454101688,0.25432690921867807,0.15263410787906814,1.6755229448455879e-15,17.62170968597708,27
0.25,5,144,1,1,1027,broad_xyz,22.359644512058754,False,0.6980850514698758,0.7594524384239665,0.5348139168766953,0.14147974440592304,0.354605119260614,0.2937358864046728,0.28798019933765273,0.18169973989755933,1.6755229448455879e-15,17.62170968597708,27
0.27,5,144,1,1,1027,broad_xyz,22.359644512058754,False,0.7614911651265751,0.8559952774096098,0.6428836319686266,0.18435576793059183,0.2851960581865674,0.22064410328380865,0.339682174983308,0.22476544777083163,1.6755229448455879e-15,17.62170968597708,27
0.29,5,144,1,1,1027,broad_xyz,22.359644512058754,False,0.7921536260290267,0.9028599707214152,0.6878609579119739,0.0782899687563799,0.07150752615872048,0.17185005546496293,0.40829628201064116,0.2592325398931589,1.6755229448455879e-15,17.62170968597708,27
0.31,5,144,1,1,1027,broad_xyz,22.359644512058754,False,0.7995536020147481,0.9178566082541866,0.6921547597367012,-0.14896902385948022,-0.2423919214397395,0.1479515522301738,0.46809605520356745,0.28101262605534416,1.6755229448455879e-15,17.62170968597708,27
0.33,5,144,1,1,1027,broad_xyz,22.359644512058754,False,0.7960486339642436,0.9186510231123939,0.6768234791816995,-0.3981035824179953,-0.5266481384087829,0.14172665024629016,0.5182933612628109,0.28782544368240814,1.6755229448455879e-15,17.62170968597708,27
0.35,5,144,1,1,1027,broad_xyz,22.359644512058754,False,0.7865631501230694,0.9113966101666074,0.6549794984728303,-0.5822736587430681,-0.6939624434393215,0.13925351477713777,0.557818613376099,0.28151747665734017,1.6755229448455879e-15,17.62170968597708,27
0.37,5,144,1,1,1027,broad_xyz,22.359644512058754,False,0.7687778870449725,0.8934449808965859,0.6403024030729486,-0.6741597312958051,-0.7692446730574642,0.11538709957093261,0.5811629975775419,0.2734192937357744,1.6755229448455879e-15,17.62170968597708,27
0.39,5,144,1,1,1027,broad_xyz,22.359644512058754,False,0.7442417302370634,0.871750024842489,0.6187214863773751,-0.7196546088125743,-0.7783142702319376,0.10683018337154493,0.5874751496512429,0.262158016971516,1.6755229448455879e-15,17.62170968597708,27
0.41000000000000003,5,144,1,1,1027,broad_xyz,22.359644512058754,False,0.7143676779993966,0.8490394374240782,0.5871201485562499,-0.7405331005813477,-0.7515167575801402,0.11602170929242354,0.577763225332944,0.24838697619170677,1.6755229448455879e-15,17.62170968597708,27
0.43,5,144,1,1,1027,broad_xyz,22.359644512058754,False,0.6742982120960864,0.8222675038196534,0.5477998087210466,-0.7484429929923805,-0.7042748335350589,0.14371687795974508,0.5635734355447324,0.23569345994076066,1.6755229448455879e-15,17.62170968597708,27
0.45,5,144,1,1,1027,broad_xyz,22.359644512058754,False,0.6134528360997409,0.7816363695089765,0.49704366690432034,-0.7541460861042039,-0.6332213263223254,0.18199549457503703,0.5604809656774468,0.22856698561571662,1.6755229448455879e-15,17.62170968597708,27
0.5,5,144,1,1,1027,broad_xyz,22.359644512058754,False,0.3839907432630511,0.5941030016419142,0.4225678466176493,-0.7311942533910258,-0.46362956764553925,0.18911752069243748,0.6074933738639057,0.2652938907222382,1.6755229448455879e-15,17.62170968597708,27
0.55,5,144,1,1,1027,broad_xyz,22.359644512058754,False,0.23499606805348155,0.4384670043102582,0.4797355624813234,-0.6934518648679656,-0.45588509346927447,0.031773090180277096,0.6969138082243796,0.3647638094145681,1.6755229448455879e-15,17.62170968597708,27
0.6,5,144,1,1,1027,broad_xyz,22.359644512058754,False,0.37219605124915395,0.5679486608906994,0.6692125508832919,-0.5806388818436877,-0.5992320899202765,-0.11175348691561984,0.7798331119304011,0.4279299114900967,1.6755229448455879e-15,17.62170968597708,27
0.6499999999999999,5,144,1,1,1027,broad_xyz,22.359644512058754,False,0.5916713543210887,0.748469758147699,0.8063657662595041,-0.40298026671916626,-0.7950864269699481,-0.21710888310485996,0.8334514359980345,0.4322610315935253,1.6755229448455879e-15,17.62170968597708,27
0.7,5,144,1,1,1027,broad_xyz,22.359644512058754,False,0.7158973771051086,0.8166037478210475,0.8456096526933004,-0.0638968250143329,-0.8395882950067971,-0.28363270186827433,0.7732016893233025,0.40965256716451365,1.6755229448455879e-15,17.62170968597708,27
0.725,5,144,1,1,1027,broad_xyz,22.359644512058754,False,0.7491049204045618,0.8225037946224053,0.8453217128249559,0.15560194463239865,-0.8236067633000502,-0.31721167203771666,0.7503755304858422,0.3994737376139208,1.6755229448455879e-15,17.62170968597708,27
0.75,5,144,1,1,1027,broad_xyz,22.359644512058754,False,0.7631693721646023,0.8112474771656109,0.828038674045353,0.31290045696477903,-0.7999098495754086,-0.34882700579982673,0.7633719653993996,0.390969474395624,1.6755229448455879e-15,17.62170968597708,27
0.775,5,144,1,1,1027,broad_xyz,22.359644512058754,False,0.7648403431569487,0.7929405079292959,0.8002444626181457,0.38715316949481976,-0.7823724385865143,-0.3766915914272262,0.7787199137925503,0.38211889195269194,1.6755229448455879e-15,17.62170968597708,27
0.8,5,144,1,1,1027,broad_xyz,22.359644512058754,False,0.7636821991077232,0.7809420365607371,0.7744419113403441,0.4118113982917804,-0.7769066017229351,-0.399475526715895,0.7876699407555596,0.3712187864473938,1.6755229448455879e-15,17.62170968597708,27
0.825,5,144,1,1,1027,broad_xyz,22.359644512058754,False,0.7623277775680757,0.7771732431975285,0.7546198450872778,0.40898359874264034,-0.776927183366811,-0.4141724390623196,0.8059002140086986,0.35842835866734035,1.6755229448455879e-15,17.62170968597708,27
0.85,5,144,1,1,1027,broad_xyz,22.359644512058754,False,0.7571331301062525,0.7692367956622688,0.7321030262584415,0.3740544086069949,-0.7752724645184866,-0.41987836034848786,0.8410884669259854,0.34596628866366186,1.6755229448455879e-15,17.62170968597708,27
0.875,5,144,1,1,1027,broad_xyz,22.359644512058754,False,0.7442591633122018,0.7435896294887311,0.6962434565674692,0.3012212592365267,-0.7610786395867084,-0.4212354647358111,0.8654091112421712,0.33686059417822306,1.6755229448455879e-15,17.62170968597708,27
0.9,5,144,1,1,1027,broad_xyz,22.359644512058754,False,0.7247268261786287,0.7009026818518025,0.6497512957495214,0.20507560371343936,-0.7299765039353249,-0.4197917560945479,0.8722304806549095,0.3322822650169589,1.6755229448455879e-15,17.62170968597708,27
0.95,5,144,1,1,1027,broad_xyz,22.359644512058754,False,0.6901106645543877,0.6266781063715778,0.5835903066631428,0.033163779221182056,-0.7482277451152697,-0.4106135927283341,0.8350008513920293,0.3299561370699178,1.6755229448455879e-15,17.62170968597708,27
1.0,5,144,1,1,1027,broad_xyz,22.359644512058754,False,0.6515345390968548,0.6027381691427206,0.5432705614470787,-0.13358174638764625,-0.7515241236302987,-0.37490813615280094,0.7543835374785812,0.32358918500854145,1.6755229448455879e-15,17.62170968597708,27
0.05,5,144,1,1,1028,broad_xyz,22.359644512058754,False,-0.1631892150582814,0.38110271422647235,-0.45018107737228624,-0.5229200623367857,-0.3435345657417154,0.3992627789889587,0.010488022576883757,0.0027667732062274433,1.6755229448455879e-15,17.62170968597708,28
0.075,5,144,1,1,1028,broad_xyz,22.359644512058754,False,-0.12733099181897684,0.39844398141885246,-0.45875870561678683,-0.5476869179846297,-0.35124984651954394,0.446666600890265,0.025645619380719107,0.007193611834320103,1.6755229448455879e-15,17.62170968597708,28
0.1,5,144,1,1,1028,broad_xyz,22.359644512058754,False,-0.049373163161299284,0.43601700342345573,-0.44616346587120687,-0.5567932483687756,-0.35401456561452915,0.4783546617987224,0.049538590933482035,0.015064523938826771,1.6755229448455879e-15,17.62170968597708,28
0.125,5,144,1,1,1028,broad_xyz,22.359644512058754,False,0.07784493870149539,0.502877252167268,-0.3961395017132134,-0.5383044581474458,-0.3467567544803864,0.4935565758126498,0.0830939594737071,0.028041251119581962,1.6755229448455879e-15,17.62170968597708,28
0.15,5,144,1,1,1028,broad_xyz,22.359644512058754,False,0.2427536258691884,0.5912818078472466,-0.2954634806015219,-0.4805939410939674,-0.3325288936052428,0.484221366197887,0.12618105515470623,0.047967773837552165,1.6755229448455879e-15,17.62170968597708,28
0.1625,5,144,1,1,1028,broad_xyz,22.359644512058754,False,0.32830188331017074,0.6389618305476168,-0.225818387592736,-0.4367933531704858,-0.3323629572198913,0.4707204196241873,0.1509365884901443,0.06127940435467817,1.6755229448455879e-15,17.62170968597708,28
0.175,5,144,1,1,1028,broad_xyz,22.359644512058754,False,0.4006388747305184,0.6802317252289358,-0.15122296078647543,-0.3899858813713043,-0.3545350712746408,0.44579482976629253,0.17750048900539578,0.07747231790030454,1.6755229448455879e-15,17.62170968597708,28
0.1875,5,144,1,1,1028,broad_xyz,22.359644512058754,False,0.4622354205343596,0.7204323899005565,-0.06230924374226808,-0.3314781777355466,-0.4011725559697824,0.4190347331519437,0.20554872123772389,0.09652379799934446,1.6755229448455879e-15,17.62170968597708,28
0.2,5,144,1,1,1028,broad_xyz,22.359644512058754,False,0.5096816668565326,0.757583006141789,0.04095095877195567,-0.26117082151488413,-0.45983882439561985,0.3929187629861718,0.23528829238412682,0.11854797052410168,1.6755229448455879e-15,17.62170968597708,28
0.2125,5,144,1,1,1028,broad_xyz,22.359644512058754,False,0.5340924082825608,0.7853655681724496,0.15618126110409303,-0.18111710415435464,-0.4953805603514376,0.36417885164430275,0.2872643958696534,0.14341168360596035,1.6755229448455879e-15,17.62170968597708,28
0.225,5,144,1,1,1028,broad_xyz,22.359644512058754,False,0.5307395931381631,0.7986864186866715,0.27309070800101726,-0.10190014275611599,-0.5236543964817573,0.3300115557370446,0.3417311363625037,0.1704711120408303,1.6755229448455879e-15,17.62170968597708,28
0.2375,5,144,1,1,1028,broad_xyz,22.359644512058754,False,0.5027900964221247,0.7980124653058416,0.38040026288676115,-0.03664125880809774,-0.565112983100217,0.2910855666532416,0.396980874318904,0.19885793314827374,1.6755229448455879e-15,17.62170968597708,28
0.25,5,144,1,1,1028,broad_xyz,22.359644512058754,False,0.4620621962016921,0.7911159463357769,0.46702156790297467,9.056387847630866e-05,-0.6002236057482365,0.25218303807898446,0.45109237561818416,0.22745507298329531,1.6755229448455879e-15,17.62170968597708,28
0.27,5,144,1,1,1028,broad_xyz,22.359644512058754,False,0.3990859665235506,0.7797293091276131,0.5597552424908191,-0.01231903425591603,-0.6162201219998268,0.2009324841554358,0.5301973613563274,0.27154811643943855,1.6755229448455879e-15,17.62170968597708,28
0.29,5,144,1,1,1028,broad_xyz,22.359644512058754,False,0.3765181852304572,0.7787956453567482,0.6025910627887828,-0.11065578811806691,-0.5739654228318265,0.17327391534237324,0.5929106463520392,0.3107254513105215,1.6755229448455879e-15,17.62170968597708,28
0.31,5,144,1,1,1028,broad_xyz,22.359644512058754,False,0.4159719943910787,0.7913380722348625,0.6045028645572464,-0.26871529800975325,-0.481256112699086,0.17570584448752913,0.6321715061696032,0.34218429225034197,1.6755229448455879e-15,17.62170968597708,28
0.33,5,144,1,1,1028,broad_xyz,22.359644512058754,False,0.5054201176524651,0.8114184847745227,0.5727025399863203,-0.44138402612097344,-0.34739771844199746,0.21055183935616967,0.649865265996604,0.36414652771432465,1.6755229448455879e-15,17.62170968597708,28
0.35,5,144,1,1,1028,broad_xyz,22.359644512058754,False,0.5904828917919019,0.8273137126759438,0.5159577143510263,-0.5923960215597884,-0.1952513100386054,0.2735170483739506,0.6651633786668263,0.3763446550114408,1.6755229448455879e-15,17.62170968597708,28
0.37,5,144,1,1,1028,broad_xyz,22.359644512058754,False,0.6160374328909674,0.8242410409225898,0.46572310525911775,-0.693910890052425,-0.08877874251276123,0.34620056363033097,0.6737917848840214,0.38229986031034374,1.6755229448455879e-15,17.62170968597708,28
0.39,5,144,1,1,1028,broad_xyz,22.359644512058754,False,0.5886767271632461,0.8084057691087877,0.43662719459639504,-0.7509715154078742,-0.07412385364024873,0.41337087927301314,0.6780769892054597,0.3856033117469931,1.6755229448455879e-15,17.62170968597708,28
0.41000000000000003,5,144,1,1,1028,broad_xyz,22.359644512058754,False,0.5377098455767118,0.7861480865934724,0.42359937087736493,-0.7837724181081597,-0.15194901723990276,0.4606128036948685,0.6802727675959916,0.3886350760988226,1.6755229448455879e-15,17.62170968597708,28
0.43,5,144,1,1,1028,broad_xyz,22.359644512058754,False,0.4975528090263405,0.7663246692448717,0.4269013847265526,-0.8044583996702169,-0.2747037410040098,0.47377231074696274,0.6954666799483417,0.39425558228571145,1.6755229448455879e-15,17.62170968597708,28
0.45,5,144,1,1,1028,broad_xyz,22.359644512058754,False,0.4877525749008935,0.7566112146187882,0.4470902856581018,-0.8202588470674159,-0.3742572330451773,0.4412806233510907,0.7113234645679054,0.40433316531703917,1.6755229448455879e-15,17.62170968597708,28
0.5,5,144,1,1,1028,broad_xyz,22.359644512058754,False,0.6089258028338865,0.7977747497369793,0.5779753424874997,-0.8433282278445078,-0.4744225848730203,0.18162492289834797,0.7538749727816291,0.4516080838228916,1.6755229448455879e-15,17.62170968597708,28
0.55,5,144,1,1,1028,broad_xyz,22.359644512058754,False,0.7328579074631763,0.8498230561924374,0.7416637905627376,-0.8083639563434875,-0.6014429480179875,-0.10217533374633538,0.7945991745546366,0.5079792723232672,1.6755229448455879e-15,17.62170968597708,28
0.6,5,144,1,1,1028,broad_xyz,22.359644512058754,False,0.7536925715395455,0.8469116704559975,0.7950996555787104,-0.67823412909677,-0.7030737391547687,-0.33351954081507706,0.8005737563477309,0.5270284416972097,1.6755229448455879e-15,17.62170968597708,28
0.6499999999999999,5,144,1,1,1028,broad_xyz,22.359644512058754,False,0.6412684977289749,0.7903236546362685,0.7402628532055642,-0.4762326866770264,-0.6782274488827439,-0.5388713765207319,0.7695617929846814,0.5059559919927078,1.6755229448455879e-15,17.62170968597708,28
0.7,5,144,1,1,1028,broad_xyz,22.359644512058754,False,0.5607065683452572,0.754623711797162,0.7627382995673604,-0.16767479101863955,-0.6812649393902341,-0.6135568517068035,0.7227084642961414,0.4718752690583901,1.6755229448455879e-15,17.62170968597708,28
0.725,5,144,1,1,1028,broad_xyz,22.359644512058754,False,0.5673974296546386,0.7612156621658658,0.8103427782372246,0.10503640770848818,-0.6925947702171844,-0.6112909168247331,0.7398966640737982,0.454476621384839,1.6755229448455879e-15,17.62170968597708,28
0.75,5,144,1,1,1028,broad_xyz,22.359644512058754,False,0.5853129432940662,0.7716423344028133,0.8504445633800155,0.344804563774569,-0.6954913822621251,-0.5934962515951467,0.7355313001550766,0.4356574015991097,1.6755229448455879e-15,17.62170968597708,28
0.775,5,144,1,1,1028,broad_xyz,22.359644512058754,False,0.593909510304574,0.7749156628860867,0.8670561486605567,0.45038951546713085,-0.68024249595001,-0.5682924099268185,0.701795240064109,0.4142475556808962,1.6755229448455879e-15,17.62170968597708,28
0.8,5,144,1,1,1028,broad_xyz,22.359644512058754,False,0.5772004791597407,0.7665501001447702,0.8597206836308561,0.4752549482129116,-0.6461374105694208,-0.5449746682076356,0.7266138464702757,0.39060791916548065,1.6755229448455879e-15,17.62170968597708,28
0.825,5,144,1,1,1028,broad_xyz,22.359644512058754,False,0.5210090335557939,0.7497754518201859,0.8378749328590444,0.4795056440414527,-0.588080262833987,-0.53008096793953,0.7317484512385201,0.3672108488619121,1.6755229448455879e-15,17.62170968597708,28
0.85,5,144,1,1,1028,broad_xyz,22.359644512058754,False,0.44587042009840866,0.7323590413897351,0.8125378506578007,0.48412874096366565,-0.508618361009808,-0.5197145510468781,0.7192397213398489,0.34803073000756296,1.6755229448455879e-15,17.62170968597708,28
0.875,5,144,1,1,1028,broad_xyz,22.359644512058754,False,0.39615038093702726,0.7197046340841277,0.7905297718942398,0.4834026032923381,-0.4308134758307687,-0.5009454189671817,0.6970983150468306,0.3365745203057616,1.6755229448455879e-15,17.62170968597708,28
0.9,5,144,1,1,1028,broad_xyz,22.359644512058754,False,0.38850504146516235,0.7101953133377336,0.7735034051968299,0.46035893745503714,-0.42340581467765576,-0.4614047343403017,0.6839814090174814,0.3338728387681455,1.6755229448455879e-15,17.62170968597708,28
0.95,5,144,1,1,1028,broad_xyz,22.359644512058754,False,0.4378868786639867,0.6833898274855834,0.7489416888598592,0.3272615256774229,-0.6361015697055621,-0.37301077655396747,0.7434156911042389,0.3460263229631302,1.6755229448455879e-15,17.62170968597708,28
1.0,5,144,1,1,1028,broad_xyz,22.359644512058754,False,0.43301949214774815,0.6206469027541138,0.6992736472355484,0.11537472515528537,-0.7290334704782796,-0.37657009868026997,0.7756611925777954,0.36836562217507995,1.6755229448455879e-15,17.62170968597708,28
0.05,5,144,1,1,1029,broad_xyz,22.359644512058754,False,0.00550775957424095,0.135965297647803,-0.10631020964466893,-0.11609409714760745,-0.14636354731140158,0.09428143781148093,0.00035360091244622353,8.058615027051724e-06,1.6755229448455879e-15,17.62170968597708,29
0.075,5,144,1,1,1029,broad_xyz,22.359644512058754,False,0.0067123295454304165,0.14870481552198328,-0.13457560316177017,-0.14751344219023899,-0.16221939110344466,0.12763870667178842,0.0011921049535996188,3.272128699630662e-05,1.6755229448455879e-15,17.62170968597708,29
0.1,5,144,1,1,1029,broad_xyz,22.359644512058754,False,0.019002866090067867,0.1911262808913872,-0.19213405160648214,-0.2096649822493926,-0.19983670939486523,0.1801609475036018,0.003916624085690469,0.0001805793032189064,1.6755229448455879e-15,17.62170968597708,29
0.125,5,144,1,1,1029,broad_xyz,22.359644512058754,False,0.06763093176771687,0.25362629248013563,-0.2533232375429918,-0.27556062568028894,-0.1932600250721674,0.20316433326641484,0.011121150351381656,0.0009390481662729859,1.6755229448455879e-15,17.62170968597708,29
0.15,5,144,1,1,1029,broad_xyz,22.359644512058754,False,0.12145664731205646,0.29414147573528254,-0.3246405296449875,-0.35194253764859845,-0.11290258575916282,0.2171550416710642,0.027186538488082113,0.004086788727683207,1.6755229448455879e-15,17.62170968597708,29
0.1625,5,144,1,1,1029,broad_xyz,22.359644512058754,False,0.2777238894419715,0.3628190754687393,-0.24756800314877075,-0.2889552826629351,0.058980437782988705,0.09188213911659278,0.041229206149453065,0.008796476203158397,1.6755229448455879e-15,17.62170968597708,29
0.175,5,144,1,1,1029,broad_xyz,22.359644512058754,False,0.4989757172559671,0.45033174717050306,-0.005276158312954826,-0.07372292560459355,0.2665818549691675,-0.12750048905169367,0.05858363602511328,0.018931389639893183,1.6755229448455879e-15,17.62170968597708,29
0.1875,5,144,1,1,1029,broad_xyz,22.359644512058754,False,0.5832113502264097,0.44257653776149286,0.2039064266548423,0.1124571012780883,0.3288890838438945,-0.32374436666050715,0.0986337339960113,0.03614202742899378,1.6755229448455879e-15,17.62170968597708,29
0.2,5,144,1,1,1029,broad_xyz,22.359644512058754,False,0.6075190057249624,0.4143754602311651,0.37505293995872874,0.2587113053652927,0.2685747176806183,-0.4355292512962545,0.15227793900481465,0.059481502596345784,1.6755229448455879e-15,17.62170968597708,29
0.2125,5,144,1,1,1029,broad_xyz,22.359644512058754,False,0.6076064712079385,0.3908352656102237,0.5295114374273834,0.38542749592675224,0.13843975867983846,-0.49578351682720356,0.2136008726355353,0.08852508871647857,1.6755229448455879e-15,17.62170968597708,29
0.225,5,144,1,1,1029,broad_xyz,22.359644512058754,False,0.600252761565834,0.377615533074268,0.6392757074961037,0.46256533113281695,-0.01652432987830175,-0.5295484482595195,0.2781545991679093,0.12142696765373019,1.6755229448455879e-15,17.62170968597708,29
0.2375,5,144,1,1,1029,broad_xyz,22.359644512058754,False,0.5998107378191128,0.37989883647214595,0.7029900442980467,0.4851062174654525,-0.1571451260022785,-0.547494127542818,0.34142523307893546,0.1560613845914287,1.6755229448455879e-15,17.62170968597708,29
0.25,5,144,1,1,1029,broad_xyz,22.359644512058754,False,0.610359257392652,0.39692558229641783,0.7427232079128484,0.4749172667347484,-0.26788192654403176,-0.5574219509575107,0.3996701431602372,0.19100011306574227,1.6755229448455879e-15,17.62170968597708,29
0.27,5,144,1,1,1029,broad_xyz,22.359644512058754,False,0.6482738810796285,0.45119484534516185,0.7815647644146793,0.418230673719939,-0.3866529734418707,-0.5599432483509648,0.4766547585343297,0.24363615380275894,1.6755229448455879e-15,17.62170968597708,29
0.29,5,144,1,1,1029,broad_xyz,22.359644512058754,False,0.7036240181412521,0.534910851348576,0.8027073704955419,0.32960112121171475,-0.4483622108467405,-0.5415669349037019,0.5293856930864733,0.28672743709607446,1.6755229448455879e-15,17.62170968597708,29
0.31,5,144,1,1,1029,broad_xyz,22.359644512058754,False,0.7602933001070716,0.6413899297047988,0.8047218647153903,0.20562793813655167,-0.4629053341754788,-0.4953886300183222,0.565015710644412,0.3148893273146153,1.6755229448455879e-15,17.62170968597708,29
0.33,5,144,1,1,1029,broad_xyz,22.359644512058754,False,0.7934185424909164,0.7530396157633509,0.7744843077546154,0.020876989032022276,-0.42711270665483564,-0.41470573924249265,0.615768364705473,0.32467040303855943,1.6755229448455879e-15,17.62170968597708,29
0.35,5,144,1,1,1029,broad_xyz,22.359644512058754,False,0.7757797545063827,0.8384618715004771,0.6986701172583224,-0.22144763337006143,-0.3653281015699578,-0.3059419703343583,0.6471832848807195,0.31554271971687864,1.6755229448455879e-15,17.62170968597708,29
0.37,5,144,1,1,1029,broad_xyz,22.359644512058754,False,0.6978774813572038,0.8604111649696194,0.6001495003392954,-0.43634319171793734,-0.3355252390348383,-0.2110803991705888,0.664783713172064,0.29459665595514894,1.6755229448455879e-15,17.62170968597708,29
0.39,5,144,1,1,1029,broad_xyz,22.359644512058754,False,0.5941008717312435,0.8286645770053506,0.5417233058593066,-0.5379461065509662,-0.3704966528845059,-0.16560748694048108,0.6653821818220045,0.27606234799568613,1.6755229448455879e-15,17.62170968597708,29
0.41000000000000003,5,144,1,1,1029,broad_xyz,22.359644512058754,False,0.48920771918247397,0.789911184750657,0.49837566384147153,-0.5778897218664467,-0.37715921720392864,-0.13672197454618976,0.6418564186970457,0.25933322147262483,1.6755229448455879e-15,17.62170968597708,29
0.43,5,144,1,1,1029,broad_xyz,22.359644512058754,False,0.381179666870634,0.7499013928815497,0.46012258779382803,-0.5896732548361543,-0.3299526795626989,-0.11735059488816425,0.6150562219448257,0.24712842507085617,1.6755229448455879e-15,17.62170968597708,29
0.45,5,144,1,1,1029,broad_xyz,22.359644512058754,False,0.28094582663739665,0.7132997238042258,0.43514176493922213,-0.5822131936687693,-0.2378390690254883,-0.11048095529576396,0.5794007772098225,0.242970689618848,1.6755229448455879e-15,17.62170968597708,29
0.5,5,144,1,1,1029,broad_xyz,22.359644512058754,False,0.20409662361296266,0.6299824196851411,0.5018388304157837,-0.47267639000821016,-0.12216952987975106,-0.1812247375175574,0.6128378067352123,0.2987682898913641,1.6755229448455879e-15,17.62170968597708,29
0.55,5,144,1,1,1029,broad_xyz,22.359644512058754,False,0.28573859459782475,0.4800325925792081,0.6406484251243216,-0.3530450122193591,-0.43608355581448904,-0.391302524398949,0.7621565994800755,0.43373901548109717,1.6755229448455879e-15,17.62170968597708,29
0.6,5,144,1,1,1029,broad_xyz,22.359644512058754,False,0.5266959487662495,0.5723849919804136,0.7633170503678236,-0.15242140764481465,-0.6925815228049413,-0.5739719668950856,0.8551282981945347,0.5286570987057512,1.6755229448455879e-15,17.62170968597708,29
0.6499999999999999,5,144,1,1,1029,broad_xyz,22.359644512058754,False,0.7339958779372697,0.7355501934342161,0.7865059926238555,-0.04843423341517667,-0.8280991775221369,-0.6691639626188944,0.8585628512470797,0.5484811995726321,1.6755229448455879e-15,17.62170968597708,29
0.7,5,144,1,1,1029,broad_xyz,22.359644512058754,False,0.753285328528703,0.7740493915726964,0.774748380463446,-0.049485915871447586,-0.8631236072267843,-0.6768743694436078,0.8970195977911679,0.529787710240631,1.6755229448455879e-15,17.62170968597708,29
0.725,5,144,1,1,1029,broad_xyz,22.359644512058754,False,0.7313191231691734,0.7734069518173691,0.7860480846406811,0.05523665570118185,-0.8619381999846305,-0.667045012005531,0.9423160259682714,0.5174305413009157,1.6755229448455879e-15,17.62170968597708,29
0.75,5,144,1,1,1029,broad_xyz,22.359644512058754,False,0.7018734735863185,0.7710817592191496,0.8002817462190781,0.20577866170297748,-0.8570947570906788,-0.651122348333698,0.9626455434974763,0.5033507339147479,1.6755229448455879e-15,17.62170968597708,29
0.775,5,144,1,1,1029,broad_xyz,22.359644512058754,False,0.6671373453326506,0.7696976673252843,0.8120177869349885,0.3423800765903642,-0.8509530610375476,-0.6322893974725874,0.9605131088334097,0.4853935953572278,1.6755229448455879e-15,17.62170968597708,29
0.8,5,144,1,1,1029,broad_xyz,22.359644512058754,False,0.6288691997976934,0.7699200787809245,0.8202321401981836,0.426329163007098,-0.8462445250786474,-0.6118165524858801,0.947244375184171,0.462196494465092,1.6755229448455879e-15,17.62170968597708,29
0.825,5,144,1,1,1029,broad_xyz,22.359644512058754,False,0.5928613381733813,0.7720181791900793,0.8252361994406965,0.4565263878179871,-0.8450339044378986,-0.5865491819687388,0.933002137604488,0.4347596304442999,1.6755229448455879e-15,17.62170968597708,29
0.85,5,144,1,1,1029,broad_xyz,22.359644512058754,False,0.5677206977524093,0.7753974708743593,0.8276302395735308,0.4498616235221573,-0.8451857559417516,-0.5519551344720827,0.9234372058439115,0.4066873579001263,1.6755229448455879e-15,17.62170968597708,29
0.875,5,144,1,1,1029,broad_xyz,22.359644512058754,False,0.556870694621098,0.7739191507152832,0.8258975496405111,0.42318755151191206,-0.8422653277966422,-0.5143182591635092,0.9192028647780779,0.3838866476657292,1.6755229448455879e-15,17.62170968597708,29
0.9,5,144,1,1,1029,broad_xyz,22.359644512058754,False,0.5545022086153021,0.7602358458231508,0.8185438339111634,0.38925979941188,-0.8304000536268139,-0.4880571648939557,0.9177169902658449,0.37105274230190977,1.6755229448455879e-15,17.62170968597708,29
0.95,5,144,1,1,1029,broad_xyz,22.359644512058754,False,0.5530025825890785,0.7019952104853096,0.7923345740219689,0.2748285710675698,-0.8695154142233231,-0.4526854141558927,0.9054064403526968,0.3673148136090593,1.6755229448455879e-15,17.62170968597708,29
1.0,5,144,1,1,1029,broad_xyz,22.359644512058754,False,0.5322062590798741,0.6216481628809083,0.7313836162476929,-0.0010610661354555292,-0.8596819350570751,-0.43497729063190643,0.8896731513584499,0.37628273398108264,1.6755229448455879e-15,17.62170968597708,29
0.05,5,144,1,1,1030,broad_xyz,22.359644512058754,False,0.31045280204400016,0.6272811607758425,0.3386023830879014,0.08767513604987334,0.30534293838152093,0.41362822514945885,0.014600908382361423,0.004246962190699426,1.6755229448455879e-15,17.62170968597708,30
0.075,5,144,1,1,1030,broad_xyz,22.359644512058754,False,0.3693646333112294,0.6465678793367358,0.3678925434927692,0.07194895299340488,0.25064283306963364,0.43220212696918675,0.03409333663495155,0.010429578772576923,1.6755229448455879e-15,17.62170968597708,30
0.1,5,144,1,1,1030,broad_xyz,22.359644512058754,False,0.4606272754195307,0.6768802921386998,0.40860592814258373,0.0737776001134954,0.14087780240589096,0.4631593457381592,0.06332858912197666,0.02065850659695634,1.6755229448455879e-15,17.62170968597708,30
0.125,5,144,1,1,1030,broad_xyz,22.359644512058754,False,0.5857190103548305,0.7151107056706868,0.45513555266968486,0.08824940263753628,-0.055584367972877344,0.49738877506937185,0.10255426153254364,0.03661458135408814,1.6755229448455879e-15,17.62170968597708,30
0.15,5,144,1,1,1030,broad_xyz,22.359644512058754,False,0.7406305638744409,0.7528891238420813,0.5050926207737071,0.11509787606017254,-0.3546194717045162,0.5295502420925055,0.1514036191343306,0.06062705001977125,1.6755229448455879e-15,17.62170968597708,30
0.1625,5,144,1,1,1030,broad_xyz,22.359644512058754,False,0.8177906105616689,0.7672786661176603,0.5353729590463067,0.13853664340216257,-0.5334396299603406,0.5426694884837905,0.17910748528566253,0.07633680706013192,1.6755229448455879e-15,17.62170968597708,30
0.175,5,144,1,1,1030,broad_xyz,22.359644512058754,False,0.8772013355665585,0.7648315143940061,0.5576221078396345,0.15446288943430994,-0.7057592090973968,0.5403787660625667,0.2102859201016903,0.09527455841270457,1.6755229448455879e-15,17.62170968597708,30
0.1875,5,144,1,1,1030,broad_xyz,22.359644512058754,False,0.9177814776611513,0.7581609484591766,0.5862070540785809,0.17914136006656922,-0.8307931985544399,0.5389294258048979,0.24444142420856443,0.11686560562406632,1.6755229448455879e-15,17.62170968597708,30
0.2,5,144,1,1,1030,broad_xyz,22.359644512058754,False,0.9348164686007161,0.7473507945581758,0.6218865060604845,0.21313245982360926,-0.8981244513464975,0.5361568399004009,0.280631417186031,0.1408595413754714,1.6755229448455879e-15,17.62170968597708,30
0.2125,5,144,1,1,1030,broad_xyz,22.359644512058754,False,0.9274035436848324,0.7304945137276974,0.6633485810921155,0.25400737697297937,-0.9253256820423436,0.5330296268850967,0.3194861082379377,0.16702803267225821,1.6755229448455879e-15,17.62170968597708,30
0.225,5,144,1,1,1030,broad_xyz,22.359644512058754,False,0.9013637939593322,0.709423643044235,0.7078956513193881,0.29704960601850017,-0.9332098100102322,0.5235062127635488,0.35950603537166703,0.19474376979437788,1.6755229448455879e-15,17.62170968597708,30
0.2375,5,144,1,1,1030,broad_xyz,22.359644512058754,False,0.8675308828819803,0.6884343554641181,0.7474476062382172,0.3290649705271777,-0.9318546578604422,0.5053170713192731,0.40000201419882353,0.22316724029885915,1.6755229448455879e-15,17.62170968597708,30
0.25,5,144,1,1,1030,broad_xyz,22.359644512058754,False,0.8361938944892661,0.6710802773573777,0.7802866219596504,0.3441897324734789,-0.925353821790494,0.4766118527791619,0.4430865468712404,0.2514819082353854,1.6755229448455879e-15,17.62170968597708,30
0.27,5,144,1,1,1030,broad_xyz,22.359644512058754,False,0.808617199941635,0.6564694779344711,0.8184124988172616,0.3203213056109912,-0.9092563531074128,0.4130586275053753,0.5101484740787328,0.29455432276397664,1.6755229448455879e-15,17.62170968597708,30
0.29,5,144,1,1,1030,broad_xyz,22.359644512058754,False,0.8185605748325177,0.6626547070058658,0.8410800025975463,0.21824263660268664,-0.8865557507876639,0.33780414215585475,0.5688141064891791,0.3320454789157943,1.6755229448455879e-15,17.62170968597708,30
0.31,5,144,1,1,1030,broad_xyz,22.359644512058754,False,0.8520599374354183,0.6893084975632375,0.851948019463399,0.02127289427313427,-0.8528733489651008,0.2636765806740434,0.6140285159044696,0.36120502693937023,1.6755229448455879e-15,17.62170968597708,30
0.33,5,144,1,1,1030,broad_xyz,22.359644512058754,False,0.8783565130832981,0.7306915329479209,0.8538502211269319,-0.24783538509173136,-0.8089414484613404,0.2011678253805882,0.64442966860086,0.3803614883327944,1.6755229448455879e-15,17.62170968597708,30
0.35,5,144,1,1,1030,broad_xyz,22.359644512058754,False,0.8783742923030378,0.7771858437010356,0.8490391927784282,-0.5029161798819188,-0.7580020856539845,0.1568509652178843,0.6608552757841378,0.38950668682839434,1.6755229448455879e-15,17.62170968597708,30
0.37,5,144,1,1,1030,broad_xyz,22.359644512058754,False,0.851954466154947,0.8167218138912508,0.8435104635473402,-0.6718855120835812,-0.7107022348462259,0.13092126078735997,0.6674804199543654,0.39095920423786396,1.6755229448455879e-15,17.62170968597708,30
0.39,5,144,1,1,1030,broad_xyz,22.359644512058754,False,0.8128422468218879,0.8433455311201414,0.839997338459209,-0.7598815857360188,-0.6797169427934707,0.11019928139440806,0.6654829572004524,0.3891936751906792,1.6755229448455879e-15,17.62170968597708,30
0.41000000000000003,5,144,1,1,1030,broad_xyz,22.359644512058754,False,0.7780196608206865,0.855523134917235,0.8269104348893626,-0.8090577637021474,-0.6657122382500898,0.07183716458947835,0.6587248279700963,0.3907299828505534,1.6755229448455879e-15,17.62170968597708,30
0.43,5,144,1,1,1030,broad_xyz,22.359644512058754,False,0.755185857946384,0.8627986658444963,0.816334796434758,-0.8242366394178853,-0.6631369587985935,0.03374374126783863,0.6569932519716932,0.395504486743537,1.6755229448455879e-15,17.62170968597708,30
0.45,5,144,1,1,1030,broad_xyz,22.359644512058754,False,0.7456027566653702,0.8666279726625514,0.8104545979966512,-0.8170378421268009,-0.6624801797132357,-0.009152083117602024,0.7005618177252841,0.4058918260587926,1.6755229448455879e-15,17.62170968597708,30
0.5,5,144,1,1,1030,broad_xyz,22.359644512058754,False,0.735036980329718,0.8400780162348646,0.7924558690730776,-0.7695783200074023,-0.6219071005885575,-0.19706433295180892,0.8095828943996429,0.4646714583404344,1.6755229448455879e-15,17.62170968597708,30
0.55,5,144,1,1,1030,broad_xyz,22.359644512058754,False,0.6721186786993083,0.7675111926606875,0.7869967581464369,-0.6516605300049719,-0.5402680197225954,-0.3955128981409995,0.8713064896917522,0.5341165614507523,1.6755229448455879e-15,17.62170968597708,30
0.6,5,144,1,1,1030,broad_xyz,22.359644512058754,False,0.5383434699213696,0.7030189041884857,0.7794272889817906,-0.47254997977735164,-0.5101123002482216,-0.4727830228020008,0.9119588643076955,0.5536219857978969,1.6755229448455879e-15,17.62170968597708,30
0.6499999999999999,5,144,1,1,1030,broad_xyz,22.359644512058754,False,0.41908238143341103,0.691804723770947,0.7578898638932876,-0.36435528530280586,-0.5517900974779356,-0.45126799208865725,0.8737248422897406,0.5133396974161197,1.6755229448455879e-15,17.62170968597708,30
0.7,5,144,1,1,1030,broad_xyz,22.359644512058754,False,0.41629561465336595,0.738443652045427,0.7916632218163097,-0.18256275442979833,-0.6575726307192259,-0.41277403142068353,0.7882515023569692,0.451006745189306,1.6755229448455879e-15,17.62170968597708,30
0.725,5,144,1,1,1030,broad_xyz,22.359644512058754,False,0.460696144562149,0.7647254469703868,0.8123892978700664,-0.05404046190866039,-0.7057167897727203,-0.38689352689260303,0.7154621465345816,0.42274639080686416,1.6755229448455879e-15,17.62170968597708,30
0.75,5,144,1,1,1030,broad_xyz,22.359644512058754,False,0.522112297510803,0.7791560861715853,0.8175157153794284,0.05805866062947857,-0.7407127330004138,-0.35599039316435166,0.7015787668192248,0.39802238338464324,1.6755229448455879e-15,17.62170968597708,30
0.775,5,144,1,1,1030,broad_xyz,22.359644512058754,False,0.574069353120478,0.7740197809996062,0.8009165430528737,0.1281500442841478,-0.7604492957050606,-0.32469902253892036,0.7257780201289279,0.3758042611969339,1.6755229448455879e-15,17.62170968597708,30
0.8,5,144,1,1,1030,broad_xyz,22.359644512058754,False,0.5775245532357566,0.7489503164132735,0.768517328666912,0.1581294530040101,-0.7570319932748071,-0.29575812154709685,0.7359393828100167,0.35499312604746436,1.6755229448455879e-15,17.62170968597708,30
0.825,5,144,1,1,1030,broad_xyz,22.359644512058754,False,0.5237108644232003,0.7161619297293927,0.7360620642511144,0.16480085996333432,-0.7424499317856031,-0.2710537937351704,0.7335511599590278,0.3351391286674174,1.6755229448455879e-15,17.62170968597708,30
0.85,5,144,1,1,1030,broad_xyz,22.359644512058754,False,0.45668082014722955,0.6962061602206114,0.7227099407506914,0.17146237386401797,-0.7102013212859181,-0.25445952667100574,0.7214506103998987,0.3178500778470217,1.6755229448455879e-15,17.62170968597708,30
0.875,5,144,1,1,1030,broad_xyz,22.359644512058754,False,0.4157927595957871,0.6955760511609053,0.7303272854115942,0.18462158239711776,-0.6513644534993568,-0.24822520364415934,0.7054911059696753,0.3064187181843041,1.6755229448455879e-15,17.62170968597708,30
0.9,5,144,1,1,1030,broad_xyz,22.359644512058754,False,0.4018684328955474,0.7066535858802531,0.7483567003279229,0.196893307241905,-0.6083191375537743,-0.25415368157089446,0.6959698601162748,0.3047877566652005,1.6755229448455879e-15,17.62170968597708,30
0.95,5,144,1,1,1030,broad_xyz,22.359644512058754,False,0.41379343412470326,0.7232899652689787,0.7760229390445339,0.2079228866921633,-0.7198151025901135,-0.3098908045840319,0.6840212085382564,0.33446680594035777,1.6755229448455879e-15,17.62170968597708,30
1.0,5,144,1,1,1030,broad_xyz,22.359644512058754,False,0.4684003751449474,0.6998930426058021,0.7754191119678218,0.1984559100216423,-0.7669766798645389,-0.38441325461005404,0.7301957812019357,0.3842145865613278,1.6755229448455879e-15,17.62170968597708,30
0.05,5,144,1,1,1031,broad_xyz,22.359644512058754,False,0.1066934010808234,0.34497399029222914,-0.30217628139987235,-0.35876165658877557,-0.3283464270168727,-0.08170465521319722,0.003991267387909139,0.0005532595496537102,1.6755229448455879e-15,17.62170968597708,31
0.075,5,144,1,1,1031,broad_xyz,22.359644512058754,False,0.07460781513265843,0.3744532474669574,-0.37965333194248035,-0.4474362275161373,-0.403616402990215,-0.13290441053040103,0.01294626736361185,0.0021107875785907806,1.6755229448455879e-15,17.62170968597708,31
0.1,5,144,1,1,1031,broad_xyz,22.359644512058754,False,0.08596474154182096,0.39243012639707314,-0.425510287359526,-0.5052179402334315,-0.4488227185726138,-0.1954691453392009,0.030062210174696763,0.00555763376270722,1.6755229448455879e-15,17.62170968597708,31
0.125,5,144,1,1,1031,broad_xyz,22.359644512058754,False,0.10105167583760709,0.39991404306838163,-0.4651831216954029,-0.5582448035664184,-0.48865473802385134,-0.2648920306869412,0.056250165312801026,0.011882565463505499,1.6755229448455879e-15,17.62170968597708,31
0.15,5,144,1,1,1031,broad_xyz,22.359644512058754,False,0.1253987124832934,0.4166265185104038,-0.4744619554790149,-0.586087767521324,-0.5039257220677202,-0.33526181455086534,0.09076146926322062,0.022167600233228286,1.6755229448455879e-15,17.62170968597708,31
0.1625,5,144,1,1,1031,broad_xyz,22.359644512058754,False,0.14585599866730486,0.43527453619425294,-0.4625767956811417,-0.5864775389389065,-0.500630432498578,-0.36541797184853747,0.11150726187334414,0.029358310965340313,1.6755229448455879e-15,17.62170968597708,31
0.175,5,144,1,1,1031,broad_xyz,22.359644512058754,False,0.16364914376858672,0.4532383132233668,-0.44315317946205296,-0.5809062617108757,-0.4922138929239341,-0.4014269879078264,0.13362759276355604,0.038591190283746774,1.6755229448455879e-15,17.62170968597708,31
0.1875,5,144,1,1,1031,broad_xyz,22.359644512058754,False,0.20094148059691871,0.4850099439907014,-0.39182546397554785,-0.5477933484561284,-0.46108104442690007,-0.42666253730932585,0.15658376562263737,0.0507410878357444,1.6755229448455879e-15,17.62170968597708,31
0.2,5,144,1,1,1031,broad_xyz,22.359644512058754,False,0.2556025129626949,0.5221423896520094,-0.27908403425604134,-0.4610932368225263,-0.3847229289176252,-0.4037271560604777,0.17989858807803982,0.06781225036416438,1.6755229448455879e-15,17.62170968597708,31
0.2125,5,144,1,1,1031,broad_xyz,22.359644512058754,False,0.3056345800427712,0.5442658036653144,-0.09927660567118965,-0.31459899026198984,-0.2689322244733056,-0.3019301246360957,0.20314209371531972,0.09044045042307416,1.6755229448455879e-15,17.62170968597708,31
0.225,5,144,1,1,1031,broad_xyz,22.359644512058754,False,0.365336656071882,0.5639651310625232,0.10080290188726586,-0.14826427125072514,-0.17591186941901168,-0.1783732119866452,0.2273602613312305,0.11623697667630534,1.6755229448455879e-15,17.62170968597708,31
0.2375,5,144,1,1,1031,broad_xyz,22.359644512058754,False,0.4295787968986678,0.5817610599402735,0.28637111945299865,0.005518750168867477,-0.17243037081982307,-0.06026975273918019,0.27079115819560995,0.1441609558566427,1.6755229448455879e-15,17.62170968597708,31
0.25,5,144,1,1,1031,broad_xyz,22.359644512058754,False,0.49403992036893196,0.5983043732196223,0.4366580122075175,0.12454206617310767,-0.3290532680409755,0.037309426175789036,0.32589239205037257,0.17330308651076967,1.6755229448455879e-15,17.62170968597708,31
0.27,5,144,1,1,1031,broad_xyz,22.359644512058754,False,0.5839730523998877,0.6307966484824787,0.5972996064629775,0.22655451964027654,-0.7170215843820619,0.1408684877460601,0.41744971976274475,0.2200123648397621,1.6755229448455879e-15,17.62170968597708,31
0.29,5,144,1,1,1031,broad_xyz,22.359644512058754,False,0.6563736622556683,0.6783824462389471,0.681169720387553,0.22621775167667246,-0.8446390866483297,0.18925108188275933,0.5117357147397465,0.26318898757328807,1.6755229448455879e-15,17.62170968597708,31
0.31,5,144,1,1,1031,broad_xyz,22.359644512058754,False,0.7170913620176151,0.7392898704505173,0.7106014022494456,0.13148133579669538,-0.8634577262713904,0.1964502621794727,0.5936145116465605,0.2989843009508737,1.6755229448455879e-15,17.62170968597708,31
0.33,5,144,1,1,1031,broad_xyz,22.359644512058754,False,0.7656002511397872,0.8043833682003788,0.6969522490872604,-0.0447607814616779,-0.8426414193090063,0.1719202775224827,0.6522751531398874,0.3244638039148062,1.6755229448455879e-15,17.62170968597708,31
0.35,5,144,1,1,1031,broad_xyz,22.359644512058754,False,0.793452601550018,0.8584273110268056,0.6451697011571581,-0.26154871190896295,-0.7816086093903739,0.12263793557531963,0.6806779274399205,0.33847474734618416,1.6755229448455879e-15,17.62170968597708,31
0.37,5,144,1,1,1031,broad_xyz,22.359644512058754,False,0.7863575347105254,0.8795572481182022,0.5791100090028348,-0.4434106769585807,-0.7047743476975122,0.07444419268662426,0.6845517905256365,0.3451098616575753,1.6755229448455879e-15,17.62170968597708,31
0.39,5,144,1,1,1031,broad_xyz,22.359644512058754,False,0.7563597250901276,0.8760513293166787,0.5312288179662049,-0.5425858821643152,-0.6393372333552559,0.04284686016830417,0.6761529203524173,0.3482526813290954,1.6755229448455879e-15,17.62170968597708,31
0.41000000000000003,5,144,1,1,1031,broad_xyz,22.359644512058754,False,0.7119312257712761,0.8601672945378299,0.48995292745497787,-0.5920832994728157,-0.5840621223145975,0.015842010105254576,0.6912495930202912,0.3471817974920458,1.6755229448455879e-15,17.62170968597708,31
0.43,5,144,1,1,1031,broad_xyz,22.359644512058754,False,0.6618396204096431,0.83696493205935,0.45711080439907775,-0.6140128554315506,-0.5350145511269377,-0.01126321407245856,0.7031720584591709,0.34386954174022716,1.6755229448455879e-15,17.62170968597708,31
0.45,5,144,1,1,1031,broad_xyz,22.359644512058754,False,0.618997586917565,0.8129344608736017,0.4378591526458932,-0.6192269105950563,-0.4930902885713878,-0.04315128692421752,0.7030611506815787,0.3410832449080884,1.6755229448455879e-15,17.62170968597708,31
0.5,5,144,1,1,1031,broad_xyz,22.359644512058754,False,0.6378936670036554,0.7858831397258226,0.45796489326227835,-0.5731196275843103,-0.46963441596495215,-0.24151087509640717,0.7099296845704348,0.3591796780947477,1.6755229448455879e-15,17.62170968597708,31
0.55,5,144,1,1,1031,broad_xyz,22.359644512058754,False,0.834621511073307,0.7845189228807837,0.6635011743981201,-0.3338406449257359,-0.7106458520120752,-0.4678908004144928,0.7778160393024938,0.4378674988801171,1.6755229448455879e-15,17.62170968597708,31
0.6,5,144,1,1,1031,broad_xyz,22.359644512058754,False,0.8859947424293217,0.7253660790812049,0.7405777652203507,-0.3351932995808048,-0.8571904880297151,-0.34823673440360936,0.878476234414854,0.5046904631448044,1.6755229448455879e-15,17.62170968597708,31
0.6499999999999999,5,144,1,1,1031,broad_xyz,22.359644512058754,False,0.8907897458511369,0.7603625349146502,0.7346452895987744,-0.30497474902955,-0.8647772720150175,-0.34930511137463116,0.9694763950343404,0.5136192214451442,1.6755229448455879e-15,17.62170968597708,31
0.7,5,144,1,1,1031,broad_xyz,22.359644512058754,False,0.8504211227725856,0.7866007813620992,0.7340161757754994,-0.15788244574558485,-0.851186337521104,-0.4065385917728329,0.9985514263378028,0.47536132174498924,1.6755229448455879e-15,17.62170968597708,31
0.725,5,144,1,1,1031,broad_xyz,22.359644512058754,False,0.8273666032531083,0.77808942070893,0.7432866530606891,-0.056713553936723636,-0.8372263524376797,-0.40725565113826445,0.9997435826567606,0.4491172127150911,1.6755229448455879e-15,17.62170968597708,31
0.75,5,144,1,1,1031,broad_xyz,22.359644512058754,False,0.806230632815925,0.7608125563283263,0.7552294006035934,0.04551709901196421,-0.8196658163188352,-0.38592186283132485,0.9889063697062012,0.42335433536445877,1.6755229448455879e-15,17.62170968597708,31
0.775,5,144,1,1,1031,broad_xyz,22.359644512058754,False,0.7836307846891422,0.7420692056099703,0.7642144889241472,0.12748725910093625,-0.8028089359577548,-0.3542298474638068,0.9649287803803426,0.39981355989355716,1.6755229448455879e-15,17.62170968597708,31
0.8,5,144,1,1,1031,broad_xyz,22.359644512058754,False,0.7510330325008288,0.7248465338449219,0.7672893421128001,0.17599302001065611,-0.788882110461754,-0.3245225561627084,0.9245938570158974,0.37926978790902965,1.6755229448455879e-15,17.62170968597708,31
0.825,5,144,1,1,1031,broad_xyz,22.359644512058754,False,0.6991428154287301,0.710108645316609,0.7636366951293451,0.19157689282516938,-0.7799377920058288,-0.3058738513819902,0.9361420986248864,0.3612713658858288,1.6755229448455879e-15,17.62170968597708,31
0.85,5,144,1,1,1031,broad_xyz,22.359644512058754,False,0.6237973311465534,0.6968771526157629,0.7543789304201604,0.18418555261818823,-0.7636720425699702,-0.3030090476755739,0.9492868630726172,0.34521290631850504,1.6755229448455879e-15,17.62170968597708,31
0.875,5,144,1,1,1031,broad_xyz,22.359644512058754,False,0.5302649623444248,0.6797058239631033,0.7379996686368135,0.15964364939751888,-0.7314781098844638,-0.3120612764125379,0.9495750431596014,0.3313424971848193,1.6755229448455879e-15,17.62170968597708,31
0.9,5,144,1,1,1031,broad_xyz,22.359644512058754,False,0.43788003530095315,0.6611225755841768,0.7204248609258029,0.12829363245165779,-0.6954385389608322,-0.32356888569737347,0.9710755486035099,0.32010532201111125,1.6755229448455879e-15,17.62170968597708,31
0.95,5,144,1,1,1031,broad_xyz,22.359644512058754,False,0.300135867939783,0.6211064294271045,0.6880010158073893,0.04638105728646992,-0.7401239722197521,-0.3443711974123414,0.973006232838542,0.30672401116913367,1.6755229448455879e-15,17.62170968597708,31
1.0,5,144,1,1,1031,broad_xyz,22.359644512058754,False,0.19433784210619684,0.5495384189623358,0.6268315831654784,-0.11892246705665671,-0.7902442293499192,-0.33844834295369003,0.9008234886764341,0.3025025928630446,1.6755229448455879e-15,17.62170968597708,31
0.05,5,144,1,1,1032,broad_xyz,22.359644512058754,False,-0.31735053353452225,0.15504113269196199,-0.5071131139925467,-0.5152011309469151,-0.5196771716321759,0.5422078832564238,0.0025206388130146126,0.0003024956467279019,1.6755229448455879e-15,17.62170968597708,32
0.075,5,144,1,1,1032,broad_xyz,22.359644512058754,False,-0.19053309885859265,0.1032490096188778,-0.47302029818595004,-0.48965506918135054,-0.4740099207510663,0.512730170913009,0.008226015332814099,0.0011583574613981266,1.6755229448455879e-15,17.62170968597708,32
0.1,5,144,1,1,1032,broad_xyz,22.359644512058754,False,-0.07743105798403194,0.09296386008827538,-0.4397860235210697,-0.47092791649296784,-0.43615347226142526,0.46825486772702296,0.020907985083825333,0.003364269240446751,1.6755229448455879e-15,17.62170968597708,32
0.125,5,144,1,1,1032,broad_xyz,22.359644512058754,False,0.014371043693111075,0.11177199877053885,-0.40874664437945085,-0.4611372948622128,-0.4080354541016235,0.4170550592479219,0.044994681276274665,0.00824646564467623,1.6755229448455879e-15,17.62170968597708,32
0.15,5,144,1,1,1032,broad_xyz,22.359644512058754,False,0.1033507632844515,0.17105341362924018,-0.34568624552362065,-0.42781873499904816,-0.3626866855652127,0.336791671672248,0.08261309793101744,0.017821989409279856,1.6755229448455879e-15,17.62170968597708,32
0.1625,5,144,1,1,1032,broad_xyz,22.359644512058754,False,0.15400751414638053,0.2143617246727059,-0.29571064900756344,-0.3961041640577016,-0.3316026333410035,0.28188061653950847,0.10886802621242596,0.025556456845996223,1.6755229448455879e-15,17.62170968597708,32
0.175,5,144,1,1,1032,broad_xyz,22.359644512058754,False,0.22529443953878736,0.2705552966352252,-0.21972096133005356,-0.3412696279680699,-0.28870012917344023,0.20650430037365622,0.13902489262206755,0.036578972503875914,1.6755229448455879e-15,17.62170968597708,32
0.1875,5,144,1,1,1032,broad_xyz,22.359644512058754,False,0.32552353656604455,0.3330297684532792,-0.10359356504433558,-0.24731094944086682,-0.22819768362540013,0.0984689987276359,0.17812111854065144,0.05318393964896768,1.6755229448455879e-15,17.62170968597708,32
0.2,5,144,1,1,1032,broad_xyz,22.359644512058754,False,0.5109840860889381,0.4196198894690979,0.0980434046457782,-0.06631358569560433,-0.12310174357329824,-0.0791215104846636,0.22106745533233713,0.07979127687047642,1.6755229448455879e-15,17.62170968597708,32
0.2125,5,144,1,1,1032,broad_xyz,22.359644512058754,False,0.6461965861826328,0.41032959156007115,0.36502258620853617,0.19180526476646328,-0.05629070026708312,-0.31604029949850326,0.2736154090642314,0.11573380970818967,1.6755229448455879e-15,17.62170968597708,32
0.225,5,144,1,1,1032,broad_xyz,22.359644512058754,False,0.7254043454686813,0.3644693549879466,0.5875561152502834,0.4163454039280638,-0.18187572913878397,-0.511169663845724,0.3294342980208421,0.15582104739407765,1.6755229448455879e-15,17.62170968597708,32
0.2375,5,144,1,1,1032,broad_xyz,22.359644512058754,False,0.7696806416343658,0.3275602733442258,0.728634135770099,0.5618273911150642,-0.4630957357757199,-0.6303555089489071,0.38710637711782037,0.19731255587696525,1.6755229448455879e-15,17.62170968597708,32
0.25,5,144,1,1,1032,broad_xyz,22.359644512058754,False,0.7991057811697628,0.3097677387823543,0.8103377160397318,0.6439041021309615,-0.6828908478887183,-0.6936887240753129,0.4468168231255192,0.23839662723070493,1.6755229448455879e-15,17.62170968597708,32
0.27,5,144,1,1,1032,broad_xyz,22.359644512058754,False,0.8429230506092941,0.3242617920955764,0.8705796592072194,0.6868725006160371,-0.8070531936920705,-0.7255583728170012,0.5355464303688665,0.29848217223042695,1.6755229448455879e-15,17.62170968597708,32
0.29,5,144,1,1,1032,broad_xyz,22.359644512058754,False,0.8908472803334739,0.38984268314111065,0.8795619638145039,0.6393915584719134,-0.7879575611193667,-0.7008776949506579,0.6024292875046684,0.34498543327948983,1.6755229448455879e-15,17.62170968597708,32
0.31,5,144,1,1,1032,broad_xyz,22.359644512058754,False,0.9260184279173392,0.5042330378942932,0.8387888144158178,0.47140014285698423,-0.6871092363573144,-0.617617460005886,0.6622210377587877,0.371710448353862,1.6755229448455879e-15,17.62170968597708,32
0.33,5,144,1,1,1032,broad_xyz,22.359644512058754,False,0.9055357900306821,0.6486137379866211,0.7208060164544392,0.15262066970247676,-0.4837586731155827,-0.45413932351353464,0.6997580750775336,0.3751436310064124,1.6755229448455879e-15,17.62170968597708,32
0.35,5,144,1,1,1032,broad_xyz,22.359644512058754,False,0.7854863206774614,0.7649274449800944,0.5102430447005614,-0.2425621386740347,-0.18806807918850868,-0.21543456121025706,0.7294038255477271,0.3554688146792173,1.6755229448455879e-15,17.62170968597708,32
0.37,5,144,1,1,1032,broad_xyz,22.359644512058754,False,0.5968462220044686,0.7726670657447584,0.32448713572730953,-0.5092585902276191,0.034981035835091,-0.019729892255464905,0.7511137733092004,0.3280753235057384,1.6755229448455879e-15,17.62170968597708,32
0.39,5,144,1,1,1032,broad_xyz,22.359644512058754,False,0.43948856892839916,0.7251726968708457,0.24638960561196002,-0.6071355277829535,0.09777325074843603,0.0727188419879481,0.7534450558688994,0.31511873674600366,1.6755229448455879e-15,17.62170968597708,32
0.41000000000000003,5,144,1,1,1032,broad_xyz,22.359644512058754,False,0.3168411760153721,0.6753177168582619,0.18894549342008482,-0.6581151295246274,0.11384862962433283,0.13253622504686252,0.7757197905397564,0.3077560758823058,1.6755229448455879e-15,17.62170968597708,32
0.43,5,144,1,1,1032,broad_xyz,22.359644512058754,False,0.2472209599194182,0.6433103351871412,0.15643317653091948,-0.6850302390650885,0.11275586168938535,0.15788932431556188,0.7871652891318939,0.30942230001505716,1.6755229448455879e-15,17.62170968597708,32
0.45,5,144,1,1,1032,broad_xyz,22.359644512058754,False,0.22759208879661633,0.6294867336047398,0.1417070010142476,-0.7048517338868158,0.10847133383716316,0.15421703702699655,0.7919544167803556,0.3192517482454502,1.6755229448455879e-15,17.62170968597708,32
0.5,5,144,1,1,1032,broad_xyz,22.359644512058754,False,0.40115545923931634,0.7144645780261492,0.2658570960726019,-0.6981745167952075,-0.0037108951003399873,-0.0015833267703924331,0.8427857926312696,0.3975095713369331,1.6755229448455879e-15,17.62170968597708,32
0.55,5,144,1,1,1032,broad_xyz,22.359644512058754,False,0.6535951479088373,0.6917395312689022,0.6732377464253152,-0.37212891850976487,-0.5321043337358082,-0.4336398531950723,0.8653282910167124,0.533306447818899,1.6755229448455879e-15,17.62170968597708,32
0.6,5,144,1,1,1032,broad_xyz,22.359644512058754,False,0.8130069324044943,0.644546493446719,0.8157850742031767,-0.1705343631426163,-0.7745646861429727,-0.6238210965844583,0.8201978081008652,0.5840179469711573,1.6755229448455879e-15,17.62170968597708,32
0.6499999999999999,5,144,1,1,1032,broad_xyz,22.359644512058754,False,0.8605421022102168,0.7625407395855258,0.7721685298441522,-0.30425108526597855,-0.8572691205349422,-0.5121750942396099,0.8545222283884264,0.5512723483149912,1.6755229448455879e-15,17.62170968597708,32
0.7,5,144,1,1,1032,broad_xyz,22.359644512058754,False,0.7408413695706784,0.8167863589213995,0.8122268872275606,-0.4072652446399754,-0.9040279067521925,-0.33546702055250294,0.8344504586829202,0.4996493781498518,1.6755229448455879e-15,17.62170968597708,32
0.725,5,144,1,1,1032,broad_xyz,22.359644512058754,False,0.6851664716926255,0.8174929977214832,0.8585609838223405,-0.31388365641819416,-0.9056304519651347,-0.2894629128493527,0.8389138778473817,0.4757053505044827,1.6755229448455879e-15,17.62170968597708,32
0.75,5,144,1,1,1032,broad_xyz,22.359644512058754,False,0.624111021876432,0.8079207194731052,0.8887950135042814,-0.040696266167329444,-0.8946507616408879,-0.2655495171495798,0.8278621204856056,0.4502198543091306,1.6755229448455879e-15,17.62170968597708,32
0.775,5,144,1,1,1032,broad_xyz,22.359644512058754,False,0.5247860154714519,0.7820381239284805,0.8956235666803464,0.3171222215162198,-0.8701187174808968,-0.24733052407471995,0.8435931273697777,0.41956672055828137,1.6755229448455879e-15,17.62170968597708,32
0.8,5,144,1,1,1032,broad_xyz,22.359644512058754,False,0.3725197121784651,0.7316831725560621,0.8780432827194821,0.44973213605321344,-0.8307178346247748,-0.22065953520353715,0.8491738301746037,0.38294246007826627,1.6755229448455879e-15,17.62170968597708,32
0.825,5,144,1,1,1032,broad_xyz,22.359644512058754,False,0.20388716058474235,0.6679630018171068,0.8429148392641536,0.4156760652386604,-0.7736296841957335,-0.18445027138016934,0.833597764775823,0.3444462863982436,1.6755229448455879e-15,17.62170968597708,32
0.85,5,144,1,1,1032,broad_xyz,22.359644512058754,False,0.08765879272248944,0.6263736624760804,0.8111262427129119,0.36973039758104664,-0.6981087942047779,-0.160742908252497,0.7995729409824326,0.3141473620489985,1.6755229448455879e-15,17.62170968597708,32
0.875,5,144,1,1,1032,broad_xyz,22.359644512058754,False,0.059884904921071784,0.626106020679298,0.7930375733516785,0.3666088698748917,-0.6193060585674449,-0.1749784599703323,0.7716380046874033,0.3025568794891906,1.6755229448455879e-15,17.62170968597708,32
0.9,5,144,1,1,1032,broad_xyz,22.359644512058754,False,0.10022520829801411,0.6519023594406085,0.7810907256979999,0.37698447468705126,-0.5653279850331785,-0.22697662618514303,0.7857450957968899,0.30884621240239496,1.6755229448455879e-15,17.62170968597708,32
0.95,5,144,1,1,1032,broad_xyz,22.359644512058754,False,0.2564552622622531,0.7227524529876495,0.7659751949860283,0.30582722211941565,-0.6660249115816044,-0.34315415990686554,0.7727464303596717,0.3367913613792173,1.6755229448455879e-15,17.62170968597708,32
1.0,5,144,1,1,1032,broad_xyz,22.359644512058754,False,0.3837847744303024,0.7209550893221015,0.700279891457471,-0.04653839976150826,-0.6711578384036551,-0.41636763108957137,0.7253270979568283,0.35688110024036046,1.6755229448455879e-15,17.62170968597708,32
0.05,5,144,1,1,1033,broad_xyz,22.359644512058754,False,-0.14679266969326638,0.231091903053587,-0.37038806623807213,-0.39269837186141376,-0.3649056590248872,-0.3218298081333483,0.005026213336875045,0.0007274823074900241,1.6755229448455879e-15,17.62170968597708,33
0.075,5,144,1,1,1033,broad_xyz,22.359644512058754,False,-0.14514987333890694,0.28117436772203785,-0.39297679764253385,-0.42276647580902815,-0.3742291497446999,-0.343456753333736,0.01363020138071246,0.0023722151454140814,1.6755229448455879e-15,17.62170968597708,33
0.1,5,144,1,1,1033,broad_xyz,22.359644512058754,False,-0.0926113550642756,0.3682438847358388,-0.3823773503362773,-0.4226016220848697,-0.35264965902769013,-0.35993899130964596,0.028241585404420094,0.006060924785450051,1.6755229448455879e-15,17.62170968597708,33
0.125,5,144,1,1,1033,broad_xyz,22.359644512058754,False,0.07420487597795657,0.5056048477783026,-0.30258540966942865,-0.36284949314050347,-0.2796639871263,-0.3871190247535194,0.04906687295048314,0.014070053324492115,1.6755229448455879e-15,17.62170968597708,33
0.15,5,144,1,1,1033,broad_xyz,22.359644512058754,False,0.3502685385741667,0.6690304679797654,-0.12862549752278796,-0.2134446792553977,-0.13083774573724208,-0.39881775887791543,0.08099625956910422,0.029890492744912053,1.6755229448455879e-15,17.62170968597708,33
0.1625,5,144,1,1,1033,broad_xyz,22.359644512058754,False,0.5091319848690596,0.7503766380752671,-0.00387716170037936,-0.09932931120895017,-0.023947435082673284,-0.38202323092442664,0.10018781667514065,0.04203907066203654,1.6755229448455879e-15,17.62170968597708,33
0.175,5,144,1,1,1033,broad_xyz,22.359644512058754,False,0.6689757808904594,0.8223048381486507,0.14868872274811393,0.045532003899235285,0.10630660130674331,-0.34862033653862534,0.12193355087469424,0.057885475415124725,1.6755229448455879e-15,17.62170968597708,33
0.1875,5,144,1,1,1033,broad_xyz,22.359644512058754,False,0.8029352683509992,0.8679212921214775,0.3173710459507162,0.21090871527068772,0.2481970297369049,-0.2994901850668779,0.14919519172239296,0.07755919588797183,1.6755229448455879e-15,17.62170968597708,33
0.2,5,144,1,1,1033,broad_xyz,22.359644512058754,False,0.8883508767416494,0.8736907460757927,0.48256134028144404,0.37752151037723203,0.37512507914464716,-0.24283608331914733,0.17918948516876285,0.10080516334181477,1.6755229448455879e-15,17.62170968597708,33
0.2125,5,144,1,1,1033,broad_xyz,22.359644512058754,False,0.9198621524210675,0.8409875264492095,0.6334198191966295,0.5337855652793596,0.45434095626817655,-0.18882677228021985,0.22715712616587916,0.1272671909330054,1.6755229448455879e-15,17.62170968597708,33
0.225,5,144,1,1,1033,broad_xyz,22.359644512058754,False,0.9088872005718064,0.7869997231595182,0.7450429910262105,0.6510534509730176,0.40739762547676955,-0.14567771723880477,0.27928495596130143,0.1556042942679533,1.6755229448455879e-15,17.62170968597708,33
0.2375,5,144,1,1,1033,broad_xyz,22.359644512058754,False,0.8796579163043626,0.730892869406847,0.8184689552169353,0.7270325190415612,0.16783111855919136,-0.11552327332330327,0.33382348755478,0.18468613424268715,1.6755229448455879e-15,17.62170968597708,33
0.25,5,144,1,1,1033,broad_xyz,22.359644512058754,False,0.850282441610454,0.6844907547311792,0.8606325716291459,0.765459263703093,-0.17940161303952712,-0.09685916930778628,0.3886084923572872,0.21321653825438033,1.6755229448455879e-15,17.62170968597708,33
0.27,5,144,1,1,1033,broad_xyz,22.359644512058754,False,0.8247658346769455,0.6374682190312947,0.8870962377589198,0.7677734212213646,-0.5282425198406597,-0.08193111785756638,0.47381682022253235,0.25483425100851825,1.6755229448455879e-15,17.62170968597708,33
0.29,5,144,1,1,1033,broad_xyz,22.359644512058754,False,0.8330883414284628,0.6231081910501425,0.8822902477406043,0.7104314737022166,-0.6459260248739744,-0.07512351239004689,0.5571536426508137,0.2876510354844436,1.6755229448455879e-15,17.62170968597708,33
0.31,5,144,1,1,1033,broad_xyz,22.359644512058754,False,0.8650829227216985,0.6378051610455817,0.8548365105546221,0.6019520771193435,-0.6645546638302422,-0.06942353750879356,0.6244934309279779,0.3083398407436928,1.6755229448455879e-15,17.62170968597708,33
0.33,5,144,1,1,1033,broad_xyz,22.359644512058754,False,0.8967126223019385,0.6775803932936308,0.804750539014858,0.45498977683538977,-0.6238762817973129,-0.06261876184464196,0.677180612718858,0.3154040487603116,1.6755229448455879e-15,17.62170968597708,33
0.35,5,144,1,1,1033,broad_xyz,22.359644512058754,False,0.8986894075335929,0.73444185515992,0.7275226907742491,0.2827669595276816,-0.5298883291444918,-0.057747907944953825,0.7017754586585825,0.3096387943708981,1.6755229448455879e-15,17.62170968597708,33
0.37,5,144,1,1,1033,broad_xyz,22.359644512058754,False,0.8458918599701786,0.7800107380643321,0.6405275710384796,0.11947979982814198,-0.39550311784937753,-0.06461774777511373,0.7130060739941343,0.29688923888543656,1.6755229448455879e-15,17.62170968597708,33
0.39,5,144,1,1,1033,broad_xyz,22.359644512058754,False,0.7434936025873841,0.8043533956131136,0.5645932122510654,-0.008797039772547883,-0.25663932353123764,-0.09043677384929029,0.7049475948387347,0.28410315381735235,1.6755229448455879e-15,17.62170968597708,33
0.41000000000000003,5,144,1,1,1033,broad_xyz,22.359644512058754,False,0.613959463734919,0.8127819410673982,0.4999673738154148,-0.10907313730351698,-0.13816823451128993,-0.13212739325919676,0.6726516107355396,0.27506016459526805,1.6755229448455879e-15,17.62170968597708,33
0.43,5,144,1,1,1033,broad_xyz,22.359644512058754,False,0.4893228780328316,0.8086570932021413,0.45421913579765966,-0.18072191252907419,-0.07645602245402623,-0.17760365540756998,0.656337989810768,0.2731535641004922,1.6755229448455879e-15,17.62170968597708,33
0.45,5,144,1,1,1033,broad_xyz,22.359644512058754,False,0.4110843497955856,0.8060482300533297,0.4418251175463291,-0.21452780588904438,-0.09024555519866644,-0.20864981136963834,0.6228410719856398,0.28114078397285724,1.6755229448455879e-15,17.62170968597708,33
0.5,5,144,1,1,1033,broad_xyz,22.359644512058754,False,0.4798697949422919,0.8345634158412488,0.5655051665896335,-0.11671895600401758,-0.29882407346786666,-0.1917203515858609,0.7719851202400917,0.34300357841459445,1.6755229448455879e-15,17.62170968597708,33
0.55,5,144,1,1,1033,broad_xyz,22.359644512058754,False,0.7348153328859492,0.7996845485879802,0.7522019296354947,0.04865630297829823,-0.6160343443594518,-0.02321644054674814,0.8634704319286104,0.42874631239122235,1.6755229448455879e-15,17.62170968597708,33
0.6,5,144,1,1,1033,broad_xyz,22.359644512058754,False,0.8259593663941467,0.7047727105967511,0.7660975791967165,-0.0918423979491175,-0.7947726028800979,0.04572105862824269,0.8554569695880233,0.46464609178573735,1.6755229448455879e-15,17.62170968597708,33
0.6499999999999999,5,144,1,1,1033,broad_xyz,22.359644512058754,False,0.7998248896616984,0.6923602729529711,0.7070918236298342,-0.14862564710746523,-0.8199701994212341,-0.06811573325435208,0.8692097002820546,0.43955531276828286,1.6755229448455879e-15,17.62170968597708,33
0.7,5,144,1,1,1033,broad_xyz,22.359644512058754,False,0.849324640223753,0.7427145344739396,0.7109743937647733,-0.025010506670795813,-0.790806858736651,-0.2179622280256652,0.8408485507164694,0.4000239408350848,1.6755229448455879e-15,17.62170968597708,33
0.725,5,144,1,1,1033,broad_xyz,22.359644512058754,False,0.839837050258551,0.7703728715742344,0.7426831972872255,0.08506415760491279,-0.7750886071830105,-0.27452421496037943,0.8111948145877763,0.3861867768224545,1.6755229448455879e-15,17.62170968597708,33
0.75,5,144,1,1,1033,broad_xyz,22.359644512058754,False,0.779550025536419,0.791161988555636,0.77453379545602,0.202876236668683,-0.758665096517418,-0.3233595596640703,0.7787989431646839,0.3750144742320836,1.6755229448455879e-15,17.62170968597708,33
0.775,5,144,1,1,1033,broad_xyz,22.359644512058754,False,0.6752471453062163,0.7998289572590632,0.790251235822129,0.29858326236968535,-0.7355092921113328,-0.3706003701915339,0.7470918952096092,0.3635466536964393,1.6755229448455879e-15,17.62170968597708,33
0.8,5,144,1,1,1033,broad_xyz,22.359644512058754,False,0.5570222773470974,0.7945580684152816,0.7864060939358231,0.3602729866059802,-0.6918902649348488,-0.41739849032369036,0.7157310376861175,0.35033006057604194,1.6755229448455879e-15,17.62170968597708,33
0.825,5,144,1,1,1033,broad_xyz,22.359644512058754,False,0.45835673823217676,0.7803702592230835,0.7732082250859866,0.40391599519876265,-0.6162228699707478,-0.4615329404220005,0.6820710026375185,0.3362569664440272,1.6755229448455879e-15,17.62170968597708,33
0.85,5,144,1,1,1033,broad_xyz,22.359644512058754,False,0.3987325770281542,0.7663195356817297,0.7672698192058216,0.45032413388548226,-0.5173637330939272,-0.4935046365247461,0.6437577383696292,0.3251592568826299,1.6755229448455879e-15,17.62170968597708,33
0.875,5,144,1,1,1033,broad_xyz,22.359644512058754,False,0.3861374017194724,0.7599321605313175,0.7808718579502206,0.5038882800115705,-0.4339949557654466,-0.5004857581164379,0.6738211268771744,0.32240346841320655,1.6755229448455879e-15,17.62170968597708,33
0.9,5,144,1,1,1033,broad_xyz,22.359644512058754,False,0.4155196397428381,0.7601156147455885,0.8114735223540385,0.5429339614131996,-0.40089479620736324,-0.4775762581484799,0.7073965921439876,0.33115797268130515,1.6755229448455879e-15,17.62170968597708,33
0.95,5,144,1,1,1033,broad_xyz,22.359644512058754,False,0.5058985713721129,0.7623439538923164,0.8665352508784427,0.4905078856244204,-0.6405736571129033,-0.39776128387531384,0.7518944792249486,0.3742790112672825,1.6755229448455879e-15,17.62170968597708,33
1.0,5,144,1,1,1033,broad_xyz,22.359644512058754,False,0.5323763558084146,0.7516060653747787,0.8481147229496441,0.32466808490993837,-0.8004941506059886,-0.3654953018922833,0.8052453901019798,0.41695962830837,1.6755229448455879e-15,17.62170968597708,33
0.05,5,144,1,1,1034,broad_xyz,22.359644512058754,False,0.4987296573419391,0.6643503148230571,0.3221455453607938,0.2072216351062114,0.28110242816639264,-0.014522278901802932,0.00859032784809215,0.002661891837904858,1.6755229448455879e-15,17.62170968597708,34
0.075,5,144,1,1,1034,broad_xyz,22.359644512058754,False,0.5776433853082296,0.6622759219443125,0.38592204169368,0.2360569317719859,0.28014781042635567,0.016563098083742945,0.02116698098688606,0.006690541791598965,1.6755229448455879e-15,17.62170968597708,34
0.1,5,144,1,1,1034,broad_xyz,22.359644512058754,False,0.6607395648801211,0.6614338973188886,0.44071233288708495,0.2500545266678505,0.25728547184211753,0.04933584218752895,0.042769366608562974,0.013936893035126333,1.6755229448455879e-15,17.62170968597708,34
0.125,5,144,1,1,1034,broad_xyz,22.359644512058754,False,0.7257821977130452,0.6590510282392334,0.4862415029338029,0.24753932890805105,0.20115255922647868,0.0744310619376154,0.07581339506321762,0.025991872244329813,1.6755229448455879e-15,17.62170968597708,34
0.15,5,144,1,1,1034,broad_xyz,22.359644512058754,False,0.7552903408373958,0.6509590891178292,0.5264047934321165,0.23065061262988493,0.07442225625310084,0.09320481975093281,0.12429021640266805,0.04462260107091175,1.6755229448455879e-15,17.62170968597708,34
0.1625,5,144,1,1,1034,broad_xyz,22.359644512058754,False,0.7552115016162639,0.643983338872947,0.547988717003639,0.219817660581583,-0.03400625080521607,0.10383967196937034,0.15441413275122406,0.05704561765242243,1.6755229448455879e-15,17.62170968597708,34
0.175,5,144,1,1,1034,broad_xyz,22.359644512058754,False,0.7461345315023121,0.6366677609859586,0.5680959804339601,0.20490651162104068,-0.18295130261173284,0.11111336758821669,0.18792088647010227,0.07172171032729552,1.6755229448455879e-15,17.62170968597708,34
0.1875,5,144,1,1,1034,broad_xyz,22.359644512058754,False,0.728939574798038,0.6297222123676854,0.5882745237462881,0.18739865927784186,-0.3657088108826608,0.11866101860346934,0.22438478181522029,0.08884535112889591,1.6755229448455879e-15,17.62170968597708,34
0.2,5,144,1,1,1034,broad_xyz,22.359644512058754,False,0.7083964411790732,0.6273521663316253,0.6111073570330977,0.17109704099614062,-0.5456174139687686,0.12668916434839947,0.2632214713621999,0.10896988105778208,1.6755229448455879e-15,17.62170968597708,34
0.2125,5,144,1,1,1034,broad_xyz,22.359644512058754,False,0.6834762691960008,0.627526526146094,0.6346211438434181,0.15379207160735356,-0.6874603556738086,0.1345584922792607,0.3066952922197216,0.1320515603210396,1.6755229448455879e-15,17.62170968597708,34
0.225,5,144,1,1,1034,broad_xyz,22.359644512058754,False,0.6566181340513891,0.6264947438114563,0.6573289139425301,0.133768948763558,-0.7802554557190996,0.14307832159690934,0.3512030233113321,0.15757554462541165,1.6755229448455879e-15,17.62170968597708,34
0.2375,5,144,1,1,1034,broad_xyz,22.359644512058754,False,0.6393816740722505,0.6298796402997512,0.6739314013565982,0.10502087739902453,-0.82968768679325,0.140651197405772,0.3955835303371339,0.1848152283377124,1.6755229448455879e-15,17.62170968597708,34
0.25,5,144,1,1,1034,broad_xyz,22.359644512058754,False,0.6331646081066825,0.6404513488983957,0.6874438568951241,0.07253492181767213,-0.8521172684610865,0.12994803701292273,0.43860653428573676,0.21292997814202533,1.6755229448455879e-15,17.62170968597708,34
0.27,5,144,1,1,1034,broad_xyz,22.359644512058754,False,0.6485159094672045,0.6723559927969693,0.7041407656538112,0.01682058272323528,-0.855384989304899,0.10146403828226176,0.5015192993407761,0.2579084815023298,1.6755229448455879e-15,17.62170968597708,34
0.29,5,144,1,1,1034,broad_xyz,22.359644512058754,False,0.6971186654643784,0.720498261868298,0.7155202095237062,-0.04178355926885843,-0.8331622179832343,0.0750086779741917,0.5560401217644202,0.3000518084877165,1.6755229448455879e-15,17.62170968597708,34
0.31,5,144,1,1,1034,broad_xyz,22.359644512058754,False,0.7508979280339355,0.7783658291309098,0.7203753933812211,-0.10811011718966879,-0.7766100999920088,0.0812827698037095,0.5999018753094484,0.336218081799497,1.6755229448455879e-15,17.62170968597708,34
0.33,5,144,1,1,1034,broad_xyz,22.359644512058754,False,0.7825716750523122,0.835106603744809,0.7161936556482315,-0.19083546316672534,-0.7032222846019521,0.148277843153323,0.6379910435379237,0.3638440688245713,1.6755229448455879e-15,17.62170968597708,34
0.35,5,144,1,1,1034,broad_xyz,22.359644512058754,False,0.7831963322386257,0.8791203295748728,0.7020069587596848,-0.29149380301865996,-0.6295856772006377,0.25308054739728497,0.6660254433506312,0.38147051086254424,1.6755229448455879e-15,17.62170968597708,34
0.37,5,144,1,1,1034,broad_xyz,22.359644512058754,False,0.757804991255294,0.9007889920973515,0.6890585433691507,-0.38711080984123236,-0.5818237701441301,0.329085552573667,0.6851695293295492,0.3902939324633746,1.6755229448455879e-15,17.62170968597708,34
0.39,5,144,1,1,1034,broad_xyz,22.359644512058754,False,0.7256620281355608,0.9043388990878112,0.6909422088538208,-0.4490202833082451,-0.5796687215218695,0.3351258780774554,0.6906742668508092,0.39350084391798634,1.6755229448455879e-15,17.62170968597708,34
0.41000000000000003,5,144,1,1,1034,broad_xyz,22.359644512058754,False,0.7048638228767892,0.8973100064841891,0.7021905586179793,-0.47919966735434877,-0.6014112573583345,0.3130373904163066,0.686761830586745,0.39296743972546166,1.6755229448455879e-15,17.62170968597708,34
0.43,5,144,1,1,1034,broad_xyz,22.359644512058754,False,0.6949142744836617,0.8822172548360248,0.7172078461884968,-0.487303170042945,-0.6145611476597338,0.3025019799945323,0.6741507451514521,0.39075951377404544,1.6755229448455879e-15,17.62170968597708,34
0.45,5,144,1,1,1034,broad_xyz,22.359644512058754,False,0.6866769556300003,0.8572854537912535,0.7322105260618116,-0.48244289217188885,-0.6085578201836669,0.31087814069933806,0.6605286778507496,0.3889180748495967,1.6755229448455879e-15,17.62170968597708,34
0.5,5,144,1,1,1034,broad_xyz,22.359644512058754,False,0.6121235655678502,0.7490856428303344,0.7390607202962197,-0.46021709126800425,-0.5702114932262754,0.32840626222507335,0.7380530640394845,0.3979663454271583,1.6755229448455879e-15,17.62170968597708,34
0.55,5,144,1,1,1034,broad_xyz,22.359644512058754,False,0.5834841844093384,0.6493529056065085,0.7327864334933567,-0.4172473736372753,-0.6376918553201579,0.19898757881970863,0.8301395859670074,0.4404157745565,1.6755229448455879e-15,17.62170968597708,34
0.6,5,144,1,1,1034,broad_xyz,22.359644512058754,False,0.6983822743786154,0.6566196670409388,0.7614890232325475,-0.3416074435701322,-0.7817372116473675,-0.06621972689849188,0.8716384069583527,0.48302935987867596,1.6755229448455879e-15,17.62170968597708,34
0.6499999999999999,5,144,1,1,1034,broad_xyz,22.359644512058754,False,0.7513516311354931,0.7307027957699761,0.7991200622076516,-0.26783470692813416,-0.857594843882819,-0.22639480602088852,0.846305898775532,0.4880140183609224,1.6755229448455879e-15,17.62170968597708,34
0.7,5,144,1,1,1034,broad_xyz,22.359644512058754,False,0.6700167901543274,0.7749328063107529,0.8215754064640164,-0.18033315899105049,-0.8704177717234,-0.28983603007426967,0.8737252624102947,0.4628555514401039,1.6755229448455879e-15,17.62170968597708,34
0.725,5,144,1,1,1034,broad_xyz,22.359644512058754,False,0.6622224743211045,0.7871088525466945,0.8302820859122405,-0.09269220878119296,-0.8658823780239635,-0.3084939946918977,0.900324464133617,0.44931914209999096,1.6755229448455879e-15,17.62170968597708,34
0.75,5,144,1,1,1034,broad_xyz,22.359644512058754,False,0.6623374276027022,0.7964597169314999,0.836528118824409,0.028199986797083555,-0.8598962987795025,-0.3298135261980333,0.9090166254812821,0.43885222398033363,1.6755229448455879e-15,17.62170968597708,34
0.775,5,144,1,1,1034,broad_xyz,22.359644512058754,False,0.6589322659118186,0.8032709891477343,0.8394116408599018,0.16152912830495567,-0.8512531859424994,-0.3580099555105051,0.9036888228531448,0.43078775068054626,1.6755229448455879e-15,17.62170968597708,34
0.8,5,144,1,1,1034,broad_xyz,22.359644512058754,False,0.6438155601626586,0.8062237772970715,0.8394677044810315,0.27583188422546545,-0.8403720696551101,-0.38850077991771503,0.8962727800064343,0.42301348964752244,1.6755229448455879e-15,17.62170968597708,34
0.825,5,144,1,1,1034,broad_xyz,22.359644512058754,False,0.6205757944982967,0.8057557072774473,0.8380499852445682,0.351696485517979,-0.8250233910642893,-0.4153680420230999,0.8926712508578798,0.4134370280349073,1.6755229448455879e-15,17.62170968597708,34
0.85,5,144,1,1,1034,broad_xyz,22.359644512058754,False,0.6050810266416407,0.8042324944850033,0.8372856099372517,0.3908201166282784,-0.7962544950281149,-0.4375661342626052,0.8782243309803051,0.40171422557947284,1.6755229448455879e-15,17.62170968597708,34
0.875,5,144,1,1,1034,broad_xyz,22.359644512058754,False,0.5897701194281393,0.7971520681068862,0.8330738939699807,0.3974120843843981,-0.7474404602021117,-0.45587354501421323,0.8530991154926739,0.3893619119992961,1.6755229448455879e-15,17.62170968597708,34
0.9,5,144,1,1,1034,broad_xyz,22.359644512058754,False,0.5601330466090869,0.7826516984578827,0.823580665605241,0.38444744019277627,-0.6803932566201,-0.47522918565191263,0.8165364148144749,0.37968064040562244,1.6755229448455879e-15,17.62170968597708,34
0.95,5,144,1,1,1034,broad_xyz,22.359644512058754,False,0.5144465474403832,0.7284023068255319,0.7874735334086623,0.3338729270152529,-0.67266483510358,-0.5164633706760661,0.8226968875146807,0.3786803140793534,1.6755229448455879e-15,17.62170968597708,34
1.0,5,144,1,1,1034,broad_xyz,22.359644512058754,False,0.5016971602209076,0.6687606679528896,0.7579584530915763,0.2759094364757269,-0.6987095011732115,-0.5367050144379987,0.8021177689903815,0.39951109041407673,1.6755229448455879e-15,17.62170968597708,34
0.05,5,144,1,1,1035,broad_xyz,22.359644512058754,False,-0.05451329009515979,0.30607718338487977,-0.1960745132096691,-0.28192284317805827,-0.35672886600743386,0.45902476639724954,0.0037376621252868548,0.0003013294562357132,1.6755229448455879e-15,17.62170968597708,35
0.075,5,144,1,1,1035,broad_xyz,22.359644512058754,False,0.13108767827636145,0.3574152755786003,-0.20930445189432223,-0.3194729032499849,-0.4108880682457718,0.47960142803014794,0.0072320395453863325,0.0008534249063594011,1.6755229448455879e-15,17.62170968597708,35
0.1,5,144,1,1,1035,broad_xyz,22.359644512058754,False,0.36264913173964414,0.46422207935641296,-0.279291632883569,-0.4038893050331946,-0.4592552913413048,0.4762317455465254,0.011360322895972687,0.002298649428267205,1.6755229448455879e-15,17.62170968597708,35
0.125,5,144,1,1,1035,broad_xyz,22.359644512058754,False,0.49682507127636744,0.6453005980424502,-0.3522305921480351,-0.48416300125576806,-0.4511354310312089,0.43903163525422073,0.022529248462791904,0.006423443296456772,1.6755229448455879e-15,17.62170968597708,35
0.15,5,144,1,1,1035,broad_xyz,22.359644512058754,False,0.3487510124776024,0.6766920351471731,-0.38551537850122436,-0.5229203718710117,-0.41569969802014434,0.33142977733110557,0.03922118470201325,0.01502228412705976,1.6755229448455879e-15,17.62170968597708,35
0.1625,5,144,1,1,1035,broad_xyz,22.359644512058754,False,0.24609075821371115,0.6472369454661351,-0.38374488136693335,-0.5322643922507065,-0.39457969628520323,0.27023025797629974,0.05368582845272389,0.02146559328588075,1.6755229448455879e-15,17.62170968597708,35
0.175,5,144,1,1,1035,broad_xyz,22.359644512058754,False,0.1497406040854403,0.6054409561968833,-0.38559212235899887,-0.5484230704654856,-0.38943200791768223,0.2128575231084858,0.07307300166815651,0.02941577221537175,1.6755229448455879e-15,17.62170968597708,35
0.1875,5,144,1,1,1035,broad_xyz,22.359644512058754,False,0.08072698416634884,0.5655791008189059,-0.39562554658135424,-0.5740193680619463,-0.4112010632565603,0.178523660055837,0.09478206389333785,0.03849475138948803,1.6755229448455879e-15,17.62170968597708,35
0.2,5,144,1,1,1035,broad_xyz,22.359644512058754,False,-0.012787788739300608,0.47988226436861375,-0.36537559343693005,-0.5608281516378354,-0.40447842479352425,0.08094402334319122,0.11809306596406212,0.049986360275662244,1.6755229448455879e-15,17.62170968597708,35
0.2125,5,144,1,1,1035,broad_xyz,22.359644512058754,False,-0.08778804273144954,0.3940685615534697,-0.3417834724614933,-0.554559465936825,-0.42319591536189716,-0.008913603570234532,0.1422825889126263,0.06272353718572357,1.6755229448455879e-15,17.62170968597708,35
0.225,5,144,1,1,1035,broad_xyz,22.359644512058754,False,-0.13701662783913127,0.32452781961829824,-0.33642935275360086,-0.5641408433389608,-0.45803976468218077,-0.07431947931734649,0.16654530967894166,0.07611080527096922,1.6755229448455879e-15,17.62170968597708,35
0.2375,5,144,1,1,1035,broad_xyz,22.359644512058754,False,-0.16826468277008796,0.27001802509956807,-0.3465883065639954,-0.5847388559969081,-0.48578947240925635,-0.12120891448715054,0.19004841742802817,0.08995453415891523,1.6755229448455879e-15,17.62170968597708,35
0.25,5,144,1,1,1035,broad_xyz,22.359644512058754,False,-0.18397827231022842,0.2304704263384119,-0.3673515258497857,-0.610630946188519,-0.49174951191637734,-0.15301612441474094,0.2119866751300125,0.10391084733898419,1.6755229448455879e-15,17.62170968597708,35
0.27,5,144,1,1,1035,broad_xyz,22.359644512058754,False,-0.17430498651466245,0.20118168605749892,-0.41329018879302465,-0.6539554618766562,-0.440138824383166,-0.1733812094220465,0.24206597733864638,0.12585285246562888,1.6755229448455879e-15,17.62170968597708,35
0.29,5,144,1,1,1035,broad_xyz,22.359644512058754,False,-0.11273156032602236,0.22223147845682945,-0.46130255190327674,-0.6914885381183197,-0.3258520582370786,-0.1487574155545215,0.2669028406994471,0.14668330388152873,1.6755229448455879e-15,17.62170968597708,35
0.31,5,144,1,1,1035,broad_xyz,22.359644512058754,False,0.004188160287893685,0.29957336360587183,-0.49318812786671207,-0.7182379748806081,-0.1998447101870572,-0.06790936021802285,0.2923681695026531,0.16602832451683858,1.6755229448455879e-15,17.62170968597708,35
0.33,5,144,1,1,1035,broad_xyz,22.359644512058754,False,0.1560032706808287,0.42229527116798565,-0.4872935329080419,-0.7334883880942449,-0.08074880017971489,0.0700237707509471,0.3124038063867277,0.18375861967003393,1.6755229448455879e-15,17.62170968597708,35
0.35,5,144,1,1,1035,broad_xyz,22.359644512058754,False,0.3138802555960964,0.5598159144878725,-0.42136417758810063,-0.737356916453686,0.0043083481055120245,0.2362732661797514,0.334590734536098,0.20038531661588843,1.6755229448455879e-15,17.62170968597708,35
0.37,5,144,1,1,1035,broad_xyz,22.359644512058754,False,0.44893024367808204,0.6675819726998548,-0.29798805710529697,-0.7352812685329291,0.025408756413171717,0.3652191229357322,0.3641054103708975,0.21660603049951963,1.6755229448455879e-15,17.62170968597708,35
0.39,5,144,1,1,1035,broad_xyz,22.359644512058754,False,0.5283111656333511,0.7255914478254637,-0.1571911110305473,-0.739392803049763,-0.020482611135644892,0.4003949092566363,0.3885785161094017,0.23340186236952082,1.6755229448455879e-15,17.62170968597708,35
0.41000000000000003,5,144,1,1,1035,broad_xyz,22.359644512058754,False,0.5460654871402887,0.7409489593475814,-0.026554777214276577,-0.74819280950019,-0.11143725217593756,0.3232486494279907,0.45142464972957863,0.25125133530907795,1.6755229448455879e-15,17.62170968597708,35
0.43,5,144,1,1,1035,broad_xyz,22.359644512058754,False,0.5185782757021119,0.7347346974811263,0.08614353265513772,-0.753210212584789,-0.22248000261129203,0.1538027437535288,0.5393197694536424,0.2699672673297292,1.6755229448455879e-15,17.62170968597708,35
0.45,5,144,1,1,1035,broad_xyz,22.359644512058754,False,0.46480501246474726,0.7218913201935465,0.18221942826193904,-0.7497170675444613,-0.3264094807043063,-0.04159391930255309,0.6133927474134714,0.28868026006474395,1.6755229448455879e-15,17.62170968597708,35
0.5,5,144,1,1,1035,broad_xyz,22.359644512058754,False,0.3182740932430695,0.6991550127973113,0.3699311268502127,-0.6901099757774082,-0.4541467659847626,-0.4024434111890018,0.7044222096271822,0.32909341665721165,1.6755229448455879e-15,17.62170968597708,35
0.55,5,144,1,1,1035,broad_xyz,22.359644512058754,False,0.23442701596167187,0.6636485781295218,0.45294016585505836,-0.5888057968577463,-0.46906029493370227,-0.5034585802057351,0.7109196677354302,0.3536809155676564,1.6755229448455879e-15,17.62170968597708,35
0.6,5,144,1,1,1035,broad_xyz,22.359644512058754,False,0.22576910327617106,0.6088276698691039,0.4098193551120145,-0.5335763624787017,-0.54458599589284,-0.499380270977095,0.7018364144728322,0.3640964150978951,1.6755229448455879e-15,17.62170968597708,35
0.6499999999999999,5,144,1,1,1035,broad_xyz,22.359644512058754,False,0.33433387724587793,0.6255340713114398,0.37069102995414804,-0.4383721271546295,-0.5686033669586961,-0.51063729478361,0.7166377784901581,0.3602140493939923,1.6755229448455879e-15,17.62170968597708,35
0.7,5,144,1,1,1035,broad_xyz,22.359644512058754,False,0.5288338015316967,0.6898486154474669,0.4451573902661347,-0.16542928385714994,-0.5073283783088886,-0.5857512039763616,0.6245779150302914,0.34713039157271414,1.6755229448455879e-15,17.62170968597708,35
0.725,5,144,1,1,1035,broad_xyz,22.359644512058754,False,0.5815007172078763,0.69797111307963,0.509154758695017,0.0036564734165028816,-0.48374856427130264,-0.6186006888045064,0.5989556120170814,0.34028216725880306,1.6755229448455879e-15,17.62170968597708,35
0.75,5,144,1,1,1035,broad_xyz,22.359644512058754,False,0.5740918871678772,0.684011781058185,0.5736007035618436,0.14508993516620824,-0.4934030975235032,-0.6313388314889641,0.6655189238944444,0.3350391697456973,1.6755229448455879e-15,17.62170968597708,35
0.775,5,144,1,1,1035,broad_xyz,22.359644512058754,False,0.5409865002448,0.6598904838857318,0.6254099902114304,0.23287981760401244,-0.5258583549063157,-0.6186606964587814,0.7358948478471639,0.3320124656915971,1.6755229448455879e-15,17.62170968597708,35
0.8,5,144,1,1,1035,broad_xyz,22.359644512058754,False,0.5392305058992425,0.6435225447551627,0.6647236019935109,0.278772639379936,-0.5535106625945458,-0.5862661321721725,0.7555744691223847,0.3313435592891487,1.6755229448455879e-15,17.62170968597708,35
0.825,5,144,1,1,1035,broad_xyz,22.359644512058754,False,0.5758159493934913,0.6458693492363814,0.6967772312938448,0.3114604754570519,-0.5639708989306318,-0.5464782941606102,0.7164391979004061,0.3320391111535029,1.6755229448455879e-15,17.62170968597708,35
0.85,5,144,1,1,1035,broad_xyz,22.359644512058754,False,0.6188091773995558,0.6679812445052935,0.7291048031595317,0.35279879843165307,-0.5541611907057242,-0.5096250548973027,0.6523394590631014,0.3327768833781139,1.6755229448455879e-15,17.62170968597708,35
0.875,5,144,1,1,1035,broad_xyz,22.359644512058754,False,0.6279091674333959,0.6983150823299427,0.7556945242788491,0.39044567341984127,-0.5083332863084811,-0.48018260065963514,0.6320191330098737,0.33237910910573243,1.6755229448455879e-15,17.62170968597708,35
0.9,5,144,1,1,1035,broad_xyz,22.359644512058754,False,0.5701653749462922,0.7160417306578426,0.7629188510833319,0.3954221216186163,-0.4392030412064372,-0.4554702523159581,0.6792871081440854,0.3309296321307912,1.6755229448455879e-15,17.62170968597708,35
0.95,5,144,1,1,1035,broad_xyz,22.359644512058754,False,0.395651434728893,0.6825525655340614,0.7143004524613592,0.3123192788835489,-0.46573889569207955,-0.4176513914413096,0.7199127203190054,0.3323152010278301,1.6755229448455879e-15,17.62170968597708,35
1.0,5,144,1,1,1035,broad_xyz,22.359644512058754,False,0.4391890508374406,0.6388828510893155,0.6871025478058774,0.29806524277718277,-0.6070818520977767,-0.4097863805170959,0.7271964266393023,0.3525304381787166,1.6755229448455879e-15,17.62170968597708,35
0.05,5,144,1,1,1036,broad_xyz,22.359644512058754,False,-0.07997767676561697,0.411110801294463,-0.34754189667858926,-0.5066971141927369,-0.4460365961915007,0.5286512030464067,0.008704022392812292,0.0018074990134722196,1.6755229448455879e-15,17.62170968597708,36
0.075,5,144,1,1,1036,broad_xyz,22.359644512058754,False,-0.007164842487953686,0.4591239071197188,-0.27454126584047983,-0.48067025495509486,-0.4200668285634922,0.5740632540795081,0.019395737928365138,0.004503299175022753,1.6755229448455879e-15,17.62170968597708,36
0.1,5,144,1,1,1036,broad_xyz,22.359644512058754,False,0.08334650063947796,0.5071019396380069,-0.19173034841682998,-0.4495704753304016,-0.39135287653531947,0.5996275869714363,0.03493156423146659,0.009162997261043608,1.6755229448455879e-15,17.62170968597708,36
0.125,5,144,1,1,1036,broad_xyz,22.359644512058754,False,0.1914976959281774,0.554732634990157,-0.08635329852963743,-0.4043104434216481,-0.35574436038028057,0.6097481273133801,0.05593393370918161,0.016951010668030748,1.6755229448455879e-15,17.62170968597708,36
0.15,5,144,1,1,1036,broad_xyz,22.359644512058754,False,0.2868301178528082,0.5822839483799361,0.015252182542977732,-0.3654717976487974,-0.33203060226503134,0.5723568000158875,0.0848701135582201,0.03002545642882258,1.6755229448455879e-15,17.62170968597708,36
0.1625,5,144,1,1,1036,broad_xyz,22.359644512058754,False,0.325946160039581,0.5890444933275377,0.06798428344836818,-0.3435008474820781,-0.3263679596700746,0.5413873848744122,0.10223783814935208,0.03908471932868826,1.6755229448455879e-15,17.62170968597708,36
0.175,5,144,1,1,1036,broad_xyz,22.359644512058754,False,0.35296802224290613,0.5908502328667699,0.11929416419512572,-0.3199502918421731,-0.3169572120857831,0.5056918178862131,0.12108157073032967,0.049848917088265235,1.6755229448455879e-15,17.62170968597708,36
0.1875,5,144,1,1,1036,broad_xyz,22.359644512058754,False,0.36792756978259133,0.5821892819759457,0.17501445319062825,-0.29097424272592953,-0.2887932047660708,0.4655536166207023,0.14323354215502124,0.06306165148739239,1.6755229448455879e-15,17.62170968597708,36
0.2,5,144,1,1,1036,broad_xyz,22.359644512058754,False,0.36030040923607126,0.5550350234692569,0.22193626819029644,-0.26673471072351124,-0.23934500085246374,0.40768591281697,0.17267085622600717,0.07890860012985233,1.6755229448455879e-15,17.62170968597708,36
0.2125,5,144,1,1,1036,broad_xyz,22.359644512058754,False,0.34072645159921056,0.5234669403597432,0.27249172137242994,-0.2363135898397909,-0.18123921347825742,0.3544226712639441,0.2036025584851969,0.09694605895067689,1.6755229448455879e-15,17.62170968597708,36
0.225,5,144,1,1,1036,broad_xyz,22.359644512058754,False,0.3174774259733124,0.5005952294253341,0.3300953757109709,-0.19555693926140133,-0.1347530194263709,0.30473141167473317,0.23521274144182894,0.11696652644384344,1.6755229448455879e-15,17.62170968597708,36
0.2375,5,144,1,1,1036,broad_xyz,22.359644512058754,False,0.29041070727611673,0.48870299829347486,0.3986393428468433,-0.1398209454300834,-0.11073271825290937,0.2558282702724615,0.2665933755183882,0.13874621167004245,1.6755229448455879e-15,17.62170968597708,36
0.25,5,144,1,1,1036,broad_xyz,22.359644512058754,False,0.27130616540308566,0.4974416043744682,0.4679925296221139,-0.08007085969095908,-0.10824305814833543,0.21182653431068632,0.2967889565006331,0.16108979065209217,1.6755229448455879e-15,17.62170968597708,36
0.27,5,144,1,1,1036,broad_xyz,22.359644512058754,False,0.2512132974616246,0.5380510818052494,0.5703163221844927,0.008226886731996114,-0.13234913851952557,0.16047831211058597,0.3428204213150434,0.19554478493832594,1.6755229448455879e-15,17.62170968597708,36
0.29,5,144,1,1,1036,broad_xyz,22.359644512058754,False,0.25587540964320976,0.6066882693150452,0.655872004695281,0.06779026261765554,-0.15895523605744089,0.1373902374983444,0.38304770359009677,0.22622601655985766,1.6755229448455879e-15,17.62170968597708,36
0.31,5,144,1,1,1036,broad_xyz,22.359644512058754,False,0.29069810764092807,0.6866074129848385,0.7122646597834873,0.05489074953952484,-0.18170243829100505,0.13737468534140565,0.4212507155803058,0.25138365998358225,1.6755229448455879e-15,17.62170968597708,36
0.33,5,144,1,1,1036,broad_xyz,22.359644512058754,False,0.34311880457091076,0.7544209585227502,0.730015462699845,-0.07541280702473338,-0.20242987447502925,0.14427064713802187,0.4648312966544106,0.2703658904620404,1.6755229448455879e-15,17.62170968597708,36
0.35,5,144,1,1,1036,broad_xyz,22.359644512058754,False,0.3944061338686612,0.7963002632387696,0.713896098209436,-0.30208436449392845,-0.24236526006716452,0.1414736236749056,0.5100675073167562,0.2837447893003458,1.6755229448455879e-15,17.62170968597708,36
0.37,5,144,1,1,1036,broad_xyz,22.359644512058754,False,0.42771735918936593,0.808156982814979,0.6903168459447142,-0.5119714259285527,-0.3260606092561383,0.11740444309702346,0.5635361757005324,0.294208517938209,1.6755229448455879e-15,17.62170968597708,36
0.39,5,144,1,1,1036,broad_xyz,22.359644512058754,False,0.44805895168931537,0.803422363100319,0.6653109635205865,-0.6504988661919272,-0.4244255977983763,0.07125642048186148,0.6158801334098658,0.30387870977932047,1.6755229448455879e-15,17.62170968597708,36
0.41000000000000003,5,144,1,1,1036,broad_xyz,22.359644512058754,False,0.46027637980627045,0.790644738439458,0.6368628502824525,-0.7311157221582397,-0.5060899501416155,0.006035015521199504,0.6636680104339456,0.3144517060183529,1.6755229448455879e-15,17.62170968597708,36
0.43,5,144,1,1,1036,broad_xyz,22.359644512058754,False,0.47020241794885453,0.7777339675288054,0.6120293947351028,-0.7756124693512475,-0.5633069268565682,-0.06988188369422288,0.707755535865108,0.32737439983851896,1.6755229448455879e-15,17.62170968597708,36
0.45,5,144,1,1,1036,broad_xyz,22.359644512058754,False,0.48512677065454135,0.7684652269659938,0.5924931477273387,-0.8007719823259305,-0.5897554999230299,-0.14838457658425666,0.7343563996181337,0.3420778289843072,1.6755229448455879e-15,17.62170968597708,36
0.5,5,144,1,1,1036,broad_xyz,22.359644512058754,False,0.5774271551109483,0.7488781552707011,0.5888391002628298,-0.8070108895051502,-0.5465854823166891,-0.3217471396237527,0.7271548897452988,0.3874365215467284,1.6755229448455879e-15,17.62170968597708,36
0.55,5,144,1,1,1036,broad_xyz,22.359644512058754,False,0.5925346359523396,0.6573421976732892,0.6064447108402077,-0.7591955884770754,-0.5047436958122907,-0.40620112330042507,0.8227337776831234,0.4331959708006056,1.6755229448455879e-15,17.62170968597708,36
0.6,5,144,1,1,1036,broad_xyz,22.359644512058754,False,0.5106678305545334,0.5659291849652148,0.6281555511509975,-0.7088999189334526,-0.5904306273723066,-0.39657963502658816,0.9070843797222776,0.4584549447089484,1.6755229448455879e-15,17.62170968597708,36
0.6499999999999999,5,144,1,1,1036,broad_xyz,22.359644512058754,False,0.5722485960363854,0.6147576953442105,0.6938333263452057,-0.5666217789635268,-0.6438983080431888,-0.4320978533919384,0.9170279524594991,0.46374796302841165,1.6755229448455879e-15,17.62170968597708,36
0.7,5,144,1,1,1036,broad_xyz,22.359644512058754,False,0.5791060217070255,0.699011119392081,0.7418999800780999,-0.2975494236826756,-0.6741227496890698,-0.5164161432324077,0.8984975723974704,0.4504761060415705,1.6755229448455879e-15,17.62170968597708,36
0.725,5,144,1,1,1036,broad_xyz,22.359644512058754,False,0.5150561754608762,0.7223220612025214,0.7418579987382188,-0.1751430991410333,-0.6928001827882961,-0.5420099124010952,0.8875318806886779,0.43640171255900545,1.6755229448455879e-15,17.62170968597708,36
0.75,5,144,1,1,1036,broad_xyz,22.359644512058754,False,0.4530782176335967,0.7397654413804087,0.7343267909514508,-0.07746186449312956,-0.7066217421875538,-0.5451578812924002,0.8742080245750528,0.41822150576342804,1.6755229448455879e-15,17.62170968597708,36
0.775,5,144,1,1,1036,broad_xyz,22.359644512058754,False,0.42275680087821116,0.7587504825816921,0.7297605993824697,0.0051946136445314905,-0.7240520396545607,-0.5301714654934035,0.8555245934075048,0.3980471153663223,1.6755229448455879e-15,17.62170968597708,36
0.8,5,144,1,1,1036,broad_xyz,22.359644512058754,False,0.4322228504335489,0.7811247905443132,0.7337003677242703,0.08022191128436543,-0.7290400382404131,-0.5073475170419528,0.829312821120657,0.37881967327451666,1.6755229448455879e-15,17.62170968597708,36
0.825,5,144,1,1,1036,broad_xyz,22.359644512058754,False,0.47411465652461743,0.8043942849550464,0.7463156629236553,0.15351258576278973,-0.7150459733850859,-0.488583077372277,0.7958031015167139,0.36357966793711805,1.6755229448455879e-15,17.62170968597708,36
0.85,5,144,1,1,1036,broad_xyz,22.359644512058754,False,0.5337225484067641,0.8261089172774393,0.7651093914247139,0.23227733490020122,-0.6755198581826433,-0.48082490733312055,0.7647290354709539,0.3545469323437515,1.6755229448455879e-15,17.62170968597708,36
0.875,5,144,1,1,1036,broad_xyz,22.359644512058754,False,0.594926027561759,0.8447353316556097,0.7864773285315887,0.3179384537495987,-0.6118468111243257,-0.48292191640288096,0.7256172619683523,0.3519207490634007,1.6755229448455879e-15,17.62170968597708,36
0.9,5,144,1,1,1036,broad_xyz,22.359644512058754,False,0.6440655705543602,0.8561223605512658,0.8033961275131642,0.39344552721908393,-0.5407943443420873,-0.48485413930217797,0.6768235265087804,0.35399894454214714,1.6755229448455879e-15,17.62170968597708,36
0.95,5,144,1,1,1036,broad_xyz,22.359644512058754,False,0.6295017258590574,0.8355616733483475,0.7946742957434574,0.40478594627911074,-0.6033613466617566,-0.45511611252258016,0.6978267858235272,0.3626536998502268,1.6755229448455879e-15,17.62170968597708,36
1.0,5,144,1,1,1036,broad_xyz,22.359644512058754,False,0.519034262683219,0.7661157148147488,0.741434535256876,0.19650758687709588,-0.7104896952631231,-0.3887088902171037,0.6922212775790291,0.36899553384064976,1.6755229448455879e-15,17.62170968597708,36
0.05,5,144,1,1,1037,broad_xyz,22.359644512058754,False,0.21454750778349355,0.5582729041008715,-0.07006506374170744,-0.20397936679953457,-0.06966246946572445,0.45229180752279907,0.007842890918434828,0.001662553103370026,1.6755229448455879e-15,17.62170968597708,37
0.075,5,144,1,1,1037,broad_xyz,22.359644512058754,False,0.15788746102283374,0.5845673352960038,-0.1534607993663337,-0.2957471916991397,-0.16334527687863826,0.44133326477879714,0.018673560259814002,0.004009746276647567,1.6755229448455879e-15,17.62170968597708,37
0.1,5,144,1,1,1037,broad_xyz,22.359644512058754,False,0.09317304419020579,0.6065229713426429,-0.2328082669529147,-0.37929919483288677,-0.25901056229695063,0.4357903178668017,0.03550934918928221,0.0077758398198931045,1.6755229448455879e-15,17.62170968597708,37
0.125,5,144,1,1,1037,broad_xyz,22.359644512058754,False,0.04453325431125814,0.6299367407586058,-0.300933280414123,-0.45214141204481206,-0.3396337754063466,0.4286753340023965,0.05943775415838189,0.013546870869412612,1.6755229448455879e-15,17.62170968597708,37
0.15,5,144,1,1,1037,broad_xyz,22.359644512058754,False,0.04877029602011986,0.6589904157071996,-0.3488612538117572,-0.5090620089916679,-0.38530861277605727,0.4159982309883161,0.09128548917812143,0.022111548495359262,1.6755229448455879e-15,17.62170968597708,37
0.1625,5,144,1,1,1037,broad_xyz,22.359644512058754,False,0.0826263890235384,0.6761317295401587,-0.36317024870124487,-0.5301651625210875,-0.39089285961962567,0.4076175645004266,0.11031122250337676,0.02773039074206468,1.6755229448455879e-15,17.62170968597708,37
0.175,5,144,1,1,1037,broad_xyz,22.359644512058754,False,0.14140462286920852,0.6944840837747063,-0.36947849975856156,-0.54493254784691,-0.381568814046103,0.39727723239128426,0.131376674044494,0.03439056622186021,1.6755229448455879e-15,17.62170968597708,37
0.1875,5,144,1,1,1037,broad_xyz,22.359644512058754,False,0.22564130031777319,0.7136933792129955,-0.3655852741172951,-0.5515823946210889,-0.3562093153286017,0.3851209826021543,0.15437347868971946,0.042224606494381034,1.6755229448455879e-15,17.62170968597708,37
0.2,5,144,1,1,1037,broad_xyz,22.359644512058754,False,0.33433795298750746,0.7305841638509015,-0.34548509394795823,-0.5443945545071427,-0.3034634819988305,0.3609933133906521,0.1791023812715593,0.051676115293031046,1.6755229448455879e-15,17.62170968597708,37
0.2125,5,144,1,1,1037,broad_xyz,22.359644512058754,False,0.45821286972707714,0.7441375704930321,-0.29782062884952615,-0.513069216847203,-0.21777095723664053,0.31444955058395735,0.20525519063215392,0.06338717399874778,1.6755229448455879e-15,17.62170968597708,37
0.225,5,144,1,1,1037,broad_xyz,22.359644512058754,False,0.5463584410017911,0.7167356286803288,-0.17998055659400639,-0.41858012862756133,-0.07606423347524378,0.21246161175959102,0.23240074224533103,0.0787746118277097,1.6755229448455879e-15,17.62170968597708,37
0.2375,5,144,1,1,1037,broad_xyz,22.359644512058754,False,0.6114215994158679,0.6697104643507555,-0.037822413904272115,-0.30080772573486597,0.0696055936953439,0.09433217525358147,0.2599835664789143,0.09626856723180834,1.6755229448455879e-15,17.62170968597708,37
0.25,5,144,1,1,1037,broad_xyz,22.359644512058754,False,0.6518633119771404,0.614230223026484,0.11037915700004995,-0.17523847909440327,0.19417990666565974,-0.023961120918615637,0.2873414176292036,0.1151991553249678,1.6755229448455879e-15,17.62170968597708,37
0.27,5,144,1,1,1037,broad_xyz,22.359644512058754,False,0.6714305000415987,0.5247780670100609,0.3298495647633906,0.014665908881007094,0.2977049456285714,-0.19133814057761908,0.3287996891814536,0.14739510084815433,1.6755229448455879e-15,17.62170968597708,37
0.29,5,144,1,1,1037,broad_xyz,22.359644512058754,False,0.6620502057396122,0.4605930945881035,0.49606376596574225,0.15629724850886142,0.21364499759737562,-0.3100796009917894,0.36481468360830027,0.17989000716789072,1.6755229448455879e-15,17.62170968597708,37
0.31,5,144,1,1,1037,broad_xyz,22.359644512058754,False,0.6544660950386123,0.4364059103816207,0.5951413463119085,0.22116281524797463,-0.0683290284950686,-0.3737313143840652,0.39655876612758817,0.21041297253903687,1.6755229448455879e-15,17.62170968597708,37
0.33,5,144,1,1,1037,broad_xyz,22.359644512058754,False,0.6655355242088066,0.4529226847562554,0.6266397320254501,0.1874784630281297,-0.36478270728404155,-0.38524151117595934,0.4165866371847463,0.23676531597326544,1.6755229448455879e-15,17.62170968597708,37
0.35,5,144,1,1,1037,broad_xyz,22.359644512058754,False,0.6947411300656691,0.5006186247500993,0.5975122037502278,0.05320000221694758,-0.5212761193897905,-0.35258699448409997,0.4506516457687579,0.25731780389995035,1.6755229448455879e-15,17.62170968597708,37
0.37,5,144,1,1,1037,broad_xyz,22.359644512058754,False,0.7287922984265791,0.5644029452344688,0.5196206911677046,-0.14733482518133226,-0.5674899758981765,-0.285871346007655,0.5060680308797018,0.2712006315808737,1.6755229448455879e-15,17.62170968597708,37
0.39,5,144,1,1,1037,broad_xyz,22.359644512058754,False,0.7518228077611175,0.6266436874660565,0.4144857261980594,-0.35441375760258786,-0.5549506846796306,-0.2013762015703798,0.5515281167376913,0.27857511163376003,1.6755229448455879e-15,17.62170968597708,37
0.41000000000000003,5,144,1,1,1037,broad_xyz,22.359644512058754,False,0.756564177139409,0.6519352803635905,0.3743516206540721,-0.45602209029582585,-0.5665299539268828,-0.17518790221742633,0.58474253252026,0.28684415554722725,1.6755229448455879e-15,17.62170968597708,37
0.43,5,144,1,1,1037,broad_xyz,22.359644512058754,False,0.7443743545629213,0.6653707683303844,0.35371824934476365,-0.5111815802749847,-0.5680485285225951,-0.16882160445846445,0.6049124341949564,0.2945670555945335,1.6755229448455879e-15,17.62170968597708,37
0.45,5,144,1,1,1037,broad_xyz,22.359644512058754,False,0.7107787794864492,0.6763191930991742,0.33547907772486885,-0.5480299214392292,-0.5461940400508536,-0.15962495040908045,0.6229901290943192,0.3007056057349115,1.6755229448455879e-15,17.62170968597708,37
0.5,5,144,1,1,1037,broad_xyz,22.359644512058754,False,0.5986139454275233,0.6849507429425099,0.32785087476854513,-0.5852424992671242,-0.45655633082983876,-0.13819347514618655,0.6964564190739051,0.31752265216180514,1.6755229448455879e-15,17.62170968597708,37
0.55,5,144,1,1,1037,broad_xyz,22.359644512058754,False,0.529992437470077,0.6766834385983962,0.34686365778833483,-0.5814902871982796,-0.4271153675119968,-0.15795638157518335,0.7428373444400871,0.3443583791425298,1.6755229448455879e-15,17.62170968597708,37
0.6,5,144,1,1,1037,broad_xyz,22.359644512058754,False,0.5040182142623743,0.5925420344954166,0.4636769010732419,-0.4172139729943154,-0.5623834575995561,-0.33417384921972465,0.7799627085408136,0.38686609628051166,1.6755229448455879e-15,17.62170968597708,37
0.6499999999999999,5,144,1,1,1037,broad_xyz,22.359644512058754,False,0.4880274118697732,0.5209990514295104,0.5927401382977492,-0.21114191509311347,-0.711177441584821,-0.5003004679008869,0.7763827641354722,0.41366705360258194,1.6755229448455879e-15,17.62170968597708,37
0.7,5,144,1,1,1037,broad_xyz,22.359644512058754,False,0.4780369282562566,0.5625497953502564,0.6323909909073037,-0.12951825384129462,-0.7469731002770419,-0.5476589595253984,0.7462311453610713,0.4113178896948374,1.6755229448455879e-15,17.62170968597708,37
0.725,5,144,1,1,1037,broad_xyz,22.359644512058754,False,0.4957756384747759,0.5952867829018889,0.6460862470037781,-0.09934223091044042,-0.7575313332317528,-0.5429174516363882,0.7254168423921361,0.4030213770094992,1.6755229448455879e-15,17.62170968597708,37
0.75,5,144,1,1,1037,broad_xyz,22.359644512058754,False,0.517840679228493,0.6197852230294985,0.6691095001616418,-0.04454986984058707,-0.765392891468704,-0.5298765150030603,0.7068293954688143,0.3929099177847893,1.6755229448455879e-15,17.62170968597708,37
0.775,5,144,1,1,1037,broad_xyz,22.359644512058754,False,0.5287391186281347,0.6324647609100297,0.7014069138234937,0.04834036678660328,-0.7596026318700653,-0.5151972769359388,0.7044460922938949,0.3827531998441487,1.6755229448455879e-15,17.62170968597708,37
0.8,5,144,1,1,1037,broad_xyz,22.359644512058754,False,0.5135550660181915,0.6345823181269158,0.7343514466358326,0.17314116074972236,-0.7309196055272194,-0.5027892883423616,0.7011352439840527,0.3736907530529593,1.6755229448455879e-15,17.62170968597708,37
0.825,5,144,1,1,1037,broad_xyz,22.359644512058754,False,0.4690377720071094,0.6302720301356852,0.7559339395868612,0.2977644303955108,-0.6865497156773305,-0.4938607081570133,0.6902527234649282,0.36616776914910937,1.6755229448455879e-15,17.62170968597708,37
0.85,5,144,1,1,1037,broad_xyz,22.359644512058754,False,0.40227722700085805,0.6250223066554483,0.7594809507069187,0.38461673473916086,-0.6305210848726642,-0.4877277660056931,0.6978725699806829,0.3601525421228381,1.6755229448455879e-15,17.62170968597708,37
0.875,5,144,1,1,1037,broad_xyz,22.359644512058754,False,0.33811006266250226,0.6239244978177693,0.7479214778463835,0.42465799680733735,-0.5564284233706622,-0.4820630231067143,0.6980617586185414,0.3553300739817325,1.6755229448455879e-15,17.62170968597708,37
0.9,5,144,1,1,1037,broad_xyz,22.359644512058754,False,0.29869782728499894,0.6295138371656465,0.7302911929013551,0.43548895571048907,-0.47812055117696006,-0.47447248743443204,0.6891558268630695,0.3514064213888213,1.6755229448455879e-15,17.62170968597708,37
0.95,5,144,1,1,1037,broad_xyz,22.359644512058754,False,0.27765979705903254,0.6513823915371022,0.7129175452973272,0.44697507278290693,-0.504890511855369,-0.44700157959173253,0.6577220133310728,0.34536924566291505,1.6755229448455879e-15,17.62170968597708,37
1.0,5,144,1,1,1037,broad_xyz,22.359644512058754,False,0.33978249851648895,0.6620687016750583,0.7246064954148315,0.46347981867963944,-0.5864341505592281,-0.4088258705009246,0.6396812298660666,0.3443671766214657,1.6755229448455879e-15,17.62170968597708,37
0.05,5,144,1,1,1038,broad_xyz,22.359644512058754,False,-0.14901253823684002,0.4543106889501422,-0.2779405432647609,-0.36964697467633256,-0.16013850930437196,-0.35921278540731366,0.013891901172239844,0.0034201507919603513,1.6755229448455879e-15,17.62170968597708,38
0.075,5,144,1,1,1038,broad_xyz,22.359644512058754,False,-0.09569276907206421,0.4663101961409947,-0.25674579715925927,-0.3765883709092173,-0.1440526077305361,-0.36914448120304366,0.03302763694554768,0.008425085639180888,1.6755229448455879e-15,17.62170968597708,38
0.1,5,144,1,1,1038,broad_xyz,22.359644512058754,False,-0.020962053512580944,0.48479222723240595,-0.22658203356365864,-0.3794519027313888,-0.13178416996747438,-0.3838766511834738,0.061950958088949605,0.016643231988663305,1.6755229448455879e-15,17.62170968597708,38
0.125,5,144,1,1,1038,broad_xyz,22.359644512058754,False,0.08171065181205185,0.5129849282160975,-0.1816767744915141,-0.3738985340134364,-0.12601339266930378,-0.401864817131108,0.10114677842640381,0.02921054611092406,1.6755229448455879e-15,17.62170968597708,38
0.15,5,144,1,1,1038,broad_xyz,22.359644512058754,False,0.22102880582581735,0.5554810841958733,-0.11044977081863051,-0.3489188003348316,-0.1302954513663846,-0.42388980202374543,0.15009784246111674,0.04768182300027035,1.6755229448455879e-15,17.62170968597708,38
0.1625,5,144,1,1,1038,broad_xyz,22.359644512058754,False,0.30862524817237386,0.5851005449906167,-0.05893102670741949,-0.3228519861524287,-0.14365024793757974,-0.4365009964055754,0.1777822796568882,0.059853938601121745,1.6755229448455879e-15,17.62170968597708,38
0.175,5,144,1,1,1038,broad_xyz,22.359644512058754,False,0.4081929081760187,0.6169058068670041,0.004437371962613304,-0.2859069888752894,-0.1789823533475744,-0.4542201569950492,0.20725800377711304,0.07473827941447769,1.6755229448455879e-15,17.62170968597708,38
0.1875,5,144,1,1,1038,broad_xyz,22.359644512058754,False,0.5149353853327423,0.6495032834678833,0.08058695322438016,-0.23597206391529366,-0.24972851345559588,-0.4748936877135405,0.2382188531735047,0.09285543351662169,1.6755229448455879e-15,17.62170968597708,38
0.2,5,144,1,1,1038,broad_xyz,22.359644512058754,False,0.6183099792504413,0.678682360645809,0.17664646544733512,-0.16494688930322873,-0.3649472226096349,-0.49315987174282894,0.27034109571804993,0.11467358441961187,1.6755229448455879e-15,17.62170968597708,38
0.2125,5,144,1,1,1038,broad_xyz,22.359644512058754,False,0.6965150947678344,0.6999677890698198,0.2942486711092046,-0.06932429054120927,-0.5044614080476545,-0.49300767685192226,0.3039105452703719,0.14057110860419783,1.6755229448455879e-15,17.62170968597708,38
0.225,5,144,1,1,1038,broad_xyz,22.359644512058754,False,0.745568130355079,0.7136016850944995,0.41650437177779787,0.03433286530311852,-0.62914838755653,-0.4826975686461768,0.339910547443276,0.16940401846965944,1.6755229448455879e-15,17.62170968597708,38
0.2375,5,144,1,1,1038,broad_xyz,22.359644512058754,False,0.7724494492043286,0.7230751270399843,0.5261521535772825,0.1278020887147229,-0.7080860468750759,-0.46865097285874263,0.3781623293750609,0.20009882665818768,1.6755229448455879e-15,17.62170968597708,38
0.25,5,144,1,1,1038,broad_xyz,22.359644512058754,False,0.7811887184387766,0.7306330818110759,0.6182767105140664,0.20373118341740176,-0.7543992963283658,-0.45180545370385955,0.4169982022759251,0.2320500453674122,1.6755229448455879e-15,17.62170968597708,38
0.27,5,144,1,1,1038,broad_xyz,22.359644512058754,False,0.7726438757084257,0.7453753846910037,0.7258695327716796,0.27523543218176544,-0.7909512159783767,-0.4202397851612903,0.4795063067630819,0.2840347914325268,1.6755229448455879e-15,17.62170968597708,38
0.29,5,144,1,1,1038,broad_xyz,22.359644512058754,False,0.756488491772347,0.7697234602836994,0.7889470137647078,0.26858560396984915,-0.8001695468402298,-0.37922477635400026,0.5498134473483673,0.33436405629866184,1.6755229448455879e-15,17.62170968597708,38
0.31,5,144,1,1,1038,broad_xyz,22.359644512058754,False,0.743796752808527,0.8036656983506434,0.8155788795780342,0.1600290113245394,-0.7880217596093243,-0.3207403007330371,0.6164592145305141,0.3799803577670333,1.6755229448455879e-15,17.62170968597708,38
0.33,5,144,1,1,1038,broad_xyz,22.359644512058754,False,0.7399261472333187,0.8394888569124556,0.8121187023088302,-0.0592711103126053,-0.7624025623285414,-0.24235113930434132,0.6752421509130838,0.41828041925383025,1.6755229448455879e-15,17.62170968597708,38
0.35,5,144,1,1,1038,broad_xyz,22.359644512058754,False,0.7390799834913366,0.8661474204732433,0.7844068987857739,-0.3249013577741581,-0.727467255082933,-0.15635001910412674,0.723663620912886,0.44753375998418005,1.6755229448455879e-15,17.62170968597708,38
0.37,5,144,1,1,1038,broad_xyz,22.359644512058754,False,0.7286199774802813,0.8738732768714979,0.7444024471394122,-0.5370372892499803,-0.7004220449448757,-0.08086695791193377,0.7782119581547838,0.4678667903364197,1.6755229448455879e-15,17.62170968597708,38
0.39,5,144,1,1,1038,broad_xyz,22.359644512058754,False,0.7042541216188406,0.8629480440795858,0.7157714228800759,-0.6529307234013068,-0.7142056393167369,-0.04403514941433964,0.8277516196391076,0.48211142463944234,1.6755229448455879e-15,17.62170968597708,38
0.41000000000000003,5,144,1,1,1038,broad_xyz,22.359644512058754,False,0.6759085983041734,0.8437876807636496,0.6925103530788782,-0.7124100976584988,-0.7478083789642684,-0.04504999538258004,0.8643287137608862,0.49136183198932315,1.6755229448455879e-15,17.62170968597708,38
0.43,5,144,1,1,1038,broad_xyz,22.359644512058754,False,0.6446270754431053,0.8211032002486787,0.6690878893802803,-0.7461842628694454,-0.7799858546292383,-0.0596984489671007,0.8886287038238581,0.49733390801021965,1.6755229448455879e-15,17.62170968597708,38
0.45,5,144,1,1,1038,broad_xyz,22.359644512058754,False,0.6150122594328667,0.7985504792906706,0.646448094497751,-0.767918707049228,-0.8068448264404193,-0.08174177068471118,0.907971623287454,0.5022126284198374,1.6755229448455879e-15,17.62170968597708,38
0.5,5,144,1,1,1038,broad_xyz,22.359644512058754,False,0.5773891527456735,0.759385743777634,0.6093932911446652,-0.7834763769686987,-0.8147169071770662,-0.1354229130492551,0.9530451002254532,0.5229210645455449,1.6755229448455879e-15,17.62170968597708,38
0.55,5,144,1,1,1038,broad_xyz,22.359644512058754,False,0.5668352107157288,0.7507496963559693,0.6374246972390297,-0.6659670891252711,-0.8179961335858505,-0.18895702604365539,0.9435102356087406,0.5641233292042189,1.6755229448455879e-15,17.62170968597708,38
0.6,5,144,1,1,1038,broad_xyz,22.359644512058754,False,0.5888358981908547,0.7947237822900285,0.7130977637708139,-0.43799761925776004,-0.8686953966911317,-0.24473181841387992,0.9155710668952698,0.6018616712534964,1.6755229448455879e-15,17.62170968597708,38
0.6499999999999999,5,144,1,1,1038,broad_xyz,22.359644512058754,False,0.6879155278349106,0.8653268583281803,0.7553772271635294,-0.27682786537032317,-0.876954752485173,-0.3606112950920892,0.9075657564299209,0.6039890732922293,1.6755229448455879e-15,17.62170968597708,38
0.7,5,144,1,1,1038,broad_xyz,22.359644512058754,False,0.7535868012409538,0.8752838703227793,0.7542102127834043,-0.2416875665341333,-0.8870888816868212,-0.4618972819430456,0.912136250233839,0.5653348527249393,1.6755229448455879e-15,17.62170968597708,38
0.725,5,144,1,1,1038,broad_xyz,22.359644512058754,False,0.7681930490073989,0.8644184472632352,0.7567396829439499,-0.20031051297249314,-0.8998866185628436,-0.48874924575697515,0.9052765241997325,0.5361670019220798,1.6755229448455879e-15,17.62170968597708,38
0.75,5,144,1,1,1038,broad_xyz,22.359644512058754,False,0.7716249446913059,0.8486509462548097,0.7603135186245545,-0.13844323396492372,-0.9111032796964607,-0.49708575456972526,0.9100787272582846,0.5046884952434116,1.6755229448455879e-15,17.62170968597708,38
0.775,5,144,1,1,1038,broad_xyz,22.359644512058754,False,0.7649235169333017,0.8316293465302664,0.7630139111773839,-0.07034019868679785,-0.9173801860875227,-0.4907467922976206,0.9049240455985088,0.47372563092741415,1.6755229448455879e-15,17.62170968597708,38
0.8,5,144,1,1,1038,broad_xyz,22.359644512058754,False,0.7514055386922529,0.816323361071418,0.7658066861068551,-0.009003319778007923,-0.9153546612603255,-0.4741871337947605,0.8901032913973244,0.4457486366004971,1.6755229448455879e-15,17.62170968597708,38
0.825,5,144,1,1,1038,broad_xyz,22.359644512058754,False,0.7349991538683935,0.8070067954808783,0.7729182161100843,0.04649805665291683,-0.9041871124541992,-0.45669726333943783,0.8662977611140624,0.4226372499432683,1.6755229448455879e-15,17.62170968597708,38
0.85,5,144,1,1,1038,broad_xyz,22.359644512058754,False,0.720413213877992,0.8049237908920202,0.7856995684894804,0.09659024702287758,-0.883413414556067,-0.4439513709916306,0.8511183332386935,0.4043022738375679,1.6755229448455879e-15,17.62170968597708,38
0.875,5,144,1,1,1038,broad_xyz,22.359644512058754,False,0.6969015982593871,0.8021425318728663,0.7928335121516268,0.13129982711320992,-0.8488784802409872,-0.44589857962476476,0.8546433437065637,0.3920357411166306,1.6755229448455879e-15,17.62170968597708,38
0.9,5,144,1,1,1038,broad_xyz,22.359644512058754,False,0.6637974627644806,0.7993708210273981,0.798323171615594,0.15807936174919238,-0.8065193861905563,-0.4526971251766378,0.8559286971420059,0.3836429345492897,1.6755229448455879e-15,17.62170968597708,38
0.95,5,144,1,1,1038,broad_xyz,22.359644512058754,False,0.5569101069680065,0.7773373797736095,0.7929360719267847,0.166321098166535,-0.8134360967464929,-0.4574805810694311,0.8624118027877856,0.37469504576572543,1.6755229448455879e-15,17.62170968597708,38
1.0,5,144,1,1,1038,broad_xyz,22.359644512058754,False,0.3839448966309215,0.6932374941714152,0.7280045011932768,0.03930839360059109,-0.7919094348402498,-0.44827477847740427,0.8468476722371553,0.3764898453805279,1.6755229448455879e-15,17.62170968597708,38
0.05,5,144,1,1,1039,broad_xyz,22.359644512058754,False,0.06585510010536859,0.44260556135553447,-0.10187653194618283,-0.17487086229412444,-0.2192407208445691,-0.584241599545753,0.0060719664971078564,0.0016469040632487461,1.6755229448455879e-15,17.62170968597708,39
0.075,5,144,1,1,1039,broad_xyz,22.359644512058754,False,0.15761546755571965,0.4522303533209321,-0.08842306912570946,-0.1805171503094468,-0.2223844810755418,-0.5989993547235979,0.015470084760517519,0.004743145387214362,1.6755229448455879e-15,17.62170968597708,39
0.1,5,144,1,1,1039,broad_xyz,22.359644512058754,False,0.3016057146417763,0.47476685188017576,-0.04869704828458012,-0.1642425812227469,-0.18292890377401122,-0.5542816433303349,0.034144422349343374,0.011537565863503518,1.6755229448455879e-15,17.62170968597708,39
0.125,5,144,1,1,1039,broad_xyz,22.359644512058754,False,0.44655235019525175,0.48615143481171796,-0.007238948029097932,-0.152262829085835,-0.14203570463590542,-0.4872412558371617,0.06648949943185628,0.025001653865301256,1.6755229448455879e-15,17.62170968597708,39
0.15,5,144,1,1,1039,broad_xyz,22.359644512058754,False,0.6051269582309597,0.5116815887039706,0.08060833311531745,-0.10243640023383037,-0.08093487974619952,-0.3823495416356514,0.1186828581397619,0.04895141602572073,1.6755229448455879e-15,17.62170968597708,39
0.1625,5,144,1,1,1039,broad_xyz,22.359644512058754,False,0.6730389979683984,0.5246987846965284,0.14010866835732613,-0.06432844923517958,-0.05547406072996581,-0.31471642152860874,0.15321866006880352,0.06580593246573214,1.6755229448455879e-15,17.62170968597708,39
0.175,5,144,1,1,1039,broad_xyz,22.359644512058754,False,0.7350294554069574,0.5453220025202419,0.21398087560943482,-0.013432639350772458,-0.04639384909765394,-0.23085672819184413,0.19302251262095504,0.08646519259295166,1.6755229448455879e-15,17.62170968597708,39
0.1875,5,144,1,1,1039,broad_xyz,22.359644512058754,False,0.7827842645139703,0.5594340464607322,0.29565415630762115,0.04385458383846653,-0.07698664111891898,-0.13595657751119858,0.2378359343135403,0.1106708545570044,1.6755229448455879e-15,17.62170968597708,39
0.2,5,144,1,1,1039,broad_xyz,22.359644512058754,False,0.8150920936038624,0.5628547227583915,0.3863379177562082,0.10851155124699874,-0.17371794713989644,-0.03382762114058522,0.2857578402965216,0.13821064401931285,1.6755229448455879e-15,17.62170968597708,39
0.2125,5,144,1,1,1039,broad_xyz,22.359644512058754,False,0.83137154550581,0.5609715032858559,0.47411122870413286,0.16775731619840317,-0.33144565098789575,0.06153311217130082,0.33965530927659005,0.16808342992845418,1.6755229448455879e-15,17.62170968597708,39
0.225,5,144,1,1,1039,broad_xyz,22.359644512058754,False,0.834660688248528,0.5591927831671655,0.5490681174309129,0.21011602370711982,-0.4894280511556625,0.14234735279096136,0.39564856516909735,0.19918045016043678,1.6755229448455879e-15,17.62170968597708,39
0.2375,5,144,1,1,1039,broad_xyz,22.359644512058754,False,0.8299347577374491,0.562659268052941,0.6085547636811987,0.23167882472515378,-0.6035078318264022,0.20462908929340043,0.4512254014888238,0.230348497765174,1.6755229448455879e-15,17.62170968597708,39
0.25,5,144,1,1,1039,broad_xyz,22.359644512058754,False,0.8204477797922053,0.5727357984735,0.6548730334117613,0.2342694827633353,-0.6751563201874549,0.24896975892295697,0.5046105114248491,0.26047451592626597,1.6755229448455879e-15,17.62170968597708,39
0.27,5,144,1,1,1039,broad_xyz,22.359644512058754,False,0.800950696273516,0.6035838794739974,0.707737158214379,0.20569135345226028,-0.729300352143434,0.28616846659060524,0.5811140158512261,0.3037098925895061,1.6755229448455879e-15,17.62170968597708,39
0.29,5,144,1,1,1039,broad_xyz,22.359644512058754,False,0.7794173031797517,0.6507115755447327,0.740876481944513,0.14611731578027104,-0.7299272982902475,0.286836851140806,0.6509474782748778,0.33720194648451013,1.6755229448455879e-15,17.62170968597708,39
0.31,5,144,1,1,1039,broad_xyz,22.359644512058754,False,0.7508441777886345,0.7079153665035494,0.7572852178224689,0.06104131981902112,-0.6826905615680716,0.25552045849383415,0.7066295933248011,0.35787860977629066,1.6755229448455879e-15,17.62170968597708,39
0.33,5,144,1,1,1039,broad_xyz,22.359644512058754,False,0.7003445410587942,0.7641667054857916,0.7556726485827043,-0.051699094591915545,-0.5966352266794946,0.19722785114767932,0.7420142410065744,0.3644776036314927,1.6755229448455879e-15,17.62170968597708,39
0.35,5,144,1,1,1039,broad_xyz,22.359644512058754,False,0.6195671685886197,0.8057933954305051,0.7334457793848597,-0.19218306303588226,-0.4882659985758761,0.12042181844516645,0.7774640712593536,0.3580679258215648,1.6755229448455879e-15,17.62170968597708,39
0.37,5,144,1,1,1039,broad_xyz,22.359644512058754,False,0.5178281985714699,0.8190742489290093,0.7003132325311153,-0.3303906670294391,-0.39490061708149055,0.038658204319483955,0.7903092759976379,0.34352651886818514,1.6755229448455879e-15,17.62170968597708,39
0.39,5,144,1,1,1039,broad_xyz,22.359644512058754,False,0.41819464304764603,0.8003525887880073,0.6837317022667848,-0.4075261428672384,-0.35906179460757925,-0.02926446321082329,0.7980335396224544,0.3316451231200019,1.6755229448455879e-15,17.62170968597708,39
0.41000000000000003,5,144,1,1,1039,broad_xyz,22.359644512058754,False,0.34378891792068517,0.7739311467205328,0.665473691208853,-0.4438249224284674,-0.3503362152051381,-0.08363091658556425,0.7843171197639,0.3261445605496409,1.6755229448455879e-15,17.62170968597708,39
0.43,5,144,1,1,1039,broad_xyz,22.359644512058754,False,0.3121114363569436,0.7552038561182097,0.6444507753309273,-0.45399761583075765,-0.3542184870341198,-0.11671688506617309,0.7820737537607556,0.3303532879787104,1.6755229448455879e-15,17.62170968597708,39
0.45,5,144,1,1,1039,broad_xyz,22.359644512058754,False,0.33228866367338755,0.7512328363169182,0.6248283217080438,-0.4491069597392088,-0.3584004013079314,-0.12806452495200538,0.7729847347508498,0.34661846851600586,1.6755229448455879e-15,17.62170968597708,39
0.5,5,144,1,1,1039,broad_xyz,22.359644512058754,False,0.5404879824073172,0.7706498888983359,0.6254242236711425,-0.3807990867237041,-0.4051985368798816,-0.12186964365133678,0.8204804492726961,0.4331504985674395,1.6755229448455879e-15,17.62170968597708,39
0.55,5,144,1,1,1039,broad_xyz,22.359644512058754,False,0.6825490251405542,0.7418967139722366,0.7132993942062116,-0.2940379648684878,-0.5867004318161523,-0.13833431345173353,0.9140142764545222,0.530680538045663,1.6755229448455879e-15,17.62170968597708,39
0.6,5,144,1,1,1039,broad_xyz,22.359644512058754,False,0.6673207407003838,0.7202188161320364,0.7807308822323674,-0.27123119498945764,-0.6903926556492846,-0.19341900998516606,0.9114338967604326,0.5745418427613712,1.6755229448455879e-15,17.62170968597708,39
0.6499999999999999,5,144,1,1,1039,broad_xyz,22.359644512058754,False,0.7544023479253947,0.7827089365336748,0.8119837548127963,-0.13262677910549026,-0.723147705714492,-0.3167404670306547,0.86884268998287,0.5625197953527479,1.6755229448455879e-15,17.62170968597708,39
0.7,5,144,1,1,1039,broad_xyz,22.359644512058754,False,0.8255955307055355,0.8477026589186943,0.8429558694677413,0.14447874401852506,-0.7693005615127549,-0.4421728332037372,0.8651437870793647,0.526622348360816,1.6755229448455879e-15,17.62170968597708,39
0.725,5,144,1,1,1039,broad_xyz,22.359644512058754,False,0.7860785395094145,0.8524498351307193,0.8603233135711217,0.29182854426308763,-0.7915094076912174,-0.47066372949547525,0.9280914934677778,0.5055252427289854,1.6755229448455879e-15,17.62170968597708,39
0.75,5,144,1,1,1039,broad_xyz,22.359644512058754,False,0.7203886406616621,0.8365287904835997,0.8738042547785594,0.4088481132773178,-0.8049882500702391,-0.4741204035241928,0.9721894462339122,0.4822797923724539,1.6755229448455879e-15,17.62170968597708,39
0.775,5,144,1,1,1039,broad_xyz,22.359644512058754,False,0.6429758536894401,0.8050180573793023,0.8774671798540474,0.4765337484468439,-0.8018526979998367,-0.46493951017847124,0.9968416209498512,0.45638727981381483,1.6755229448455879e-15,17.62170968597708,39
0.8,5,144,1,1,1039,broad_xyz,22.359644512058754,False,0.5589579643569067,0.7630033154947088,0.868877413909103,0.4967241140158834,-0.7801078119218127,-0.45712790620320387,1.0067128148263165,0.429060517716841,1.6755229448455879e-15,17.62170968597708,39
0.825,5,144,1,1,1039,broad_xyz,22.359644512058754,False,0.48408437609376764,0.7146259918095299,0.8494831673489404,0.484308550121832,-0.7465413365132906,-0.45982472323115353,1.0069928107661061,0.4034993857640661,1.6755229448455879e-15,17.62170968597708,39
0.85,5,144,1,1,1039,broad_xyz,22.359644512058754,False,0.4382865967057672,0.6652967863745101,0.8260900997367552,0.45674718431970307,-0.7109420763345489,-0.4725147085059445,1.0018168376902254,0.38438439446535366,1.6755229448455879e-15,17.62170968597708,39
0.875,5,144,1,1,1039,broad_xyz,22.359644512058754,False,0.438393777607311,0.6236295066994291,0.8103588433874706,0.4291584301958148,-0.6793186148508396,-0.485815391977343,0.993262301649152,0.3764663872731065,1.6755229448455879e-15,17.62170968597708,39
0.9,5,144,1,1,1039,broad_xyz,22.359644512058754,False,0.48242005184921494,0.5965171944069085,0.811557081521643,0.40987496215094327,-0.6658913096759471,-0.4882059389061355,0.9811449251660705,0.3818165280809723,1.6755229448455879e-15,17.62170968597708,39
0.95,5,144,1,1,1039,broad_xyz,22.359644512058754,False,0.5957869568942183,0.5795936203420551,0.8525634505291163,0.3776090360357905,-0.7754210941015331,-0.46373415066342727,0.9383273061281128,0.41641643366617986,1.6755229448455879e-15,17.62170968597708,39
1.0,5,144,1,1,1039,broad_xyz,22.359644512058754,False,0.5801889010375311,0.5546411158410703,0.8652184414622162,0.23090758051983726,-0.8465859781699284,-0.43872084771313896,0.8639597945995224,0.44973776919268615,1.6755229448455879e-15,17.62170968597708,39
0.05,5,144,1,1,1040,broad_xyz,22.359644512058754,False,0.33799437917532327,0.4091507144087207,-0.07450784049007551,-0.14229735032755916,-0.140183063278322,-0.1554687011303514,0.0041009429388469965,0.0005840567979915724,1.6755229448455879e-15,17.62170968597708,40
0.075,5,144,1,1,1040,broad_xyz,22.359644512058754,False,0.34059559224660707,0.4571006592724524,-0.10940586432287287,-0.19882708741417895,-0.14262295940807135,-0.26075505621637257,0.010660335022025437,0.002058202069738103,1.6755229448455879e-15,17.62170968597708,40
0.1,5,144,1,1,1040,broad_xyz,22.359644512058754,False,0.29418921745524484,0.4719253546613597,-0.16969881155175265,-0.27779294707058527,-0.18108903667870824,-0.32480086611397024,0.02232717502701708,0.005286668277193594,1.6755229448455879e-15,17.62170968597708,40
0.125,5,144,1,1,1040,broad_xyz,22.359644512058754,False,0.24863756186774158,0.4477719445647374,-0.22831953664228846,-0.35715815026132175,-0.251304270676229,-0.4106000834246687,0.04285624698371682,0.011501003821883942,1.6755229448455879e-15,17.62170968597708,40
0.15,5,144,1,1,1040,broad_xyz,22.359644512058754,False,0.23973981034534214,0.4349651960925517,-0.25789810292193943,-0.406072352796009,-0.320191937062943,-0.4642648513415655,0.06860675323930565,0.021185097532078003,1.6755229448455879e-15,17.62170968597708,40
0.1625,5,144,1,1,1040,broad_xyz,22.359644512058754,False,0.25626952332173747,0.4418391081232466,-0.25223252057037937,-0.40984566825129665,-0.3193909451961899,-0.4773819506671397,0.08314940506401605,0.02729545826759716,1.6755229448455879e-15,17.62170968597708,40
0.175,5,144,1,1,1040,broad_xyz,22.359644512058754,False,0.26384866581711897,0.42657837686429073,-0.23276698882212754,-0.4007091221249617,-0.2770812666983526,-0.5156973607857607,0.09707587338690736,0.03484311285893233,1.6755229448455879e-15,17.62170968597708,40
0.1875,5,144,1,1,1040,broad_xyz,22.359644512058754,False,0.25332287081728444,0.38964474224485796,-0.19752394857113229,-0.3778026388619352,-0.20223000088349802,-0.5702351273113292,0.1095708581604197,0.044016152139273866,1.6755229448455879e-15,17.62170968597708,40
0.2,5,144,1,1,1040,broad_xyz,22.359644512058754,False,0.2446416750938196,0.3570431890971688,-0.13527368836748263,-0.3305034477384276,-0.09448477672296846,-0.6091469046395968,0.13219273930892095,0.05427419144832066,1.6755229448455879e-15,17.62170968597708,40
0.2125,5,144,1,1,1040,broad_xyz,22.359644512058754,False,0.22621476002198984,0.3254946998125948,-0.05351523097928347,-0.26625276125357605,0.030752466520764115,-0.6276995159456468,0.16061059561039168,0.06554784324910277,1.6755229448455879e-15,17.62170968597708,40
0.225,5,144,1,1,1040,broad_xyz,22.359644512058754,False,0.1891322027049933,0.2912620521823643,0.049669477121327084,-0.18350703853632183,0.15965340823071192,-0.6237732225046929,0.1934206518101646,0.0776005382303803,1.6755229448455879e-15,17.62170968597708,40
0.2375,5,144,1,1,1040,broad_xyz,22.359644512058754,False,0.13500046775098606,0.25952223073234315,0.16297029801974144,-0.09324285241667025,0.26363290297294956,-0.6032620369332955,0.2294383515324019,0.0904013007898395,1.6755229448455879e-15,17.62170968597708,40
0.25,5,144,1,1,1040,broad_xyz,22.359644512058754,False,0.07364980678002923,0.23881360183209108,0.2753517547599953,-0.005825212469833922,0.31843722343859965,-0.5711806911206493,0.26837516073422757,0.10378457914253524,1.6755229448455879e-15,17.62170968597708,40
0.27,5,144,1,1,1040,broad_xyz,22.359644512058754,False,-0.02180614855983045,0.22423554624843592,0.4449705721251055,0.11988686906826797,0.28386834025843743,-0.5020748941994443,0.33556048690909923,0.12652616248142834,1.6755229448455879e-15,17.62170968597708,40
0.29,5,144,1,1,1040,broad_xyz,22.359644512058754,False,-0.06503105534750547,0.25300437521238817,0.5764880973519144,0.20367499358876479,0.16197680862897015,-0.43802816262315336,0.40619770256318105,0.14979941035705213,1.6755229448455879e-15,17.62170968597708,40
0.31,5,144,1,1,1040,broad_xyz,22.359644512058754,False,-0.04473189703152796,0.31998324111489534,0.6631283887279975,0.23445541378626733,0.03403800764311805,-0.3885823058690099,0.4790288498252261,0.17267091687263722,1.6755229448455879e-15,17.62170968597708,40
0.33,5,144,1,1,1040,broad_xyz,22.359644512058754,False,0.037631681172739045,0.41754045003975226,0.7115640967360229,0.20195501818326514,-0.06624447590058644,-0.33374823548537336,0.562500394772472,0.19533802806838604,1.6755229448455879e-15,17.62170968597708,40
0.35,5,144,1,1,1040,broad_xyz,22.359644512058754,False,0.14467509021749617,0.5112018901485615,0.7204210461291921,0.06673027606508539,-0.15144807296476331,-0.24762047911564677,0.642554794560227,0.2174731872734062,1.6755229448455879e-15,17.62170968597708,40
0.37,5,144,1,1,1040,broad_xyz,22.359644512058754,False,0.25137410560146,0.5811546818088665,0.6972354507716108,-0.16583440914707703,-0.2454677397626711,-0.13930931237661068,0.7122556718147585,0.23932983361973678,1.6755229448455879e-15,17.62170968597708,40
0.39,5,144,1,1,1040,broad_xyz,22.359644512058754,False,0.3446389625196242,0.6189001595826218,0.6402504734015755,-0.41804400962451416,-0.34687277178303444,-0.040725803154620724,0.7640446954794454,0.2599322758570938,1.6755229448455879e-15,17.62170968597708,40
0.41000000000000003,5,144,1,1,1040,broad_xyz,22.359644512058754,False,0.41591740319878157,0.6267326357705042,0.5686490329798707,-0.6001883812513773,-0.45596479440759596,0.021024646638491216,0.7907168235018103,0.2788836162938098,1.6755229448455879e-15,17.62170968597708,40
0.43,5,144,1,1,1040,broad_xyz,22.359644512058754,False,0.46277033905151777,0.6104098868142452,0.49448667507056604,-0.7128623099490579,-0.5561733899869686,0.03969727031137282,0.7957841719872407,0.2953583917206275,1.6755229448455879e-15,17.62170968597708,40
0.45,5,144,1,1,1040,broad_xyz,22.359644512058754,False,0.4776945298508472,0.5779778991046738,0.423274632480908,-0.7831082647100838,-0.6253520266402451,0.026111196798585607,0.7917315987993431,0.30775683044082375,1.6755229448455879e-15,17.62170968597708,40
0.5,5,144,1,1,1040,broad_xyz,22.359644512058754,False,0.3668971864438361,0.4926626666300669,0.32361438125684366,-0.8459508015623316,-0.6125833598218053,-0.08363390023661815,0.8069107154070432,0.32788037314883134,1.6755229448455879e-15,17.62170968597708,40
0.55,5,144,1,1,1040,broad_xyz,22.359644512058754,False,0.2155466332451974,0.444759989827168,0.3633524243532714,-0.7643955301873744,-0.4383371484695019,-0.2150647897341469,0.8298756313565614,0.3585982212860658,1.6755229448455879e-15,17.62170968597708,40
0.6,5,144,1,1,1040,broad_xyz,22.359644512058754,False,0.29217685840558616,0.49524794800019695,0.5080886117953605,-0.5126697290844504,-0.36140292196393986,-0.2652484632242468,0.827823386760975,0.41095229810500106,1.6755229448455879e-15,17.62170968597708,40
0.6499999999999999,5,144,1,1,1040,broad_xyz,22.359644512058754,False,0.6004888508597692,0.6560003132617727,0.6548260514501933,-0.22633074104941947,-0.5144340241972889,-0.32843144734291463,0.873610396590005,0.45375718549699073,1.6755229448455879e-15,17.62170968597708,40
0.7,5,144,1,1,1040,broad_xyz,22.359644512058754,False,0.7143252152710406,0.7771368245812025,0.7455541399023372,-0.053858415805358044,-0.7022335594070205,-0.41873185280232395,0.9274464695886147,0.46082880885265864,1.6755229448455879e-15,17.62170968597708,40
0.725,5,144,1,1,1040,broad_xyz,22.359644512058754,False,0.6544378392500702,0.8048229268347818,0.772330704936145,0.010880576385382944,-0.7637311919272267,-0.430018854360379,0.9111742089782982,0.4484987783981397,1.6755229448455879e-15,17.62170968597708,40
0.75,5,144,1,1,1040,broad_xyz,22.359644512058754,False,0.562790960443086,0.8116682464921987,0.7845299053454028,0.05254225570347142,-0.8026744915198104,-0.4144842085443994,0.8949660500418231,0.4285121275696491,1.6755229448455879e-15,17.62170968597708,40
0.775,5,144,1,1,1040,broad_xyz,22.359644512058754,False,0.4797997754202813,0.8054781429834328,0.7876758969577162,0.08253428919758117,-0.8188890789468267,-0.3865103006883374,0.8572703423009045,0.4055598182393618,1.6755229448455879e-15,17.62170968597708,40
0.8,5,144,1,1,1040,broad_xyz,22.359644512058754,False,0.43343212350754035,0.7968438338288222,0.7941769906312024,0.12929912412456981,-0.8241318290452607,-0.36615396775459313,0.8664944999749755,0.3846793430844098,1.6755229448455879e-15,17.62170968597708,40
0.825,5,144,1,1,1040,broad_xyz,22.359644512058754,False,0.43298774449452393,0.7903885958894121,0.8137406444704446,0.2104030593763944,-0.8253612057783571,-0.3686742261329968,0.8829661211614661,0.36905298094997263,1.6755229448455879e-15,17.62170968597708,40
0.85,5,144,1,1,1040,broad_xyz,22.359644512058754,False,0.4718618823305504,0.77952605427297,0.8427408269772709,0.31249968273018036,-0.8197461503550454,-0.39544390608132357,0.8993112131754599,0.35880924781639134,1.6755229448455879e-15,17.62170968597708,40
0.875,5,144,1,1,1040,broad_xyz,22.359644512058754,False,0.5216587675532941,0.753736058436357,0.865648510535403,0.4006457978970775,-0.7896853289549723,-0.43366820943324275,0.9013999828782078,0.3523788844189349,1.6755229448455879e-15,17.62170968597708,40
0.9,5,144,1,1,1040,broad_xyz,22.359644512058754,False,0.5327998558234301,0.7129662032724937,0.8714949787445418,0.44868773480126467,-0.7336954465588487,-0.4650786873961651,0.8796103620608893,0.34799931044776194,1.6755229448455879e-15,17.62170968597708,40
0.95,5,144,1,1,1040,broad_xyz,22.359644512058754,False,0.36531528688953047,0.6157639343012201,0.8320839732352994,0.4172200482595282,-0.723701617323887,-0.4792893566752292,0.8357359048643682,0.34393327500451604,1.6755229448455879e-15,17.62170968597708,40
1.0,5,144,1,1,1040,broad_xyz,22.359644512058754,False,0.17428486928701134,0.5241225109050776,0.7463219353949878,0.2680731389403417,-0.7430399114501207,-0.47307800798226246,0.809717653878886,0.3512200154322902,1.6755229448455879e-15,17.62170968597708,40
0.05,5,144,1,1,1041,broad_xyz,22.359644512058754,False,-0.30501027412144777,0.05992891420761982,-0.44124625806872775,-0.44958881924604666,-0.35991752694444107,-0.43745892520365914,0.004062898740692485,0.00042413345765399444,1.6755229448455879e-15,17.62170968597708,41
0.075,5,144,1,1,1041,broad_xyz,22.359644512058754,False,-0.31554866183805236,0.11704730469061105,-0.45060187836938986,-0.46347434402521775,-0.36471356888516104,-0.42725109448778836,0.010507582648977748,0.0011746334554817877,1.6755229448455879e-15,17.62170968597708,41
0.1,5,144,1,1,1041,broad_xyz,22.359644512058754,False,-0.3349067963678008,0.1781259615319842,-0.4562754366165292,-0.47480876851082887,-0.3759328737061804,-0.4037260413374629,0.021534209881660542,0.0025162245357347296,1.6755229448455879e-15,17.62170968597708,41
0.125,5,144,1,1,1041,broad_xyz,22.359644512058754,False,-0.3460193933636168,0.23936700549282855,-0.46010824737011063,-0.4850654774923273,-0.39850221430129784,-0.355251458605431,0.036788070191845955,0.004595124535228507,1.6755229448455879e-15,17.62170968597708,41
0.15,5,144,1,1,1041,broad_xyz,22.359644512058754,False,-0.32648919361760814,0.30624765235123635,-0.46431659184816515,-0.49596425828150276,-0.426132364458233,-0.2771532147044179,0.054680742403234346,0.007582574904862291,1.6755229448455879e-15,17.62170968597708,41
0.1625,5,144,1,1,1041,broad_xyz,22.359644512058754,False,-0.2914056146722335,0.3437723849425335,-0.46336018822009406,-0.4985206668817905,-0.4337345407118299,-0.22352783866636952,0.06411424064999452,0.0095086805714438,1.6755229448455879e-15,17.62170968597708,41
0.175,5,144,1,1,1041,broad_xyz,22.359644512058754,False,-0.22805481998617555,0.3862861975072616,-0.46065299299383244,-0.4991671719666237,-0.432184884016277,-0.1523762962655254,0.07359486370264039,0.01180878463415052,1.6755229448455879e-15,17.62170968597708,41
0.1875,5,144,1,1,1041,broad_xyz,22.359644512058754,False,-0.11979518013972805,0.4432360121382088,-0.4490689735493461,-0.4918588167855395,-0.41434814716893437,-0.050751014864893425,0.08291872103810587,0.014740595964418318,1.6755229448455879e-15,17.62170968597708,41
0.2,5,144,1,1,1041,broad_xyz,22.359644512058754,False,0.031575648822820095,0.521146252327095,-0.4138085881473226,-0.46244492425796413,-0.357999863543867,0.08156536194531752,0.09189682681220279,0.01873707019308752,1.6755229448455879e-15,17.62170968597708,41
0.2125,5,144,1,1,1041,broad_xyz,22.359644512058754,False,0.21641419870361903,0.6201583724715131,-0.3364918877969311,-0.3924755568033381,-0.24031212687237932,0.24917435665834856,0.10036977418290904,0.024545509623117592,1.6755229448455879e-15,17.62170968597708,41
0.225,5,144,1,1,1041,broad_xyz,22.359644512058754,False,0.3581988310524244,0.6608280539201394,-0.13525798653105112,-0.2048701674989843,0.010138107466610877,0.39675695644748377,0.10822668632365813,0.03387030867639172,1.6755229448455879e-15,17.62170968597708,41
0.2375,5,144,1,1,1041,broad_xyz,22.359644512058754,False,0.4242423113566088,0.6234164529102516,0.12030678312936637,0.03393980904707262,0.22488669411333753,0.4894169314877616,0.11542782782510491,0.04582009233310863,1.6755229448455879e-15,17.62170968597708,41
0.25,5,144,1,1,1041,broad_xyz,22.359644512058754,False,0.4165587698480997,0.5444220154976027,0.3215281683631195,0.21878096927468263,0.2801517441483636,0.5241778532686835,0.12202516002790093,0.05962004984986545,1.6755229448455879e-15,17.62170968597708,41
0.27,5,144,1,1,1041,broad_xyz,22.359644512058754,False,0.32769764050557215,0.4240011837488993,0.48528925885873353,0.34800275258998625,0.09515067997210637,0.5080862939588497,0.1692601981461568,0.0834473924923896,1.6755229448455879e-15,17.62170968597708,41
0.29,5,144,1,1,1041,broad_xyz,22.359644512058754,False,0.24604613757608226,0.36906554693566246,0.5243484494799999,0.33528418477656263,-0.13338771025953555,0.4734006199105777,0.24702322738157834,0.10696771869587177,1.6755229448455879e-15,17.62170968597708,41
0.31,5,144,1,1,1041,broad_xyz,22.359644512058754,False,0.2059981004207145,0.37436216386664695,0.50662755882431,0.25020627056212624,-0.2367719597927661,0.4416730237628811,0.32192348345758104,0.1280262658189393,1.6755229448455879e-15,17.62170968597708,41
0.33,5,144,1,1,1041,broad_xyz,22.359644512058754,False,0.20121059111564496,0.4136115951264867,0.4673289980714507,0.13515935651725156,-0.23997663198246422,0.41266860913726017,0.39263530506054667,0.14539510761556315,1.6755229448455879e-15,17.62170968597708,41
0.35,5,144,1,1,1041,broad_xyz,22.359644512058754,False,0.22530750843280478,0.46930717912986714,0.4301520807130969,0.022873269469905994,-0.20023510428919172,0.383613353908315,0.45116542167994,0.15912742482820372,1.6755229448455879e-15,17.62170968597708,41
0.37,5,144,1,1,1041,broad_xyz,22.359644512058754,False,0.26891255020164645,0.52612935698765,0.40601009965244145,-0.07030136434013189,-0.15237941561902166,0.3533553258489372,0.4933951218074086,0.16988978320362533,1.6755229448455879e-15,17.62170968597708,41
0.39,5,144,1,1,1041,broad_xyz,22.359644512058754,False,0.32145268150360806,0.5738528291097361,0.40161211446131584,-0.13443045011541194,-0.11116998846221952,0.32660722101825523,0.5176601072822415,0.17883431353601065,1.6755229448455879e-15,17.62170968597708,41
0.41000000000000003,5,144,1,1,1041,broad_xyz,22.359644512058754,False,0.38417976337584364,0.6191540092174755,0.40547688109489327,-0.1805974664096336,-0.09124369539923967,0.3061863729568122,0.5249001782753011,0.18657159417719035,1.6755229448455879e-15,17.62170968597708,41
0.43,5,144,1,1,1041,broad_xyz,22.359644512058754,False,0.4529795805742277,0.6544241477034031,0.4146563155972839,-0.21243446517080755,-0.11265450673992032,0.2693355099796374,0.520881647482119,0.19428210895897374,1.6755229448455879e-15,17.62170968597708,41
0.45,5,144,1,1,1041,broad_xyz,22.359644512058754,False,0.5146153117552477,0.6776574178107773,0.4228611873272199,-0.23540321192293212,-0.16377233913500602,0.211235423082455,0.5214606891315539,0.20274587293458124,1.6755229448455879e-15,17.62170968597708,41
0.5,5,144,1,1,1041,broad_xyz,22.359644512058754,False,0.6282510171362015,0.6814077795624632,0.4239129881538133,-0.26067464397174606,-0.24461729140382824,0.04248915410306457,0.5826945278864941,0.22660508395885634,1.6755229448455879e-15,17.62170968597708,41
0.55,5,144,1,1,1041,broad_xyz,22.359644512058754,False,0.6221015840992077,0.6058388902297965,0.47734887574044654,-0.19319310643361137,-0.235201028319055,-0.07571385903721223,0.6533231890223784,0.25757701966310875,1.6755229448455879e-15,17.62170968597708,41
0.6,5,144,1,1,1041,broad_xyz,22.359644512058754,False,0.4415433813102913,0.48264584695516743,0.5422433203080196,-0.13363978291753909,-0.33085013405740327,-0.17548180932520216,0.6663301653820053,0.28694548356718336,1.6755229448455879e-15,17.62170968597708,41
0.6499999999999999,5,144,1,1,1041,broad_xyz,22.359644512058754,False,0.3053906823254303,0.492636175040254,0.5697518609114307,-0.08419154180034391,-0.42698067510908155,-0.3097149283464965,0.6749334526576962,0.29668120195979675,1.6755229448455879e-15,17.62170968597708,41
0.7,5,144,1,1,1041,broad_xyz,22.359644512058754,False,0.31955827012861937,0.59061176322877,0.6264276424279689,0.009177357546756002,-0.49569482468440457,-0.4357160103087288,0.7301557096085722,0.29339466500888606,1.6755229448455879e-15,17.62170968597708,41
0.725,5,144,1,1,1041,broad_xyz,22.359644512058754,False,0.36170822691666016,0.6287293447127746,0.6712199310753858,0.07329184094483362,-0.5308236678876673,-0.46911117026218685,0.7501572639788638,0.2912630574262893,1.6755229448455879e-15,17.62170968597708,41
0.75,5,144,1,1,1041,broad_xyz,22.359644512058754,False,0.397696364411759,0.6481185239826207,0.7193412394795868,0.158967179952478,-0.5589209199376798,-0.48866764399275986,0.7664962422832639,0.28940928027295854,1.6755229448455879e-15,17.62170968597708,41
0.775,5,144,1,1,1041,broad_xyz,22.359644512058754,False,0.4087049594620458,0.6463044164979064,0.7650110046144138,0.2627508515235385,-0.5633152014974807,-0.5013008129997801,0.7801192912209545,0.2883362016900285,1.6755229448455879e-15,17.62170968597708,41
0.8,5,144,1,1,1041,broad_xyz,22.359644512058754,False,0.38753198176377784,0.6226597331101131,0.8007697241555867,0.35235908515032177,-0.5441274743444524,-0.5063621686965422,0.7912688061768736,0.2888508942865215,1.6755229448455879e-15,17.62170968597708,41
0.825,5,144,1,1,1041,broad_xyz,22.359644512058754,False,0.3438374720250298,0.5856142186637524,0.8224155304758595,0.3964850402697433,-0.5062680293818902,-0.5030182671201889,0.799286259746434,0.2909496733805068,1.6755229448455879e-15,17.62170968597708,41
0.85,5,144,1,1,1041,broad_xyz,22.359644512058754,False,0.3060190803894835,0.5541433234695321,0.8354891374198915,0.4067236174305118,-0.47434127834654377,-0.49750617462125146,0.8027668858047781,0.2939099156481305,1.6755229448455879e-15,17.62170968597708,41
0.875,5,144,1,1,1041,broad_xyz,22.359644512058754,False,0.2848021588676337,0.536884578069559,0.8426572758161485,0.40450222375847517,-0.4569181919503241,-0.4953307534627966,0.7999953709683549,0.29669675795715217,1.6755229448455879e-15,17.62170968597708,41
0.9,5,144,1,1,1041,broad_xyz,22.359644512058754,False,0.27639517487719306,0.5301644305474814,0.8406281986942511,0.3943269487172776,-0.4422730511947995,-0.49469081688097505,0.7896265008621144,0.2990111804326413,1.6755229448455879e-15,17.62170968597708,41
0.95,5,144,1,1,1041,broad_xyz,22.359644512058754,False,0.29591419055079443,0.5350771874619549,0.8055113266898395,0.3242531115817388,-0.5438326505124522,-0.4658317946236836,0.7467658943200307,0.30415535941686556,1.6755229448455879e-15,17.62170968597708,41
1.0,5,144,1,1,1041,broad_xyz,22.359644512058754,False,0.2851412839672778,0.5210374206310278,0.7282334347742001,0.17848529502463933,-0.6205050227160674,-0.40831224708339053,0.7359616335713596,0.31193164116629635,1.6755229448455879e-15,17.62170968597708,41
0.05,5,144,1,1,1042,broad_xyz,22.359644512058754,False,0.3809086271721491,0.7715394160509804,0.4209600596236695,0.30463168838693144,0.7250382163673454,0.3460083178122377,0.017732707290720545,0.007558682449419756,1.6755229448455879e-15,17.62170968597708,42
0.075,5,144,1,1,1042,broad_xyz,22.359644512058754,False,0.4147246388491935,0.7781932117126605,0.41273441371987524,0.25210230323893595,0.7316992285172049,0.29301779062028555,0.04225684377969729,0.018427276589997335,1.6755229448455879e-15,17.62170968597708,42
0.1,5,144,1,1,1042,broad_xyz,22.359644512058754,False,0.47889945625191405,0.7828386516479602,0.41504466702543336,0.20059542090200688,0.7294472731128341,0.2419814645835064,0.07995668397256749,0.03578504204900169,1.6755229448455879e-15,17.62170968597708,42
0.125,5,144,1,1,1042,broad_xyz,22.359644512058754,False,0.5738673366126522,0.7855676569002941,0.429405684190835,0.15044019017877205,0.6977548821123163,0.1981118903593134,0.13245689942466377,0.060885900690831045,1.6755229448455879e-15,17.62170968597708,42
0.15,5,144,1,1,1042,broad_xyz,22.359644512058754,False,0.6892288819299481,0.7875737276870934,0.45969430114080206,0.10472097109311129,0.5763605784695077,0.16919503737650585,0.20031253204560961,0.09451061075152117,1.6755229448455879e-15,17.62170968597708,42
0.1625,5,144,1,1,1042,broad_xyz,22.359644512058754,False,0.7444605363235393,0.788712900063684,0.4808733925829265,0.08305914605764254,0.414909191683839,0.16129012998473355,0.2393787083460889,0.11457212874506428,1.6755229448455879e-15,17.62170968597708,42
0.175,5,144,1,1,1042,broad_xyz,22.359644512058754,False,0.7896556373906574,0.7898782866652347,0.5057370930077061,0.06134825729535654,0.11027854333052221,0.15878708024090676,0.2814332273546994,0.1367552375811677,1.6755229448455879e-15,17.62170968597708,42
0.1875,5,144,1,1,1042,broad_xyz,22.359644512058754,False,0.8202910835017784,0.7908745780206902,0.5346731842411067,0.03948280825850288,-0.28467806434645343,0.16204900995702085,0.32604270200695606,0.1610049029738964,1.6755229448455879e-15,17.62170968597708,42
0.2,5,144,1,1,1042,broad_xyz,22.359644512058754,False,0.8354299255977904,0.7922711026946405,0.5662312428815788,0.01504466477832598,-0.5696979986758304,0.1708907167406047,0.3727055515618031,0.18709703292255325,1.6755229448455879e-15,17.62170968597708,42
0.2125,5,144,1,1,1042,broad_xyz,22.359644512058754,False,0.8383235486386977,0.7943947765028332,0.6000734909426665,-0.013377015792973358,-0.7111711028243002,0.1855509716734819,0.42086721469166577,0.21480281801807294,1.6755229448455879e-15,17.62170968597708,42
0.225,5,144,1,1,1042,broad_xyz,22.359644512058754,False,0.832813716125685,0.7978314737491196,0.6352548424527581,-0.04833280132043602,-0.7767875678993714,0.2059783672377688,0.4707202240485837,0.2438163150125363,1.6755229448455879e-15,17.62170968597708,42
0.2375,5,144,1,1,1042,broad_xyz,22.359644512058754,False,0.8217765818139894,0.8028510419270076,0.670734594123469,-0.09305044818761261,-0.8093473459735947,0.2320184626638248,0.52340816006059,0.2737926877078574,1.6755229448455879e-15,17.62170968597708,42
0.25,5,144,1,1,1042,broad_xyz,22.359644512058754,False,0.8079787125770864,0.8094248425837689,0.7055525575005619,-0.151174415100022,-0.8256570416197959,0.2633913539648696,0.5762258504245609,0.304358173199696,1.6755229448455879e-15,17.62170968597708,42
0.27,5,144,1,1,1042,broad_xyz,22.359644512058754,False,0.7870100253224804,0.8227943074171292,0.7574341835091782,-0.2807231832852598,-0.8353178366609624,0.32332382685511973,0.6590301522714412,0.35344566620133083,1.6755229448455879e-15,17.62170968597708,42
0.29,5,144,1,1,1042,broad_xyz,22.359644512058754,False,0.7746138934099167,0.8387190141789032,0.8014594369307522,-0.4556704433611558,-0.8344178570325255,0.3922258800515363,0.7366911988230727,0.4011233398368178,1.6755229448455879e-15,17.62170968597708,42
0.31,5,144,1,1,1042,broad_xyz,22.359644512058754,False,0.7732371234314532,0.8558527170875684,0.8351566224263901,-0.6414928533082906,-0.8263661819094285,0.4654596234478436,0.8055357332599109,0.44542773203704134,1.6755229448455879e-15,17.62170968597708,42
0.33,5,144,1,1,1042,broad_xyz,22.359644512058754,False,0.7805745194975707,0.8729449393373899,0.8577931364825526,-0.7832182672934975,-0.8119369097627812,0.5374173467894129,0.8623376415509743,0.48443306633839317,1.6755229448455879e-15,17.62170968597708,42
0.35,5,144,1,1,1042,broad_xyz,22.359644512058754,False,0.7919453249347459,0.8891270849204991,0.8703136829192702,-0.8643134101660321,-0.7951935743993183,0.6020239469340274,0.9054997146149882,0.5164632642185129,1.6755229448455879e-15,17.62170968597708,42
0.37,5,144,1,1,1042,broad_xyz,22.359644512058754,False,0.801156063807235,0.9033335779445928,0.8754119571856473,-0.9036865641641874,-0.7802414812561366,0.6537390842396127,0.9292309565342116,0.5405276872466018,1.6755229448455879e-15,17.62170968597708,42
0.39,5,144,1,1,1042,broad_xyz,22.359644512058754,False,0.8031253605060759,0.9157295719262242,0.876104314890587,-0.9204560179998088,-0.7653306689312371,0.6871972509668335,0.9319897772924806,0.5563402606374228,1.6755229448455879e-15,17.62170968597708,42
0.41000000000000003,5,144,1,1,1042,broad_xyz,22.359644512058754,False,0.7943815805841874,0.9269012792823291,0.8728336490611215,-0.9260949281976677,-0.7469524314892628,0.6978661092820916,0.9183104562504093,0.5641984133291413,1.6755229448455879e-15,17.62170968597708,42
0.43,5,144,1,1,1042,broad_xyz,22.359644512058754,False,0.7737906918360786,0.9367669085931789,0.8668121606707863,-0.9244153338668457,-0.7257542413372926,0.6828384519024896,0.8952479296415239,0.5656603995018664,1.6755229448455879e-15,17.62170968597708,42
0.45,5,144,1,1,1042,broad_xyz,22.359644512058754,False,0.7436238343207358,0.9441822984137316,0.8583673136642748,-0.9152268928201118,-0.6998519039176643,0.6401916810942508,0.8797441543621088,0.5631935618696358,1.6755229448455879e-15,17.62170968597708,42
0.5,5,144,1,1,1042,broad_xyz,22.359644512058754,False,0.6556924589886637,0.9270002365563483,0.8211015062428082,-0.8253027592146336,-0.6207742114474608,0.35295504097828734,0.9022127410926672,0.558748352566131,1.6755229448455879e-15,17.62170968597708,42
0.55,5,144,1,1,1042,broad_xyz,22.359644512058754,False,0.6138748951222931,0.8684666194393665,0.7957378045673158,-0.6538567399570763,-0.6266369935353358,-0.23136933890183228,0.9136099028150877,0.5807656549011935,1.6755229448455879e-15,17.62170968597708,42
0.6,5,144,1,1,1042,broad_xyz,22.359644512058754,False,0.6220765702021339,0.8711987688346766,0.8368697641151397,-0.522904538849607,-0.7448028458711259,-0.5277953251625217,0.9176429949529894,0.617112906367292,1.6755229448455879e-15,17.62170968597708,42
0.6499999999999999,5,144,1,1,1042,broad_xyz,22.359644512058754,False,0.6234011787277155,0.9108173754056119,0.8814058338315245,-0.30262880365277006,-0.8176012224383038,-0.5794198679568051,0.896640774319793,0.6229523510612962,1.6755229448455879e-15,17.62170968597708,42
0.7,5,144,1,1,1042,broad_xyz,22.359644512058754,False,0.6143136771502722,0.9273161168952497,0.8866435791245934,0.04529287839038033,-0.8483605929739452,-0.6045027697300001,0.8876100901411226,0.5791078351129009,1.6755229448455879e-15,17.62170968597708,42
0.725,5,144,1,1,1042,broad_xyz,22.359644512058754,False,0.6099469454119956,0.9204342822497332,0.8757794611182761,0.17030273233170903,-0.8590269278239628,-0.6063686053640553,0.8666795634029576,0.5436478899958086,1.6755229448455879e-15,17.62170968597708,42
0.75,5,144,1,1,1042,broad_xyz,22.359644512058754,False,0.6110750791627353,0.90542819054016,0.8602319953007733,0.23987683238203905,-0.8640268177249958,-0.5987973918555554,0.8427839750155497,0.504839364381652,1.6755229448455879e-15,17.62170968597708,42
0.775,5,144,1,1,1042,broad_xyz,22.359644512058754,False,0.6218725402812534,0.8862506101761062,0.8450780709896893,0.27382080695086,-0.8627157973589921,-0.583368407329299,0.8219953636148805,0.46684739006222364,1.6755229448455879e-15,17.62170968597708,42
0.8,5,144,1,1,1042,broad_xyz,22.359644512058754,False,0.6412057110173869,0.8668766857485639,0.8343557214403098,0.29121891493307733,-0.8550562538496662,-0.5649814593097324,0.7940092788630908,0.43260825635345235,1.6755229448455879e-15,17.62170968597708,42
0.825,5,144,1,1,1042,broad_xyz,22.359644512058754,False,0.6607244933300668,0.8501099417454098,0.829492252825078,0.3033311112751615,-0.8409104888566067,-0.5469164589330098,0.7929425661090066,0.40348675231098213,1.6755229448455879e-15,17.62170968597708,42
0.85,5,144,1,1,1042,broad_xyz,22.359644512058754,False,0.670406126420365,0.8365803671373909,0.8295850741613229,0.3152810977014667,-0.8181752180948471,-0.5308512705694137,0.8070790694419732,0.3798777054643783,1.6755229448455879e-15,17.62170968597708,42
0.875,5,144,1,1,1042,broad_xyz,22.359644512058754,False,0.6600195248210247,0.8233020246571819,0.8311373228292389,0.3251736431551701,-0.7863689417019178,-0.5158992575801147,0.8102921343461702,0.36199980732214043,1.6755229448455879e-15,17.62170968597708,42
0.9,5,144,1,1,1042,broad_xyz,22.359644512058754,False,0.6249024148647743,0.8031645294705527,0.8274626898204986,0.32340156445548085,-0.7571398142177959,-0.5017561619339083,0.7948884956722105,0.35038585418560686,1.6755229448455879e-15,17.62170968597708,42
0.95,5,144,1,1,1042,broad_xyz,22.359644512058754,False,0.4823933559670309,0.7101697820173375,0.7807867023044631,0.2531623688188422,-0.7757588933052519,-0.48034392995276287,0.7964372995201214,0.348579920809862,1.6755229448455879e-15,17.62170968597708,42
1.0,5,144,1,1,1042,broad_xyz,22.359644512058754,False,0.28718631294521096,0.5375024943072287,0.6927217923971046,0.10620660720349688,-0.7342903540215567,-0.4748429125221046,0.8153016090658795,0.3740803924563955,1.6755229448455879e-15,17.62170968597708,42
0.05,5,144,1,1,1043,broad_xyz,22.359644512058754,False,-0.18899615866428623,0.0961496497899717,-0.5680877290940558,-0.5912814363248206,-0.4552752693922808,-0.25950812203969004,0.005288306996433475,0.0009197641576627435,1.6755229448455879e-15,17.62170968597708,43
0.075,5,144,1,1,1043,broad_xyz,22.359644512058754,False,-0.13151578884506726,0.11583413043421599,-0.5659919110151592,-0.5949003184114459,-0.4334120917387178,-0.26434321990695914,0.012345832064876598,0.0022184671928706778,1.6755229448455879e-15,17.62170968597708,43
0.1,5,144,1,1,1043,broad_xyz,22.359644512058754,False,-0.06828236237101655,0.14593210521569167,-0.5694171767674993,-0.6051249245263223,-0.41696490768200584,-0.2830641247293583,0.023268081807573178,0.004451354780271162,1.6755229448455879e-15,17.62170968597708,43
0.125,5,144,1,1,1043,broad_xyz,22.359644512058754,False,0.027217929974262277,0.20865970212614443,-0.5592417183102543,-0.609658161463941,-0.40207890856979556,-0.3490040085347438,0.03938773333628183,0.008634074712650004,1.6755229448455879e-15,17.62170968597708,43
0.15,5,144,1,1,1043,broad_xyz,22.359644512058754,False,0.13159126341699143,0.29988151532238405,-0.5268425684583536,-0.6000255432835292,-0.3727396979623487,-0.4516589253536942,0.06139171634593804,0.016749795135230637,1.6755229448455879e-15,17.62170968597708,43
0.1625,5,144,1,1,1043,broad_xyz,22.359644512058754,False,0.1619896716270658,0.3442581142026253,-0.5062203569098115,-0.5914605266142087,-0.35231191085388075,-0.4929343123150101,0.07500713743311749,0.022950053226755147,1.6755229448455879e-15,17.62170968597708,43
0.175,5,144,1,1,1043,broad_xyz,22.359644512058754,False,0.17688833691428246,0.3845499436953727,-0.4784881766692663,-0.5768442913027496,-0.3293867341102577,-0.5251458614761356,0.09061478610437046,0.031134411196880565,1.6755229448455879e-15,17.62170968597708,43
0.1875,5,144,1,1,1043,broad_xyz,22.359644512058754,False,0.1796172222229532,0.42310771121670193,-0.4437087607419742,-0.5552491907413296,-0.30308577792900404,-0.5372175345504261,0.1084407167524107,0.04158368637398905,1.6755229448455879e-15,17.62170968597708,43
0.2,5,144,1,1,1043,broad_xyz,22.359644512058754,False,0.1782031967649651,0.4608830467031357,-0.3851590803775192,-0.5126779365889883,-0.2770319841646882,-0.5314521668074532,0.12839332386837365,0.05516156928524975,1.6755229448455879e-15,17.62170968597708,43
0.2125,5,144,1,1,1043,broad_xyz,22.359644512058754,False,0.17106456261775,0.48704235011291463,-0.2991700727453211,-0.4463984685397409,-0.2624366973028704,-0.4981098246231916,0.14972061713416798,0.07189844482174725,1.6755229448455879e-15,17.62170968597708,43
0.225,5,144,1,1,1043,broad_xyz,22.359644512058754,False,0.17115965935310065,0.508040880221311,-0.20280928776280974,-0.3725145742137992,-0.2724236764262542,-0.443416017525855,0.17214581404205173,0.09092462799793702,1.6755229448455879e-15,17.62170968597708,43
0.2375,5,144,1,1,1043,broad_xyz,22.359644512058754,False,0.18359051375280006,0.5250633872106856,-0.10471987318404773,-0.2998221636933697,-0.30460565759361025,-0.37055065464437686,0.19534975850649147,0.11163424808269312,1.6755229448455879e-15,17.62170968597708,43
0.25,5,144,1,1,1043,broad_xyz,22.359644512058754,False,0.22081513981698012,0.5486404004728209,-0.009578122166121592,-0.23230894196677254,-0.3473633621265338,-0.29389644204561854,0.2195319008364572,0.13322693664619678,1.6755229448455879e-15,17.62170968597708,43
0.27,5,144,1,1,1043,broad_xyz,22.359644512058754,False,0.3274582006569329,0.6023033712607272,0.12462643718171157,-0.14589035781984072,-0.4141277771994244,-0.1750287410088184,0.26281638616997904,0.16822011150524607,1.6755229448455879e-15,17.62170968597708,43
0.29,5,144,1,1,1043,broad_xyz,22.359644512058754,False,0.46753125435714804,0.6710579542084513,0.2269317729297774,-0.09758011680354128,-0.45706128017987574,-0.07005185905542145,0.33667947107926877,0.20170751099126127,1.6755229448455879e-15,17.62170968597708,43
0.31,5,144,1,1,1043,broad_xyz,22.359644512058754,False,0.602773840176755,0.7423179571302929,0.2930897397816866,-0.09815618352872116,-0.46716227021199064,0.014077173962736285,0.4089551133242212,0.23156119880833265,1.6755229448455879e-15,17.62170968597708,43
0.33,5,144,1,1,1043,broad_xyz,22.359644512058754,False,0.7049252603329771,0.8024782729318353,0.32442438909461135,-0.1545836955631626,-0.45078179036396165,0.07179049926595522,0.47379705748091444,0.25624772335507306,1.6755229448455879e-15,17.62170968597708,43
0.35,5,144,1,1,1043,broad_xyz,22.359644512058754,False,0.7636258257623494,0.8428193113739021,0.3276548828321688,-0.2625909972246976,-0.4195317970064246,0.11028743286099035,0.5260356364176729,0.2752269104281,1.6755229448455879e-15,17.62170968597708,43
0.37,5,144,1,1,1043,broad_xyz,22.359644512058754,False,0.7805676323580241,0.8596913759567449,0.3177787921852272,-0.3959794601606445,-0.39993389217393754,0.14935738133309592,0.5621155507032376,0.2896390930099286,1.6755229448455879e-15,17.62170968597708,43
0.39,5,144,1,1,1043,broad_xyz,22.359644512058754,False,0.766309006916679,0.8576916469318518,0.3100532766170621,-0.5166456827494129,-0.40716906972846295,0.18776744129279307,0.591098874034102,0.3012989779822884,1.6755229448455879e-15,17.62170968597708,43
0.41000000000000003,5,144,1,1,1043,broad_xyz,22.359644512058754,False,0.7287878614339943,0.8445621869600761,0.30272792140213134,-0.6094333012670917,-0.4356308363146516,0.22241824408729327,0.6082448199991916,0.31113047833936597,1.6755229448455879e-15,17.62170968597708,43
0.43,5,144,1,1,1043,broad_xyz,22.359644512058754,False,0.6730585090391717,0.8199389769364073,0.290972704931864,-0.6768118070156522,-0.4760219773671309,0.2482052927615629,0.6108669093737025,0.3191555645294017,1.6755229448455879e-15,17.62170968597708,43
0.45,5,144,1,1,1043,broad_xyz,22.359644512058754,False,0.6242048643474908,0.782679117055625,0.27519713288081576,-0.7254545762574004,-0.5179846899493239,0.26141478932175344,0.6151933063474366,0.32570262177622067,1.6755229448455879e-15,17.62170968597708,43
0.5,5,144,1,1,1043,broad_xyz,22.359644512058754,False,0.5053089521329527,0.6589003609669063,0.24411906149765775,-0.7868738349154528,-0.5643147138249941,0.2047647297264899,0.6329553029394364,0.3414289492227645,1.6755229448455879e-15,17.62170968597708,43
0.55,5,144,1,1,1043,broad_xyz,22.359644512058754,False,0.3928575186970687,0.5399564273403599,0.2609373730667913,-0.7586173595145078,-0.6132337956359445,0.055705816499267806,0.6822199018664616,0.371568428041957,1.6755229448455879e-15,17.62170968597708,43
0.6,5,144,1,1,1043,broad_xyz,22.359644512058754,False,0.38603291579345544,0.5154537642837907,0.34664211327773153,-0.6455761943195798,-0.6741610792099757,-0.10142494355326806,0.7266717445687156,0.4110349533628702,1.6755229448455879e-15,17.62170968597708,43
0.6499999999999999,5,144,1,1,1043,broad_xyz,22.359644512058754,False,0.4918771964303844,0.6283478472107964,0.5097505544568977,-0.4268188561704078,-0.7053487069522034,-0.3448429695034632,0.7641741991185971,0.43157201969109105,1.6755229448455879e-15,17.62170968597708,43
0.7,5,144,1,1,1043,broad_xyz,22.359644512058754,False,0.5637853463465222,0.7235822358605745,0.6750527001180759,-0.15925531442085109,-0.7533588524905261,-0.5256073023948872,0.7612690796914421,0.42264969190148727,1.6755229448455879e-15,17.62170968597708,43
0.725,5,144,1,1,1043,broad_xyz,22.359644512058754,False,0.5934517699638617,0.7473261249259529,0.7377790353991911,-0.006478809068805113,-0.7802814765124343,-0.5607832862194465,0.7349612567990547,0.4102498356815784,1.6755229448455879e-15,17.62170968597708,43
0.75,5,144,1,1,1043,broad_xyz,22.359644512058754,False,0.6237292760407562,0.7582497434621113,0.7838323950999196,0.14296401807420495,-0.8018357701542452,-0.5684538195469023,0.7838166547337447,0.39591581973049844,1.6755229448455879e-15,17.62170968597708,43
0.775,5,144,1,1,1043,broad_xyz,22.359644512058754,False,0.6444624059398115,0.7576133690492982,0.8129631117647983,0.25841713602479727,-0.8128856084688779,-0.5597623854425916,0.8232166547028013,0.3820412200440424,1.6755229448455879e-15,17.62170968597708,43
0.8,5,144,1,1,1043,broad_xyz,22.359644512058754,False,0.6414430898120507,0.7455995458914008,0.8285438738182006,0.3293776266650686,-0.8107469060517172,-0.542512944847729,0.8440043841310483,0.3706464462730539,1.6755229448455879e-15,17.62170968597708,43
0.825,5,144,1,1,1043,broad_xyz,22.359644512058754,False,0.6090736962723671,0.7247344250330517,0.8361391027225807,0.3692142766617657,-0.7879475063831789,-0.523200437376035,0.8472376344116214,0.36279076870868565,1.6755229448455879e-15,17.62170968597708,43
0.85,5,144,1,1,1043,broad_xyz,22.359644512058754,False,0.549149806905399,0.6995795287583018,0.8406768035229951,0.39307851659062426,-0.7452338952562734,-0.5049068476926535,0.8566031135798552,0.3585190323692947,1.6755229448455879e-15,17.62170968597708,43
0.875,5,144,1,1,1043,broad_xyz,22.359644512058754,False,0.4870813835439271,0.6745669108662748,0.8440249927194549,0.4065067645111467,-0.6925052607941173,-0.4877479858497478,0.8578910888685085,0.35718408750878017,1.6755229448455879e-15,17.62170968597708,43
0.9,5,144,1,1,1043,broad_xyz,22.359644512058754,False,0.4385312179678704,0.6520682153652961,0.8450258605226338,0.4077358346604934,-0.6419960633815679,-0.4711775361789845,0.8483299091642822,0.3580050500639913,1.6755229448455879e-15,17.62170968597708,43
0.95,5,144,1,1,1043,broad_xyz,22.359644512058754,False,0.3921763019883219,0.6141365829301261,0.830737166746523,0.3579336126286822,-0.7017670474322867,-0.4454007234887449,0.8148213006109772,0.3640730563467015,1.6755229448455879e-15,17.62170968597708,43
1.0,5,144,1,1,1043,broad_xyz,22.359644512058754,False,0.39615061745046304,0.5829752295899628,0.7949945214751376,0.2291160250151397,-0.7929587819565658,-0.4381924272121145,0.8340587575060412,0.37214371767224635,1.6755229448455879e-15,17.62170968597708,43
0.05,5,144,1,1,1044,broad_xyz,22.359644512058754,False,0.04016410271025431,0.39701381398831215,-0.21971628850435893,-0.2775279348681687,-0.09036949127379348,-0.15258470704488636,0.010959433223629335,0.0025866184208373955,1.6755229448455879e-15,17.62170968597708,44
0.075,5,144,1,1,1044,broad_xyz,22.359644512058754,False,0.12134257943989968,0.39443029499848703,-0.17241304742869512,-0.25165776875907164,-0.04888152870683332,-0.14421822816655092,0.027036026100500002,0.006341070925165647,1.6755229448455879e-15,17.62170968597708,44
0.1,5,144,1,1,1044,broad_xyz,22.359644512058754,False,0.23226540026131154,0.40168832721379466,-0.10759611857991457,-0.21398457113119101,-0.0017242181061829028,-0.1559222231791693,0.05298826773482266,0.012537769458794732,1.6755229448455879e-15,17.62170968597708,44
0.125,5,144,1,1,1044,broad_xyz,22.359644512058754,False,0.34831670336095055,0.40968511590401563,-0.03136963287567651,-0.16802469229137496,0.04540213843073786,-0.17920291931043084,0.09146813101018975,0.02199854668771398,1.6755229448455879e-15,17.62170968597708,44
0.15,5,144,1,1,1044,broad_xyz,22.359644512058754,False,0.4229725479565503,0.4218516168176876,0.053360286055159134,-0.11337761391773918,0.09023648100045129,-0.20586460363676962,0.14326794419648575,0.03603256349954881,1.6755229448455879e-15,17.62170968597708,44
0.1625,5,144,1,1,1044,broad_xyz,22.359644512058754,False,0.44200060771154587,0.44201133544244675,0.10747206983034206,-0.0739450225292224,0.12187067080852347,-0.22028575405290698,0.1738008912643157,0.045945070517292144,1.6755229448455879e-15,17.62170968597708,44
0.175,5,144,1,1,1044,broad_xyz,22.359644512058754,False,0.46956982353257776,0.4865736390948923,0.17427718382613105,-0.01949996147638857,0.16273240877475548,-0.22805394191680783,0.20701750979114417,0.05927455419264533,1.6755229448455879e-15,17.62170968597708,44
0.1875,5,144,1,1,1044,broad_xyz,22.359644512058754,False,0.5400898628534636,0.5550567904429412,0.2808887063455016,0.07723564240237482,0.2172891763436464,-0.2188992290661002,0.24444223294046752,0.07788906872067299,1.6755229448455879e-15,17.62170968597708,44
0.2,5,144,1,1,1044,broad_xyz,22.359644512058754,False,0.6204842338181286,0.6075184946058116,0.4100147576648108,0.2013660705037666,0.2093661138814969,-0.18286029883668387,0.2872956270344302,0.10119092194148586,1.6755229448455879e-15,17.62170968597708,44
0.2125,5,144,1,1,1044,broad_xyz,22.359644512058754,False,0.685967404863073,0.6295358267734606,0.5463742114306112,0.3380832012383404,0.002833468998696819,-0.12271660994877663,0.3322189971933329,0.12867629486182655,1.6755229448455879e-15,17.62170968597708,44
0.225,5,144,1,1,1044,broad_xyz,22.359644512058754,False,0.72318872192284,0.6202742448122085,0.6707304221804488,0.46630068353232385,-0.37466588264117134,-0.04638992681450602,0.37821185132246626,0.15941379020501104,1.6755229448455879e-15,17.62170968597708,44
0.2375,5,144,1,1,1044,broad_xyz,22.359644512058754,False,0.7404357489425406,0.5986079644153264,0.7617039434508595,0.5581141181682973,-0.6282907025287859,0.03401125745062805,0.42412416009282683,0.19165545408830498,1.6755229448455879e-15,17.62170968597708,44
0.25,5,144,1,1,1044,broad_xyz,22.359644512058754,False,0.7506168756238792,0.5797393872762878,0.8191419637018561,0.6071383915987799,-0.755932771237244,0.11327951505028265,0.46870427782804364,0.22388080883963424,1.6755229448455879e-15,17.62170968597708,44
0.27,5,144,1,1,1044,broad_xyz,22.359644512058754,False,0.7677359968304681,0.5677954837586552,0.8643635027629423,0.6109508341354214,-0.84282814623615,0.23922469210011424,0.5340372822408832,0.27232187095485455,1.6755229448455879e-15,17.62170968597708,44
0.29,5,144,1,1,1044,broad_xyz,22.359644512058754,False,0.792934587111813,0.5856131987858192,0.874562612726724,0.5429773744840841,-0.8575443610803171,0.3618595294849518,0.5894718772527527,0.31263454821337,1.6755229448455879e-15,17.62170968597708,44
0.31,5,144,1,1,1044,broad_xyz,22.359644512058754,False,0.8228491354829237,0.6357586240365846,0.8598253472333474,0.4264041873237974,-0.8177985669458164,0.4676431429776599,0.6264259956673595,0.34077037504481855,1.6755229448455879e-15,17.62170968597708,44
0.33,5,144,1,1,1044,broad_xyz,22.359644512058754,False,0.8470354513303539,0.7147033971476048,0.8158196511674489,0.2741487186728135,-0.710019302362451,0.5396910600794307,0.644744431655527,0.35437401290210807,1.6755229448455879e-15,17.62170968597708,44
0.35,5,144,1,1,1044,broad_xyz,22.359644512058754,False,0.8470998214532834,0.8033686830578733,0.7283105603911196,0.07557224444105577,-0.5241946262623601,0.5669691809785816,0.6476163511336042,0.3534149987346973,1.6755229448455879e-15,17.62170968597708,44
0.37,5,144,1,1,1044,broad_xyz,22.359644512058754,False,0.791675090841307,0.8555394668041048,0.616150268820579,-0.1354627718327227,-0.3098728637487231,0.5499452493913242,0.6409985242840263,0.34249017013864486,1.6755229448455879e-15,17.62170968597708,44
0.39,5,144,1,1,1044,broad_xyz,22.359644512058754,False,0.6924441981493342,0.8536500025805017,0.5423624099256645,-0.2743584070030389,-0.18817287185085216,0.5122029679520407,0.6317211694276004,0.33057548250839736,1.6755229448455879e-15,17.62170968597708,44
0.41000000000000003,5,144,1,1,1044,broad_xyz,22.359644512058754,False,0.5912912025534487,0.8257602456731181,0.5018494747403665,-0.3588850469353329,-0.15330183902350536,0.4747760004796455,0.6622993462171411,0.32205844508608167,1.6755229448455879e-15,17.62170968597708,44
0.43,5,144,1,1,1044,broad_xyz,22.359644512058754,False,0.5181144293633527,0.7946801778343026,0.4894883589307609,-0.40416677112278027,-0.16935065326351623,0.4564521093507511,0.7173876332167892,0.32000586589952223,1.6755229448455879e-15,17.62170968597708,44
0.45,5,144,1,1,1044,broad_xyz,22.359644512058754,False,0.49823357542898716,0.7795166366559583,0.5070107054175922,-0.41766582282821246,-0.20735239707827124,0.4688751845004034,0.7557339323378955,0.3271645221876284,1.6755229448455879e-15,17.62170968597708,44
0.5,5,144,1,1,1044,broad_xyz,22.359644512058754,False,0.6259575708025372,0.8017207091282811,0.6273513595261954,-0.3685515043664093,-0.30678655711470915,0.5509062851449232,0.7720820490258073,0.38311514220368426,1.6755229448455879e-15,17.62170968597708,44
0.55,5,144,1,1,1044,broad_xyz,22.359644512058754,False,0.7234554759208093,0.755549198578599,0.7517949020027493,-0.2552898413649635,-0.5956978094642521,0.4973184438670676,0.8190711453560304,0.4526171509746799,1.6755229448455879e-15,17.62170968597708,44
0.6,5,144,1,1,1044,broad_xyz,22.359644512058754,False,0.6211399548919292,0.6699711982311841,0.7780339354928789,-0.18616284980016512,-0.7668684731735315,0.3422714226002162,0.8438876541599143,0.4672349808677861,1.6755229448455879e-15,17.62170968597708,44
0.6499999999999999,5,144,1,1,1044,broad_xyz,22.359644512058754,False,0.48924190169644405,0.6628140910941352,0.7327144035769539,-0.13905931406080396,-0.7781303675652995,0.1163862926602902,0.824122832480816,0.4287482819516822,1.6755229448455879e-15,17.62170968597708,44
0.7,5,144,1,1,1044,broad_xyz,22.359644512058754,False,0.46708749112952896,0.6732886395760557,0.7044614134692013,-0.11558051944429529,-0.7889411899771296,-0.06603267928783779,0.7720347048110643,0.38781693429117775,1.6755229448455879e-15,17.62170968597708,44
0.725,5,144,1,1,1044,broad_xyz,22.359644512058754,False,0.48864819570140466,0.6695501985347483,0.7109407520031156,-0.07560405557101131,-0.7951063509609657,-0.11035508341762129,0.7520855711542005,0.37340687796841726,1.6755229448455879e-15,17.62170968597708,44
0.75,5,144,1,1,1044,broad_xyz,22.359644512058754,False,0.5199046810008378,0.668427214733696,0.7220234866901417,1.3054130375803124e-05,-0.7843840312261435,-0.14115304261283249,0.6994104252648262,0.3603284749340508,1.6755229448455879e-15,17.62170968597708,44
0.775,5,144,1,1,1044,broad_xyz,22.359644512058754,False,0.5523693088802143,0.6739605807475291,0.7357501234943651,0.11481914381451541,-0.7570414263083057,-0.1746465327587022,0.680507408184611,0.3464313779805137,1.6755229448455879e-15,17.62170968597708,44
0.8,5,144,1,1,1044,broad_xyz,22.359644512058754,False,0.5644154738508922,0.6869161141706167,0.7521359320976586,0.25174829966910633,-0.7067746531084602,-0.21983148521709603,0.6725935353768292,0.331405302075062,1.6755229448455879e-15,17.62170968597708,44
0.825,5,144,1,1,1044,broad_xyz,22.359644512058754,False,0.5384685376341465,0.7021684221714324,0.7672635430237167,0.3784597640631321,-0.6319209462869005,-0.27872018292169204,0.648090510166164,0.3170848294329449,1.6755229448455879e-15,17.62170968597708,44
0.85,5,144,1,1,1044,broad_xyz,22.359644512058754,False,0.4881776791067564,0.7068903417607979,0.7716794068975636,0.45895791547898607,-0.5503281832159854,-0.3306504206701886,0.6147201652935601,0.3073097675410021,1.6755229448455879e-15,17.62170968597708,44
0.875,5,144,1,1,1044,broad_xyz,22.359644512058754,False,0.4530447742482672,0.706065304594203,0.7736293649588039,0.4982003477190803,-0.4910360418598431,-0.354756302466491,0.6126864799331623,0.30694005767511295,1.6755229448455879e-15,17.62170968597708,44
0.9,5,144,1,1,1044,broad_xyz,22.359644512058754,False,0.4629165581995948,0.709840349327591,0.7856348491499533,0.5181673928015887,-0.48931631124155367,-0.3432422525314355,0.6242727085125654,0.31840864452488404,1.6755229448455879e-15,17.62170968597708,44
0.95,5,144,1,1,1044,broad_xyz,22.359644512058754,False,0.5755143272127266,0.7314588015886251,0.8291905918400831,0.5275036756109789,-0.7074674908648322,-0.28480671054473217,0.6769744160364946,0.3627117768133319,1.6755229448455879e-15,17.62170968597708,44
1.0,5,144,1,1,1044,broad_xyz,22.359644512058754,False,0.6093444216074851,0.6954836034847491,0.7867224467903404,0.31607560686108954,-0.795259728020095,-0.23788451477660585,0.7286291919685045,0.40080857496912764,1.6755229448455879e-15,17.62170968597708,44
0.05,5,144,1,1,1045,broad_xyz,22.359644512058754,False,0.06794829188272755,0.6109938359975342,-0.5701356349258122,-0.7143567037508489,-0.3753654189081915,0.16704645171510693,0.007189651498931925,0.001986068606826678,1.6755229448455879e-15,17.62170968597708,45
0.075,5,144,1,1,1045,broad_xyz,22.359644512058754,False,0.18343166543012127,0.6344569888198393,-0.52012578217514,-0.6932409323562413,-0.35351142156386867,0.24116568164926494,0.01576468756314042,0.00461921130124836,1.6755229448455879e-15,17.62170968597708,45
0.1,5,144,1,1,1045,broad_xyz,22.359644512058754,False,0.3401210171439077,0.6756178038686566,-0.44234570419679914,-0.6482961178749272,-0.3263455993310912,0.3124422246853649,0.02671798211177658,0.008691906308947804,1.6755229448455879e-15,17.62170968597708,45
0.125,5,144,1,1,1045,broad_xyz,22.359644512058754,False,0.48681663824628385,0.7146906421880295,-0.34237386051024343,-0.5852397419780586,-0.2912015491048798,0.3752779262906465,0.03949939448613232,0.014543621064491356,1.6755229448455879e-15,17.62170968597708,45
0.15,5,144,1,1,1045,broad_xyz,22.359644512058754,False,0.5923211937915845,0.7386741662903242,-0.2332303974264133,-0.5161132780544937,-0.24737476476313694,0.40968769045710224,0.059348093594754306,0.022788973321877473,1.6755229448455879e-15,17.62170968597708,45
0.1625,5,144,1,1,1045,broad_xyz,22.359644512058754,False,0.6217170440920449,0.743079501851921,-0.18322795649742626,-0.4871819563586157,-0.22795922215762088,0.416381058159913,0.07868463047708993,0.02797343711780029,1.6755229448455879e-15,17.62170968597708,45
0.175,5,144,1,1,1045,broad_xyz,22.359644512058754,False,0.637520177035126,0.7444062017189784,-0.1387140571778042,-0.464552828243236,-0.21355166858278957,0.419611746079001,0.10108909649844934,0.03394115542620937,1.6755229448455879e-15,17.62170968597708,45
0.1875,5,144,1,1,1045,broad_xyz,22.359644512058754,False,0.6441244479280377,0.7444873811685243,-0.09971445527414431,-0.4484885083905418,-0.20709334220035366,0.4221599079354868,0.12619796344542733,0.04077397129707521,1.6755229448455879e-15,17.62170968597708,45
0.2,5,144,1,1,1045,broad_xyz,22.359644512058754,False,0.6456094940247178,0.744739806481751,-0.06587892596377445,-0.4381297069397335,-0.21061603357426278,0.4227449874998265,0.15341291700713222,0.048497904810478755,1.6755229448455879e-15,17.62170968597708,45
0.2125,5,144,1,1,1045,broad_xyz,22.359644512058754,False,0.6426718638952544,0.7442643269045748,-0.03697354535853357,-0.43290716239298876,-0.22650423498014471,0.42062394220797794,0.1819076871382343,0.05723511836060445,1.6755229448455879e-15,17.62170968597708,45
0.225,5,144,1,1,1045,broad_xyz,22.359644512058754,False,0.6395112292617915,0.746399062635626,-0.012348948603148424,-0.43233586072667407,-0.24813914597058517,0.4207404784450955,0.21065558192126999,0.06704811875799965,1.6755229448455879e-15,17.62170968597708,45
0.2375,5,144,1,1,1045,broad_xyz,22.359644512058754,False,0.6412159201248571,0.7526842478667399,0.01102108195669551,-0.4338466354082542,-0.27069146774830405,0.4258750267438314,0.23847790899868365,0.07782677240024918,1.6755229448455879e-15,17.62170968597708,45
0.25,5,144,1,1,1045,broad_xyz,22.359644512058754,False,0.6456558036539182,0.7614645639560764,0.0319459640634478,-0.4383085832600136,-0.2931898697802173,0.43353175254137355,0.26589305058749185,0.08925548200064858,1.6755229448455879e-15,17.62170968597708,45
0.27,5,144,1,1,1045,broad_xyz,22.359644512058754,False,0.6705527576075533,0.7849094383979901,0.06711212695454244,-0.4470176070377943,-0.3123558238871891,0.45656569088714255,0.30831497617023473,0.10876817950557854,1.6755229448455879e-15,17.62170968597708,45
0.29,5,144,1,1,1045,broad_xyz,22.359644512058754,False,0.7158694935717417,0.8149303047645575,0.104225660693622,-0.4605604121129371,-0.3088692901854474,0.4888955762621086,0.34003936672253504,0.12889140009286115,1.6755229448455879e-15,17.62170968597708,45
0.31,5,144,1,1,1045,broad_xyz,22.359644512058754,False,0.7637124705058449,0.8432550066811174,0.14123137036766434,-0.48334936079376173,-0.31712527475321045,0.5239671518861413,0.3568598142049992,0.14866820822185045,1.6755229448455879e-15,17.62170968597708,45
0.33,5,144,1,1,1045,broad_xyz,22.359644512058754,False,0.7986310703508531,0.8637805498227856,0.1753970609498688,-0.5176910131585938,-0.33999351294996144,0.5554397171648254,0.36327763908319777,0.1675575186654951,1.6755229448455879e-15,17.62170968597708,45
0.35,5,144,1,1,1045,broad_xyz,22.359644512058754,False,0.805725272743388,0.873289050901564,0.20449757880433903,-0.5608740454484761,-0.3752430542332755,0.5777846468739735,0.3951072558757748,0.18535039535825903,1.6755229448455879e-15,17.62170968597708,45
0.37,5,144,1,1,1045,broad_xyz,22.359644512058754,False,0.7794403901286322,0.8733081400047947,0.22892509482172455,-0.6050315276609008,-0.41603690747424465,0.5888393599750378,0.4366485094641731,0.2021022473620533,1.6755229448455879e-15,17.62170968597708,45
0.39,5,144,1,1,1045,broad_xyz,22.359644512058754,False,0.7295375698540477,0.8685399082805095,0.25163491486485134,-0.6416910085948049,-0.44754731105965206,0.5887569545978663,0.47414860409602044,0.21805952443211563,1.6755229448455879e-15,17.62170968597708,45
0.41000000000000003,5,144,1,1,1045,broad_xyz,22.359644512058754,False,0.6751722797480433,0.8628675163899514,0.27617777004143335,-0.6663599532936365,-0.4593400062230552,0.5781268821393278,0.5072717577363149,0.23353642684983342,1.6755229448455879e-15,17.62170968597708,45
0.43,5,144,1,1,1045,broad_xyz,22.359644512058754,False,0.632473881848509,0.8579569341842436,0.3065490214184097,-0.6775091997878782,-0.45886919817510885,0.5564083582980109,0.5312294351182079,0.24908517993064036,1.6755229448455879e-15,17.62170968597708,45
0.45,5,144,1,1,1045,broad_xyz,22.359644512058754,False,0.6107686346289902,0.8538068289277747,0.3436412449656355,-0.6767964588552985,-0.4493496888337989,0.5217708765358428,0.5464607822679552,0.2651113026127005,1.6755229448455879e-15,17.62170968597708,45
0.5,5,144,1,1,1045,broad_xyz,22.359644512058754,False,0.6464038406096114,0.8386679495280956,0.4563739862402272,-0.6455963002252516,-0.44486541095350834,0.36472994301379025,0.5552564085455372,0.30859863999124887,1.6755229448455879e-15,17.62170968597708,45
0.55,5,144,1,1,1045,broad_xyz,22.359644512058754,False,0.7297117434811905,0.8126490583300707,0.5670083850208795,-0.6187195674742765,-0.5863528800003759,0.05780142688072387,0.6783925732318798,0.35136926690667114,1.6755229448455879e-15,17.62170968597708,45
0.6,5,144,1,1,1045,broad_xyz,22.359644512058754,False,0.7454491286123655,0.7870588482150241,0.6831333704456517,-0.5747118078309014,-0.724647377815641,-0.297132037463551,0.8222953835553827,0.3761179466589382,1.6755229448455879e-15,17.62170968597708,45
0.6499999999999999,5,144,1,1,1045,broad_xyz,22.359644512058754,False,0.7161399565592032,0.7502898924087281,0.7766528164071587,-0.4590314941782401,-0.7991728676980903,-0.37580733885756984,0.8290981611492991,0.3757863309894527,1.6755229448455879e-15,17.62170968597708,45
0.7,5,144,1,1,1045,broad_xyz,22.359644512058754,False,0.6350955206448399,0.7207428280004401,0.8257991631780905,-0.23450295938812782,-0.8031876083057596,-0.3389646956609449,0.7559601549673336,0.36340614391901166,1.6755229448455879e-15,17.62170968597708,45
0.725,5,144,1,1,1045,broad_xyz,22.359644512058754,False,0.6362925684714891,0.7300191946316921,0.8443438491207003,-0.04895838427965129,-0.8023449445743717,-0.33632312506594353,0.7260627535497658,0.3582646726272065,1.6755229448455879e-15,17.62170968597708,45
0.75,5,144,1,1,1045,broad_xyz,22.359644512058754,False,0.6703806970823029,0.757145328002672,0.8580513274983326,0.16631456610711295,-0.795393298358008,-0.34867229392474514,0.6829829043119937,0.35494028933733635,1.6755229448455879e-15,17.62170968597708,45
0.775,5,144,1,1,1045,broad_xyz,22.359644512058754,False,0.6858931088166934,0.7902459178160182,0.8586380896116662,0.33992489503302975,-0.7736080311886295,-0.36707381998979394,0.6542284471908877,0.3524742431702534,1.6755229448455879e-15,17.62170968597708,45
0.8,5,144,1,1,1045,broad_xyz,22.359644512058754,False,0.6464943708451663,0.817337020469115,0.8458604029197098,0.4318232429378029,-0.7391532413717734,-0.38316073616970875,0.6331702896525444,0.34931744128181236,1.6755229448455879e-15,17.62170968597708,45
0.825,5,144,1,1,1045,broad_xyz,22.359644512058754,False,0.589165746119255,0.836569953962237,0.8330963113689788,0.47307858566820643,-0.6845238443005622,-0.3920924575105863,0.6377035685233501,0.3445360771312765,1.6755229448455879e-15,17.62170968597708,45
0.85,5,144,1,1,1045,broad_xyz,22.359644512058754,False,0.547483984588894,0.8500829592221909,0.8326316260227571,0.5016812496092384,-0.594890951730227,-0.39466504098221117,0.6468445173406518,0.3386768458974301,1.6755229448455879e-15,17.62170968597708,45
0.875,5,144,1,1,1045,broad_xyz,22.359644512058754,False,0.5302307733298117,0.853371627327797,0.8420828878716756,0.5224135397164511,-0.4714406519279066,-0.39374341477634195,0.6227477098742683,0.33386569671615907,1.6755229448455879e-15,17.62170968597708,45
0.9,5,144,1,1,1045,broad_xyz,22.359644512058754,False,0.5002162276769101,0.8366356487728347,0.8467521738381539,0.5188291428109415,-0.37328072146532415,-0.3930742742252495,0.6657118925274874,0.3331695864120552,1.6755229448455879e-15,17.62170968597708,45
0.95,5,144,1,1,1045,broad_xyz,22.359644512058754,False,0.35979253797977423,0.7505158281978087,0.8210200894899314,0.4411146732815953,-0.48916078370229704,-0.4009784645271955,0.7238448101888411,0.35101780325789284,1.6755229448455879e-15,17.62170968597708,45
1.0,5,144,1,1,1045,broad_xyz,22.359644512058754,False,0.2820790418384706,0.6898237946720183,0.8086533353690384,0.39997227028379573,-0.6840115699772302,-0.42039710606013936,0.7218061781662046,0.3857271847270907,1.6755229448455879e-15,17.62170968597708,45
0.05,5,144,1,1,1046,broad_xyz,22.359644512058754,False,0.17568087214037673,0.3907544007294274,-0.48289284213978306,-0.5077324183444156,-0.46893635670765615,-0.06736041672109803,0.005046448868718738,0.0010023752183262562,1.6755229448455879e-15,17.62170968597708,46
0.075,5,144,1,1,1046,broad_xyz,22.359644512058754,False,0.21630150881360793,0.38923166914409396,-0.4870537328327406,-0.5167659903434284,-0.4917451414951616,-0.0916257174704917,0.011368412566504477,0.002251510694654107,1.6755229448455879e-15,17.62170968597708,46
0.1,5,144,1,1,1046,broad_xyz,22.359644512058754,False,0.20015201520059464,0.3975233584834727,-0.4883001655526134,-0.5239714890919291,-0.5108074884045616,-0.10519742867885894,0.019884180753964944,0.00407622064688586,1.6755229448455879e-15,17.62170968597708,46
0.125,5,144,1,1,1046,broad_xyz,22.359644512058754,False,0.13038479127356037,0.4399433059295972,-0.47254233249948213,-0.5182761393383181,-0.4893712728938611,-0.06317184473785635,0.03068411475324755,0.006856067220213645,1.6755229448455879e-15,17.62170968597708,46
0.15,5,144,1,1,1046,broad_xyz,22.359644512058754,False,0.02677466261895321,0.5033944748222129,-0.39691950066457565,-0.4628605335266154,-0.3412725589438492,0.09782646694985182,0.04326210524473294,0.011500012201930794,1.6755229448455879e-15,17.62170968597708,46
0.1625,5,144,1,1,1046,broad_xyz,22.359644512058754,False,-0.023625898521080768,0.5269469720108358,-0.3365040517414364,-0.4186377863438947,-0.22330487154031195,0.22911456185389636,0.0501506945679436,0.014993104118403662,1.6755229448455879e-15,17.62170968597708,46
0.175,5,144,1,1,1046,broad_xyz,22.359644512058754,False,-0.053476671768518745,0.5304792533271415,-0.27586460537599855,-0.37838218421647785,-0.10928130436799052,0.3616913449610827,0.06429367753010083,0.019393153922744027,1.6755229448455879e-15,17.62170968597708,46
0.1875,5,144,1,1,1046,broad_xyz,22.359644512058754,False,-0.06858601661428373,0.5207285285210036,-0.2187126615359192,-0.34675368004770957,-0.017575720346111576,0.4828662169904402,0.08673052515438914,0.024886427246624248,1.6755229448455879e-15,17.62170968597708,46
0.2,5,144,1,1,1046,broad_xyz,22.359644512058754,False,-0.07092897964871614,0.4973363561285227,-0.17234711432599611,-0.3301364912031764,0.033144223978696034,0.5760521673753263,0.11240454095193818,0.031417103270436404,1.6755229448455879e-15,17.62170968597708,46
0.2125,5,144,1,1,1046,broad_xyz,22.359644512058754,False,-0.07481201119844906,0.45889395001768724,-0.11781911791530655,-0.310718911653205,0.04894464232611139,0.6414470964524369,0.1388779395076832,0.039187897754613135,1.6755229448455879e-15,17.62170968597708,46
0.225,5,144,1,1,1046,broad_xyz,22.359644512058754,False,-0.08806746080036784,0.39491364954495856,-0.04290906231124639,-0.2773627982183935,0.03002589152617905,0.67387938858106,0.16475455186415688,0.04820984471372411,1.6755229448455879e-15,17.62170968597708,46
0.2375,5,144,1,1,1046,broad_xyz,22.359644512058754,False,-0.0797635064880251,0.34408315370533826,0.0026006562382024684,-0.2719956029698826,-0.055509761051306346,0.6775589568436021,0.18852731739066433,0.05755359982373672,1.6755229448455879e-15,17.62170968597708,46
0.25,5,144,1,1,1046,broad_xyz,22.359644512058754,False,-0.05130024067460981,0.31117210989955923,0.02808899894274957,-0.2827681083067087,-0.16871970683089244,0.6681401965746473,0.2087146742860704,0.0669244561629958,1.6755229448455879e-15,17.62170968597708,46
0.27,5,144,1,1,1046,broad_xyz,22.359644512058754,False,0.029607622382066903,0.29313578959062897,0.05303953876112686,-0.3043777674935163,-0.30326898156627036,0.645388065164439,0.2395131755539236,0.08150593121854668,1.6755229448455879e-15,17.62170968597708,46
0.29,5,144,1,1,1046,broad_xyz,22.359644512058754,False,0.14536229255936495,0.3162921233460819,0.08163135300411747,-0.3070333520184963,-0.3446390656769632,0.6228316915552145,0.27170273000654105,0.09487723226999265,1.6755229448455879e-15,17.62170968597708,46
0.31,5,144,1,1,1046,broad_xyz,22.359644512058754,False,0.28094381520524453,0.38313434921932554,0.12920639822687893,-0.27802567128371314,-0.3052377501012469,0.5973819238840402,0.29764286597277967,0.1064160086013387,1.6755229448455879e-15,17.62170968597708,46
0.33,5,144,1,1,1046,broad_xyz,22.359644512058754,False,0.41647473711748056,0.4900210719690752,0.1970095767684765,-0.22437387693294308,-0.2332988306500433,0.5492097886078191,0.3169959551003551,0.11609952459136699,1.6755229448455879e-15,17.62170968597708,46
0.35,5,144,1,1,1046,broad_xyz,22.359644512058754,False,0.5154754672822157,0.5959799959965498,0.2551929200049807,-0.1973981500367098,-0.21354925516349052,0.449809532537709,0.33037534487339915,0.12444602427763216,1.6755229448455879e-15,17.62170968597708,46
0.37,5,144,1,1,1046,broad_xyz,22.359644512058754,False,0.5443538507600224,0.6362109980918238,0.28022657183259747,-0.24755759753941967,-0.2945219624265447,0.3146250993119524,0.34761202464939933,0.13296186882974434,1.6755229448455879e-15,17.62170968597708,46
0.39,5,144,1,1,1046,broad_xyz,22.359644512058754,False,0.5314178493185865,0.6299908447163495,0.29120782345108714,-0.33585798173913,-0.4136463238019501,0.2004358557353461,0.42309746992659647,0.14429835808975325,1.6755229448455879e-15,17.62170968597708,46
0.41000000000000003,5,144,1,1,1046,broad_xyz,22.359644512058754,False,0.510467941466441,0.6192298161772988,0.28307972303217077,-0.4217461073008494,-0.5025555986002104,0.11846729843474313,0.4906105195861624,0.1584209498229713,1.6755229448455879e-15,17.62170968597708,46
0.43,5,144,1,1,1046,broad_xyz,22.359644512058754,False,0.484085101571369,0.6060831394398486,0.26760845187547433,-0.48334508727228875,-0.5664526030931936,0.058140685388925466,0.5437138368408891,0.17435677016159476,1.6755229448455879e-15,17.62170968597708,46
0.45,5,144,1,1,1046,broad_xyz,22.359644512058754,False,0.45407146119149805,0.5976662510590404,0.2588712748208618,-0.5208359881301604,-0.6088897740027515,0.012255431198153555,0.5767004015598066,0.1918586463367651,1.6755229448455879e-15,17.62170968597708,46
0.5,5,144,1,1,1046,broad_xyz,22.359644512058754,False,0.37084525095820764,0.6055409287387664,0.3382668891898749,-0.5199162145768371,-0.6230252519308883,-0.060699824753295266,0.6182043605423564,0.2374397092397053,1.6755229448455879e-15,17.62170968597708,46
0.55,5,144,1,1,1046,broad_xyz,22.359644512058754,False,0.28428641891398343,0.5749201512992909,0.46620181490748336,-0.4316395654289874,-0.553783917417585,-0.09357755474054621,0.6092772519466545,0.27246515021955553,1.6755229448455879e-15,17.62170968597708,46
0.6,5,144,1,1,1046,broad_xyz,22.359644512058754,False,0.33183608607502396,0.5067071694754861,0.5120571903816872,-0.3522253295164651,-0.5238013413103783,-0.1481332281802723,0.650940974635362,0.2936652816258354,1.6755229448455879e-15,17.62170968597708,46
0.6499999999999999,5,144,1,1,1046,broad_xyz,22.359644512058754,False,0.49823192245872044,0.5269131748527925,0.5940016740972107,-0.21757255707217688,-0.6364925853225097,-0.2699980931771559,0.636974677117079,0.30455194920495837,1.6755229448455879e-15,17.62170968597708,46
0.7,5,144,1,1,1046,broad_xyz,22.359644512058754,False,0.5747115974091563,0.5932118900295182,0.6746985125679373,-0.06362408153075783,-0.6317530578125979,-0.34471935494376404,0.5924824238542539,0.311929962277424,1.6755229448455879e-15,17.62170968597708,46
0.725,5,144,1,1,1046,broad_xyz,22.359644512058754,False,0.5311472761142549,0.615223001952199,0.6883393864111502,0.008050454973215567,-0.5890054873426318,-0.3598628426063275,0.5841477540195088,0.315893375808928,1.6755229448455879e-15,17.62170968597708,46
0.75,5,144,1,1,1046,broad_xyz,22.359644512058754,False,0.4742643809388222,0.6303643247929972,0.7011364346680214,0.09734818359160992,-0.5595797546093068,-0.37796407463753956,0.6057182674371719,0.31927579338497264,1.6755229448455879e-15,17.62170968597708,46
0.775,5,144,1,1,1046,broad_xyz,22.359644512058754,False,0.43127044146735527,0.6390478042087385,0.7290237500001083,0.21094288613801462,-0.5697422040187051,-0.40349458477101896,0.6274032883266514,0.32191287478296077,1.6755229448455879e-15,17.62170968597708,46
0.8,5,144,1,1,1046,broad_xyz,22.359644512058754,False,0.4322711440625863,0.631944293231532,0.7601189602629306,0.3156164160716071,-0.5993878970272595,-0.42704241346836624,0.6832182692615467,0.3237435454817985,1.6755229448455879e-15,17.62170968597708,46
0.825,5,144,1,1,1046,broad_xyz,22.359644512058754,False,0.4597212388839922,0.6130503460988549,0.7802435326694134,0.38164033342870235,-0.6133233408550807,-0.43853231697988376,0.7077053601881899,0.32554813492624274,1.6755229448455879e-15,17.62170968597708,46
0.85,5,144,1,1,1046,broad_xyz,22.359644512058754,False,0.4864165742569944,0.5980080963162415,0.7915339659291212,0.417119954367863,-0.6033948152092563,-0.4412121159149916,0.7261604266327618,0.32830638965736875,1.6755229448455879e-15,17.62170968597708,46
0.875,5,144,1,1,1046,broad_xyz,22.359644512058754,False,0.49575529546724073,0.5949293861496169,0.800689834664944,0.44242013252362494,-0.5690813217606152,-0.44019406567747216,0.7550116773803344,0.33178894141549786,1.6755229448455879e-15,17.62170968597708,46
0.9,5,144,1,1,1046,broad_xyz,22.359644512058754,False,0.47768691484680387,0.6025337197626374,0.8121933182837487,0.46935610197374866,-0.5312976953669198,-0.4378520070056659,0.7650519374750577,0.33541796757772596,1.6755229448455879e-15,17.62170968597708,46
0.95,5,144,1,1,1046,broad_xyz,22.359644512058754,False,0.4420256418330775,0.6185895845905135,0.8276235654886979,0.509337607007725,-0.6413883070115315,-0.4237522866642724,0.7388313967540764,0.3414976681291369,1.6755229448455879e-15,17.62170968597708,46
1.0,5,144,1,1,1046,broad_xyz,22.359644512058754,False,0.43831436761610926,0.605158855781075,0.807725040098185,0.48023514808940526,-0.7209600321209269,-0.40612265782615764,0.7501642275109477,0.34774614787747204,1.6755229448455879e-15,17.62170968597708,46
0.05,5,144,1,1,1047,broad_xyz,22.359644512058754,False,-0.4083418432795222,-0.16926033488085152,-0.5280861416985377,-0.5297055515645462,-0.5335615420874948,-0.44311065114391684,0.0016568619633168533,0.00014147506829210963,1.6755229448455879e-15,17.62170968597708,47
0.075,5,144,1,1,1047,broad_xyz,22.359644512058754,False,-0.43736250632364226,-0.1320602078495525,-0.5519172953603909,-0.551117719462601,-0.5562165112720965,-0.4029895555748179,0.0038328971077425163,0.00037726786681167396,1.6755229448455879e-15,17.62170968597708,47
0.1,5,144,1,1,1047,broad_xyz,22.359644512058754,False,-0.459581707209948,-0.11055144209736673,-0.5804157519911097,-0.575832067010517,-0.5828300175462773,-0.36663484414787384,0.006885613079414047,0.0007898288837957553,1.6755229448455879e-15,17.62170968597708,47
0.125,5,144,1,1,1047,broad_xyz,22.359644512058754,False,-0.496725576183518,-0.06075869377824362,-0.6365071723689701,-0.6263071561030259,-0.6144591214695942,-0.33322625197575756,0.010920248464234752,0.00159853870153918,1.6755229448455879e-15,17.62170968597708,47
0.15,5,144,1,1,1047,broad_xyz,22.359644512058754,False,-0.5045872157074738,0.046223256570841795,-0.649645912247325,-0.6368998225936446,-0.5297252563911888,-0.2519359552152697,0.015648042685796185,0.003666203102932598,1.6755229448455879e-15,17.62170968597708,47
0.1625,5,144,1,1,1047,broad_xyz,22.359644512058754,False,-0.44871203719507974,0.06157875406605587,-0.5837063517860775,-0.578609688182917,-0.39952925652214577,-0.16770646366334846,0.026365568140959222,0.0058450963433952785,1.6755229448455879e-15,17.62170968597708,47
0.175,5,144,1,1,1047,broad_xyz,22.359644512058754,False,-0.36861277938543635,0.043856074750965264,-0.4894981940898807,-0.4974777286296129,-0.2537842702239483,-0.08001952965050166,0.040316978652774935,0.009135992171914417,1.6755229448455879e-15,17.62170968597708,47
0.1875,5,144,1,1,1047,broad_xyz,22.359644512058754,False,-0.2955406170969415,0.0226472154310148,-0.39630483582081444,-0.41992424457617095,-0.11235471096469586,-0.011940624746278099,0.05800011027368503,0.013874427514677998,1.6755229448455879e-15,17.62170968597708,47
0.2,5,144,1,1,1047,broad_xyz,22.359644512058754,False,-0.23157165745169028,0.012962843275165604,-0.3014529746292387,-0.3427277530620882,0.028291210677717553,0.03899532928484586,0.07900816341052985,0.020596357317797843,1.6755229448455879e-15,17.62170968597708,47
0.2125,5,144,1,1,1047,broad_xyz,22.359644512058754,False,-0.1626212547537209,0.026510696889696584,-0.17729405950395688,-0.23842134704238127,0.16815040718442437,0.061788277093111584,0.10275098559179502,0.029914118657055164,1.6755229448455879e-15,17.62170968597708,47
0.225,5,144,1,1,1047,broad_xyz,22.359644512058754,False,-0.07586520259701131,0.04692943401415054,0.008221551239739082,-0.07341428129232465,0.27752809301364617,0.04716423215939427,0.12829369276988203,0.043362545678894755,1.6755229448455879e-15,17.62170968597708,47
0.2375,5,144,1,1,1047,broad_xyz,22.359644512058754,False,0.05306082134480295,0.0825846092602511,0.27526520093261875,0.17617966285114786,0.2977124099533966,-0.01476774522717617,0.15572635576112157,0.06219277270349802,1.6755229448455879e-15,17.62170968597708,47
0.25,5,144,1,1,1047,broad_xyz,22.359644512058754,False,0.15586334090685053,0.11126199248446142,0.5203620240173179,0.40855628640615127,0.16244037379534543,-0.10044771010353945,0.20194708278695842,0.08398743723674931,1.6755229448455879e-15,17.62170968597708,47
0.27,5,144,1,1,1047,broad_xyz,22.359644512058754,False,0.25865400500107116,0.1656300848788682,0.726485448598794,0.5940730501454232,-0.22493039597334866,-0.17902363357995615,0.2831740183412531,0.12034536452988058,1.6755229448455879e-15,17.62170968597708,47
0.29,5,144,1,1,1047,broad_xyz,22.359644512058754,False,0.32098264746460575,0.23141549650043444,0.8088269670234188,0.6428929884226355,-0.494173195383225,-0.20458195983473235,0.3792180012966977,0.15578501534367098,1.6755229448455879e-15,17.62170968597708,47
0.31,5,144,1,1,1047,broad_xyz,22.359644512058754,False,0.37310778263244404,0.31079857633041985,0.8327079117273749,0.606416042782834,-0.6244057392522817,-0.19362708050705027,0.46748467912549413,0.18720042649675392,1.6755229448455879e-15,17.62170968597708,47
0.33,5,144,1,1,1047,broad_xyz,22.359644512058754,False,0.4295074856051591,0.40428798159474044,0.8183856205870549,0.49069915345719456,-0.6590530110196524,-0.1501946509532937,0.5390230087111327,0.2120174841848993,1.6755229448455879e-15,17.62170968597708,47
0.35,5,144,1,1,1047,broad_xyz,22.359644512058754,False,0.49504397326986327,0.5080328023397743,0.7695635913418941,0.30115702131935174,-0.6216927785794307,-0.0736649127419155,0.6008749909512304,0.22869518341453723,1.6755229448455879e-15,17.62170968597708,47
0.37,5,144,1,1,1047,broad_xyz,22.359644512058754,False,0.5589097251312296,0.6019303910614039,0.6981150263116972,0.08413669205972246,-0.5340469281458997,0.023356233346418627,0.6398928377055519,0.23800495847154876,1.6755229448455879e-15,17.62170968597708,47
0.39,5,144,1,1,1047,broad_xyz,22.359644512058754,False,0.6045628452789874,0.6623540724513498,0.6408036032590082,-0.07777663858343521,-0.44297075887486115,0.11020490576617342,0.6511442663328852,0.2438649751634122,1.6755229448455879e-15,17.62170968597708,47
0.41000000000000003,5,144,1,1,1047,broad_xyz,22.359644512058754,False,0.6487728172058135,0.7043161610778639,0.6046349985460776,-0.1757023993046041,-0.3670237989339259,0.19002182466975645,0.638244896103885,0.24806649250648538,1.6755229448455879e-15,17.62170968597708,47
0.43,5,144,1,1,1047,broad_xyz,22.359644512058754,False,0.6902977927067755,0.7311454085887559,0.5780799905120465,-0.23711155605686174,-0.30343631544466043,0.263159226082758,0.6085893393371529,0.2515370171742563,1.6755229448455879e-15,17.62170968597708,47
0.45,5,144,1,1,1047,broad_xyz,22.359644512058754,False,0.721196478113474,0.7437046902973059,0.5669281301192718,-0.2706093858822461,-0.27470064563270613,0.31435577146718463,0.5826542445035578,0.256668982239368,1.6755229448455879e-15,17.62170968597708,47
0.5,5,144,1,1,1047,broad_xyz,22.359644512058754,False,0.7287870677865276,0.7064116379790544,0.5930453879231098,-0.28192402970776276,-0.3208603793098626,0.2705915132569153,0.5980576467031529,0.2823792267277928,1.6755229448455879e-15,17.62170968597708,47
0.55,5,144,1,1,1047,broad_xyz,22.359644512058754,False,0.6305444296635769,0.6011594531618845,0.6822062901074638,-0.2006945703889619,-0.5258433676034974,0.0013024805006311277,0.6981331059187282,0.32416681812677645,1.6755229448455879e-15,17.62170968597708,47
0.6,5,144,1,1,1047,broad_xyz,22.359644512058754,False,0.4793756659526856,0.45324480827732266,0.7348397639584655,-0.1930971595785434,-0.7684252345509744,-0.14315499476322666,0.767604677704405,0.353898629019657,1.6755229448455879e-15,17.62170968597708,47
0.6499999999999999,5,144,1,1,1047,broad_xyz,22.359644512058754,False,0.42673303054254424,0.4508759960359205,0.6909277157625742,-0.18485675424315032,-0.8191093975932763,-0.15343862429380786,0.8104741686879731,0.33992565353359727,1.6755229448455879e-15,17.62170968597708,47
0.7,5,144,1,1,1047,broad_xyz,22.359644512058754,False,0.38271259583670847,0.5309219222522247,0.6323262886349529,-0.09534818446728353,-0.7872170266236708,-0.23955910545416953,0.7843164007261907,0.30168345401025626,1.6755229448455879e-15,17.62170968597708,47
0.725,5,144,1,1,1047,broad_xyz,22.359644512058754,False,0.3373203482124201,0.5622910848751599,0.6140562611947137,-0.03909863326548896,-0.7575208117335822,-0.285245872707079,0.783649410845122,0.28419008108125116,1.6755229448455879e-15,17.62170968597708,47
0.75,5,144,1,1,1047,broad_xyz,22.359644512058754,False,0.2931584088764513,0.5924444315861148,0.6184283497696985,0.03222148589147395,-0.7385772306043166,-0.31703576801776634,0.7719384879709417,0.2727020089936511,1.6755229448455879e-15,17.62170968597708,47
0.775,5,144,1,1,1047,broad_xyz,22.359644512058754,False,0.2707875028273508,0.6136273992427549,0.6321394470357791,0.09738035590017326,-0.733356549051188,-0.32639754627430784,0.7727472131548015,0.2670152849474438,1.6755229448455879e-15,17.62170968597708,47
0.8,5,144,1,1,1047,broad_xyz,22.359644512058754,False,0.29208894474110364,0.6311988053213093,0.6532834354779592,0.1554164125364804,-0.7321292375377417,-0.3196342711490287,0.7705390785543234,0.266961207335777,1.6755229448455879e-15,17.62170968597708,47
0.825,5,144,1,1,1047,broad_xyz,22.359644512058754,False,0.3667136532740262,0.6534958510627631,0.6806401334791289,0.20868601388241265,-0.7169175437474086,-0.3142201411404785,0.7586841106038845,0.27161147713946865,1.6755229448455879e-15,17.62170968597708,47
0.85,5,144,1,1,1047,broad_xyz,22.359644512058754,False,0.4707255851585797,0.6817663781065684,0.7124883397423059,0.2579844952618989,-0.6873980233214103,-0.32280298704954474,0.7347355572830889,0.27979282163082186,1.6755229448455879e-15,17.62170968597708,47
0.875,5,144,1,1,1047,broad_xyz,22.359644512058754,False,0.5644804291631151,0.7084142939638255,0.7417508377092444,0.2949786091291939,-0.6389813794584248,-0.34647966209834774,0.700488093157001,0.29008599550320446,1.6755229448455879e-15,17.62170968597708,47
0.9,5,144,1,1,1047,broad_xyz,22.359644512058754,False,0.6117588534447734,0.7253019291778796,0.7622612312459371,0.31100704429353115,-0.585166659580296,-0.3778199644490157,0.6980535263769223,0.30181722525081184,1.6755229448455879e-15,17.62170968597708,47
0.95,5,144,1,1,1047,broad_xyz,22.359644512058754,False,0.5609491671590893,0.7239615490520339,0.7754338561108899,0.2643700823242228,-0.6795756405034179,-0.4209867197006411,0.7507812900543483,0.3286225018864975,1.6755229448455879e-15,17.62170968597708,47
1.0,5,144,1,1,1047,broad_xyz,22.359644512058754,False,0.4708935720126175,0.6909748952192215,0.7621512257888462,0.11250763399800363,-0.7807469206452032,-0.4219026400026334,0.7417921991527645,0.3519497533970822,1.6755229448455879e-15,17.62170968597708,47
0.05,5,144,1,1,1048,broad_xyz,22.359644512058754,False,-0.27189044950028063,0.2863336678464615,-0.5780034741152789,-0.5764641959809857,-0.5622832870492954,0.6125026473662474,0.003317611807138644,0.00042504018662079386,1.6755229448455879e-15,17.62170968597708,48
0.075,5,144,1,1,1048,broad_xyz,22.359644512058754,False,-0.27128121924187976,0.28117679582761607,-0.6089322654365802,-0.6083114993946347,-0.5860145552968586,0.6568072537745696,0.00915709422401391,0.0013834721838335672,1.6755229448455879e-15,17.62170968597708,48
0.1,5,144,1,1,1048,broad_xyz,22.359644512058754,False,-0.2335122990486923,0.2988030596607563,-0.6362440785179209,-0.6416225471703544,-0.6020785873326185,0.6739173508456288,0.02001144770123494,0.0037521478671115097,1.6755229448455879e-15,17.62170968597708,48
0.125,5,144,1,1,1048,broad_xyz,22.359644512058754,False,-0.13451256732415737,0.3515408005878333,-0.639434193411049,-0.6594490144988224,-0.5848120806567508,0.6468810770715016,0.038976340362643455,0.00911386734082795,1.6755229448455879e-15,17.62170968597708,48
0.15,5,144,1,1,1048,broad_xyz,22.359644512058754,False,0.0625994283154565,0.4595342767012483,-0.5804675922344098,-0.6301559223030756,-0.4865790647137567,0.5556444156459366,0.06822524320055999,0.02070694398022162,1.6755229448455879e-15,17.62170968597708,48
0.1625,5,144,1,1,1048,broad_xyz,22.359644512058754,False,0.20803094414920392,0.542280102514851,-0.5082901741690503,-0.5810701512346532,-0.38579114572594475,0.4791569583996368,0.09057968127803419,0.030757728641392826,1.6755229448455879e-15,17.62170968597708,48
0.175,5,144,1,1,1048,broad_xyz,22.359644512058754,False,0.3855384008904989,0.6449019691234957,-0.39289106979640265,-0.4954418565764066,-0.23947798662278602,0.38160318823525696,0.11828115599515962,0.04512457494349455,1.6755229448455879e-15,17.62170968597708,48
0.1875,5,144,1,1,1048,broad_xyz,22.359644512058754,False,0.5547366712615125,0.7365613963742509,-0.22966680052471944,-0.36602591413334246,-0.04800288097621522,0.2511668460842692,0.15502595271703595,0.06512919923839627,1.6755229448455879e-15,17.62170968597708,48
0.2,5,144,1,1,1048,broad_xyz,22.359644512058754,False,0.6862161771592317,0.7886248788449192,-0.044742578236753296,-0.21404484711325042,0.15032748343620972,0.1077825586092908,0.19713049917053851,0.09014788686305542,1.6755229448455879e-15,17.62170968597708,48
0.2125,5,144,1,1,1048,broad_xyz,22.359644512058754,False,0.766606454570792,0.7872937833347933,0.15499242390322338,-0.04276460557247704,0.32104614893902433,-0.0495858220696044,0.24743248710493643,0.1205444630942894,1.6755229448455879e-15,17.62170968597708,48
0.225,5,144,1,1,1048,broad_xyz,22.359644512058754,False,0.8112478598190834,0.7548573626843389,0.34136181469149485,0.11836670152648486,0.3343478662132486,-0.19501184958712953,0.3032603135142533,0.1547238145044559,1.6755229448455879e-15,17.62170968597708,48
0.2375,5,144,1,1,1048,broad_xyz,22.359644512058754,False,0.8348977897568057,0.7201702498499956,0.47815142336029454,0.2291449792589948,0.10279704612130453,-0.29702905537001184,0.3617076855517049,0.1903406165841673,1.6755229448455879e-15,17.62170968597708,48
0.25,5,144,1,1,1048,broad_xyz,22.359644512058754,False,0.8496614897557198,0.6960119058486626,0.5705059570736851,0.29058307333251326,-0.1741777529677965,-0.3593199313274455,0.4209728448516429,0.22602746736820029,1.6755229448455879e-15,17.62170968597708,48
0.27,5,144,1,1,1048,broad_xyz,22.359644512058754,False,0.8705563817848903,0.6897656554504147,0.6513150768356267,0.30271641702171126,-0.42686396790484715,-0.39595266849930033,0.51245795160493,0.2795521957156563,1.6755229448455879e-15,17.62170968597708,48
0.29,5,144,1,1,1048,broad_xyz,22.359644512058754,False,0.8908958313132931,0.721184072117376,0.6753370411482095,0.22494281801837404,-0.49202010887792563,-0.3742451366504083,0.5923013215033822,0.32337241212906725,1.6755229448455879e-15,17.62170968597708,48
0.31,5,144,1,1,1048,broad_xyz,22.359644512058754,False,0.8996184533301366,0.7781354181420141,0.6549519408355795,0.06799928439939315,-0.4539663872100095,-0.3035398094834603,0.6524540991139628,0.3522833954403078,1.6755229448455879e-15,17.62170968597708,48
0.33,5,144,1,1,1048,broad_xyz,22.359644512058754,False,0.8788148572238386,0.8399224893396053,0.5933446140417024,-0.1459443877205313,-0.3492922405310549,-0.18997128527696125,0.686678215209858,0.36299643416699,1.6755229448455879e-15,17.62170968597708,48
0.35,5,144,1,1,1048,broad_xyz,22.359644512058754,False,0.8166131431921891,0.88127525612081,0.49843525931418925,-0.37200443195383925,-0.21518505621302278,-0.05017729831024592,0.7067546812356728,0.3550673141084454,1.6755229448455879e-15,17.62170968597708,48
0.37,5,144,1,1,1048,broad_xyz,22.359644512058754,False,0.7174924630212663,0.8731240662964158,0.43235624014520285,-0.5198703765737963,-0.14297828078996894,0.05831478023023605,0.711709645503228,0.33932878604911454,1.6755229448455879e-15,17.62170968597708,48
0.39,5,144,1,1,1048,broad_xyz,22.359644512058754,False,0.6117095346081555,0.8405497534166257,0.3959441651303955,-0.5979695244669271,-0.11932295330347878,0.1366282916851261,0.6932516506272883,0.32350865218722574,1.6755229448455879e-15,17.62170968597708,48
0.41000000000000003,5,144,1,1,1048,broad_xyz,22.359644512058754,False,0.5045867479517423,0.8055178539473227,0.37225749547918113,-0.6393418162946778,-0.13346423555126213,0.1950516250631228,0.6854584213122367,0.31058356933442366,1.6755229448455879e-15,17.62170968597708,48
0.43,5,144,1,1,1048,broad_xyz,22.359644512058754,False,0.42007570581641457,0.7832606665139356,0.3619644053298362,-0.658286230022922,-0.1475721401033308,0.23460038610748568,0.6663197365788942,0.30400408292605996,1.6755229448455879e-15,17.62170968597708,48
0.45,5,144,1,1,1048,broad_xyz,22.359644512058754,False,0.3831243730525833,0.7863760879786206,0.3724128642489969,-0.6629672178322062,-0.12789653692102385,0.24581017655014542,0.6629368086847363,0.3081051890446751,1.6755229448455879e-15,17.62170968597708,48
0.5,5,144,1,1,1048,broad_xyz,22.359644512058754,False,0.49363749620085406,0.8765068245921314,0.5064179992854477,-0.597894374046791,-0.10010664599381729,0.08095883390519386,0.7246354915178321,0.3793400535806451,1.6755229448455879e-15,17.62170968597708,48
0.55,5,144,1,1,1048,broad_xyz,22.359644512058754,False,0.6867394363467455,0.8945711817478335,0.7246947599718354,-0.38162657761351226,-0.37690591231813403,-0.3303983296635247,0.8661300630729467,0.49845693216697584,1.6755229448455879e-15,17.62170968597708,48
0.6,5,144,1,1,1048,broad_xyz,22.359644512058754,False,0.7889786398621104,0.8737803325527381,0.8452972700935855,-0.27632828613984317,-0.6527247952610594,-0.5714460380777838,0.921615138540585,0.5640478317088884,1.6755229448455879e-15,17.62170968597708,48
0.6499999999999999,5,144,1,1,1048,broad_xyz,22.359644512058754,False,0.8063287997965977,0.8911159004663872,0.8716526496533715,-0.2832300790144549,-0.7497607758483066,-0.5609176419117716,0.9729795080991505,0.5517790978297318,1.6755229448455879e-15,17.62170968597708,48
0.7,5,144,1,1,1048,broad_xyz,22.359644512058754,False,0.8149130175422379,0.8932678387369746,0.8758391675488799,-0.16355891040808446,-0.7657212754692237,-0.5031728355771478,0.947531551709891,0.5106223244898759,1.6755229448455879e-15,17.62170968597708,48
0.725,5,144,1,1,1048,broad_xyz,22.359644512058754,False,0.8266536046448647,0.8902255147015707,0.8754183960535994,-0.003368823981569332,-0.7631905293947318,-0.4882814124831375,0.9106019679942643,0.4936916903451668,1.6755229448455879e-15,17.62170968597708,48
0.75,5,144,1,1,1048,broad_xyz,22.359644512058754,False,0.8309291318453698,0.8850932135934801,0.8686129221771021,0.1920794424779817,-0.7563622838844157,-0.48219193996704285,0.8816214882717588,0.4797865083586968,1.6755229448455879e-15,17.62170968597708,48
0.775,5,144,1,1,1048,broad_xyz,22.359644512058754,False,0.8190857447057642,0.8747283908789031,0.8536132086204692,0.3402526981691737,-0.7492179355039863,-0.47856583064482944,0.8963463510614338,0.46554760247278626,1.6755229448455879e-15,17.62170968597708,48
0.8,5,144,1,1,1048,broad_xyz,22.359644512058754,False,0.7845000064261952,0.8548865482424161,0.8322081375737861,0.3979354051401982,-0.734500820509544,-0.46705664146398634,0.9188348654972929,0.4467171924082786,1.6755229448455879e-15,17.62170968597708,48
0.825,5,144,1,1,1048,broad_xyz,22.359644512058754,False,0.7214407708801515,0.8237146652810498,0.808636901168087,0.3881059630217056,-0.7036986182118147,-0.44067913706464545,0.9329702228491084,0.4213380279580636,1.6755229448455879e-15,17.62170968597708,48
0.85,5,144,1,1,1048,broad_xyz,22.359644512058754,False,0.6416657413449866,0.7895809581591523,0.7914069658240765,0.3558416264955474,-0.6560088889928676,-0.4051643746035195,0.940655704272175,0.3928984707105621,1.6755229448455879e-15,17.62170968597708,48
0.875,5,144,1,1,1048,broad_xyz,22.359644512058754,False,0.5557258297379885,0.7513407626888376,0.7707830966302953,0.3120696374071847,-0.6249227710195239,-0.37504349374318524,0.9421979301755362,0.3687660055713933,1.6755229448455879e-15,17.62170968597708,48
0.9,5,144,1,1,1048,broad_xyz,22.359644512058754,False,0.4748342876746154,0.7084328628188794,0.7404080804144889,0.2537051631078718,-0.6164712138961338,-0.359364113194487,0.9363667395610791,0.3552099915983199,1.6755229448455879e-15,17.62170968597708,48
0.95,5,144,1,1,1048,broad_xyz,22.359644512058754,False,0.39237933486986015,0.638551657299648,0.6838932054840432,0.09910818769605302,-0.6865868235516477,-0.35621354944897965,0.9069028269341262,0.3588608833787849,1.6755229448455879e-15,17.62170968597708,48
1.0,5,144,1,1,1048,broad_xyz,22.359644512058754,False,0.46172911213595574,0.6311499608557484,0.6884036928705028,-0.0738393299920478,-0.7242133906609765,-0.37310251040572223,0.8762122606258784,0.38448437619096054,1.6755229448455879e-15,17.62170968597708,48
0.05,5,144,1,1,1049,broad_xyz,22.359644512058754,False,0.07052666395775072,0.21579876384774704,-0.24686266648925506,-0.2822352339714057,-0.2627937777918617,-0.08087937315434932,0.003259890994656671,0.0005838040672577785,1.6755229448455879e-15,17.62170968597708,49
0.075,5,144,1,1,1049,broad_xyz,22.359644512058754,False,0.023988002135948355,0.19955143373682477,-0.3076526893314285,-0.3480981946192061,-0.31351773923256215,-0.04735805473729831,0.008036184211832699,0.0015709252811466079,1.6755229448455879e-15,17.62170968597708,49
0.1,5,144,1,1,1049,broad_xyz,22.359644512058754,False,0.10068357841267613,0.26020381599192105,-0.2727872138997345,-0.32669075003766695,-0.27151226557188984,-0.03880369646606435,0.015593874314240655,0.003723701242731416,1.6755229448455879e-15,17.62170968597708,49
0.125,5,144,1,1,1049,broad_xyz,22.359644512058754,False,0.23270990535700953,0.38605399040087274,-0.1762169307172925,-0.2434062201655081,-0.14210401044983945,-0.06350400332665054,0.027431983408403943,0.0083250383154724,1.6755229448455879e-15,17.62170968597708,49
0.15,5,144,1,1,1049,broad_xyz,22.359644512058754,False,0.4447438873503482,0.6182851810789562,-0.0040643451606779644,-0.0819515281507467,0.10175408836270772,-0.1311591811290483,0.057909877958420286,0.01907980542794656,1.6755229448455879e-15,17.62170968597708,49
0.1625,5,144,1,1,1049,broad_xyz,22.359644512058754,False,0.5594848629397341,0.7281229969255386,0.10128973769273616,0.020798829821326886,0.250118821550544,-0.15494209335265433,0.07960098814479175,0.02836237980373231,1.6755229448455879e-15,17.62170968597708,49
0.175,5,144,1,1,1049,broad_xyz,22.359644512058754,False,0.6474068941017891,0.7939312215203789,0.2123859013891303,0.1288186606130633,0.391846441028252,-0.15714219700438695,0.10564072665959964,0.04082275404102259,1.6755229448455879e-15,17.62170968597708,49
0.1875,5,144,1,1,1049,broad_xyz,22.359644512058754,False,0.7007294572559094,0.8139399159384035,0.3174069654399188,0.22889682922121826,0.5089510022440549,-0.1299885891334386,0.1356550012939211,0.056527056538648264,1.6755229448455879e-15,17.62170968597708,49
0.2,5,144,1,1,1049,broad_xyz,22.359644512058754,False,0.7240406115055118,0.8015037672216149,0.4191375415539353,0.32304506409385675,0.5949876033314027,-0.08236566098872429,0.16982905939851523,0.07541713488513792,1.6755229448455879e-15,17.62170968597708,49
0.2125,5,144,1,1,1049,broad_xyz,22.359644512058754,False,0.7251682487608179,0.766521858046376,0.510367984588159,0.4042035516585824,0.6326644483012569,-0.017755850406323343,0.20749836699591745,0.09687535897970939,1.6755229448455879e-15,17.62170968597708,49
0.225,5,144,1,1,1049,broad_xyz,22.359644512058754,False,0.7133702989291204,0.7177236342325404,0.5911025316605589,0.47258393218415967,0.6071493528709153,0.058777223892338894,0.24565771277543516,0.12006176406473691,1.6755229448455879e-15,17.62170968597708,49
0.2375,5,144,1,1,1049,broad_xyz,22.359644512058754,False,0.6983558960850071,0.6651762016227937,0.6600623967494734,0.5268209013094954,0.49324583583128234,0.14628685471906205,0.28171483308367373,0.1438616906814197,1.6755229448455879e-15,17.62170968597708,49
0.25,5,144,1,1,1049,broad_xyz,22.359644512058754,False,0.6904989292755274,0.6236687439989885,0.7065945905915563,0.5549933584091555,0.28843413138389207,0.23478949807371272,0.3130671129985537,0.166615232009644,1.6755229448455879e-15,17.62170968597708,49
0.27,5,144,1,1,1049,broad_xyz,22.359644512058754,False,0.6976710730380643,0.5869580499048598,0.7483046407892187,0.5613916644900587,-0.0727659136667874,0.36776630282213085,0.3494848877524566,0.19790750031470708,1.6755229448455879e-15,17.62170968597708,49
0.29,5,144,1,1,1049,broad_xyz,22.359644512058754,False,0.7173467843199919,0.5865610223929475,0.7629857170887836,0.5381019276526251,-0.2752983359337131,0.4669509066382225,0.4056654439664453,0.2193065953527885,1.6755229448455879e-15,17.62170968597708,49
0.31,5,144,1,1,1049,broad_xyz,22.359644512058754,False,0.7202819563955626,0.620222252003425,0.7521539748512946,0.4895538653714797,-0.2999362456090664,0.5059913665211936,0.4425438981043277,0.2279496484235089,1.6755229448455879e-15,17.62170968597708,49
0.33,5,144,1,1,1049,broad_xyz,22.359644512058754,False,0.6634647298245299,0.6763184953082536,0.69946029371518,0.390008066883837,-0.18893201325272863,0.46079422178700813,0.4601459361968304,0.22305068897402686,1.6755229448455879e-15,17.62170968597708,49
0.35,5,144,1,1,1049,broad_xyz,22.359644512058754,False,0.508385308230122,0.7164449793132549,0.5769621623164413,0.19388938238109932,0.016457460209946016,0.31373321183249697,0.46084489426573017,0.2064227785244459,1.6755229448455879e-15,17.62170968597708,49
0.37,5,144,1,1,1049,broad_xyz,22.359644512058754,False,0.26476374619013077,0.6746269202631022,0.4441426988290173,-0.0268039137319927,0.1762306003418199,0.09621570081699363,0.4452495345469305,0.1856449813324451,1.6755229448455879e-15,17.62170968597708,49
0.39,5,144,1,1,1049,broad_xyz,22.359644512058754,False,0.06298876319427872,0.6136095402525521,0.35204679877331896,-0.19039175561995464,0.21864194018210187,-0.08305476513826675,0.45331687806091114,0.17061563410809988,1.6755229448455879e-15,17.62170968597708,49
0.41000000000000003,5,144,1,1,1049,broad_xyz,22.359644512058754,False,-0.054367942365816095,0.5721483439497071,0.3012445673655996,-0.2848194897471413,0.18465892137132223,-0.20216920518698508,0.4986395415769471,0.16501695868805122,1.6755229448455879e-15,17.62170968597708,49
0.43,5,144,1,1,1049,broad_xyz,22.359644512058754,False,-0.11789605932185075,0.5420209327309814,0.27731474592777833,-0.330912126095899,0.11167738756141153,-0.28175626968120876,0.534990830871742,0.16638929002031036,1.6755229448455879e-15,17.62170968597708,49
0.45,5,144,1,1,1049,broad_xyz,22.359644512058754,False,-0.12154466303105882,0.5383612493904687,0.2896559538861822,-0.3310818728545901,0.04283525554965805,-0.3156706307241518,0.5806915075300532,0.17651936930985432,1.6755229448455879e-15,17.62170968597708,49
0.5,5,144,1,1,1049,broad_xyz,22.359644512058754,False,0.24336636759757033,0.6315450570720009,0.4680230751888533,-0.2067560001560878,-0.23179615168834022,-0.13760276004731195,0.7009090177954542,0.2386911268336403,1.6755229448455879e-15,17.62170968597708,49
0.55,5,144,1,1,1049,broad_xyz,22.359644512058754,False,0.5281482117603877,0.5664040809489046,0.6021320262227992,-0.226189108747998,-0.61538632650161,0.09460653880854596,0.7168534357949348,0.29570865209249014,1.6755229448455879e-15,17.62170968597708,49
0.6,5,144,1,1,1049,broad_xyz,22.359644512058754,False,0.35074346903440545,0.4417438320906312,0.5870184294456192,-0.4014884528815523,-0.7712345229456576,0.19158225922455244,0.8332699971454097,0.3100388022179002,1.6755229448455879e-15,17.62170968597708,49
0.6499999999999999,5,144,1,1,1049,broad_xyz,22.359644512058754,False,0.18048167026872464,0.4362965375620172,0.556914620777516,-0.43450526762948655,-0.8259534610897193,-0.033265611584039886,0.8865097307679826,0.3017277758359253,1.6755229448455879e-15,17.62170968597708,49
0.7,5,144,1,1,1049,broad_xyz,22.359644512058754,False,0.2767144301183758,0.508497868246672,0.6117859143644152,-0.3105655462525618,-0.8756473484607593,-0.2553131426948288,0.9046726601401729,0.3078814820912854,1.6755229448455879e-15,17.62170968597708,49
0.725,5,144,1,1,1049,broad_xyz,22.359644512058754,False,0.40492309813330446,0.5676054303409072,0.6745724537252183,-0.1525783151640153,-0.873170517498813,-0.33817913966219626,0.8748861304915672,0.3187215163472625,1.6755229448455879e-15,17.62170968597708,49
0.75,5,144,1,1,1049,broad_xyz,22.359644512058754,False,0.5068786325978812,0.6313958754127276,0.7368793213264194,0.0694475036638697,-0.8462682965666597,-0.41300822363547846,0.810802483406271,0.3264736273072193,1.6755229448455879e-15,17.62170968597708,49
0.775,5,144,1,1,1049,broad_xyz,22.359644512058754,False,0.507674596411168,0.6802205132185308,0.7785483120107971,0.2929774889247282,-0.7948741805992945,-0.4794148112198965,0.7564901837153437,0.3270245838674879,1.6755229448455879e-15,17.62170968597708,49
0.8,5,144,1,1,1049,broad_xyz,22.359644512058754,False,0.41139768220001816,0.69374958259391,0.7850810388951782,0.420503700561466,-0.7316398622787268,-0.5276568999861105,0.73128845682447,0.32034365936070236,1.6755229448455879e-15,17.62170968597708,49
0.825,5,144,1,1,1049,broad_xyz,22.359644512058754,False,0.28960638628983704,0.6734713313628695,0.7645855652144294,0.4426364781835929,-0.6776693389202789,-0.5523941154491883,0.6920136560609449,0.3103389516595007,1.6755229448455879e-15,17.62170968597708,49
0.85,5,144,1,1,1049,broad_xyz,22.359644512058754,False,0.21415424527518076,0.6415298727403131,0.7425959639794126,0.42664777996665765,-0.6338229164006186,-0.5578395632751372,0.7662033797023529,0.3032382722537191,1.6755229448455879e-15,17.62170968597708,49
0.875,5,144,1,1,1049,broad_xyz,22.359644512058754,False,0.21170640162926357,0.6170642186791921,0.7367181545822551,0.41682592110604116,-0.6020878539557013,-0.5500652088380308,0.830520529161813,0.30437463576014767,1.6755229448455879e-15,17.62170968597708,49
0.9,5,144,1,1,1049,broad_xyz,22.359644512058754,False,0.2691906483764924,0.6067501305694981,0.7485562632356805,0.41802270607432956,-0.5909584595189814,-0.5319821562099408,0.8638506532863416,0.31543005287106,1.6755229448455879e-15,17.62170968597708,49
0.95,5,144,1,1,1049,broad_xyz,22.359644512058754,False,0.4087410226670202,0.6202870505333047,0.786786094258602,0.4100971912308391,-0.7499167042107735,-0.47860385710286735,0.9012625199919995,0.3539745135730139,1.6755229448455879e-15,17.62170968597708,49
1.0,5,144,1,1,1049,broad_xyz,22.359644512058754,False,0.3782352573221959,0.6505021774243201,0.7806966703005597,0.3802636125450739,-0.8360295984770009,-0.43550470984770545,0.9554495250224335,0.3828860846772832,1.6755229448455879e-15,17.62170968597708,49
