t,N,n_points,base_seed_requested,effective_base_seed,state_seed,family,family_min_jtot,health_check,corr_J_rho,corr_J_tot,corr_SL,corr_P_pair,corr_N_pair,corr_N_env,target_max,target_mean,J_tot_min_grid,J_tot_mean_grid,state_idx
0.05,7,144,1,1,1000,broad_xyz,21.99112410904393,False,0.2230637363599904,0.3348077066804849,-0.15592787271027694,-0.6083084277856692,-0.42593895071152077,0.5504562239656856,0.002791150231710228,0.0006235046467365135,2.24633779487864e-15,17.52339266927084,0
0.075,7,144,1,1,1000,broad_xyz,21.99112410904393,False,0.24801387253689372,0.347531044342489,-0.11508339643599663,-0.6489800930937302,-0.5262657269247213,0.5854891054295801,0.006931119042652067,0.0016020337787121103,2.24633779487864e-15,17.52339266927084,0
0.1,7,144,1,1,1000,broad_xyz,21.99112410904393,False,0.33025088008149084,0.3958667656878341,-0.018649077292938476,-0.6617869996033406,-0.6229375967393096,0.6093901855639203,0.013755088658215963,0.0032884918067111117,2.24633779487864e-15,17.52339266927084,0
0.125,7,144,1,1,1000,broad_xyz,21.99112410904393,False,0.46140323648849435,0.485449461691093,0.13270932574811312,-0.6499063996186445,-0.7170873328874104,0.607763930115171,0.02236668838223632,0.00615798763900147,2.24633779487864e-15,17.52339266927084,0
0.15,7,144,1,1,1000,broad_xyz,21.99112410904393,False,0.6136159971419334,0.6194508869739269,0.3298308551132563,-0.6074356459483232,-0.8122884818131836,0.5696807491873701,0.03339766046347771,0.011368782693347498,2.24633779487864e-15,17.52339266927084,0
0.1625,7,144,1,1,1000,broad_xyz,21.99112410904393,False,0.6797612604687225,0.6936984728705394,0.43423574933511827,-0.5721877735667475,-0.851861732702902,0.533833080825789,0.04107695043355388,0.015492445157342287,2.24633779487864e-15,17.52339266927084,0
0.175,7,144,1,1,1000,broad_xyz,21.99112410904393,False,0.7338222793895867,0.7670688338988491,0.5263546716945753,-0.5368535590016368,-0.8712734784309363,0.49163781631901593,0.05043770859961919,0.021122866209509622,2.24633779487864e-15,17.52339266927084,0
0.1875,7,144,1,1,1000,broad_xyz,21.99112410904393,False,0.7700548890551717,0.8278348090518423,0.6024924773299861,-0.5085654267654081,-0.8685313319945641,0.44512212644501037,0.060250948497937065,0.028316546625345267,2.24633779487864e-15,17.52339266927084,0
0.2,7,144,1,1,1000,broad_xyz,21.99112410904393,False,0.787049444760419,0.868235010900312,0.6646799733339694,-0.4937105896994094,-0.851995984530237,0.39834478210144086,0.06983840199864806,0.03691129948128551,2.24633779487864e-15,17.52339266927084,0
0.2125,7,144,1,1,1000,broad_xyz,21.99112410904393,False,0.7904477851361532,0.8895981546089747,0.7118874230999283,-0.49845603098844576,-0.8128624103221146,0.35116589840903395,0.08297115309281487,0.04669174825219933,2.24633779487864e-15,17.52339266927084,0
0.225,7,144,1,1,1000,broad_xyz,21.99112410904393,False,0.786568459380767,0.898758257815852,0.7463918366227056,-0.5231237217642859,-0.7541191091474966,0.3037084177860648,0.10220675966144663,0.05749048821312622,2.24633779487864e-15,17.52339266927084,0
0.2375,7,144,1,1,1000,broad_xyz,21.99112410904393,False,0.7775626181210558,0.8995903143579954,0.768414465196458,-0.5684788168723366,-0.6790646107769912,0.2505879204834728,0.1212667523021059,0.06914754258606931,2.24633779487864e-15,17.52339266927084,0
0.25,7,144,1,1,1000,broad_xyz,21.99112410904393,False,0.7665684707470293,0.8959405772148624,0.7819416940827043,-0.6262336525475308,-0.604065024688328,0.19289173002185242,0.1397080932619756,0.08111701717109018,2.24633779487864e-15,17.52339266927084,0
0.27,7,144,1,1,1000,broad_xyz,21.99112410904393,False,0.7469642351227723,0.8831718259121433,0.8027032159173886,-0.7147350480145483,-0.5136843164416385,0.09910386827891536,0.16685234050716424,0.09969029325693837,2.24633779487864e-15,17.52339266927084,0
0.29,7,144,1,1,1000,broad_xyz,21.99112410904393,False,0.7341713603666621,0.8749425774490291,0.8255412770238214,-0.7915440058299429,-0.4692849575330107,0.040450627811848626,0.1897728778320122,0.11577972518931928,2.24633779487864e-15,17.52339266927084,0
0.31,7,144,1,1,1000,broad_xyz,21.99112410904393,False,0.7402041886369464,0.8840043053824076,0.8530442321364498,-0.8579518581966519,-0.45513000254410524,0.0487949165130772,0.20771951276423634,0.12748213233248273,2.24633779487864e-15,17.52339266927084,0
0.33,7,144,1,1,1000,broad_xyz,21.99112410904393,False,0.7637595604928263,0.9056930543508278,0.8851367242366583,-0.9111440591194382,-0.4603314141868196,0.09950839698654017,0.22073285473618434,0.13388706412221346,2.24633779487864e-15,17.52339266927084,0
0.35,7,144,1,1,1000,broad_xyz,21.99112410904393,False,0.7914510793756647,0.9241269768310636,0.9168760857012341,-0.945531796755019,-0.502114348354969,0.14408622087948372,0.22869270943344136,0.13626500186651017,2.24633779487864e-15,17.52339266927084,0
0.37,7,144,1,1,1000,broad_xyz,21.99112410904393,False,0.8182263702782369,0.930215281688935,0.9354171470537349,-0.9633256478800512,-0.590385550841261,0.1553330907246736,0.2312684119295704,0.13788420303119206,2.24633779487864e-15,17.52339266927084,0
0.39,7,144,1,1,1000,broad_xyz,21.99112410904393,False,0.8489691750899034,0.929567382141948,0.9419988501291122,-0.9644947683868049,-0.6663364340093466,0.14611695738546976,0.23940480027652233,0.13902692128127084,2.24633779487864e-15,17.52339266927084,0
0.41000000000000003,7,144,1,1,1000,broad_xyz,21.99112410904393,False,0.8811806172627695,0.9251860724944108,0.943819172036102,-0.9571341864672726,-0.7131952762046927,0.12718423201360965,0.24332553026173578,0.13968003484860453,2.24633779487864e-15,17.52339266927084,0
0.43,7,144,1,1,1000,broad_xyz,21.99112410904393,False,0.9058927633370482,0.9187046120711564,0.9429831218279725,-0.9471837795306728,-0.7382915816157674,0.09823736186290571,0.24324970828217163,0.1403818327874134,2.24633779487864e-15,17.52339266927084,0
0.45,7,144,1,1,1000,broad_xyz,21.99112410904393,False,0.9155908937278548,0.9122399570288202,0.9404845487358845,-0.937964616322622,-0.7452486667402172,0.060115564446176155,0.24232569133828533,0.1415573903999926,2.24633779487864e-15,17.52339266927084,0
0.5,7,144,1,1,1000,broad_xyz,21.99112410904393,False,0.8935179409633212,0.8930333126521788,0.9291172741802959,-0.9278612237959251,-0.6754073649148896,-0.07361148091167355,0.24055946705801534,0.15214550885956707,2.24633779487864e-15,17.52339266927084,0
0.55,7,144,1,1,1000,broad_xyz,21.99112410904393,False,0.8168167441974477,0.7899769809094487,0.8752101361022835,-0.9034499011432943,-0.6492116421638121,-0.27879484577261726,0.2559007956823739,0.1765491830107812,2.24633779487864e-15,17.52339266927084,0
0.6,7,144,1,1,1000,broad_xyz,21.99112410904393,False,0.7141671564223404,0.6982453451949099,0.8420882628941518,-0.8884700634611431,-0.7257752225337443,-0.4401342365826519,0.26816250685333565,0.19109567995744803,2.24633779487864e-15,17.52339266927084,0
0.6499999999999999,7,144,1,1,1000,broad_xyz,21.99112410904393,False,0.6742873976418842,0.7222275924825642,0.8668351548462593,-0.9006009740254876,-0.8213374500223348,-0.47925045716496356,0.26561100223601397,0.18931930036306138,2.24633779487864e-15,17.52339266927084,0
0.7,7,144,1,1,1000,broad_xyz,21.99112410904393,False,0.6441319566293695,0.7443357175196461,0.8818786868673752,-0.876148256266797,-0.8469322140427253,-0.4715484361480199,0.27488002705120257,0.18162911648414024,2.24633779487864e-15,17.52339266927084,0
0.725,7,144,1,1,1000,broad_xyz,21.99112410904393,False,0.6300258739464704,0.7492321649259956,0.8836114628219643,-0.8216063704851118,-0.8493466697803193,-0.47469200925928134,0.27669691206642366,0.17772103831505723,2.24633779487864e-15,17.52339266927084,0
0.75,7,144,1,1,1000,broad_xyz,21.99112410904393,False,0.6217198558224734,0.7574157137137628,0.8855226261698477,-0.6995961094268134,-0.8503840388623664,-0.48526788885629873,0.2741774657918577,0.17381368443054923,2.24633779487864e-15,17.52339266927084,0
0.775,7,144,1,1,1000,broad_xyz,21.99112410904393,False,0.6240206964698257,0.7724114692198363,0.8868366118883575,-0.4742465735164659,-0.8573503610243531,-0.4991007273809884,0.26944681500997136,0.16973015308006664,2.24633779487864e-15,17.52339266927084,0
0.8,7,144,1,1,1000,broad_xyz,21.99112410904393,False,0.640097484663774,0.7961712649767503,0.8882636147533675,-0.17489888193858832,-0.8707059196828613,-0.5090328906325523,0.262614522921505,0.1653268231674629,2.24633779487864e-15,17.52339266927084,0
0.825,7,144,1,1,1000,broad_xyz,21.99112410904393,False,0.6718859590744256,0.8271373862181896,0.894081535521553,0.08108471280948289,-0.8809953136687466,-0.5067678535152205,0.25581031218354244,0.16070032107296556,2.24633779487864e-15,17.52339266927084,0
0.85,7,144,1,1,1000,broad_xyz,21.99112410904393,False,0.7146427147620296,0.8589032185108451,0.9063784031682225,0.22183243790853155,-0.8862768376755742,-0.4919164808485378,0.24834473439594254,0.15623504245824948,2.24633779487864e-15,17.52339266927084,0
0.875,7,144,1,1,1000,broad_xyz,21.99112410904393,False,0.7541453009073612,0.8817663699304706,0.917654009214145,0.2522785741983149,-0.8744377435218418,-0.47973933411890857,0.24371712757363523,0.1531300145060475,2.24633779487864e-15,17.52339266927084,0
0.9,7,144,1,1,1000,broad_xyz,21.99112410904393,False,0.7788482533243537,0.8912137850312963,0.9207593303194731,0.21454748161815315,-0.8300315851245438,-0.48480231426426873,0.24895349386298166,0.15282008046837178,2.24633779487864e-15,17.52339266927084,0
0.95,7,144,1,1,1000,broad_xyz,21.99112410904393,False,0.7748352083236124,0.8753248302172938,0.9102965460040718,0.007138356047213128,-0.858266919501673,-0.5305878576224465,0.24816381463162623,0.1594015511862842,2.24633779487864e-15,17.52339266927084,0
1.0,7,144,1,1,1000,broad_xyz,21.99112410904393,False,0.721717635267463,0.8255834883947312,0.8976057605934494,-0.471307284552414,-0.8717698473080903,-0.5638174611929324,0.2512316078130753,0.16975157931298523,2.24633779487864e-15,17.52339266927084,0
0.05,7,144,1,1,1001,broad_xyz,21.99112410904393,False,0.05355114017583416,0.49462948418754277,-0.34931406537097254,-0.6266200538245452,-0.3848271154664926,0.32368424470771123,0.003228491646304216,0.0007326294845314702,2.24633779487864e-15,17.52339266927084,1
0.075,7,144,1,1,1001,broad_xyz,21.99112410904393,False,0.1125286857819419,0.5497545326342517,-0.2779673224577666,-0.6441332635965217,-0.3895385941676072,0.33480354249071154,0.008449808046530088,0.002192094345051032,2.24633779487864e-15,17.52339266927084,1
0.1,7,144,1,1,1001,broad_xyz,21.99112410904393,False,0.21694223438450774,0.6008769052072028,-0.1687113839976938,-0.6475502191864934,-0.4458350065444117,0.3556565153639294,0.01859011281017482,0.005285801980066832,2.24633779487864e-15,17.52339266927084,1
0.125,7,144,1,1,1001,broad_xyz,21.99112410904393,False,0.3559247382663475,0.6514729437060667,-0.03518805782324804,-0.6457969891743643,-0.581541583564042,0.37667792441261855,0.03501061451217037,0.011264540046708614,2.24633779487864e-15,17.52339266927084,1
0.15,7,144,1,1,1001,broad_xyz,21.99112410904393,False,0.5003880750547925,0.706378780981841,0.10145880162355377,-0.6500422310030453,-0.7549331718613472,0.39657245984469575,0.0582984607947543,0.021544578831395402,2.24633779487864e-15,17.52339266927084,1
0.1625,7,144,1,1,1001,broad_xyz,21.99112410904393,False,0.5656502719801123,0.7361994970529746,0.17024487561529164,-0.6553633687199244,-0.8145448982440288,0.39938292357262956,0.07244669975876247,0.028788864697419616,2.24633779487864e-15,17.52339266927084,1
0.175,7,144,1,1,1001,broad_xyz,21.99112410904393,False,0.6211905272651518,0.7652011096986527,0.2354916950798817,-0.6655361395317552,-0.8411091904412819,0.3960148295845686,0.08796069124316441,0.037564983533545156,2.24633779487864e-15,17.52339266927084,1
0.1875,7,144,1,1,1001,broad_xyz,21.99112410904393,False,0.6675392226501244,0.7904644029495573,0.2980464779441384,-0.6814981255137742,-0.8362936874085145,0.3856135460007654,0.10456794706017636,0.04796778741330829,2.24633779487864e-15,17.52339266927084,1
0.2,7,144,1,1,1001,broad_xyz,21.99112410904393,False,0.7035228210645323,0.8108404591444579,0.3556687700202314,-0.7041555583069823,-0.8000100802150849,0.37132790668600096,0.1219424783715296,0.05983162829067682,2.24633779487864e-15,17.52339266927084,1
0.2125,7,144,1,1,1001,broad_xyz,21.99112410904393,False,0.7323994679496144,0.8259371801809554,0.41103094853417377,-0.7309608697097222,-0.7522446158517906,0.35761300122153705,0.1397214100300222,0.07289943743278622,2.24633779487864e-15,17.52339266927084,1
0.225,7,144,1,1,1001,broad_xyz,21.99112410904393,False,0.754861324588585,0.8347688031683672,0.4635036211616721,-0.7619211514429556,-0.7026517443454317,0.3420102377505923,0.15752411483622528,0.08713751783967608,2.24633779487864e-15,17.52339266927084,1
0.2375,7,144,1,1,1001,broad_xyz,21.99112410904393,False,0.7761572703611411,0.8412447563020743,0.5173750660482456,-0.792332377964133,-0.6530294783781715,0.33052560495509464,0.17523365137963703,0.10204557677159642,2.24633779487864e-15,17.52339266927084,1
0.25,7,144,1,1,1001,broad_xyz,21.99112410904393,False,0.8025302004031146,0.8514686615802985,0.5779649024166799,-0.8173558987044319,-0.607700233605225,0.32882824122807097,0.19220641491233906,0.11715855500598489,2.24633779487864e-15,17.52339266927084,1
0.27,7,144,1,1,1001,broad_xyz,21.99112410904393,False,0.8521932504837032,0.872952598732297,0.6847167369299678,-0.8455322461600016,-0.5503516379584427,0.3402306653530058,0.2173842094721392,0.14114504422255436,2.24633779487864e-15,17.52339266927084,1
0.29,7,144,1,1,1001,broad_xyz,21.99112410904393,False,0.8980705923343109,0.899076493197847,0.7858982547763139,-0.8660067906002848,-0.5145059680077883,0.3676257013915987,0.2392504077874952,0.16230987901573973,2.24633779487864e-15,17.52339266927084,1
0.31,7,144,1,1,1001,broad_xyz,21.99112410904393,False,0.9220916013278541,0.9221479520341641,0.8515287627372012,-0.8991901960933715,-0.5002864796049212,0.3946695273496704,0.25738808755589465,0.17763540697067137,2.24633779487864e-15,17.52339266927084,1
0.33,7,144,1,1,1001,broad_xyz,21.99112410904393,False,0.9220844055329865,0.9362075796854527,0.8850994224359254,-0.9359549823639522,-0.5070395756137106,0.4118465373319635,0.2718993469300465,0.18579257742558403,2.24633779487864e-15,17.52339266927084,1
0.35,7,144,1,1,1001,broad_xyz,21.99112410904393,False,0.9090399241670784,0.9394824779783832,0.9106709820658381,-0.9586777523494472,-0.557513568031786,0.4142262187182652,0.28565249355948374,0.18815168700820117,2.24633779487864e-15,17.52339266927084,1
0.37,7,144,1,1,1001,broad_xyz,21.99112410904393,False,0.8890360558932362,0.9340444782462893,0.9323948400939346,-0.966376931437657,-0.6376237596658672,0.39778829640655466,0.2994574183800542,0.1872616479515312,2.24633779487864e-15,17.52339266927084,1
0.39,7,144,1,1,1001,broad_xyz,21.99112410904393,False,0.8656163106858896,0.9257738699312348,0.9479092266960957,-0.9631886809488739,-0.7220638003016867,0.362317010492783,0.30735116247764765,0.18500419209500787,2.24633779487864e-15,17.52339266927084,1
0.41000000000000003,7,144,1,1,1001,broad_xyz,21.99112410904393,False,0.8382346013575593,0.9169325857380812,0.9565336670416991,-0.9547444583341819,-0.7944094664935508,0.3123315182307594,0.31026883812716455,0.18223255774573116,2.24633779487864e-15,17.52339266927084,1
0.43,7,144,1,1,1001,broad_xyz,21.99112410904393,False,0.8064706081980996,0.9093403726831302,0.9593263925464502,-0.9461076079809809,-0.8291625660678846,0.25084992107319903,0.3108077878494835,0.1801316466390697,2.24633779487864e-15,17.52339266927084,1
0.45,7,144,1,1,1001,broad_xyz,21.99112410904393,False,0.7753972617019393,0.9034983706066059,0.9577093209948181,-0.9413364071068848,-0.8334535820705575,0.19068193500148287,0.30948187857600085,0.17953803013955053,2.24633779487864e-15,17.52339266927084,1
0.5,7,144,1,1,1001,broad_xyz,21.99112410904393,False,0.7583247037316025,0.8997025566927634,0.9460200242983535,-0.9553820125368367,-0.7472611006780535,0.008719470649755586,0.30439501313929146,0.18928796015602048,2.24633779487864e-15,17.52339266927084,1
0.55,7,144,1,1,1001,broad_xyz,21.99112410904393,False,0.8004739388962993,0.8683209614732346,0.9312058456986053,-0.9545429811000408,-0.7143674707564788,-0.37116396685497166,0.2993881068731136,0.21734296754724955,2.24633779487864e-15,17.52339266927084,1
0.6,7,144,1,1,1001,broad_xyz,21.99112410904393,False,0.8068020174220699,0.8347066256856212,0.9338192921844485,-0.9293315331318895,-0.8056366458330169,-0.5948375791057047,0.29921113484963335,0.2361864855717977,2.24633779487864e-15,17.52339266927084,1
0.6499999999999999,7,144,1,1,1001,broad_xyz,21.99112410904393,False,0.8078797158767764,0.8678440915281125,0.9291992450387757,-0.9347333952547277,-0.8783084233263818,-0.5998190993978424,0.2990311126232213,0.23265095051235452,2.24633779487864e-15,17.52339266927084,1
0.7,7,144,1,1,1001,broad_xyz,21.99112410904393,False,0.8200143132823804,0.9029728023957476,0.9387495533239184,-0.9177454420140603,-0.9179595597417196,-0.590636590463428,0.2938013576908529,0.22311753137417561,2.24633779487864e-15,17.52339266927084,1
0.725,7,144,1,1,1001,broad_xyz,21.99112410904393,False,0.8303579020454406,0.9133455535032072,0.9447726481216507,-0.8931339317073429,-0.929959662246628,-0.59015492527518,0.29519182416548756,0.2183401554975909,2.24633779487864e-15,17.52339266927084,1
0.75,7,144,1,1,1001,broad_xyz,21.99112410904393,False,0.8407336014998326,0.9186047078212187,0.9467985501474538,-0.844917120067128,-0.9350888610553499,-0.5899332510673082,0.29682983993881606,0.21318491710176712,2.24633779487864e-15,17.52339266927084,1
0.775,7,144,1,1,1001,broad_xyz,21.99112410904393,False,0.8521147911979217,0.9226811483121096,0.9458718492787115,-0.7263368501446205,-0.9346507749674413,-0.5887593170939617,0.29811684130844046,0.2077469334891403,2.24633779487864e-15,17.52339266927084,1
0.8,7,144,1,1,1001,broad_xyz,21.99112410904393,False,0.8622547756306904,0.9287304886285477,0.9443396926728342,-0.42279046758428646,-0.9314751714869779,-0.5809286896612461,0.2937382093773476,0.20222570774765566,2.24633779487864e-15,17.52339266927084,1
0.825,7,144,1,1,1001,broad_xyz,21.99112410904393,False,0.8645607783567154,0.9360649649751888,0.9426338534660971,-0.04846207914847021,-0.9271173633407664,-0.559811862739899,0.29195643931193865,0.19634831783757287,2.24633779487864e-15,17.52339266927084,1
0.85,7,144,1,1,1001,broad_xyz,21.99112410904393,False,0.8544173182505057,0.9423138646091476,0.9407143043243208,0.09849102786821173,-0.9200461438483702,-0.5321452149159325,0.29102206650628615,0.18990638046580627,2.24633779487864e-15,17.52339266927084,1
0.875,7,144,1,1,1001,broad_xyz,21.99112410904393,False,0.8375509159307347,0.9471799112499506,0.9394326203449512,0.09157712608619845,-0.9059113023942357,-0.5127105910232683,0.29396865514391063,0.18407161427792454,2.24633779487864e-15,17.52339266927084,1
0.9,7,144,1,1,1001,broad_xyz,21.99112410904393,False,0.823801330156836,0.9507119773144967,0.9379800487994595,0.03842070409693213,-0.873335413643542,-0.5083386556873563,0.29660215444298493,0.1810862590555508,2.24633779487864e-15,17.52339266927084,1
0.95,7,144,1,1,1001,broad_xyz,21.99112410904393,False,0.8252494346055923,0.9467968270772913,0.9402351199690896,-0.16267539773168913,-0.9100720696156801,-0.5299651546662492,0.2905803916066366,0.18615080418465893,2.24633779487864e-15,17.52339266927084,1
1.0,7,144,1,1,1001,broad_xyz,21.99112410904393,False,0.8171319687072214,0.9066579791648341,0.9428133791363686,-0.6372868086546603,-0.9355024594564347,-0.5723896780099016,0.27653294901071035,0.19820638073368144,2.24633779487864e-15,17.52339266927084,1
0.05,7,144,1,1,1002,broad_xyz,21.99112410904393,False,0.1317483740317742,0.5079317406701321,-0.28610056583463117,-0.45261927282511705,-0.1188383996027024,-0.10642411884080122,0.0015499595420561904,0.0004452914135584709,2.24633779487864e-15,17.52339266927084,2
0.075,7,144,1,1,1002,broad_xyz,21.99112410904393,False,0.14683008948935292,0.5203629947825621,-0.27229369710725687,-0.4939348504443841,-0.1402590857713669,-0.20589999955948657,0.004818686209604317,0.0015148175429886284,2.24633779487864e-15,17.52339266927084,2
0.1,7,144,1,1,1002,broad_xyz,21.99112410904393,False,0.22417094368617962,0.5415165604604548,-0.22176524820886323,-0.5136291966996276,-0.20995973598288625,-0.26347625415529424,0.01236521113529416,0.004021918038220045,2.24633779487864e-15,17.52339266927084,2
0.125,7,144,1,1,1002,broad_xyz,21.99112410904393,False,0.35510845065044977,0.5915713054539611,-0.13577040133368612,-0.5207264277653895,-0.32565816460470814,-0.2910446626821902,0.025309578556559777,0.008827842166818263,2.24633779487864e-15,17.52339266927084,2
0.15,7,144,1,1,1002,broad_xyz,21.99112410904393,False,0.5129625869380794,0.661523607672416,-0.01630776657100695,-0.5191178012409802,-0.44121277050144486,-0.32093187631244047,0.04391231615709189,0.0169457700446257,2.24633779487864e-15,17.52339266927084,2
0.1625,7,144,1,1,1002,broad_xyz,21.99112410904393,False,0.5950636922629633,0.7057308542102176,0.056879215651516046,-0.5118933577981396,-0.4833483310530397,-0.3356578111160749,0.05511141796715535,0.022706730894209652,2.24633779487864e-15,17.52339266927084,2
0.175,7,144,1,1,1002,broad_xyz,21.99112410904393,False,0.6699772453219294,0.7513695016953758,0.1346976368289793,-0.501144824354115,-0.5136444518742856,-0.35327288973020393,0.06849392293935905,0.030090050230855134,2.24633779487864e-15,17.52339266927084,2
0.1875,7,144,1,1,1002,broad_xyz,21.99112410904393,False,0.7353059031847181,0.792689293255349,0.21408779156327273,-0.4898459011434264,-0.5202605461330978,-0.3765476264207929,0.08308454918946835,0.03921059428016111,2.24633779487864e-15,17.52339266927084,2
0.2,7,144,1,1,1002,broad_xyz,21.99112410904393,False,0.7862422143580072,0.8255540628659076,0.28741510331396153,-0.4870408380670627,-0.4768726481240896,-0.4085348764375585,0.09903890516633322,0.050151486231207555,2.24633779487864e-15,17.52339266927084,2
0.2125,7,144,1,1,1002,broad_xyz,21.99112410904393,False,0.8277395753104968,0.8507743759531671,0.3619256995124013,-0.48689469414685205,-0.4040252711450737,-0.4404691022640787,0.11565440155982346,0.0625167181849539,2.24633779487864e-15,17.52339266927084,2
0.225,7,144,1,1,1002,broad_xyz,21.99112410904393,False,0.8579492490177719,0.8668028723117158,0.4321384727179848,-0.4983280842634006,-0.319488479128457,-0.4729540929337549,0.13228757345619405,0.07602659801509079,2.24633779487864e-15,17.52339266927084,2
0.2375,7,144,1,1,1002,broad_xyz,21.99112410904393,False,0.8823540401860773,0.8790470572928022,0.5027292792326659,-0.5185444844849764,-0.24152530724073307,-0.4922358479841152,0.1486134070338933,0.09001070762293643,2.24633779487864e-15,17.52339266927084,2
0.25,7,144,1,1,1002,broad_xyz,21.99112410904393,False,0.9024571485759009,0.8886757144254254,0.5733838748665998,-0.5491949991761689,-0.19702591015208387,-0.4929594018545041,0.16481550900784742,0.10396166796580442,2.24633779487864e-15,17.52339266927084,2
0.27,7,144,1,1,1002,broad_xyz,21.99112410904393,False,0.9276399069374421,0.90173967600606,0.6824262064542277,-0.6223750515071582,-0.18829158993742479,-0.44735643151780785,0.19081724066671946,0.12507672472136783,2.24633779487864e-15,17.52339266927084,2
0.29,7,144,1,1,1002,broad_xyz,21.99112410904393,False,0.944144832655063,0.9122957236168789,0.7756065838223294,-0.720061243500449,-0.2160135895224316,-0.33579956119850457,0.21415019438436428,0.14322644424299946,2.24633779487864e-15,17.52339266927084,2
0.31,7,144,1,1,1002,broad_xyz,21.99112410904393,False,0.9518057192963165,0.9212720765264973,0.841614637040099,-0.8192452250574345,-0.2357736805228725,-0.17415605734686437,0.23545747036253797,0.15711951887678544,2.24633779487864e-15,17.52339266927084,2
0.33,7,144,1,1,1002,broad_xyz,21.99112410904393,False,0.9526653477094564,0.9298512070186185,0.8835499985888253,-0.8886187509185531,-0.25176239493767216,-0.021677947339345513,0.2534814024458538,0.16602471531340973,2.24633779487864e-15,17.52339266927084,2
0.35,7,144,1,1,1002,broad_xyz,21.99112410904393,False,0.9490197679058199,0.9373648107640012,0.9136102650332543,-0.9219970266550493,-0.2715669846920946,0.07610917934378644,0.2683470490360018,0.17013128242610825,2.24633779487864e-15,17.52339266927084,2
0.37,7,144,1,1,1002,broad_xyz,21.99112410904393,False,0.9390226690059251,0.9394492106329931,0.9336184096580393,-0.9366325663483263,-0.30176384051504823,0.11855621176878164,0.27976427920584007,0.17157434905814306,2.24633779487864e-15,17.52339266927084,2
0.39,7,144,1,1,1002,broad_xyz,21.99112410904393,False,0.9197771381309223,0.9357918641801521,0.9408673757518919,-0.941806959638571,-0.3434924985272316,0.11802193257401004,0.2870353242649245,0.17233858835823274,2.24633779487864e-15,17.52339266927084,2
0.41000000000000003,7,144,1,1,1002,broad_xyz,21.99112410904393,False,0.894852527016043,0.930858774373867,0.9413142910453973,-0.9367278352668373,-0.3960706506652556,0.0960068142637465,0.28953140231107494,0.17276142143040674,2.24633779487864e-15,17.52339266927084,2
0.43,7,144,1,1,1002,broad_xyz,21.99112410904393,False,0.8685625986229772,0.9242130701919766,0.936051305431908,-0.9287295725764212,-0.43029781887690755,0.06780222040824171,0.28895712171796434,0.17353243566879487,2.24633779487864e-15,17.52339266927084,2
0.45,7,144,1,1,1002,broad_xyz,21.99112410904393,False,0.8479445107635286,0.9180570560157318,0.928745432076151,-0.9223251513074525,-0.44263066195720663,0.040074576726637445,0.28604487811762364,0.17478754923631465,2.24633779487864e-15,17.52339266927084,2
0.5,7,144,1,1,1002,broad_xyz,21.99112410904393,False,0.8361277070691683,0.9110223121224524,0.9082298043475192,-0.9292131812455935,-0.3924824497786453,-0.05839584718717086,0.2735418272735045,0.18238839722856556,2.24633779487864e-15,17.52339266927084,2
0.55,7,144,1,1,1002,broad_xyz,21.99112410904393,False,0.837098821924404,0.8958654997091217,0.8872407379381408,-0.9279928983398944,-0.428820318151532,-0.40327139873917994,0.2872490033061571,0.20122222398857026,2.24633779487864e-15,17.52339266927084,2
0.6,7,144,1,1,1002,broad_xyz,21.99112410904393,False,0.811140116594329,0.856672779735174,0.9009327979033355,-0.9084150664142187,-0.5990230607654803,-0.5419789619820773,0.28688706029337413,0.21382729135913078,2.24633779487864e-15,17.52339266927084,2
0.6499999999999999,7,144,1,1,1002,broad_xyz,21.99112410904393,False,0.8235898806945611,0.8654582335142035,0.9256289479279557,-0.8976933940279542,-0.7499535308885786,-0.5412814684370546,0.2840092377180866,0.21369534024694323,2.24633779487864e-15,17.52339266927084,2
0.7,7,144,1,1,1002,broad_xyz,21.99112410904393,False,0.8483080686552243,0.891681233711927,0.9389853410871324,-0.8728653657971526,-0.8392998501274136,-0.5610714067404269,0.28191451412014756,0.21002431942194852,2.24633779487864e-15,17.52339266927084,2
0.725,7,144,1,1,1002,broad_xyz,21.99112410904393,False,0.8538367879486645,0.8995670285343348,0.9416599594516827,-0.8389324330780514,-0.8649198963271402,-0.5757779253397274,0.2788258658540995,0.20748149758001083,2.24633779487864e-15,17.52339266927084,2
0.75,7,144,1,1,1002,broad_xyz,21.99112410904393,False,0.8488897671567245,0.9033346486998335,0.9433631708814179,-0.7694965563008219,-0.8833914229634566,-0.588144021744007,0.2796379965326591,0.2040527155706516,2.24633779487864e-15,17.52339266927084,2
0.775,7,144,1,1,1002,broad_xyz,21.99112410904393,False,0.8366089259871384,0.9060474171200941,0.9455507925387824,-0.634917462142564,-0.9006357525500945,-0.5928638866103831,0.27692378503196485,0.19982750909536692,2.24633779487864e-15,17.52339266927084,2
0.8,7,144,1,1,1002,broad_xyz,21.99112410904393,False,0.8279244627415456,0.9114471860386454,0.9488567398589141,-0.4177502000960323,-0.9163740743331235,-0.5860945396044286,0.2815414930838147,0.19531741602566563,2.24633779487864e-15,17.52339266927084,2
0.825,7,144,1,1,1002,broad_xyz,21.99112410904393,False,0.8307926361175739,0.9189546992851589,0.9507416392234368,-0.20031792353544084,-0.9277310606492547,-0.5696903232012512,0.27929552932941204,0.19101824105395476,2.24633779487864e-15,17.52339266927084,2
0.85,7,144,1,1,1002,broad_xyz,21.99112410904393,False,0.8393575365259066,0.9239071590909083,0.9479089146110269,-0.08809633641121543,-0.927007611728056,-0.555055971589456,0.27585824145344484,0.1873208222073914,2.24633779487864e-15,17.52339266927084,2
0.875,7,144,1,1,1002,broad_xyz,21.99112410904393,False,0.8389187794157029,0.9230637946463556,0.9425051809716353,-0.06024964049135035,-0.9042841547982136,-0.5587253801914057,0.2791214359357277,0.184750393192107,2.24633779487864e-15,17.52339266927084,2
0.9,7,144,1,1,1002,broad_xyz,21.99112410904393,False,0.8192619917892451,0.9132773163238411,0.9372193885318609,-0.07110145752994988,-0.8597672400568303,-0.5733150993070693,0.28867513823986257,0.18389436516952604,2.24633779487864e-15,17.52339266927084,2
0.95,7,144,1,1,1002,broad_xyz,21.99112410904393,False,0.7334083202358032,0.863231103067403,0.9257387436476673,-0.23952922705324367,-0.8753511051546533,-0.6010249374326098,0.29694534402429584,0.1881523848897186,2.24633779487864e-15,17.52339266927084,2
1.0,7,144,1,1,1002,broad_xyz,21.99112410904393,False,0.6498168261584645,0.7969977919873914,0.911847146787651,-0.6256356125246436,-0.8745301509254558,-0.6320437890171966,0.3033263751650884,0.19752476346817657,2.24633779487864e-15,17.52339266927084,2
0.05,7,144,1,1,1003,broad_xyz,21.99112410904393,False,0.4939471882145638,0.6181407723744937,0.06622834677448818,-0.40508680614981374,-0.29385053575144465,-0.016248128683608587,0.0027971152023915356,0.0007278340348215047,2.24633779487864e-15,17.52339266927084,3
0.075,7,144,1,1,1003,broad_xyz,21.99112410904393,False,0.5463791992815932,0.6416160026008717,0.10766017633521117,-0.4732660932150461,-0.43044702971021337,-0.006396350243282038,0.00784548737288025,0.0022001836430479258,2.24633779487864e-15,17.52339266927084,3
0.1,7,144,1,1,1003,broad_xyz,21.99112410904393,False,0.6179795899302633,0.6711403551977705,0.17619244635133113,-0.5310409369326959,-0.570668370851065,0.006642239223428394,0.01743288575859662,0.005396300587125176,2.24633779487864e-15,17.52339266927084,3
0.125,7,144,1,1,1003,broad_xyz,21.99112410904393,False,0.7040002241171762,0.7112112619583129,0.2805200509420081,-0.5732005101340162,-0.683674692453136,0.003401394041566534,0.03364271510213821,0.011570860410863618,2.24633779487864e-15,17.52339266927084,3
0.15,7,144,1,1,1003,broad_xyz,21.99112410904393,False,0.7893480526408608,0.7595159161864397,0.4060208105682312,-0.6053069579477347,-0.7565280015831997,-0.02554648022219202,0.0570448178898416,0.02228587516953392,2.24633779487864e-15,17.52339266927084,3
0.1625,7,144,1,1,1003,broad_xyz,21.99112410904393,False,0.8250040938464294,0.7837514009257308,0.468690308758757,-0.6213669300234567,-0.7787306748192876,-0.04238855524192889,0.07108079775512681,0.029631632061179223,2.24633779487864e-15,17.52339266927084,3
0.175,7,144,1,1,1003,broad_xyz,21.99112410904393,False,0.8546547923144853,0.8082473232629805,0.5275835554993406,-0.641013592589588,-0.7970603438473983,-0.056460149753333244,0.08642130774854265,0.03837315258742437,2.24633779487864e-15,17.52339266927084,3
0.1875,7,144,1,1,1003,broad_xyz,21.99112410904393,False,0.8785486927513144,0.8328686661222184,0.5815357565333948,-0.665702905214804,-0.8089898940245399,-0.07002320689461235,0.10277019631089676,0.04849873735819676,2.24633779487864e-15,17.52339266927084,3
0.2,7,144,1,1,1003,broad_xyz,21.99112410904393,False,0.8973781018144392,0.8555188710981158,0.628896031910686,-0.6960888569089463,-0.8160633962968057,-0.08117471528582458,0.11962669077490032,0.059955234133489306,2.24633779487864e-15,17.52339266927084,3
0.2125,7,144,1,1,1003,broad_xyz,21.99112410904393,False,0.9126073970987235,0.8734799850453158,0.6724723762249829,-0.7282553747313154,-0.8151925425562113,-0.09426386689587107,0.1374602684490216,0.07275842345226405,2.24633779487864e-15,17.52339266927084,3
0.225,7,144,1,1,1003,broad_xyz,21.99112410904393,False,0.9257681432948152,0.8869928909778348,0.7123004176904733,-0.7627335733081152,-0.8101475301167186,-0.1094111099864616,0.154899157434024,0.08678196961219418,2.24633779487864e-15,17.52339266927084,3
0.2375,7,144,1,1,1003,broad_xyz,21.99112410904393,False,0.9385299667973309,0.8987602641562429,0.7509609273327162,-0.7965924628446756,-0.7971210291457697,-0.12569219864253542,0.1715542141917487,0.10160440776789222,2.24633779487864e-15,17.52339266927084,3
0.25,7,144,1,1,1003,broad_xyz,21.99112410904393,False,0.9514698604490653,0.9091577325125069,0.7896244806126272,-0.826827485848184,-0.77813221546393,-0.14632976178318657,0.18825567413367456,0.1168893145361862,2.24633779487864e-15,17.52339266927084,3
0.27,7,144,1,1,1003,broad_xyz,21.99112410904393,False,0.9710556681598308,0.9241098945555032,0.8519356598354403,-0.8604240353810758,-0.7463511761939289,-0.18369488959127248,0.21238024846767684,0.14089950609300245,2.24633779487864e-15,17.52339266927084,3
0.29,7,144,1,1,1003,broad_xyz,21.99112410904393,False,0.9791037486919351,0.9357387144617466,0.9026206648934705,-0.8802622917752303,-0.7430875895135485,-0.20948446126905007,0.23375187422514357,0.1613729377630168,2.24633779487864e-15,17.52339266927084,3
0.31,7,144,1,1,1003,broad_xyz,21.99112410904393,False,0.9712567216792725,0.9441124413503997,0.923773186598407,-0.9094283519464638,-0.7475995571686808,-0.20876339701672383,0.2530842105849118,0.1751927429197134,2.24633779487864e-15,17.52339266927084,3
0.33,7,144,1,1,1003,broad_xyz,21.99112410904393,False,0.9569148464171907,0.9512321577612588,0.9311061640578651,-0.9400869998029735,-0.7442793755793226,-0.18831297187744256,0.26851008067550336,0.18112030485879607,2.24633779487864e-15,17.52339266927084,3
0.35,7,144,1,1,1003,broad_xyz,21.99112410904393,False,0.94121797313907,0.9545221257142508,0.9431697236015607,-0.956250558496267,-0.7665604369502499,-0.16800654020369507,0.2802495975135157,0.1807286750374434,2.24633779487864e-15,17.52339266927084,3
0.37,7,144,1,1,1003,broad_xyz,21.99112410904393,False,0.9227726273036049,0.9516365653923328,0.9549907833523281,-0.9626019448223392,-0.8007616737456994,-0.16580861488470808,0.28915163963943236,0.17806486528032744,2.24633779487864e-15,17.52339266927084,3
0.39,7,144,1,1,1003,broad_xyz,21.99112410904393,False,0.8930441265387536,0.9446548015085707,0.962369809585317,-0.9586737480439367,-0.833342247640141,-0.15577477109867408,0.29506549027220424,0.1748767517329744,2.24633779487864e-15,17.52339266927084,3
0.41000000000000003,7,144,1,1,1003,broad_xyz,21.99112410904393,False,0.8532849158253746,0.9373184354660764,0.9663914179045325,-0.9484923883395093,-0.8696868520237347,-0.13843056590147168,0.2982061993822175,0.17235972471608674,2.24633779487864e-15,17.52339266927084,3
0.43,7,144,1,1,1003,broad_xyz,21.99112410904393,False,0.8119717499408571,0.9315954393980412,0.9678138141417909,-0.9360076482858647,-0.8987239999666661,-0.13206380393899653,0.298183507652623,0.171076151526841,2.24633779487864e-15,17.52339266927084,3
0.45,7,144,1,1,1003,broad_xyz,21.99112410904393,False,0.7811112719034091,0.9288930622001993,0.967719140741904,-0.9250584767357769,-0.914372252353609,-0.14665933373935355,0.2945393961290059,0.17115624633484522,2.24633779487864e-15,17.52339266927084,3
0.5,7,144,1,1,1003,broad_xyz,21.99112410904393,False,0.7874269829517234,0.9331105965220153,0.971097901472252,-0.924926991558932,-0.8722632318846935,-0.21367518466123442,0.27575664963342833,0.1818665515969802,2.24633779487864e-15,17.52339266927084,3
0.55,7,144,1,1,1003,broad_xyz,21.99112410904393,False,0.8208163575776075,0.9025246776837988,0.956917208656514,-0.9264228227611558,-0.8034695287697815,-0.36980574728433374,0.2731089873036169,0.20998850720390722,2.24633779487864e-15,17.52339266927084,3
0.6,7,144,1,1,1003,broad_xyz,21.99112410904393,False,0.8093250266345753,0.8501045690657643,0.9445786302544382,-0.9162125224635037,-0.8420416852506806,-0.4851278704868685,0.285910337526207,0.2273147819202777,2.24633779487864e-15,17.52339266927084,3
0.6499999999999999,7,144,1,1,1003,broad_xyz,21.99112410904393,False,0.8308710066607522,0.8700300779423086,0.9429882819342433,-0.9253381087584297,-0.907603767281203,-0.5069115757584278,0.2886860499220497,0.22453496078481716,2.24633779487864e-15,17.52339266927084,3
0.7,7,144,1,1,1003,broad_xyz,21.99112410904393,False,0.8538010585891973,0.9022630784897615,0.950041972354372,-0.8938826256973865,-0.949468154743304,-0.5059097890405879,0.2805456279561393,0.21363921808508846,2.24633779487864e-15,17.52339266927084,3
0.725,7,144,1,1,1003,broad_xyz,21.99112410904393,False,0.845617711480402,0.9074579531534789,0.9532341093645185,-0.8524621587760809,-0.9558699386203107,-0.5045237215096418,0.27693994522259713,0.206936315537438,2.24633779487864e-15,17.52339266927084,3
0.75,7,144,1,1,1003,broad_xyz,21.99112410904393,False,0.8196091517767871,0.9098230790980772,0.9553622545412301,-0.7742579264407611,-0.9582487993433075,-0.5036206612895453,0.27455118256725397,0.19990007059299297,2.24633779487864e-15,17.52339266927084,3
0.775,7,144,1,1,1003,broad_xyz,21.99112410904393,False,0.7814988197306895,0.9123424412028884,0.9547887993801076,-0.6187492366096915,-0.9567264956003583,-0.5015670993767265,0.27033014254719584,0.19326500428645976,2.24633779487864e-15,17.52339266927084,3
0.8,7,144,1,1,1003,broad_xyz,21.99112410904393,False,0.7336376254781743,0.9144170776989842,0.9496408182309181,-0.3757300354178353,-0.9504866828991834,-0.4961653982912503,0.2674703600668339,0.1875069398920492,2.24633779487864e-15,17.52339266927084,3
0.825,7,144,1,1,1003,broad_xyz,21.99112410904393,False,0.6730219141867108,0.9138820546091839,0.940643793113933,-0.18411174903679187,-0.9419915144795691,-0.47987588874958775,0.2653008541764895,0.18217908712419406,2.24633779487864e-15,17.52339266927084,3
0.85,7,144,1,1,1003,broad_xyz,21.99112410904393,False,0.6041552431695126,0.9124334902907024,0.9328547615906742,-0.1293115198920249,-0.93416431558481,-0.4521955450588713,0.27042583161505823,0.17657236418234706,2.24633779487864e-15,17.52339266927084,3
0.875,7,144,1,1,1003,broad_xyz,21.99112410904393,False,0.5400408788422502,0.911931692270714,0.9272487292285083,-0.1619120931462231,-0.9145731413413388,-0.43470647793516026,0.27414086659173015,0.1717042683590699,2.24633779487864e-15,17.52339266927084,3
0.9,7,144,1,1,1003,broad_xyz,21.99112410904393,False,0.49459874871543175,0.9107825623726034,0.9223559154462493,-0.21951674721839332,-0.8724341971872107,-0.4347461859159893,0.2733491197544168,0.1695310285276361,2.24633779487864e-15,17.52339266927084,3
0.95,7,144,1,1,1003,broad_xyz,21.99112410904393,False,0.4963554162692537,0.8980160147510846,0.9178243655040352,-0.37423401388462196,-0.8874645096225025,-0.4541395895906759,0.2694954352265289,0.17441196583711788,2.24633779487864e-15,17.52339266927084,3
1.0,7,144,1,1,1003,broad_xyz,21.99112410904393,False,0.6110723534446357,0.8691019146359674,0.9264858577851874,-0.6562929793518525,-0.9081659430386341,-0.5175336474647872,0.2748862416149877,0.18604819010201196,2.24633779487864e-15,17.52339266927084,3
0.05,7,144,1,1,1004,broad_xyz,21.99112410904393,False,-0.17644200995383008,0.37510199574865927,-0.35306831228696794,-0.41319105694640446,-0.3436630789274788,0.07936106293079362,0.002396544509460867,0.0003647778380018407,2.24633779487864e-15,17.52339266927084,4
0.075,7,144,1,1,1004,broad_xyz,21.99112410904393,False,-0.060511165590217145,0.3634429837297368,-0.3142188093540631,-0.41074274612030515,-0.38007008495048206,0.09782790365229513,0.0053846073148451305,0.0008839798957552688,2.24633779487864e-15,17.52339266927084,4
0.1,7,144,1,1,1004,broad_xyz,21.99112410904393,False,0.06830141146455118,0.3570025274648483,-0.255676726131046,-0.41203923059857017,-0.4581018995080192,0.08128591502349235,0.010108311213730032,0.0018506430718783888,2.24633779487864e-15,17.52339266927084,4
0.125,7,144,1,1,1004,broad_xyz,21.99112410904393,False,0.1891008162835335,0.37802747091227523,-0.17141144463884997,-0.41437373559394125,-0.5649481764294381,0.014022036068645521,0.017442561897480762,0.0037647673095983374,2.24633779487864e-15,17.52339266927084,4
0.15,7,144,1,1,1004,broad_xyz,21.99112410904393,False,0.2943903083415838,0.4419874125204126,-0.06412098257958102,-0.4135549664071392,-0.6603713849989157,-0.08201198517320832,0.029416138259090285,0.007725303458541482,2.24633779487864e-15,17.52339266927084,4
0.1625,7,144,1,1,1004,broad_xyz,21.99112410904393,False,0.35123037258112405,0.4885207993812442,-0.004646520801055422,-0.4124528440553834,-0.6537652310327561,-0.12127625618316407,0.03837030835269379,0.01107842708372336,2.24633779487864e-15,17.52339266927084,4
0.175,7,144,1,1,1004,broad_xyz,21.99112410904393,False,0.42007551853250163,0.5457147629309202,0.05864903839389451,-0.4149377408245979,-0.5802865611449338,-0.15285522523843773,0.04874880496316804,0.016050968231171508,2.24633779487864e-15,17.52339266927084,4
0.1875,7,144,1,1,1004,broad_xyz,21.99112410904393,False,0.497338128823095,0.6046663666517089,0.12599140561602473,-0.41873231892163854,-0.4660765112750803,-0.17805346255747836,0.0622130818664909,0.02302987959916853,2.24633779487864e-15,17.52339266927084,4
0.2,7,144,1,1,1004,broad_xyz,21.99112410904393,False,0.5676159349245479,0.6547504117391696,0.18525521975762027,-0.43396104885981196,-0.3603107440586096,-0.18469837432833744,0.07944345493272727,0.03195327305897129,2.24633779487864e-15,17.52339266927084,4
0.2125,7,144,1,1,1004,broad_xyz,21.99112410904393,False,0.6264556093023447,0.695233005611917,0.23666180535179102,-0.4631297646156307,-0.28838525789709557,-0.17236014137876465,0.09743883621535304,0.04254961132335468,2.24633779487864e-15,17.52339266927084,4
0.225,7,144,1,1,1004,broad_xyz,21.99112410904393,False,0.6768822039219411,0.7289207928210524,0.28645670183103916,-0.5032391825669389,-0.24776972966899924,-0.13444376818590584,0.11545143456831641,0.05432843468340234,2.24633779487864e-15,17.52339266927084,4
0.2375,7,144,1,1,1004,broad_xyz,21.99112410904393,False,0.7246337407368563,0.7604480933014232,0.34356381078436976,-0.5482786239346056,-0.23856527913693068,-0.07205270429465342,0.13302033821117726,0.06709644576608115,2.24633779487864e-15,17.52339266927084,4
0.25,7,144,1,1,1004,broad_xyz,21.99112410904393,False,0.7700640500181628,0.7901957464367493,0.41126119191101235,-0.5938345441967504,-0.2655036580114811,0.014450596837782928,0.1497840121652391,0.08071009176789963,2.24633779487864e-15,17.52339266927084,4
0.27,7,144,1,1,1004,broad_xyz,21.99112410904393,False,0.8326902684889337,0.8323042434749317,0.5425453557574014,-0.649821528754115,-0.3709900969344808,0.192621803864465,0.17433752735491617,0.10336818734474466,2.24633779487864e-15,17.52339266927084,4
0.29,7,144,1,1,1004,broad_xyz,21.99112410904393,False,0.8667839336409146,0.858493806157992,0.6713709290139188,-0.6802688464244274,-0.51096886162907,0.3515911122072254,0.20224956562495128,0.12473147660623887,2.24633779487864e-15,17.52339266927084,4
0.31,7,144,1,1,1004,broad_xyz,21.99112410904393,False,0.8775179074263344,0.878376678777069,0.7454346119296144,-0.7343580370965076,-0.5854105832206904,0.417512929877443,0.2294214934483197,0.14076218109213184,2.24633779487864e-15,17.52339266927084,4
0.33,7,144,1,1,1004,broad_xyz,21.99112410904393,False,0.8854907907326994,0.9042919635240548,0.7817175307046385,-0.8088791300731415,-0.5926866388885487,0.4166178730716439,0.24758073251301385,0.14954259158984817,2.24633779487864e-15,17.52339266927084,4
0.35,7,144,1,1,1004,broad_xyz,21.99112410904393,False,0.8901885018775216,0.9265422036023522,0.8137933008176081,-0.8621167871542335,-0.5879197367052871,0.3932782907393805,0.25612497169492265,0.15248525324634724,2.24633779487864e-15,17.52339266927084,4
0.37,7,144,1,1,1004,broad_xyz,21.99112410904393,False,0.8857015596102031,0.9336654440678157,0.8370013776033062,-0.8932495222543424,-0.5894174861583862,0.37026580142877613,0.26067388977701034,0.15286120134858008,2.24633779487864e-15,17.52339266927084,4
0.39,7,144,1,1,1004,broad_xyz,21.99112410904393,False,0.8723736079578813,0.9304205780947089,0.8547010597473251,-0.8985624511559956,-0.5988441156580739,0.3535400106425041,0.2625366708163039,0.15179392465873767,2.24633779487864e-15,17.52339266927084,4
0.41000000000000003,7,144,1,1,1004,broad_xyz,21.99112410904393,False,0.8539668067718786,0.9235185888748552,0.868062988857942,-0.8856198087283287,-0.6292407049553375,0.3425679204077729,0.26093464961714047,0.15034890987288335,2.24633779487864e-15,17.52339266927084,4
0.43,7,144,1,1,1004,broad_xyz,21.99112410904393,False,0.8348808464145219,0.9153147042176156,0.8744956144164129,-0.8651552641345601,-0.6619032312361057,0.3380876399185253,0.261371745269235,0.14892742755434252,2.24633779487864e-15,17.52339266927084,4
0.45,7,144,1,1,1004,broad_xyz,21.99112410904393,False,0.8219687218087169,0.9081815427754542,0.8759773210547921,-0.8500080661555421,-0.6742107756316749,0.34095860238970177,0.26236367439908587,0.1481496361702665,2.24633779487864e-15,17.52339266927084,4
0.5,7,144,1,1,1004,broad_xyz,21.99112410904393,False,0.8412749476149403,0.9021929133571288,0.8714154309935278,-0.8763468524767831,-0.5808685359969006,0.35379341272683873,0.2615610689003873,0.15421350485116703,2.24633779487864e-15,17.52339266927084,4
0.55,7,144,1,1,1004,broad_xyz,21.99112410904393,False,0.8719812773758905,0.8898359724654158,0.8323633915614015,-0.8841617001297646,-0.6279539414209292,0.24485242565233833,0.25108945062767046,0.17503193951873705,2.24633779487864e-15,17.52339266927084,4
0.6,7,144,1,1,1004,broad_xyz,21.99112410904393,False,0.8388573852828074,0.8448084165150125,0.8365219708614281,-0.8525429055287583,-0.7626405212275149,-0.031060249940365225,0.2748104324998237,0.18872860903292532,2.24633779487864e-15,17.52339266927084,4
0.6499999999999999,7,144,1,1,1004,broad_xyz,21.99112410904393,False,0.8353880767775554,0.8452158958335986,0.8358589284348054,-0.8314523878836146,-0.7666528663956015,-0.2660489440620361,0.2736216476595433,0.1848360352018118,2.24633779487864e-15,17.52339266927084,4
0.7,7,144,1,1,1004,broad_xyz,21.99112410904393,False,0.7886420878230561,0.8406005580104775,0.8372992681369794,-0.796503528811661,-0.7745011308738402,-0.4044423670719152,0.2721634183640072,0.17453340367489076,2.24633779487864e-15,17.52339266927084,4
0.725,7,144,1,1,1004,broad_xyz,21.99112410904393,False,0.6983678143715475,0.8064084008173398,0.8266124675485317,-0.7737830924746203,-0.7622239870034273,-0.4406024056518001,0.2742171046767964,0.1694079405367573,2.24633779487864e-15,17.52339266927084,4
0.75,7,144,1,1,1004,broad_xyz,21.99112410904393,False,0.5849209478276529,0.7614835129294784,0.808023423567443,-0.7404600687056939,-0.7374485960621978,-0.45937298568161483,0.2708992862207415,0.16433290274993864,2.24633779487864e-15,17.52339266927084,4
0.775,7,144,1,1,1004,broad_xyz,21.99112410904393,False,0.48808415130176813,0.7248023715702738,0.7927556597011727,-0.686585558139389,-0.7146041328039495,-0.46857025959038295,0.2630811201693488,0.1594606787197728,2.24633779487864e-15,17.52339266927084,4
0.8,7,144,1,1,1004,broad_xyz,21.99112410904393,False,0.4269303532796019,0.7059105132142144,0.7888680255325886,-0.5983415956966213,-0.6988882950689157,-0.47452145111153315,0.2595168481617307,0.15538723295373666,2.24633779487864e-15,17.52339266927084,4
0.825,7,144,1,1,1004,broad_xyz,21.99112410904393,False,0.40404843236329036,0.7058471112917696,0.797136049147198,-0.4736803627337841,-0.6898184358012752,-0.47856660736098905,0.25185859049753023,0.152534048885053,2.24633779487864e-15,17.52339266927084,4
0.85,7,144,1,1,1004,broad_xyz,21.99112410904393,False,0.4176014591677758,0.7224900285567355,0.8155326492904017,-0.3418843789321579,-0.6920857529973415,-0.4814367164816287,0.24464091402725394,0.1510366055339602,2.24633779487864e-15,17.52339266927084,4
0.875,7,144,1,1,1004,broad_xyz,21.99112410904393,False,0.45709273864118416,0.7455944149369044,0.8368443465951975,-0.2500411569292583,-0.6955571315884695,-0.48820568378915635,0.2532626604845457,0.1508337198549783,2.24633779487864e-15,17.52339266927084,4
0.9,7,144,1,1,1004,broad_xyz,21.99112410904393,False,0.5093454889686726,0.7654071073718324,0.8568331954241257,-0.20893339910340913,-0.6830168083630025,-0.5014416959006877,0.257508050211534,0.15202260819526014,2.24633779487864e-15,17.52339266927084,4
0.95,7,144,1,1,1004,broad_xyz,21.99112410904393,False,0.5981386783909056,0.767803109592424,0.879557236482493,-0.3335941893807096,-0.7692694760144388,-0.5240808588304284,0.269492895502428,0.15907010486771211,2.24633779487864e-15,17.52339266927084,4
1.0,7,144,1,1,1004,broad_xyz,21.99112410904393,False,0.6276480926263602,0.7348580899501781,0.8836183625743051,-0.6940280010752669,-0.8230080995027433,-0.5412201244008987,0.26737408659540085,0.16900153871153817,2.24633779487864e-15,17.52339266927084,4
0.05,7,144,1,1,1005,broad_xyz,21.99112410904393,False,0.3886762643115625,0.4802429996588347,-0.13600561552856488,-0.47785557295178854,-0.2606817021705954,0.15843201727984416,0.002735174903132119,0.0005857189707804215,2.24633779487864e-15,17.52339266927084,5
0.075,7,144,1,1,1005,broad_xyz,21.99112410904393,False,0.4787356334585587,0.5476703962202337,-0.012213760790392275,-0.5043933189213963,-0.3516766660792164,0.16701011196775295,0.007167341413146217,0.0018335852060653197,2.24633779487864e-15,17.52339266927084,5
0.1,7,144,1,1,1005,broad_xyz,21.99112410904393,False,0.5867209867456681,0.6321346955106508,0.1643908759245461,-0.5256138736752316,-0.47913977659610973,0.14162875681767256,0.015064241189198547,0.004563098931001581,2.24633779487864e-15,17.52339266927084,5
0.125,7,144,1,1,1005,broad_xyz,21.99112410904393,False,0.7217481988956408,0.7236062494874129,0.36262044997370463,-0.551337070609341,-0.642548119184233,0.07521209522514222,0.028366297189731306,0.009874616151739377,2.24633779487864e-15,17.52339266927084,5
0.15,7,144,1,1,1005,broad_xyz,21.99112410904393,False,0.8372919085490931,0.8003738496446088,0.5405833249667469,-0.5711853766817655,-0.780103432633133,-0.01974571597382928,0.04966520167467605,0.0193526407913763,2.24633779487864e-15,17.52339266927084,5
0.1625,7,144,1,1,1005,broad_xyz,21.99112410904393,False,0.8736553198115451,0.833207466962817,0.6038488519318803,-0.5871740104520424,-0.8238601423741854,-0.06102793854915393,0.06252570946728495,0.02624230779020598,2.24633779487864e-15,17.52339266927084,5
0.175,7,144,1,1,1005,broad_xyz,21.99112410904393,False,0.8983478111223447,0.8625744069824718,0.6432981918723558,-0.6142517553935667,-0.8432322688066397,-0.09644898097539482,0.07674579567638946,0.03471112136591622,2.24633779487864e-15,17.52339266927084,5
0.1875,7,144,1,1,1005,broad_xyz,21.99112410904393,False,0.9140132669563933,0.8887585520098078,0.6633315734324029,-0.6500192069756766,-0.8402325077454091,-0.12461712162100294,0.09262959248839328,0.04469042046480001,2.24633779487864e-15,17.52339266927084,5
0.2,7,144,1,1,1005,broad_xyz,21.99112410904393,False,0.9218948121706662,0.9088731771827618,0.671906287898467,-0.6857306043714293,-0.8090141106932207,-0.14173808045489916,0.10877090976331334,0.05592783017151037,2.24633779487864e-15,17.52339266927084,5
0.2125,7,144,1,1,1005,broad_xyz,21.99112410904393,False,0.9255286491785552,0.9226598927236874,0.6724794389401507,-0.7199485619285733,-0.750649869334122,-0.15691329370093285,0.1247736973227952,0.06847489334849148,2.24633779487864e-15,17.52339266927084,5
0.225,7,144,1,1,1005,broad_xyz,21.99112410904393,False,0.9274039841485828,0.9330773430573902,0.6746271354374132,-0.7478992076860059,-0.6827790957189492,-0.16651555328561798,0.14031877004723275,0.08194356087473101,2.24633779487864e-15,17.52339266927084,5
0.2375,7,144,1,1,1005,broad_xyz,21.99112410904393,False,0.9282571494618934,0.9408333257259693,0.6831374918008642,-0.7686803897265426,-0.6135176300222147,-0.16776699808367793,0.15637321201517862,0.09594136438008068,2.24633779487864e-15,17.52339266927084,5
0.25,7,144,1,1,1005,broad_xyz,21.99112410904393,False,0.9277225317694735,0.9459869434886683,0.6978219633609068,-0.7842271647743946,-0.5589060033203471,-0.16240164213403355,0.1718163568506133,0.10993745581625425,2.24633779487864e-15,17.52339266927084,5
0.27,7,144,1,1,1005,broad_xyz,21.99112410904393,False,0.9244837851704572,0.9489987079190304,0.7323988678929791,-0.7992476690795755,-0.5214277828394137,-0.1456119705080224,0.19388765960772386,0.13104318342750845,2.24633779487864e-15,17.52339266927084,5
0.29,7,144,1,1,1005,broad_xyz,21.99112410904393,False,0.9177617250095138,0.9457667570161316,0.7657013865297005,-0.8162682597908604,-0.541403214579539,-0.11847443273887415,0.2114658146529457,0.14822869673016126,2.24633779487864e-15,17.52339266927084,5
0.31,7,144,1,1,1005,broad_xyz,21.99112410904393,False,0.9129278625344919,0.9441024634163148,0.7857087681595762,-0.8536798595266085,-0.5709753565168401,-0.075575570759892,0.2235596214519918,0.15942626004135316,2.24633779487864e-15,17.52339266927084,5
0.33,7,144,1,1,1005,broad_xyz,21.99112410904393,False,0.9128162096870673,0.9482568934758734,0.8035285583394853,-0.8990948199709218,-0.5819900695201734,-0.015492261189870507,0.2340184337721359,0.16418443514283032,2.24633779487864e-15,17.52339266927084,5
0.35,7,144,1,1,1005,broad_xyz,21.99112410904393,False,0.911628608591417,0.9537902914433664,0.8321964077706794,-0.9292293679255513,-0.599058360327873,0.05209409581072743,0.24343932005474334,0.1639403550324593,2.24633779487864e-15,17.52339266927084,5
0.37,7,144,1,1,1005,broad_xyz,21.99112410904393,False,0.907071918523416,0.957161511601589,0.862233913707446,-0.9439536882250172,-0.643409128956602,0.1102881322765559,0.2476937670300392,0.16135746582859356,2.24633779487864e-15,17.52339266927084,5
0.39,7,144,1,1,1005,broad_xyz,21.99112410904393,False,0.8992154794262335,0.9564254928700839,0.8841192747709494,-0.9440034272584067,-0.7121851766413789,0.15040799900246427,0.2524531016023822,0.15831111148751992,2.24633779487864e-15,17.52339266927084,5
0.41000000000000003,7,144,1,1,1005,broad_xyz,21.99112410904393,False,0.8887962292426047,0.9534165253339949,0.8972832096964951,-0.933517680383833,-0.7721976041941124,0.18207340624233181,0.25396829660001813,0.15536860657466503,2.24633779487864e-15,17.52339266927084,5
0.43,7,144,1,1,1005,broad_xyz,21.99112410904393,False,0.8813243268183334,0.9503485723273425,0.902594888174627,-0.9183663804246577,-0.8096663348690498,0.20054555378669595,0.25131514228818175,0.1533949675542714,2.24633779487864e-15,17.52339266927084,5
0.45,7,144,1,1,1005,broad_xyz,21.99112410904393,False,0.8798587100932631,0.9489574503296249,0.9033589903701279,-0.9056117858407605,-0.823729028458252,0.17956902293524643,0.25699957784186855,0.15316593618060376,2.24633779487864e-15,17.52339266927084,5
0.5,7,144,1,1,1005,broad_xyz,21.99112410904393,False,0.8482081337220607,0.9313313063055892,0.8947655896634157,-0.9096947526730785,-0.791554807742898,-0.10578778455806241,0.273607986528709,0.16315226797505109,2.24633779487864e-15,17.52339266927084,5
0.55,7,144,1,1,1005,broad_xyz,21.99112410904393,False,0.7129297953329624,0.8265360439628557,0.8264313125208412,-0.9253869294448596,-0.743819995929209,-0.41229788466112854,0.28032052077933683,0.18551044114051987,2.24633779487864e-15,17.52339266927084,5
0.6,7,144,1,1,1005,broad_xyz,21.99112410904393,False,0.6120554795369593,0.7340511775463314,0.8044791171001182,-0.9126475835790686,-0.7499449113533224,-0.5115464106314783,0.27823740732516156,0.20085290646689336,2.24633779487864e-15,17.52339266927084,5
0.6499999999999999,7,144,1,1,1005,broad_xyz,21.99112410904393,False,0.6536253089455321,0.7968763364079842,0.8493532362203199,-0.8906861966759521,-0.8363245311685656,-0.5406009708838974,0.2745208180374078,0.20108536989786896,2.24633779487864e-15,17.52339266927084,5
0.7,7,144,1,1,1005,broad_xyz,21.99112410904393,False,0.736174264891894,0.8615058475268464,0.9110769641721747,-0.8254685352208999,-0.9235211535854629,-0.5370996161582398,0.26799875576519866,0.19515976011686853,2.24633779487864e-15,17.52339266927084,5
0.725,7,144,1,1,1005,broad_xyz,21.99112410904393,False,0.7359150392203242,0.8611316874394778,0.9280489228471713,-0.7632723614138972,-0.9357865456869938,-0.5196255425845129,0.27077776187398506,0.1916808810187838,2.24633779487864e-15,17.52339266927084,5
0.75,7,144,1,1,1005,broad_xyz,21.99112410904393,False,0.7161446952595211,0.8494574054501293,0.9305846102369221,-0.6658298562012771,-0.9331384321089858,-0.5006858202150015,0.2773154798751499,0.18810387295153705,2.24633779487864e-15,17.52339266927084,5
0.775,7,144,1,1,1005,broad_xyz,21.99112410904393,False,0.7041096958589139,0.8414569050037055,0.9268483328498641,-0.5204367088820856,-0.9288321383689854,-0.48713316754808933,0.2863949183309079,0.18459814581265022,2.24633779487864e-15,17.52339266927084,5
0.8,7,144,1,1,1005,broad_xyz,21.99112410904393,False,0.7041382817055987,0.8410578053448042,0.9232933485062472,-0.33669962836153233,-0.9312154216342157,-0.476054142499577,0.2892849144396898,0.18113539607564677,2.24633779487864e-15,17.52339266927084,5
0.825,7,144,1,1,1005,broad_xyz,21.99112410904393,False,0.7054017131694826,0.8450761523525281,0.9225697443069414,-0.16629021209144634,-0.9336869299041113,-0.4600827446474733,0.2902110452973504,0.17747494366693703,2.24633779487864e-15,17.52339266927084,5
0.85,7,144,1,1,1005,broad_xyz,21.99112410904393,False,0.7021390379405151,0.8503593631127531,0.9237898691502214,-0.06227896186434136,-0.9281242728586451,-0.4420740347812056,0.291869390850738,0.17345108579627883,2.24633779487864e-15,17.52339266927084,5
0.875,7,144,1,1,1005,broad_xyz,21.99112410904393,False,0.6941768276970316,0.8544788580658291,0.9245180997632511,-0.03173794767770055,-0.9018714868591631,-0.43195345735485896,0.29087324641134554,0.1697810205562042,2.24633779487864e-15,17.52339266927084,5
0.9,7,144,1,1,1005,broad_xyz,21.99112410904393,False,0.6779393206190484,0.8539506202248138,0.924126097055872,-0.04840786118155471,-0.8432846179536853,-0.43194468702335403,0.284809663993508,0.16783126807782048,2.24633779487864e-15,17.52339266927084,5
0.95,7,144,1,1,1005,broad_xyz,21.99112410904393,False,0.624378701619036,0.8223187615236076,0.9206582390328064,-0.2299539055054094,-0.8562682391052611,-0.44308072818184685,0.2818392483285347,0.17094018991462817,2.24633779487864e-15,17.52339266927084,5
1.0,7,144,1,1,1005,broad_xyz,21.99112410904393,False,0.5918587041531064,0.7733456708790337,0.9155987891370353,-0.6187323348655241,-0.8801199299398053,-0.4662843334465663,0.2902203335559198,0.1804554109176505,2.24633779487864e-15,17.52339266927084,5
0.05,7,144,1,1,1006,broad_xyz,21.99112410904393,False,0.41984386808540874,0.4862819087130451,-0.3303002414433043,-0.4431502415965794,-0.4084667770364221,0.21067587901103468,0.0012912208819683135,0.00019204780001033628,2.24633779487864e-15,17.52339266927084,6
0.075,7,144,1,1,1006,broad_xyz,21.99112410904393,False,0.5007382627633223,0.5104767905952247,-0.3064249201793075,-0.47017790744294413,-0.4276282343445709,0.17465474878558154,0.003062246931108259,0.0005582426385609784,2.24633779487864e-15,17.52339266927084,6
0.1,7,144,1,1,1006,broad_xyz,21.99112410904393,False,0.5930119023572807,0.5635007415521341,-0.2749966902422039,-0.5211120380929077,-0.500746065102902,0.15523473637152868,0.007588679006170868,0.0015461444943705755,2.24633779487864e-15,17.52339266927084,6
0.125,7,144,1,1,1006,broad_xyz,21.99112410904393,False,0.6575765341339822,0.633351996073127,-0.19208374678364698,-0.5578874727613139,-0.597110442259723,0.0853850969740465,0.01645709412999139,0.004232633828097673,2.24633779487864e-15,17.52339266927084,6
0.15,7,144,1,1,1006,broad_xyz,21.99112410904393,False,0.6812752015430155,0.7023799439421863,-0.10207781309607025,-0.5960263612320011,-0.7235807802007831,0.039558485704853416,0.030607086250996552,0.010146229609727494,2.24633779487864e-15,17.52339266927084,6
0.1625,7,144,1,1,1006,broad_xyz,21.99112410904393,False,0.6911873534376289,0.7380951689103996,-0.05869592195642469,-0.6157298050399568,-0.7857084734868776,0.03829411044019823,0.039786402275671436,0.014655734058628862,2.24633779487864e-15,17.52339266927084,6
0.175,7,144,1,1,1006,broad_xyz,21.99112410904393,False,0.7057864731118699,0.779619580418199,-0.017737325257563753,-0.6356053865959521,-0.8390844573816081,0.058573708834198594,0.0514197884287649,0.02029818192198625,2.24633779487864e-15,17.52339266927084,6
0.1875,7,144,1,1,1006,broad_xyz,21.99112410904393,False,0.7275317689202122,0.8236819110328475,0.027109633632697583,-0.6486489744467411,-0.8741058743564695,0.09311503900194218,0.0643956584711413,0.02708772899885298,2.24633779487864e-15,17.52339266927084,6
0.2,7,144,1,1,1006,broad_xyz,21.99112410904393,False,0.7511879539131928,0.8634854644103677,0.07163069078530564,-0.6557691890065714,-0.8867183130382691,0.1326056215091541,0.07786277540388498,0.03485967450808513,2.24633779487864e-15,17.52339266927084,6
0.2125,7,144,1,1,1006,broad_xyz,21.99112410904393,False,0.7767569616078197,0.8980105749711952,0.11360129744428339,-0.6603054054108582,-0.8622147521240549,0.1767562271621573,0.09071806872974844,0.043483309735770276,2.24633779487864e-15,17.52339266927084,6
0.225,7,144,1,1,1006,broad_xyz,21.99112410904393,False,0.8039208395655859,0.9254999169513995,0.15320563932208928,-0.6647106892536607,-0.7728034152888107,0.2178147360896023,0.10390483171386884,0.05294241935897617,2.24633779487864e-15,17.52339266927084,6
0.2375,7,144,1,1,1006,broad_xyz,21.99112410904393,False,0.8294511498446117,0.944758264016437,0.19555820059145368,-0.6671093405664429,-0.600170064592782,0.25183715556338004,0.11731072022343669,0.06314489160220689,2.24633779487864e-15,17.52339266927084,6
0.25,7,144,1,1,1006,broad_xyz,21.99112410904393,False,0.8516748766567432,0.9543864504164681,0.24678867129185156,-0.6646631305507473,-0.41156840508838555,0.2736777789493529,0.13039346117043724,0.074059489293146,2.24633779487864e-15,17.52339266927084,6
0.27,7,144,1,1,1006,broad_xyz,21.99112410904393,False,0.8745616588635245,0.9532372468763012,0.35943291637159386,-0.6475318815186363,-0.22658335947631242,0.2797850105913476,0.15298672623827433,0.09302679854791805,2.24633779487864e-15,17.52339266927084,6
0.29,7,144,1,1,1006,broad_xyz,21.99112410904393,False,0.8756207979889311,0.9394464967376343,0.48540035991661135,-0.6389517405554092,-0.15393309064157087,0.26506454753215547,0.17792533632900892,0.11209618774146467,2.24633779487864e-15,17.52339266927084,6
0.31,7,144,1,1,1006,broad_xyz,21.99112410904393,False,0.8588972349454539,0.9280383995350581,0.5792473929020314,-0.6829325292297067,-0.13122810987648767,0.2566434707350408,0.20309268977158673,0.12833410008233198,2.24633779487864e-15,17.52339266927084,6
0.33,7,144,1,1,1006,broad_xyz,21.99112410904393,False,0.8406808147748086,0.9282849836021522,0.6379521995656328,-0.7704930399227757,-0.11669351915268132,0.2602958553277873,0.22488243436682795,0.1403121722369182,2.24633779487864e-15,17.52339266927084,6
0.35,7,144,1,1,1006,broad_xyz,21.99112410904393,False,0.8288177417507088,0.9336091273423252,0.6829093113873543,-0.8528387618363968,-0.09580078051910287,0.26407078721011895,0.23944567848061887,0.14810001263499328,2.24633779487864e-15,17.52339266927084,6
0.37,7,144,1,1,1006,broad_xyz,21.99112410904393,False,0.8219018000224894,0.9385964835608644,0.7315501443086497,-0.9017144848665393,-0.10452267258658535,0.25733708873774147,0.24801703231484823,0.15321068137524657,2.24633779487864e-15,17.52339266927084,6
0.39,7,144,1,1,1006,broad_xyz,21.99112410904393,False,0.8191759157763183,0.9439685543255795,0.7793796522225266,-0.9232544622152044,-0.1689169889766606,0.24198890036048945,0.25332223877881477,0.15650784294989087,2.24633779487864e-15,17.52339266927084,6
0.41000000000000003,7,144,1,1,1006,broad_xyz,21.99112410904393,False,0.8213541371822474,0.9481854204096228,0.8177984632927173,-0.9276888104547285,-0.29334804985874113,0.21755938200370842,0.25598855564387346,0.15860050220608873,2.24633779487864e-15,17.52339266927084,6
0.43,7,144,1,1,1006,broad_xyz,21.99112410904393,False,0.8288356151924465,0.9506518855708367,0.8424716424518981,-0.9251441370384386,-0.44283202062403443,0.18371931106199613,0.2597746149253338,0.15997572910310698,2.24633779487864e-15,17.52339266927084,6
0.45,7,144,1,1,1006,broad_xyz,21.99112410904393,False,0.8388031952425407,0.952131604320622,0.8558411012395449,-0.9239420464006282,-0.5714146760909177,0.13886844094391926,0.2635623146312964,0.16159734758871377,2.24633779487864e-15,17.52339266927084,6
0.5,7,144,1,1,1006,broad_xyz,21.99112410904393,False,0.8680308424152525,0.9483719286492448,0.8493377666875879,-0.9444271280264367,-0.5502974843853374,0.0020223823842870484,0.28797835769639135,0.16991882866893449,2.24633779487864e-15,17.52339266927084,6
0.55,7,144,1,1,1006,broad_xyz,21.99112410904393,False,0.8751093742328933,0.9236157479920039,0.820945112409425,-0.9441697071651722,-0.4891479460336419,-0.15056395798819566,0.3042483283150011,0.18697419089672568,2.24633779487864e-15,17.52339266927084,6
0.6,7,144,1,1,1006,broad_xyz,21.99112410904393,False,0.8100298957871845,0.8731172050392525,0.8480539538113837,-0.9257042168854068,-0.6669342776826872,-0.3615126384734358,0.30663799571130795,0.20574911424893966,2.24633779487864e-15,17.52339266927084,6
0.6499999999999999,7,144,1,1,1006,broad_xyz,21.99112410904393,False,0.7937706368052506,0.8642947514567564,0.8890484827421111,-0.9263149938248175,-0.8485239603105867,-0.5278421402071285,0.30172168850454756,0.21284944046326182,2.24633779487864e-15,17.52339266927084,6
0.7,7,144,1,1,1006,broad_xyz,21.99112410904393,False,0.8074353617021748,0.8850697145164421,0.9161935192141528,-0.9054601010914177,-0.9187582486648889,-0.5979535462597962,0.2940603176479214,0.2130497409275306,2.24633779487864e-15,17.52339266927084,6
0.725,7,144,1,1,1006,broad_xyz,21.99112410904393,False,0.8161961715482838,0.8926541238351494,0.9225299083141718,-0.8823740644996343,-0.9250580703527129,-0.5991835209817951,0.2910992461345641,0.2115313621545264,2.24633779487864e-15,17.52339266927084,6
0.75,7,144,1,1,1006,broad_xyz,21.99112410904393,False,0.8165261440337253,0.8997773442211344,0.9263017276737349,-0.8507102466581842,-0.9276531928965879,-0.586917471460165,0.2906794763593898,0.2087516022711726,2.24633779487864e-15,17.52339266927084,6
0.775,7,144,1,1,1006,broad_xyz,21.99112410904393,False,0.8124797250759199,0.9059391233016604,0.9296789108375866,-0.7996438577909443,-0.929514916891466,-0.572289545730832,0.3009986692145104,0.2052763481823044,2.24633779487864e-15,17.52339266927084,6
0.8,7,144,1,1,1006,broad_xyz,21.99112410904393,False,0.8111414723973942,0.9096758937585477,0.9327966133440494,-0.7028866231037075,-0.9314159166224095,-0.5568830927027102,0.304111703451344,0.20195071411799723,2.24633779487864e-15,17.52339266927084,6
0.825,7,144,1,1,1006,broad_xyz,21.99112410904393,False,0.8187646830804126,0.9130136006225574,0.9367026804504197,-0.5371352770433315,-0.9312983774425306,-0.5420199767773065,0.29717280477790553,0.19919528925891214,2.24633779487864e-15,17.52339266927084,6
0.85,7,144,1,1,1006,broad_xyz,21.99112410904393,False,0.8338346214720601,0.9192982147883149,0.9409777427787631,-0.3398026731869341,-0.9248807556191423,-0.5352786598818058,0.28493226473750866,0.19719797177033152,2.24633779487864e-15,17.52339266927084,6
0.875,7,144,1,1,1006,broad_xyz,21.99112410904393,False,0.8470084279579745,0.9280295142777181,0.9453164943286467,-0.1917113614916382,-0.900649688942554,-0.5338190883710744,0.27989569967679434,0.19572882456059684,2.24633779487864e-15,17.52339266927084,6
0.9,7,144,1,1,1006,broad_xyz,21.99112410904393,False,0.8495531578876636,0.9347565352056849,0.9494303906989219,-0.11719337597876171,-0.8530083263345607,-0.534377044631168,0.28067437638907433,0.19491091080344544,2.24633779487864e-15,17.52339266927084,6
0.95,7,144,1,1,1006,broad_xyz,21.99112410904393,False,0.8345462972469155,0.9234885648709131,0.9525486207637607,-0.16266696509121253,-0.8959933608809709,-0.5460790326252053,0.2813619311658619,0.1966422783532844,2.24633779487864e-15,17.52339266927084,6
1.0,7,144,1,1,1006,broad_xyz,21.99112410904393,False,0.7911158062870052,0.8676520775765867,0.9403671072802772,-0.5009744175241749,-0.9075873803954204,-0.5659767812238676,0.2908731412564099,0.20248494144326776,2.24633779487864e-15,17.52339266927084,6
0.05,7,144,1,1,1007,broad_xyz,21.99112410904393,False,0.6238631458368282,0.714750540245714,0.27172799201700676,-0.03275062141627827,0.15506035274301944,-0.03413197232876584,0.001758073802095582,0.0007008454556599555,2.24633779487864e-15,17.52339266927084,7
0.075,7,144,1,1,1007,broad_xyz,21.99112410904393,False,0.7875494724442574,0.7643109922683801,0.4082794371809047,0.001851834547564767,0.10737726027946165,-0.126326608654991,0.004456997605605617,0.0021267689831810607,2.24633779487864e-15,17.52339266927084,7
0.1,7,144,1,1,1007,broad_xyz,21.99112410904393,False,0.8606703936987531,0.7825185293804112,0.4783963115560074,-0.017777139644268147,-0.07785566809582815,-0.20587548848134862,0.01125735937112619,0.0051847588557893225,2.24633779487864e-15,17.52339266927084,7
0.125,7,144,1,1,1007,broad_xyz,21.99112410904393,False,0.8906115462347022,0.8111917409628742,0.5030693083768369,-0.09866443655951976,-0.3383681419033072,-0.26059816154040816,0.023051571957364087,0.010751632405963378,2.24633779487864e-15,17.52339266927084,7
0.15,7,144,1,1,1007,broad_xyz,21.99112410904393,False,0.9061738486596495,0.8432847999787741,0.5181240471588303,-0.19734303663594552,-0.5981859452330938,-0.30516983452950835,0.04147895461494493,0.02012906267375348,2.24633779487864e-15,17.52339266927084,7
0.1625,7,144,1,1,1007,broad_xyz,21.99112410904393,False,0.9142296938464499,0.8585276423680595,0.527374961407836,-0.24539393527220443,-0.6595501515111672,-0.32297737013576616,0.05448282983391004,0.02674729793945685,2.24633779487864e-15,17.52339266927084,7
0.175,7,144,1,1,1007,broad_xyz,21.99112410904393,False,0.9249332141156276,0.8733841383784242,0.5453731786116315,-0.2886852302933758,-0.6367961857313202,-0.33930411446951103,0.07002575750711282,0.03501741968184369,2.24633779487864e-15,17.52339266927084,7
0.1875,7,144,1,1,1007,broad_xyz,21.99112410904393,False,0.9370734919026005,0.8867740625511568,0.5691300491573666,-0.3319078180972269,-0.5685406376455304,-0.35461179062784876,0.08681167551817241,0.045033204606066586,2.24633779487864e-15,17.52339266927084,7
0.2,7,144,1,1,1007,broad_xyz,21.99112410904393,False,0.9492649937279403,0.8959204348763087,0.5993503606984077,-0.3789180406695526,-0.49549377494360075,-0.37073614991584775,0.10508774536148775,0.056868659642989185,2.24633779487864e-15,17.52339266927084,7
0.2125,7,144,1,1,1007,broad_xyz,21.99112410904393,False,0.9599626764456594,0.9021223398816561,0.6319184539196726,-0.4340638526086122,-0.43067674152161955,-0.38521529070969684,0.12390970705568657,0.07030373184284672,2.24633779487864e-15,17.52339266927084,7
0.225,7,144,1,1,1007,broad_xyz,21.99112410904393,False,0.9671263296198611,0.9047411481750881,0.6652287698045448,-0.5004584850528053,-0.3817883160650273,-0.39961153836666335,0.14369498169645625,0.08509112159164142,2.24633779487864e-15,17.52339266927084,7
0.2375,7,144,1,1,1007,broad_xyz,21.99112410904393,False,0.969054154656531,0.903162569186736,0.6965116538901258,-0.5761848680925054,-0.3334395511875133,-0.41155574739232154,0.16362508490784633,0.10045604249603751,2.24633779487864e-15,17.52339266927084,7
0.25,7,144,1,1,1007,broad_xyz,21.99112410904393,False,0.9691575192771166,0.8987162409612044,0.7327524480915981,-0.6504109119015028,-0.2979348140717158,-0.43101045889258754,0.18311690801764208,0.11621680600277845,2.24633779487864e-15,17.52339266927084,7
0.27,7,144,1,1,1007,broad_xyz,21.99112410904393,False,0.964632621797193,0.892300025415175,0.7896986395293971,-0.7610676780588178,-0.27461418025358647,-0.4565639401366926,0.21245344010965259,0.1404248170278616,2.24633779487864e-15,17.52339266927084,7
0.29,7,144,1,1,1007,broad_xyz,21.99112410904393,False,0.9562062550250383,0.8942902466932243,0.836349507353957,-0.8477072434193698,-0.2695683679869934,-0.4523689611088146,0.2383961116682524,0.16125069193802355,2.24633779487864e-15,17.52339266927084,7
0.31,7,144,1,1,1007,broad_xyz,21.99112410904393,False,0.9469995198361049,0.9050299173002299,0.8725173957040876,-0.9032698347800397,-0.2780303419390672,-0.4115625514595018,0.2600207892817493,0.17727137030565787,2.24633779487864e-15,17.52339266927084,7
0.33,7,144,1,1,1007,broad_xyz,21.99112410904393,False,0.9390872261044041,0.9212400700952794,0.8997156413655354,-0.9359571152865251,-0.2920812724133157,-0.3435795629627568,0.27697188908115355,0.1874742949885386,2.24633779487864e-15,17.52339266927084,7
0.35,7,144,1,1,1007,broad_xyz,21.99112410904393,False,0.9316177066995408,0.936861711611219,0.9221874082526786,-0.9551191549986743,-0.3130715630550557,-0.2548825540152538,0.2904939408165223,0.19176472603877698,2.24633779487864e-15,17.52339266927084,7
0.37,7,144,1,1,1007,broad_xyz,21.99112410904393,False,0.9222840774773949,0.9437999972387314,0.9465809813245026,-0.9631400425547384,-0.3583114683027182,-0.17366397434994543,0.30152761778441434,0.19294039209566613,2.24633779487864e-15,17.52339266927084,7
0.39,7,144,1,1,1007,broad_xyz,21.99112410904393,False,0.9103271916613134,0.9441003516702499,0.9630952345997386,-0.9622979229939865,-0.42748014987254745,-0.11467483318950775,0.3089287991677119,0.1919946082398523,2.24633779487864e-15,17.52339266927084,7
0.41000000000000003,7,144,1,1,1007,broad_xyz,21.99112410904393,False,0.8987939084686821,0.9424082739307823,0.9699227691878747,-0.956409734624728,-0.5254907174666134,-0.08398027766716767,0.312258271249231,0.19037332287467248,2.24633779487864e-15,17.52339266927084,7
0.43,7,144,1,1,1007,broad_xyz,21.99112410904393,False,0.8908686361952742,0.9399951641748,0.9713455705727452,-0.9496026165732014,-0.6166909507602939,-0.08205489825600885,0.31159693631272095,0.18914581869887936,2.24633779487864e-15,17.52339266927084,7
0.45,7,144,1,1,1007,broad_xyz,21.99112410904393,False,0.8871942727516242,0.9380553327511527,0.9710574657133141,-0.9453302503561021,-0.6595430526109843,-0.11030497924237269,0.307716873738867,0.18882371799477762,2.24633779487864e-15,17.52339266927084,7
0.5,7,144,1,1,1007,broad_xyz,21.99112410904393,False,0.879935270930433,0.9258318595521156,0.961650613265557,-0.9503504563314741,-0.5714124489024404,-0.2706326692058131,0.29095130338680125,0.19307334894341585,2.24633779487864e-15,17.52339266927084,7
0.55,7,144,1,1,1007,broad_xyz,21.99112410904393,False,0.8327162948148381,0.8615936246581839,0.9237019182544067,-0.9345053759544211,-0.590105237680422,-0.41629797632062204,0.2840673229791142,0.2120528959386433,2.24633779487864e-15,17.52339266927084,7
0.6,7,144,1,1,1007,broad_xyz,21.99112410904393,False,0.7756025190151608,0.7835185306873421,0.9101046685793134,-0.900616424276136,-0.7286797229275593,-0.5486257434930425,0.29213917694405545,0.22912028738061696,2.24633779487864e-15,17.52339266927084,7
0.6499999999999999,7,144,1,1,1007,broad_xyz,21.99112410904393,False,0.7663819381370206,0.7886150976158856,0.9241554177113833,-0.8964461195530217,-0.8418121939880479,-0.5668924871907101,0.29380389489660735,0.22879253874634845,2.24633779487864e-15,17.52339266927084,7
0.7,7,144,1,1,1007,broad_xyz,21.99112410904393,False,0.8050317435765355,0.8233385507817328,0.9437008371195617,-0.8818866511328994,-0.9043154307600627,-0.5694265111317092,0.28711730025288884,0.2213574650472125,2.24633779487864e-15,17.52339266927084,7
0.725,7,144,1,1,1007,broad_xyz,21.99112410904393,False,0.8168802411001831,0.8386034031317046,0.9491206634123324,-0.8621304600407588,-0.9177966220375183,-0.5776393702897329,0.2833471802961179,0.21759733573424264,2.24633779487864e-15,17.52339266927084,7
0.75,7,144,1,1,1007,broad_xyz,21.99112410904393,False,0.816988561090371,0.85148012613026,0.9527297714880317,-0.8214793194297978,-0.9255762518830077,-0.5887791211362567,0.2789772522062891,0.2138316015986018,2.24633779487864e-15,17.52339266927084,7
0.775,7,144,1,1,1007,broad_xyz,21.99112410904393,False,0.8145006757826352,0.8637238583490592,0.9545544994378375,-0.728217147912263,-0.9310747924419606,-0.5969628241072958,0.27697601476035705,0.21001832243151536,2.24633779487864e-15,17.52339266927084,7
0.8,7,144,1,1,1007,broad_xyz,21.99112410904393,False,0.8231417818702658,0.8778841277560195,0.9548658180279589,-0.5256182443668718,-0.9356194376498774,-0.5978260379863607,0.2764940484112327,0.20631579164392838,2.24633779487864e-15,17.52339266927084,7
0.825,7,144,1,1,1007,broad_xyz,21.99112410904393,False,0.8451926540303597,0.893896822206724,0.9542585564883476,-0.25228682983162115,-0.9380616774355274,-0.5887679640697664,0.27483012090353587,0.20243267090685066,2.24633779487864e-15,17.52339266927084,7
0.85,7,144,1,1,1007,broad_xyz,21.99112410904393,False,0.865950439058508,0.9077657158646779,0.9541403452486462,-0.090175817261228,-0.9338928851362747,-0.5663564671182048,0.28054133816721255,0.1977795700134193,2.24633779487864e-15,17.52339266927084,7
0.875,7,144,1,1,1007,broad_xyz,21.99112410904393,False,0.8682531389826593,0.9152487461783541,0.9525054210916359,-0.08256391400813431,-0.9119109569614873,-0.5477502083825669,0.28412467029150756,0.1933259271207605,2.24633779487864e-15,17.52339266927084,7
0.9,7,144,1,1,1007,broad_xyz,21.99112410904393,False,0.8496523410826825,0.9156793722855874,0.9490468261878904,-0.14790117697327154,-0.8697700078533999,-0.5441550844249943,0.28779713916203153,0.19106069345772358,2.24633779487864e-15,17.52339266927084,7
0.95,7,144,1,1,1007,broad_xyz,21.99112410904393,False,0.8189306433474536,0.9035749477473681,0.9480739642858432,-0.3583061461920492,-0.9007061483019828,-0.5555946910773605,0.29133563982370825,0.19523893961299146,2.24633779487864e-15,17.52339266927084,7
1.0,7,144,1,1,1007,broad_xyz,21.99112410904393,False,0.8385269622083078,0.876638737628629,0.9472018867459128,-0.6744212485828432,-0.9209869316928896,-0.5815488389830958,0.29387697952261405,0.2060795701448406,2.24633779487864e-15,17.52339266927084,7
0.05,7,144,1,1,1008,broad_xyz,21.99112410904393,False,0.7010655442501645,0.6907285411799814,0.5805082647650104,-0.5035465673515495,0.08109156739231997,0.6071029932632193,0.004613120876009481,0.0013973537137741746,2.24633779487864e-15,17.52339266927084,8
0.075,7,144,1,1,1008,broad_xyz,21.99112410904393,False,0.7875968440890728,0.7168967316249724,0.6627767400177321,-0.5756846737977038,-0.2865760672976986,0.6079245515472986,0.012219389486408296,0.003864823320607159,2.24633779487864e-15,17.52339266927084,8
0.1,7,144,1,1,1008,broad_xyz,21.99112410904393,False,0.8662324906474496,0.7507234376420567,0.7252826521222493,-0.6461617273660621,-0.666189359168809,0.5861573000969788,0.025339174785463863,0.008591967529596853,2.24633779487864e-15,17.52339266927084,8
0.125,7,144,1,1,1008,broad_xyz,21.99112410904393,False,0.9252144751610771,0.7877734048084117,0.7675744018517667,-0.716115398812955,-0.813792150837153,0.553587448351533,0.04543826826435816,0.01676465293234389,2.24633779487864e-15,17.52339266927084,8
0.15,7,144,1,1,1008,broad_xyz,21.99112410904393,False,0.9567423481277813,0.8260200144983298,0.8008838653965769,-0.7778273210022836,-0.8457152897588464,0.5280947802627516,0.07208751816532491,0.029587996433712252,2.24633779487864e-15,17.52339266927084,8
0.1625,7,144,1,1,1008,broad_xyz,21.99112410904393,False,0.9643033882185575,0.8460539452356309,0.8154699767711276,-0.8075820005381469,-0.85730801317839,0.5186954703347377,0.08730248353822706,0.03804149986214796,2.24633779487864e-15,17.52339266927084,8
0.175,7,144,1,1,1008,broad_xyz,21.99112410904393,False,0.9673604220105672,0.8664741576688856,0.8303146426654838,-0.8337476153223601,-0.8679726442737263,0.5137987768586221,0.10337240519888247,0.047845609669679025,2.24633779487864e-15,17.52339266927084,8
0.1875,7,144,1,1,1008,broad_xyz,21.99112410904393,False,0.9671181147807687,0.8849890501511416,0.8445745360866809,-0.8559067033137168,-0.8752001570738696,0.5117413162369231,0.11995228149698796,0.058819867446597666,2.24633779487864e-15,17.52339266927084,8
0.2,7,144,1,1,1008,broad_xyz,21.99112410904393,False,0.964210027706452,0.9012147273326747,0.8566871615245953,-0.8758509672921378,-0.8795652497992515,0.5092356185094538,0.13669589399315257,0.07088931767248582,2.24633779487864e-15,17.52339266927084,8
0.2125,7,144,1,1,1008,broad_xyz,21.99112410904393,False,0.9603241802715606,0.9120860774825535,0.8656486927944886,-0.8952278551943039,-0.8815769070278291,0.504684893640826,0.1532800936712333,0.08408518525295405,2.24633779487864e-15,17.52339266927084,8
0.225,7,144,1,1,1008,broad_xyz,21.99112410904393,False,0.9553947830564025,0.9192328781243456,0.8725822465151171,-0.9130290735647093,-0.8750018546685179,0.49903974912326543,0.16942422953143624,0.09799228420161318,2.24633779487864e-15,17.52339266927084,8
0.2375,7,144,1,1,1008,broad_xyz,21.99112410904393,False,0.9498495093684843,0.9232054205330765,0.8792044401033597,-0.9284132899704,-0.86111428312189,0.49404262350780664,0.18560731559672042,0.11228721320544327,2.24633779487864e-15,17.52339266927084,8
0.25,7,144,1,1,1008,broad_xyz,21.99112410904393,False,0.9432328639782889,0.924076217529024,0.8846966508205683,-0.9419186144037877,-0.8436411803864214,0.48780444919712845,0.2012854738450732,0.1266422275308147,2.24633779487864e-15,17.52339266927084,8
0.27,7,144,1,1,1008,broad_xyz,21.99112410904393,False,0.9319068492896216,0.923432878071864,0.8980924754142369,-0.9554584947401279,-0.8200273395426292,0.4818428283053555,0.22445422915379706,0.14845227650045867,2.24633779487864e-15,17.52339266927084,8
0.29,7,144,1,1,1008,broad_xyz,21.99112410904393,False,0.9220230801409206,0.9247168015190631,0.9136957138160748,-0.9638090561714401,-0.8043091552882987,0.4750405420402322,0.2448032366851983,0.16710434812942734,2.24633779487864e-15,17.52339266927084,8
0.31,7,144,1,1,1008,broad_xyz,21.99112410904393,False,0.9162318678746559,0.9324053163446103,0.9292924325430401,-0.9699517086554059,-0.7874459001793791,0.4634659982111309,0.26189590998202833,0.18065700004724036,2.24633779487864e-15,17.52339266927084,8
0.33,7,144,1,1,1008,broad_xyz,21.99112410904393,False,0.9139418625906277,0.9439043110711771,0.9435849001343112,-0.9749919887606469,-0.76803122179387,0.44174772595252243,0.2754323391692896,0.1881884895028097,2.24633779487864e-15,17.52339266927084,8
0.35,7,144,1,1,1008,broad_xyz,21.99112410904393,False,0.913424797822494,0.9531929814352722,0.9580455643624978,-0.9777101577186381,-0.7548337249120046,0.4082045395513607,0.2853335469564714,0.19031826160765,2.24633779487864e-15,17.52339266927084,8
0.37,7,144,1,1,1008,broad_xyz,21.99112410904393,False,0.9164099564458384,0.9584446677944083,0.9715932291214677,-0.9777403069422429,-0.7623186634157147,0.36495377497773296,0.29176352354535395,0.18920017633002464,2.24633779487864e-15,17.52339266927084,8
0.39,7,144,1,1,1008,broad_xyz,21.99112410904393,False,0.924100092283756,0.9601595918593525,0.9805348564147168,-0.9758081344587102,-0.7878672221709151,0.31502649611834366,0.29500986046211103,0.18748707010546165,2.24633779487864e-15,17.52339266927084,8
0.41000000000000003,7,144,1,1,1008,broad_xyz,21.99112410904393,False,0.9318812463920975,0.9596392139616109,0.9843744653013874,-0.9696617841947093,-0.8192123729354364,0.2679669811647609,0.2970777877015536,0.18548750422334326,2.24633779487864e-15,17.52339266927084,8
0.43,7,144,1,1,1008,broad_xyz,21.99112410904393,False,0.9401546676566955,0.959381039146602,0.9849432833326895,-0.9628310529032305,-0.8432599176907649,0.22816033906875646,0.29626555370573515,0.18415370596453773,2.24633779487864e-15,17.52339266927084,8
0.45,7,144,1,1,1008,broad_xyz,21.99112410904393,False,0.9477090054890437,0.9591303282799354,0.9839936543258057,-0.9582417076192504,-0.8536559373884477,0.19675341637681362,0.29218305935891803,0.18406053763773797,2.24633779487864e-15,17.52339266927084,8
0.5,7,144,1,1,1008,broad_xyz,21.99112410904393,False,0.9236438630797682,0.9381218712882639,0.9693125884510042,-0.9623428848686417,-0.8345534973205175,0.1562709438936092,0.29030936374887756,0.19210005625995558,2.24633779487864e-15,17.52339266927084,8
0.55,7,144,1,1,1008,broad_xyz,21.99112410904393,False,0.7766657854389944,0.8569953782347725,0.923077294576144,-0.9601255710700365,-0.7698996872829634,0.061593767409741304,0.2928590136184438,0.2140410173714096,2.24633779487864e-15,17.52339266927084,8
0.6,7,144,1,1,1008,broad_xyz,21.99112410904393,False,0.6586529525962905,0.7902965754644821,0.9068409818423367,-0.9402549721443362,-0.8009109188496359,-0.25595218599185826,0.30116910842368483,0.22816224279076078,2.24633779487864e-15,17.52339266927084,8
0.6499999999999999,7,144,1,1,1008,broad_xyz,21.99112410904393,False,0.7212152794176381,0.8195909216631773,0.922746339813075,-0.9319542872526314,-0.8807807548141139,-0.5836862916602967,0.30056515654646165,0.2254122397941538,2.24633779487864e-15,17.52339266927084,8
0.7,7,144,1,1,1008,broad_xyz,21.99112410904393,False,0.7811843227515991,0.8392541559469731,0.9307009318435914,-0.9046259460662389,-0.9146030114638635,-0.5888853546467708,0.28803598602062175,0.21424278121987436,2.24633779487864e-15,17.52339266927084,8
0.725,7,144,1,1,1008,broad_xyz,21.99112410904393,False,0.7902869690988299,0.8380693325892568,0.9312104609477377,-0.8643780135148018,-0.9161891860738468,-0.5732326725383605,0.2804648435330964,0.20832882741932257,2.24633779487864e-15,17.52339266927084,8
0.75,7,144,1,1,1008,broad_xyz,21.99112410904393,False,0.7940948376203067,0.8397555631953434,0.9312608271111597,-0.7742424623351084,-0.9135951188330783,-0.5621486698777783,0.2715596902015182,0.20283163231144055,2.24633779487864e-15,17.52339266927084,8
0.775,7,144,1,1,1008,broad_xyz,21.99112410904393,False,0.8002878367136493,0.8494298449060165,0.9327903407640933,-0.5920891000765826,-0.9131156140206129,-0.5572771913863719,0.2691095124803405,0.1977153321121811,2.24633779487864e-15,17.52339266927084,8
0.8,7,144,1,1,1008,broad_xyz,21.99112410904393,False,0.8117951244676054,0.8661005338737493,0.93667404382911,-0.31797427328823685,-0.9158591559136595,-0.5537734630243524,0.26693166121838774,0.1929738077929216,2.24633779487864e-15,17.52339266927084,8
0.825,7,144,1,1,1008,broad_xyz,21.99112410904393,False,0.8253971474222276,0.8844924203835943,0.9409028301108082,-0.08066316890396401,-0.9216476367537885,-0.5450065325070879,0.26665895060421607,0.18844927058535912,2.24633779487864e-15,17.52339266927084,8
0.85,7,144,1,1,1008,broad_xyz,21.99112410904393,False,0.838528166179557,0.8997213402440016,0.9431367671308459,0.016537052642909476,-0.9233909809997837,-0.5298126585684441,0.2675358668095399,0.18403400188126065,2.24633779487864e-15,17.52339266927084,8
0.875,7,144,1,1,1008,broad_xyz,21.99112410904393,False,0.8511734326093979,0.9106917810445162,0.9421781380109852,0.0083286605254036,-0.902302196191064,-0.5215452584295579,0.27390335570781305,0.18071620359861085,2.24633779487864e-15,17.52339266927084,8
0.9,7,144,1,1,1008,broad_xyz,21.99112410904393,False,0.8614320569410564,0.9173082885580475,0.9403568599702826,-0.031178776349696742,-0.8542441811131576,-0.5207541074722029,0.27888371633738146,0.17964239860975845,2.24633779487864e-15,17.52339266927084,8
0.95,7,144,1,1,1008,broad_xyz,21.99112410904393,False,0.8658240667548219,0.9163451382000413,0.9437377438774409,-0.1372454580200008,-0.890163643047379,-0.5391118403642926,0.2827086344757139,0.18619063368595593,2.24633779487864e-15,17.52339266927084,8
1.0,7,144,1,1,1008,broad_xyz,21.99112410904393,False,0.8344379877854149,0.8744650763244213,0.9471954115554835,-0.5151503550702652,-0.9074863888874205,-0.5849908768023545,0.28433967496569357,0.19962395947174036,2.24633779487864e-15,17.52339266927084,8
0.05,7,144,1,1,1009,broad_xyz,21.99112410904393,False,0.513742280324886,0.5455830878537216,-0.18133587265115006,-0.3855828864224285,-0.3889921081949343,-0.09820972055864459,0.0017142730516289423,0.00023763167325611812,2.24633779487864e-15,17.52339266927084,9
0.075,7,144,1,1,1009,broad_xyz,21.99112410904393,False,0.5776963947130231,0.544663547326983,-0.17825742454768456,-0.4276094500271014,-0.4347911010358848,-0.05595158889630129,0.004157466845258998,0.000618560480665966,2.24633779487864e-15,17.52339266927084,9
0.1,7,144,1,1,1009,broad_xyz,21.99112410904393,False,0.5292546090290831,0.5489582618104046,-0.1801905750022984,-0.47248710468672406,-0.4838493836289041,-0.010172223606623428,0.008189186181140045,0.0013735168397634402,2.24633779487864e-15,17.52339266927084,9
0.125,7,144,1,1,1009,broad_xyz,21.99112410904393,False,0.46152049550428004,0.5733334059745383,-0.1899057811162441,-0.5291426421730598,-0.5823242377725781,0.04162949752340078,0.014361374020679643,0.0028165799082543953,2.24633779487864e-15,17.52339266927084,9
0.15,7,144,1,1,1009,broad_xyz,21.99112410904393,False,0.4621327825639134,0.6254504069637589,-0.19582549501029403,-0.5898375633167608,-0.6928083485888025,0.09642114179643499,0.02604529656110797,0.00564275289872755,2.24633779487864e-15,17.52339266927084,9
0.1625,7,144,1,1,1009,broad_xyz,21.99112410904393,False,0.5133683932933246,0.6676005863408313,-0.19248308420967253,-0.6197521537990494,-0.718887595704656,0.12962813115411326,0.03485525466006371,0.007993974818967181,2.24633779487864e-15,17.52339266927084,9
0.175,7,144,1,1,1009,broad_xyz,21.99112410904393,False,0.5834919466443184,0.7158859282980481,-0.1810838047994733,-0.6441581186603614,-0.7232813304631672,0.17685050572720828,0.044383086423863835,0.011230743968686653,2.24633779487864e-15,17.52339266927084,9
0.1875,7,144,1,1,1009,broad_xyz,21.99112410904393,False,0.6527002148161528,0.7640314883880603,-0.15948430576382577,-0.6588981184842343,-0.7084040301184114,0.23543017555706683,0.056025764311094205,0.015523328420971157,2.24633779487864e-15,17.52339266927084,9
0.2,7,144,1,1,1009,broad_xyz,21.99112410904393,False,0.7092809126019889,0.8077588289359664,-0.12358586547112851,-0.6613939226833875,-0.681260992010873,0.2984899056711223,0.06982293622544014,0.021083931332358904,2.24633779487864e-15,17.52339266927084,9
0.2125,7,144,1,1,1009,broad_xyz,21.99112410904393,False,0.7489539177126904,0.8446943297560024,-0.07949006922392439,-0.65788509462589,-0.6417639525839913,0.3577655586126886,0.08389152488493376,0.027899987950166634,2.24633779487864e-15,17.52339266927084,9
0.225,7,144,1,1,1009,broad_xyz,21.99112410904393,False,0.7707016819103927,0.8738408371112987,-0.02162668494380594,-0.6471341917621771,-0.5866664520227661,0.4028015360587105,0.09778204435721201,0.0360043236734609,2.24633779487864e-15,17.52339266927084,9
0.2375,7,144,1,1,1009,broad_xyz,21.99112410904393,False,0.7754327220814033,0.8944341517458549,0.046375388673073746,-0.6353753475053033,-0.5337806122930698,0.4331782112411151,0.11125497955165935,0.045324781035488565,2.24633779487864e-15,17.52339266927084,9
0.25,7,144,1,1,1009,broad_xyz,21.99112410904393,False,0.7672283797003558,0.9059800067837608,0.12277911534321347,-0.6260995892508634,-0.4871974466261905,0.44742750052190916,0.12388463833232936,0.05579160068549744,2.24633779487864e-15,17.52339266927084,9
0.27,7,144,1,1,1009,broad_xyz,21.99112410904393,False,0.7459771026633389,0.9099312732668589,0.2579477096950679,-0.6223815669806015,-0.43872833942157247,0.42789908236551333,0.1462763904504669,0.0740087850835452,2.24633779487864e-15,17.52339266927084,9
0.29,7,144,1,1,1009,broad_xyz,21.99112410904393,False,0.7304149565795779,0.8999967164511354,0.3972508827667898,-0.6391716034621654,-0.46037616478048826,0.3717987265457851,0.1847843445989983,0.09248942255444101,2.24633779487864e-15,17.52339266927084,9
0.31,7,144,1,1,1009,broad_xyz,21.99112410904393,False,0.7363161841553939,0.8884211719614188,0.5037333578179992,-0.6941507894508665,-0.4883819093605052,0.2986890832324991,0.21736786197850852,0.10889791552530687,2.24633779487864e-15,17.52339266927084,9
0.33,7,144,1,1,1009,broad_xyz,21.99112410904393,False,0.7586032809128583,0.8843450330443237,0.5700166429341148,-0.7727287974335898,-0.5060652874635837,0.23939373413790166,0.24092742847379323,0.12173685351919566,2.24633779487864e-15,17.52339266927084,9
0.35,7,144,1,1,1009,broad_xyz,21.99112410904393,False,0.7798499023875337,0.8866421477328178,0.6193217932438184,-0.8364450907425904,-0.5279474400243963,0.20576065915402617,0.255421898609307,0.13097453539650816,2.24633779487864e-15,17.52339266927084,9
0.37,7,144,1,1,1009,broad_xyz,21.99112410904393,False,0.7947644401209082,0.8935984449676113,0.665535312649197,-0.8739294621127764,-0.5699911509762524,0.1902368472689211,0.2635695176868028,0.13716138431286456,2.24633779487864e-15,17.52339266927084,9
0.39,7,144,1,1,1009,broad_xyz,21.99112410904393,False,0.8061207902907608,0.9017034555008743,0.712056221945389,-0.8875912090392839,-0.6417253457098326,0.1735730838730164,0.26854847321703823,0.141589875280465,2.24633779487864e-15,17.52339266927084,9
0.41000000000000003,7,144,1,1,1009,broad_xyz,21.99112410904393,False,0.8158970182653548,0.9092386663413046,0.750174993918302,-0.8862586432400074,-0.7216546938836219,0.14485259314646237,0.2737538093797364,0.14458971262999462,2.24633779487864e-15,17.52339266927084,9
0.43,7,144,1,1,1009,broad_xyz,21.99112410904393,False,0.8204853326561267,0.9138306680819545,0.7771217679381471,-0.8785071999560067,-0.784157838327545,0.10163422541666324,0.27765476282041285,0.14666226119687936,2.24633779487864e-15,17.52339266927084,9
0.45,7,144,1,1,1009,broad_xyz,21.99112410904393,False,0.8176767470565135,0.9154543710387324,0.7971075448019117,-0.8738327940411152,-0.8247793129342366,0.04473116206089711,0.28123796049223987,0.14879723815201049,2.24633779487864e-15,17.52339266927084,9
0.5,7,144,1,1,1009,broad_xyz,21.99112410904393,False,0.7817269920130538,0.9069352995127068,0.8391147425640945,-0.8975470082230703,-0.8498185432890402,-0.13569060579765552,0.29617300531656465,0.15928322470091727,2.24633779487864e-15,17.52339266927084,9
0.55,7,144,1,1,1009,broad_xyz,21.99112410904393,False,0.7613800965170422,0.8763366339757216,0.8520785718153862,-0.9157931737204331,-0.8000500923653514,-0.2997343187876947,0.32045837926606846,0.17573898768990615,2.24633779487864e-15,17.52339266927084,9
0.6,7,144,1,1,1009,broad_xyz,21.99112410904393,False,0.7178255451329589,0.8206616758221518,0.8779113379306567,-0.9117534882446814,-0.849960293534061,-0.40431633592093286,0.30098994718849215,0.19252866943808136,2.24633779487864e-15,17.52339266927084,9
0.6499999999999999,7,144,1,1,1009,broad_xyz,21.99112410904393,False,0.6697178999705955,0.7893634651097473,0.9029989059547797,-0.9103945929429115,-0.910240704419207,-0.48465442464412817,0.3117332534278813,0.20015678534267956,2.24633779487864e-15,17.52339266927084,9
0.7,7,144,1,1,1009,broad_xyz,21.99112410904393,False,0.6993741010870473,0.8181903628227263,0.9241290264626583,-0.9130364395897151,-0.9267127978128806,-0.5154734445075972,0.30544812872816973,0.19983352827527445,2.24633779487864e-15,17.52339266927084,9
0.725,7,144,1,1,1009,broad_xyz,21.99112410904393,False,0.7173824236004755,0.8359258056166762,0.9346805420318108,-0.9038049495874206,-0.9284383236835941,-0.5198296542664831,0.29673664355229434,0.1984463745432299,2.24633779487864e-15,17.52339266927084,9
0.75,7,144,1,1,1009,broad_xyz,21.99112410904393,False,0.730434728188797,0.8514385080367673,0.9422729016930286,-0.879980896541066,-0.9259377146002674,-0.5237180882917823,0.29041635917002384,0.19620172472033456,2.24633779487864e-15,17.52339266927084,9
0.775,7,144,1,1,1009,broad_xyz,21.99112410904393,False,0.7441861291263417,0.8647368036210132,0.945517162346607,-0.8316333060754931,-0.9245814314300352,-0.5286842949008739,0.29643503300835905,0.19319146372750978,2.24633779487864e-15,17.52339266927084,9
0.8,7,144,1,1,1009,broad_xyz,21.99112410904393,False,0.7581678938548961,0.8767528801799153,0.9464374603434831,-0.7311290760663078,-0.9248249935793817,-0.5355990433024566,0.2935805021046255,0.1900629611680581,2.24633779487864e-15,17.52339266927084,9
0.825,7,144,1,1,1009,broad_xyz,21.99112410904393,False,0.7661886717564361,0.8889090372260541,0.9472496683693953,-0.5367561028544853,-0.9253515422095439,-0.5443996024362093,0.2848350896567025,0.18762588787377313,2.24633779487864e-15,17.52339266927084,9
0.85,7,144,1,1,1009,broad_xyz,21.99112410904393,False,0.7633836861621028,0.9012622719379654,0.946049312136002,-0.28748332518099723,-0.9192978298549556,-0.5512623860962532,0.27783618834084256,0.18624030943559683,2.24633779487864e-15,17.52339266927084,9
0.875,7,144,1,1,1009,broad_xyz,21.99112410904393,False,0.760574714794865,0.9101984100697206,0.940532697629249,-0.11566296810602496,-0.8965271855724072,-0.5542094374932784,0.28055475740494107,0.1854232894933596,2.24633779487864e-15,17.52339266927084,9
0.9,7,144,1,1,1009,broad_xyz,21.99112410904393,False,0.7715431917213637,0.910917964698556,0.9330974362019806,-0.05122306730441828,-0.8460371866014408,-0.553579788822111,0.2848183922942149,0.1846837644327539,2.24633779487864e-15,17.52339266927084,9
0.95,7,144,1,1,1009,broad_xyz,21.99112410904393,False,0.7748938985267416,0.8874069489401027,0.926761443594949,-0.11483315755714088,-0.8879040942982396,-0.5471074383277582,0.2803544822903272,0.18420972906876568,2.24633779487864e-15,17.52339266927084,9
1.0,7,144,1,1,1009,broad_xyz,21.99112410904393,False,0.7269616065371236,0.8536788328607172,0.9321679244560567,-0.4011372979277897,-0.8896816885288379,-0.5649629123740066,0.2909230771359991,0.18831179802901954,2.24633779487864e-15,17.52339266927084,9
0.05,7,144,1,1,1010,broad_xyz,21.99112410904393,False,-0.27351068167597103,0.11855191956872317,-0.4396249805261481,-0.4304641953160805,-0.4290604116212791,0.019057838495746847,0.0005270591591329157,6.401393535755454e-05,2.24633779487864e-15,17.52339266927084,10
0.075,7,144,1,1,1010,broad_xyz,21.99112410904393,False,-0.2590174977889281,0.20078593954396287,-0.44436614270099045,-0.42759120987828003,-0.4052008779764364,0.21815449156894226,0.0016758022575677073,0.0001969344313597724,2.24633779487864e-15,17.52339266927084,10
0.1,7,144,1,1,1010,broad_xyz,21.99112410904393,False,-0.16909569333396302,0.23604196674663316,-0.42826144534538435,-0.4151060237947169,-0.36303203449975396,0.3411459651022314,0.004772097119398433,0.0005053402721112903,2.24633779487864e-15,17.52339266927084,10
0.125,7,144,1,1,1010,broad_xyz,21.99112410904393,False,-0.0503116751416006,0.25193102259220646,-0.4237609624805744,-0.4304764648002827,-0.3353888366557554,0.4089325650010853,0.009535569289998042,0.0011426179865041007,2.24633779487864e-15,17.52339266927084,10
0.15,7,144,1,1,1010,broad_xyz,21.99112410904393,False,0.20010139186176207,0.3578349645878158,-0.35450102953384083,-0.44236989472318317,-0.16016279530861577,0.400273654469568,0.015732124140673726,0.0028543275575631053,2.24633779487864e-15,17.52339266927084,10
0.1625,7,144,1,1,1010,broad_xyz,21.99112410904393,False,0.3537054041364727,0.4509395969114757,-0.25216101216456516,-0.4085270571382814,0.1294514311141095,0.3675380248637795,0.019379437248523645,0.004669676995418489,2.24633779487864e-15,17.52339266927084,10
0.175,7,144,1,1,1010,broad_xyz,21.99112410904393,False,0.491114203801702,0.5509850398080165,-0.11711858223660244,-0.3464134323025983,0.44153240137908967,0.31876907205557053,0.023869579585281225,0.007503571366889277,2.24633779487864e-15,17.52339266927084,10
0.1875,7,144,1,1,1010,broad_xyz,21.99112410904393,False,0.5863876596287615,0.6328565662057711,0.014523311337817849,-0.2828305705770354,0.4570143318545857,0.28027969287660964,0.030333059950866426,0.011653413284697541,2.24633779487864e-15,17.52339266927084,10
0.2,7,144,1,1,1010,broad_xyz,21.99112410904393,False,0.6441675904574948,0.6941779342890682,0.11027931916920415,-0.24860699679517162,0.34252285091896073,0.261737241123728,0.0447193455510824,0.017173223600897045,2.24633779487864e-15,17.52339266927084,10
0.2125,7,144,1,1,1010,broad_xyz,21.99112410904393,False,0.6779015880056792,0.7347471305328673,0.16783849336683088,-0.2529093400963428,0.25265516681760325,0.26431336782883824,0.05949800955842889,0.024130974326535482,2.24633779487864e-15,17.52339266927084,10
0.225,7,144,1,1,1010,broad_xyz,21.99112410904393,False,0.7007650477932306,0.7562435105769841,0.2048348339176454,-0.2829089306505845,0.20178164811200983,0.278127060880035,0.07519939302026282,0.03242630874344433,2.24633779487864e-15,17.52339266927084,10
0.2375,7,144,1,1,1010,broad_xyz,21.99112410904393,False,0.724820419409272,0.7759963488570111,0.24702718129289328,-0.3199017163685894,0.16586337228063566,0.2965297063873997,0.09314010653865488,0.0420382490199879,2.24633779487864e-15,17.52339266927084,10
0.25,7,144,1,1,1010,broad_xyz,21.99112410904393,False,0.7541652761001386,0.7995901437569517,0.3147142627185406,-0.34754031578293954,0.11003593220081356,0.31892780261949244,0.11298147017015496,0.05279112742083705,2.24633779487864e-15,17.52339266927084,10
0.27,7,144,1,1,1010,broad_xyz,21.99112410904393,False,0.8033079387947315,0.8386253475919415,0.480345789364911,-0.3580980753421228,-0.05103989669337816,0.3526409029171777,0.1440935562608791,0.07233870468484149,2.24633779487864e-15,17.52339266927084,10
0.29,7,144,1,1,1010,broad_xyz,21.99112410904393,False,0.8218822349685804,0.8483821192948985,0.6564251715383678,-0.3291338011397876,-0.2512597619948344,0.37377978066600626,0.1754395122863846,0.09308522568597594,2.24633779487864e-15,17.52339266927084,10
0.31,7,144,1,1,1010,broad_xyz,21.99112410904393,False,0.8224482170850071,0.8503487965840816,0.7313774398869708,-0.3746607210646813,-0.33797976433638877,0.37731938475640814,0.20190738034284567,0.11027820838894528,2.24633779487864e-15,17.52339266927084,10
0.33,7,144,1,1,1010,broad_xyz,21.99112410904393,False,0.8495568364592849,0.8787941999428261,0.7387874742793477,-0.5098128679175495,-0.3049846301248494,0.3551721489353645,0.21989554696463615,0.12057159608974066,2.24633779487864e-15,17.52339266927084,10
0.35,7,144,1,1,1010,broad_xyz,21.99112410904393,False,0.8878952928069764,0.90676473311654,0.7519351100491499,-0.6312996360000999,-0.2590021309662163,0.30312357664976525,0.22832942768756642,0.12452659946799824,2.24633779487864e-15,17.52339266927084,10
0.37,7,144,1,1,1010,broad_xyz,21.99112410904393,False,0.9112140741389239,0.9142565329759538,0.7833475450433077,-0.7031118531202194,-0.25902228412758305,0.23357716992165026,0.22821281569002272,0.12434709554479845,2.24633779487864e-15,17.52339266927084,10
0.39,7,144,1,1,1010,broad_xyz,21.99112410904393,False,0.9051658293057323,0.8988625729465372,0.8171797648331636,-0.7326766603462812,-0.31018316628879405,0.14643437928948524,0.2211086217546238,0.12228796076216158,2.24633779487864e-15,17.52339266927084,10
0.41000000000000003,7,144,1,1,1010,broad_xyz,21.99112410904393,False,0.8665564932886647,0.8691326610477365,0.8399929200060049,-0.7328290742698181,-0.4098504246199735,0.04730755635697266,0.23157756773591762,0.11965172766655281,2.24633779487864e-15,17.52339266927084,10
0.43,7,144,1,1,1010,broad_xyz,21.99112410904393,False,0.8049673603755878,0.8351975008042616,0.845529478675344,-0.7221094110057913,-0.5295133928670511,-0.05293528657746703,0.24191611223956686,0.1174982992061085,2.24633779487864e-15,17.52339266927084,10
0.45,7,144,1,1,1010,broad_xyz,21.99112410904393,False,0.7357946478510576,0.8021595158583172,0.8349587121665225,-0.7172213048778338,-0.6179311612186276,-0.14557013449304168,0.24892740347231737,0.11647567438394953,2.24633779487864e-15,17.52339266927084,10
0.5,7,144,1,1,1010,broad_xyz,21.99112410904393,False,0.6666790250885476,0.779792661228189,0.7935496859007849,-0.7817977921531929,-0.6026382207356293,-0.27846199880059525,0.2741619655315185,0.12521840490068603,2.24633779487864e-15,17.52339266927084,10
0.55,7,144,1,1,1010,broad_xyz,21.99112410904393,False,0.7570750120354766,0.8105014144854605,0.7772677964633512,-0.8017219970527467,-0.6425006735060406,-0.2852536866743217,0.28346759379875464,0.1522973252228433,2.24633779487864e-15,17.52339266927084,10
0.6,7,144,1,1,1010,broad_xyz,21.99112410904393,False,0.7958480885021829,0.81108524820034,0.8171107565988632,-0.7349996079081443,-0.741527325462669,-0.3213259466952517,0.26293903654257267,0.17044334468399225,2.24633779487864e-15,17.52339266927084,10
0.6499999999999999,7,144,1,1,1010,broad_xyz,21.99112410904393,False,0.8002003079715178,0.8460532421212812,0.797146530745548,-0.7476097475161305,-0.7954014593194841,-0.3768896237158499,0.2604557827290687,0.16994679959930234,2.24633779487864e-15,17.52339266927084,10
0.7,7,144,1,1,1010,broad_xyz,21.99112410904393,False,0.8118100128312503,0.8674940842604177,0.8294239390279268,-0.7234556252332849,-0.8892220897436701,-0.4343770428299495,0.2543012971330387,0.16471683497236408,2.24633779487864e-15,17.52339266927084,10
0.725,7,144,1,1,1010,broad_xyz,21.99112410904393,False,0.8246483953326004,0.8776962957690776,0.8662858781745949,-0.6837118352617304,-0.920598106918619,-0.4678334130125619,0.2536795475517702,0.16317281311690882,2.24633779487864e-15,17.52339266927084,10
0.75,7,144,1,1,1010,broad_xyz,21.99112410904393,False,0.8255218812666072,0.8829093892731209,0.8941195166927414,-0.620041815062399,-0.9311773396446305,-0.49705235440925677,0.2526594060341346,0.1612127763423223,2.24633779487864e-15,17.52339266927084,10
0.775,7,144,1,1,1010,broad_xyz,21.99112410904393,False,0.8066853799897,0.8814850734817723,0.9093391954826586,-0.5150581825375184,-0.9288747292332424,-0.5165358326637257,0.2526440625598866,0.1580912204649897,2.24633779487864e-15,17.52339266927084,10
0.8,7,144,1,1,1010,broad_xyz,21.99112410904393,False,0.7718076941190088,0.8718846613754369,0.9110244423926174,-0.3457460708952751,-0.9155313564585215,-0.5202611354544702,0.2528902605302791,0.15430438994227286,2.24633779487864e-15,17.52339266927084,10
0.825,7,144,1,1,1010,broad_xyz,21.99112410904393,False,0.731057726359276,0.8544741496898455,0.8970545396495891,-0.1649048146679698,-0.8921630413897459,-0.5066148144659309,0.25198308034829653,0.15096086759796337,2.24633779487864e-15,17.52339266927084,10
0.85,7,144,1,1,1010,broad_xyz,21.99112410904393,False,0.6953921707084161,0.8358914685925465,0.8718362000436511,-0.08405444381143085,-0.863031144788821,-0.4890196126715562,0.2518264787867418,0.1483807202218266,2.24633779487864e-15,17.52339266927084,10
0.875,7,144,1,1,1010,broad_xyz,21.99112410904393,False,0.667523342252073,0.824527102249664,0.8505825209324965,-0.08124092147293942,-0.8245747271213262,-0.485005564364616,0.25507284205299297,0.14660180945223955,2.24633779487864e-15,17.52339266927084,10
0.9,7,144,1,1,1010,broad_xyz,21.99112410904393,False,0.646125660054605,0.8228659536991941,0.8424694046132546,-0.10173819885613929,-0.7758511787646764,-0.4862663296559842,0.26453335453374127,0.14602992353274005,2.24633779487864e-15,17.52339266927084,10
0.95,7,144,1,1,1010,broad_xyz,21.99112410904393,False,0.6416096228844813,0.8306139612237963,0.8530365777109221,-0.2005759197906695,-0.8267797052913353,-0.47226820126790625,0.27125898073138544,0.14977487257802802,2.24633779487864e-15,17.52339266927084,10
1.0,7,144,1,1,1010,broad_xyz,21.99112410904393,False,0.6924063520465037,0.8194838398162813,0.8570426436074685,-0.4557189858894886,-0.8511608969747607,-0.4647066957769769,0.2653095239092802,0.15670640075124348,2.24633779487864e-15,17.52339266927084,10
0.05,7,144,1,1,1011,broad_xyz,21.99112410904393,False,-0.4869724570801363,0.1910521614079198,-0.6203366648794247,-0.5916269671750017,-0.5767133661401258,0.03664309807842189,0.0024380395130003457,0.000399037268694703,2.24633779487864e-15,17.52339266927084,11
0.075,7,144,1,1,1011,broad_xyz,21.99112410904393,False,-0.4181224429668351,0.2088512152495423,-0.6279137151005467,-0.5910858670418266,-0.5569563758157838,0.1753611544008441,0.005446651089322253,0.0008833201003310864,2.24633779487864e-15,17.52339266927084,11
0.1,7,144,1,1,1011,broad_xyz,21.99112410904393,False,-0.3196951910470787,0.23105384978277305,-0.6237925949587334,-0.5868327352147669,-0.5117174623523532,0.2875823962206324,0.00957881199948403,0.0015356421549148987,2.24633779487864e-15,17.52339266927084,11
0.125,7,144,1,1,1011,broad_xyz,21.99112410904393,False,-0.20826723937258165,0.25031263836194595,-0.608274720301202,-0.5853803278617769,-0.45281625730897485,0.36612662212937686,0.015102527632248055,0.0024572993147059597,2.24633779487864e-15,17.52339266927084,11
0.15,7,144,1,1,1011,broad_xyz,21.99112410904393,False,-0.08508555399865052,0.282194587358267,-0.5776511766668456,-0.5922104856173244,-0.3825212599230051,0.4228587143744144,0.022558904103425165,0.004044824994602869,2.24633779487864e-15,17.52339266927084,11
0.1625,7,144,1,1,1011,broad_xyz,21.99112410904393,False,-0.016464648451659715,0.31297916146731375,-0.549788489919095,-0.5950435836653108,-0.3252948156160459,0.45115563520483676,0.02677322773558103,0.005353764245550787,2.24633779487864e-15,17.52339266927084,11
0.175,7,144,1,1,1011,broad_xyz,21.99112410904393,False,0.062135924922024174,0.3585131674914748,-0.5101133134068787,-0.5947253001075342,-0.24068702659047858,0.48045210066050476,0.034556506087619274,0.007259824486047494,2.24633779487864e-15,17.52339266927084,11
0.1875,7,144,1,1,1011,broad_xyz,21.99112410904393,False,0.1485470980956325,0.4182642824191095,-0.45360276729338705,-0.5865161398464636,-0.12582999767918127,0.5064628411196482,0.045269196289449,0.010038759015446435,2.24633779487864e-15,17.52339266927084,11
0.2,7,144,1,1,1011,broad_xyz,21.99112410904393,False,0.24337427448770918,0.4909799861646577,-0.38039223530371025,-0.5714000982996915,-0.038752724391843775,0.518855171161267,0.057558490535189875,0.014083176523582668,2.24633779487864e-15,17.52339266927084,11
0.2125,7,144,1,1,1011,broad_xyz,21.99112410904393,False,0.32757898012676906,0.5720669460806461,-0.2951016568580551,-0.5561054265468539,-0.010706012324941783,0.49911073247609505,0.07129312243107885,0.02001129636000702,2.24633779487864e-15,17.52339266927084,11
0.225,7,144,1,1,1011,broad_xyz,21.99112410904393,False,0.3843112993085319,0.6370034736475185,-0.21113033660244768,-0.5432083477036623,0.01334992781221981,0.4609238116819314,0.08579569574752893,0.02766045701058855,2.24633779487864e-15,17.52339266927084,11
0.2375,7,144,1,1,1011,broad_xyz,21.99112410904393,False,0.4072483189861028,0.6706092831100688,-0.14628426521620796,-0.5519630536791066,0.05975272647055699,0.4112846094138116,0.10393272711457188,0.03691544897672561,2.24633779487864e-15,17.52339266927084,11
0.25,7,144,1,1,1011,broad_xyz,21.99112410904393,False,0.4138554189364193,0.6858454175143037,-0.08924625016255477,-0.5744813708586815,0.10441957375636253,0.358181093229847,0.1217356076486232,0.04734954437327746,2.24633779487864e-15,17.52339266927084,11
0.27,7,144,1,1,1011,broad_xyz,21.99112410904393,False,0.4442778668828607,0.7230188964589361,0.03612111759482376,-0.6007157561177414,0.1321792240606051,0.2921280526105396,0.14628904954089825,0.06580882284084866,2.24633779487864e-15,17.52339266927084,11
0.29,7,144,1,1,1011,broad_xyz,21.99112410904393,False,0.5065841509518813,0.7757856601468585,0.2011677405443352,-0.6121231573342828,0.09013354825672269,0.25193112473023765,0.16421981374885447,0.08544289827955108,2.24633779487864e-15,17.52339266927084,11
0.31,7,144,1,1,1011,broad_xyz,21.99112410904393,False,0.5711242476631037,0.8154642547692058,0.3323931276823422,-0.6350778770998201,0.04362439735764311,0.23206646764747452,0.17986983855202,0.10315095460767548,2.24633779487864e-15,17.52339266927084,11
0.33,7,144,1,1,1011,broad_xyz,21.99112410904393,False,0.6246195631023257,0.839946029553185,0.40037803344617595,-0.6844763165544802,0.04934859304712168,0.21849703246613522,0.19136566642216252,0.11602863627661186,2.24633779487864e-15,17.52339266927084,11
0.35,7,144,1,1,1011,broad_xyz,21.99112410904393,False,0.6729087189506379,0.8584777543786228,0.45224787617548856,-0.7327524056163789,0.08478835686772401,0.17496321264037554,0.19827420449322683,0.12325479505260785,2.24633779487864e-15,17.52339266927084,11
0.37,7,144,1,1,1011,broad_xyz,21.99112410904393,False,0.7133006127418113,0.8700517347884974,0.5234136209246728,-0.7596381321573696,0.09321032082266542,0.07370624126239288,0.2050855521910841,0.12620709488058346,2.24633779487864e-15,17.52339266927084,11
0.39,7,144,1,1,1011,broad_xyz,21.99112410904393,False,0.7421363804386858,0.8698343764990826,0.6019885714173225,-0.7681533894096446,0.07135815113171205,-0.07261128222101486,0.2097580331563705,0.12637363399464738,2.24633779487864e-15,17.52339266927084,11
0.41000000000000003,7,144,1,1,1011,broad_xyz,21.99112410904393,False,0.7579962179418804,0.8593416018727302,0.6646008198147959,-0.7709357147497485,0.025911695773757463,-0.23068364527718624,0.21288413159267802,0.125336576432023,2.24633779487864e-15,17.52339266927084,11
0.43,7,144,1,1,1011,broad_xyz,21.99112410904393,False,0.7578403841537048,0.8432057431949828,0.7024171615256465,-0.7712624174691242,-0.06025075646134011,-0.36429402612111517,0.22430459974648526,0.12400412859100757,2.24633779487864e-15,17.52339266927084,11
0.45,7,144,1,1,1011,broad_xyz,21.99112410904393,False,0.7467571219265609,0.8277676154563031,0.7186862686777012,-0.7750240301595682,-0.19638635616606595,-0.43738218358948583,0.23132741240651505,0.1232489744335199,2.24633779487864e-15,17.52339266927084,11
0.5,7,144,1,1,1011,broad_xyz,21.99112410904393,False,0.7487188821501919,0.8346847567123519,0.706787984044151,-0.8355339173029835,-0.428432229587692,-0.3314820420837325,0.23463701882923998,0.12927613171387245,2.24633779487864e-15,17.52339266927084,11
0.55,7,144,1,1,1011,broad_xyz,21.99112410904393,False,0.7528507394749648,0.8374173626599178,0.6644664248530128,-0.843555448764677,-0.5473331224601276,-0.20883834274603338,0.24839429812432517,0.147262785469918,2.24633779487864e-15,17.52339266927084,11
0.6,7,144,1,1,1011,broad_xyz,21.99112410904393,False,0.643676085089617,0.7741207191480605,0.6994450077031341,-0.7623326531034205,-0.6585747479463993,-0.25845457694510365,0.24944041831216052,0.16408446612233937,2.24633779487864e-15,17.52339266927084,11
0.6499999999999999,7,144,1,1,1011,broad_xyz,21.99112410904393,False,0.6387585724330896,0.795199174379859,0.7325350126441142,-0.7559127068337304,-0.7134244530768049,-0.34919570935459066,0.25817339272453627,0.1694121736447188,2.24633779487864e-15,17.52339266927084,11
0.7,7,144,1,1,1011,broad_xyz,21.99112410904393,False,0.7066848352244602,0.8522660223895691,0.7873644296305987,-0.765052770518412,-0.8368582953935055,-0.42343878450064165,0.2538413544308132,0.1687077423275904,2.24633779487864e-15,17.52339266927084,11
0.725,7,144,1,1,1011,broad_xyz,21.99112410904393,False,0.7326131698308582,0.8754332443531035,0.8237443578971917,-0.761382391043279,-0.8734933388340602,-0.4647116749856097,0.2598953048942826,0.1686101966174258,2.24633779487864e-15,17.52339266927084,11
0.75,7,144,1,1,1011,broad_xyz,21.99112410904393,False,0.7511457077548863,0.8972974432953267,0.8519156883746826,-0.7466946804387121,-0.8939723782650472,-0.5031885772954935,0.25887935111529414,0.16792569399437593,2.24633779487864e-15,17.52339266927084,11
0.775,7,144,1,1,1011,broad_xyz,21.99112410904393,False,0.7584442683537674,0.9134250808603094,0.8714468264518961,-0.7149541097282837,-0.903499374449432,-0.5262140877524888,0.25514413717547085,0.16587646151542204,2.24633779487864e-15,17.52339266927084,11
0.8,7,144,1,1,1011,broad_xyz,21.99112410904393,False,0.7578927233075626,0.9206807823472786,0.8831601950582854,-0.6480400009118352,-0.906707464921944,-0.5291662913098318,0.25227588444990423,0.1630309126679691,2.24633779487864e-15,17.52339266927084,11
0.825,7,144,1,1,1011,broad_xyz,21.99112410904393,False,0.7569048178708929,0.9224777169287269,0.8872220334049487,-0.518226824010863,-0.9054797434685855,-0.520891210523013,0.24991610775763645,0.1605264658374788,2.24633779487864e-15,17.52339266927084,11
0.85,7,144,1,1,1011,broad_xyz,21.99112410904393,False,0.7587133583921325,0.9238093456797247,0.8855524059512075,-0.3498642516560551,-0.8996791760584315,-0.5140941155622735,0.25207664447748285,0.15896214392833374,2.24633779487864e-15,17.52339266927084,11
0.875,7,144,1,1,1011,broad_xyz,21.99112410904393,False,0.7572931759050514,0.9250085536153828,0.8831229301967148,-0.22251260882329482,-0.884218751495186,-0.5182848557213625,0.252604683197282,0.15819329084713057,2.24633779487864e-15,17.52339266927084,11
0.9,7,144,1,1,1011,broad_xyz,21.99112410904393,False,0.7448377715679063,0.9225447293486969,0.8835721668319514,-0.1648717777917691,-0.8447820481823239,-0.5264066691019054,0.2503406842561685,0.1582596926177738,2.24633779487864e-15,17.52339266927084,11
0.95,7,144,1,1,1011,broad_xyz,21.99112410904393,False,0.705138027000981,0.9004798152308291,0.8904091915745181,-0.2264608215698099,-0.8941047074807562,-0.525256191577948,0.2547537641246582,0.16214875131780127,2.24633779487864e-15,17.52339266927084,11
1.0,7,144,1,1,1011,broad_xyz,21.99112410904393,False,0.7065835266807599,0.8627462206469675,0.8940051948869673,-0.4697623527903008,-0.9205828869770902,-0.5348968936184009,0.26937267942944604,0.17019359960293834,2.24633779487864e-15,17.52339266927084,11
0.05,7,144,1,1,1012,broad_xyz,21.99112410904393,False,0.41947990190223416,0.375691465275238,-0.4224856078719548,-0.4610795319554861,-0.45297953974193744,-0.013383273299334131,0.0006911840684661802,8.751225662655796e-05,2.24633779487864e-15,17.52339266927084,12
0.075,7,144,1,1,1012,broad_xyz,21.99112410904393,False,0.44275043400657615,0.47999116484135906,-0.3835163041474899,-0.47199369657217033,-0.4367490731159891,0.17595688663955172,0.00169668276812409,0.00026312284532493675,2.24633779487864e-15,17.52339266927084,12
0.1,7,144,1,1,1012,broad_xyz,21.99112410904393,False,0.22428239353521895,0.5490412523493046,-0.21952619145625465,-0.40350590746265835,-0.3000914305317114,0.41853794739154676,0.004880944381209282,0.0008038565428706816,2.24633779487864e-15,17.52339266927084,12
0.125,7,144,1,1,1012,broad_xyz,21.99112410904393,False,0.020166211438041513,0.5020164506575896,-0.1573084220552092,-0.3897523455467772,-0.27674070930401945,0.5340514702609631,0.016044779624719813,0.0022239620202443313,2.24633779487864e-15,17.52339266927084,12
0.15,7,144,1,1,1012,broad_xyz,21.99112410904393,False,0.01726301027550929,0.48541031630450654,-0.20115565658554763,-0.4629804191795975,-0.37988542967221195,0.6027980393620288,0.033593989986859744,0.005115936826464064,2.24633779487864e-15,17.52339266927084,12
0.1625,7,144,1,1,1012,broad_xyz,21.99112410904393,False,0.07661850323627108,0.4905026999887665,-0.23550914426290379,-0.5103178760058832,-0.4345662618931075,0.6341719630623512,0.044242406815211646,0.007190529880570449,2.24633779487864e-15,17.52339266927084,12
0.175,7,144,1,1,1012,broad_xyz,21.99112410904393,False,0.15622082740062287,0.5024496952305152,-0.26275133775133985,-0.5534208517468333,-0.4788369423563752,0.6601630665805069,0.054560186653525376,0.009649338515927681,2.24633779487864e-15,17.52339266927084,12
0.1875,7,144,1,1,1012,broad_xyz,21.99112410904393,False,0.24214353115281737,0.518483934251813,-0.2829534183811654,-0.5904858288883738,-0.5134583376625748,0.6785070764119245,0.06416541182556476,0.012374619513989165,2.24633779487864e-15,17.52339266927084,12
0.2,7,144,1,1,1012,broad_xyz,21.99112410904393,False,0.3197412063874606,0.5400711593649762,-0.2929372758366335,-0.6215554122246525,-0.5363617738079063,0.6912563430634956,0.07229423340489968,0.015392812855002515,2.24633779487864e-15,17.52339266927084,12
0.2125,7,144,1,1,1012,broad_xyz,21.99112410904393,False,0.3800441366544037,0.5685485552718397,-0.2916013130730976,-0.6450379124728687,-0.5361682035253164,0.6947896089250246,0.078454523733863,0.018632962417250074,2.24633779487864e-15,17.52339266927084,12
0.225,7,144,1,1,1012,broad_xyz,21.99112410904393,False,0.4180693057083965,0.6023476962605364,-0.2782108879169396,-0.6600497904601503,-0.521860813261839,0.6887646677593209,0.08253315011572429,0.022130958642695868,2.24633779487864e-15,17.52339266927084,12
0.2375,7,144,1,1,1012,broad_xyz,21.99112410904393,False,0.43447754842867947,0.6425146483894354,-0.24616495726427318,-0.6623006368261332,-0.506956114026443,0.6675038954942134,0.08522384706259431,0.02606107914229029,2.24633779487864e-15,17.52339266927084,12
0.25,7,144,1,1,1012,broad_xyz,21.99112410904393,False,0.43316627213521225,0.6803676015982908,-0.19782906462737967,-0.6502971133410538,-0.4994073651074757,0.6254983711572343,0.08703870211158302,0.030379046766468045,2.24633779487864e-15,17.52339266927084,12
0.27,7,144,1,1,1012,broad_xyz,21.99112410904393,False,0.42208868887233564,0.7160359163658007,-0.09845790913852293,-0.6097897875650736,-0.514003493329063,0.5155470459324887,0.09573674115767397,0.03821392577464807,2.24633779487864e-15,17.52339266927084,12
0.29,7,144,1,1,1012,broad_xyz,21.99112410904393,False,0.4259721535605985,0.7159239888341746,-0.0081831180353105,-0.582176574461554,-0.5458084270963692,0.39769532708292166,0.12157998245189208,0.04720630372454466,2.24633779487864e-15,17.52339266927084,12
0.31,7,144,1,1,1012,broad_xyz,21.99112410904393,False,0.445976789393263,0.7137217542383817,0.07927501876614709,-0.5650052017178578,-0.5399198862999424,0.30538608478738566,0.1420719369140463,0.0568385937406817,2.24633779487864e-15,17.52339266927084,12
0.33,7,144,1,1,1012,broad_xyz,21.99112410904393,False,0.4779921413708439,0.741153193781199,0.16299213049700195,-0.5592620886117934,-0.5011030493677353,0.24107669771840706,0.16015131383816147,0.06592124147659559,2.24633779487864e-15,17.52339266927084,12
0.35,7,144,1,1,1012,broad_xyz,21.99112410904393,False,0.5182406843880408,0.7854802991114083,0.24399456101995365,-0.5712716588196481,-0.46701079142615515,0.19108596001751108,0.16902656389938384,0.07430805431495331,2.24633779487864e-15,17.52339266927084,12
0.37,7,144,1,1,1012,broad_xyz,21.99112410904393,False,0.5507176118078028,0.8112810229738705,0.3229343642851919,-0.6076056454886454,-0.47066620390484787,0.15327640018817554,0.1746876010075875,0.08210295439439048,2.24633779487864e-15,17.52339266927084,12
0.39,7,144,1,1,1012,broad_xyz,21.99112410904393,False,0.5827927190382832,0.8209167911365348,0.4028605033246163,-0.6502676387437031,-0.5155259205680192,0.12351702597284855,0.18920217631764075,0.08907703047182042,2.24633779487864e-15,17.52339266927084,12
0.41000000000000003,7,144,1,1,1012,broad_xyz,21.99112410904393,False,0.6152946016919141,0.8245626828909756,0.4727397755770663,-0.683637357600745,-0.5760693733876008,0.10510366772341405,0.20437875061917601,0.09457845074903287,2.24633779487864e-15,17.52339266927084,12
0.43,7,144,1,1,1012,broad_xyz,21.99112410904393,False,0.6342731448676048,0.8244232287098427,0.5346763460298591,-0.6990352854996655,-0.6291180295221795,0.09063267496600082,0.21018197534186597,0.09880617822598808,2.24633779487864e-15,17.52339266927084,12
0.45,7,144,1,1,1012,broad_xyz,21.99112410904393,False,0.6337760510653195,0.8218766436117165,0.5869922526847,-0.7031647297826751,-0.6648924686926498,0.07386335538670541,0.2137922110776303,0.10216045401882799,2.24633779487864e-15,17.52339266927084,12
0.5,7,144,1,1,1012,broad_xyz,21.99112410904393,False,0.6202164271336393,0.8160022968579689,0.6321528153976632,-0.705784797187368,-0.655228882595338,0.042846208847068364,0.2509841519552685,0.10876876097692151,2.24633779487864e-15,17.52339266927084,12
0.55,7,144,1,1,1012,broad_xyz,21.99112410904393,False,0.6595162917491333,0.8375479239316576,0.5673082676651819,-0.7250668728035617,-0.5990465914406844,0.0399928100350101,0.2586199632073032,0.11728706644104075,2.24633779487864e-15,17.52339266927084,12
0.6,7,144,1,1,1012,broad_xyz,21.99112410904393,False,0.6190291957486149,0.8269784370237517,0.5184582268472455,-0.6980252106108966,-0.6656005170989441,-0.051074108297052494,0.2569707087346681,0.12835341888060123,2.24633779487864e-15,17.52339266927084,12
0.6499999999999999,7,144,1,1,1012,broad_xyz,21.99112410904393,False,0.6006610164797637,0.7598073532066469,0.593771737682335,-0.6138008840149145,-0.7799530210978312,-0.26602991011905874,0.26031320852189943,0.13635814680499886,2.24633779487864e-15,17.52339266927084,12
0.7,7,144,1,1,1012,broad_xyz,21.99112410904393,False,0.5542319333995654,0.719666949422479,0.6221671188465856,-0.6246211340987646,-0.8070793690357742,-0.37025679681277973,0.24640885694137205,0.1353464494055751,2.24633779487864e-15,17.52339266927084,12
0.725,7,144,1,1,1012,broad_xyz,21.99112410904393,False,0.5056847129512191,0.7097078624196815,0.643674398619472,-0.6188755349087772,-0.802541630306997,-0.3962261681032623,0.23807586996948826,0.13455861399627636,2.24633779487864e-15,17.52339266927084,12
0.75,7,144,1,1,1012,broad_xyz,21.99112410904393,False,0.4931314875781337,0.7108965216522996,0.6804236856221885,-0.5906652257938569,-0.8049839765841822,-0.4176162402680613,0.24022337046388556,0.13445773489317142,2.24633779487864e-15,17.52339266927084,12
0.775,7,144,1,1,1012,broad_xyz,21.99112410904393,False,0.5030107676254645,0.7169553225386658,0.7235540112578498,-0.5398557394240489,-0.8173556827393672,-0.4333285423060718,0.24903129114612615,0.13495584964349092,2.24633779487864e-15,17.52339266927084,12
0.8,7,144,1,1,1012,broad_xyz,21.99112410904393,False,0.4966051704226375,0.7193476469777643,0.76295184388587,-0.4651113654603268,-0.8303560241146852,-0.44369298854237477,0.25328650248393697,0.1357163246103913,2.24633779487864e-15,17.52339266927084,12
0.825,7,144,1,1,1012,broad_xyz,21.99112410904393,False,0.4731763133035425,0.717119177069483,0.7944876553968532,-0.3611945185286513,-0.8388114347489329,-0.45383679495439017,0.25081891789533994,0.13633741973986455,2.24633779487864e-15,17.52339266927084,12
0.85,7,144,1,1,1012,broad_xyz,21.99112410904393,False,0.4630070686136343,0.7140680410244454,0.8189025268963414,-0.2279212324761262,-0.8338450164707553,-0.4688990902563544,0.24296716708714924,0.13667285187040393,2.24633779487864e-15,17.52339266927084,12
0.875,7,144,1,1,1012,broad_xyz,21.99112410904393,False,0.4837718508165142,0.7152188246970245,0.8386316679870729,-0.09133613323414141,-0.8184653444729187,-0.486464121530183,0.2378579996724123,0.13686295469626505,2.24633779487864e-15,17.52339266927084,12
0.9,7,144,1,1,1012,broad_xyz,21.99112410904393,False,0.5236434178506725,0.7193395374229442,0.8543442825218471,0.0068414881341199545,-0.7824683264091725,-0.4991642618406467,0.24442819056274634,0.13712376220867975,2.24633779487864e-15,17.52339266927084,12
0.95,7,144,1,1,1012,broad_xyz,21.99112410904393,False,0.5805897428655444,0.7246228630998187,0.8714386557710297,0.020083715569376194,-0.846205481672668,-0.4999833556394486,0.2594077903962907,0.13776313497726964,2.24633779487864e-15,17.52339266927084,12
1.0,7,144,1,1,1012,broad_xyz,21.99112410904393,False,0.5391191320853244,0.6896917906825408,0.8716504496181235,-0.09363413741224652,-0.8352561642173645,-0.49141408888483723,0.2707330029732476,0.13805202993268795,2.24633779487864e-15,17.52339266927084,12
0.05,7,144,1,1,1013,broad_xyz,21.99112410904393,False,-0.16845516852713793,0.3799168412902492,-0.6245245873311144,-0.6305867184049716,-0.48866343975253407,0.6997093394230914,0.002350436920412571,0.00037651638454943334,2.24633779487864e-15,17.52339266927084,13
0.075,7,144,1,1,1013,broad_xyz,21.99112410904393,False,-0.22420985334092605,0.37337405885772507,-0.6338782191935008,-0.6357772366107463,-0.4788201826410979,0.7526657204456947,0.006069045615651797,0.0009603323637534914,2.24633779487864e-15,17.52339266927084,13
0.1,7,144,1,1,1013,broad_xyz,21.99112410904393,False,-0.19948744964044143,0.3774955095727326,-0.646690723199352,-0.6610261650038403,-0.521007616949214,0.7898979954823592,0.012254063359245778,0.0020992601808041086,2.24633779487864e-15,17.52339266927084,13
0.125,7,144,1,1,1013,broad_xyz,21.99112410904393,False,-0.11354109241072778,0.38680172174910016,-0.6595127683734677,-0.6961546434764707,-0.6175685006919474,0.8006500641593267,0.020931196078327392,0.004003720829225569,2.24633779487864e-15,17.52339266927084,13
0.15,7,144,1,1,1013,broad_xyz,21.99112410904393,False,0.02058827463736962,0.4031077696280371,-0.6705920692724137,-0.7271100923877951,-0.7079323669720449,0.7942843102199056,0.03370828067660407,0.006731874955860043,2.24633779487864e-15,17.52339266927084,13
0.1625,7,144,1,1,1013,broad_xyz,21.99112410904393,False,0.10527180210059658,0.42372187488783314,-0.6751491765196496,-0.7424158860676847,-0.7368651968513047,0.7822515919992823,0.04112724037728008,0.008547086071638288,2.24633779487864e-15,17.52339266927084,13
0.175,7,144,1,1,1013,broad_xyz,21.99112410904393,False,0.19734940860053055,0.4611984835628707,-0.6803057261363415,-0.7605985734629933,-0.7538284612841357,0.7593724756081925,0.04850696854584777,0.010945957513083764,2.24633779487864e-15,17.52339266927084,13
0.1875,7,144,1,1,1013,broad_xyz,21.99112410904393,False,0.29201518781923397,0.5184996155510307,-0.6838458000050196,-0.7812932545769317,-0.755905150715591,0.7213057644474721,0.05558019968586379,0.014311861016323908,2.24633779487864e-15,17.52339266927084,13
0.2,7,144,1,1,1013,broad_xyz,21.99112410904393,False,0.3820919855660026,0.587918978967766,-0.67663552865457,-0.7974753186125213,-0.7199912212751342,0.6732461450950236,0.06297473095526193,0.018878461818119783,2.24633779487864e-15,17.52339266927084,13
0.2125,7,144,1,1,1013,broad_xyz,21.99112410904393,False,0.4598098691273791,0.6689888653182745,-0.648647683878098,-0.803280266317343,-0.608593171877542,0.6132731537191904,0.07099784522401441,0.02489992484335344,2.24633779487864e-15,17.52339266927084,13
0.225,7,144,1,1,1013,broad_xyz,21.99112410904393,False,0.5172939718101346,0.7545670658314018,-0.5901226831410902,-0.7946871346062415,-0.41753645354126956,0.5435905048630396,0.07830631525152085,0.032590283381652124,2.24633779487864e-15,17.52339266927084,13
0.2375,7,144,1,1,1013,broad_xyz,21.99112410904393,False,0.5442061798146268,0.8165682319803941,-0.4992886121349116,-0.7681474511190378,-0.23821848715347835,0.4567345316033006,0.0859381471343108,0.04138515208250802,2.24633779487864e-15,17.52339266927084,13
0.25,7,144,1,1,1013,broad_xyz,21.99112410904393,False,0.5571348293169428,0.8514332740438578,-0.38609703880611107,-0.734642831212857,-0.17970208609508567,0.3604291388305455,0.09915386263583978,0.05114741708573958,2.24633779487864e-15,17.52339266927084,13
0.27,7,144,1,1,1013,broad_xyz,21.99112410904393,False,0.5743225269781336,0.8552139493067422,-0.20329997588306412,-0.7058967058914238,-0.2409395730574144,0.21849933818778322,0.13645381317952232,0.06794927564017786,2.24633779487864e-15,17.52339266927084,13
0.29,7,144,1,1,1013,broad_xyz,21.99112410904393,False,0.6107476922987539,0.833330873003177,-0.05014673297333288,-0.7215312254319584,-0.3079331319854935,0.11196827528771773,0.17473027225925006,0.08459114851780508,2.24633779487864e-15,17.52339266927084,13
0.31,7,144,1,1,1013,broad_xyz,21.99112410904393,False,0.659530378065994,0.8211927992956707,0.06342165517915364,-0.7616423198788679,-0.3200225766645437,0.045228470634234,0.20151390129769858,0.09925048270850202,2.24633779487864e-15,17.52339266927084,13
0.33,7,144,1,1,1013,broad_xyz,21.99112410904393,False,0.6985407403468565,0.8346720415154953,0.13569448152431365,-0.8103843679249078,-0.27852854371719077,0.019204468842769447,0.22098078141672906,0.11040510071614125,2.24633779487864e-15,17.52339266927084,13
0.35,7,144,1,1,1013,broad_xyz,21.99112410904393,False,0.7209460037132044,0.8666392655858286,0.20640728114330986,-0.8473465516023555,-0.2323435127541966,0.002529543224826248,0.23445241046494925,0.11858733873024802,2.24633779487864e-15,17.52339266927084,13
0.37,7,144,1,1,1013,broad_xyz,21.99112410904393,False,0.7241610239520776,0.8971542629338217,0.2929577127465147,-0.8657689569833156,-0.20496082116272352,0.0005406680172015514,0.24398071258808085,0.1239871384774852,2.24633779487864e-15,17.52339266927084,13
0.39,7,144,1,1,1013,broad_xyz,21.99112410904393,False,0.7059771919322435,0.9080219099080712,0.39993234614395995,-0.864534171718962,-0.22106653755741462,0.018603820869574118,0.24930313745898208,0.12732234201910117,2.24633779487864e-15,17.52339266927084,13
0.41000000000000003,7,144,1,1,1013,broad_xyz,21.99112410904393,False,0.680554430730301,0.9093206050751111,0.5204574347536136,-0.8543423816389039,-0.2916470209901036,0.04606841041877311,0.2492870781606614,0.12961794920379496,2.24633779487864e-15,17.52339266927084,13
0.43,7,144,1,1,1013,broad_xyz,21.99112410904393,False,0.651476193211598,0.9041909183587001,0.6185263214892972,-0.8461937788486205,-0.38920550348582905,0.07696327759244047,0.24442595820152752,0.13072485962310082,2.24633779487864e-15,17.52339266927084,13
0.45,7,144,1,1,1013,broad_xyz,21.99112410904393,False,0.6175244162145095,0.8958977730988116,0.6809172037480108,-0.8432771752874995,-0.47600247529073186,0.09709200363727477,0.25256397515892204,0.13081036226182857,2.24633779487864e-15,17.52339266927084,13
0.5,7,144,1,1,1013,broad_xyz,21.99112410904393,False,0.5733530119351444,0.8943165248069453,0.7270921755307859,-0.8656151110941166,-0.4194609460807838,-0.0021520808905178715,0.25148833369367163,0.13310148947662448,2.24633779487864e-15,17.52339266927084,13
0.55,7,144,1,1,1013,broad_xyz,21.99112410904393,False,0.6429691825012743,0.9033380952093885,0.6751643801408268,-0.8867186593491454,-0.4602806733599895,-0.2755919951273127,0.255047214914979,0.14961399153286653,2.24633779487864e-15,17.52339266927084,13
0.6,7,144,1,1,1013,broad_xyz,21.99112410904393,False,0.5707572228012383,0.8152617610075363,0.6815347443834078,-0.8715701793971374,-0.6621271500185901,-0.3887666941844406,0.26365932201905495,0.16886088843670588,2.24633779487864e-15,17.52339266927084,13
0.6499999999999999,7,144,1,1,1013,broad_xyz,21.99112410904393,False,0.5887030783691682,0.8256845635334907,0.7604996911062276,-0.8783544884239538,-0.8303175184498601,-0.3678226227078011,0.26762427270581285,0.17772524374539156,2.24633779487864e-15,17.52339266927084,13
0.7,7,144,1,1,1013,broad_xyz,21.99112410904393,False,0.684497006819694,0.8751012275350885,0.8520354604699703,-0.8749972058616192,-0.9133569599462945,-0.38580882594574883,0.2781780155341712,0.18101677884487166,2.24633779487864e-15,17.52339266927084,13
0.725,7,144,1,1,1013,broad_xyz,21.99112410904393,False,0.6978802356654163,0.8897430338517204,0.888866816592852,-0.8674096981833754,-0.9256796968210674,-0.40679113975861403,0.2879092498118737,0.1819130111031479,2.24633779487864e-15,17.52339266927084,13
0.75,7,144,1,1,1013,broad_xyz,21.99112410904393,False,0.7101183447336279,0.9012113179298402,0.9151188098741817,-0.8531608196906711,-0.9218504982164663,-0.4278115953147464,0.29067507347468,0.18252123808751933,2.24633779487864e-15,17.52339266927084,13
0.775,7,144,1,1,1013,broad_xyz,21.99112410904393,False,0.7320017271643072,0.9094404103040404,0.931665081559348,-0.826102489978724,-0.9155400033095319,-0.44606478634795316,0.292905269254969,0.18279179333692083,2.24633779487864e-15,17.52339266927084,13
0.8,7,144,1,1,1013,broad_xyz,21.99112410904393,False,0.7501296043283184,0.9128550986140941,0.9394997966028044,-0.7633515985433736,-0.9130101736413394,-0.46334292049487474,0.2906923765607311,0.18281194631947897,2.24633779487864e-15,17.52339266927084,13
0.825,7,144,1,1,1013,broad_xyz,21.99112410904393,False,0.7465240493084847,0.9129385410241344,0.9399996528455861,-0.6009986568980263,-0.9123351844094859,-0.4820496913918989,0.28990692190505124,0.18299457165850563,2.24633779487864e-15,17.52339266927084,13
0.85,7,144,1,1,1013,broad_xyz,21.99112410904393,False,0.7207941922422096,0.9169344962256233,0.9372628459536246,-0.30877594400023267,-0.9072281746645665,-0.49635540997097,0.2866160857228809,0.18352815327454294,2.24633779487864e-15,17.52339266927084,13
0.875,7,144,1,1,1013,broad_xyz,21.99112410904393,False,0.6965420467395775,0.926288626986035,0.933863826031125,-0.07543606884997577,-0.8967184587864137,-0.49850041446737975,0.28819826486235406,0.18412861623296242,2.24633779487864e-15,17.52339266927084,13
0.9,7,144,1,1,1013,broad_xyz,21.99112410904393,False,0.6883700178436971,0.9332498636041398,0.9321087540480918,-0.00048327961796708156,-0.866513141031474,-0.48732818652614057,0.29599458051372596,0.18455378193869806,2.24633779487864e-15,17.52339266927084,13
0.95,7,144,1,1,1013,broad_xyz,21.99112410904393,False,0.7021983459688598,0.92697397537491,0.9293232026981703,-0.1155141622884263,-0.8945972496087331,-0.48123417983895306,0.2869839570692124,0.1857172191520004,2.24633779487864e-15,17.52339266927084,13
1.0,7,144,1,1,1013,broad_xyz,21.99112410904393,False,0.6514776490913464,0.895927528330816,0.9342005611407478,-0.5141531274734812,-0.9053718704999802,-0.46754409495652344,0.28342578561912135,0.18593356465517863,2.24633779487864e-15,17.52339266927084,13
0.05,7,144,1,1,1014,broad_xyz,21.99112410904393,False,0.1941696642027384,0.24534193897519968,-0.3419110295443411,-0.4191010610208594,-0.34258804862736236,0.5080151705663695,0.0016134319676138168,0.00014060524847641086,2.24633779487864e-15,17.52339266927084,14
0.075,7,144,1,1,1014,broad_xyz,21.99112410904393,False,0.24679861825165478,0.2090694150723464,-0.25980798995522864,-0.39074537133799275,-0.3537725663737385,0.4631511894559404,0.003988035982328475,0.0003350572219406627,2.24633779487864e-15,17.52339266927084,14
0.1,7,144,1,1,1014,broad_xyz,21.99112410904393,False,0.2935554071708969,0.24345764117423632,-0.18303703475476094,-0.399100467102529,-0.4155246267130422,0.37282049390035243,0.0069041278056021,0.0006890602236457098,2.24633779487864e-15,17.52339266927084,14
0.125,7,144,1,1,1014,broad_xyz,21.99112410904393,False,0.34475902069166475,0.39619155566173153,-0.1744336263138202,-0.47917635506449396,-0.45116245991343445,0.14943355383828855,0.009593665362545089,0.0015250925259316505,2.24633779487864e-15,17.52339266927084,14
0.15,7,144,1,1,1014,broad_xyz,21.99112410904393,False,0.33110403390331966,0.5092622484781464,-0.246535990740871,-0.5775874946298719,-0.39596107326187346,-0.12629714987060497,0.014447116576000608,0.003845867202589192,2.24633779487864e-15,17.52339266927084,14
0.1625,7,144,1,1,1014,broad_xyz,21.99112410904393,False,0.33873466107083333,0.553240464627176,-0.3083619260583224,-0.6482891797414577,-0.444907928734002,-0.16386560955359614,0.02121060994377179,0.006052437304029022,2.24633779487864e-15,17.52339266927084,14
0.175,7,144,1,1,1014,broad_xyz,21.99112410904393,False,0.3607816926266532,0.5817862529038162,-0.3635262569745519,-0.7129642280926312,-0.49257894729512663,-0.15471204980858352,0.03041230534577772,0.00948542113578547,2.24633779487864e-15,17.52339266927084,14
0.1875,7,144,1,1,1014,broad_xyz,21.99112410904393,False,0.39366676348992014,0.5988849514756268,-0.3943799324040002,-0.7601269468234578,-0.49936113444802943,-0.14115887944470792,0.042838068698444406,0.014353937105346512,2.24633779487864e-15,17.52339266927084,14
0.2,7,144,1,1,1014,broad_xyz,21.99112410904393,False,0.42955368031157,0.6163791351854707,-0.3988816250664805,-0.7897821126218624,-0.4635850068436051,-0.1328202732332119,0.05646810202729542,0.02089081333355482,2.24633779487864e-15,17.52339266927084,14
0.2125,7,144,1,1,1014,broad_xyz,21.99112410904393,False,0.47537732787906306,0.6468971539726918,-0.37337263384281283,-0.7989425433995747,-0.3743087346140224,-0.12455411978649643,0.0708809546930885,0.029136675364308154,2.24633779487864e-15,17.52339266927084,14
0.225,7,144,1,1,1014,broad_xyz,21.99112410904393,False,0.5083186361284523,0.6728666217163256,-0.3203229403131847,-0.7928429032346215,-0.24952100362814472,-0.1260669164934548,0.08564585926380489,0.03940704833584044,2.24633779487864e-15,17.52339266927084,14
0.2375,7,144,1,1,1014,broad_xyz,21.99112410904393,False,0.5260777834915149,0.6904642562287207,-0.2423563334004005,-0.7725813396563067,-0.12115839932872939,-0.14439810105843148,0.10066820055681598,0.05150405917209539,2.24633779487864e-15,17.52339266927084,14
0.25,7,144,1,1,1014,broad_xyz,21.99112410904393,False,0.5256722532452326,0.6935938236247412,-0.15126672967833,-0.7485945105940202,-0.014029806692789866,-0.18204615132761495,0.11567119999552193,0.0649709191184738,2.24633779487864e-15,17.52339266927084,14
0.27,7,144,1,1,1014,broad_xyz,21.99112410904393,False,0.5193183779053858,0.6852499100489738,0.02038010572172486,-0.7060402083870079,0.06512334165170695,-0.27896366635253034,0.1378024256333912,0.0874952859497056,2.24633779487864e-15,17.52339266927084,14
0.29,7,144,1,1,1014,broad_xyz,21.99112410904393,False,0.5718133835241362,0.7119222823183021,0.2230714432275477,-0.6669746654523651,0.05220391880883883,-0.3497105999217153,0.1548440964896097,0.10738752792276801,2.24633779487864e-15,17.52339266927084,14
0.31,7,144,1,1,1014,broad_xyz,21.99112410904393,False,0.6883986100299972,0.7842051533407459,0.42329390016796864,-0.6871097142625884,0.006059929779292521,-0.28770753501869883,0.1658628975305625,0.12195341949778594,2.24633779487864e-15,17.52339266927084,14
0.33,7,144,1,1,1014,broad_xyz,21.99112410904393,False,0.7870780022864076,0.8492906304402696,0.5745737313395992,-0.7828495500569943,-0.04048722930875487,-0.10829175563868637,0.18215286111884327,0.1308161771203845,2.24633779487864e-15,17.52339266927084,14
0.35,7,144,1,1,1014,broad_xyz,21.99112410904393,False,0.8320064573997616,0.8875337179459338,0.676210475438677,-0.8789249224424769,-0.07446649171382853,0.05881407443406863,0.1988074322161628,0.13475827264999024,2.24633779487864e-15,17.52339266927084,14
0.37,7,144,1,1,1014,broad_xyz,21.99112410904393,False,0.8419157747557036,0.9090822930443,0.7550441052427231,-0.9307286168703652,-0.11387969335564452,0.1513296356867922,0.21272708662939555,0.13549030901880765,2.24633779487864e-15,17.52339266927084,14
0.39,7,144,1,1,1014,broad_xyz,21.99112410904393,False,0.8280096758597949,0.9179756947498438,0.8190430862349116,-0.9510294452486354,-0.19315085115371264,0.17835545558488033,0.22590212796529965,0.13576962317769775,2.24633779487864e-15,17.52339266927084,14
0.41000000000000003,7,144,1,1,1014,broad_xyz,21.99112410904393,False,0.7960297236804165,0.9174119270807234,0.8566315720978463,-0.9505456911757686,-0.29507860568129324,0.16871943636971404,0.23619641370760913,0.1358856389552285,2.24633779487864e-15,17.52339266927084,14
0.43,7,144,1,1,1014,broad_xyz,21.99112410904393,False,0.7557256452762366,0.9095419932380203,0.870752439158878,-0.9439533676459305,-0.3787651001353655,0.1286876184995486,0.24412311908818501,0.13673518836712775,2.24633779487864e-15,17.52339266927084,14
0.45,7,144,1,1,1014,broad_xyz,21.99112410904393,False,0.7185509823562033,0.8967871703297654,0.8741475142413103,-0.9410440911078748,-0.40547235309834956,0.06798364811501628,0.25029838940899696,0.139411826845778,2.24633779487864e-15,17.52339266927084,14
0.5,7,144,1,1,1014,broad_xyz,21.99112410904393,False,0.6188371654257211,0.8379081991962283,0.8613019573942419,-0.9452838253529698,-0.24936117131441887,-0.11574931835861638,0.2584009786559549,0.15453277569062512,2.24633779487864e-15,17.52339266927084,14
0.55,7,144,1,1,1014,broad_xyz,21.99112410904393,False,0.5377693793539512,0.7821206487789424,0.8585033753832657,-0.940049296175916,-0.3504504280578747,-0.21894565314638395,0.27924080225658165,0.1767582457849766,2.24633779487864e-15,17.52339266927084,14
0.6,7,144,1,1,1014,broad_xyz,21.99112410904393,False,0.5855645778407509,0.7433147197794756,0.873713697531465,-0.8986620337157035,-0.6319407836344009,-0.2705657200509662,0.28154504587853124,0.19392914748067214,2.24633779487864e-15,17.52339266927084,14
0.6499999999999999,7,144,1,1,1014,broad_xyz,21.99112410904393,False,0.6708276965673583,0.8088121663130668,0.9074738630249289,-0.8709038818513156,-0.8087831085148768,-0.36015390141239567,0.27055843143711505,0.1957944276337868,2.24633779487864e-15,17.52339266927084,14
0.7,7,144,1,1,1014,broad_xyz,21.99112410904393,False,0.7254539766550279,0.8477054703876449,0.9262416703397572,-0.8494469003110526,-0.8749511444063648,-0.41257562046485297,0.2835500937679025,0.1917263297481367,2.24633779487864e-15,17.52339266927084,14
0.725,7,144,1,1,1014,broad_xyz,21.99112410904393,False,0.7304647187807801,0.8508823628154057,0.9310792231223767,-0.8309830724928035,-0.8912343472727442,-0.4239183490920361,0.2899338569226469,0.18916410095001052,2.24633779487864e-15,17.52339266927084,14
0.75,7,144,1,1,1014,broad_xyz,21.99112410904393,False,0.7226521068338287,0.8493069369044464,0.9306749972564917,-0.7876472612536422,-0.8997449768588746,-0.4291167612348863,0.2920777940432435,0.186217093455763,2.24633779487864e-15,17.52339266927084,14
0.775,7,144,1,1,1014,broad_xyz,21.99112410904393,False,0.709112666567579,0.845216755152558,0.9259932297453051,-0.6884658491439498,-0.8993201849150133,-0.4365302831228781,0.29005341740494256,0.18321328271896745,2.24633779487864e-15,17.52339266927084,14
0.8,7,144,1,1,1014,broad_xyz,21.99112410904393,False,0.6913594847075105,0.840296470671937,0.9199154941022638,-0.5136322030897548,-0.8940393487713107,-0.44721623422390944,0.284812600519219,0.18044888732558295,2.24633779487864e-15,17.52339266927084,14
0.825,7,144,1,1,1014,broad_xyz,21.99112410904393,False,0.6721296695247925,0.8391728961436654,0.9141710676535554,-0.3206067272682327,-0.8885949629315617,-0.45560699070306176,0.2790400724000416,0.17794973734396569,2.24633779487864e-15,17.52339266927084,14
0.85,7,144,1,1,1014,broad_xyz,21.99112410904393,False,0.6598284470221888,0.8452872050710968,0.9117930332853866,-0.19125546758481035,-0.8854943793496487,-0.45475109167421035,0.2749811170700863,0.17567392367779144,2.24633779487864e-15,17.52339266927084,14
0.875,7,144,1,1,1014,broad_xyz,21.99112410904393,False,0.666634011202165,0.8560599562704767,0.9139001591025709,-0.13731539411579682,-0.8727149711001401,-0.4515407708039996,0.2804165687053066,0.17432060871015087,2.24633779487864e-15,17.52339266927084,14
0.9,7,144,1,1,1014,broad_xyz,21.99112410904393,False,0.6941154461100064,0.8664644945656014,0.9188596495329553,-0.12787110674723307,-0.8414769919878563,-0.45641529146579035,0.28565257081305945,0.17476901855757435,2.24633779487864e-15,17.52339266927084,14
0.95,7,144,1,1,1014,broad_xyz,21.99112410904393,False,0.7604611072052017,0.8760799891978561,0.927888990648051,-0.23836464198164672,-0.8944877721821858,-0.4719124936562072,0.2818163746576072,0.1797385335890462,2.24633779487864e-15,17.52339266927084,14
1.0,7,144,1,1,1014,broad_xyz,21.99112410904393,False,0.758423177359553,0.8566942894931994,0.9281942081770046,-0.5680545753293055,-0.9066180550212242,-0.475144745511645,0.28337506456524164,0.1863215536490246,2.24633779487864e-15,17.52339266927084,14
0.05,7,144,1,1,1015,broad_xyz,21.99112410904393,False,-0.011573576981907339,0.45211727622456477,-0.34790023475659154,-0.5495073324561316,-0.40302574187401535,-0.2862078370169023,0.0028704337660333742,0.0004746415836993458,2.24633779487864e-15,17.52339266927084,15
0.075,7,144,1,1,1015,broad_xyz,21.99112410904393,False,0.006925526712498732,0.4588279355745057,-0.3554509854763955,-0.5974486575925048,-0.46044088458992444,-0.3103438743226521,0.007899949504812959,0.0014197031076792202,2.24633779487864e-15,17.52339266927084,15
0.1,7,144,1,1,1015,broad_xyz,21.99112410904393,False,0.07601139265376666,0.47957762903037504,-0.3415922317768471,-0.6417315937174138,-0.5403063965767586,-0.3275737908649933,0.01691454302517097,0.0034832512245477005,2.24633779487864e-15,17.52339266927084,15
0.125,7,144,1,1,1015,broad_xyz,21.99112410904393,False,0.20082420678031945,0.5235867041220332,-0.2992969951827067,-0.6808500891192241,-0.6468781899927908,-0.3372763723195315,0.0315055282075628,0.007664463976320473,2.24633779487864e-15,17.52339266927084,15
0.15,7,144,1,1,1015,broad_xyz,21.99112410904393,False,0.37963427104903336,0.6035215736868902,-0.2101153898883216,-0.7088224149072956,-0.7696271669071488,-0.3370150507585481,0.051738294174632805,0.015781804427297867,2.24633779487864e-15,17.52339266927084,15
0.1625,7,144,1,1,1015,broad_xyz,21.99112410904393,False,0.4783884185100693,0.6560748261718969,-0.14064208824215993,-0.7132146934494035,-0.8162438872383492,-0.32535208235791324,0.06367520031767858,0.0219705640468604,2.24633779487864e-15,17.52339266927084,15
0.175,7,144,1,1,1015,broad_xyz,21.99112410904393,False,0.5698504432325219,0.7098428592775118,-0.05861877707476027,-0.7113473470004522,-0.8446777220546386,-0.302276596842141,0.07669140998609729,0.029794311148398218,2.24633779487864e-15,17.52339266927084,15
0.1875,7,144,1,1,1015,broad_xyz,21.99112410904393,False,0.6464427335343826,0.7593677404603598,0.02861606124704862,-0.7073150508274529,-0.8429183990383147,-0.2710228691846356,0.09045558316348759,0.0392337270937987,2.24633779487864e-15,17.52339266927084,15
0.2,7,144,1,1,1015,broad_xyz,21.99112410904393,False,0.7058365125805381,0.8013856588578236,0.11488082145782734,-0.7055793495046259,-0.7994314309469824,-0.23535959942127196,0.10470175665553072,0.05007001536207378,2.24633779487864e-15,17.52339266927084,15
0.2125,7,144,1,1,1015,broad_xyz,21.99112410904393,False,0.7491974999554605,0.8351641566069167,0.19575763703019983,-0.7124177869281937,-0.706717764544511,-0.20053940526667333,0.11915132094669818,0.06213033540581635,2.24633779487864e-15,17.52339266927084,15
0.225,7,144,1,1,1015,broad_xyz,21.99112410904393,False,0.7805643448304692,0.8599329795926334,0.27220678539992277,-0.7275419559432855,-0.5829503469668604,-0.17213767335945418,0.13352847844069615,0.07533246349778021,2.24633779487864e-15,17.52339266927084,15
0.2375,7,144,1,1,1015,broad_xyz,21.99112410904393,False,0.8071465421871953,0.8811016368662004,0.34808684492452646,-0.7488986402806443,-0.4576045150056264,-0.14390062469764262,0.14798583032507268,0.08936150456361186,2.24633779487864e-15,17.52339266927084,15
0.25,7,144,1,1,1015,broad_xyz,21.99112410904393,False,0.8313794044593034,0.9007840675159173,0.42750966542415764,-0.7724770081747756,-0.35196790970822833,-0.10856712315485566,0.16213900508161322,0.10382805860392047,2.24633779487864e-15,17.52339266927084,15
0.27,7,144,1,1,1015,broad_xyz,21.99112410904393,False,0.8654828750639549,0.9271377926002937,0.5635922440954447,-0.8037797756606871,-0.24585601275736216,-0.03448425147995147,0.18427658485878964,0.12728647520345124,2.24633779487864e-15,17.52339266927084,15
0.29,7,144,1,1,1015,broad_xyz,21.99112410904393,False,0.8870879583805651,0.9443990184350486,0.6941391817070874,-0.8260106127562269,-0.22755608354932125,0.056697976443599384,0.20588705562375256,0.1489046746943965,2.24633779487864e-15,17.52339266927084,15
0.31,7,144,1,1,1015,broad_xyz,21.99112410904393,False,0.8919785413889116,0.9530209144856273,0.781570538673954,-0.8622268476448247,-0.2511047584406489,0.1402058883020566,0.2268377246671885,0.165393821200147,2.24633779487864e-15,17.52339266927084,15
0.33,7,144,1,1,1015,broad_xyz,21.99112410904393,False,0.8902352297296636,0.9577526321262834,0.8290138113199957,-0.9068002872490075,-0.28012638653277805,0.19901279819054993,0.24910060607828105,0.17531636292917643,2.24633779487864e-15,17.52339266927084,15
0.35,7,144,1,1,1015,broad_xyz,21.99112410904393,False,0.891266971385021,0.9594969019628298,0.8647468803005424,-0.9371769476729291,-0.33607862064139193,0.23666531903404592,0.26695428354549344,0.179954306159816,2.24633779487864e-15,17.52339266927084,15
0.37,7,144,1,1,1015,broad_xyz,21.99112410904393,False,0.8938069010303777,0.9581482348251699,0.8952339887108995,-0.950061009430036,-0.44843779105078124,0.25942723966558784,0.2780545337912132,0.18073844358117622,2.24633779487864e-15,17.52339266927084,15
0.39,7,144,1,1,1015,broad_xyz,21.99112410904393,False,0.8926296243063961,0.9521862220746377,0.9169471361594493,-0.9503123909962043,-0.6095609136720018,0.26502567331276083,0.28371214896428526,0.1796087641506531,2.24633779487864e-15,17.52339266927084,15
0.41000000000000003,7,144,1,1,1015,broad_xyz,21.99112410904393,False,0.8860833833974959,0.9436500989169885,0.9290187165147339,-0.9442500221100321,-0.7417955825258542,0.2547762021380156,0.28583572672495494,0.17823153081917717,2.24633779487864e-15,17.52339266927084,15
0.43,7,144,1,1,1015,broad_xyz,21.99112410904393,False,0.873102365585695,0.9333749276788633,0.9313152047911024,-0.9367713155072986,-0.8256252575751077,0.22980169214301133,0.2863025730085653,0.17682474006612037,2.24633779487864e-15,17.52339266927084,15
0.45,7,144,1,1,1015,broad_xyz,21.99112410904393,False,0.8561927273878038,0.9232256609812421,0.9264005826239262,-0.9325562802771221,-0.8531771247673,0.19028539433134278,0.28677303333465826,0.17565101222722534,2.24633779487864e-15,17.52339266927084,15
0.5,7,144,1,1,1015,broad_xyz,21.99112410904393,False,0.8191430329609249,0.9062883039619081,0.9053646234386384,-0.9537546580706096,-0.7489457235325663,0.005485949653457542,0.28598059128712733,0.17977381141369533,2.24633779487864e-15,17.52339266927084,15
0.55,7,144,1,1,1015,broad_xyz,21.99112410904393,False,0.7489664302925281,0.8410784883293441,0.880578542434025,-0.9543226898113738,-0.7265410173164087,-0.28069683286174807,0.2836602467829576,0.19985449941444441,2.24633779487864e-15,17.52339266927084,15
0.6,7,144,1,1,1015,broad_xyz,21.99112410904393,False,0.6450795140249915,0.7293269394159787,0.8710578841340968,-0.912868639352405,-0.7876856107726707,-0.48233958301302043,0.2856313225583266,0.21521127372772905,2.24633779487864e-15,17.52339266927084,15
0.6499999999999999,7,144,1,1,1015,broad_xyz,21.99112410904393,False,0.6418283270145849,0.7410609562860384,0.8827273756168499,-0.8935874830008678,-0.879185030675451,-0.5396642319310792,0.2901159835078949,0.21080248475820818,2.24633779487864e-15,17.52339266927084,15
0.7,7,144,1,1,1015,broad_xyz,21.99112410904393,False,0.6542062917360926,0.7778772848524361,0.8981347557720757,-0.8767273853995363,-0.9150862209941414,-0.5165065863043323,0.2772597060131251,0.19788985469083395,2.24633779487864e-15,17.52339266927084,15
0.725,7,144,1,1,1015,broad_xyz,21.99112410904393,False,0.6606234101633324,0.790847479414942,0.9058713876837348,-0.8516679536252749,-0.9170120888632775,-0.5023022563140698,0.2714178401832254,0.19187453870812252,2.24633779487864e-15,17.52339266927084,15
0.75,7,144,1,1,1015,broad_xyz,21.99112410904393,False,0.6727262517864437,0.804524268955998,0.9131184345423684,-0.7969375193015941,-0.9183199258363691,-0.4918167100512912,0.2656815747714617,0.18645095754763136,2.24633779487864e-15,17.52339266927084,15
0.775,7,144,1,1,1015,broad_xyz,21.99112410904393,False,0.6901250029992161,0.8189874582675991,0.9196050383938693,-0.6756614052867534,-0.9209847228273456,-0.4844110846195579,0.26037652322439875,0.18176128076572587,2.24633779487864e-15,17.52339266927084,15
0.8,7,144,1,1,1015,broad_xyz,21.99112410904393,False,0.7108611806190729,0.8338009235162365,0.9250851599615139,-0.43194338616977607,-0.9224071960046974,-0.47456110607449464,0.2601959838211573,0.17833172630595223,2.24633779487864e-15,17.52339266927084,15
0.825,7,144,1,1,1015,broad_xyz,21.99112410904393,False,0.7333885294719109,0.8516933347517713,0.9305995456793613,-0.11388727147453775,-0.9239015374876851,-0.45802123777955095,0.25309059806630874,0.17626148063243818,2.24633779487864e-15,17.52339266927084,15
0.85,7,144,1,1,1015,broad_xyz,21.99112410904393,False,0.7543067118787471,0.8749076714289837,0.9368176940141337,0.10717764186148875,-0.9268717475223207,-0.44208645710133393,0.25511937860751194,0.17468603813204953,2.24633779487864e-15,17.52339266927084,15
0.875,7,144,1,1,1015,broad_xyz,21.99112410904393,False,0.7675722562899742,0.897936757568745,0.9408298575371068,0.18122742802295708,-0.9186656436505237,-0.42996821478538594,0.26052848733409284,0.17312605040873588,2.24633779487864e-15,17.52339266927084,15
0.9,7,144,1,1,1015,broad_xyz,21.99112410904393,False,0.7685759985325407,0.9118527061864862,0.937984380896528,0.1493489518861441,-0.8805374890120169,-0.42443088767628606,0.2759947578390749,0.17277273595585918,2.24633779487864e-15,17.52339266927084,15
0.95,7,144,1,1,1015,broad_xyz,21.99112410904393,False,0.7584349928584773,0.9052691930118747,0.9241806833849732,-0.060195925056259994,-0.9074497067736095,-0.4380870294741446,0.29205339366550404,0.1782244070705114,2.24633779487864e-15,17.52339266927084,15
1.0,7,144,1,1,1015,broad_xyz,21.99112410904393,False,0.7646640429248736,0.864944313305109,0.9238162527183574,-0.5431837503498498,-0.9253992788683812,-0.4788597244894564,0.27688587156288486,0.1880117400003814,2.24633779487864e-15,17.52339266927084,15
0.05,7,144,1,1,1016,broad_xyz,21.99112410904393,False,0.23763973817274867,0.2500677773345699,-0.3691801277996679,-0.5471493492118932,-0.5638093319143477,0.09529649660877479,0.000651321073476098,8.269202840272216e-05,2.24633779487864e-15,17.52339266927084,16
0.075,7,144,1,1,1016,broad_xyz,21.99112410904393,False,0.3612297634437694,0.3569927173548699,-0.21804795895685958,-0.5702564144745401,-0.5959072888454913,0.05805216767846284,0.001754864197853878,0.0002887041767370878,2.24633779487864e-15,17.52339266927084,16
0.1,7,144,1,1,1016,broad_xyz,21.99112410904393,False,0.5318002802926731,0.49415802116607604,-0.0054625928285031156,-0.6027482363504878,-0.6504907808726281,-0.011997933045182482,0.004142635101144346,0.0009469459920660903,2.24633779487864e-15,17.52339266927084,16
0.125,7,144,1,1,1016,broad_xyz,21.99112410904393,False,0.6673340088930496,0.6012033338307046,0.21512813631470637,-0.6120610475409911,-0.7053848145274219,-0.11446281790754173,0.010486582882880074,0.0029038999880797987,2.24633779487864e-15,17.52339266927084,16
0.15,7,144,1,1,1016,broad_xyz,21.99112410904393,False,0.7230345215743933,0.6595442907982516,0.36993115129573123,-0.6160772133541156,-0.744129081699291,-0.22228432848587976,0.027878713989927535,0.008041377075577748,2.24633779487864e-15,17.52339266927084,16
0.1625,7,144,1,1,1016,broad_xyz,21.99112410904393,False,0.7363241918204507,0.6863986348533759,0.41898325686948384,-0.6337761103722225,-0.7435453452572146,-0.2596786320152941,0.04033928293768195,0.012581303226922868,2.24633779487864e-15,17.52339266927084,16
0.175,7,144,1,1,1016,broad_xyz,21.99112410904393,False,0.7503012268290263,0.7168640878778302,0.46023524695283946,-0.6601357946573752,-0.7257487860672551,-0.279907913347969,0.054476777600700445,0.01852699734796319,2.24633779487864e-15,17.52339266927084,16
0.1875,7,144,1,1,1016,broad_xyz,21.99112410904393,False,0.7668494036924268,0.747545188050169,0.4995106095302228,-0.689726319587274,-0.6921909016636066,-0.29080308092748564,0.06935264437840487,0.025828693481072664,2.24633779487864e-15,17.52339266927084,16
0.2,7,144,1,1,1016,broad_xyz,21.99112410904393,False,0.7887103704027931,0.7783637068219595,0.5405315384233622,-0.7209066649139179,-0.6477592351843018,-0.2995725830375805,0.08480920587510847,0.03468551258717842,2.24633779487864e-15,17.52339266927084,16
0.2125,7,144,1,1,1016,broad_xyz,21.99112410904393,False,0.8153705264322022,0.8093501765939652,0.5849180415404115,-0.7513229657404031,-0.5786536170682683,-0.3008206727834648,0.10115690223457038,0.04522653499279736,2.24633779487864e-15,17.52339266927084,16
0.225,7,144,1,1,1016,broad_xyz,21.99112410904393,False,0.8393448110021378,0.8333924666332202,0.6276639152823433,-0.7812707880311077,-0.47615497765043346,-0.2939243874732863,0.11718683580832515,0.0571380746544885,2.24633779487864e-15,17.52339266927084,16
0.2375,7,144,1,1,1016,broad_xyz,21.99112410904393,False,0.8587475350294888,0.848794747847926,0.6677224150503314,-0.8092837978493218,-0.33533863323765273,-0.28501976908731014,0.13276037114183864,0.07038818000576705,2.24633779487864e-15,17.52339266927084,16
0.25,7,144,1,1,1016,broad_xyz,21.99112410904393,False,0.8718824038055719,0.8505630507393894,0.7052479243967733,-0.83043574016695,-0.19048996592002407,-0.2968505028731496,0.14870748446963689,0.08517510239869969,2.24633779487864e-15,17.52339266927084,16
0.27,7,144,1,1,1016,broad_xyz,21.99112410904393,False,0.8883093177361345,0.8475909218997428,0.7639528355130367,-0.8532533790714352,0.029440466534833468,-0.3072423246077618,0.17245674198273403,0.10946538793983815,2.24633779487864e-15,17.52339266927084,16
0.29,7,144,1,1,1016,broad_xyz,21.99112410904393,False,0.9084971903073182,0.8636263103251174,0.8250257747992413,-0.8721930414118712,0.23738704774826208,-0.2492509113154354,0.19558894080450467,0.13101521041236974,2.24633779487864e-15,17.52339266927084,16
0.31,7,144,1,1,1016,broad_xyz,21.99112410904393,False,0.9254344349528402,0.8966365200476605,0.8798595091863468,-0.9008991616617075,0.35995279775444733,-0.11441305858404859,0.21486459606954317,0.1463754226731188,2.24633779487864e-15,17.52339266927084,16
0.33,7,144,1,1,1016,broad_xyz,21.99112410904393,False,0.9280931570408671,0.925016993499237,0.9164117625305294,-0.9341900812051448,0.37880988702055884,0.03236464165168783,0.22924670632113225,0.15415771184520713,2.24633779487864e-15,17.52339266927084,16
0.35,7,144,1,1,1016,broad_xyz,21.99112410904393,False,0.9172549611136198,0.9378732306381463,0.9386589997917972,-0.9587974382571404,0.3200096390622084,0.1346749260542905,0.24239419405814927,0.1554931872993096,2.24633779487864e-15,17.52339266927084,16
0.37,7,144,1,1,1016,broad_xyz,21.99112410904393,False,0.8936038593264406,0.9322284916821446,0.9489697874403036,-0.9658593603486432,0.17280931416278772,0.18289617702814084,0.2550202567282704,0.1542795366650623,2.24633779487864e-15,17.52339266927084,16
0.39,7,144,1,1,1016,broad_xyz,21.99112410904393,False,0.8532114321857848,0.9156412454030892,0.9456633638117644,-0.9572104905603734,-0.08737891283765159,0.2114255498011663,0.26378617118741615,0.1506909921592697,2.24633779487864e-15,17.52339266927084,16
0.41000000000000003,7,144,1,1,1016,broad_xyz,21.99112410904393,False,0.8077037141810129,0.8982609992974919,0.9378061642732914,-0.943092867955018,-0.40000562571140835,0.225483888952548,0.2683645739955298,0.14642272439009338,2.24633779487864e-15,17.52339266927084,16
0.43,7,144,1,1,1016,broad_xyz,21.99112410904393,False,0.7696453966737301,0.8858503410480209,0.9308747817709419,-0.9329380811024589,-0.6113554079465876,0.22589901665006973,0.27198623056124827,0.14290970784111623,2.24633779487864e-15,17.52339266927084,16
0.45,7,144,1,1,1016,broad_xyz,21.99112410904393,False,0.7497164586600628,0.8793899114589847,0.9270509298296236,-0.9318461297300795,-0.7019029358194867,0.20953837911848894,0.2723985317372749,0.14106806690197235,2.24633779487864e-15,17.52339266927084,16
0.5,7,144,1,1,1016,broad_xyz,21.99112410904393,False,0.7769104328859868,0.8830219737914629,0.9221511769011203,-0.9605603986469027,-0.5482841238918021,0.094482977510808,0.26242760964135814,0.14915919098430036,2.24633779487864e-15,17.52339266927084,16
0.55,7,144,1,1,1016,broad_xyz,21.99112410904393,False,0.8047646404964759,0.8647252992070262,0.9020460489302354,-0.9403648579143634,-0.4679453253807364,-0.11914358172931488,0.2673192397565396,0.17730774145552164,2.24633779487864e-15,17.52339266927084,16
0.6,7,144,1,1,1016,broad_xyz,21.99112410904393,False,0.7748272900388358,0.8322108788773547,0.9117899337256824,-0.8947763976265605,-0.6660267964476253,-0.471598280403852,0.27563052611162925,0.2001782476877583,2.24633779487864e-15,17.52339266927084,16
0.6499999999999999,7,144,1,1,1016,broad_xyz,21.99112410904393,False,0.8109183743702861,0.8749924958240517,0.9192774120619613,-0.9052010490184177,-0.849944313306224,-0.5499992912708146,0.2777799599887494,0.20070650220068095,2.24633779487864e-15,17.52339266927084,16
0.7,7,144,1,1,1016,broad_xyz,21.99112410904393,False,0.8357515528213546,0.902225043638646,0.9096353708940493,-0.8962228523411667,-0.9041316372542185,-0.570917312250304,0.2832004696470358,0.19353933389561664,2.24633779487864e-15,17.52339266927084,16
0.725,7,144,1,1,1016,broad_xyz,21.99112410904393,False,0.8255363098979251,0.9022945779430768,0.9090142432507459,-0.8697163181950212,-0.9045127040305315,-0.5806784295678695,0.278544643768959,0.1896136576190064,2.24633779487864e-15,17.52339266927084,16
0.75,7,144,1,1,1016,broad_xyz,21.99112410904393,False,0.8094330327144139,0.9009257095645927,0.9126832966282751,-0.8110927116046496,-0.9075105584840547,-0.5850368226963288,0.2715878659323957,0.18531088296381654,2.24633779487864e-15,17.52339266927084,16
0.775,7,144,1,1,1016,broad_xyz,21.99112410904393,False,0.792538257126266,0.900156502610622,0.9191785838073168,-0.6735832351079701,-0.9117950512770594,-0.5867735236587093,0.2665295894783523,0.18129424485084802,2.24633779487864e-15,17.52339266927084,16
0.8,7,144,1,1,1016,broad_xyz,21.99112410904393,False,0.7753400587016978,0.8990810805893632,0.9269152022003868,-0.3744237948369748,-0.9123999124803891,-0.5905758459739946,0.2667881764718843,0.17837363300678172,2.24633779487864e-15,17.52339266927084,16
0.825,7,144,1,1,1016,broad_xyz,21.99112410904393,False,0.7586206489589741,0.8988483222413318,0.934938677160849,0.010619854373843956,-0.9093827209251168,-0.5860029383317225,0.26466007478931763,0.1759873710413181,2.24633779487864e-15,17.52339266927084,16
0.85,7,144,1,1,1016,broad_xyz,21.99112410904393,False,0.7447179302381616,0.9027592516070436,0.9411235521786843,0.21464237064543892,-0.9029038665803012,-0.5677465951412268,0.25934852389647045,0.1729390095731008,2.24633779487864e-15,17.52339266927084,16
0.875,7,144,1,1,1016,broad_xyz,21.99112410904393,False,0.7349015809963185,0.9115216574442829,0.9428435446024528,0.2156533532302551,-0.8835724382582397,-0.5494805113073005,0.26151629921547687,0.16933919223871044,2.24633779487864e-15,17.52339266927084,16
0.9,7,144,1,1,1016,broad_xyz,21.99112410904393,False,0.7251440773950154,0.9196844278132296,0.9410463525522887,0.12039684108935021,-0.8474242228677704,-0.5364727977988386,0.2639095395211372,0.16660041770541728,2.24633779487864e-15,17.52339266927084,16
0.95,7,144,1,1,1016,broad_xyz,21.99112410904393,False,0.7270919571421409,0.9166891740942948,0.9395321103242624,-0.14303272003592182,-0.8899623615025346,-0.525876375238237,0.2624476786178754,0.16798012637099985,2.24633779487864e-15,17.52339266927084,16
1.0,7,144,1,1,1016,broad_xyz,21.99112410904393,False,0.7773906695399131,0.8892888393500311,0.9466545717850005,-0.5187857556069673,-0.9115573052478301,-0.548459505371857,0.2648985409137163,0.17588123973030456,2.24633779487864e-15,17.52339266927084,16
0.05,7,144,1,1,1017,broad_xyz,21.99112410904393,False,0.48455476921555496,0.5979328872846331,-0.5495608272263275,-0.7417969183194222,-0.6692744882142289,0.4797860113040404,0.002556564841538038,0.0006852017796306128,2.24633779487864e-15,17.52339266927084,17
0.075,7,144,1,1,1017,broad_xyz,21.99112410904393,False,0.5096814054822714,0.616971244735289,-0.518952601180975,-0.7668533545161458,-0.6920993179437019,0.5239168190351655,0.006569651495188636,0.001850961387980529,2.24633779487864e-15,17.52339266927084,17
0.1,7,144,1,1,1017,broad_xyz,21.99112410904393,False,0.5439370066672637,0.6497210989471262,-0.47454300424150503,-0.8015151704706764,-0.7383381353615937,0.5804463155468156,0.013634949979009988,0.004017063641552632,2.24633779487864e-15,17.52339266927084,17
0.125,7,144,1,1,1017,broad_xyz,21.99112410904393,False,0.5984495245141354,0.6932661906361122,-0.41527479279009666,-0.8371550334744983,-0.8010287472891363,0.6480039145399048,0.02473215884814762,0.007894703959028112,2.24633779487864e-15,17.52339266927084,17
0.15,7,144,1,1,1017,broad_xyz,21.99112410904393,False,0.683535336021217,0.7403169421181176,-0.3247035459653171,-0.8607786125930178,-0.8385583997294056,0.7067646576044486,0.042438023136007245,0.014754331472704909,2.24633779487864e-15,17.52339266927084,17
0.1625,7,144,1,1,1017,broad_xyz,21.99112410904393,False,0.7318636514727124,0.7686233959760909,-0.2565015634031339,-0.8681366712714337,-0.8481641088879749,0.726031860189693,0.05377405023934155,0.01987955585347986,2.24633779487864e-15,17.52339266927084,17
0.175,7,144,1,1,1017,broad_xyz,21.99112410904393,False,0.7767360799845398,0.8034078662231715,-0.1646800155788394,-0.8719817601585323,-0.8512928999584912,0.7335564749048566,0.06637645851694467,0.026485906303443288,2.24633779487864e-15,17.52339266927084,17
0.1875,7,144,1,1,1017,broad_xyz,21.99112410904393,False,0.811260403648633,0.8420557127203426,-0.051532567285547115,-0.8731913048439749,-0.8417427606385501,0.7283809945476909,0.08000905625750455,0.03470330768797759,2.24633779487864e-15,17.52339266927084,17
0.2,7,144,1,1,1017,broad_xyz,21.99112410904393,False,0.8352982048686073,0.8758322546058548,0.06546613926294567,-0.8752217074742962,-0.8208015822829522,0.7136465742314785,0.09438273122194289,0.04440170938398256,2.24633779487864e-15,17.52339266927084,17
0.2125,7,144,1,1,1017,broad_xyz,21.99112410904393,False,0.8516895142931542,0.9010486905251087,0.17850300819157391,-0.8801408366043878,-0.7896035064347563,0.6931346141605987,0.10974775504955703,0.05531360848498351,2.24633779487864e-15,17.52339266927084,17
0.225,7,144,1,1,1017,broad_xyz,21.99112410904393,False,0.8637912815471173,0.9193638573678625,0.28471027623637857,-0.8896929130740705,-0.7480428853654686,0.6696355609382639,0.1259109290609114,0.06723444806949444,2.24633779487864e-15,17.52339266927084,17
0.2375,7,144,1,1,1017,broad_xyz,21.99112410904393,False,0.8736863712696923,0.931443345218865,0.38560088640619217,-0.902059341100662,-0.6959902638781469,0.6426661794777211,0.14250153343562755,0.07986485516673923,2.24633779487864e-15,17.52339266927084,17
0.25,7,144,1,1,1017,broad_xyz,21.99112410904393,False,0.8830709613256525,0.9378847810317322,0.4812726922878022,-0.9139666405132887,-0.6270127444697131,0.6121801711821052,0.1589701507481179,0.09281031430874884,2.24633779487864e-15,17.52339266927084,17
0.27,7,144,1,1,1017,broad_xyz,21.99112410904393,False,0.8958786919668102,0.939049230556563,0.6224702466397394,-0.9238426940483567,-0.49467372578562424,0.5553142715227035,0.18389273816639293,0.11376978483920247,2.24633779487864e-15,17.52339266927084,17
0.29,7,144,1,1,1017,broad_xyz,21.99112410904393,False,0.9023938421072113,0.9334141957973745,0.7355360499740665,-0.9220651143541307,-0.3951983089843033,0.4970701659689339,0.20794294121510398,0.13329546120899627,2.24633779487864e-15,17.52339266927084,17
0.31,7,144,1,1,1017,broad_xyz,21.99112410904393,False,0.8982461721170957,0.9310266131025047,0.8031989722022324,-0.9276176215798796,-0.3135706980172419,0.4664480076432746,0.229787495395458,0.14821309713785288,2.24633779487864e-15,17.52339266927084,17
0.33,7,144,1,1,1017,broad_xyz,21.99112410904393,False,0.8888568081428554,0.9370116780868762,0.8413442520894043,-0.9425014964505408,-0.2615003394378175,0.471487379603975,0.2480169417599666,0.15719384838325912,2.24633779487864e-15,17.52339266927084,17
0.35,7,144,1,1,1017,broad_xyz,21.99112410904393,False,0.8815018523966339,0.9459767154800177,0.8744145039997939,-0.9533560264858258,-0.2622122379848513,0.48988771949930776,0.25931592153843563,0.16134803065200493,2.24633779487864e-15,17.52339266927084,17
0.37,7,144,1,1,1017,broad_xyz,21.99112410904393,False,0.8769338680689533,0.9514280328977422,0.9074739605771361,-0.9492952279563895,-0.32726801699069863,0.500531914823455,0.2642667421741531,0.16282283685759033,2.24633779487864e-15,17.52339266927084,17
0.39,7,144,1,1,1017,broad_xyz,21.99112410904393,False,0.8709501042943455,0.9506388258328107,0.9264291071022493,-0.9372946231947449,-0.44446305668554736,0.4978365654599465,0.26478017564511597,0.16185025524678956,2.24633779487864e-15,17.52339266927084,17
0.41000000000000003,7,144,1,1,1017,broad_xyz,21.99112410904393,False,0.8672803134315102,0.9475736621956351,0.9346717865817702,-0.921854099504191,-0.5571489607109957,0.4762323301265347,0.265717357770653,0.15994336872786233,2.24633779487864e-15,17.52339266927084,17
0.43,7,144,1,1,1017,broad_xyz,21.99112410904393,False,0.8694986125250231,0.9456140827392048,0.937991570989226,-0.9082846849965457,-0.657664903209209,0.435142281759486,0.2650063374753586,0.15839173875586832,2.24633779487864e-15,17.52339266927084,17
0.45,7,144,1,1,1017,broad_xyz,21.99112410904393,False,0.8747549769014499,0.9454542563497514,0.9398057605925153,-0.900851577921864,-0.7270247599798773,0.3774935137641381,0.2629017273310361,0.15806877740881772,2.24633779487864e-15,17.52339266927084,17
0.5,7,144,1,1,1017,broad_xyz,21.99112410904393,False,0.8690784325649196,0.9443308024971298,0.9376615527049323,-0.9172441912789676,-0.7289638146392367,0.20763046035528707,0.2650631533693103,0.16587870831823956,2.24633779487864e-15,17.52339266927084,17
0.55,7,144,1,1,1017,broad_xyz,21.99112410904393,False,0.7858913632117236,0.9015031966940392,0.9024584508483401,-0.940830449518213,-0.7081446527459168,0.060479999896023984,0.26565694928850925,0.1864547668598443,2.24633779487864e-15,17.52339266927084,17
0.6,7,144,1,1,1017,broad_xyz,21.99112410904393,False,0.6954705457043302,0.8379300530590164,0.895012824361432,-0.9101169823557118,-0.7929547947140563,-0.12374156218319426,0.28011744012431034,0.20499815647672398,2.24633779487864e-15,17.52339266927084,17
0.6499999999999999,7,144,1,1,1017,broad_xyz,21.99112410904393,False,0.6870112504510996,0.8439989330532602,0.9023225749149046,-0.9147403380023208,-0.8981871916913003,-0.27496922443627386,0.2776881470319269,0.20535274268579837,2.24633779487864e-15,17.52339266927084,17
0.7,7,144,1,1,1017,broad_xyz,21.99112410904393,False,0.7303357433389148,0.8689123072611835,0.9293785977259242,-0.910558151187279,-0.9399347347359813,-0.3719118051836777,0.2658318848896345,0.19879135979559537,2.24633779487864e-15,17.52339266927084,17
0.725,7,144,1,1,1017,broad_xyz,21.99112410904393,False,0.7513777267345005,0.8751002187331509,0.9441497631285665,-0.883921430266386,-0.9444771519540541,-0.41532628256773385,0.2688378055880853,0.19557036010064566,2.24633779487864e-15,17.52339266927084,17
0.75,7,144,1,1,1017,broad_xyz,21.99112410904393,False,0.7580561968055892,0.8775217993031804,0.951994220597279,-0.8345374211500897,-0.945986626684664,-0.44943222832810686,0.2728897250603449,0.192348118802425,2.24633779487864e-15,17.52339266927084,17
0.775,7,144,1,1,1017,broad_xyz,21.99112410904393,False,0.7543542083741364,0.8788380519943965,0.9537451788364752,-0.7426897571767183,-0.9475220440138065,-0.4738627882702202,0.2709187512316193,0.1891248332956542,2.24633779487864e-15,17.52339266927084,17
0.8,7,144,1,1,1017,broad_xyz,21.99112410904393,False,0.7517026686374061,0.8832878256779797,0.9525603942948792,-0.5602902984178926,-0.9468690611279532,-0.49938337408753314,0.2682804492549046,0.18605794873639026,2.24633779487864e-15,17.52339266927084,17
0.825,7,144,1,1,1017,broad_xyz,21.99112410904393,False,0.7569050150188956,0.8930069848376389,0.9498041643890061,-0.26187477820832494,-0.9380201133375463,-0.535968338841192,0.26707094400217135,0.18304466000073985,2.24633779487864e-15,17.52339266927084,17
0.85,7,144,1,1,1017,broad_xyz,21.99112410904393,False,0.763341482666733,0.9026526307521784,0.9437016893628976,0.010225922782377233,-0.9176256183114138,-0.5714175020264698,0.26503944180618194,0.17957670244020657,2.24633779487864e-15,17.52339266927084,17
0.875,7,144,1,1,1017,broad_xyz,21.99112410904393,False,0.7606281080896773,0.9038589023198181,0.9351010086006145,0.12487834008452509,-0.8801870469810504,-0.5821683318793418,0.26173410927856355,0.17564995365909797,2.24633779487864e-15,17.52339266927084,17
0.9,7,144,1,1,1017,broad_xyz,21.99112410904393,False,0.7487628131681495,0.8952519310549996,0.9275471678665852,0.13309709467579192,-0.8244784980224454,-0.5737140038695729,0.2583644061094311,0.17270113283714214,2.24633779487864e-15,17.52339266927084,17
0.95,7,144,1,1,1017,broad_xyz,21.99112410904393,False,0.7198877554573034,0.8645132338939431,0.9181460782103831,0.044427084822616265,-0.8577011875904961,-0.5762186803843456,0.25782633451196124,0.1746174124414587,2.24633779487864e-15,17.52339266927084,17
1.0,7,144,1,1,1017,broad_xyz,21.99112410904393,False,0.7186661194709331,0.825543326751345,0.9165540882826602,-0.2912719191653498,-0.8599164613738045,-0.6013931939214162,0.26637199340179596,0.1840788128080471,2.24633779487864e-15,17.52339266927084,17
0.05,7,144,1,1,1018,broad_xyz,21.99112410904393,False,-0.08127275422660153,0.3650768495072244,-0.18649252250289644,-0.2764803723913385,-0.23518584021386194,0.011935890567878964,0.0019336699531868056,0.00018498807177098393,2.24633779487864e-15,17.52339266927084,18
0.075,7,144,1,1,1018,broad_xyz,21.99112410904393,False,-0.12643838716291078,0.37186286501996646,-0.2609636038607879,-0.3586762857407591,-0.3806799432238104,-0.04900025653014966,0.004474182956833486,0.0005014749898090138,2.24633779487864e-15,17.52339266927084,18
0.1,7,144,1,1,1018,broad_xyz,21.99112410904393,False,-0.07220656184181426,0.3943320656563934,-0.28855402529178337,-0.412625090036847,-0.5183630402537834,-0.15395551253333248,0.007834174648143784,0.001170001628066767,2.24633779487864e-15,17.52339266927084,18
0.125,7,144,1,1,1018,broad_xyz,21.99112410904393,False,0.08537493965591553,0.43793690015895304,-0.2586886553833574,-0.4330937161295874,-0.6265179257332008,-0.26606631040777434,0.012444695398618056,0.0026812512004658843,2.24633779487864e-15,17.52339266927084,18
0.15,7,144,1,1,1018,broad_xyz,21.99112410904393,False,0.30383191112254554,0.5248046009251706,-0.1689486841869096,-0.4202204158674602,-0.7016424000499467,-0.35171030557628263,0.021994107699958566,0.006232805823647132,2.24633779487864e-15,17.52339266927084,18
0.1625,7,144,1,1,1018,broad_xyz,21.99112410904393,False,0.4100026496801495,0.5857671030446138,-0.10059943328142716,-0.3971656438822303,-0.7197495449336184,-0.37721275264099685,0.028547814587257185,0.009341609411946087,2.24633779487864e-15,17.52339266927084,18
0.175,7,144,1,1,1018,broad_xyz,21.99112410904393,False,0.509363294962059,0.6603637980322029,-0.01235788939589214,-0.35887503565315476,-0.7157119092344888,-0.39061736098246075,0.03567489711982287,0.013680112378852811,2.24633779487864e-15,17.52339266927084,18
0.1875,7,144,1,1,1018,broad_xyz,21.99112410904393,False,0.5890471430684711,0.7319005087228986,0.0913976878748327,-0.30586806649821885,-0.686975142525972,-0.3901522917737924,0.04511968154402424,0.019541506062928996,2.24633779487864e-15,17.52339266927084,18
0.2,7,144,1,1,1018,broad_xyz,21.99112410904393,False,0.6513013588797987,0.78615158105934,0.19985043615154074,-0.24600946312835809,-0.6467534410055096,-0.3772541065808278,0.0636060885168898,0.027026648863243716,2.24633779487864e-15,17.52339266927084,18
0.2125,7,144,1,1,1018,broad_xyz,21.99112410904393,False,0.6949033287110595,0.8157805090799309,0.2907276210304198,-0.2022769894495308,-0.6068576017364207,-0.3528264257888203,0.08246585639249318,0.035865933461256085,2.24633779487864e-15,17.52339266927084,18
0.225,7,144,1,1,1018,broad_xyz,21.99112410904393,False,0.725565464280356,0.8278285989328141,0.35905258065173695,-0.18512738749981728,-0.5742045013030045,-0.31409809154939883,0.10072098941768708,0.045729815155650264,2.24633779487864e-15,17.52339266927084,18
0.2375,7,144,1,1,1018,broad_xyz,21.99112410904393,False,0.7496419210941169,0.8312191743493633,0.41112831377714854,-0.19376497266788528,-0.551966263915868,-0.26058928748214333,0.11763284889054688,0.056261131607272086,2.24633779487864e-15,17.52339266927084,18
0.25,7,144,1,1,1018,broad_xyz,21.99112410904393,False,0.7722355419522526,0.8342940651315076,0.460512939071151,-0.21531130540178434,-0.5448444608869911,-0.2004216578494776,0.13279894749255933,0.06714922736514692,2.24633779487864e-15,17.52339266927084,18
0.27,7,144,1,1,1018,broad_xyz,21.99112410904393,False,0.8018976916493472,0.8417979038449256,0.5345229100498572,-0.27533673610299864,-0.5455270247800098,-0.08734926425394128,0.15485180038947247,0.08461007151950989,2.24633779487864e-15,17.52339266927084,18
0.29,7,144,1,1,1018,broad_xyz,21.99112410904393,False,0.8259533340101577,0.8556879270706075,0.6151130890954478,-0.3398215189002862,-0.5571467257182717,0.024371514466007233,0.17320819623931408,0.10131122793464563,2.24633779487864e-15,17.52339266927084,18
0.31,7,144,1,1,1018,broad_xyz,21.99112410904393,False,0.8401940092482548,0.8736250223899621,0.6844137842867173,-0.41639703919122445,-0.5753302134914144,0.09967865444580555,0.18738666621321792,0.1158306759916794,2.24633779487864e-15,17.52339266927084,18
0.33,7,144,1,1,1018,broad_xyz,21.99112410904393,False,0.8423938888140707,0.8930456098907972,0.7233749092086361,-0.5196515981814379,-0.5753055472373692,0.12009837255690847,0.20151999305714935,0.12682019573310976,2.24633779487864e-15,17.52339266927084,18
0.35,7,144,1,1,1018,broad_xyz,21.99112410904393,False,0.8394982809345266,0.9131872170063756,0.75141424478011,-0.6141489224790307,-0.5631704604552468,0.09651734798231464,0.2161727125411018,0.13389211399023251,2.24633779487864e-15,17.52339266927084,18
0.37,7,144,1,1,1018,broad_xyz,21.99112410904393,False,0.8375784159016004,0.9299307764013764,0.7836613092411584,-0.6778566965460849,-0.5542220296273361,0.047762489840748476,0.2268453942685861,0.13760589279337582,2.24633779487864e-15,17.52339266927084,18
0.39,7,144,1,1,1018,broad_xyz,21.99112410904393,False,0.8401814199648686,0.9410603340754425,0.8201410072281303,-0.710679175735467,-0.5507988981504582,-0.010412804244896023,0.23056686352058406,0.13927045751330056,2.24633779487864e-15,17.52339266927084,18
0.41000000000000003,7,144,1,1,1018,broad_xyz,21.99112410904393,False,0.8474231696736284,0.9458339123278776,0.8538425007280424,-0.7231356689670113,-0.5625932572481358,-0.07304313520869653,0.23477896113896307,0.14000001559656428,2.24633779487864e-15,17.52339266927084,18
0.43,7,144,1,1,1018,broad_xyz,21.99112410904393,False,0.8565605059722268,0.9459044798793899,0.876861566171058,-0.7271177954128576,-0.5905538060945433,-0.14037979336313708,0.23903957175895174,0.14051431786200538,2.24633779487864e-15,17.52339266927084,18
0.45,7,144,1,1,1018,broad_xyz,21.99112410904393,False,0.8598274835912619,0.9415531626099556,0.8846392292792202,-0.7308693482913721,-0.6113205237500189,-0.21139918858159237,0.24069342370936142,0.14109521778280576,2.24633779487864e-15,17.52339266927084,18
0.5,7,144,1,1,1018,broad_xyz,21.99112410904393,False,0.7908498878214341,0.9290639852828091,0.8580249165964895,-0.7735019535481038,-0.5870969304068967,-0.33289788326892433,0.2459167923828153,0.14579165344327405,2.24633779487864e-15,17.52339266927084,18
0.55,7,144,1,1,1018,broad_xyz,21.99112410904393,False,0.6735093442926393,0.894682597943858,0.8364577011996444,-0.8084711202476117,-0.6585517226462073,-0.3144415610545259,0.2640378216005198,0.16252029393489456,2.24633779487864e-15,17.52339266927084,18
0.6,7,144,1,1,1018,broad_xyz,21.99112410904393,False,0.7125076148924316,0.8503654261031603,0.8661512159882873,-0.8087851507979645,-0.784075182945044,-0.2859591141357752,0.28049967427233047,0.1821956104910251,2.24633779487864e-15,17.52339266927084,18
0.6499999999999999,7,144,1,1,1018,broad_xyz,21.99112410904393,False,0.7797899971365332,0.8654735926569903,0.8738202014350019,-0.8174863536741619,-0.8460342010252663,-0.4148831076691278,0.2721520675583739,0.18933089182192037,2.24633779487864e-15,17.52339266927084,18
0.7,7,144,1,1,1018,broad_xyz,21.99112410904393,False,0.7421107700467579,0.8732847861056227,0.8746156527068804,-0.8025497197601521,-0.8645729765667515,-0.4958443858463624,0.27921014826772594,0.18626237164208462,2.24633779487864e-15,17.52339266927084,18
0.725,7,144,1,1,1018,broad_xyz,21.99112410904393,False,0.7333887569497998,0.8721247769451249,0.8825685817670019,-0.7815008492124701,-0.8711092008779422,-0.511857514810256,0.27916082442838086,0.18369847930473002,2.24633779487864e-15,17.52339266927084,18
0.75,7,144,1,1,1018,broad_xyz,21.99112410904393,False,0.7426198154367799,0.8726343383993708,0.8934063966808957,-0.7456432254195103,-0.8810692367041982,-0.5222918968324456,0.276391277102766,0.18089589017093757,2.24633779487864e-15,17.52339266927084,18
0.775,7,144,1,1,1018,broad_xyz,21.99112410904393,False,0.7634472475400796,0.8747775611905343,0.9030826876451236,-0.6798182595491535,-0.8925396117928698,-0.5275335024720036,0.2733002759649686,0.17779484865261452,2.24633779487864e-15,17.52339266927084,18
0.8,7,144,1,1,1018,broad_xyz,21.99112410904393,False,0.7808778169281405,0.8788493654135399,0.912081545641498,-0.5561368736387311,-0.9021176897179716,-0.5305763180814792,0.2725176152729545,0.17465443044080434,2.24633779487864e-15,17.52339266927084,18
0.825,7,144,1,1,1018,broad_xyz,21.99112410904393,False,0.7818541884452503,0.8852934184590238,0.9205395117897075,-0.37685360832821474,-0.908655258005251,-0.5332136512912564,0.2706264799274599,0.17190863327747768,2.24633779487864e-15,17.52339266927084,18
0.85,7,144,1,1,1018,broad_xyz,21.99112410904393,False,0.7619812171430038,0.8907509228303183,0.9245468523415817,-0.21687943658000947,-0.9036363417824448,-0.5428705355928974,0.26518665867110364,0.16960631507302182,2.24633779487864e-15,17.52339266927084,18
0.875,7,144,1,1,1018,broad_xyz,21.99112410904393,False,0.7300365035931281,0.8913019467396865,0.9241183375434439,-0.132071826466864,-0.8759155703156584,-0.5587691377881103,0.2725481470400856,0.16786067547834138,2.24633779487864e-15,17.52339266927084,18
0.9,7,144,1,1,1018,broad_xyz,21.99112410904393,False,0.6972694066628962,0.8850818909342212,0.9217485698163037,-0.1170602261870385,-0.8244839615180652,-0.571837004219212,0.2777273418310978,0.16704437686793758,2.24633779487864e-15,17.52339266927084,18
0.95,7,144,1,1,1018,broad_xyz,21.99112410904393,False,0.6466054274309045,0.8572400408565609,0.9209232498897064,-0.254810442549854,-0.85448283567531,-0.5757956079399175,0.27958361253152864,0.16976031303486852,2.24633779487864e-15,17.52339266927084,18
1.0,7,144,1,1,1018,broad_xyz,21.99112410904393,False,0.6537178245929683,0.8401593202930068,0.9279072790514971,-0.5414291550189384,-0.8781072949921586,-0.5778564343318654,0.28770021655446365,0.177920509071261,2.24633779487864e-15,17.52339266927084,18
0.05,7,144,1,1,1019,broad_xyz,21.99112410904393,False,0.03426694867868691,0.45860464859319044,-0.48657030456465344,-0.5416461771327487,-0.46387138289149477,0.02564128612055284,0.0025757857659749277,0.00047654146616087366,2.24633779487864e-15,17.52339266927084,19
0.075,7,144,1,1,1019,broad_xyz,21.99112410904393,False,0.17042054564207873,0.4547861368499559,-0.42617200725987786,-0.5218803964006474,-0.4680767321111341,-0.07887627935046906,0.006348175796172228,0.0011329748179359283,2.24633779487864e-15,17.52339266927084,19
0.1,7,144,1,1,1019,broad_xyz,21.99112410904393,False,0.30867005752215815,0.46174778731682614,-0.34960535611208654,-0.5099130957306938,-0.5103727828894811,-0.15257399380543002,0.012847834266727028,0.0023142652173035096,2.24633779487864e-15,17.52339266927084,19
0.125,7,144,1,1,1019,broad_xyz,21.99112410904393,False,0.441655514145095,0.5123940191149441,-0.26806854910088557,-0.5272076015852849,-0.5920814431561797,-0.2015418752884231,0.02240647561055501,0.0046588477622105514,2.24633779487864e-15,17.52339266927084,19
0.15,7,144,1,1,1019,broad_xyz,21.99112410904393,False,0.5447834124509717,0.5819971534091114,-0.1646091526336771,-0.5536203585400767,-0.6817015763631606,-0.24320295352488416,0.038232029709992885,0.009682894198418697,2.24633779487864e-15,17.52339266927084,19
0.1625,7,144,1,1,1019,broad_xyz,21.99112410904393,False,0.5785510571704737,0.6215113906623178,-0.10693728845516343,-0.5709400051988135,-0.7353111321221468,-0.26213003591182693,0.0509886821128275,0.013993099117556744,2.24633779487864e-15,17.52339266927084,19
0.175,7,144,1,1,1019,broad_xyz,21.99112410904393,False,0.5961951379956919,0.6561750439886304,-0.05466834736338227,-0.5927120153614088,-0.7875927526003131,-0.275835342968694,0.06558077215173665,0.019786434243002374,2.24633779487864e-15,17.52339266927084,19
0.1875,7,144,1,1,1019,broad_xyz,21.99112410904393,False,0.6098777116731543,0.6917337570651789,-0.007886183516082952,-0.6199218798492985,-0.8302335727774722,-0.2891403242810996,0.08104695020849145,0.027284998881801154,2.24633779487864e-15,17.52339266927084,19
0.2,7,144,1,1,1019,broad_xyz,21.99112410904393,False,0.6184775038058369,0.7254635752444542,0.027901099938958517,-0.6532817618202167,-0.84136235326597,-0.29668525891783065,0.09713481519466338,0.03614825828459245,2.24633779487864e-15,17.52339266927084,19
0.2125,7,144,1,1,1019,broad_xyz,21.99112410904393,False,0.6290228727240474,0.7594463868233788,0.05828232536063625,-0.6897847725953449,-0.8079674541941742,-0.30110945845226467,0.11487014630533347,0.04624301376116128,2.24633779487864e-15,17.52339266927084,19
0.225,7,144,1,1,1019,broad_xyz,21.99112410904393,False,0.6410704139060553,0.792624838634413,0.08516796320007601,-0.7263157204105295,-0.724105935312656,-0.2997482018365386,0.13254226345476758,0.05721388253325188,2.24633779487864e-15,17.52339266927084,19
0.2375,7,144,1,1,1019,broad_xyz,21.99112410904393,False,0.6535538114440087,0.8217653066938094,0.11571898912257368,-0.7588506659482628,-0.6056895911670019,-0.29418118533875853,0.1486503589473183,0.0686974037136633,2.24633779487864e-15,17.52339266927084,19
0.25,7,144,1,1,1019,broad_xyz,21.99112410904393,False,0.6708753251643826,0.8475409110765306,0.15819155806367893,-0.7856008558886928,-0.4887199421212111,-0.2891356015943795,0.1630636136627615,0.08057497190831417,2.24633779487864e-15,17.52339266927084,19
0.27,7,144,1,1,1019,broad_xyz,21.99112410904393,False,0.7113425619917484,0.8841055086459083,0.2599328464704026,-0.8155528417545976,-0.3475541137227945,-0.2866546567450895,0.1826370446443882,0.10022875724114003,2.24633779487864e-15,17.52339266927084,19
0.29,7,144,1,1,1019,broad_xyz,21.99112410904393,False,0.7525887177074108,0.9023259761003656,0.3971913375368097,-0.8188524102680794,-0.2981990209979805,-0.2938548292290204,0.19878225848573444,0.11991791834104212,2.24633779487864e-15,17.52339266927084,19
0.31,7,144,1,1,1019,broad_xyz,21.99112410904393,False,0.7828379978383492,0.9027503452466303,0.5262797638352821,-0.8073879786767516,-0.30152534547175797,-0.28526861362822814,0.21313007495594757,0.13704038269521857,2.24633779487864e-15,17.52339266927084,19
0.33,7,144,1,1,1019,broad_xyz,21.99112410904393,False,0.7973673670941651,0.9040772217506431,0.5829417952487964,-0.8361384945726076,-0.2714783415995778,-0.19017033025202784,0.22690228532106244,0.1472884944402673,2.24633779487864e-15,17.52339266927084,19
0.35,7,144,1,1,1019,broad_xyz,21.99112410904393,False,0.8027489913976926,0.9104511600675167,0.6382097554837385,-0.8616780070878417,-0.2620257293403214,-0.07940278384694852,0.23653415438384018,0.1526308313061041,2.24633779487864e-15,17.52339266927084,19
0.37,7,144,1,1,1019,broad_xyz,21.99112410904393,False,0.8010449126753283,0.9177962273680728,0.7074439374483975,-0.8705641343086608,-0.26994305652074496,0.026612263238201588,0.24198780730858266,0.15446749493918777,2.24633779487864e-15,17.52339266927084,19
0.39,7,144,1,1,1019,broad_xyz,21.99112410904393,False,0.795907791137459,0.9214489077862383,0.7766200333290229,-0.8634466703031755,-0.28271672936632225,0.1028397064488418,0.24577556683893126,0.15358351292326042,2.24633779487864e-15,17.52339266927084,19
0.41000000000000003,7,144,1,1,1019,broad_xyz,21.99112410904393,False,0.7932779375411454,0.9198757850076099,0.8278178903062523,-0.8475221883994585,-0.299676295994872,0.14334282857229327,0.24454391873199893,0.15139446655136146,2.24633779487864e-15,17.52339266927084,19
0.43,7,144,1,1,1019,broad_xyz,21.99112410904393,False,0.7952812337207015,0.914884038690825,0.8507742316062691,-0.8293500284400462,-0.31488160081678734,0.151706902857727,0.24309548423411612,0.14884923367719802,2.24633779487864e-15,17.52339266927084,19
0.45,7,144,1,1,1019,broad_xyz,21.99112410904393,False,0.8038408221556124,0.9105604562259119,0.8540971721185775,-0.817964285843998,-0.3516296960850853,0.12972522480172663,0.24111106242089195,0.14736257762364197,2.24633779487864e-15,17.52339266927084,19
0.5,7,144,1,1,1019,broad_xyz,21.99112410904393,False,0.8428901116809414,0.9118007923702306,0.8071398569905438,-0.8505214162789543,-0.35268858076237,0.04253623802939262,0.24850656432522325,0.15387446735531773,2.24633779487864e-15,17.52339266927084,19
0.55,7,144,1,1,1019,broad_xyz,21.99112410904393,False,0.849483910707579,0.8699575616177319,0.6620671338102319,-0.8984956243665834,-0.4683780683928282,-0.06652558956648953,0.25540580654938305,0.17610722111774932,2.24633779487864e-15,17.52339266927084,19
0.6,7,144,1,1,1019,broad_xyz,21.99112410904393,False,0.7271901313151087,0.7200140133970935,0.6212436454492171,-0.8596083500263486,-0.697789175846781,-0.31006251236888804,0.2781380009861471,0.19326869456522988,2.24633779487864e-15,17.52339266927084,19
0.6499999999999999,7,144,1,1,1019,broad_xyz,21.99112410904393,False,0.6507062989073389,0.6789244519539799,0.6237018320334853,-0.871680040774036,-0.7844036207676185,-0.4007544415116562,0.2786284167002284,0.19072736017637681,2.24633779487864e-15,17.52339266927084,19
0.7,7,144,1,1,1019,broad_xyz,21.99112410904393,False,0.6962258786092703,0.7543703038291142,0.6806775633972325,-0.8803658191588517,-0.8830831738752153,-0.4027302378392607,0.2711846462300704,0.1838728069215458,2.24633779487864e-15,17.52339266927084,19
0.725,7,144,1,1,1019,broad_xyz,21.99112410904393,False,0.724593621864618,0.7919164381577553,0.748932122781409,-0.8574454433461366,-0.9175840147792751,-0.42377691913276133,0.2633356713285974,0.18303268781241183,2.24633779487864e-15,17.52339266927084,19
0.75,7,144,1,1,1019,broad_xyz,21.99112410904393,False,0.7507088668332429,0.827967628155597,0.8130644630398418,-0.8248727157266832,-0.9363109879452732,-0.44375154820084955,0.26400273473148184,0.18147568331743397,2.24633779487864e-15,17.52339266927084,19
0.775,7,144,1,1,1019,broad_xyz,21.99112410904393,False,0.7651594873961829,0.8509493105985255,0.8594713202438242,-0.7769518185443789,-0.9397999375083375,-0.45756082010615845,0.264292791431804,0.17822907954327516,2.24633779487864e-15,17.52339266927084,19
0.8,7,144,1,1,1019,broad_xyz,21.99112410904393,False,0.7614985099530261,0.8526021911951134,0.886702026523926,-0.6916264357535312,-0.9323236923758397,-0.46487064257302946,0.2657580673820258,0.17390290371677977,2.24633779487864e-15,17.52339266927084,19
0.825,7,144,1,1,1019,broad_xyz,21.99112410904393,False,0.7491828855133233,0.8376141009540772,0.899125843018395,-0.5026396300895649,-0.9138405493973695,-0.4760402991737166,0.26683594277596845,0.17017369784989006,2.24633779487864e-15,17.52339266927084,19
0.85,7,144,1,1,1019,broad_xyz,21.99112410904393,False,0.7450551619142889,0.8192611014368588,0.8973497801950747,-0.19647873784176942,-0.8833564078579274,-0.4958973700113574,0.2644624962852174,0.16805727447628577,2.24633779487864e-15,17.52339266927084,19
0.875,7,144,1,1,1019,broad_xyz,21.99112410904393,False,0.7486522842737228,0.8115083608607775,0.8869122170716761,-0.002289801927002603,-0.8497505479363449,-0.4991790940584078,0.25726955275861324,0.166650077166754,2.24633779487864e-15,17.52339266927084,19
0.9,7,144,1,1,1019,broad_xyz,21.99112410904393,False,0.7483700443653591,0.8152876469621477,0.8811896401084414,0.03919316656864905,-0.8028779112503844,-0.48481839640294805,0.26745261194109515,0.16606213760962363,2.24633779487864e-15,17.52339266927084,19
0.95,7,144,1,1,1019,broad_xyz,21.99112410904393,False,0.7219177608606564,0.8256424009181021,0.8801254069865017,-0.030108584409588864,-0.8431917882456426,-0.4836364905836201,0.2705153262663202,0.1718515147391405,2.24633779487864e-15,17.52339266927084,19
1.0,7,144,1,1,1019,broad_xyz,21.99112410904393,False,0.6952019602797738,0.8222888752180988,0.8770690577791671,-0.3176657440288548,-0.86579226682002,-0.5179352982321006,0.2816651554679823,0.1833676742672596,2.24633779487864e-15,17.52339266927084,19
0.05,7,144,1,1,1020,broad_xyz,21.99112410904393,False,0.46901518340565324,0.495780745700352,0.00919535355723707,-0.23639359102535307,-0.2096925817400299,-0.2109962445527338,0.0007837423174949495,0.00016089330510356712,2.24633779487864e-15,17.52339266927084,20
0.075,7,144,1,1,1020,broad_xyz,21.99112410904393,False,0.2551719924001443,0.5383195456490372,-0.16175586912488774,-0.4053730873251559,-0.3734986359811827,-0.19531992293902564,0.003119857090552619,0.0006091282378439407,2.24633779487864e-15,17.52339266927084,20
0.1,7,144,1,1,1020,broad_xyz,21.99112410904393,False,0.15834126010230198,0.5247625190698237,-0.25584076104242637,-0.5044304598566633,-0.5011344580860094,-0.18530757587978738,0.009397014551112942,0.0018674835359505102,2.24633779487864e-15,17.52339266927084,20
0.125,7,144,1,1,1020,broad_xyz,21.99112410904393,False,0.2207499015870274,0.5410237703982627,-0.2879768984226057,-0.5765671064339835,-0.6527156622238122,-0.17973991459926084,0.021284252606524924,0.004789911488417222,2.24633779487864e-15,17.52339266927084,20
0.15,7,144,1,1,1020,broad_xyz,21.99112410904393,False,0.3720834509959329,0.6020362318838283,-0.2810452844883178,-0.6430488843829153,-0.8111797210857952,-0.15186352120698823,0.03849439746206283,0.011121460090894628,2.24633779487864e-15,17.52339266927084,20
0.1625,7,144,1,1,1020,broad_xyz,21.99112410904393,False,0.45554759598683847,0.6421034345542205,-0.26274688845081207,-0.6714899824378001,-0.8715502699237981,-0.13201473836732744,0.048987528294769586,0.01640227484353872,2.24633779487864e-15,17.52339266927084,20
0.175,7,144,1,1,1020,broad_xyz,21.99112410904393,False,0.5339005313356815,0.683599426169633,-0.22516779119451671,-0.6869019129758268,-0.9120152425607965,-0.12096601096948213,0.06075972008635162,0.023295773640263043,2.24633779487864e-15,17.52339266927084,20
0.1875,7,144,1,1,1020,broad_xyz,21.99112410904393,False,0.6049418140059049,0.7249211197967326,-0.16649485808204342,-0.6879440581685008,-0.9375356822272526,-0.1197066049529647,0.07292937985677164,0.031812960493497966,2.24633779487864e-15,17.52339266927084,20
0.2,7,144,1,1,1020,broad_xyz,21.99112410904393,False,0.65638452935221,0.7570087452154974,-0.1023497572887344,-0.6857830475219785,-0.9391431874215925,-0.13383946289208232,0.08503193214781432,0.04199177438068627,2.24633779487864e-15,17.52339266927084,20
0.2125,7,144,1,1,1020,broad_xyz,21.99112410904393,False,0.6924208732691483,0.7824460081707699,-0.03192621557904887,-0.6801679344860927,-0.893270022903802,-0.1511411479185689,0.09678146831401904,0.053480198913985366,2.24633779487864e-15,17.52339266927084,20
0.225,7,144,1,1,1020,broad_xyz,21.99112410904393,False,0.7119910489144982,0.7981076975697133,0.03674205269700259,-0.678084336237342,-0.805529295043182,-0.16823543366079366,0.10920293291717234,0.0657934991228267,2.24633779487864e-15,17.52339266927084,20
0.2375,7,144,1,1,1020,broad_xyz,21.99112410904393,False,0.7204433979410239,0.8054745464648186,0.10033630806789685,-0.6835204436306157,-0.7103277706506719,-0.1803065179409895,0.12720901339193544,0.0784551477459731,2.24633779487864e-15,17.52339266927084,20
0.25,7,144,1,1,1020,broad_xyz,21.99112410904393,False,0.7244305403281729,0.8088751999510353,0.1632324274968316,-0.6946179759696436,-0.6235585484929793,-0.1842672612760041,0.14620923056859123,0.09119666875974307,2.24633779487864e-15,17.52339266927084,20
0.27,7,144,1,1,1020,broad_xyz,21.99112410904393,False,0.7289355442313235,0.8146516042972245,0.2717827112102719,-0.715527563511022,-0.4988519675519485,-0.17502413687685958,0.17721603309976958,0.11106095723545967,2.24633779487864e-15,17.52339266927084,20
0.29,7,144,1,1,1020,broad_xyz,21.99112410904393,False,0.7327853742027415,0.8288248392517457,0.3993633979035737,-0.731010200174444,-0.4318138465356571,-0.14948165888638143,0.20380821897696016,0.12914236736529633,2.24633779487864e-15,17.52339266927084,20
0.31,7,144,1,1,1020,broad_xyz,21.99112410904393,False,0.7387728077242489,0.85548134228062,0.5295999518868353,-0.752338514622379,-0.4075131885126603,-0.11787386336451997,0.2273754033648582,0.14394214329990174,2.24633779487864e-15,17.52339266927084,20
0.33,7,144,1,1,1020,broad_xyz,21.99112410904393,False,0.7453999843679913,0.8853956948196886,0.6391116262398614,-0.7907778249528752,-0.40519403450810076,-0.08523995555472434,0.24753295684172133,0.15450451519687322,2.24633779487864e-15,17.52339266927084,20
0.35,7,144,1,1,1020,broad_xyz,21.99112410904393,False,0.7537561678047138,0.9088669162274965,0.7259632233683566,-0.8322257862709125,-0.4396361007598885,-0.06082496727264896,0.2608831151096805,0.16097578167648624,2.24633779487864e-15,17.52339266927084,20
0.37,7,144,1,1,1020,broad_xyz,21.99112410904393,False,0.7698225405530288,0.925477791235729,0.7902216074448859,-0.8628866207461169,-0.5028183615156891,-0.04670694483996918,0.2664435944801016,0.16432972496749032,2.24633779487864e-15,17.52339266927084,20
0.39,7,144,1,1,1020,broad_xyz,21.99112410904393,False,0.795674647591149,0.9359347772209033,0.8342938289014513,-0.8785401886606098,-0.5711782321721746,-0.04045652745428626,0.2718161315839775,0.16576071324235564,2.24633779487864e-15,17.52339266927084,20
0.41000000000000003,7,144,1,1,1020,broad_xyz,21.99112410904393,False,0.825882343900071,0.9409763260602939,0.8639907190654397,-0.87911742945442,-0.6365523488284855,-0.033958056144954646,0.2721050630687147,0.16564700965032012,2.24633779487864e-15,17.52339266927084,20
0.43,7,144,1,1,1020,broad_xyz,21.99112410904393,False,0.855902933529531,0.9412432683357144,0.8802319957280352,-0.8728227443293738,-0.6952335249374764,-0.029172966837536608,0.26814759427905377,0.16484889998865204,2.24633779487864e-15,17.52339266927084,20
0.45,7,144,1,1,1020,broad_xyz,21.99112410904393,False,0.8801048704625225,0.936514186839567,0.8833871888375201,-0.8675369203007773,-0.732150374778256,-0.02323857206677333,0.2621228440508457,0.16412281137268614,2.24633779487864e-15,17.52339266927084,20
0.5,7,144,1,1,1020,broad_xyz,21.99112410904393,False,0.8514746912862926,0.8986252113400601,0.8452023525466229,-0.8758763001007067,-0.7190123564330008,0.006336008027447902,0.269879122442534,0.16525322975650777,2.24633779487864e-15,17.52339266927084,20
0.55,7,144,1,1,1020,broad_xyz,21.99112410904393,False,0.7208945176130184,0.8339992056930968,0.7726037457415489,-0.8618429684073062,-0.7017022321511243,0.000275872431863682,0.26471321471572606,0.17819760154268563,2.24633779487864e-15,17.52339266927084,20
0.6,7,144,1,1,1020,broad_xyz,21.99112410904393,False,0.6898722153698629,0.8079086937896639,0.7608931401942762,-0.8231443094019335,-0.7588510504602978,-0.056592675101870875,0.2758278393473145,0.19315088800247449,2.24633779487864e-15,17.52339266927084,20
0.6499999999999999,7,144,1,1,1020,broad_xyz,21.99112410904393,False,0.7789927837469316,0.8466663361699461,0.783352503164306,-0.8301261404869154,-0.8577093791502914,-0.28674522146546627,0.27463050565512204,0.1964752018253187,2.24633779487864e-15,17.52339266927084,20
0.7,7,144,1,1,1020,broad_xyz,21.99112410904393,False,0.7656672726935733,0.8651878886728094,0.8119415386010882,-0.8258466254356717,-0.8919695978156365,-0.5150664235421313,0.2771255406930523,0.19180436686878,2.24633779487864e-15,17.52339266927084,20
0.725,7,144,1,1,1020,broad_xyz,21.99112410904393,False,0.7477760658415797,0.8685953817954171,0.8329969469127155,-0.7958172598505229,-0.8904610915507408,-0.5517104897183562,0.27561125370778955,0.18865367824013804,2.24633779487864e-15,17.52339266927084,20
0.75,7,144,1,1,1020,broad_xyz,21.99112410904393,False,0.7446177444323626,0.8729700181247825,0.8541077830369473,-0.7446608226250415,-0.8861946555355062,-0.5615635396932852,0.28472798433062263,0.18559062251265704,2.24633779487864e-15,17.52339266927084,20
0.775,7,144,1,1,1020,broad_xyz,21.99112410904393,False,0.7554522272829893,0.8833447067652954,0.8746899958919806,-0.6595906804461751,-0.8868904058036651,-0.5590440400812358,0.29123193998073715,0.18290426223268624,2.24633779487864e-15,17.52339266927084,20
0.8,7,144,1,1,1020,broad_xyz,21.99112410904393,False,0.7656593636909099,0.8999786361396562,0.8951620540686097,-0.524815789479432,-0.8935417400310053,-0.5452390132977202,0.29165106809407015,0.1806880811814103,2.24633779487864e-15,17.52339266927084,20
0.825,7,144,1,1,1020,broad_xyz,21.99112410904393,False,0.7677349929125522,0.9161432868100449,0.9109453527615231,-0.35761600426972884,-0.9028524175321442,-0.521740193942822,0.2835458675092167,0.17891862583778734,2.24633779487864e-15,17.52339266927084,20
0.85,7,144,1,1,1020,broad_xyz,21.99112410904393,False,0.7710752908596905,0.9278287504008956,0.9190618907401756,-0.22054844032271292,-0.9093274688758899,-0.4995922273489469,0.2853802091509133,0.17749775816682417,2.24633779487864e-15,17.52339266927084,20
0.875,7,144,1,1,1020,broad_xyz,21.99112410904393,False,0.7893732593101491,0.9377439805745745,0.9215064023404681,-0.15253509226651543,-0.899662905550952,-0.4933735564151127,0.29357886387060816,0.17671647046990857,2.24633779487864e-15,17.52339266927084,20
0.9,7,144,1,1,1020,broad_xyz,21.99112410904393,False,0.8192494257325106,0.9461513395662179,0.9221594649385755,-0.14281032312466269,-0.8620424611967271,-0.49421492166455405,0.2956918788135586,0.17687618378412248,2.24633779487864e-15,17.52339266927084,20
0.95,7,144,1,1,1020,broad_xyz,21.99112410904393,False,0.8490261384343838,0.9480362587398974,0.9179076288133835,-0.2973272614707412,-0.9054527961919789,-0.4871428062891685,0.2904371677429169,0.1810572845162108,2.24633779487864e-15,17.52339266927084,20
1.0,7,144,1,1,1020,broad_xyz,21.99112410904393,False,0.8220973323554119,0.9269489621542771,0.9035703170955156,-0.6304792547447733,-0.9028225410618101,-0.5084063802410014,0.3057790673494093,0.1903656919723939,2.24633779487864e-15,17.52339266927084,20
0.05,7,144,1,1,1021,broad_xyz,21.99112410904393,False,-0.03430484249702378,0.34461908827196364,-0.2818498789218419,-0.30952969506234446,-0.2661467371126269,0.13998581660142767,0.0007774519101212115,0.00010752600273836224,2.24633779487864e-15,17.52339266927084,21
0.075,7,144,1,1,1021,broad_xyz,21.99112410904393,False,0.19861919588664342,0.27789267129951256,-0.3470787238361148,-0.36181391562889414,-0.3708749915678745,0.07200367873849838,0.0011238494535776252,0.00014610837619363976,2.24633779487864e-15,17.52339266927084,21
0.1,7,144,1,1,1021,broad_xyz,21.99112410904393,False,0.18512326624938488,0.2865177496916389,-0.4404329161099807,-0.4377896300620571,-0.5180562022544426,0.03851530590568721,0.002175109398358993,0.00022415124964815205,2.24633779487864e-15,17.52339266927084,21
0.125,7,144,1,1,1021,broad_xyz,21.99112410904393,False,0.02409241819529112,0.330913445878065,-0.4528259057364913,-0.45917610281474996,-0.5072988131288391,0.14550138223464504,0.0043393832166840115,0.0006199369429785707,2.24633779487864e-15,17.52339266927084,21
0.15,7,144,1,1,1021,broad_xyz,21.99112410904393,False,-0.04588535658041857,0.3177016131869638,-0.38251022652062916,-0.42342128981700367,-0.4045104234080727,0.21883387835493612,0.01279337381327075,0.0018581400824297179,2.24633779487864e-15,17.52339266927084,21
0.1625,7,144,1,1,1021,broad_xyz,21.99112410904393,False,-0.014201143774636443,0.3273240701820611,-0.36494138355219125,-0.42466143347741914,-0.3681054784947083,0.24361050699894066,0.0178811082951704,0.002871899643491437,2.24633779487864e-15,17.52339266927084,21
0.175,7,144,1,1,1021,broad_xyz,21.99112410904393,False,0.06688840915466715,0.34672715728030573,-0.3657628286583622,-0.44279740589548855,-0.34938128644819394,0.2747606327118124,0.02305550866125955,0.004116144191635077,2.24633779487864e-15,17.52339266927084,21
0.1875,7,144,1,1,1021,broad_xyz,21.99112410904393,False,0.17717442765591224,0.36008902320778674,-0.3680378320775401,-0.46399686747457264,-0.3437500827571385,0.30928096525607446,0.031439182829187326,0.00553407961930707,2.24633779487864e-15,17.52339266927084,21
0.2,7,144,1,1,1021,broad_xyz,21.99112410904393,False,0.2973797506508255,0.36611609460366873,-0.3678526670263894,-0.4849910009529988,-0.34745594837716626,0.3447823643144574,0.04156242174821113,0.00699474966115683,2.24633779487864e-15,17.52339266927084,21
0.2125,7,144,1,1,1021,broad_xyz,21.99112410904393,False,0.40320006693774396,0.3653777084302516,-0.3637415615215332,-0.5040560106288264,-0.3402205293171161,0.37398547829509443,0.051210173540459446,0.008353589913768581,2.24633779487864e-15,17.52339266927084,21
0.225,7,144,1,1,1021,broad_xyz,21.99112410904393,False,0.48405577517871057,0.36200458557526055,-0.35247532404384896,-0.5191186217857774,-0.3115657067826072,0.3946848325767912,0.0605888942377783,0.009590538854236962,2.24633779487864e-15,17.52339266927084,21
0.2375,7,144,1,1,1021,broad_xyz,21.99112410904393,False,0.535295313940665,0.3582822072629906,-0.3322403179149848,-0.530050438328843,-0.272505404452381,0.4028344269112339,0.06852098881822555,0.010814031293541734,2.24633779487864e-15,17.52339266927084,21
0.25,7,144,1,1,1021,broad_xyz,21.99112410904393,False,0.5573212291048413,0.3631824811829182,-0.29834099445607715,-0.5310107203144491,-0.2352049462947075,0.3913686784741481,0.07479628834648547,0.01216047409965384,2.24633779487864e-15,17.52339266927084,21
0.27,7,144,1,1,1021,broad_xyz,21.99112410904393,False,0.5315755097892105,0.4028570754618576,-0.17719346757069745,-0.4772586096015189,-0.23555756860901578,0.2958352052040741,0.08132384643740029,0.015205238537792907,2.24633779487864e-15,17.52339266927084,21
0.29,7,144,1,1,1021,broad_xyz,21.99112410904393,False,0.40998304285698084,0.40726412462591344,0.015062366545673871,-0.36786156303725687,-0.3614148853013753,0.1256209331621649,0.08544742769941986,0.020049809051729397,2.24633779487864e-15,17.52339266927084,21
0.31,7,144,1,1,1021,broad_xyz,21.99112410904393,False,0.3007283407560857,0.3688184040691523,0.14425024935209288,-0.3191955567167245,-0.5074566990371792,0.034214670402758815,0.1139585753213133,0.026676413367642822,2.24633779487864e-15,17.52339266927084,21
0.33,7,144,1,1,1021,broad_xyz,21.99112410904393,False,0.2882564369420686,0.3566872935228037,0.15890142300256838,-0.37131099711489546,-0.568958453149179,0.0698337514155954,0.1416914082985572,0.033716982040402514,2.24633779487864e-15,17.52339266927084,21
0.35,7,144,1,1,1021,broad_xyz,21.99112410904393,False,0.3125963910317153,0.37936227867007866,0.13078734038047052,-0.4454639169452001,-0.556299505653457,0.13699548730989017,0.1528446210790761,0.039981167777110645,2.24633779487864e-15,17.52339266927084,21
0.37,7,144,1,1,1021,broad_xyz,21.99112410904393,False,0.32405083682177616,0.42724268189483267,0.1131372910977496,-0.4955697889730325,-0.49260787382726473,0.16163202652636124,0.15241342554647247,0.04544988318538834,2.24633779487864e-15,17.52339266927084,21
0.39,7,144,1,1,1021,broad_xyz,21.99112410904393,False,0.3271509304399622,0.4900672881530272,0.13070161865901872,-0.5195215424267876,-0.41271055333017476,0.11664439893154922,0.16542813539319973,0.050651249344066715,2.24633779487864e-15,17.52339266927084,21
0.41000000000000003,7,144,1,1,1021,broad_xyz,21.99112410904393,False,0.34412301609019,0.5467167290482285,0.18966167531827538,-0.528993365493638,-0.36609112021647283,0.013007711213927535,0.19553986044070293,0.05623468854541258,2.24633779487864e-15,17.52339266927084,21
0.43,7,144,1,1,1021,broad_xyz,21.99112410904393,False,0.3700283342509434,0.5766919443671105,0.27516261370276157,-0.5405994027655762,-0.38513016138576517,-0.10281739498484295,0.2205734301809387,0.062469820723457206,2.24633779487864e-15,17.52339266927084,21
0.45,7,144,1,1,1021,broad_xyz,21.99112410904393,False,0.3967606384358727,0.5928016205203183,0.36167593917996627,-0.5597370378017397,-0.45676390499970865,-0.18960264968517415,0.23502373116203273,0.06874086323192065,2.24633779487864e-15,17.52339266927084,21
0.5,7,144,1,1,1021,broad_xyz,21.99112410904393,False,0.43999402140439026,0.6188347426557078,0.49535298651953763,-0.6346259501791561,-0.5702347940360185,-0.2540177091816011,0.2491026408080006,0.080122193949316,2.24633779487864e-15,17.52339266927084,21
0.55,7,144,1,1,1021,broad_xyz,21.99112410904393,False,0.4432271491870695,0.6231607280205446,0.521720755634213,-0.6784568010907114,-0.5876842917204014,-0.2557152519235769,0.2282417743875115,0.08620692086764373,2.24633779487864e-15,17.52339266927084,21
0.6,7,144,1,1,1021,broad_xyz,21.99112410904393,False,0.3795480604402467,0.5916225990943346,0.5146976002716153,-0.674082884591863,-0.5825365314066344,-0.2493391931660481,0.22740995134544145,0.0935007299698209,2.24633779487864e-15,17.52339266927084,21
0.6499999999999999,7,144,1,1,1021,broad_xyz,21.99112410904393,False,0.26371785877761833,0.5782081667076847,0.5421220341932528,-0.663298815364763,-0.5714067389715348,-0.28664794154761986,0.259296716262277,0.10407270342426234,2.24633779487864e-15,17.52339266927084,21
0.7,7,144,1,1,1021,broad_xyz,21.99112410904393,False,0.33512912981875126,0.6116269219776792,0.6650676362937524,-0.6213494729023872,-0.6846767951457843,-0.3574092096840948,0.2560506192995583,0.11270588268931954,2.24633779487864e-15,17.52339266927084,21
0.725,7,144,1,1,1021,broad_xyz,21.99112410904393,False,0.3964902223134281,0.6233971887073919,0.7204601663529657,-0.6008954592394993,-0.733274533611074,-0.36958239158869793,0.2759445237528896,0.11466625009552524,2.24633779487864e-15,17.52339266927084,21
0.75,7,144,1,1,1021,broad_xyz,21.99112410904393,False,0.4371769654704525,0.6243244731393109,0.7468554457701547,-0.5957621634929723,-0.7492611524021269,-0.3606309268893397,0.2866112404161788,0.11454027885954843,2.24633779487864e-15,17.52339266927084,21
0.775,7,144,1,1,1021,broad_xyz,21.99112410904393,False,0.4599301398192868,0.6201439576877084,0.7531660615642467,-0.5863862321356857,-0.7542576558783765,-0.3469894677164762,0.28824985742385234,0.11283481563561214,2.24633779487864e-15,17.52339266927084,21
0.8,7,144,1,1,1021,broad_xyz,21.99112410904393,False,0.47564597699240035,0.6139803224848864,0.748574114953186,-0.5533818204762604,-0.7624411992889265,-0.33600478022722213,0.27873500317249533,0.11063165240310133,2.24633779487864e-15,17.52339266927084,21
0.825,7,144,1,1,1021,broad_xyz,21.99112410904393,False,0.49021401207639126,0.6113752837343869,0.7403061247223962,-0.4918935867711783,-0.7557498142296928,-0.3278493824114454,0.2716370860178578,0.10906672068197788,2.24633779487864e-15,17.52339266927084,21
0.85,7,144,1,1,1021,broad_xyz,21.99112410904393,False,0.4893416366053583,0.6176984535768825,0.7375605657226952,-0.40705885494608546,-0.7487453021812076,-0.3269191784444381,0.2695597833583788,0.10879236093315381,2.24633779487864e-15,17.52339266927084,21
0.875,7,144,1,1,1021,broad_xyz,21.99112410904393,False,0.4788317835970525,0.639728910378735,0.74774098352536,-0.3010356938592186,-0.7405259327311451,-0.34006939044833634,0.2609667316183392,0.10974366574298693,2.24633779487864e-15,17.52339266927084,21
0.9,7,144,1,1,1021,broad_xyz,21.99112410904393,False,0.48217470926439226,0.6722937150260179,0.7722105064136934,-0.17720789332975223,-0.7090266889267849,-0.3632937231470792,0.24979106625570865,0.11170897900904049,2.24633779487864e-15,17.52339266927084,21
0.95,7,144,1,1,1021,broad_xyz,21.99112410904393,False,0.5281433426961157,0.7193478120548235,0.8354157372859585,0.08105949190996088,-0.7486822416764334,-0.41292439818811727,0.23312050149226549,0.11576746529984251,2.24633779487864e-15,17.52339266927084,21
1.0,7,144,1,1,1021,broad_xyz,21.99112410904393,False,0.524858354122173,0.6488293508282337,0.8123177530391988,0.10234261065290245,-0.7630225899078903,-0.4233223369022792,0.22983127505526565,0.11566853486040395,2.24633779487864e-15,17.52339266927084,21
0.05,7,144,1,1,1022,broad_xyz,21.99112410904393,False,0.20049857170986438,0.5156774725900766,-0.1853710463385862,-0.5249467757158413,-0.3231760337737399,-0.023787135089555888,0.0031842851420288377,0.0007034260428213362,2.24633779487864e-15,17.52339266927084,22
0.075,7,144,1,1,1022,broad_xyz,21.99112410904393,False,0.2149017025942745,0.5227431126691874,-0.17547777088085537,-0.5938187606146453,-0.4681089440363543,-0.12442836484155174,0.008884288814999083,0.0022605273204331323,2.24633779487864e-15,17.52339266927084,22
0.1,7,144,1,1,1022,broad_xyz,21.99112410904393,False,0.2670158426760944,0.5367369157131349,-0.12020921020193864,-0.6481183941524521,-0.6462439199529932,-0.18248023845592726,0.019039157637591793,0.005645343066143741,2.24633779487864e-15,17.52339266927084,22
0.125,7,144,1,1,1022,broad_xyz,21.99112410904393,False,0.3673764630555423,0.5765388525530292,-0.0048279961888336885,-0.6819763419563304,-0.7709252973913845,-0.1777566411094776,0.034962309594601136,0.011829242713418205,2.24633779487864e-15,17.52339266927084,22
0.15,7,144,1,1,1022,broad_xyz,21.99112410904393,False,0.5032757001337554,0.6393142740032259,0.15813989846745619,-0.6997356893772795,-0.8054003416841378,-0.11852956556443361,0.05739493805402255,0.022206103729326104,2.24633779487864e-15,17.52339266927084,22
0.1625,7,144,1,1,1022,broad_xyz,21.99112410904393,False,0.5785215443196539,0.6787505811561576,0.2512322463916723,-0.7014574385332147,-0.8082558469620236,-0.06983249963682821,0.07167211014690725,0.029421997035092677,2.24633779487864e-15,17.52339266927084,22
0.175,7,144,1,1,1022,broad_xyz,21.99112410904393,False,0.6516141195098852,0.7203886692300852,0.3447628797322056,-0.7003019780338612,-0.8098384045881917,-0.009957940616875646,0.08734234748892236,0.0381682123364601,2.24633779487864e-15,17.52339266927084,22
0.1875,7,144,1,1,1022,broad_xyz,21.99112410904393,False,0.7152703918094436,0.7594874896121862,0.42921908848368495,-0.7019697795761958,-0.8076186102110077,0.050866454368112365,0.10451104146670609,0.04851603242276903,2.24633779487864e-15,17.52339266927084,22
0.2,7,144,1,1,1022,broad_xyz,21.99112410904393,False,0.7640961337507277,0.7942502397590852,0.49929847460292043,-0.7122797119376157,-0.7962540678622777,0.10037547881414281,0.1224604746778517,0.060548730191674366,2.24633779487864e-15,17.52339266927084,22
0.2125,7,144,1,1,1022,broad_xyz,21.99112410904393,False,0.7941744300920247,0.8179061506064104,0.5506216472322665,-0.7372414056612833,-0.7633678661945046,0.13453075449092033,0.14079864698609842,0.07421983367774349,2.24633779487864e-15,17.52339266927084,22
0.225,7,144,1,1,1022,broad_xyz,21.99112410904393,False,0.8120917174058816,0.8350154802761705,0.5907447152360699,-0.7707817682417936,-0.7175596340286257,0.1597216793540329,0.15912918955543412,0.08915606548852148,2.24633779487864e-15,17.52339266927084,22
0.2375,7,144,1,1,1022,broad_xyz,21.99112410904393,False,0.8205255809029702,0.8431347122848131,0.6230035068812761,-0.8118957521497744,-0.6504925176963174,0.1740053795148421,0.17793834019839577,0.10533864065524066,2.24633779487864e-15,17.52339266927084,22
0.25,7,144,1,1,1022,broad_xyz,21.99112410904393,False,0.8295296118600878,0.8521586252920194,0.6578181037213895,-0.8479443716475304,-0.5843499670246309,0.19334118003029413,0.19664981955758995,0.12179026162819791,2.24633779487864e-15,17.52339266927084,22
0.27,7,144,1,1,1022,broad_xyz,21.99112410904393,False,0.8558528596788257,0.8760994979972629,0.7306711765889138,-0.8824735519273601,-0.5056763154757156,0.24345168522442887,0.22428487986951978,0.14737001893855942,2.24633779487864e-15,17.52339266927084,22
0.29,7,144,1,1,1022,broad_xyz,21.99112410904393,False,0.8901027220049607,0.90594451418168,0.8111179917460744,-0.8970433119958129,-0.46447117237488866,0.30880197432109796,0.24747982898803006,0.16988645763910235,2.24633779487864e-15,17.52339266927084,22
0.31,7,144,1,1,1022,broad_xyz,21.99112410904393,False,0.9177015331313619,0.9316705242236959,0.8743227641693003,-0.912597458981191,-0.42628966997171,0.37226804455782614,0.26583260253834035,0.18679337397710283,2.24633779487864e-15,17.52339266927084,22
0.33,7,144,1,1,1022,broad_xyz,21.99112410904393,False,0.9315157002449456,0.9475126677076022,0.9132791455634135,-0.9335246095787023,-0.3937668565720356,0.42311886123180287,0.2793268519581926,0.19678355680355414,2.24633779487864e-15,17.52339266927084,22
0.35,7,144,1,1,1022,broad_xyz,21.99112410904393,False,0.9356348535515789,0.9557803681206359,0.9399242937296665,-0.9476891048519639,-0.37195248187231034,0.4601438867774731,0.2901670463684377,0.20024752313089972,2.24633779487864e-15,17.52339266927084,22
0.37,7,144,1,1,1022,broad_xyz,21.99112410904393,False,0.9325526233082446,0.9589152594096682,0.9582477510936727,-0.9530035465498068,-0.37411115620419744,0.4794596135094877,0.29833203092420124,0.19913849593552288,2.24633779487864e-15,17.52339266927084,22
0.39,7,144,1,1,1022,broad_xyz,21.99112410904393,False,0.9232902241749124,0.9562466368067636,0.9678946727118402,-0.9572276572620703,-0.41343185392106246,0.45335800789970865,0.3028765997048756,0.19716581173244865,2.24633779487864e-15,17.52339266927084,22
0.41000000000000003,7,144,1,1,1022,broad_xyz,21.99112410904393,False,0.9086971688252774,0.9526795710578653,0.9707740382966255,-0.9539952171538931,-0.4906098642249424,0.36664808667827525,0.30465782945061626,0.19491419240965557,2.24633779487864e-15,17.52339266927084,22
0.43,7,144,1,1,1022,broad_xyz,21.99112410904393,False,0.8944597001398454,0.9482339773477257,0.9692662385197447,-0.9480111334497711,-0.565462289856472,0.20741896199419607,0.303403543891379,0.1938571876774235,2.24633779487864e-15,17.52339266927084,22
0.45,7,144,1,1,1022,broad_xyz,21.99112410904393,False,0.8828642230964888,0.9429014028976411,0.9656031766559617,-0.9432927399634887,-0.5926486770319543,0.008011808972485561,0.2992671757396724,0.1944630312720843,2.24633779487864e-15,17.52339266927084,22
0.5,7,144,1,1,1022,broad_xyz,21.99112410904393,False,0.8539930885751136,0.926861889120875,0.9550100394413747,-0.953132543150501,-0.537350427440334,-0.32129010640933603,0.2890553419429115,0.20401593551310798,2.24633779487864e-15,17.52339266927084,22
0.55,7,144,1,1,1022,broad_xyz,21.99112410904393,False,0.7927887695262736,0.8818873984990668,0.9406734413475345,-0.9571690608635808,-0.6021304461939879,-0.41940028317778466,0.2940789663445119,0.22276932442217598,2.24633779487864e-15,17.52339266927084,22
0.6,7,144,1,1,1022,broad_xyz,21.99112410904393,False,0.7419953573268003,0.8260317505812483,0.9295893594156015,-0.9339099697607047,-0.7342146283520746,-0.5282502235094735,0.2989135793571732,0.23541802099403356,2.24633779487864e-15,17.52339266927084,22
0.6499999999999999,7,144,1,1,1022,broad_xyz,21.99112410904393,False,0.7491781191900756,0.8247482210705314,0.9204838715807618,-0.9185650098778655,-0.8159597964639834,-0.5800006107387882,0.2989054721661833,0.2314116509821597,2.24633779487864e-15,17.52339266927084,22
0.7,7,144,1,1,1022,broad_xyz,21.99112410904393,False,0.7783052171459934,0.8517403704407173,0.9321191338229327,-0.9064970222654537,-0.8801517961027936,-0.589848853278131,0.2942526578625101,0.22162905728910376,2.24633779487864e-15,17.52339266927084,22
0.725,7,144,1,1,1022,broad_xyz,21.99112410904393,False,0.7890209137284695,0.8656748560773235,0.9429147166177418,-0.8902747578945069,-0.8976585928449347,-0.59732110603915,0.28853054221229796,0.21746254332869958,2.24633779487864e-15,17.52339266927084,22
0.75,7,144,1,1,1022,broad_xyz,21.99112410904393,False,0.8008056602782981,0.8784701504381512,0.9518822060607908,-0.8590124548043079,-0.9074574973978062,-0.6055290652554726,0.2840938824011813,0.21339716317657753,2.24633779487864e-15,17.52339266927084,22
0.775,7,144,1,1,1022,broad_xyz,21.99112410904393,False,0.8159643768720463,0.8899594719819062,0.9568350435267327,-0.7969498974477743,-0.911288371347182,-0.608786854737422,0.281153999390961,0.20898967982048006,2.24633779487864e-15,17.52339266927084,22
0.8,7,144,1,1,1022,broad_xyz,21.99112410904393,False,0.829504052178457,0.8996198557738854,0.9578682053828632,-0.6619551813730632,-0.9115597075628549,-0.6010480528743125,0.2780024338680157,0.20418669984933768,2.24633779487864e-15,17.52339266927084,22
0.825,7,144,1,1,1022,broad_xyz,21.99112410904393,False,0.8302767245525469,0.9069245987577037,0.9553396265292944,-0.42514997790988146,-0.9133119104832913,-0.5803357244707459,0.28506653381000213,0.19916478341924188,2.24633779487864e-15,17.52339266927084,22
0.85,7,144,1,1,1022,broad_xyz,21.99112410904393,False,0.8118524321639989,0.9125646671503918,0.9502039485292347,-0.24189001748365643,-0.916030628475455,-0.5504620006564798,0.2895361782446557,0.19418232139048097,2.24633779487864e-15,17.52339266927084,22
0.875,7,144,1,1,1022,broad_xyz,21.99112410904393,False,0.7794759202529606,0.9162993715606155,0.9439944800140142,-0.1975191049640993,-0.9065638399165,-0.5242478430029299,0.29137258446723735,0.19003310291605569,2.24633779487864e-15,17.52339266927084,22
0.9,7,144,1,1,1022,broad_xyz,21.99112410904393,False,0.7470534626869544,0.9172028743035955,0.9384926891782819,-0.22238524038267982,-0.8646076061022365,-0.5139869711362178,0.2910172319595452,0.18833649999528262,2.24633779487864e-15,17.52339266927084,22
0.95,7,144,1,1,1022,broad_xyz,21.99112410904393,False,0.7243983763718221,0.9014944727519113,0.9345175997770363,-0.3863276417951714,-0.9029983048065006,-0.5050647984026203,0.2971058946018955,0.1926158184204579,2.24633779487864e-15,17.52339266927084,22
1.0,7,144,1,1,1022,broad_xyz,21.99112410904393,False,0.7577197395734183,0.8591781193472979,0.9400706291801807,-0.6838473773365515,-0.9121660960283404,-0.5246074080094296,0.30081219069038634,0.20359993436653104,2.24633779487864e-15,17.52339266927084,22
0.05,7,144,1,1,1023,broad_xyz,21.99112410904393,False,-0.17306869671167224,0.3847061829091154,-0.4189607041512783,-0.456782628517846,-0.3421364681160845,-0.126692016122873,0.0021432243640845785,0.00019652605661531179,2.24633779487864e-15,17.52339266927084,23
0.075,7,144,1,1,1023,broad_xyz,21.99112410904393,False,-0.10500547907315094,0.4050228211912154,-0.4686983436880425,-0.5074751129550051,-0.3440737983085309,-0.10734799882550652,0.00602345639187022,0.0006827771671442275,2.24633779487864e-15,17.52339266927084,23
0.1,7,144,1,1,1023,broad_xyz,21.99112410904393,False,0.06714537574266362,0.4360388886622342,-0.5447956423541788,-0.5779733848089684,-0.3494305322641071,-0.034990807565440714,0.011561105681434185,0.001679416022100906,2.24633779487864e-15,17.52339266927084,23
0.125,7,144,1,1,1023,broad_xyz,21.99112410904393,False,0.2935306761914347,0.47388348002455405,-0.6326677880932982,-0.6531130714862231,-0.37187163846302773,0.08935213055028156,0.016602578767836777,0.003282652565424836,2.24633779487864e-15,17.52339266927084,23
0.15,7,144,1,1,1023,broad_xyz,21.99112410904393,False,0.5075857437746527,0.5207735519426482,-0.7052459276019403,-0.7145012006025094,-0.36042207027234396,0.2111533294989971,0.020446791392414447,0.005400371093857928,2.24633779487864e-15,17.52339266927084,23
0.1625,7,144,1,1,1023,broad_xyz,21.99112410904393,False,0.5958928140982357,0.5560773095165421,-0.7295323207742463,-0.7409720557397538,-0.33055231761535975,0.26314172779579914,0.025287524030868126,0.006753590742470846,2.24633779487864e-15,17.52339266927084,23
0.175,7,144,1,1,1023,broad_xyz,21.99112410904393,False,0.6546465506666614,0.6050569423938855,-0.7311149712701003,-0.760591650676775,-0.29417792609195925,0.29436605396347576,0.030365764113486515,0.008489803596527432,2.24633779487864e-15,17.52339266927084,23
0.1875,7,144,1,1,1023,broad_xyz,21.99112410904393,False,0.6723152841384687,0.6682156737852436,-0.6942015625241921,-0.7675460722653461,-0.2964429155318674,0.287927428628832,0.03557744928891733,0.01091159179927576,2.24633779487864e-15,17.52339266927084,23
0.2,7,144,1,1,1023,broad_xyz,21.99112410904393,False,0.6363417320420847,0.7067402406680423,-0.5991167821863049,-0.7416357258169879,-0.35127453083213056,0.2408197368457177,0.04085373841440852,0.01419618112494713,2.24633779487864e-15,17.52339266927084,23
0.2125,7,144,1,1,1023,broad_xyz,21.99112410904393,False,0.5696283716361299,0.6974877044876184,-0.4722049858302617,-0.6960638196628698,-0.4302837092660723,0.16477177723578154,0.05622869339523838,0.018433012490957117,2.24633779487864e-15,17.52339266927084,23
0.225,7,144,1,1,1023,broad_xyz,21.99112410904393,False,0.5117012121709721,0.6621756660342523,-0.3453201863107433,-0.6539897101204936,-0.4722369637868948,0.07973542195810301,0.07820646716016175,0.023505568933019003,2.24633779487864e-15,17.52339266927084,23
0.2375,7,144,1,1,1023,broad_xyz,21.99112410904393,False,0.4739913409887304,0.6188760519645016,-0.23876196315307863,-0.6335307324354288,-0.47180944299703076,0.0009259299933555798,0.09948114307221641,0.02929325021130358,2.24633779487864e-15,17.52339266927084,23
0.25,7,144,1,1,1023,broad_xyz,21.99112410904393,False,0.45102322629177477,0.5818115897853839,-0.14967158622976393,-0.6320406264608717,-0.4427711836726937,-0.07134278084452447,0.11845828226034741,0.03559625544448338,2.24633779487864e-15,17.52339266927084,23
0.27,7,144,1,1,1023,broad_xyz,21.99112410904393,False,0.4213745347045371,0.5466447719922508,-0.02234160644633141,-0.6425885336207894,-0.38082961578874497,-0.16886116318223995,0.14338144254859536,0.04645153504376118,2.24633779487864e-15,17.52339266927084,23
0.29,7,144,1,1,1023,broad_xyz,21.99112410904393,False,0.3821701514239083,0.5390482157936995,0.10463333182251573,-0.6397440937782657,-0.3412205243548191,-0.21375048215394804,0.15698525997911142,0.0578855206339351,2.24633779487864e-15,17.52339266927084,23
0.31,7,144,1,1,1023,broad_xyz,21.99112410904393,False,0.36345217227809773,0.571466083949445,0.2000260002217812,-0.6386579542362092,-0.30739134522276884,-0.18598380582743132,0.17319309039641828,0.06861954315224107,2.24633779487864e-15,17.52339266927084,23
0.33,7,144,1,1,1023,broad_xyz,21.99112410904393,False,0.38974504644879515,0.6333830735381916,0.2554623426732931,-0.6519746707771004,-0.27231094441402803,-0.13200877204068298,0.18626769999353138,0.07813502904886072,2.24633779487864e-15,17.52339266927084,23
0.35,7,144,1,1,1023,broad_xyz,21.99112410904393,False,0.45322027470026965,0.6963826810656116,0.2797646677166289,-0.6880763313381635,-0.22163676790287412,-0.11765893103088229,0.1900983052860757,0.08621020755637981,2.24633779487864e-15,17.52339266927084,23
0.37,7,144,1,1,1023,broad_xyz,21.99112410904393,False,0.520001331127551,0.7421016588693783,0.30451838475940546,-0.727772724015993,-0.13445807506926521,-0.1421402134189988,0.20708752303148353,0.09345375055237992,2.24633779487864e-15,17.52339266927084,23
0.39,7,144,1,1,1023,broad_xyz,21.99112410904393,False,0.575432757980557,0.7776629937456182,0.3502510942359004,-0.7542551372089576,-0.05203646335780695,-0.15617725168367616,0.22625959869373732,0.09969125122305027,2.24633779487864e-15,17.52339266927084,23
0.41000000000000003,7,144,1,1,1023,broad_xyz,21.99112410904393,False,0.6163564024602372,0.8060221816320969,0.4168409987276261,-0.7655592011403806,-0.05243753358427519,-0.13935127480595466,0.23580782188927207,0.104983124391794,2.24633779487864e-15,17.52339266927084,23
0.43,7,144,1,1,1023,broad_xyz,21.99112410904393,False,0.6467574461419229,0.8276396301426682,0.49125559405654656,-0.7693528066935367,-0.16580353917928137,-0.11174255558264157,0.23977970237142468,0.10981859288349022,2.24633779487864e-15,17.52339266927084,23
0.45,7,144,1,1,1023,broad_xyz,21.99112410904393,False,0.6671303007604081,0.8404944545572518,0.553086595044257,-0.7724678788013151,-0.31914127788026625,-0.09020193089324319,0.24260229429830799,0.11421733315416249,2.24633779487864e-15,17.52339266927084,23
0.5,7,144,1,1,1023,broad_xyz,21.99112410904393,False,0.627436692834244,0.8421537806640952,0.6139986939941063,-0.801645411102161,-0.4400953749435528,-0.08483760545667725,0.25481206371779846,0.12443046006014875,2.24633779487864e-15,17.52339266927084,23
0.55,7,144,1,1,1023,broad_xyz,21.99112410904393,False,0.5034262473120106,0.8183098361659715,0.6069273292921425,-0.8118866762062923,-0.35301120410421,-0.143182549392218,0.28190166719119863,0.1361195873051774,2.24633779487864e-15,17.52339266927084,23
0.6,7,144,1,1,1023,broad_xyz,21.99112410904393,False,0.49021001821974636,0.793319459180546,0.6376940123350548,-0.7800939515505723,-0.4862309558459278,-0.2503348201815013,0.2802145724685993,0.14867100068584127,2.24633779487864e-15,17.52339266927084,23
0.6499999999999999,7,144,1,1,1023,broad_xyz,21.99112410904393,False,0.48393109817476015,0.7904765946038695,0.722653621459352,-0.7707400695279887,-0.709599616311879,-0.3228866866881214,0.2687228034297792,0.15588341422821037,2.24633779487864e-15,17.52339266927084,23
0.7,7,144,1,1,1023,broad_xyz,21.99112410904393,False,0.5064627477093671,0.8013622945247685,0.826684981178704,-0.7702779600250499,-0.812732196756609,-0.3386283673609582,0.2717928591685615,0.15807156723197519,2.24633779487864e-15,17.52339266927084,23
0.725,7,144,1,1,1023,broad_xyz,21.99112410904393,False,0.5433983705613901,0.8062858022065914,0.8540378049181335,-0.763004833742574,-0.8403194589295742,-0.34383034528158135,0.26754693132488794,0.1576187414887466,2.24633779487864e-15,17.52339266927084,23
0.75,7,144,1,1,1023,broad_xyz,21.99112410904393,False,0.5727280122742341,0.811199662988641,0.8589066014070116,-0.7325586742320451,-0.8582085621306882,-0.35524750200425653,0.2708578688840303,0.15612695161108978,2.24633779487864e-15,17.52339266927084,23
0.775,7,144,1,1,1023,broad_xyz,21.99112410904393,False,0.5859022348690792,0.8177397272274446,0.8508391326799964,-0.6563662264913166,-0.8631029630022585,-0.36720172561312003,0.27112508470932606,0.1539587399030851,2.24633779487864e-15,17.52339266927084,23
0.8,7,144,1,1,1023,broad_xyz,21.99112410904393,False,0.5960169874466216,0.8272396798650747,0.8424542975922926,-0.5163405656053733,-0.8618622945857592,-0.3737191048258248,0.2692455602296012,0.15162731741909907,2.24633779487864e-15,17.52339266927084,23
0.825,7,144,1,1,1023,broad_xyz,21.99112410904393,False,0.6191128092813575,0.8397889979819139,0.8426784112309201,-0.3253438472636454,-0.8646074158130267,-0.3752421174145185,0.26458201687865845,0.14970507946955955,2.24633779487864e-15,17.52339266927084,23
0.85,7,144,1,1,1023,broad_xyz,21.99112410904393,False,0.6515337407987916,0.850253987334664,0.8474290805769658,-0.15199986354891548,-0.8675808409076333,-0.3759892070591832,0.2584212366421804,0.14849010458509085,2.24633779487864e-15,17.52339266927084,23
0.875,7,144,1,1,1023,broad_xyz,21.99112410904393,False,0.6745594419803211,0.8554648514383938,0.8521257266268097,-0.041687332696843035,-0.8587375452973924,-0.3789969717764118,0.2506859325855011,0.14800514996281297,2.24633779487864e-15,17.52339266927084,23
0.9,7,144,1,1,1023,broad_xyz,21.99112410904393,False,0.6911081270141118,0.8590035597467618,0.8580116457639714,0.02240366512963822,-0.8234483184848336,-0.3855846211697385,0.24909455541534126,0.14819402928516975,2.24633779487864e-15,17.52339266927084,23
0.95,7,144,1,1,1023,broad_xyz,21.99112410904393,False,0.7153162761440759,0.8743954092227301,0.8770873740134905,0.08789236958650797,-0.8750416247991049,-0.42238221723696984,0.25113450537896453,0.1522825000689948,2.24633779487864e-15,17.52339266927084,23
1.0,7,144,1,1,1023,broad_xyz,21.99112410904393,False,0.7397621922200756,0.8680720424479837,0.8856613918237081,-0.008201890469833013,-0.8861011204312327,-0.4545800054639647,0.2610100268695121,0.15965843814076977,2.24633779487864e-15,17.52339266927084,23
0.05,7,144,1,1,1024,broad_xyz,21.99112410904393,False,0.12550361280643244,0.3293895932635813,-0.21923554926645622,-0.49237956072292177,-0.22408803465576216,-0.43209437397780776,0.002475073192311826,0.00046297928159425055,2.24633779487864e-15,17.52339266927084,24
0.075,7,144,1,1,1024,broad_xyz,21.99112410904393,False,0.17238728048136331,0.36842138707235905,-0.21185225425539703,-0.5429673276514634,-0.3095908288314004,-0.4349368518926491,0.0054844502484036025,0.0011452708657657268,2.24633779487864e-15,17.52339266927084,24
0.1,7,144,1,1,1024,broad_xyz,21.99112410904393,False,0.20838139565258573,0.41934683246800264,-0.20816535700434805,-0.5966814805474409,-0.4763534200833754,-0.4358885025249295,0.009461317660420026,0.0024640975442193507,2.24633779487864e-15,17.52339266927084,24
0.125,7,144,1,1,1024,broad_xyz,21.99112410904393,False,0.2807071146913577,0.4896810577445898,-0.17668512946178533,-0.6319974473049594,-0.6626629954193769,-0.4059988400463627,0.016440437476655717,0.004930307151480723,2.24633779487864e-15,17.52339266927084,24
0.15,7,144,1,1,1024,broad_xyz,21.99112410904393,False,0.4228680119875105,0.5886086850345873,-0.09343378223576962,-0.627745284247237,-0.8123469915039694,-0.3315270399583064,0.029403300523824172,0.009701776952803129,2.24633779487864e-15,17.52339266927084,24
0.1625,7,144,1,1,1024,broad_xyz,21.99112410904393,False,0.49437453369735623,0.640352851972017,-0.04592675214529159,-0.6155093762431133,-0.8563697924481213,-0.28271706211327574,0.03928142356482754,0.01380115076061169,2.24633779487864e-15,17.52339266927084,24
0.175,7,144,1,1,1024,broad_xyz,21.99112410904393,False,0.5622608473103587,0.6945460388406813,0.002669207452731492,-0.601501300120434,-0.8839885658175296,-0.23249617066817543,0.05090690352061052,0.019496562237610142,2.24633779487864e-15,17.52339266927084,24
0.1875,7,144,1,1,1024,broad_xyz,21.99112410904393,False,0.617308332440029,0.7451230678705837,0.04149056924778402,-0.595202744798727,-0.8960423282545383,-0.18932672134528955,0.06364648348937936,0.027074438555735866,2.24633779487864e-15,17.52339266927084,24
0.2,7,144,1,1,1024,broad_xyz,21.99112410904393,False,0.6640273702122359,0.7891092983338998,0.07814898901771687,-0.5908518119896633,-0.8967923433156935,-0.14769390183729214,0.07686873210520276,0.036403827352691785,2.24633779487864e-15,17.52339266927084,24
0.2125,7,144,1,1,1024,broad_xyz,21.99112410904393,False,0.7012648483753614,0.8201041290969031,0.1066090996791525,-0.5961431511916022,-0.8853577635212735,-0.11825417438531446,0.09013600513963724,0.047368449539869864,2.24633779487864e-15,17.52339266927084,24
0.225,7,144,1,1,1024,broad_xyz,21.99112410904393,False,0.7377400979504436,0.8489941364347506,0.144392583752702,-0.5975450826769612,-0.85843111668399,-0.08769366448381964,0.10370091880292738,0.05950689261378788,2.24633779487864e-15,17.52339266927084,24
0.2375,7,144,1,1,1024,broad_xyz,21.99112410904393,False,0.7715651284599672,0.8734961531660091,0.18930057844975515,-0.5982738464516518,-0.8221536453704235,-0.05570603544678752,0.11839467910486165,0.07238535455117906,2.24633779487864e-15,17.52339266927084,24
0.25,7,144,1,1,1024,broad_xyz,21.99112410904393,False,0.8046551030533737,0.8945196418698006,0.24454382848820616,-0.5978658205027199,-0.7787445525223828,-0.017762316492833087,0.1329961118002152,0.08539556941237773,2.24633779487864e-15,17.52339266927084,24
0.27,7,144,1,1,1024,broad_xyz,21.99112410904393,False,0.8533488746890532,0.9228094946983575,0.35822571923396784,-0.5951830452112117,-0.7019427837125489,0.06569599034959424,0.15877654559791454,0.10535492045564736,2.24633779487864e-15,17.52339266927084,24
0.29,7,144,1,1,1024,broad_xyz,21.99112410904393,False,0.8876286143071704,0.9446963710296125,0.4915231743720024,-0.5972188698234894,-0.6480615461427364,0.1598250491539568,0.18079563150928174,0.12253424386108394,2.24633779487864e-15,17.52339266927084,24
0.31,7,144,1,1,1024,broad_xyz,21.99112410904393,False,0.8943841862646493,0.957563039024359,0.6179439721411285,-0.6244777631119147,-0.6317792944606068,0.22731758938697408,0.1986211777362523,0.13531968090184293,2.24633779487864e-15,17.52339266927084,24
0.33,7,144,1,1,1024,broad_xyz,21.99112410904393,False,0.874902936747667,0.9578748052846797,0.7135403252443387,-0.6894388108642008,-0.6416770640750308,0.24452033522971314,0.21238659187020228,0.14302167391504372,2.24633779487864e-15,17.52339266927084,24
0.35,7,144,1,1,1024,broad_xyz,21.99112410904393,False,0.8447787662947057,0.9464728854490342,0.7738010686982062,-0.7691363814400265,-0.6602130423061107,0.21823145855110665,0.22400587078872708,0.14624321491499165,2.24633779487864e-15,17.52339266927084,24
0.37,7,144,1,1,1024,broad_xyz,21.99112410904393,False,0.8168060195868938,0.9281362674817931,0.800711585806834,-0.8338171453444024,-0.6906028353844633,0.15854163304822919,0.2331732688857377,0.1465640061050611,2.24633779487864e-15,17.52339266927084,24
0.39,7,144,1,1,1024,broad_xyz,21.99112410904393,False,0.795032741101745,0.9093810986715875,0.8048458513886528,-0.8701235925956111,-0.7142746688134083,0.08031752365597646,0.24284529571686359,0.1454525665010287,2.24633779487864e-15,17.52339266927084,24
0.41000000000000003,7,144,1,1,1024,broad_xyz,21.99112410904393,False,0.7799378955987072,0.8982672403250975,0.8062600052852132,-0.876275380184566,-0.7268913701814581,-0.0019080478910130255,0.24758516283132911,0.14385114073434446,2.24633779487864e-15,17.52339266927084,24
0.43,7,144,1,1,1024,broad_xyz,21.99112410904393,False,0.7680694943436233,0.8956563068371411,0.8111936019398581,-0.86527245017154,-0.7308142650630455,-0.08304812882424518,0.24585253051376038,0.14259226161004157,2.24633779487864e-15,17.52339266927084,24
0.45,7,144,1,1,1024,broad_xyz,21.99112410904393,False,0.7534626734917339,0.8963709667686109,0.8161926411665616,-0.8490620207346616,-0.7301250196157703,-0.1608598764850093,0.2427130111006349,0.14234932899747768,2.24633779487864e-15,17.52339266927084,24
0.5,7,144,1,1,1024,broad_xyz,21.99112410904393,False,0.7059896161577992,0.8657380739542191,0.7852690244201275,-0.8271382105174219,-0.6677008431777831,-0.3122508133881058,0.23596515085938727,0.14849511202798787,2.24633779487864e-15,17.52339266927084,24
0.55,7,144,1,1,1024,broad_xyz,21.99112410904393,False,0.6481957492416702,0.775901333452998,0.7138744629638053,-0.8114974018577901,-0.6266570988724269,-0.3855292117442046,0.23643303072537308,0.16468368948259107,2.24633779487864e-15,17.52339266927084,24
0.6,7,144,1,1,1024,broad_xyz,21.99112410904393,False,0.6528762203659292,0.7496944756654004,0.7425554548199199,-0.7887542305342433,-0.7351497493625743,-0.4123635470757101,0.2539882642922052,0.17666547447989986,2.24633779487864e-15,17.52339266927084,24
0.6499999999999999,7,144,1,1,1024,broad_xyz,21.99112410904393,False,0.7584859665756977,0.8241020539819894,0.7639555127924507,-0.807298119676629,-0.8470587619598543,-0.49318999334397956,0.25572222589274735,0.17876557848005584,2.24633779487864e-15,17.52339266927084,24
0.7,7,144,1,1,1024,broad_xyz,21.99112410904393,False,0.817928554476571,0.8676364179802883,0.7883324641476467,-0.792191452541276,-0.8760761303702124,-0.5152947137784989,0.25498377643168835,0.17742740774181595,2.24633779487864e-15,17.52339266927084,24
0.725,7,144,1,1,1024,broad_xyz,21.99112410904393,False,0.816935530948774,0.8687193558998519,0.8066903316072912,-0.7526992984352109,-0.8752643024403326,-0.5091175715646891,0.2613426330602742,0.17659916776030687,2.24633779487864e-15,17.52339266927084,24
0.75,7,144,1,1,1024,broad_xyz,21.99112410904393,False,0.8051220340546628,0.8622464794761389,0.8234973729596017,-0.6887559074335751,-0.8707377246991196,-0.5011714063631462,0.2625281417289613,0.175210245663696,2.24633779487864e-15,17.52339266927084,24
0.775,7,144,1,1,1024,broad_xyz,21.99112410904393,False,0.7938168621221697,0.8558410854895407,0.8371190312499771,-0.5946894412710351,-0.8681295820157563,-0.49201829246894535,0.25894315330175965,0.17320788120064753,2.24633779487864e-15,17.52339266927084,24
0.8,7,144,1,1,1024,broad_xyz,21.99112410904393,False,0.7930374166391531,0.8587795206416343,0.8510247250312174,-0.4646830751081059,-0.8715240009889949,-0.4788535846502367,0.25981214149758525,0.17089447619658082,2.24633779487864e-15,17.52339266927084,24
0.825,7,144,1,1,1024,broad_xyz,21.99112410904393,False,0.8037227239078418,0.8752252798793633,0.8700111246362648,-0.3109537194351493,-0.886523518182575,-0.46417320962855363,0.2609371884756235,0.16837544402931645,2.24633779487864e-15,17.52339266927084,24
0.85,7,144,1,1,1024,broad_xyz,21.99112410904393,False,0.8146204652972431,0.8983863700281907,0.8919567027258463,-0.18380437290450952,-0.9073462502292396,-0.44855671209856385,0.25802419354624984,0.16593685681179662,2.24633779487864e-15,17.52339266927084,24
0.875,7,144,1,1,1024,broad_xyz,21.99112410904393,False,0.8179776622115909,0.9146435894873772,0.9045335574705073,-0.13578970357674147,-0.9067709117106455,-0.4388794947205505,0.2639341445100233,0.16419582642759464,2.24633779487864e-15,17.52339266927084,24
0.9,7,144,1,1,1024,broad_xyz,21.99112410904393,False,0.8158088833190821,0.9197563961139287,0.9068381892625281,-0.1496707574906668,-0.8649690618364393,-0.4380572812148182,0.27115552543593624,0.16357173530582267,2.24633779487864e-15,17.52339266927084,24
0.95,7,144,1,1,1024,broad_xyz,21.99112410904393,False,0.7981980970909534,0.8977219639237318,0.9023533857985728,-0.2890437876642085,-0.9163431383340489,-0.4495558608066105,0.2595234577163825,0.16635028336703467,2.24633779487864e-15,17.52339266927084,24
1.0,7,144,1,1,1024,broad_xyz,21.99112410904393,False,0.7847070561665064,0.8601040782913925,0.89511270223086,-0.5676970974917183,-0.918282698697135,-0.4916525603801423,0.2604122741415384,0.17495213977864899,2.24633779487864e-15,17.52339266927084,24
0.05,7,144,1,1,1025,broad_xyz,21.99112410904393,False,0.46174955201737383,0.6214279433796103,0.09099574482285482,-0.1279129077408164,0.2684818206400675,0.14566748720384437,0.00228562964776671,0.0006624303760850633,2.24633779487864e-15,17.52339266927084,25
0.075,7,144,1,1,1025,broad_xyz,21.99112410904393,False,0.5573229926301027,0.6604050703838927,-0.036877903705386815,-0.2649672053122525,0.13245395958916076,0.31034559781092685,0.005058598179828439,0.0017276416125658006,2.24633779487864e-15,17.52339266927084,25
0.1,7,144,1,1,1025,broad_xyz,21.99112410904393,False,0.5539569725502749,0.6964116975101446,-0.2473488692184004,-0.44523681755447936,-0.0857212160861486,0.4772113970885959,0.00777185744926345,0.0033108294882943723,2.24633779487864e-15,17.52339266927084,25
0.125,7,144,1,1,1025,broad_xyz,21.99112410904393,False,0.5209321627957846,0.7185729514477038,-0.47992257530068977,-0.6268976954636523,-0.3020758344213025,0.5708033784103297,0.014494450817520455,0.0054487658590318495,2.24633779487864e-15,17.52339266927084,25
0.15,7,144,1,1,1025,broad_xyz,21.99112410904393,False,0.5330150441673852,0.7196176704924003,-0.6116206271123475,-0.7349502675821433,-0.43066812034091256,0.5550369863101763,0.0249985263745281,0.008716667519021525,2.24633779487864e-15,17.52339266927084,25
0.1625,7,144,1,1,1025,broad_xyz,21.99112410904393,False,0.5664822475627493,0.7296830360966458,-0.6184985278357275,-0.7540878834522448,-0.4615394026169478,0.5217264034507019,0.03155893508231922,0.01114037416498417,2.24633779487864e-15,17.52339266927084,25
0.175,7,144,1,1,1025,broad_xyz,21.99112410904393,False,0.6149474100369612,0.7556848715595685,-0.587989114091069,-0.7529873713525985,-0.4725850540580605,0.4769145375848936,0.038765545027069415,0.014354459864583061,2.24633779487864e-15,17.52339266927084,25
0.1875,7,144,1,1,1025,broad_xyz,21.99112410904393,False,0.6678869798728311,0.791836733276053,-0.5219351622208169,-0.7296565013757599,-0.460649529364114,0.42451758549618795,0.04661214786845504,0.01851448087912678,2.24633779487864e-15,17.52339266927084,25
0.2,7,144,1,1,1025,broad_xyz,21.99112410904393,False,0.7189350170133632,0.8314298082371964,-0.42839664240988323,-0.687217466805379,-0.4344471123445168,0.36771139375970296,0.05508977613345452,0.023734484138362148,2.24633779487864e-15,17.52339266927084,25
0.2125,7,144,1,1,1025,broad_xyz,21.99112410904393,False,0.7613448406822265,0.8665340515073001,-0.31606247738793,-0.6302663056311238,-0.3880401686368684,0.3060692847130581,0.06478069119730102,0.030183841820118438,2.24633779487864e-15,17.52339266927084,25
0.225,7,144,1,1,1025,broad_xyz,21.99112410904393,False,0.7838585905286564,0.8884988021157254,-0.19243570105899108,-0.5656120889020132,-0.3584215990121825,0.240045508718727,0.0852882994007945,0.038073225877130676,2.24633779487864e-15,17.52339266927084,25
0.2375,7,144,1,1,1025,broad_xyz,21.99112410904393,False,0.776889235420451,0.8869145462910939,-0.07125416603936664,-0.5098988575358561,-0.3627959297498473,0.16768536234090844,0.10733945593593393,0.04763505698462051,2.24633779487864e-15,17.52339266927084,25
0.25,7,144,1,1,1025,broad_xyz,21.99112410904393,False,0.751346203910595,0.8716852272609951,0.049347858914101095,-0.45933377537140263,-0.3891886513671628,0.10728034498784547,0.12916918143280998,0.05816412478591156,2.24633779487864e-15,17.52339266927084,25
0.27,7,144,1,1,1025,broad_xyz,21.99112410904393,False,0.702505411670632,0.834704740265713,0.23004615765273217,-0.4005875732374976,-0.40318308177506756,0.04804823727244533,0.1605387906357949,0.07554402037298469,2.24633779487864e-15,17.52339266927084,25
0.29,7,144,1,1,1025,broad_xyz,21.99112410904393,False,0.6840677907429716,0.805669524054087,0.36983912745416236,-0.3985213705494196,-0.37144744108784905,0.028206256491765187,0.18627705609770412,0.09174202573616012,2.24633779487864e-15,17.52339266927084,25
0.31,7,144,1,1,1025,broad_xyz,21.99112410904393,False,0.7069312789241975,0.8002464957936476,0.46658843831384067,-0.4710389703041784,-0.32477942363718904,0.052742138532900655,0.20569661289818822,0.10546313212443804,2.24633779487864e-15,17.52339266927084,25
0.33,7,144,1,1,1025,broad_xyz,21.99112410904393,False,0.7472496386702607,0.8181205210430594,0.5384626907220723,-0.6001145971946465,-0.2733170607132852,0.098638165137425,0.2210287472768538,0.11626134344731215,2.24633779487864e-15,17.52339266927084,25
0.35,7,144,1,1,1025,broad_xyz,21.99112410904393,False,0.7787784337117724,0.8451837090965137,0.6039890411749735,-0.7325867061707151,-0.24107021707235027,0.12281077305239657,0.2363631220342442,0.12421634143760747,2.24633779487864e-15,17.52339266927084,25
0.37,7,144,1,1,1025,broad_xyz,21.99112410904393,False,0.7957672906875767,0.8688629941997617,0.6711684374223278,-0.8208316916518528,-0.22357667005895393,0.09597696188547716,0.25145562265609145,0.13025738637027884,2.24633779487864e-15,17.52339266927084,25
0.39,7,144,1,1,1025,broad_xyz,21.99112410904393,False,0.8009253404335173,0.8833020412128155,0.7355780006497712,-0.8654652862456406,-0.2577042302867641,0.03450524865275784,0.26504932918031876,0.1363474323079907,2.24633779487864e-15,17.52339266927084,25
0.41000000000000003,7,144,1,1,1025,broad_xyz,21.99112410904393,False,0.8079005723385885,0.8940924217060493,0.7836687804524384,-0.8809298047107293,-0.3406946399139759,-0.023644480197620308,0.2743830043226961,0.14172673118446513,2.24633779487864e-15,17.52339266927084,25
0.43,7,144,1,1,1025,broad_xyz,21.99112410904393,False,0.8207472172273785,0.9013983142494943,0.8139395734599406,-0.8850801542325629,-0.45087249358655107,-0.07378917772269747,0.2831148000736986,0.1467924857797749,2.24633779487864e-15,17.52339266927084,25
0.45,7,144,1,1,1025,broad_xyz,21.99112410904393,False,0.8369526189675064,0.9059176213954199,0.8309366631415142,-0.8902406236104047,-0.5358091362484898,-0.10972797943478801,0.28617057629557413,0.15180997394907841,2.24633779487864e-15,17.52339266927084,25
0.5,7,144,1,1,1025,broad_xyz,21.99112410904393,False,0.8393564395922057,0.9171057216872887,0.8494585624758686,-0.9253981008790503,-0.5477125368726373,-0.18465099323023917,0.2886861493498216,0.1653126178590154,2.24633779487864e-15,17.52339266927084,25
0.55,7,144,1,1,1025,broad_xyz,21.99112410904393,False,0.7877174524328161,0.9143255411758249,0.8476020339946034,-0.9277776460164607,-0.5637973367835719,-0.25109983739021147,0.30749270572621057,0.1813282445754899,2.24633779487864e-15,17.52339266927084,25
0.6,7,144,1,1,1025,broad_xyz,21.99112410904393,False,0.7626365225276914,0.8747487539602374,0.8741625823659906,-0.9063844324966271,-0.7331066413798139,-0.3240010499464889,0.3027881590372424,0.19783248919080157,2.24633779487864e-15,17.52339266927084,25
0.6499999999999999,7,144,1,1,1025,broad_xyz,21.99112410904393,False,0.7556930150396245,0.8605900369380859,0.9134190640664619,-0.9097911843568341,-0.8600020186333357,-0.43083054029744117,0.30891027857567266,0.20461756113739776,2.24633779487864e-15,17.52339266927084,25
0.7,7,144,1,1,1025,broad_xyz,21.99112410904393,False,0.792320077618696,0.8735904666837991,0.9434957685585394,-0.9133735498985596,-0.9114972683489593,-0.4664972504223135,0.306019303048339,0.20457162731441958,2.24633779487864e-15,17.52339266927084,25
0.725,7,144,1,1,1025,broad_xyz,21.99112410904393,False,0.7884424914408197,0.8795506449118669,0.9494005357943399,-0.8966777529767614,-0.9264081764966076,-0.46573241084657185,0.3030602255756059,0.20330498854010026,2.24633779487864e-15,17.52339266927084,25
0.75,7,144,1,1,1025,broad_xyz,21.99112410904393,False,0.7800879609661331,0.8870306722015096,0.9499369528987528,-0.8565270344404696,-0.9356681181589548,-0.46640673495491447,0.3020652013210331,0.20168066147847707,2.24633779487864e-15,17.52339266927084,25
0.775,7,144,1,1,1025,broad_xyz,21.99112410904393,False,0.7823600332637697,0.8973479620875354,0.9480558947785614,-0.7660927793213426,-0.9366335855388469,-0.4695205088288333,0.3027468400504886,0.19998310321654184,2.24633779487864e-15,17.52339266927084,25
0.8,7,144,1,1,1025,broad_xyz,21.99112410904393,False,0.7974992385620695,0.9091065536275565,0.9461201251934357,-0.56798649637345,-0.9362387889674905,-0.47281697682495094,0.3006522058639631,0.1981334626507192,2.24633779487864e-15,17.52339266927084,25
0.825,7,144,1,1,1025,broad_xyz,21.99112410904393,False,0.8231733656130555,0.9190957715767375,0.9441020838707637,-0.27750814172808597,-0.9350845662218992,-0.47338113400860266,0.29357295358839053,0.195762765351189,2.24633779487864e-15,17.52339266927084,25
0.85,7,144,1,1,1025,broad_xyz,21.99112410904393,False,0.8378375242450554,0.9244871281463956,0.9411110977324738,-0.05147230655464944,-0.9319489576718637,-0.47131512702552697,0.28734804767970756,0.19284207847733753,2.24633779487864e-15,17.52339266927084,25
0.875,7,144,1,1,1025,broad_xyz,21.99112410904393,False,0.8358173689042755,0.9255727319252851,0.937891078824636,0.06046714434664885,-0.9172492140766978,-0.4700511258947892,0.28386891830780947,0.18974039792898972,2.24633779487864e-15,17.52339266927084,25
0.9,7,144,1,1,1025,broad_xyz,21.99112410904393,False,0.8331682936663292,0.9245047849794881,0.936608661861122,0.10241969881215249,-0.8745360464666326,-0.474924431439524,0.2842317396454658,0.18719227365274993,2.24633779487864e-15,17.52339266927084,25
0.95,7,144,1,1,1025,broad_xyz,21.99112410904393,False,0.8089221254452541,0.9143128712376473,0.9372569327135883,0.058879290035004174,-0.9110201957007674,-0.5034763882902752,0.2866035085913185,0.18654401696055356,2.24633779487864e-15,17.52339266927084,25
1.0,7,144,1,1,1025,broad_xyz,21.99112410904393,False,0.7687437251477215,0.8943404349591338,0.9394998063905634,-0.24640986011718563,-0.9125363963907689,-0.5307348262503849,0.278446339456296,0.1910651006181091,2.24633779487864e-15,17.52339266927084,25
0.05,7,144,1,1,1026,broad_xyz,21.99112410904393,False,-0.2490483737529855,0.13600487221265237,-0.5259445530466045,-0.49130432175677485,-0.3788249947763372,0.19542159706603474,0.0012203207991545381,9.257980917052993e-05,2.24633779487864e-15,17.52339266927084,26
0.075,7,144,1,1,1026,broad_xyz,21.99112410904393,False,-0.24847451331616696,0.1671455673481508,-0.5535548583364697,-0.5072210724940582,-0.38041327703072325,0.2325567841131263,0.0024754230667365816,0.00020951372651176837,2.24633779487864e-15,17.52339266927084,26
0.1,7,144,1,1,1026,broad_xyz,21.99112410904393,False,-0.17715578418105077,0.23450756241188303,-0.5702141634676484,-0.533947295250702,-0.38247747365327145,0.286792877738188,0.0036696627794505416,0.0004036837261094405,2.24633779487864e-15,17.52339266927084,26
0.125,7,144,1,1,1026,broad_xyz,21.99112410904393,False,-0.0438991628838596,0.31250823394417826,-0.568102428387334,-0.5716353240781619,-0.3816556907294057,0.3741258806351472,0.005170925376103497,0.0007767536471138682,2.24633779487864e-15,17.52339266927084,26
0.15,7,144,1,1,1026,broad_xyz,21.99112410904393,False,0.07264393343682914,0.39219917865107407,-0.5022899788229318,-0.5775231665897614,-0.35193227752469636,0.39782832412759916,0.008509576509657103,0.0016858274331803388,2.24633779487864e-15,17.52339266927084,26
0.1625,7,144,1,1,1026,broad_xyz,21.99112410904393,False,0.10395576023715661,0.4182134309046437,-0.43217685946585205,-0.5527819142000033,-0.32131829811565177,0.37318980608433183,0.014025533538288332,0.0027599176699181524,2.24633779487864e-15,17.52339266927084,26
0.175,7,144,1,1,1026,broad_xyz,21.99112410904393,False,0.15243646418920873,0.45109868829053945,-0.3516542216950016,-0.5202837798352715,-0.30746599568125954,0.3397574913355571,0.02081475827157394,0.00455447983149868,2.24633779487864e-15,17.52339266927084,26
0.1875,7,144,1,1,1026,broad_xyz,21.99112410904393,False,0.21848704502782787,0.4952610220578015,-0.25941771754144144,-0.4813241855517389,-0.3213239117933122,0.3276217848587013,0.0294316799948313,0.007360574782084739,2.24633779487864e-15,17.52339266927084,26
0.2,7,144,1,1,1026,broad_xyz,21.99112410904393,False,0.29811034132716935,0.5488206713167763,-0.13730331198483914,-0.4189825976563714,-0.3743478675297562,0.316951086303334,0.04111461472766688,0.011714214925009082,2.24633779487864e-15,17.52339266927084,26
0.2125,7,144,1,1,1026,broad_xyz,21.99112410904393,False,0.38245690836417906,0.6032594904844111,-0.0019747481139227845,-0.344125121520322,-0.472177118834491,0.295407208461134,0.053091349189367046,0.01774157325755919,2.24633779487864e-15,17.52339266927084,26
0.225,7,144,1,1,1026,broad_xyz,21.99112410904393,False,0.4425555801992332,0.6357231450079144,0.11085131750097173,-0.2882702696245146,-0.5647220021369697,0.26486327623171335,0.06831798036322428,0.02497365916709736,2.24633779487864e-15,17.52339266927084,26
0.2375,7,144,1,1,1026,broad_xyz,21.99112410904393,False,0.4821326839515599,0.6539972665467124,0.19098002593782487,-0.26354574114478335,-0.595220639996878,0.23158995584497358,0.0891380571419577,0.03280496847782141,2.24633779487864e-15,17.52339266927084,26
0.25,7,144,1,1,1026,broad_xyz,21.99112410904393,False,0.5074874326726022,0.6639341275338407,0.24928894234807408,-0.2606603034132315,-0.5571186529607566,0.1995050494759662,0.11332387143181973,0.040707381952947715,2.24633779487864e-15,17.52339266927084,26
0.27,7,144,1,1,1026,broad_xyz,21.99112410904393,False,0.49887901451216565,0.6435283043135407,0.35310979019594363,-0.24684577554681073,-0.46561093958181327,0.11043061464848909,0.1467882665808587,0.053615391881417805,2.24633779487864e-15,17.52339266927084,26
0.29,7,144,1,1,1026,broad_xyz,21.99112410904393,False,0.44542355696320046,0.6018884237434687,0.46382228156734756,-0.21372188237597384,-0.4294389405782257,-0.01145203837977662,0.17062859516464896,0.06590867367637648,2.24633779487864e-15,17.52339266927084,26
0.31,7,144,1,1,1026,broad_xyz,21.99112410904393,False,0.3890169195921622,0.5892560818614169,0.5369659959791777,-0.2010818618024602,-0.4022891944618108,-0.12920499970214153,0.18254474595110626,0.07590645392454522,2.24633779487864e-15,17.52339266927084,26
0.33,7,144,1,1,1026,broad_xyz,21.99112410904393,False,0.38666217903275973,0.6509225562668354,0.5248282936332482,-0.2720467509154172,-0.30722241114387316,-0.18369385020446116,0.18567293493524697,0.08186953223924036,2.24633779487864e-15,17.52339266927084,26
0.35,7,144,1,1,1026,broad_xyz,21.99112410904393,False,0.41836648040257807,0.7334530106824974,0.45038650980596884,-0.4121163306176287,-0.18086714258672504,-0.18222606630471416,0.18393567110210904,0.08418847428699622,2.24633779487864e-15,17.52339266927084,26
0.37,7,144,1,1,1026,broad_xyz,21.99112410904393,False,0.4412647002369367,0.783140774606639,0.3859213728175469,-0.5452325975451028,-0.1056426677562943,-0.17963281631976577,0.18589741746234137,0.08475474472675162,2.24633779487864e-15,17.52339266927084,26
0.39,7,144,1,1,1026,broad_xyz,21.99112410904393,False,0.44906525051606566,0.8051204045616904,0.35264096462191213,-0.6333276839090912,-0.06479891605666947,-0.2001749026645301,0.2035094200230863,0.08474851603359712,2.24633779487864e-15,17.52339266927084,26
0.41000000000000003,7,144,1,1,1026,broad_xyz,21.99112410904393,False,0.45012307078303876,0.8168121905914771,0.3439665283583792,-0.6758058733945193,-0.02957539746547927,-0.22916125066925275,0.2134019019422896,0.08448440017793654,2.24633779487864e-15,17.52339266927084,26
0.43,7,144,1,1,1026,broad_xyz,21.99112410904393,False,0.4492692704312544,0.8261642005240764,0.34340723422128394,-0.6939519559979861,0.011560694432510699,-0.2598595394221785,0.21733197443468946,0.08400738035873366,2.24633779487864e-15,17.52339266927084,26
0.45,7,144,1,1,1026,broad_xyz,21.99112410904393,False,0.4504265575456,0.8289445276558753,0.33733317608045493,-0.7011448408083538,0.04236069347486716,-0.27980853723255783,0.21675066031745388,0.08363916880028828,2.24633779487864e-15,17.52339266927084,26
0.5,7,144,1,1,1026,broad_xyz,21.99112410904393,False,0.4623626604890277,0.8031911986544527,0.29462845037366714,-0.7031162892166767,0.04355771206995791,-0.30975623790436047,0.20746025291934317,0.08568294348806865,2.24633779487864e-15,17.52339266927084,26
0.55,7,144,1,1,1026,broad_xyz,21.99112410904393,False,0.3618954770200677,0.6662152824086267,0.37521415368058214,-0.5002850037426677,-0.20359397347882735,-0.40152017785157784,0.1942855213758148,0.09837375927926521,2.24633779487864e-15,17.52339266927084,26
0.6,7,144,1,1,1026,broad_xyz,21.99112410904393,False,0.29281791456042966,0.5731503174705066,0.4336524274795041,-0.3894440392384849,-0.3749991617278404,-0.35691123568143096,0.198564443235722,0.106938959935815,2.24633779487864e-15,17.52339266927084,26
0.6499999999999999,7,144,1,1,1026,broad_xyz,21.99112410904393,False,0.425768941931905,0.6529962137413751,0.39517198545774923,-0.4714919107003835,-0.4532726709766056,-0.32702050770095004,0.21319256488817473,0.11011754806667359,2.24633779487864e-15,17.52339266927084,26
0.7,7,144,1,1,1026,broad_xyz,21.99112410904393,False,0.5882016893273084,0.7350192161501831,0.4388881162580768,-0.5227924979447949,-0.6433240916434413,-0.3656120874533624,0.21326648508376228,0.11310125326742589,2.24633779487864e-15,17.52339266927084,26
0.725,7,144,1,1,1026,broad_xyz,21.99112410904393,False,0.6136394248942287,0.7378412226514031,0.4904350502385934,-0.5337281278758736,-0.7190830751188368,-0.39483546676377695,0.2043520835208768,0.11445434944180698,2.24633779487864e-15,17.52339266927084,26
0.75,7,144,1,1,1026,broad_xyz,21.99112410904393,False,0.6064719400042877,0.7362737846795689,0.5384357986442848,-0.5390669024215012,-0.7592420588157918,-0.4176785507849757,0.21778536848933006,0.11488443529314954,2.24633779487864e-15,17.52339266927084,26
0.775,7,144,1,1,1026,broad_xyz,21.99112410904393,False,0.5741257119602167,0.7334064449448436,0.5699525731821733,-0.5396827028977269,-0.7622627756318836,-0.4243823278203803,0.22637479844168995,0.11390937308452014,2.24633779487864e-15,17.52339266927084,26
0.8,7,144,1,1,1026,broad_xyz,21.99112410904393,False,0.5269890622371192,0.7243665207406587,0.5850385803583705,-0.530826116035861,-0.7431030878491907,-0.41649586523172144,0.22725514761705132,0.11171266158276384,2.24633779487864e-15,17.52339266927084,26
0.825,7,144,1,1,1026,broad_xyz,21.99112410904393,False,0.4885928970890543,0.710959110167718,0.5949691772465157,-0.5003514383188941,-0.7153484408123003,-0.40455026157581203,0.22301680318323766,0.10908996421172054,2.24633779487864e-15,17.52339266927084,26
0.85,7,144,1,1,1026,broad_xyz,21.99112410904393,False,0.4695293173397914,0.7014629077384668,0.6123313432511012,-0.43794333994652324,-0.685479741334132,-0.4024555139719577,0.22107633024083376,0.10716666332471414,2.24633779487864e-15,17.52339266927084,26
0.875,7,144,1,1,1026,broad_xyz,21.99112410904393,False,0.46563295803765736,0.6993420555446934,0.6409767159427563,-0.34929468496963795,-0.6598406896426521,-0.41291350438315,0.22642056550179496,0.10668160258219644,2.24633779487864e-15,17.52339266927084,26
0.9,7,144,1,1,1026,broad_xyz,21.99112410904393,False,0.46874114920667664,0.6997565713727557,0.670611625975144,-0.26040290582006986,-0.6346259949493529,-0.428507401798563,0.2363748297649276,0.10789614251843438,2.24633779487864e-15,17.52339266927084,26
0.95,7,144,1,1,1026,broad_xyz,21.99112410904393,False,0.4796999842250514,0.6908481048074936,0.704759410180288,-0.14989406201078648,-0.6942588086662999,-0.4545450485352902,0.2457714781303531,0.1149660683007953,2.24633779487864e-15,17.52339266927084,26
1.0,7,144,1,1,1026,broad_xyz,21.99112410904393,False,0.5422732951756511,0.7041990136375549,0.7327592184371059,-0.18937958093166946,-0.7495856657715239,-0.4512572367686328,0.24089334818724187,0.12398839051994484,2.24633779487864e-15,17.52339266927084,26
0.05,7,144,1,1,1027,broad_xyz,21.99112410904393,False,0.44580911794727524,0.32030636131864754,-0.18847523026030777,-0.5339688844559429,-0.5228223714329172,0.2073967284776584,0.001393727233542552,0.00014614559453683017,2.24633779487864e-15,17.52339266927084,27
0.075,7,144,1,1,1027,broad_xyz,21.99112410904393,False,0.5056598968099559,0.3330702885439443,-0.12782302279428676,-0.5796799867431359,-0.6218262314732493,0.2813388826268729,0.003209675483060617,0.00039843359783422566,2.24633779487864e-15,17.52339266927084,27
0.1,7,144,1,1,1027,broad_xyz,21.99112410904393,False,0.5153973826325756,0.3620911942643207,-0.10531806551105027,-0.6501625340118677,-0.6973617407648717,0.39926305946990404,0.006599432405143932,0.0009866178342121852,2.24633779487864e-15,17.52339266927084,27
0.125,7,144,1,1,1027,broad_xyz,21.99112410904393,False,0.49464854595165,0.40006213087606574,-0.11634810338113181,-0.7327546951086198,-0.7641671900762498,0.5291924599086911,0.013588568103205023,0.0023806138554545555,2.24633779487864e-15,17.52339266927084,27
0.15,7,144,1,1,1027,broad_xyz,21.99112410904393,False,0.4698102268139246,0.4358756996761993,-0.10257236700241648,-0.7895425917294672,-0.8056008300559997,0.613015482506884,0.02409496602876187,0.00519286137286575,2.24633779487864e-15,17.52339266927084,27
0.1625,7,144,1,1,1027,broad_xyz,21.99112410904393,False,0.46660083658539014,0.462524451570761,-0.07219649515296898,-0.7962066197784959,-0.7914636024307428,0.6326506810278559,0.030466057317848953,0.007386273723015188,2.24633779487864e-15,17.52339266927084,27
0.175,7,144,1,1,1027,broad_xyz,21.99112410904393,False,0.4763585109341001,0.503652623819311,-0.025466942530672276,-0.7852122926969893,-0.7469680386907425,0.639488594255615,0.037674042984304545,0.0103712842843952,2.24633779487864e-15,17.52339266927084,27
0.1875,7,144,1,1,1027,broad_xyz,21.99112410904393,False,0.5007565883299946,0.5635800602228044,0.0354981435527871,-0.7575407688658223,-0.6823632392781979,0.6291606117810602,0.04760155539759976,0.014476868205550834,2.24633779487864e-15,17.52339266927084,27
0.2,7,144,1,1,1027,broad_xyz,21.99112410904393,False,0.5365469018235615,0.6280961080498194,0.10387237239608024,-0.725286268416898,-0.6171742586386835,0.6107129388152053,0.0601099183456388,0.019990000212781873,2.24633779487864e-15,17.52339266927084,27
0.2125,7,144,1,1,1027,broad_xyz,21.99112410904393,False,0.5747283781523319,0.6884643113607575,0.17371542818502264,-0.6954787053848087,-0.5665351437484506,0.5842976589176364,0.07364315877653292,0.027030691087501453,2.24633779487864e-15,17.52339266927084,27
0.225,7,144,1,1,1027,broad_xyz,21.99112410904393,False,0.6104556523719945,0.7389904603982337,0.24091688985197166,-0.6747123238262925,-0.5428900623499866,0.5505373073644719,0.08737951399300395,0.035818838987046284,2.24633779487864e-15,17.52339266927084,27
0.2375,7,144,1,1,1027,broad_xyz,21.99112410904393,False,0.6417979110481774,0.776898934577822,0.30496819652944407,-0.6664133462102559,-0.5314737840237035,0.5168393354604717,0.10062508532672113,0.0460139082279178,2.24633779487864e-15,17.52339266927084,27
0.25,7,144,1,1,1027,broad_xyz,21.99112410904393,False,0.6644793888844525,0.8011781944949476,0.3643631444162203,-0.6744647538259921,-0.5304691442902798,0.4820883125719153,0.11292375913749471,0.05704089438880677,2.24633779487864e-15,17.52339266927084,27
0.27,7,144,1,1,1027,broad_xyz,21.99112410904393,False,0.6915723012876365,0.81898088985707,0.4634646363716273,-0.714157265078136,-0.5147273923854939,0.42758342366053836,0.1302308450089101,0.07498022758163174,2.24633779487864e-15,17.52339266927084,27
0.29,7,144,1,1,1027,broad_xyz,21.99112410904393,False,0.7278274392020023,0.8371058000311362,0.5806657766532435,-0.7701711694467512,-0.4680877998522197,0.379358870054327,0.14506892298275514,0.09057919166821551,2.24633779487864e-15,17.52339266927084,27
0.31,7,144,1,1,1027,broad_xyz,21.99112410904393,False,0.7660751558502942,0.8604871403286158,0.7054645320265377,-0.8307606426191112,-0.4175382466482427,0.34355249334962246,0.160521710307428,0.1019541353985889,2.24633779487864e-15,17.52339266927084,27
0.33,7,144,1,1,1027,broad_xyz,21.99112410904393,False,0.7856984334663512,0.8779605523846605,0.8092783460427326,-0.8872616769097305,-0.4048302603476484,0.3273199462872188,0.17835796791303124,0.10820172079843488,2.24633779487864e-15,17.52339266927084,27
0.35,7,144,1,1,1027,broad_xyz,21.99112410904393,False,0.780244506482746,0.8816402978012126,0.88083206658362,-0.9247485152221434,-0.4384476558794676,0.32009824269578024,0.19495963930102195,0.11096719346746353,2.24633779487864e-15,17.52339266927084,27
0.37,7,144,1,1,1027,broad_xyz,21.99112410904393,False,0.7613437284248298,0.8747600935322186,0.9192620544022891,-0.9365985499058186,-0.5012071570924959,0.3157344330712532,0.20378314830379612,0.11223427430589321,2.24633779487864e-15,17.52339266927084,27
0.39,7,144,1,1,1027,broad_xyz,21.99112410904393,False,0.7444181584783646,0.8670921884095568,0.9314516579155838,-0.9346251311872162,-0.5687294545893194,0.3133145519625846,0.20634599061997264,0.11253061154951949,2.24633779487864e-15,17.52339266927084,27
0.41000000000000003,7,144,1,1,1027,broad_xyz,21.99112410904393,False,0.7361753395315423,0.8611233202325557,0.9275450656217946,-0.9267452314515009,-0.628893676356823,0.3103863679025572,0.2085123100572998,0.11247906914786301,2.24633779487864e-15,17.52339266927084,27
0.43,7,144,1,1,1027,broad_xyz,21.99112410904393,False,0.7377392795971707,0.8579742870546707,0.9176076615148316,-0.9185314357245916,-0.6642100770124514,0.30540791035623627,0.2129156014031591,0.11264664404179718,2.24633779487864e-15,17.52339266927084,27
0.45,7,144,1,1,1027,broad_xyz,21.99112410904393,False,0.7436615593671798,0.8578873055746583,0.9071811414721769,-0.9168901550035309,-0.6669413337590945,0.29962303415920816,0.21844217096043067,0.11380467644923258,2.24633779487864e-15,17.52339266927084,27
0.5,7,144,1,1,1027,broad_xyz,21.99112410904393,False,0.7542277121084007,0.8676948538584583,0.8922655165259541,-0.9453429167570657,-0.5878831274037211,0.2744272743111599,0.23631195001703437,0.12565701218870473,2.24633779487864e-15,17.52339266927084,27
0.55,7,144,1,1,1027,broad_xyz,21.99112410904393,False,0.7811248888074273,0.8442548704172279,0.900357074913687,-0.9284667651551416,-0.6055945564514272,0.14204423813365563,0.24539789286406774,0.14743958778001956,2.24633779487864e-15,17.52339266927084,27
0.6,7,144,1,1,1027,broad_xyz,21.99112410904393,False,0.7627803246388067,0.7738533084456118,0.9101636665183261,-0.8970794479594726,-0.7395303733173736,-0.0905115772129975,0.24474736867775623,0.15924402961275183,2.24633779487864e-15,17.52339266927084,27
0.6499999999999999,7,144,1,1,1027,broad_xyz,21.99112410904393,False,0.734999242876188,0.800158841504855,0.9308007032149422,-0.885870084697171,-0.8792397863809244,-0.26507680161849495,0.23775346325630126,0.15759440735367078,2.24633779487864e-15,17.52339266927084,27
0.7,7,144,1,1,1027,broad_xyz,21.99112410904393,False,0.7200408371985685,0.8150498129378899,0.9216755598178434,-0.8728910357080643,-0.9285367209989612,-0.3546426675738279,0.23417459266223895,0.1536261009239902,2.24633779487864e-15,17.52339266927084,27
0.725,7,144,1,1,1027,broad_xyz,21.99112410904393,False,0.7095663907381885,0.8108975039693088,0.9094640442325763,-0.8368734993129414,-0.9204357133620235,-0.37839958360451037,0.23864915440867848,0.15200942767165726,2.24633779487864e-15,17.52339266927084,27
0.75,7,144,1,1,1027,broad_xyz,21.99112410904393,False,0.6992512145959238,0.8064753200835372,0.8959736371576718,-0.75593340101084,-0.9086223772559492,-0.3896230433102091,0.2461158999814616,0.15061074296182675,2.24633779487864e-15,17.52339266927084,27
0.775,7,144,1,1,1027,broad_xyz,21.99112410904393,False,0.6827722255147624,0.8037131109993565,0.883619160684103,-0.6014438019649679,-0.9004458936628376,-0.3946491790114996,0.25304772380347407,0.14940748394776643,2.24633779487864e-15,17.52339266927084,27
0.8,7,144,1,1,1027,broad_xyz,21.99112410904393,False,0.6536229332251682,0.8010510406069847,0.8712476224651242,-0.3844818763286007,-0.8943281774685602,-0.4020893218218664,0.25421648950597314,0.14844910871409572,2.24633779487864e-15,17.52339266927084,27
0.825,7,144,1,1,1027,broad_xyz,21.99112410904393,False,0.6138539066059381,0.796939949457314,0.8601533141454413,-0.18579275761504097,-0.8916654215636486,-0.4140808924736422,0.2489886689917197,0.1474478681028667,2.24633779487864e-15,17.52339266927084,27
0.85,7,144,1,1,1027,broad_xyz,21.99112410904393,False,0.5789662663712984,0.7947704324048391,0.8553761739123359,-0.06467525567387894,-0.8946557675773378,-0.4212098281049299,0.2544433387792686,0.14624449283172947,2.24633779487864e-15,17.52339266927084,27
0.875,7,144,1,1,1027,broad_xyz,21.99112410904393,False,0.5619414908018252,0.7944897895213333,0.8559813769690481,-0.0208067938095631,-0.8845361758409275,-0.42148282607321663,0.26415317468745936,0.14555905394987884,2.24633779487864e-15,17.52339266927084,27
0.9,7,144,1,1,1027,broad_xyz,21.99112410904393,False,0.5611629253972995,0.7947717214154973,0.8614897067898889,-0.030676585528515016,-0.8503944450522727,-0.4144151443363255,0.27194715733764213,0.14582605336401872,2.24633779487864e-15,17.52339266927084,27
0.95,7,144,1,1,1027,broad_xyz,21.99112410904393,False,0.5553665278880553,0.7854702004370486,0.8860248841333551,-0.2699045559112561,-0.8814886735162281,-0.3818595634147492,0.2662449155728986,0.14824152077627564,2.24633779487864e-15,17.52339266927084,27
1.0,7,144,1,1,1027,broad_xyz,21.99112410904393,False,0.5076825620841331,0.7667769959302443,0.9133824451560981,-0.7500730983774799,-0.9021267060067675,-0.3456563701962157,0.26496005706719117,0.1517275035446114,2.24633779487864e-15,17.52339266927084,27
0.05,7,144,1,1,1028,broad_xyz,21.99112410904393,False,-0.16942453701738713,0.3769114405232255,-0.2646238567582252,-0.3467935916831417,-0.16272496610184017,0.04663590234797275,0.0034545735859234554,0.0008769014058770871,2.24633779487864e-15,17.52339266927084,28
0.075,7,144,1,1,1028,broad_xyz,21.99112410904393,False,-0.11306993369029562,0.3840407622324266,-0.240472951215158,-0.3624019653123917,-0.15651485280875072,0.03631022839008429,0.008432240677494342,0.0022869387212360102,2.24633779487864e-15,17.52339266927084,28
0.1,7,144,1,1,1028,broad_xyz,21.99112410904393,False,-0.002661725351608797,0.40862242364341944,-0.18589612225056362,-0.36266838828495696,-0.15237963034006657,0.008229019145572544,0.016573382531920096,0.004859115055321138,2.24633779487864e-15,17.52339266927084,28
0.125,7,144,1,1,1028,broad_xyz,21.99112410904393,False,0.14734118840916816,0.45931325359705594,-0.09178530955808614,-0.33866299974434927,-0.1595339610089185,-0.041266428989103626,0.029286826357232315,0.009358236710148148,2.24633779487864e-15,17.52339266927084,28
0.15,7,144,1,1,1028,broad_xyz,21.99112410904393,False,0.31284521668512244,0.5426214891126571,0.04204680117154374,-0.2836877780481151,-0.22109928648707006,-0.10209243498425694,0.04696556437905043,0.01692213085763632,2.24633779487864e-15,17.52339266927084,28
0.1625,7,144,1,1,1028,broad_xyz,21.99112410904393,False,0.3954179186362977,0.5926770053128637,0.12298615822947201,-0.24414835587496714,-0.26992339600226295,-0.1377052250584415,0.057547900318120807,0.02229207202424369,2.24633779487864e-15,17.52339266927084,28
0.175,7,144,1,1,1028,broad_xyz,21.99112410904393,False,0.47617202126738484,0.6466902263451667,0.21204746895150875,-0.1980473591434291,-0.2954858080145726,-0.17768422337069217,0.06956724161840803,0.029019854165688776,2.24633779487864e-15,17.52339266927084,28
0.1875,7,144,1,1,1028,broad_xyz,21.99112410904393,False,0.5493832427166601,0.697305507831505,0.29987106639701794,-0.15346328448434832,-0.30638055313257856,-0.21355230635021968,0.08531695347682357,0.03719681556483002,2.24633779487864e-15,17.52339266927084,28
0.2,7,144,1,1,1028,broad_xyz,21.99112410904393,False,0.6107586820200478,0.7385063903381583,0.3790301727803604,-0.12011755734322849,-0.3197667782464281,-0.23329440357227885,0.10184246579232412,0.046879656609678175,2.24633779487864e-15,17.52339266927084,28
0.2125,7,144,1,1,1028,broad_xyz,21.99112410904393,False,0.6583421502368639,0.7689982485378206,0.4448454049344024,-0.10686520569035961,-0.3374273849422734,-0.22586850220681146,0.1189350380348528,0.05768558223443448,2.24633779487864e-15,17.52339266927084,28
0.225,7,144,1,1,1028,broad_xyz,21.99112410904393,False,0.6942398568073275,0.7922735758826668,0.5007115505313083,-0.11584255116122695,-0.35265736716894147,-0.18791398471071583,0.13555303516006298,0.06916656326386611,2.24633779487864e-15,17.52339266927084,28
0.2375,7,144,1,1,1028,broad_xyz,21.99112410904393,False,0.7226094777250478,0.8101898937316971,0.552957916961719,-0.14434482642606164,-0.3729034651020988,-0.12160445777062304,0.1520758007137503,0.08114691295532601,2.24633779487864e-15,17.52339266927084,28
0.25,7,144,1,1,1028,broad_xyz,21.99112410904393,False,0.7509361188042083,0.8249642371342544,0.6092335375609355,-0.18555676744990215,-0.4055639374894653,-0.023359695091409928,0.16909748644008066,0.09368396664373363,2.24633779487864e-15,17.52339266927084,28
0.27,7,144,1,1,1028,broad_xyz,21.99112410904393,False,0.8015403920179376,0.8479658967882886,0.7081110761217319,-0.26321183641154755,-0.4866835780550717,0.16806337532785684,0.19367185338355336,0.1143763795613208,2.24633779487864e-15,17.52339266927084,28
0.29,7,144,1,1,1028,broad_xyz,21.99112410904393,False,0.8447794914158102,0.8641354963567834,0.7929000947982554,-0.34978433431539,-0.5718244956105253,0.32744921037460795,0.21345469095403122,0.13428302116584678,2.24633779487864e-15,17.52339266927084,28
0.31,7,144,1,1,1028,broad_xyz,21.99112410904393,False,0.8715206039059598,0.8783708353119583,0.8326667081338311,-0.46317291248543757,-0.6115533634005949,0.40880153499973365,0.2286967068142884,0.15083692249859618,2.24633779487864e-15,17.52339266927084,28
0.33,7,144,1,1,1028,broad_xyz,21.99112410904393,False,0.8873214776201596,0.8986887887280635,0.8365644405783365,-0.5888717644089841,-0.5994309361849579,0.4320813552958278,0.2518036550262146,0.16230854965122585,2.24633779487864e-15,17.52339266927084,28
0.35,7,144,1,1,1028,broad_xyz,21.99112410904393,False,0.8945180857951454,0.9183235016914226,0.8338565015505242,-0.6852852236560274,-0.5579029340622844,0.42674828611874177,0.26633425556030904,0.16869002919296772,2.24633779487864e-15,17.52339266927084,28
0.37,7,144,1,1,1028,broad_xyz,21.99112410904393,False,0.8904271170765533,0.9273192002923034,0.8425020854270804,-0.7355431626855609,-0.5184382262412783,0.40903548263366385,0.27167568866212344,0.1712252177054175,2.24633779487864e-15,17.52339266927084,28
0.39,7,144,1,1,1028,broad_xyz,21.99112410904393,False,0.8728601169607043,0.9250350983896263,0.8613680425974468,-0.7510865154643807,-0.4959375029194657,0.3909094456341809,0.27466649189315845,0.17144613621988627,2.24633779487864e-15,17.52339266927084,28
0.41000000000000003,7,144,1,1,1028,broad_xyz,21.99112410904393,False,0.8414476999462958,0.911957979816106,0.880444018043925,-0.7490212677249624,-0.5019350884128472,0.3779082895518591,0.27394586788874176,0.17081566729809836,2.24633779487864e-15,17.52339266927084,28
0.43,7,144,1,1,1028,broad_xyz,21.99112410904393,False,0.7978263894250889,0.8908097039781226,0.8895243290879064,-0.7438678290630779,-0.5344106700885272,0.3658519245512393,0.27260688122388943,0.17036693518812865,2.24633779487864e-15,17.52339266927084,28
0.45,7,144,1,1,1028,broad_xyz,21.99112410904393,False,0.750880541512349,0.8671824968501401,0.8858603368126788,-0.745068930068275,-0.5496009276711225,0.3417742910634799,0.2741400804586479,0.17069821479411662,2.24633779487864e-15,17.52339266927084,28
0.5,7,144,1,1,1028,broad_xyz,21.99112410904393,False,0.7148812032192056,0.8403890662392945,0.847487343978701,-0.7976038284317228,-0.5193112022050874,0.13629411820807336,0.27788290414092504,0.17784846428610518,2.24633779487864e-15,17.52339266927084,28
0.55,7,144,1,1,1028,broad_xyz,21.99112410904393,False,0.7480969658485843,0.8380253881237609,0.821977102420292,-0.8426310317645292,-0.6294854398387906,-0.04452620712416028,0.28668026176769795,0.19405318562943463,2.24633779487864e-15,17.52339266927084,28
0.6,7,144,1,1,1028,broad_xyz,21.99112410904393,False,0.7399815821472805,0.8019285170767333,0.8431363286234602,-0.8144013285915971,-0.751857150705341,-0.3456414909004579,0.2864023094615057,0.20429813520607784,2.24633779487864e-15,17.52339266927084,28
0.6499999999999999,7,144,1,1,1028,broad_xyz,21.99112410904393,False,0.7168427301998663,0.7943949773142353,0.8163475764431445,-0.8176742342825725,-0.756183569673104,-0.504956474278877,0.27172116972381566,0.20118893098183085,2.24633779487864e-15,17.52339266927084,28
0.7,7,144,1,1,1028,broad_xyz,21.99112410904393,False,0.6903272342902494,0.8092202750043109,0.8204087172955157,-0.8073573783906295,-0.7909477666782571,-0.5814788838731265,0.2666021986179482,0.19355209809829255,2.24633779487864e-15,17.52339266927084,28
0.725,7,144,1,1,1028,broad_xyz,21.99112410904393,False,0.677219175730859,0.8205678370703176,0.844875119612339,-0.7875442969754737,-0.8193528725126538,-0.5969159413059802,0.2645733038607988,0.1897362694828723,2.24633779487864e-15,17.52339266927084,28
0.75,7,144,1,1,1028,broad_xyz,21.99112410904393,False,0.6594693592407617,0.8315087983532158,0.8732766471669998,-0.7501666286620782,-0.8448140845513779,-0.6071968801187622,0.26127192659817855,0.18542195394962266,2.24633779487864e-15,17.52339266927084,28
0.775,7,144,1,1,1028,broad_xyz,21.99112410904393,False,0.638594930810747,0.8402617673372259,0.9007050367529449,-0.6743384001038831,-0.8675588434211997,-0.6149420315911828,0.25063658730835403,0.18059428718584192,2.24633779487864e-15,17.52339266927084,28
0.8,7,144,1,1,1028,broad_xyz,21.99112410904393,False,0.6208296521561274,0.8452891595181425,0.9235290106926157,-0.4962899631287041,-0.8852740612093866,-0.6160368077414988,0.253553474254293,0.17605788939227623,2.24633779487864e-15,17.52339266927084,28
0.825,7,144,1,1,1028,broad_xyz,21.99112410904393,False,0.6110292869284597,0.8465203410878562,0.9363508499471628,-0.16134523259826497,-0.8966292624080117,-0.6030643665878617,0.2603790089113923,0.17282119882416666,2.24633779487864e-15,17.52339266927084,28
0.85,7,144,1,1,1028,broad_xyz,21.99112410904393,False,0.6098493598833855,0.8457990132302527,0.9357452155105491,0.050525480517845986,-0.8971582154996417,-0.580347695004159,0.2646134263958465,0.17115704711941573,2.24633779487864e-15,17.52339266927084,28
0.875,7,144,1,1,1028,broad_xyz,21.99112410904393,False,0.6110075334863814,0.8442435900069124,0.9279189548699688,0.07911567493113415,-0.8770809495019001,-0.5665056212311075,0.26426197270419366,0.17046021121899935,2.24633779487864e-15,17.52339266927084,28
0.9,7,144,1,1,1028,broad_xyz,21.99112410904393,False,0.6086091718530462,0.8420511514211467,0.9220767695536021,0.033112468564242874,-0.831842925031862,-0.5611254671177791,0.2662544324519491,0.1706227047982092,2.24633779487864e-15,17.52339266927084,28
0.95,7,144,1,1,1028,broad_xyz,21.99112410904393,False,0.5798455154512769,0.8178635949623596,0.9193074020879551,-0.24030213189088973,-0.8869910206795301,-0.5454595960612287,0.26456586043719843,0.17481766756468586,2.24633779487864e-15,17.52339266927084,28
1.0,7,144,1,1,1028,broad_xyz,21.99112410904393,False,0.5355201221128715,0.7505535679759772,0.9075539579242243,-0.6934475887535788,-0.882802940850348,-0.5489670762599566,0.27865994461061605,0.18151419457172813,2.24633779487864e-15,17.52339266927084,28
0.05,7,144,1,1,1029,broad_xyz,21.99112410904393,False,-0.10131999030551189,0.2874497344455061,-0.3270688947659856,-0.34304497424151364,-0.27308827900076577,0.21366176578578927,0.0017792832282604698,0.00013696454504337813,2.24633779487864e-15,17.52339266927084,29
0.075,7,144,1,1,1029,broad_xyz,21.99112410904393,False,0.07657729417294523,0.2748985890673437,-0.29358837440023333,-0.32101324223411065,-0.23089345498743993,0.20402017861599478,0.003428375601376964,0.00025287156154589165,2.24633779487864e-15,17.52339266927084,29
0.1,7,144,1,1,1029,broad_xyz,21.99112410904393,False,0.224144479907008,0.2732665498099217,-0.24901089583023203,-0.30374226894562195,-0.1917336196237461,0.169725845012173,0.005131670410618727,0.0003875031838639289,2.24633779487864e-15,17.52339266927084,29
0.125,7,144,1,1,1029,broad_xyz,21.99112410904393,False,0.2852201388737718,0.3024760882786596,-0.19978495310493408,-0.3062666693761254,-0.12482388997112762,0.09861039817081033,0.006975827088172698,0.0006426267992412299,2.24633779487864e-15,17.52339266927084,29
0.15,7,144,1,1,1029,broad_xyz,21.99112410904393,False,0.2684425838366419,0.43954571766201467,-0.09083341824721772,-0.29030556642245986,-0.11564715631544797,-0.1137779381104499,0.009010205448892195,0.0016999911763523577,2.24633779487864e-15,17.52339266927084,29
0.1625,7,144,1,1,1029,broad_xyz,21.99112410904393,False,0.2926576481753998,0.5161462165916272,-0.006192884537636323,-0.25919533263397837,-0.17692007370477275,-0.22370788407414383,0.014493967028702998,0.0031031715333339617,2.24633779487864e-15,17.52339266927084,29
0.175,7,144,1,1,1029,broad_xyz,21.99112410904393,False,0.362157408687782,0.5854914206402566,0.0708432920229599,-0.24855738341789926,-0.2129957685996937,-0.294159672964574,0.021749657600352867,0.005595974915290783,2.24633779487864e-15,17.52339266927084,29
0.1875,7,144,1,1,1029,broad_xyz,21.99112410904393,False,0.43057634154261915,0.628733094219799,0.1160799181308311,-0.2768553153820272,-0.2325293095849279,-0.3301750122273811,0.03191261536373684,0.010090221618465227,2.24633779487864e-15,17.52339266927084,29
0.2,7,144,1,1,1029,broad_xyz,21.99112410904393,False,0.4740753323730645,0.654080321700171,0.12654111508631105,-0.3418811445798731,-0.2475003699450877,-0.3329059124746666,0.04582429869532414,0.01671517557193909,2.24633779487864e-15,17.52339266927084,29
0.2125,7,144,1,1,1029,broad_xyz,21.99112410904393,False,0.5067494519148502,0.6741660261292729,0.12046111136469222,-0.4229615481060956,-0.24504736147613365,-0.3162810974503185,0.06087894475061066,0.025229111637942246,2.24633779487864e-15,17.52339266927084,29
0.225,7,144,1,1,1029,broad_xyz,21.99112410904393,False,0.5426452679827743,0.697905986939381,0.12894788534549834,-0.4921580310604583,-0.23998287033631904,-0.27923045021662696,0.07519561828166235,0.03535666259087819,2.24633779487864e-15,17.52339266927084,29
0.2375,7,144,1,1,1029,broad_xyz,21.99112410904393,False,0.5825282245200946,0.7256916982921012,0.16035955963787324,-0.5416840736591598,-0.23396948974048926,-0.22765242849438425,0.08983384814926422,0.04698714488678954,2.24633779487864e-15,17.52339266927084,29
0.25,7,144,1,1,1029,broad_xyz,21.99112410904393,False,0.6185399096180537,0.7510525274267474,0.21560235401381536,-0.5716660211686637,-0.2426185012930558,-0.175553464113848,0.10833549378115678,0.0598440779017732,2.24633779487864e-15,17.52339266927084,29
0.27,7,144,1,1,1029,broad_xyz,21.99112410904393,False,0.6533639892747058,0.7677919638850385,0.3278893479315785,-0.5883976885867799,-0.27993967387021534,-0.10426386910591583,0.13929926672746148,0.08155844344242409,2.24633779487864e-15,17.52339266927084,29
0.29,7,144,1,1,1029,broad_xyz,21.99112410904393,False,0.6816563867255365,0.7748642240188996,0.44306564592132464,-0.5809798665858004,-0.31241750958915365,-0.043611760382839405,0.1692301390976065,0.10140714228171321,2.24633779487864e-15,17.52339266927084,29
0.31,7,144,1,1,1029,broad_xyz,21.99112410904393,False,0.7419382862191674,0.81333020295724,0.5408595915775548,-0.6090953289151569,-0.26281218302205817,0.02261923667033634,0.1910119357042655,0.11551264894467132,2.24633779487864e-15,17.52339266927084,29
0.33,7,144,1,1,1029,broad_xyz,21.99112410904393,False,0.8180522426891784,0.8709399648582112,0.630772070769421,-0.6814145664569504,-0.1838059046432015,0.08662648229601469,0.20563598295357766,0.12274232637690684,2.24633779487864e-15,17.52339266927084,29
0.35,7,144,1,1,1029,broad_xyz,21.99112410904393,False,0.8669501445803698,0.9114029774359328,0.7205178798618532,-0.748906691662247,-0.1925839894495381,0.11081682863622266,0.2163524440983875,0.12473141500050157,2.24633779487864e-15,17.52339266927084,29
0.37,7,144,1,1,1029,broad_xyz,21.99112410904393,False,0.8755630450458688,0.9268372813609046,0.790566800833285,-0.797988994909772,-0.2886286160372161,0.09792239730464425,0.22013483187574207,0.123883275809473,2.24633779487864e-15,17.52339266927084,29
0.39,7,144,1,1,1029,broad_xyz,21.99112410904393,False,0.8530258769638379,0.9241371357439115,0.8384066487774129,-0.8157652546042338,-0.4297829176093851,0.04653936346924092,0.21918356342565448,0.12210829612913152,2.24633779487864e-15,17.52339266927084,29
0.41000000000000003,7,144,1,1,1029,broad_xyz,21.99112410904393,False,0.8191106994991298,0.9130053218830119,0.8646349376070811,-0.809188166444674,-0.5672093043331851,-0.03319714406782287,0.22063227456064122,0.12066598528405173,2.24633779487864e-15,17.52339266927084,29
0.43,7,144,1,1,1029,broad_xyz,21.99112410904393,False,0.7941295138314737,0.9024548683640221,0.8731337634102373,-0.7931367727825245,-0.6676272831290047,-0.12026856518440707,0.21905427088414528,0.12017818670874074,2.24633779487864e-15,17.52339266927084,29
0.45,7,144,1,1,1029,broad_xyz,21.99112410904393,False,0.790933266950842,0.8990523039068082,0.8724335371129629,-0.7818322784632328,-0.7215402222250483,-0.20093307014351725,0.22308838304022824,0.12108472590187697,2.24633779487864e-15,17.52339266927084,29
0.5,7,144,1,1,1029,broad_xyz,21.99112410904393,False,0.8721372239355286,0.9245109951605305,0.875049396766837,-0.8295943334418671,-0.6865340143299786,-0.37499047927217605,0.23524243322817825,0.1361460364241985,2.24633779487864e-15,17.52339266927084,29
0.55,7,144,1,1,1029,broad_xyz,21.99112410904393,False,0.818783439321584,0.8729431528618478,0.8301667135892074,-0.8595652967735471,-0.6647417251604669,-0.4212096006897162,0.24844600743725223,0.1653981031820337,2.24633779487864e-15,17.52339266927084,29
0.6,7,144,1,1,1029,broad_xyz,21.99112410904393,False,0.7293410595699835,0.8276047700059894,0.8036748285206275,-0.8232102426351872,-0.741512733921284,-0.4655885378933784,0.2663507806667452,0.18509045110855774,2.24633779487864e-15,17.52339266927084,29
0.6499999999999999,7,144,1,1,1029,broad_xyz,21.99112410904393,False,0.7826622641183459,0.8721778464114402,0.7966322943960529,-0.8176001632919407,-0.82974678888897,-0.5706431902745692,0.2665078689081593,0.18833736136371032,2.24633779487864e-15,17.52339266927084,29
0.7,7,144,1,1,1029,broad_xyz,21.99112410904393,False,0.8276037003833979,0.9171424504010035,0.8319363062888913,-0.7876093748048087,-0.9203060826681205,-0.6241652315217717,0.2603605185550716,0.18427205641554328,2.24633779487864e-15,17.52339266927084,29
0.725,7,144,1,1,1029,broad_xyz,21.99112410904393,False,0.8006268125352627,0.9261871386943389,0.8588482668781571,-0.7447691073088759,-0.937991729923829,-0.6228834254823025,0.271355262139578,0.18074402868707148,2.24633779487864e-15,17.52339266927084,29
0.75,7,144,1,1,1029,broad_xyz,21.99112410904393,False,0.749116338130865,0.9234100483419184,0.876955895299645,-0.6743623678597854,-0.940550178378816,-0.6147713103134465,0.2740067246243732,0.17649065140232245,2.24633779487864e-15,17.52339266927084,29
0.775,7,144,1,1,1029,broad_xyz,21.99112410904393,False,0.6988717508111472,0.9135562126263052,0.8850817088376612,-0.5626491681845008,-0.9342077619098783,-0.6040239162035174,0.27308854072071564,0.17233934798481687,2.24633779487864e-15,17.52339266927084,29
0.8,7,144,1,1,1029,broad_xyz,21.99112410904393,False,0.6706787151850857,0.9036887702403374,0.888761693130683,-0.3911096193947936,-0.9276527080524585,-0.5847170209060013,0.27693043294631575,0.16909146533962238,2.24633779487864e-15,17.52339266927084,29
0.825,7,144,1,1,1029,broad_xyz,21.99112410904393,False,0.6676640832516938,0.9008588515803063,0.8938924066133241,-0.19087053418692582,-0.9208908387233136,-0.5547968993128556,0.27913828795768303,0.16702052084679211,2.24633779487864e-15,17.52339266927084,29
0.85,7,144,1,1,1029,broad_xyz,21.99112410904393,False,0.682164232809501,0.906857708249044,0.9006355433279735,-0.059775258066185236,-0.9121460776366717,-0.5323923567314924,0.2781671719653884,0.16552960104473563,2.24633779487864e-15,17.52339266927084,29
0.875,7,144,1,1,1029,broad_xyz,21.99112410904393,False,0.7044974072840202,0.9160718362549896,0.9054568090494013,-0.04042106866782547,-0.8954622687088487,-0.5268629060044755,0.2730399434248082,0.16441654021700153,2.24633779487864e-15,17.52339266927084,29
0.9,7,144,1,1,1029,broad_xyz,21.99112410904393,False,0.732172545657525,0.9219849203171473,0.9063836792306574,-0.10157802097355367,-0.8546323015640828,-0.5304807192026164,0.2694522178357386,0.1644737981786283,2.24633779487864e-15,17.52339266927084,29
0.95,7,144,1,1,1029,broad_xyz,21.99112410904393,False,0.804701480880535,0.9202120500012803,0.9084835337683218,-0.39430449218824476,-0.8941628839062542,-0.5290129595852873,0.2722751985958444,0.16865454484450942,2.24633779487864e-15,17.52339266927084,29
1.0,7,144,1,1,1029,broad_xyz,21.99112410904393,False,0.8413617940774307,0.9134275041153955,0.9061450855012672,-0.7618939402666447,-0.9261137764494026,-0.5403875259662184,0.2684264474374257,0.17433302183292637,2.24633779487864e-15,17.52339266927084,29
0.05,7,144,1,1,1030,broad_xyz,21.99112410904393,False,0.1582252671568029,0.5874726650226917,-0.10455878864051839,-0.3366334408152312,-0.25869554843174725,-0.37492726502893603,0.0025447038140782195,0.0006096394179783497,2.24633779487864e-15,17.52339266927084,30
0.075,7,144,1,1,1030,broad_xyz,21.99112410904393,False,0.20962587521336074,0.6206325787411119,-0.08045108903674969,-0.36739701714603235,-0.3243334651228547,-0.38110586445362876,0.006466106090663432,0.0016970068857390197,2.24633779487864e-15,17.52339266927084,30
0.1,7,144,1,1,1030,broad_xyz,21.99112410904393,False,0.28730925812658725,0.6607545219944698,-0.04158201754945107,-0.38488692678522785,-0.4532278444952612,-0.37088183932001484,0.013347848878907947,0.003835409936002104,2.24633779487864e-15,17.52339266927084,30
0.125,7,144,1,1,1030,broad_xyz,21.99112410904393,False,0.3910890774159917,0.7058414590070662,0.009636891010975961,-0.38931824426908523,-0.6313023188456126,-0.3505220587523843,0.02395668243578803,0.007774187685216221,2.24633779487864e-15,17.52339266927084,30
0.15,7,144,1,1,1030,broad_xyz,21.99112410904393,False,0.508309436446795,0.7451606010945904,0.045095133574193744,-0.4103617172945347,-0.8143482477673023,-0.35154159773509336,0.038234611791625205,0.014671544553801085,2.24633779487864e-15,17.52339266927084,30
0.1625,7,144,1,1,1030,broad_xyz,21.99112410904393,False,0.5629289599377677,0.7624662666939657,0.05762127365971175,-0.42908032577005273,-0.8650583196994363,-0.3622257904622189,0.047101389389332914,0.01966022931162746,2.24633779487864e-15,17.52339266927084,30
0.175,7,144,1,1,1030,broad_xyz,21.99112410904393,False,0.6057683551982569,0.7754125662652939,0.06694080745591689,-0.4530815583884361,-0.8604404360293905,-0.37982959251453063,0.05698399012256213,0.025855606233805728,2.24633779487864e-15,17.52339266927084,30
0.1875,7,144,1,1,1030,broad_xyz,21.99112410904393,False,0.6388076243305832,0.7874330114943882,0.08103219024315796,-0.47596898210223887,-0.8012478662739861,-0.40255178422657034,0.06758157998008336,0.03338469890710954,2.24633779487864e-15,17.52339266927084,30
0.2,7,144,1,1,1030,broad_xyz,21.99112410904393,False,0.667885322645065,0.8010048407416888,0.10705912218964406,-0.49196290110155233,-0.7045201518010622,-0.4229962133579703,0.07845566852904903,0.04218923915717668,2.24633779487864e-15,17.52339266927084,30
0.2125,7,144,1,1,1030,broad_xyz,21.99112410904393,False,0.6945383403988199,0.816085536055754,0.14481323730555648,-0.5027618535302122,-0.5969024052837615,-0.43259580834056643,0.09076707828869476,0.05221999469987974,2.24633779487864e-15,17.52339266927084,30
0.225,7,144,1,1,1030,broad_xyz,21.99112410904393,False,0.7193302378242412,0.8307900841894227,0.1905944433231166,-0.5145844743334076,-0.5043548679919502,-0.42866289221981,0.10535471009582227,0.0634208380123525,2.24633779487864e-15,17.52339266927084,30
0.2375,7,144,1,1,1030,broad_xyz,21.99112410904393,False,0.7433425152259557,0.8445689322321809,0.24395413886124967,-0.5302684423457246,-0.4385994996453647,-0.41034369931629183,0.12182778732927206,0.07557797994303438,2.24633779487864e-15,17.52339266927084,30
0.25,7,144,1,1,1030,broad_xyz,21.99112410904393,False,0.7681225510978125,0.8589694851129074,0.3096220261773375,-0.5462927330249725,-0.4019474563094233,-0.3770952483073202,0.14024366372346156,0.08825947950547817,2.24633779487864e-15,17.52339266927084,30
0.27,7,144,1,1,1030,broad_xyz,21.99112410904393,False,0.803909839601612,0.8803158011499357,0.4356636794860133,-0.5725925944188921,-0.3957101095705197,-0.29178623264400533,0.1679299492020821,0.10867042080867519,2.24633779487864e-15,17.52339266927084,30
0.29,7,144,1,1,1030,broad_xyz,21.99112410904393,False,0.8268221918078836,0.8974896147931296,0.5672143468397886,-0.6009145497149948,-0.4352713786679882,-0.19225165343999925,0.19161057614885219,0.12744724269659277,2.24633779487864e-15,17.52339266927084,30
0.31,7,144,1,1,1030,broad_xyz,21.99112410904393,False,0.8350172670736354,0.914823382588543,0.6647279219755008,-0.6585172752384408,-0.4776781889522574,-0.10476357880414229,0.2109688784807747,0.14199752245715297,2.24633779487864e-15,17.52339266927084,30
0.33,7,144,1,1,1030,broad_xyz,21.99112410904393,False,0.8359665436078343,0.9327180173206235,0.722926384681659,-0.7416982641214004,-0.5041128161476282,-0.028034411953543562,0.2265907881986231,0.15098473043402144,2.24633779487864e-15,17.52339266927084,30
0.35,7,144,1,1,1030,broad_xyz,21.99112410904393,False,0.8345497070406209,0.9434895550797239,0.7659869274624952,-0.8104196705927409,-0.5348031044120858,0.0318944147772871,0.23645370103588476,0.15530596315428952,2.24633779487864e-15,17.52339266927084,30
0.37,7,144,1,1,1030,broad_xyz,21.99112410904393,False,0.8327870588405365,0.9440611358695528,0.8000196597271337,-0.8535312678203377,-0.5670254675566282,0.06879098889139824,0.24341966826766476,0.15686942690705902,2.24633779487864e-15,17.52339266927084,30
0.39,7,144,1,1,1030,broad_xyz,21.99112410904393,False,0.829331966649557,0.9348390519212253,0.823714238486494,-0.8736554754247964,-0.5924849482061791,0.07838663950929851,0.24947546422036063,0.15744440334719664,2.24633779487864e-15,17.52339266927084,30
0.41000000000000003,7,144,1,1,1030,broad_xyz,21.99112410904393,False,0.8237531356201566,0.9184791053027425,0.8394904752556401,-0.8759791871253493,-0.6105029241382367,0.07532577184921176,0.2517425010412072,0.15756837969618764,2.24633779487864e-15,17.52339266927084,30
0.43,7,144,1,1,1030,broad_xyz,21.99112410904393,False,0.8161478079560951,0.8986047075965263,0.8475826963362252,-0.8697577255770698,-0.62828711487432,0.06751788482325499,0.25568361734782463,0.15764253230811198,2.24633779487864e-15,17.52339266927084,30
0.45,7,144,1,1,1030,broad_xyz,21.99112410904393,False,0.8059088632603322,0.8772072231118235,0.8466286822686842,-0.8635062313773091,-0.6312984357719498,0.054598357662266214,0.26064100910113897,0.15780157938612993,2.24633779487864e-15,17.52339266927084,30
0.5,7,144,1,1,1030,broad_xyz,21.99112410904393,False,0.7925222923115576,0.8301621276332241,0.8057402245266344,-0.8850232944144257,-0.5376451630992038,-0.022101621481284486,0.2682561906079003,0.1642299132704483,2.24633779487864e-15,17.52339266927084,30
0.55,7,144,1,1,1030,broad_xyz,21.99112410904393,False,0.7798934486568332,0.7760303163731852,0.7228244484252352,-0.9019919265245925,-0.46384773348479,-0.14777555112379845,0.2737110224070374,0.18482993333675182,2.24633779487864e-15,17.52339266927084,30
0.6,7,144,1,1,1030,broad_xyz,21.99112410904393,False,0.6880367631300733,0.7393895276075203,0.7463060099698144,-0.8750287195809879,-0.5549932511610298,-0.359634202554557,0.2791595155974056,0.1996616724748043,2.24633779487864e-15,17.52339266927084,30
0.6499999999999999,7,144,1,1,1030,broad_xyz,21.99112410904393,False,0.6979955280237283,0.7843907809768205,0.8018783184586917,-0.8518913728067837,-0.7099230051337951,-0.564576072705948,0.2836176668308852,0.20008242772470652,2.24633779487864e-15,17.52339266927084,30
0.7,7,144,1,1,1030,broad_xyz,21.99112410904393,False,0.7678564913287071,0.8327762643380496,0.8398795378696997,-0.8429416476539525,-0.8105914873876777,-0.5948397412957496,0.28918267321716185,0.196917360937917,2.24633779487864e-15,17.52339266927084,30
0.725,7,144,1,1,1030,broad_xyz,21.99112410904393,False,0.7931609824586434,0.8445776729915279,0.8573090495215924,-0.8332800672440541,-0.8356568977655766,-0.5889829992129999,0.28832266395952827,0.19524892725923232,2.24633779487864e-15,17.52339266927084,30
0.75,7,144,1,1,1030,broad_xyz,21.99112410904393,False,0.8093516390135508,0.8517363751634449,0.8720630814368038,-0.8116198580391654,-0.8498788911817248,-0.581629360313503,0.2847828078088139,0.19323599905867742,2.24633779487864e-15,17.52339266927084,30
0.775,7,144,1,1,1030,broad_xyz,21.99112410904393,False,0.8245686232093423,0.8619366529944313,0.8864330962259753,-0.7670563880748849,-0.8645149884323347,-0.5737914829831333,0.28395896276080324,0.1908814317150948,2.24633779487864e-15,17.52339266927084,30
0.8,7,144,1,1,1030,broad_xyz,21.99112410904393,False,0.8464771272042222,0.8801288976573377,0.902920447924173,-0.6806201451903838,-0.8831440997731882,-0.5622589200273367,0.28319410735780104,0.18855681383893214,2.24633779487864e-15,17.52339266927084,30
0.825,7,144,1,1,1030,broad_xyz,21.99112410904393,False,0.8697981095391901,0.9012759030809889,0.9180859954939096,-0.5428556578773126,-0.9033982017041214,-0.5436126471425016,0.28015498616383505,0.18648007723864088,2.24633779487864e-15,17.52339266927084,30
0.85,7,144,1,1,1030,broad_xyz,21.99112410904393,False,0.8812704838018451,0.9189397042144758,0.9274731535695538,-0.3935903518967488,-0.9177411853494143,-0.526540110489476,0.27943139455676125,0.18458082006772722,2.24633779487864e-15,17.52339266927084,30
0.875,7,144,1,1,1030,broad_xyz,21.99112410904393,False,0.8773586903994897,0.9301345603522727,0.9312406679034955,-0.29810673745871163,-0.9128848388164312,-0.5227291952705795,0.280759291222212,0.18312368337212215,2.24633779487864e-15,17.52339266927084,30
0.9,7,144,1,1,1030,broad_xyz,21.99112410904393,False,0.8611253991903761,0.9345532674561599,0.9318427166348258,-0.26655625712550984,-0.8708245911804168,-0.5286034843460725,0.2840845324560105,0.18277585117627415,2.24633779487864e-15,17.52339266927084,30
0.95,7,144,1,1,1030,broad_xyz,21.99112410904393,False,0.8295018261039626,0.9235217455582998,0.9328583601703131,-0.36099368511011315,-0.9076256115518334,-0.5397915039927049,0.2885366939154446,0.18663016169960875,2.24633779487864e-15,17.52339266927084,30
1.0,7,144,1,1,1030,broad_xyz,21.99112410904393,False,0.7960606923194599,0.8899003010178597,0.9368391680470455,-0.6403019827070567,-0.9196851111678512,-0.5896993663399849,0.28993132106955366,0.19379483569323236,2.24633779487864e-15,17.52339266927084,30
0.05,7,144,1,1,1031,broad_xyz,21.99112410904393,False,0.5555601820232579,0.5740068576446058,-0.2728107340678686,-0.633620894884674,-0.4712515489649245,0.4588301446825613,0.0029755290106295547,0.0006597128423367997,2.24633779487864e-15,17.52339266927084,31
0.075,7,144,1,1,1031,broad_xyz,21.99112410904393,False,0.4882423352314347,0.5893498573099422,-0.3046075924100507,-0.7104894013339725,-0.5967586185119104,0.47650610567230695,0.007381446603834166,0.0018080833435824958,2.24633779487864e-15,17.52339266927084,31
0.1,7,144,1,1,1031,broad_xyz,21.99112410904393,False,0.467282598227354,0.6195543689298476,-0.29712375165625776,-0.7688328281109318,-0.7116101502565341,0.48184660097374343,0.015035268862094603,0.004041741804122819,2.24633779487864e-15,17.52339266927084,31
0.125,7,144,1,1,1031,broad_xyz,21.99112410904393,False,0.5045755173874231,0.6597397718956679,-0.24148335738312596,-0.8001565006821536,-0.8025057411650873,0.47839685835333695,0.026884077391669113,0.00817090274993966,2.24633779487864e-15,17.52339266927084,31
0.15,7,144,1,1,1031,broad_xyz,21.99112410904393,False,0.6089621248262134,0.7160929535975278,-0.13018183801457997,-0.8024801298833613,-0.8573867025573896,0.4537243340739507,0.047028760641855974,0.015839527382369063,2.24633779487864e-15,17.52339266927084,31
0.1625,7,144,1,1,1031,broad_xyz,21.99112410904393,False,0.6766135639282984,0.7550806594616052,-0.04597842338791137,-0.7921079412887057,-0.8805616245028491,0.43580937802043707,0.06019640540208658,0.02161263116730003,2.24633779487864e-15,17.52339266927084,31
0.175,7,144,1,1,1031,broad_xyz,21.99112410904393,False,0.7417532964290448,0.7969028819722159,0.05240058648408358,-0.7751610294933944,-0.901110192798628,0.41419785721918234,0.07486333651270226,0.0289612354109538,2.24633779487864e-15,17.52339266927084,31
0.1875,7,144,1,1,1031,broad_xyz,21.99112410904393,False,0.7917758207505518,0.835008702293108,0.15291215029856609,-0.7592413643964245,-0.918330157070206,0.3956457528077165,0.09072229717262052,0.037969119078208796,2.24633779487864e-15,17.52339266927084,31
0.2,7,144,1,1,1031,broad_xyz,21.99112410904393,False,0.8243939988141727,0.86537982759794,0.24932815954218568,-0.7482927273136027,-0.9315313460959541,0.37773094270748825,0.10802545186495385,0.04848049631061954,2.24633779487864e-15,17.52339266927084,31
0.2125,7,144,1,1,1031,broad_xyz,21.99112410904393,False,0.8425648122260256,0.8868694521387477,0.33719875745110384,-0.7454141228977,-0.9404383646460247,0.36033157774519126,0.12565283637935107,0.06021802226738261,2.24633779487864e-15,17.52339266927084,31
0.225,7,144,1,1,1031,broad_xyz,21.99112410904393,False,0.849806461734241,0.8990005716617134,0.4152038704632293,-0.751891481552588,-0.9422332014177506,0.3427934235077986,0.14327739519871022,0.07288489140504033,2.24633779487864e-15,17.52339266927084,31
0.2375,7,144,1,1,1031,broad_xyz,21.99112410904393,False,0.8497866607645259,0.9036554647843953,0.4844389115998093,-0.7661548426985866,-0.9369965478068886,0.3243210533029112,0.16198617486684755,0.08617539314974224,2.24633779487864e-15,17.52339266927084,31
0.25,7,144,1,1,1031,broad_xyz,21.99112410904393,False,0.8496566528885073,0.9055820117474702,0.5516018728309681,-0.7828930797101648,-0.927493672018459,0.30334402537515204,0.17981832769532885,0.09985807822271187,2.24633779487864e-15,17.52339266927084,31
0.27,7,144,1,1,1031,broad_xyz,21.99112410904393,False,0.8546321350909839,0.9070044772100806,0.650887742367698,-0.8116945541422046,-0.9158841172945252,0.2631203777444749,0.20594203992123603,0.12170389987799816,2.24633779487864e-15,17.52339266927084,31
0.29,7,144,1,1,1031,broad_xyz,21.99112410904393,False,0.8623783434300845,0.9087624374000329,0.7355101799448193,-0.8369895245666658,-0.9036248646587552,0.21825221605460526,0.22978046199062924,0.14217642112149362,2.24633779487864e-15,17.52339266927084,31
0.31,7,144,1,1,1031,broad_xyz,21.99112410904393,False,0.8661055285607843,0.9160719873200989,0.789331128450628,-0.8704744007618721,-0.8773532963662808,0.19710936317648375,0.2508792639874734,0.15817439952356693,2.24633779487864e-15,17.52339266927084,31
0.33,7,144,1,1,1031,broad_xyz,21.99112410904393,False,0.8643892014002679,0.9287184394942993,0.8197559864348275,-0.9092453243841895,-0.8395960794844362,0.2080297491840841,0.268222081700753,0.16801671981168737,2.24633779487864e-15,17.52339266927084,31
0.35,7,144,1,1,1031,broad_xyz,21.99112410904393,False,0.8585660836508229,0.9397220313274118,0.8479783745034355,-0.9384406817608353,-0.8116726149750062,0.2273304203982163,0.2817046357791808,0.17240651709841168,2.24633779487864e-15,17.52339266927084,31
0.37,7,144,1,1,1031,broad_xyz,21.99112410904393,False,0.8450050706397851,0.9424485110326525,0.8785889254539423,-0.9498050539131755,-0.8085345458473159,0.2320592342476672,0.2914262331371523,0.17377299109737562,2.24633779487864e-15,17.52339266927084,31
0.39,7,144,1,1,1031,broad_xyz,21.99112410904393,False,0.8274846822965815,0.9384102320679234,0.9000413955018219,-0.9467961138483671,-0.8267357699614032,0.2237989625929432,0.2970220310039819,0.17264067767322716,2.24633779487864e-15,17.52339266927084,31
0.41000000000000003,7,144,1,1,1031,broad_xyz,21.99112410904393,False,0.8153803609787752,0.9311725863176296,0.91223660640944,-0.936256278378885,-0.8545120287098095,0.20366630974354488,0.29797925543150217,0.17001886236039743,2.24633779487864e-15,17.52339266927084,31
0.43,7,144,1,1,1031,broad_xyz,21.99112410904393,False,0.8149073028869757,0.9244894680143853,0.9179558893889178,-0.9256289137720747,-0.8765877623816835,0.1748238379104532,0.2958007119492917,0.16700727693100437,2.24633779487864e-15,17.52339266927084,31
0.45,7,144,1,1,1031,broad_xyz,21.99112410904393,False,0.8264619901467853,0.9199117393519066,0.9189612486268971,-0.9193173698949672,-0.8836736443876996,0.14218049241115746,0.2920093984708831,0.1643961326495125,2.24633779487864e-15,17.52339266927084,31
0.5,7,144,1,1,1031,broad_xyz,21.99112410904393,False,0.8802877393295165,0.9262630426509348,0.9175653450736584,-0.9333186913673204,-0.8533740413762223,0.0739291997182128,0.27758351869970993,0.1669354336997582,2.24633779487864e-15,17.52339266927084,31
0.55,7,144,1,1,1031,broad_xyz,21.99112410904393,False,0.8729146044523431,0.9095174198843056,0.8954580072019852,-0.9379625151499299,-0.8453802396793259,0.032023416650497225,0.2745374345432936,0.19016548444240977,2.24633779487864e-15,17.52339266927084,31
0.6,7,144,1,1,1031,broad_xyz,21.99112410904393,False,0.7799844421420525,0.845557831890425,0.8935354207188924,-0.9190279346879624,-0.9091179336362244,-0.16986013141225823,0.3026289831114584,0.21367359107042969,2.24633779487864e-15,17.52339266927084,31
0.6499999999999999,7,144,1,1,1031,broad_xyz,21.99112410904393,False,0.7486829220477185,0.8497109390319479,0.9074445424794138,-0.9326252627539385,-0.9416379815479797,-0.33830209690721474,0.30415784670313356,0.21858943881466544,2.24633779487864e-15,17.52339266927084,31
0.7,7,144,1,1,1031,broad_xyz,21.99112410904393,False,0.7563658801539862,0.883161150583564,0.9248282399737066,-0.9346671761558529,-0.9571536325626239,-0.38816874509723914,0.2941164957858578,0.2131882478646059,2.24633779487864e-15,17.52339266927084,31
0.725,7,144,1,1,1031,broad_xyz,21.99112410904393,False,0.7573927489956193,0.8913098081123292,0.933181923671577,-0.9201784199626436,-0.9573941626852217,-0.4008305335728505,0.2963296071779108,0.20995787055341023,2.24633779487864e-15,17.52339266927084,31
0.75,7,144,1,1,1031,broad_xyz,21.99112410904393,False,0.7656156954430597,0.8970941445579513,0.940822153840588,-0.8913088214901382,-0.9537980572978008,-0.41426459177809394,0.295069049183516,0.20678143185930306,2.24633779487864e-15,17.52339266927084,31
0.775,7,144,1,1,1031,broad_xyz,21.99112410904393,False,0.7773030759058357,0.9030438834027985,0.9467434760753551,-0.834474764074737,-0.9488364581422781,-0.4292550810367864,0.2919944862345048,0.20352659417585897,2.24633779487864e-15,17.52339266927084,31
0.8,7,144,1,1,1031,broad_xyz,21.99112410904393,False,0.7805802257612992,0.9077663860106389,0.9496318129302439,-0.7100707028767335,-0.9391842220424534,-0.44525483845104247,0.2902618250830125,0.20012368434759983,2.24633779487864e-15,17.52339266927084,31
0.825,7,144,1,1,1031,broad_xyz,21.99112410904393,False,0.7730827539440137,0.9088735666483969,0.9483160495921485,-0.44919233143303977,-0.9240774331056266,-0.45722979937798675,0.29339185571265,0.1964477107494142,2.24633779487864e-15,17.52339266927084,31
0.85,7,144,1,1,1031,broad_xyz,21.99112410904393,False,0.7637923075357972,0.906640699067649,0.9435741929748535,-0.14186043744627913,-0.9014405827401937,-0.456204606342113,0.2908583070447922,0.19230181201086718,2.24633779487864e-15,17.52339266927084,31
0.875,7,144,1,1,1031,broad_xyz,21.99112410904393,False,0.7599169947537978,0.9027890880191427,0.9390874433911394,-0.003204489688619455,-0.8700018550213714,-0.43495132809951764,0.2892444597736487,0.18778393676968377,2.24633779487864e-15,17.52339266927084,31
0.9,7,144,1,1,1031,broad_xyz,21.99112410904393,False,0.7590149718078739,0.8966102649290296,0.9367500996567647,0.003817047312970408,-0.8248700078116501,-0.40400631706091067,0.28588389357384886,0.18414969374081167,2.24633779487864e-15,17.52339266927084,31
0.95,7,144,1,1,1031,broad_xyz,21.99112410904393,False,0.7413111610676704,0.8685379898239789,0.9346999017358036,-0.0922867774681281,-0.856846887975558,-0.3760002924344843,0.2815272515127085,0.18525085129420563,2.24633779487864e-15,17.52339266927084,31
1.0,7,144,1,1,1031,broad_xyz,21.99112410904393,False,0.7094904699383451,0.8151135237653917,0.9371831104115207,-0.4328848477242049,-0.8693541051585993,-0.3852933153657207,0.28218511584665795,0.19502707486596846,2.24633779487864e-15,17.52339266927084,31
0.05,7,144,1,1,1032,broad_xyz,21.99112410904393,False,-0.13576149793636316,0.3660399244015735,-0.5134694500449413,-0.5740771274764966,-0.4998131356723811,0.6447868578045299,0.0023312020942901786,0.00033702654352964087,2.24633779487864e-15,17.52339266927084,32
0.075,7,144,1,1,1032,broad_xyz,21.99112410904393,False,-0.07825333075076583,0.37813716218543236,-0.5131311650500485,-0.6054331679169345,-0.5443440692799287,0.6781762197129769,0.006401093757927292,0.0010620882795277175,2.24633779487864e-15,17.52339266927084,32
0.1,7,144,1,1,1032,broad_xyz,21.99112410904393,False,0.0034299922481397893,0.3999645605047177,-0.4978159004647297,-0.6446586713625594,-0.6244320896926427,0.702590598023389,0.014207056667589257,0.0027031780247576288,2.24633779487864e-15,17.52339266927084,32
0.125,7,144,1,1,1032,broad_xyz,21.99112410904393,False,0.09789971624245307,0.44024561510079396,-0.4490499095483514,-0.6804296691337991,-0.7204782244094543,0.7105251875556845,0.0269163393901938,0.006008853659690724,2.24633779487864e-15,17.52339266927084,32
0.15,7,144,1,1,1032,broad_xyz,21.99112410904393,False,0.20534624523485934,0.5136471678688963,-0.3567447831140491,-0.7064759827860746,-0.809375098432392,0.6995172982059747,0.04542437276980752,0.012309233206568421,2.24633779487864e-15,17.52339266927084,32
0.1625,7,144,1,1,1032,broad_xyz,21.99112410904393,False,0.2642603180827004,0.5602152393351338,-0.29277448861943567,-0.712908077375882,-0.843643924230609,0.6829016570337763,0.05702687946329203,0.017187872012677994,2.24633779487864e-15,17.52339266927084,32
0.175,7,144,1,1,1032,broad_xyz,21.99112410904393,False,0.327274778280743,0.6112646446100105,-0.21992517718280008,-0.7169943080882015,-0.8646157095222805,0.6597560878429303,0.06990507809927222,0.023674401472778002,2.24633779487864e-15,17.52339266927084,32
0.1875,7,144,1,1,1032,broad_xyz,21.99112410904393,False,0.38722877665532923,0.659340814221378,-0.1461180574186273,-0.7225523480731245,-0.865644402707783,0.633555721000739,0.08370215392803194,0.03182526730389745,2.24633779487864e-15,17.52339266927084,32
0.2,7,144,1,1,1032,broad_xyz,21.99112410904393,False,0.43969579700237976,0.6999943630892133,-0.07777018455798917,-0.7342545101935068,-0.8363526104422222,0.6087295559323392,0.09861844335267976,0.04154525742762913,2.24633779487864e-15,17.52339266927084,32
0.2125,7,144,1,1,1032,broad_xyz,21.99112410904393,False,0.48645841021177116,0.7331697994507339,-0.014079428903147881,-0.7535141152690032,-0.7784048342465585,0.5860530111868867,0.11460677132441957,0.05268489805613193,2.24633779487864e-15,17.52339266927084,32
0.225,7,144,1,1,1032,broad_xyz,21.99112410904393,False,0.5287627887839417,0.7631737040422644,0.0509756646872689,-0.7780892691903452,-0.700237801969577,0.5627658493824875,0.13239976398227507,0.06526330765782765,2.24633779487864e-15,17.52339266927084,32
0.2375,7,144,1,1,1032,broad_xyz,21.99112410904393,False,0.5705344552582927,0.7920590099617214,0.1241823030852604,-0.8042160341176633,-0.6180112392214534,0.5362039526203022,0.15031139241912314,0.07918753013416839,2.24633779487864e-15,17.52339266927084,32
0.25,7,144,1,1,1032,broad_xyz,21.99112410904393,False,0.6198500752528054,0.8247105874332931,0.21430114839065414,-0.8259276746059125,-0.5446564058244284,0.5003210743031965,0.16910595855292332,0.09449956748569327,2.24633779487864e-15,17.52339266927084,32
0.27,7,144,1,1,1032,broad_xyz,21.99112410904393,False,0.7108968386382972,0.8772285863582681,0.39426258968516725,-0.8368937334171995,-0.4834200008068072,0.4147206339378492,0.19820455193524172,0.12156721825193263,2.24633779487864e-15,17.52339266927084,32
0.29,7,144,1,1,1032,broad_xyz,21.99112410904393,False,0.7901399921278845,0.9157522130736343,0.5833673627933419,-0.8224569239891417,-0.4951553526122859,0.30765818950589424,0.22408265178768136,0.14832413120236473,2.24633779487864e-15,17.52339266927084,32
0.31,7,144,1,1,1032,broad_xyz,21.99112410904393,False,0.8232070072007875,0.9369623359188906,0.6971165056012059,-0.841437430331596,-0.49758507142979025,0.24556330403456084,0.2453216676816025,0.16703449251295643,2.24633779487864e-15,17.52339266927084,32
0.33,7,144,1,1,1032,broad_xyz,21.99112410904393,False,0.8041660349226842,0.9414834435571132,0.7500864230755578,-0.8888049835971316,-0.4929858272088348,0.24131470980731978,0.26137944589135065,0.17541567304159278,2.24633779487864e-15,17.52339266927084,32
0.35,7,144,1,1,1032,broad_xyz,21.99112410904393,False,0.7561119244955691,0.9324493349505872,0.8043083250285756,-0.9172328593555569,-0.5256804647419789,0.25066910067022347,0.2767174467634196,0.177332375398831,2.24633779487864e-15,17.52339266927084,32
0.37,7,144,1,1,1032,broad_xyz,21.99112410904393,False,0.6947673994017416,0.9152308464319507,0.8520748245167121,-0.9262908191343722,-0.5720776173999408,0.2629979298749216,0.2901832661436772,0.17498764338906572,2.24633779487864e-15,17.52339266927084,32
0.39,7,144,1,1,1032,broad_xyz,21.99112410904393,False,0.6290750941499172,0.895462531634735,0.8878123763958763,-0.9214899404037321,-0.6261779131227444,0.2716666740260382,0.29736738613150776,0.17034684613128492,2.24633779487864e-15,17.52339266927084,32
0.41000000000000003,7,144,1,1,1032,broad_xyz,21.99112410904393,False,0.5592590050009534,0.8695599576036148,0.9015047540909632,-0.9074831130315304,-0.6974362538526387,0.2748395856002918,0.30307479376120994,0.1643453216166693,2.24633779487864e-15,17.52339266927084,32
0.43,7,144,1,1,1032,broad_xyz,21.99112410904393,False,0.4968144912431574,0.8427278061726788,0.9006589763676816,-0.8931825942397903,-0.7630227136909682,0.27332399931701284,0.30525061228974415,0.1585520398425516,2.24633779487864e-15,17.52339266927084,32
0.45,7,144,1,1,1032,broad_xyz,21.99112410904393,False,0.45180601296539524,0.8189590148693461,0.8907150111130102,-0.8868470794887926,-0.7744549365600765,0.2667352697449229,0.3031361302876924,0.15394300926988555,2.24633779487864e-15,17.52339266927084,32
0.5,7,144,1,1,1032,broad_xyz,21.99112410904393,False,0.49690297129181316,0.8386389575643788,0.8700322108181092,-0.9238772868673736,-0.6995100970045206,0.20387113478497682,0.2916279706556207,0.15851427241226138,2.24633779487864e-15,17.52339266927084,32
0.55,7,144,1,1,1032,broad_xyz,21.99112410904393,False,0.666492322138716,0.9087701327914062,0.8639452259702343,-0.9362292247788505,-0.7109597673310047,-0.012555936000141226,0.2848788735590416,0.19477857289901795,2.24633779487864e-15,17.52339266927084,32
0.6,7,144,1,1,1032,broad_xyz,21.99112410904393,False,0.748414973964829,0.8916518680744063,0.9038652090832272,-0.8548029034142006,-0.8065359882400576,-0.35324333135635105,0.28290315677787986,0.2237669888026183,2.24633779487864e-15,17.52339266927084,32
0.6499999999999999,7,144,1,1,1032,broad_xyz,21.99112410904393,False,0.7476111863822488,0.9101550519887763,0.8713648110244304,-0.9076314779228929,-0.9159182076141027,-0.4017485238026801,0.29161613704472417,0.21705320604804557,2.24633779487864e-15,17.52339266927084,32
0.7,7,144,1,1,1032,broad_xyz,21.99112410904393,False,0.7264092309278792,0.9245982981411565,0.9063190753854319,-0.9150680918495301,-0.9466020875715672,-0.4226896558558012,0.2888184976916774,0.2038316604153549,2.24633779487864e-15,17.52339266927084,32
0.725,7,144,1,1,1032,broad_xyz,21.99112410904393,False,0.7207397260802345,0.9302296882233316,0.9344595810881303,-0.8978526997665508,-0.9561962263097558,-0.439084588493431,0.28595911582887473,0.19948977134062337,2.24633779487864e-15,17.52339266927084,32
0.75,7,144,1,1,1032,broad_xyz,21.99112410904393,False,0.7026119610050334,0.9339933066705064,0.9554661484186384,-0.8647654112713966,-0.9642692319797802,-0.4530398816057416,0.2769691994501988,0.19550126781250216,2.24633779487864e-15,17.52339266927084,32
0.775,7,144,1,1,1032,broad_xyz,21.99112410904393,False,0.6671032709291609,0.933093522569894,0.9651113119512488,-0.7902487633369785,-0.9634317485373205,-0.46734576908321024,0.2720292421627625,0.1914980706609171,2.24633779487864e-15,17.52339266927084,32
0.8,7,144,1,1,1032,broad_xyz,21.99112410904393,False,0.6234157061815326,0.9272627232150864,0.960522701030358,-0.5713135587094259,-0.9511397925542654,-0.4912290987763421,0.2687593379683732,0.18785605660624816,2.24633779487864e-15,17.52339266927084,32
0.825,7,144,1,1,1032,broad_xyz,21.99112410904393,False,0.5805557078237505,0.9176818065875015,0.9398243475618017,-0.16021190536215166,-0.9268668632921355,-0.5231501085445276,0.27681704680832947,0.18424444847836033,2.24633779487864e-15,17.52339266927084,32
0.85,7,144,1,1,1032,broad_xyz,21.99112410904393,False,0.5428647659408835,0.9088691898921685,0.9143886897124444,0.05382142839856832,-0.9001521569681306,-0.5330987345608096,0.28237198490804366,0.17918588221611595,2.24633779487864e-15,17.52339266927084,32
0.875,7,144,1,1,1032,broad_xyz,21.99112410904393,False,0.5205306981518183,0.9066997696002945,0.9020394950797757,0.05221075057620384,-0.8786632486657828,-0.5161395407697936,0.2843529505231115,0.17301267046728414,2.24633779487864e-15,17.52339266927084,32
0.9,7,144,1,1,1032,broad_xyz,21.99112410904393,False,0.5158350638065541,0.9067730619448147,0.895221262850004,-0.03140865120095187,-0.8421238870568597,-0.5079635338904234,0.2827951850539327,0.16946410572711001,2.24633779487864e-15,17.52339266927084,32
0.95,7,144,1,1,1032,broad_xyz,21.99112410904393,False,0.5621040145200467,0.8926785189553486,0.8772090569901101,-0.31716221352572493,-0.8354480718224352,-0.5453928058279849,0.2757824625387307,0.17473489318775037,2.24633779487864e-15,17.52339266927084,32
1.0,7,144,1,1,1032,broad_xyz,21.99112410904393,False,0.6566955472852367,0.879916183897742,0.8888795925060557,-0.7284992970492228,-0.8586105451716558,-0.5071583974044166,0.2845979375574764,0.1823218976597003,2.24633779487864e-15,17.52339266927084,32
0.05,7,144,1,1,1033,broad_xyz,21.99112410904393,False,0.05036785147682955,0.4543718826236311,-0.18905040634427117,-0.3876163149576343,-0.19519604358887724,-0.3999531354639171,0.003859971402132957,0.0006763276749446752,2.24633779487864e-15,17.52339266927084,33
0.075,7,144,1,1,1033,broad_xyz,21.99112410904393,False,0.1549694144061889,0.5118669638702931,-0.1464605442667557,-0.41773135908530085,-0.26061537111394917,-0.42563574416178696,0.009781842437183727,0.0021132277141023724,2.24633779487864e-15,17.52339266927084,33
0.1,7,144,1,1,1033,broad_xyz,21.99112410904393,False,0.2998506875210057,0.585866435963889,-0.0837884108808311,-0.44678223133947964,-0.3946826657181683,-0.4595831059816437,0.01958969567832387,0.005400498647308518,2.24633779487864e-15,17.52339266927084,33
0.125,7,144,1,1,1033,broad_xyz,21.99112410904393,False,0.4650930059300159,0.6649772580316772,0.018487312386530844,-0.4487039789261761,-0.5739428408820207,-0.48128431868558563,0.034190965922202804,0.01174258276045018,2.24633779487864e-15,17.52339266927084,33
0.15,7,144,1,1,1033,broad_xyz,21.99112410904393,False,0.6209749279084547,0.7421956161934347,0.15419691155756562,-0.4249162036166094,-0.7506213813960378,-0.4928029905913281,0.0544378571975084,0.022394618985262793,2.24633779487864e-15,17.52339266927084,33
0.1625,7,144,1,1,1033,broad_xyz,21.99112410904393,False,0.6866687718485784,0.775891131445463,0.22602051198483142,-0.41112956472596796,-0.8115648155387157,-0.49444374741663055,0.06759416021805463,0.029705094620388024,2.24633779487864e-15,17.52339266927084,33
0.175,7,144,1,1,1033,broad_xyz,21.99112410904393,False,0.740461529454993,0.8043766055701529,0.2931525232901482,-0.4034492798719165,-0.8141474664635368,-0.4942429235755833,0.08232303016714479,0.03848896905689211,2.24633779487864e-15,17.52339266927084,33
0.1875,7,144,1,1,1033,broad_xyz,21.99112410904393,False,0.7852870138882952,0.8311275345909943,0.3568978794607728,-0.4031887032109434,-0.7487350217914569,-0.4870516994819182,0.09817782832962271,0.04881695402081839,2.24633779487864e-15,17.52339266927084,33
0.2,7,144,1,1,1033,broad_xyz,21.99112410904393,False,0.8226665636675222,0.8561110305439589,0.4162912341587754,-0.41334201376714524,-0.6584661446135596,-0.4714922477623656,0.11486174466980406,0.06058600041099133,2.24633779487864e-15,17.52339266927084,33
0.2125,7,144,1,1,1033,broad_xyz,21.99112410904393,False,0.8536562698503769,0.8770777754565535,0.4709143682541547,-0.43684101315479534,-0.5784294595626278,-0.44773931942537687,0.13204456061560016,0.0736905726133798,2.24633779487864e-15,17.52339266927084,33
0.225,7,144,1,1,1033,broad_xyz,21.99112410904393,False,0.8798464084926131,0.8939755780921983,0.5239372920657712,-0.4717518657898353,-0.5182750343235633,-0.41475439238501866,0.14938309433918767,0.08794177678799445,2.24633779487864e-15,17.52339266927084,33
0.2375,7,144,1,1,1033,broad_xyz,21.99112410904393,False,0.903244857896406,0.9086337726199115,0.5817391910084061,-0.5096363936115688,-0.4867306696875409,-0.36307452941618273,0.16654348395952956,0.10292928585203796,2.24633779487864e-15,17.52339266927084,33
0.25,7,144,1,1,1033,broad_xyz,21.99112410904393,False,0.9232815546592309,0.9201065022569044,0.6432455559314777,-0.5481901015009377,-0.4791579314197814,-0.2904127616750563,0.18322312390068118,0.11826355557082133,2.24633779487864e-15,17.52339266927084,33
0.27,7,144,1,1,1033,broad_xyz,21.99112410904393,False,0.9459960286750131,0.9296181463475016,0.7422339090925476,-0.6060134275668237,-0.5073169742209616,-0.13568248721027593,0.20838324416995307,0.14234312217857392,2.24633779487864e-15,17.52339266927084,33
0.29,7,144,1,1,1033,broad_xyz,21.99112410904393,False,0.9536831539283777,0.9303997012044534,0.8191503450802012,-0.672008984311041,-0.5436622688719085,0.02999348571529989,0.23294973375785427,0.1632706892288613,2.24633779487864e-15,17.52339266927084,33
0.31,7,144,1,1,1033,broad_xyz,21.99112410904393,False,0.9513496776389462,0.9334591646409527,0.857505621658075,-0.7587153779293959,-0.5612884330304977,0.15840990932482982,0.2543339005444561,0.17815671682377376,2.24633779487864e-15,17.52339266927084,33
0.33,7,144,1,1,1033,broad_xyz,21.99112410904393,False,0.9428492682431502,0.9407781667222386,0.8719937291931718,-0.8401070135169315,-0.5636042542632542,0.23684679010417742,0.2715328105279706,0.18589795988308397,2.24633779487864e-15,17.52339266927084,33
0.35,7,144,1,1,1033,broad_xyz,21.99112410904393,False,0.9261776309447932,0.9455408203022857,0.8873074731701127,-0.8867816565916149,-0.5698832159639777,0.28350997657395777,0.2853216277050272,0.1874940691122054,2.24633779487864e-15,17.52339266927084,33
0.37,7,144,1,1,1033,broad_xyz,21.99112410904393,False,0.8979785237632015,0.9449648440195738,0.9049415985231011,-0.9040592090788333,-0.5855586059637335,0.3039845845081267,0.29746334289869636,0.18502990156919027,2.24633779487864e-15,17.52339266927084,33
0.39,7,144,1,1,1033,broad_xyz,21.99112410904393,False,0.8563633186026192,0.9372858270150183,0.9156816616730433,-0.9081313278710168,-0.6032132897902805,0.29970393907359705,0.30527516013247863,0.18116443593495019,2.24633779487864e-15,17.52339266927084,33
0.41000000000000003,7,144,1,1,1033,broad_xyz,21.99112410904393,False,0.8047689272375438,0.926124779318686,0.9222771247402355,-0.9001571422689665,-0.6388580800557988,0.2758705144909025,0.30778025816110255,0.1769601767344248,2.24633779487864e-15,17.52339266927084,33
0.43,7,144,1,1,1033,broad_xyz,21.99112410904393,False,0.7519415807522396,0.9149441407521881,0.9247030387725415,-0.8876338845807101,-0.6732243441469392,0.23404974104499648,0.3070817276096887,0.17378021783129471,2.24633779487864e-15,17.52339266927084,33
0.45,7,144,1,1,1033,broad_xyz,21.99112410904393,False,0.7099855551883425,0.9062708777686029,0.9230721648931713,-0.8786998612731991,-0.682093784673986,0.17435393964570317,0.30079993753206474,0.1726248496344458,2.24633779487864e-15,17.52339266927084,33
0.5,7,144,1,1,1033,broad_xyz,21.99112410904393,False,0.7195481840369867,0.9050530528322638,0.9087709461571676,-0.8950482259500806,-0.6051414016044806,0.01961495656312187,0.28919026608974685,0.18337415070864155,2.24633779487864e-15,17.52339266927084,33
0.55,7,144,1,1,1033,broad_xyz,21.99112410904393,False,0.8220865638711408,0.8827128981273973,0.9026196033575643,-0.9120786015175175,-0.6320856755985279,-0.04559865647397904,0.29503150091729397,0.2102520519094274,2.24633779487864e-15,17.52339266927084,33
0.6,7,144,1,1,1033,broad_xyz,21.99112410904393,False,0.8188160676227406,0.8354112685434781,0.9135282395393574,-0.8909589760025424,-0.7282743580895268,-0.28380027038154154,0.2980821139155253,0.22720452300895802,2.24633779487864e-15,17.52339266927084,33
0.6499999999999999,7,144,1,1,1033,broad_xyz,21.99112410904393,False,0.8271150980874272,0.8644854490135956,0.9131958041852885,-0.8856687831011902,-0.8150353369072134,-0.5043119700064774,0.2932391025713322,0.22500927305161295,2.24633779487864e-15,17.52339266927084,33
0.7,7,144,1,1,1033,broad_xyz,21.99112410904393,False,0.8444373744897073,0.9056754256898953,0.9322915887082979,-0.8614991530025334,-0.9048086087134197,-0.5528293035679276,0.2872021023091225,0.2160469151347617,2.24633779487864e-15,17.52339266927084,33
0.725,7,144,1,1,1033,broad_xyz,21.99112410904393,False,0.8403609182009302,0.9151184331350957,0.9427335256770494,-0.8334200751396297,-0.9294216589714164,-0.5539474044227267,0.2866965925546374,0.21142326796577363,2.24633779487864e-15,17.52339266927084,33
0.75,7,144,1,1,1033,broad_xyz,21.99112410904393,False,0.8329092507943222,0.9202254067833673,0.9527128020512607,-0.7778935963777491,-0.9435534287241826,-0.5522725215155644,0.2828115402930618,0.20655522620087002,2.24633779487864e-15,17.52339266927084,33
0.775,7,144,1,1,1033,broad_xyz,21.99112410904393,False,0.8257458735769272,0.9240223879299073,0.9609621495872032,-0.6607505533671102,-0.9500820988085124,-0.5466203861095706,0.2827952296608343,0.20124342804652284,2.24633779487864e-15,17.52339266927084,33
0.8,7,144,1,1,1033,broad_xyz,21.99112410904393,False,0.8171271025253258,0.9276032582225399,0.9644690788984505,-0.44684617308908947,-0.9490560249686907,-0.5339535845503576,0.2804671662069456,0.19559881151001796,2.24633779487864e-15,17.52339266927084,33
0.825,7,144,1,1,1033,broad_xyz,21.99112410904393,False,0.8019091138543546,0.9300657312314439,0.9618014340919963,-0.208267476798336,-0.9413750580840854,-0.5158374770704154,0.2770020752529338,0.18976678895849175,2.24633779487864e-15,17.52339266927084,33
0.85,7,144,1,1,1033,broad_xyz,21.99112410904393,False,0.7756832370297809,0.9304836303997657,0.9550119026630643,-0.07259605711819918,-0.9244705640492341,-0.503328415997835,0.2744232392034336,0.18410962445598117,2.24633779487864e-15,17.52339266927084,33
0.875,7,144,1,1,1033,broad_xyz,21.99112410904393,False,0.7407560785062359,0.9276613074503984,0.9481896194953402,-0.040278512480278826,-0.8941616958278416,-0.5036646427524678,0.2777914238996734,0.17957070497511293,2.24633779487864e-15,17.52339266927084,33
0.9,7,144,1,1,1033,broad_xyz,21.99112410904393,False,0.7062759267320712,0.9179200803733248,0.9419752957920318,-0.06417704254133101,-0.8431410233607984,-0.5075580364526604,0.2814075849533948,0.17739454099778976,2.24633779487864e-15,17.52339266927084,33
0.95,7,144,1,1,1033,broad_xyz,21.99112410904393,False,0.6772421497775778,0.8759978652738531,0.9348294089253769,-0.22476997662192033,-0.8763947160241595,-0.5078318932609337,0.2900990480071718,0.18166711648801584,2.24633779487864e-15,17.52339266927084,33
1.0,7,144,1,1,1033,broad_xyz,21.99112410904393,False,0.68543352355515,0.8132589861483295,0.9311923017224402,-0.6048274724476488,-0.8837542580156253,-0.5394366948012423,0.29306700754310017,0.1917547103580221,2.24633779487864e-15,17.52339266927084,33
0.05,7,144,1,1,1034,broad_xyz,21.99112410904393,False,0.19637868335735734,0.5127331748921529,-0.03181940410763311,-0.34892590744299923,-0.11152579336346147,-0.38753373633826943,0.004932458080402479,0.0010724851542512352,2.24633779487864e-15,17.52339266927084,34
0.075,7,144,1,1,1034,broad_xyz,21.99112410904393,False,0.2725818117742435,0.5266664311043995,0.00261066285842848,-0.3996041091430989,-0.25052023995003847,-0.41210922404073747,0.01275003730284154,0.002979926130537795,2.24633779487864e-15,17.52339266927084,34
0.1,7,144,1,1,1034,broad_xyz,21.99112410904393,False,0.36282930022998183,0.5610141620465221,0.05897051763982759,-0.440766706174338,-0.45620080133746294,-0.4311700062878981,0.0257825554895025,0.006856898483395644,2.24633779487864e-15,17.52339266927084,34
0.125,7,144,1,1,1034,broad_xyz,21.99112410904393,False,0.4535318138084802,0.6184543754198514,0.13852274147040383,-0.4719653778793483,-0.688940576058144,-0.4400404572604407,0.04476293227482116,0.014076050004376287,2.24633779487864e-15,17.52339266927084,34
0.15,7,144,1,1,1034,broad_xyz,21.99112410904393,False,0.5270913359862845,0.6843173332850563,0.2259299127443179,-0.5024010241879128,-0.8598398247587261,-0.44250662027534315,0.06969168451138201,0.0262474094468613,2.24633779487864e-15,17.52339266927084,34
0.1625,7,144,1,1,1034,broad_xyz,21.99112410904393,False,0.5534867122512634,0.7149237253369275,0.2659477283363443,-0.5209860644937461,-0.9093154893479999,-0.4392750209426508,0.08419186725769415,0.03447588622013589,2.24633779487864e-15,17.52339266927084,34
0.175,7,144,1,1,1034,broad_xyz,21.99112410904393,False,0.5735536216030012,0.7417137934290277,0.3009184933069444,-0.5442661971899,-0.9350406199963283,-0.4304311369349818,0.1000356032637744,0.044119794284958665,2.24633779487864e-15,17.52339266927084,34
0.1875,7,144,1,1,1034,broad_xyz,21.99112410904393,False,0.5879420566217486,0.7637712379539371,0.3285322298631342,-0.5751577796320299,-0.9417052381640894,-0.41907011145124085,0.11693855115733895,0.05510523984472551,2.24633779487864e-15,17.52339266927084,34
0.2,7,144,1,1,1034,broad_xyz,21.99112410904393,False,0.5996234577237591,0.7817475813956941,0.35233017576863934,-0.6115893863300853,-0.934290263223258,-0.4046867185444134,0.13454673406735956,0.06718953276046787,2.24633779487864e-15,17.52339266927084,34
0.2125,7,144,1,1,1034,broad_xyz,21.99112410904393,False,0.612600404895158,0.7981698998932093,0.3774327099355533,-0.650460541943672,-0.9197321051503888,-0.38657394446435395,0.1525580858825951,0.08020549099887105,2.24633779487864e-15,17.52339266927084,34
0.225,7,144,1,1,1034,broad_xyz,21.99112410904393,False,0.6298407050342223,0.8147631023592701,0.4084097697028111,-0.6884575042796143,-0.9001946301387739,-0.36416109374816086,0.17064646488266705,0.09394937523427142,2.24633779487864e-15,17.52339266927084,34
0.2375,7,144,1,1,1034,broad_xyz,21.99112410904393,False,0.6551922727564299,0.8342305273626885,0.4501836246710272,-0.7220580863772298,-0.8779089762210579,-0.33670364885637577,0.18848073483798058,0.10835351286150934,2.24633779487864e-15,17.52339266927084,34
0.25,7,144,1,1,1034,broad_xyz,21.99112410904393,False,0.6882993432684665,0.8562512261156632,0.5042348646878079,-0.7484550512490499,-0.8540049968588627,-0.30288250245625,0.2057393959544977,0.12323583889994039,2.24633779487864e-15,17.52339266927084,34
0.27,7,144,1,1,1034,broad_xyz,21.99112410904393,False,0.7510444007004319,0.8919005027658488,0.6127462816877173,-0.7720759464408098,-0.822518934957331,-0.23103924534844575,0.2320101629662834,0.14728774414147075,2.24633779487864e-15,17.52339266927084,34
0.29,7,144,1,1,1034,broad_xyz,21.99112410904393,False,0.8084132384143123,0.9199396161636499,0.7219091650464057,-0.7879162009249344,-0.8023447092842836,-0.14575366270772686,0.2554257260882893,0.16920281284705455,2.24633779487864e-15,17.52339266927084,34
0.31,7,144,1,1,1034,broad_xyz,21.99112410904393,False,0.8459005124883203,0.9380450824900615,0.7966681587847192,-0.8261321591198132,-0.7828119720334518,-0.06436193813844227,0.27530753676840414,0.18595907540674328,2.24633779487864e-15,17.52339266927084,34
0.33,7,144,1,1,1034,broad_xyz,21.99112410904393,False,0.8598973136768477,0.9470017687885317,0.8377185894735094,-0.8774272915874981,-0.7701269339337784,0.0013034671707336835,0.2915018718064,0.19622152144865174,2.24633779487864e-15,17.52339266927084,34
0.35,7,144,1,1,1034,broad_xyz,21.99112410904393,False,0.8526682543583662,0.9475303916531265,0.8677578810044494,-0.9127971879591054,-0.7753190946727456,0.046274550343073935,0.30403019111081664,0.200668631178876,2.24633779487864e-15,17.52339266927084,34
0.37,7,144,1,1,1034,broad_xyz,21.99112410904393,False,0.8273801887991307,0.9424429195965793,0.8923675094077365,-0.9282478473165289,-0.7874812452360824,0.06605044432465101,0.31285243221776804,0.20122015202108656,2.24633779487864e-15,17.52339266927084,34
0.39,7,144,1,1,1034,broad_xyz,21.99112410904393,False,0.7844995398749939,0.9326263982686069,0.9082490432013908,-0.9302490543365574,-0.795487042168634,0.06459526743310245,0.32012723272137567,0.19965499871811887,2.24633779487864e-15,17.52339266927084,34
0.41000000000000003,7,144,1,1,1034,broad_xyz,21.99112410904393,False,0.7330865104765351,0.9194853645775664,0.9175258539026724,-0.9217629984783431,-0.7992167149682003,0.04838495462778033,0.3236740103594397,0.19703324917632442,2.24633779487864e-15,17.52339266927084,34
0.43,7,144,1,1,1034,broad_xyz,21.99112410904393,False,0.6854737612784462,0.9042679350531638,0.919358586732795,-0.9085350010710035,-0.8024969925672373,0.018748781991621423,0.3220330480598904,0.19430215583443022,2.24633779487864e-15,17.52339266927084,34
0.45,7,144,1,1,1034,broad_xyz,21.99112410904393,False,0.6540281309894345,0.8891367518180724,0.9154754237142269,-0.8971792971948115,-0.8001069521776547,-0.016785599416128696,0.31784411616909536,0.19263243358682874,2.24633779487864e-15,17.52339266927084,34
0.5,7,144,1,1,1034,broad_xyz,21.99112410904393,False,0.6875352834343863,0.8669099889755659,0.890553046941471,-0.9088838799805772,-0.7400267461877288,-0.14789540167889162,0.30696500502922686,0.19911767251546503,2.24633779487864e-15,17.52339266927084,34
0.55,7,144,1,1,1034,broad_xyz,21.99112410904393,False,0.755266324869179,0.8374638380362089,0.8261740332533059,-0.933491461148313,-0.6877631230348928,-0.3399091232646614,0.2939224449638641,0.21989888878618996,2.24633779487864e-15,17.52339266927084,34
0.6,7,144,1,1,1034,broad_xyz,21.99112410904393,False,0.74451320343421,0.8095536618143371,0.8275488674362289,-0.9014751971793572,-0.7592170506869653,-0.4958456141251458,0.2940210411563274,0.23143687603184146,2.24633779487864e-15,17.52339266927084,34
0.6499999999999999,7,144,1,1,1034,broad_xyz,21.99112410904393,False,0.7056930286817997,0.8177484213595935,0.8235908088204791,-0.8998712790921711,-0.8356400606519412,-0.6068384901957254,0.29077448725356037,0.22662603504687798,2.24633779487864e-15,17.52339266927084,34
0.7,7,144,1,1,1034,broad_xyz,21.99112410904393,False,0.725094605571891,0.8556928285554978,0.8604010507616612,-0.8746403720506368,-0.8958229143095414,-0.6227652499107569,0.29762326558147156,0.21826506643142743,2.24633779487864e-15,17.52339266927084,34
0.725,7,144,1,1,1034,broad_xyz,21.99112410904393,False,0.7375900674452079,0.8685807697670439,0.885288885620832,-0.8466799664349491,-0.9118501566241531,-0.6091250059717318,0.2982174159140876,0.21425590504516265,2.24633779487864e-15,17.52339266927084,34
0.75,7,144,1,1,1034,broad_xyz,21.99112410904393,False,0.7432676483054189,0.8757368664629508,0.9058263166499708,-0.8053161733761929,-0.9221963207651114,-0.5918364137242386,0.2935580630584185,0.2099115173182039,2.24633779487864e-15,17.52339266927084,34
0.775,7,144,1,1,1034,broad_xyz,21.99112410904393,False,0.7481795930220974,0.8813267461324165,0.9243436089001349,-0.7377844498750825,-0.9308782066030369,-0.5674090757854997,0.2894971643100893,0.20521360068031247,2.24633779487864e-15,17.52339266927084,34
0.8,7,144,1,1,1034,broad_xyz,21.99112410904393,False,0.763803870509232,0.8892236303856167,0.9414527502070572,-0.6095429138212085,-0.9392331580053207,-0.5334068480109916,0.2885792357968756,0.20065265793033127,2.24633779487864e-15,17.52339266927084,34
0.825,7,144,1,1,1034,broad_xyz,21.99112410904393,False,0.7877849667764086,0.8999541891016526,0.9520810787062287,-0.40954263276627567,-0.9441177634498128,-0.4969041268524128,0.2886236103147851,0.19675871562822073,2.24633779487864e-15,17.52339266927084,34
0.85,7,144,1,1,1034,broad_xyz,21.99112410904393,False,0.8034547291625415,0.911265429537864,0.9529779025627593,-0.26407630547353206,-0.9377753299087779,-0.47446473944819134,0.2882769568559495,0.193667128592386,2.24633779487864e-15,17.52339266927084,34
0.875,7,144,1,1,1034,broad_xyz,21.99112410904393,False,0.8029825244033807,0.9217650058992417,0.9494167758802987,-0.2195871955421063,-0.9126373804836377,-0.476937524275921,0.2941387667611588,0.19169319872372215,2.24633779487864e-15,17.52339266927084,34
0.9,7,144,1,1,1034,broad_xyz,21.99112410904393,False,0.79678944044357,0.9298214944095695,0.9474444864658789,-0.22213213871741827,-0.8625067379151652,-0.4947922675094698,0.29854471096015506,0.19182044538526288,2.24633779487864e-15,17.52339266927084,34
0.95,7,144,1,1,1034,broad_xyz,21.99112410904393,False,0.8098456804669502,0.9311331218011758,0.9525390290540403,-0.34908742788714897,-0.8988176142856162,-0.5349211749082774,0.2971968301106266,0.2007019104554743,2.24633779487864e-15,17.52339266927084,34
1.0,7,144,1,1,1034,broad_xyz,21.99112410904393,False,0.811438380542413,0.8919958210372806,0.9499640570042563,-0.7251665768726346,-0.9091144893278245,-0.6122593842923522,0.2937523917135355,0.216086146725253,2.24633779487864e-15,17.52339266927084,34
0.05,7,144,1,1,1035,broad_xyz,21.99112410904393,False,0.2907338216369471,0.5599800560565168,-0.41877787790387744,-0.5786873354878843,-0.4727830600546272,-0.08390437382646997,0.0026375006229630597,0.0005381042979789136,2.24633779487864e-15,17.52339266927084,35
0.075,7,144,1,1,1035,broad_xyz,21.99112410904393,False,0.47153105892042496,0.6219478566416138,-0.3083766623016724,-0.5485601730085137,-0.43247604422909347,-0.1304081372912241,0.006578353642268386,0.0015745252203151583,2.24633779487864e-15,17.52339266927084,35
0.1,7,144,1,1,1035,broad_xyz,21.99112410904393,False,0.6358724021072245,0.6777431129852405,-0.17646802290402624,-0.5181568656421534,-0.45243102549704883,-0.17757939745399823,0.013136009025312562,0.0037521184358273174,2.24633779487864e-15,17.52339266927084,35
0.125,7,144,1,1,1035,broad_xyz,21.99112410904393,False,0.7537577636684554,0.7351100697197829,-0.036248468501584696,-0.5014958697027608,-0.574815571172069,-0.2185978575972869,0.024379413574776316,0.007879718504977476,2.24633779487864e-15,17.52339266927084,35
0.15,7,144,1,1,1035,broad_xyz,21.99112410904393,False,0.8236930849160008,0.7908833627978032,0.11558294754170409,-0.4979555532119943,-0.7609374937385064,-0.2538845893946293,0.040625841956930274,0.015332107829025018,2.24633779487864e-15,17.52339266927084,35
0.1625,7,144,1,1,1035,broad_xyz,21.99112410904393,False,0.8455183722278234,0.8168271813602888,0.19794752387472564,-0.49992206380238435,-0.8184342930056681,-0.27231571955402584,0.05111282997486451,0.020998988559674074,2.24633779487864e-15,17.52339266927084,35
0.175,7,144,1,1,1035,broad_xyz,21.99112410904393,False,0.8620036296248994,0.8362120541313388,0.2782447670315641,-0.507803129494228,-0.8274441423686353,-0.2889161286694102,0.06434199491793136,0.028291840952233322,2.24633779487864e-15,17.52339266927084,35
0.1875,7,144,1,1,1035,broad_xyz,21.99112410904393,False,0.8786299229852239,0.8510852403858877,0.34830826927976827,-0.5288264101483466,-0.8038189284173073,-0.3004656176683962,0.08067277962720945,0.03719593326419932,2.24633779487864e-15,17.52339266927084,35
0.2,7,144,1,1,1035,broad_xyz,21.99112410904393,False,0.8951244584966929,0.861048820667401,0.4061286522265036,-0.5640327420185465,-0.7711178740049514,-0.30481866430989285,0.09986344178811593,0.047542361859271104,2.24633779487864e-15,17.52339266927084,35
0.2125,7,144,1,1,1035,broad_xyz,21.99112410904393,False,0.9078888222376699,0.8675850657881277,0.4545202309557525,-0.6088647014428571,-0.7304380907871719,-0.3051420947534382,0.12032137801500817,0.059155834808566975,2.24633779487864e-15,17.52339266927084,35
0.225,7,144,1,1,1035,broad_xyz,21.99112410904393,False,0.9175070826822563,0.8710103790540829,0.5018034462069105,-0.6548493049227557,-0.6928015069350337,-0.30754689363935533,0.14045281989225736,0.0719536290052155,2.24633779487864e-15,17.52339266927084,35
0.2375,7,144,1,1,1035,broad_xyz,21.99112410904393,False,0.9232430797361462,0.8727567369185393,0.5473968066543203,-0.7000164174537654,-0.661875902254337,-0.30816300764307997,0.15956873272839134,0.08555148798547231,2.24633779487864e-15,17.52339266927084,35
0.25,7,144,1,1,1035,broad_xyz,21.99112410904393,False,0.9254053188215722,0.8725256702011194,0.5947685974469716,-0.7402066487529285,-0.6393724622918157,-0.3103486593620294,0.1770609216754364,0.09970442396312743,2.24633779487864e-15,17.52339266927084,35
0.27,7,144,1,1,1035,broad_xyz,21.99112410904393,False,0.9234272308119977,0.8698419453532973,0.672947920807202,-0.7900377159881207,-0.6110747049402763,-0.31382575577697236,0.20056134077244522,0.12244484480918505,2.24633779487864e-15,17.52339266927084,35
0.29,7,144,1,1,1035,broad_xyz,21.99112410904393,False,0.9181452995957838,0.868163542952762,0.7473446342988695,-0.824996873848742,-0.578050527609263,-0.31022823667063937,0.22112687328624378,0.14345483279430937,2.24633779487864e-15,17.52339266927084,35
0.31,7,144,1,1,1035,broad_xyz,21.99112410904393,False,0.9131438826765497,0.8777285392772068,0.7973311578657712,-0.8614866200601526,-0.5214522677937806,-0.27480220863218685,0.23841763950496536,0.15997456149161987,2.24633779487864e-15,17.52339266927084,35
0.33,7,144,1,1,1035,broad_xyz,21.99112410904393,False,0.9079158340846442,0.8990792243190242,0.8242672015267573,-0.9005361085309577,-0.44411946980215117,-0.20650968598129277,0.2514683246407512,0.17045020674621977,2.24633779487864e-15,17.52339266927084,35
0.35,7,144,1,1,1035,broad_xyz,21.99112410904393,False,0.8959432322978027,0.9209781822208848,0.846932707542174,-0.9292195983442176,-0.37525028245352765,-0.13043460179346805,0.269004179304979,0.17521914925803633,2.24633779487864e-15,17.52339266927084,35
0.37,7,144,1,1,1035,broad_xyz,21.99112410904393,False,0.8727709927459363,0.9348890125137468,0.8798327371683878,-0.9385439480554351,-0.34517241812964244,-0.0780496685477759,0.279883304366287,0.1766204765387504,2.24633779487864e-15,17.52339266927084,35
0.39,7,144,1,1,1035,broad_xyz,21.99112410904393,False,0.8358692318435625,0.9442009363439252,0.9091925322291049,-0.9389617205610542,-0.35459438752412953,-0.03843924019185128,0.28477394801522415,0.1754262837305744,2.24633779487864e-15,17.52339266927084,35
0.41000000000000003,7,144,1,1,1035,broad_xyz,21.99112410904393,False,0.7879301717882955,0.9473291690684968,0.9300825135834037,-0.9349388364621403,-0.40895583432326654,-0.017632134226014992,0.2861591042464369,0.17350546368944547,2.24633779487864e-15,17.52339266927084,35
0.43,7,144,1,1,1035,broad_xyz,21.99112410904393,False,0.739658328957795,0.9454709943443258,0.9423551535984096,-0.929875150395761,-0.5226203431034258,-0.02088632851970728,0.28670423538047585,0.17251666726752213,2.24633779487864e-15,17.52339266927084,35
0.45,7,144,1,1,1035,broad_xyz,21.99112410904393,False,0.7030105699766517,0.9424589515046901,0.9478297639989126,-0.9280582033042863,-0.6089747310284955,-0.03925917843990268,0.2880287551636445,0.17287771404147634,2.24633779487864e-15,17.52339266927084,35
0.5,7,144,1,1,1035,broad_xyz,21.99112410904393,False,0.7159207256977508,0.9355893400883388,0.9452987070766041,-0.9478046314402697,-0.5062090759241511,-0.14406628723755363,0.28496988269394197,0.18191925400581127,2.24633779487864e-15,17.52339266927084,35
0.55,7,144,1,1,1035,broad_xyz,21.99112410904393,False,0.7610739616603791,0.8869911773657065,0.9240900587740747,-0.9505941699984057,-0.5083344774929146,-0.35421499712125837,0.2851511200518754,0.20212025124019797,2.24633779487864e-15,17.52339266927084,35
0.6,7,144,1,1,1035,broad_xyz,21.99112410904393,False,0.7151959633069213,0.7928049002846597,0.9258750629962997,-0.9265933173632038,-0.6826258834971971,-0.5901635313353092,0.2921031872469513,0.2176767913827248,2.24633779487864e-15,17.52339266927084,35
0.6499999999999999,7,144,1,1,1035,broad_xyz,21.99112410904393,False,0.7110380342190668,0.774124957958903,0.9410915433054059,-0.9308218236941931,-0.809607349071014,-0.6465568140933939,0.29401875699697355,0.21730682324631176,2.24633779487864e-15,17.52339266927084,35
0.7,7,144,1,1,1035,broad_xyz,21.99112410904393,False,0.6896900404851692,0.7854581240500038,0.9654650449390005,-0.9221344399305423,-0.9095525573162038,-0.6179605741174711,0.2862695536929659,0.20950350316250668,2.24633779487864e-15,17.52339266927084,35
0.725,7,144,1,1,1035,broad_xyz,21.99112410904393,False,0.6157776948016885,0.7797735306748079,0.9696247378531261,-0.897598368182697,-0.9262405337791645,-0.6021864218046534,0.27851230931973364,0.20446728291860802,2.24633779487864e-15,17.52339266927084,35
0.75,7,144,1,1,1035,broad_xyz,21.99112410904393,False,0.5338700968537924,0.7705242824783243,0.9652650337903601,-0.8443330225546851,-0.9281343638107529,-0.5879263946020836,0.27732887387014354,0.19923583583488583,2.24633779487864e-15,17.52339266927084,35
0.775,7,144,1,1,1035,broad_xyz,21.99112410904393,False,0.4797133432471211,0.7688459146547921,0.9553328204841142,-0.7340494876347287,-0.924900895675495,-0.5742875021011584,0.27435680582131594,0.19423139980523252,2.24633779487864e-15,17.52339266927084,35
0.8,7,144,1,1,1035,broad_xyz,21.99112410904393,False,0.4711341945805603,0.7829439235071565,0.9451066382532924,-0.5355441089660311,-0.9198644585291141,-0.5644173428440025,0.2753068633196688,0.18995861550897242,2.24633779487864e-15,17.52339266927084,35
0.825,7,144,1,1,1035,broad_xyz,21.99112410904393,False,0.5005606904026006,0.8097249995208343,0.9374974717478266,-0.2820959765660357,-0.9143700446873575,-0.5622144020380382,0.2720781922490331,0.18675256617994368,2.24633779487864e-15,17.52339266927084,35
0.85,7,144,1,1,1035,broad_xyz,21.99112410904393,False,0.5409522485856508,0.8378153978921117,0.9330929815285963,-0.0874548165221263,-0.9087776825933042,-0.5653220293139439,0.27363659096539594,0.1844432750836272,2.24633779487864e-15,17.52339266927084,35
0.875,7,144,1,1,1035,broad_xyz,21.99112410904393,False,0.5623526722368695,0.8567929522311166,0.9311599358226723,-0.011798496119511968,-0.8930701962876901,-0.5645895660764148,0.2757482889963451,0.1827836017382643,2.24633779487864e-15,17.52339266927084,35
0.9,7,144,1,1,1035,broad_xyz,21.99112410904393,False,0.5565827900191477,0.8625059638687161,0.929025524655873,-0.025515589059222136,-0.8529246691922764,-0.5598118690264708,0.2761638892909031,0.18244435380573534,2.24633779487864e-15,17.52339266927084,35
0.95,7,144,1,1,1035,broad_xyz,21.99112410904393,False,0.5482368242136697,0.839354977562056,0.9234962430221225,-0.17182899397337068,-0.8689786109149608,-0.5610333387359129,0.28439176272971284,0.18717597591002066,2.24633779487864e-15,17.52339266927084,35
1.0,7,144,1,1,1035,broad_xyz,21.99112410904393,False,0.598609926546633,0.789237151733972,0.9242378636496205,-0.453123325851789,-0.8623023089090357,-0.5926102564578443,0.28830095221300833,0.19550829599198202,2.24633779487864e-15,17.52339266927084,35
0.05,7,144,1,1,1036,broad_xyz,21.99112410904393,False,0.20141466121482404,0.5061252276298754,0.0152099417459605,-0.4560689709262554,-0.305744436589656,0.1279723821529751,0.004797285415746975,0.000990464692200732,2.24633779487864e-15,17.52339266927084,36
0.075,7,144,1,1,1036,broad_xyz,21.99112410904393,False,0.3180061064646631,0.564312251088256,0.12118045029248858,-0.4993960634107526,-0.4591523854330989,0.05808769686507792,0.012586130584888866,0.002999963708535744,2.24633779487864e-15,17.52339266927084,36
0.1,7,144,1,1,1036,broad_xyz,21.99112410904393,False,0.4585173112469411,0.6331826290909789,0.24956981494053304,-0.536833794651737,-0.6654149030820989,-0.004432078641039106,0.026395973258599374,0.007382910884382467,2.24633779487864e-15,17.52339266927084,36
0.125,7,144,1,1,1036,broad_xyz,21.99112410904393,False,0.6037472345357241,0.7030359428598005,0.3864916033116213,-0.5685756277472119,-0.8336007074680002,-0.058921120633638704,0.04767392652084623,0.01575966604201258,2.24633779487864e-15,17.52339266927084,36
0.15,7,144,1,1,1036,broad_xyz,21.99112410904393,False,0.732655357020804,0.7696744305108587,0.5149347616477215,-0.6021419951169822,-0.8897035514450973,-0.09832558505899278,0.0767324316699317,0.029851572515337606,2.24633779487864e-15,17.52339266927084,36
0.1625,7,144,1,1,1036,broad_xyz,21.99112410904393,False,0.7827838958062758,0.7997377563405579,0.5698256691832646,-0.6246563158445745,-0.883228851487991,-0.11196603755106947,0.09489149259777532,0.03929466152242903,2.24633779487864e-15,17.52339266927084,36
0.175,7,144,1,1,1036,broad_xyz,21.99112410904393,False,0.822132527343055,0.825259226581806,0.617672351323751,-0.6527305451824865,-0.866475784382332,-0.12490210743350441,0.11444618539605625,0.05031652327836687,2.24633779487864e-15,17.52339266927084,36
0.1875,7,144,1,1,1036,broad_xyz,21.99112410904393,False,0.8512219761488068,0.8475682049924976,0.6571103472063236,-0.6884527131887364,-0.8432300943723731,-0.13439462493236223,0.13537835005665794,0.06275296006831511,2.24633779487864e-15,17.52339266927084,36
0.2,7,144,1,1,1036,broad_xyz,21.99112410904393,False,0.8734900515748727,0.8659663164860136,0.69103454474332,-0.7292043683945234,-0.8151895724656272,-0.14267244559089282,0.1566873835718589,0.0763690673609877,2.24633779487864e-15,17.52339266927084,36
0.2125,7,144,1,1,1036,broad_xyz,21.99112410904393,False,0.89101372558225,0.8807553606585622,0.7211051524562746,-0.7727561957123041,-0.7852433801135074,-0.15051728523504285,0.17780012049246657,0.09103082336803286,2.24633779487864e-15,17.52339266927084,36
0.225,7,144,1,1,1036,broad_xyz,21.99112410904393,False,0.9051505508130715,0.8928491761633564,0.7493436576648481,-0.8152581166451331,-0.7574030555386934,-0.15706596797174813,0.19818620215808563,0.10655358162175442,2.24633779487864e-15,17.52339266927084,36
0.2375,7,144,1,1,1036,broad_xyz,21.99112410904393,False,0.9168326511765813,0.9016915283494954,0.777308002093426,-0.8525680936708794,-0.7289768402487086,-0.16391708295476953,0.2173949159093307,0.12282761332330137,2.24633779487864e-15,17.52339266927084,36
0.25,7,144,1,1,1036,broad_xyz,21.99112410904393,False,0.9258076431771955,0.9064271325628426,0.8057711514813878,-0.8811895364531578,-0.6980708257809293,-0.17119417591768787,0.2350798225651963,0.1395631754352794,2.24633779487864e-15,17.52339266927084,36
0.27,7,144,1,1,1036,broad_xyz,21.99112410904393,False,0.9373377151868764,0.907796546269791,0.857498716343315,-0.9050307389903087,-0.6301139165632632,-0.19049483818475,0.2617623736082467,0.1662581203390017,2.24633779487864e-15,17.52339266927084,36
0.29,7,144,1,1,1036,broad_xyz,21.99112410904393,False,0.9443881036874807,0.9092096552280728,0.9023720037396057,-0.9180199971284004,-0.5738213794423522,-0.20534483970318276,0.28428577734846694,0.18896070455346342,2.24633779487864e-15,17.52339266927084,36
0.31,7,144,1,1,1036,broad_xyz,21.99112410904393,False,0.944569397132201,0.9188647157729531,0.9248324252903927,-0.936708217826776,-0.5446601167492484,-0.19999384492288497,0.30033191970352735,0.20379844175057077,2.24633779487864e-15,17.52339266927084,36
0.33,7,144,1,1,1036,broad_xyz,21.99112410904393,False,0.9351422428922573,0.934018741314325,0.9303027740558997,-0.9583224707437282,-0.5256616252440405,-0.17906616430436362,0.30992026172594433,0.20978117452854086,2.24633779487864e-15,17.52339266927084,36
0.35,7,144,1,1,1036,broad_xyz,21.99112410904393,False,0.9160110476703305,0.9450858936227848,0.9366796802692405,-0.9717337024011671,-0.5253934791270487,-0.1668014041864517,0.31712968241936357,0.20945023410168184,2.24633779487864e-15,17.52339266927084,36
0.37,7,144,1,1,1036,broad_xyz,21.99112410904393,False,0.8890926717646748,0.9498613543355988,0.9483673006048283,-0.9747211268961926,-0.5465371288745037,-0.17612762141718813,0.3226529071655291,0.20619333864511744,2.24633779487864e-15,17.52339266927084,36
0.39,7,144,1,1,1036,broad_xyz,21.99112410904393,False,0.8522827425213403,0.9478363316100374,0.9573596133170923,-0.9695451371816126,-0.5835868832361133,-0.2017597246221312,0.32450339417948265,0.20194852923671014,2.24633779487864e-15,17.52339266927084,36
0.41000000000000003,7,144,1,1,1036,broad_xyz,21.99112410904393,False,0.8095740395695116,0.9402286480010731,0.9602291816251474,-0.9593354324488369,-0.6510644212802464,-0.2315633227925933,0.32459337548797096,0.19796249848227448,2.24633779487864e-15,17.52339266927084,36
0.43,7,144,1,1,1036,broad_xyz,21.99112410904393,False,0.7682577247876269,0.9311100993620588,0.9585073997715,-0.9485154401325485,-0.727453652958682,-0.2589981583825991,0.3193189364091632,0.1950057028488674,2.24633779487864e-15,17.52339266927084,36
0.45,7,144,1,1,1036,broad_xyz,21.99112410904393,False,0.7372562613065546,0.9236685085517236,0.9548905955595578,-0.9417232325110549,-0.7637501489713894,-0.2817775865918534,0.31413817350470197,0.19385233037827268,2.24633779487864e-15,17.52339266927084,36
0.5,7,144,1,1,1036,broad_xyz,21.99112410904393,False,0.742451198410722,0.9215246558440048,0.9495239309657028,-0.9561128559427865,-0.6150793957705952,-0.31652365539211436,0.31156207388646456,0.20199602312649617,2.24633779487864e-15,17.52339266927084,36
0.55,7,144,1,1,1036,broad_xyz,21.99112410904393,False,0.7718186676851421,0.8756460452681428,0.9380999691615182,-0.9542998435291207,-0.6172166109271119,-0.39861157437114264,0.319295059999981,0.22683097478757602,2.24633779487864e-15,17.52339266927084,36
0.6,7,144,1,1,1036,broad_xyz,21.99112410904393,False,0.7214133710258334,0.7877058985904439,0.9384600265270298,-0.9148622657293803,-0.7772076958283312,-0.593004375355232,0.31949018074891355,0.2456193035922881,2.24633779487864e-15,17.52339266927084,36
0.6499999999999999,7,144,1,1,1036,broad_xyz,21.99112410904393,False,0.7103785315829725,0.814021534861327,0.9370695052379652,-0.9155530815229704,-0.8847212553069169,-0.6509870281659772,0.3113509051389666,0.24192644569325703,2.24633779487864e-15,17.52339266927084,36
0.7,7,144,1,1,1036,broad_xyz,21.99112410904393,False,0.695131567638574,0.851004212478692,0.9456751259802144,-0.9187533877563072,-0.93246720920795,-0.6201541655443792,0.2957991936169352,0.23173968094162697,2.24633779487864e-15,17.52339266927084,36
0.725,7,144,1,1,1036,broad_xyz,21.99112410904393,False,0.6717929275969157,0.8583053223370238,0.9518004758401601,-0.9097498672815487,-0.9389191264952348,-0.6052139354431386,0.289947542177848,0.2264632969869018,2.24633779487864e-15,17.52339266927084,36
0.75,7,144,1,1,1036,broad_xyz,21.99112410904393,False,0.6493737755709998,0.8607411037597391,0.9547801668477516,-0.8846594004914335,-0.9404487193759203,-0.5929939448954795,0.2839510744255794,0.22013266652026317,2.24633779487864e-15,17.52339266927084,36
0.775,7,144,1,1,1036,broad_xyz,21.99112410904393,False,0.640537904305937,0.8623554350370108,0.9536260471430409,-0.8141456953743889,-0.9382382295809539,-0.5822616598960343,0.28245250621917917,0.21271731140230937,2.24633779487864e-15,17.52339266927084,36
0.8,7,144,1,1,1036,broad_xyz,21.99112410904393,False,0.6476159764596909,0.8665316010448535,0.947770408924442,-0.631134908575511,-0.9321727345727513,-0.569269047140054,0.2849410099898938,0.20469539302333672,2.24633779487864e-15,17.52339266927084,36
0.825,7,144,1,1,1036,broad_xyz,21.99112410904393,False,0.6659413105011173,0.8754481438021252,0.9371599437798045,-0.32954465260237414,-0.9240234820485964,-0.5571508865287726,0.2842553515584011,0.19683117391690447,2.24633779487864e-15,17.52339266927084,36
0.85,7,144,1,1,1036,broad_xyz,21.99112410904393,False,0.6846585755664301,0.8883326652318654,0.9264382582539193,-0.12017140529910508,-0.9164315271502561,-0.5440033720690832,0.28188504482688603,0.18980454111429504,2.24633779487864e-15,17.52339266927084,36
0.875,7,144,1,1,1036,broad_xyz,21.99112410904393,False,0.6919455504065796,0.8996279780586841,0.9212667064357096,-0.09131922092264345,-0.9055121573183045,-0.5264433493669627,0.27883227599515903,0.1846085988184054,2.24633779487864e-15,17.52339266927084,36
0.9,7,144,1,1,1036,broad_xyz,21.99112410904393,False,0.6917001229108423,0.9049133116405566,0.9189343896020139,-0.16234965639768822,-0.8724091132099258,-0.5141292886910933,0.27773074808424114,0.1830353233155753,2.24633779487864e-15,17.52339266927084,36
0.95,7,144,1,1,1036,broad_xyz,21.99112410904393,False,0.7112211109607272,0.8965457732214974,0.9168350220922158,-0.3761682026893575,-0.9055137745651809,-0.5095039206659121,0.2835728829828759,0.19156386479337342,2.24633779487864e-15,17.52339266927084,36
1.0,7,144,1,1,1036,broad_xyz,21.99112410904393,False,0.7532731000093564,0.8538642697970973,0.9194385531192362,-0.6942409583079219,-0.9159801381717473,-0.544286151775189,0.2932694754750366,0.20679066936178137,2.24633779487864e-15,17.52339266927084,36
0.05,7,144,1,1,1037,broad_xyz,21.99112410904393,False,0.15717339052361323,0.5232755651395693,-0.523058958980584,-0.618901464636157,-0.5097385962142102,0.3165579441539419,0.003219817342796137,0.0008088643755846557,2.24633779487864e-15,17.52339266927084,37
0.075,7,144,1,1,1037,broad_xyz,21.99112410904393,False,0.14573016716642687,0.5230460135708752,-0.5286315114366411,-0.6467684797239913,-0.5509720271156213,0.3691732801143966,0.00902777658933821,0.0022763848014023483,2.24633779487864e-15,17.52339266927084,37
0.1,7,144,1,1,1037,broad_xyz,21.99112410904393,False,0.17613358696354212,0.5364202373780972,-0.5252807759880211,-0.6775504599873025,-0.6102844230069435,0.4228769454357137,0.01939455507665721,0.005088981283833003,2.24633779487864e-15,17.52339266927084,37
0.125,7,144,1,1,1037,broad_xyz,21.99112410904393,False,0.25751857894387853,0.5671223108267893,-0.5010325019181044,-0.7080179867754948,-0.6745655057539406,0.4633357941603069,0.03491606273686232,0.009904825349003778,2.24633779487864e-15,17.52339266927084,37
0.15,7,144,1,1,1037,broad_xyz,21.99112410904393,False,0.3879023459011599,0.6243550938375734,-0.437883299811553,-0.7332497979015937,-0.7397833445995485,0.4725710507069193,0.05470264889610069,0.017621521807902614,2.24633779487864e-15,17.52339266927084,37
0.1625,7,144,1,1,1037,broad_xyz,21.99112410904393,False,0.4659964709897482,0.669007864099081,-0.38473964228212276,-0.7451895124719399,-0.7743441703328873,0.45740003710299587,0.06622731234962383,0.023161492550894208,2.24633779487864e-15,17.52339266927084,37
0.175,7,144,1,1,1037,broad_xyz,21.99112410904393,False,0.5412337588553287,0.7212194934048417,-0.3108164315978412,-0.7524425230982441,-0.8094427323117086,0.421717641634632,0.07865974415065752,0.030153765512837685,2.24633779487864e-15,17.52339266927084,37
0.1875,7,144,1,1,1037,broad_xyz,21.99112410904393,False,0.6059132697489942,0.7750011005433269,-0.21924869588036563,-0.7537343467442164,-0.8433297209333529,0.369184117541879,0.0914115117341307,0.038793071044684733,2.24633779487864e-15,17.52339266927084,37
0.2,7,144,1,1,1037,broad_xyz,21.99112410904393,False,0.6513523590054394,0.8155445440610016,-0.13325000779061844,-0.7567700518268135,-0.8675558417863264,0.31781328701728195,0.10423345532762571,0.04870133188315353,2.24633779487864e-15,17.52339266927084,37
0.2125,7,144,1,1,1037,broad_xyz,21.99112410904393,False,0.6857033545201504,0.8458994482332491,-0.05451707097683227,-0.7631942311078135,-0.8774457024872317,0.27044815496000857,0.11928252363967182,0.05965709300493506,2.24633779487864e-15,17.52339266927084,37
0.225,7,144,1,1,1037,broad_xyz,21.99112410904393,False,0.7098299592980312,0.8646770803790516,0.012708787447856282,-0.7743976239171407,-0.8643406270153977,0.23277610446866082,0.13584202815480223,0.07116579847685747,2.24633779487864e-15,17.52339266927084,37
0.2375,7,144,1,1,1037,broad_xyz,21.99112410904393,False,0.7255279784286699,0.8753253273679499,0.0693802540727203,-0.7915251395992164,-0.8240497830392376,0.2093798238612625,0.1560098942321802,0.08286736515723575,2.24633779487864e-15,17.52339266927084,37
0.25,7,144,1,1,1037,broad_xyz,21.99112410904393,False,0.7415197903954887,0.884927895327294,0.12640426112800512,-0.8097005561687993,-0.7561958204304245,0.19499057647112344,0.17462073975589834,0.09469300083035456,2.24633779487864e-15,17.52339266927084,37
0.27,7,144,1,1,1037,broad_xyz,21.99112410904393,False,0.7690134117757198,0.9017354178903354,0.22494893361170162,-0.8358707434591003,-0.6208752216857321,0.18822668330942996,0.2001047946857703,0.11327645281630419,2.24633779487864e-15,17.52339266927084,37
0.29,7,144,1,1,1037,broad_xyz,21.99112410904393,False,0.7958949948254685,0.9186037011319917,0.3518999608379523,-0.841322409353088,-0.5013346555242758,0.18603916219207423,0.21960375233737944,0.13139376392809468,2.24633779487864e-15,17.52339266927084,37
0.31,7,144,1,1,1037,broad_xyz,21.99112410904393,False,0.825040410609449,0.9369330899705406,0.4896004295382783,-0.8369095967249751,-0.42680179772338295,0.18971573592441893,0.23305261695637727,0.14738291596957281,2.24633779487864e-15,17.52339266927084,37
0.33,7,144,1,1,1037,broad_xyz,21.99112410904393,False,0.8444315891928681,0.9515596923353205,0.5880480468386972,-0.8562754534630401,-0.3687710309156682,0.2234289636849166,0.24145948541423912,0.15808634730277993,2.24633779487864e-15,17.52339266927084,37
0.35,7,144,1,1,1037,broad_xyz,21.99112410904393,False,0.8617940706133179,0.9607162158662016,0.6644859103426357,-0.884493796640993,-0.32611807249577895,0.26900252811739855,0.24575340009401864,0.16418830437123327,2.24633779487864e-15,17.52339266927084,37
0.37,7,144,1,1,1037,broad_xyz,21.99112410904393,False,0.8797829522105244,0.9655424243118182,0.7393344692294851,-0.8991779673599787,-0.3258680691788513,0.3057411751406463,0.25048110773791843,0.16777443470090603,2.24633779487864e-15,17.52339266927084,37
0.39,7,144,1,1,1037,broad_xyz,21.99112410904393,False,0.8849671972042754,0.9656079498988763,0.8023940819359441,-0.8992440076858922,-0.3576740601085167,0.33151219730774406,0.25903042100506635,0.16967365229140172,2.24633779487864e-15,17.52339266927084,37
0.41000000000000003,7,144,1,1,1037,broad_xyz,21.99112410904393,False,0.8768475341501101,0.9609417535524577,0.8471355913393026,-0.8891849638087861,-0.40092444430195084,0.33880229553293,0.26270120348751214,0.1706652098094709,2.24633779487864e-15,17.52339266927084,37
0.43,7,144,1,1,1037,broad_xyz,21.99112410904393,False,0.8603527113987045,0.9527458498178467,0.8724254592484068,-0.8754336398094317,-0.47726163214478684,0.3235931469839718,0.26357516841466255,0.171275420864745,2.24633779487864e-15,17.52339266927084,37
0.45,7,144,1,1,1037,broad_xyz,21.99112410904393,False,0.8401004875058579,0.9438432664030085,0.8837033176706723,-0.8648395079186826,-0.544197421071875,0.28545564686412184,0.2694126364597845,0.17193173359288552,2.24633779487864e-15,17.52339266927084,37
0.5,7,144,1,1,1037,broad_xyz,21.99112410904393,False,0.8046342172902647,0.9364791496823099,0.8890252484566388,-0.8890235145234384,-0.5556399103075873,0.13655282200059962,0.2806005780311359,0.1771116195199186,2.24633779487864e-15,17.52339266927084,37
0.55,7,144,1,1,1037,broad_xyz,21.99112410904393,False,0.7858567249995595,0.9185971012760246,0.8118916547368318,-0.9215894487888022,-0.5898363254860595,-0.05592263363821437,0.2788952658796397,0.19033714657739853,2.24633779487864e-15,17.52339266927084,37
0.6,7,144,1,1,1037,broad_xyz,21.99112410904393,False,0.7358724316825757,0.8812587547992854,0.7670535245145325,-0.8867646295129158,-0.7123445266112772,-0.3441919093217781,0.27899683250127333,0.2046141964706053,2.24633779487864e-15,17.52339266927084,37
0.6499999999999999,7,144,1,1,1037,broad_xyz,21.99112410904393,False,0.7210607775173341,0.8667682592486378,0.7798166936824906,-0.8699957239446169,-0.8423955951608443,-0.45149854541573564,0.2735531766528259,0.20839448357530785,2.24633779487864e-15,17.52339266927084,37
0.7,7,144,1,1,1037,broad_xyz,21.99112410904393,False,0.7347017641544571,0.8720045070844994,0.8070718839429663,-0.8744137712830443,-0.9162282415120567,-0.4290472477518185,0.27749461507552764,0.20444532259171155,2.24633779487864e-15,17.52339266927084,37
0.725,7,144,1,1,1037,broad_xyz,21.99112410904393,False,0.7511049535396084,0.8787631849327299,0.8398609344039518,-0.8637418946715416,-0.9337848056711693,-0.42555583962377497,0.27654851346993137,0.20168292348085343,2.24633779487864e-15,17.52339266927084,37
0.75,7,144,1,1,1037,broad_xyz,21.99112410904393,False,0.7698149252793491,0.886575945503535,0.8733909994141255,-0.8411571404321072,-0.9426973876061955,-0.4290852303069457,0.2732600186802822,0.1986120850176795,2.24633779487864e-15,17.52339266927084,37
0.775,7,144,1,1,1037,broad_xyz,21.99112410904393,False,0.7853194089642324,0.8972154418796171,0.902787461534419,-0.7999002814832635,-0.947473235260019,-0.4379058758770659,0.27254242401899875,0.19550321434605955,2.24633779487864e-15,17.52339266927084,37
0.8,7,144,1,1,1037,broad_xyz,21.99112410904393,False,0.796184475063962,0.9097101849342527,0.9263891190040054,-0.722968151455841,-0.9465065744806502,-0.4522642496887511,0.2741547994690684,0.1930278122683047,2.24633779487864e-15,17.52339266927084,37
0.825,7,144,1,1,1037,broad_xyz,21.99112410904393,False,0.8022245719159258,0.919479631783156,0.9425631837687335,-0.5799547709856233,-0.9363383790548614,-0.4748453271420469,0.2770309180777404,0.19209150124715857,2.24633779487864e-15,17.52339266927084,37
0.85,7,144,1,1,1037,broad_xyz,21.99112410904393,False,0.8044074826850418,0.9215347691159694,0.9480618122059709,-0.37855440681096647,-0.920262745191481,-0.4929019416975095,0.2838941990154359,0.1924268121015617,2.24633779487864e-15,17.52339266927084,37
0.875,7,144,1,1,1037,broad_xyz,21.99112410904393,False,0.807140512129218,0.9181061149109976,0.9470702648429109,-0.21217475631417843,-0.8961955086507931,-0.49330532158144197,0.2918941734053031,0.19305947693514203,2.24633779487864e-15,17.52339266927084,37
0.9,7,144,1,1,1037,broad_xyz,21.99112410904393,False,0.810915171975308,0.9140904886845334,0.9452231379749141,-0.12434327308349274,-0.855154448097915,-0.48627488945628705,0.2948257060970664,0.19400079925398983,2.24633779487864e-15,17.52339266927084,37
0.95,7,144,1,1,1037,broad_xyz,21.99112410904393,False,0.8128829967665466,0.9059123075665044,0.940594328056416,-0.11665341172802685,-0.8818999602270533,-0.49308483963217,0.2889057848851805,0.19821266670440124,2.24633779487864e-15,17.52339266927084,37
1.0,7,144,1,1,1037,broad_xyz,21.99112410904393,False,0.815584294410284,0.8866785463977629,0.9509212390903591,-0.4586368343249954,-0.8967182071356011,-0.47821685432997313,0.289318592170884,0.20332046413272614,2.24633779487864e-15,17.52339266927084,37
0.05,7,144,1,1,1038,broad_xyz,21.99112410904393,False,0.505020275624041,0.5758947577962521,-0.04095032178304135,-0.45655232578886273,-0.10760798873923336,-0.2212884255454187,0.003483908825652139,0.0008389495288459235,2.24633779487864e-15,17.52339266927084,38
0.075,7,144,1,1,1038,broad_xyz,21.99112410904393,False,0.6171611209000257,0.6068436351433116,0.09314328026049576,-0.48870304089164884,-0.19943618784555867,-0.16722662556539813,0.00891949148235428,0.0021968895628257826,2.24633779487864e-15,17.52339266927084,38
0.1,7,144,1,1,1038,broad_xyz,21.99112410904393,False,0.7064636040865891,0.6451314024279077,0.2429416711729714,-0.5357522493148316,-0.40167569352855853,-0.0836390414156636,0.018080190922997015,0.004792924279888418,2.24633779487864e-15,17.52339266927084,38
0.125,7,144,1,1,1038,broad_xyz,21.99112410904393,False,0.766950988670942,0.6934671014756747,0.3776113152989621,-0.605533288874644,-0.5928957524579429,0.019950054794667913,0.031986883213027985,0.009516723963004983,2.24633779487864e-15,17.52339266927084,38
0.15,7,144,1,1,1038,broad_xyz,21.99112410904393,False,0.8044607074895206,0.7487562803624797,0.4773710453621318,-0.6909917937979236,-0.7112020093183857,0.13345353994665868,0.05216154720725983,0.01767539366897409,2.24633779487864e-15,17.52339266927084,38
0.1625,7,144,1,1,1038,broad_xyz,21.99112410904393,False,0.8176023494678848,0.7759927599276857,0.513947082663609,-0.7328846301875163,-0.7490132125018931,0.19043876596436948,0.06499286142728496,0.02345334139266729,2.24633779487864e-15,17.52339266927084,38
0.175,7,144,1,1,1038,broad_xyz,21.99112410904393,False,0.8301482737306115,0.8028523637441028,0.5447999692785502,-0.7711623891569636,-0.7823548049124764,0.24849120034067188,0.07978029565252437,0.030577528876771603,2.24633779487864e-15,17.52339266927084,38
0.1875,7,144,1,1,1038,broad_xyz,21.99112410904393,False,0.8433401893079553,0.827838046670487,0.5729892470657088,-0.8026278415447918,-0.8089405444274309,0.30215738198822256,0.09552222367114323,0.039107009105208285,2.24633779487864e-15,17.52339266927084,38
0.2,7,144,1,1,1038,broad_xyz,21.99112410904393,False,0.8561641655591916,0.8498264711814049,0.6010952542089562,-0.8278919118142702,-0.8355559125695121,0.34926087271332346,0.11187473521333477,0.049199389487317106,2.24633779487864e-15,17.52339266927084,38
0.2125,7,144,1,1,1038,broad_xyz,21.99112410904393,False,0.867797595886698,0.8690613734689265,0.6272867629419753,-0.8511659147423152,-0.8611963301933491,0.3929478637060649,0.12846916290560287,0.060725763072743404,2.24633779487864e-15,17.52339266927084,38
0.225,7,144,1,1,1038,broad_xyz,21.99112410904393,False,0.877158511505626,0.8846244394850112,0.6563480351808848,-0.8708765245384695,-0.8848385369654769,0.4289226331372321,0.14493013268833313,0.07354855779753627,2.24633779487864e-15,17.52339266927084,38
0.2375,7,144,1,1,1038,broad_xyz,21.99112410904393,False,0.8832288728856649,0.8969669545161898,0.6864879824171941,-0.8900948376542107,-0.9045520218379218,0.45473743045162973,0.16089019186505507,0.0874549917878835,2.24633779487864e-15,17.52339266927084,38
0.25,7,144,1,1,1038,broad_xyz,21.99112410904393,False,0.8865498374623859,0.9073486432136192,0.7206047982078257,-0.9075723606574365,-0.914344622200803,0.47225833829075714,0.1760025311497036,0.1018832039607249,2.24633779487864e-15,17.52339266927084,38
0.27,7,144,1,1,1038,broad_xyz,21.99112410904393,False,0.8883340281919944,0.9229300232763932,0.783006101038302,-0.9306046498285719,-0.9106137068966154,0.48302805014302547,0.19767205071776076,0.12519926234150028,2.24633779487864e-15,17.52339266927084,38
0.29,7,144,1,1,1038,broad_xyz,21.99112410904393,False,0.8890093005286105,0.9380028357504852,0.8433089311701313,-0.9472373719694428,-0.8903682327564932,0.4754098945180255,0.21660608019873756,0.1468276458396137,2.24633779487864e-15,17.52339266927084,38
0.31,7,144,1,1,1038,broad_xyz,21.99112410904393,False,0.8936564207079144,0.9536638753915033,0.8904172281579921,-0.9596388306111802,-0.864005504057912,0.45614652166630815,0.23230023003883565,0.1646574432541297,2.24633779487864e-15,17.52339266927084,38
0.33,7,144,1,1,1038,broad_xyz,21.99112410904393,False,0.9010565690471574,0.9654428536152508,0.9210817126327843,-0.9683255080821499,-0.8412712029154683,0.436823627181411,0.2493465710616602,0.1775043377246508,2.24633779487864e-15,17.52339266927084,38
0.35,7,144,1,1,1038,broad_xyz,21.99112410904393,False,0.9067542477304933,0.9694608789313598,0.939950019952534,-0.9727725226543926,-0.8367373348186533,0.42595939823194073,0.26499178514109784,0.18547741279234822,2.24633779487864e-15,17.52339266927084,38
0.37,7,144,1,1,1038,broad_xyz,21.99112410904393,False,0.9084733914268075,0.9675506449432507,0.9500048356935177,-0.9746160389714932,-0.8475780224017105,0.42512958229105086,0.27328119051459443,0.18944357620715468,2.24633779487864e-15,17.52339266927084,38
0.39,7,144,1,1,1038,broad_xyz,21.99112410904393,False,0.9053794741294015,0.9631457656063979,0.9556325524130196,-0.9725672974535718,-0.8660989960615797,0.4320753515189177,0.2760876532352795,0.19070986434774032,2.24633779487864e-15,17.52339266927084,38
0.41000000000000003,7,144,1,1,1038,broad_xyz,21.99112410904393,False,0.8952266059954131,0.956634791668085,0.9562982131716139,-0.9666525782959434,-0.8816720956184608,0.44043456712604107,0.28019094329286637,0.19068845328937328,2.24633779487864e-15,17.52339266927084,38
0.43,7,144,1,1,1038,broad_xyz,21.99112410904393,False,0.8812453861407484,0.9499209570178131,0.9549407150190695,-0.9594751665167874,-0.8915552740710094,0.4472511091747788,0.28599403895494035,0.19040125723420445,2.24633779487864e-15,17.52339266927084,38
0.45,7,144,1,1,1038,broad_xyz,21.99112410904393,False,0.8698308746809167,0.9445396754314805,0.9542389876644527,-0.9549999960267875,-0.8934824011010205,0.44985703776417413,0.28778973770913,0.19050023469697802,2.24633779487864e-15,17.52339266927084,38
0.5,7,144,1,1,1038,broad_xyz,21.99112410904393,False,0.8608515648366263,0.9312451210501079,0.9581504888613619,-0.9684874568412416,-0.88076638853991,0.366154049532129,0.28507293607908296,0.19626539575926447,2.24633779487864e-15,17.52339266927084,38
0.55,7,144,1,1,1038,broad_xyz,21.99112410904393,False,0.7997911516928703,0.8843617047756986,0.9510119472184888,-0.969724236281329,-0.8779148001908278,0.0009660783312430392,0.30132121088207137,0.21143979526252846,2.24633779487864e-15,17.52339266927084,38
0.6,7,144,1,1,1038,broad_xyz,21.99112410904393,False,0.6695208208144483,0.7957390797531557,0.9280914930032562,-0.9603060544969803,-0.8890126387844756,-0.3044611817061207,0.30598913111198217,0.22495752375279066,2.24633779487864e-15,17.52339266927084,38
0.6499999999999999,7,144,1,1,1038,broad_xyz,21.99112410904393,False,0.6399181102129203,0.7658733120881558,0.9153199670225167,-0.951913387392716,-0.9164802714478124,-0.49702957565855016,0.29813463838715765,0.22571893302469911,2.24633779487864e-15,17.52339266927084,38
0.7,7,144,1,1,1038,broad_xyz,21.99112410904393,False,0.6970974097646397,0.7984778206221247,0.9255369780561656,-0.9389405160456049,-0.9309305016379995,-0.5660394293810201,0.2965938124135278,0.2204846422737035,2.24633779487864e-15,17.52339266927084,38
0.725,7,144,1,1,1038,broad_xyz,21.99112410904393,False,0.7182303620477614,0.8146206986781863,0.9315774836869408,-0.9292339554319241,-0.9329985422821139,-0.5790383109118609,0.2964476320411191,0.2175517005195005,2.24633779487864e-15,17.52339266927084,38
0.75,7,144,1,1,1038,broad_xyz,21.99112410904393,False,0.7351550779184759,0.830292978920705,0.937372863947304,-0.9148990344008204,-0.9337400158963521,-0.586689699293013,0.29629340529256637,0.21446291330901157,2.24633779487864e-15,17.52339266927084,38
0.775,7,144,1,1,1038,broad_xyz,21.99112410904393,False,0.7560912894788425,0.8486183825627915,0.9428984365579188,-0.8851109218476603,-0.935264704388605,-0.5893440339419677,0.2962143687889056,0.2114038179684536,2.24633779487864e-15,17.52339266927084,38
0.8,7,144,1,1,1038,broad_xyz,21.99112410904393,False,0.7808401035535478,0.8688740772073869,0.9475508813843166,-0.8014432133101849,-0.937453709731678,-0.5858817108456836,0.2956577588213192,0.2087102425999422,2.24633779487864e-15,17.52339266927084,38
0.825,7,144,1,1,1038,broad_xyz,21.99112410904393,False,0.8018357673042364,0.8865233806730382,0.9504583690028271,-0.5811388122756761,-0.9414422507227674,-0.5772106352037037,0.29458850322262287,0.20632798019933,2.24633779487864e-15,17.52339266927084,38
0.85,7,144,1,1,1038,broad_xyz,21.99112410904393,False,0.8144641746668556,0.8982528855474184,0.9513650487100459,-0.2718880405403771,-0.9453255704659277,-0.566685032536794,0.2929069984570057,0.20397588352665103,2.24633779487864e-15,17.52339266927084,38
0.875,7,144,1,1,1038,broad_xyz,21.99112410904393,False,0.8217673709076406,0.9040619685009018,0.9510748795776423,-0.08215440250112357,-0.9391881085695354,-0.5575149022663838,0.29113036225433186,0.20177175859388102,2.24633779487864e-15,17.52339266927084,38
0.9,7,144,1,1,1038,broad_xyz,21.99112410904393,False,0.8294262065372883,0.9047976636804782,0.9502332564596387,-0.02640502937540181,-0.8958726383049342,-0.5501108133475936,0.28968063443517755,0.2004484115353515,2.24633779487864e-15,17.52339266927084,38
0.95,7,144,1,1,1038,broad_xyz,21.99112410904393,False,0.8368350817928538,0.8922705473024172,0.9476515306255213,-0.14743119197644836,-0.9334846674154417,-0.5462665446086991,0.28280695547906853,0.20282681822003823,2.24633779487864e-15,17.52339266927084,38
1.0,7,144,1,1,1038,broad_xyz,21.99112410904393,False,0.8108617320858926,0.8570571324735602,0.938332957273818,-0.5837564916172431,-0.9156798168736189,-0.5645073091086165,0.2890134313017364,0.20985092116250817,2.24633779487864e-15,17.52339266927084,38
0.05,7,144,1,1,1039,broad_xyz,21.99112410904393,False,-0.02622772786596935,0.41276335449960466,-0.2627118713736189,-0.48536975164811524,-0.48227957676222083,0.030215445181433667,0.0027589736285023926,0.00036723648814943304,2.24633779487864e-15,17.52339266927084,39
0.075,7,144,1,1,1039,broad_xyz,21.99112410904393,False,0.08488168103281074,0.4491033213133154,-0.21799232199029456,-0.5252031696727044,-0.6222851323418788,-0.05227080043987908,0.0071812269830377725,0.001198505686476406,2.24633779487864e-15,17.52339266927084,39
0.1,7,144,1,1,1039,broad_xyz,21.99112410904393,False,0.28313387208367213,0.5211314616170449,-0.11949742524245135,-0.5518284795893927,-0.7658725899942469,-0.15343019336738686,0.015035094564891055,0.003352710105809719,2.24633779487864e-15,17.52339266927084,39
0.125,7,144,1,1,1039,broad_xyz,21.99112410904393,False,0.4832964553683521,0.5922871374667061,0.01062973650814688,-0.5676533220727386,-0.8704857424152829,-0.23448763307671078,0.02747602315280694,0.008096041208155848,2.24633779487864e-15,17.52339266927084,39
0.15,7,144,1,1,1039,broad_xyz,21.99112410904393,False,0.6472108049277863,0.6683636394726296,0.16576681479219565,-0.5769965582008288,-0.9153937012000184,-0.28213516207487194,0.04640598736828426,0.017055943463827994,2.24633779487864e-15,17.52339266927084,39
0.1625,7,144,1,1,1039,broad_xyz,21.99112410904393,False,0.7110008188343103,0.7097497373346797,0.24737696471781276,-0.5785523117360888,-0.9123329403521583,-0.3025903266304081,0.058125946161886065,0.02368669446883631,2.24633779487864e-15,17.52339266927084,39
0.175,7,144,1,1,1039,broad_xyz,21.99112410904393,False,0.7592008595432952,0.7479044519506672,0.3241890950805956,-0.5828200053053216,-0.8859887557213898,-0.313753471861051,0.0712951617415443,0.03192313168634969,2.24633779487864e-15,17.52339266927084,39
0.1875,7,144,1,1,1039,broad_xyz,21.99112410904393,False,0.7924326387116511,0.7797987370984946,0.3905402735292742,-0.5934262859201361,-0.8301633144819689,-0.3236361867645257,0.08684771896392608,0.041814066960889844,2.24633779487864e-15,17.52339266927084,39
0.2,7,144,1,1,1039,broad_xyz,21.99112410904393,False,0.8165780712503997,0.8070658264960531,0.44808687418418086,-0.6122304297817714,-0.7470334055389031,-0.3296602432949856,0.10345773952083621,0.05322428611063666,2.24633779487864e-15,17.52339266927084,39
0.2125,7,144,1,1,1039,broad_xyz,21.99112410904393,False,0.8355902201172114,0.831207588013694,0.4999021981895408,-0.6385598040316147,-0.644996060253269,-0.33417554859039666,0.12125250294034999,0.06592114252598112,2.24633779487864e-15,17.52339266927084,39
0.225,7,144,1,1,1039,broad_xyz,21.99112410904393,False,0.8513826021104883,0.8520265408805493,0.5464591533721029,-0.6724573354255788,-0.5420958263060347,-0.3370527224891047,0.13944641125395094,0.07957692154056402,2.24633779487864e-15,17.52339266927084,39
0.2375,7,144,1,1,1039,broad_xyz,21.99112410904393,False,0.8647652948507328,0.8698633030221383,0.5915084144447272,-0.7098031974604537,-0.45186714917293364,-0.33640230057365184,0.15753968527824616,0.0938296602294219,2.24633779487864e-15,17.52339266927084,39
0.25,7,144,1,1,1039,broad_xyz,21.99112410904393,False,0.8762405144540987,0.8854907171216908,0.6380123491527872,-0.7459846692011768,-0.3796569588018333,-0.3308091791587852,0.1748982747393429,0.10833405018180287,2.24633779487864e-15,17.52339266927084,39
0.27,7,144,1,1,1039,broad_xyz,21.99112410904393,False,0.8906979566818727,0.9078308173661469,0.7160605398035257,-0.7955144190458578,-0.3210381695423251,-0.3039143954821664,0.20040586138541255,0.13090267383471638,2.24633779487864e-15,17.52339266927084,39
0.29,7,144,1,1,1039,broad_xyz,21.99112410904393,False,0.8993100556500041,0.9261639558216703,0.792410350807266,-0.8335097643058327,-0.31814009450269337,-0.2494998864610684,0.22236793309051578,0.15068206629164804,2.24633779487864e-15,17.52339266927084,39
0.31,7,144,1,1,1039,broad_xyz,21.99112410904393,False,0.9026752886037933,0.9421069808321468,0.8483800933776963,-0.8742953903136602,-0.3262006026820406,-0.1787695448609958,0.24022217772220317,0.16530709208268826,2.24633779487864e-15,17.52339266927084,39
0.33,7,144,1,1,1039,broad_xyz,21.99112410904393,False,0.9034835129086546,0.9549860074140019,0.884557061780284,-0.9136566494351626,-0.33940411902029644,-0.10776354141571894,0.25367242423912184,0.1738597124403659,2.24633779487864e-15,17.52339266927084,39
0.35,7,144,1,1,1039,broad_xyz,21.99112410904393,False,0.9022844409396108,0.9628635919515169,0.9117842899637527,-0.9385633162540086,-0.36351891529001445,-0.045285494103343836,0.2627258159404534,0.17733387051686486,2.24633779487864e-15,17.52339266927084,39
0.37,7,144,1,1,1039,broad_xyz,21.99112410904393,False,0.8995255877061568,0.967757547843412,0.9343401126997589,-0.9469863536404606,-0.417864852862987,0.0028511350569240903,0.2677626240777009,0.17740986312949933,2.24633779487864e-15,17.52339266927084,39
0.39,7,144,1,1,1039,broad_xyz,21.99112410904393,False,0.8949269214061069,0.9691210023644423,0.948966735624022,-0.9437608572554061,-0.4884358640032914,0.03026842407062143,0.2699879740084129,0.17552117393396852,2.24633779487864e-15,17.52339266927084,39
0.41000000000000003,7,144,1,1,1039,broad_xyz,21.99112410904393,False,0.8895338208554605,0.9668590832460958,0.9545149188845348,-0.9345584581657117,-0.5641822812880255,0.033079875377007385,0.2708060995202837,0.17320824396746914,2.24633779487864e-15,17.52339266927084,39
0.43,7,144,1,1,1039,broad_xyz,21.99112410904393,False,0.8883845850147778,0.9614143831713509,0.9543131294684655,-0.9224659147479457,-0.6243247155284619,0.014412905874652052,0.2694308304191262,0.17113130287292877,2.24633779487864e-15,17.52339266927084,39
0.45,7,144,1,1,1039,broad_xyz,21.99112410904393,False,0.8917307912180564,0.9536847896668469,0.9509375987995332,-0.912155618526536,-0.6548134404680095,-0.02392740857449592,0.2693155277497584,0.17015432416396017,2.24633779487864e-15,17.52339266927084,39
0.5,7,144,1,1,1039,broad_xyz,21.99112410904393,False,0.8859729802774797,0.9208011835004407,0.9330546369147007,-0.918465849713912,-0.5613309163008277,-0.16862922856174137,0.2686394670300658,0.17821679883379224,2.24633779487864e-15,17.52339266927084,39
0.55,7,144,1,1,1039,broad_xyz,21.99112410904393,False,0.8643155516358193,0.8521702592439516,0.8758521663836791,-0.9378137310922986,-0.49283584665941266,-0.33853200788284055,0.2837015549168586,0.20115485342393086,2.24633779487864e-15,17.52339266927084,39
0.6,7,144,1,1,1039,broad_xyz,21.99112410904393,False,0.8383623449878482,0.7819100511635081,0.851328392486991,-0.9239888797756918,-0.6214370954022262,-0.43191336507959965,0.28897211325250655,0.21563113135933015,2.24633779487864e-15,17.52339266927084,39
0.6499999999999999,7,144,1,1,1039,broad_xyz,21.99112410904393,False,0.8276744965113614,0.790471224062554,0.8729876105393003,-0.9084597582705234,-0.7709915064214311,-0.5019213860680807,0.28817048667180084,0.21384115046432228,2.24633779487864e-15,17.52339266927084,39
0.7,7,144,1,1,1039,broad_xyz,21.99112410904393,False,0.8508595113383673,0.8252363888193426,0.9003964439718564,-0.8751063686105093,-0.8663655459705649,-0.5393296586305116,0.2887981047062378,0.2065627876513123,2.24633779487864e-15,17.52339266927084,39
0.725,7,144,1,1,1039,broad_xyz,21.99112410904393,False,0.8637448244540671,0.8394649375234806,0.9092018299831347,-0.8429387933932339,-0.888466830396553,-0.5489397725594217,0.28856273302469043,0.20286463989920211,2.24633779487864e-15,17.52339266927084,39
0.75,7,144,1,1,1039,broad_xyz,21.99112410904393,False,0.8750944927115881,0.855297226365589,0.9160992956058913,-0.789122231374392,-0.9042187973902447,-0.5552012803182652,0.2816958615216455,0.19940639742863603,2.24633779487864e-15,17.52339266927084,39
0.775,7,144,1,1,1039,broad_xyz,21.99112410904393,False,0.8838942004778633,0.8738093803563546,0.9234587717354784,-0.6939696576715477,-0.9181620973691359,-0.5553557067723826,0.2746924818391256,0.19622596617891355,2.24633779487864e-15,17.52339266927084,39
0.8,7,144,1,1,1039,broad_xyz,21.99112410904393,False,0.8894835045468596,0.8930324480115195,0.9320610224180147,-0.5244597372007891,-0.9309739709536313,-0.5430124887943876,0.2740162896327824,0.19327366629007836,2.24633779487864e-15,17.52339266927084,39
0.825,7,144,1,1,1039,broad_xyz,21.99112410904393,False,0.8889046178620514,0.9097083901180464,0.9387060062326746,-0.3031724871018145,-0.9404322553762531,-0.5212247595821148,0.2745814496719642,0.19037911091642565,2.24633779487864e-15,17.52339266927084,39
0.85,7,144,1,1,1039,broad_xyz,21.99112410904393,False,0.8788180815008766,0.922356396243142,0.9407750420874832,-0.1603298797526882,-0.9402401254418133,-0.5042556495289208,0.2751440329543118,0.18757507170276386,2.24633779487864e-15,17.52339266927084,39
0.875,7,144,1,1,1039,broad_xyz,21.99112410904393,False,0.8579862466714797,0.929380501799576,0.939443394618098,-0.12533013401370321,-0.9219326818576995,-0.5013441595991397,0.28034201877814746,0.18535092872419434,2.24633779487864e-15,17.52339266927084,39
0.9,7,144,1,1,1039,broad_xyz,21.99112410904393,False,0.826826544424327,0.9280831598136596,0.9362187118692176,-0.15475238707517,-0.870920004294672,-0.5065879096477512,0.29374036903184225,0.18451977140277587,2.24633779487864e-15,17.52339266927084,39
0.95,7,144,1,1,1039,broad_xyz,21.99112410904393,False,0.7661422871313334,0.8988163858183597,0.9308292304392434,-0.3672815724332483,-0.8892270359520181,-0.5127618208978914,0.30185981590273137,0.1874599146357784,2.24633779487864e-15,17.52339266927084,39
1.0,7,144,1,1,1039,broad_xyz,21.99112410904393,False,0.7588464546893597,0.8480489128975749,0.9318794988984884,-0.6939854301393401,-0.8670098607383986,-0.5424105535579182,0.28663149672273003,0.19496132725915494,2.24633779487864e-15,17.52339266927084,39
0.05,7,144,1,1,1040,broad_xyz,21.99112410904393,False,0.050810510904076255,0.4315692294074328,-0.3836498793309515,-0.47282616733091554,-0.4572807013615686,-0.14139437458278079,0.001028559669131062,0.00014133759117157575,2.24633779487864e-15,17.52339266927084,40
0.075,7,144,1,1,1040,broad_xyz,21.99112410904393,False,0.1672750912922776,0.4644308209418148,-0.29447938069974766,-0.452612414672531,-0.4280495665913213,-0.25149960274024735,0.003346014564745645,0.0005596667834540212,2.24633779487864e-15,17.52339266927084,40
0.1,7,144,1,1,1040,broad_xyz,21.99112410904393,False,0.22117802408121348,0.4767779415904303,-0.23349502851329026,-0.4650590429320008,-0.5078767522195315,-0.31907235207357965,0.0078085929085117715,0.001597926415337765,2.24633779487864e-15,17.52339266927084,40
0.125,7,144,1,1,1040,broad_xyz,21.99112410904393,False,0.23883179794300896,0.4878715151750201,-0.18258563131203795,-0.502369596747616,-0.724283577180051,-0.3472082528568869,0.016499626490565984,0.0038497792896019234,2.24633779487864e-15,17.52339266927084,40
0.15,7,144,1,1,1040,broad_xyz,21.99112410904393,False,0.24566645731596562,0.5010798192872372,-0.14086860950183774,-0.5607102861044612,-0.8054038773563028,-0.3469310531520288,0.029649520306626313,0.008216551337377956,2.24633779487864e-15,17.52339266927084,40
0.1625,7,144,1,1,1040,broad_xyz,21.99112410904393,False,0.25924878872136853,0.5131427663684516,-0.11279849157592567,-0.5849843817562239,-0.7604670732448973,-0.33335460143064943,0.03968223105001673,0.011669009067177629,2.24633779487864e-15,17.52339266927084,40
0.175,7,144,1,1,1040,broad_xyz,21.99112410904393,False,0.27873077383531764,0.5198722004293783,-0.08725420236490027,-0.6106609020849532,-0.7084898376327493,-0.3300236368792157,0.052115487102018396,0.01629860419380502,2.24633779487864e-15,17.52339266927084,40
0.1875,7,144,1,1,1040,broad_xyz,21.99112410904393,False,0.30099048177288035,0.5206316406138979,-0.06396334288913769,-0.6378216174617901,-0.6683652091189636,-0.3384931531289201,0.0662033481800002,0.022188814458231034,2.24633779487864e-15,17.52339266927084,40
0.2,7,144,1,1,1040,broad_xyz,21.99112410904393,False,0.33343911506044077,0.526784404880676,-0.040565247792009075,-0.6635279370815744,-0.6322523328635186,-0.34853234172300535,0.08099652140072333,0.029176581391016414,2.24633779487864e-15,17.52339266927084,40
0.2125,7,144,1,1,1040,broad_xyz,21.99112410904393,False,0.37264223508703537,0.5348944200069774,-0.013322479545351207,-0.6864339972025622,-0.5977017462838875,-0.3635710289832157,0.096107825226073,0.037381129438617725,2.24633779487864e-15,17.52339266927084,40
0.225,7,144,1,1,1040,broad_xyz,21.99112410904393,False,0.41431465236946197,0.54730528380524,0.02123498671262756,-0.7034528806198219,-0.566066496587402,-0.37874142536622785,0.11069890225699239,0.046634804303000855,2.24633779487864e-15,17.52339266927084,40
0.2375,7,144,1,1,1040,broad_xyz,21.99112410904393,False,0.45148123097144865,0.5591845014275547,0.06557935976544994,-0.7139350924918282,-0.5358300769679194,-0.397526475532374,0.12405677107404563,0.056803824716714954,2.24633779487864e-15,17.52339266927084,40
0.25,7,144,1,1,1040,broad_xyz,21.99112410904393,False,0.4783887357229681,0.5645929232091872,0.12488991961962323,-0.7179702777097433,-0.5150578442825912,-0.4303450728787038,0.1366282210575972,0.06794285530951921,2.24633779487864e-15,17.52339266927084,40
0.27,7,144,1,1,1040,broad_xyz,21.99112410904393,False,0.5132511362615504,0.5739522248539639,0.2510196481285032,-0.7117335023707493,-0.49992190768022965,-0.4933242045466144,0.15639548156723423,0.08684950137916284,2.24633779487864e-15,17.52339266927084,40
0.29,7,144,1,1,1040,broad_xyz,21.99112410904393,False,0.5609098583257195,0.6088999864627663,0.40598586175181156,-0.6976860863982394,-0.49601322949294047,-0.5267448163015505,0.17330495594158843,0.10507402239293831,2.24633779487864e-15,17.52339266927084,40
0.31,7,144,1,1,1040,broad_xyz,21.99112410904393,False,0.6326462590767787,0.6758226261757795,0.5478973725256029,-0.7111506024335713,-0.47863206924385615,-0.4975812590910931,0.1852744908812704,0.12028380167909189,2.24633779487864e-15,17.52339266927084,40
0.33,7,144,1,1,1040,broad_xyz,21.99112410904393,False,0.7165967556604833,0.755415717260416,0.6467134824631476,-0.7753088151921744,-0.45577601638705845,-0.4115482318506496,0.2157375805293925,0.1311976323793694,2.24633779487864e-15,17.52339266927084,40
0.35,7,144,1,1,1040,broad_xyz,21.99112410904393,False,0.785905970814633,0.8178352301891578,0.7142416778408958,-0.8511013630972618,-0.43421561426152155,-0.30599218412543466,0.23850538407661367,0.1382380417235138,2.24633779487864e-15,17.52339266927084,40
0.37,7,144,1,1,1040,broad_xyz,21.99112410904393,False,0.823974278194613,0.8499613295279205,0.7703847991436141,-0.8938206020277374,-0.44022093498471065,-0.2130840036671542,0.2498876914110192,0.14289804238132195,2.24633779487864e-15,17.52339266927084,40
0.39,7,144,1,1,1040,broad_xyz,21.99112410904393,False,0.832658581152471,0.8589037471277698,0.8190318482119311,-0.9070697601754123,-0.4845826723771863,-0.13977604999289153,0.2590487082047471,0.14666605927450796,2.24633779487864e-15,17.52339266927084,40
0.41000000000000003,7,144,1,1,1040,broad_xyz,21.99112410904393,False,0.8163498157110761,0.852590315040803,0.8541746769269234,-0.9081378149771285,-0.5663379849264284,-0.08048167568419945,0.26645348577237254,0.15013424352300989,2.24633779487864e-15,17.52339266927084,40
0.43,7,144,1,1,1040,broad_xyz,21.99112410904393,False,0.78448676754893,0.8400039706163346,0.8758494285393423,-0.9071714886668515,-0.6522913565032887,-0.026155159679839265,0.27242499861101643,0.15310035136722278,2.24633779487864e-15,17.52339266927084,40
0.45,7,144,1,1,1040,broad_xyz,21.99112410904393,False,0.7466546839965482,0.8251580863942183,0.8875190292600473,-0.9102548517599434,-0.6954231682138413,0.021257135213788685,0.27709655971074687,0.15543810345506742,2.24633779487864e-15,17.52339266927084,40
0.5,7,144,1,1,1040,broad_xyz,21.99112410904393,False,0.6938255769436141,0.7864921453619073,0.8863356926542885,-0.9404265516400718,-0.5562451721095159,0.05516306621796821,0.27632158468104656,0.1605670148450822,2.24633779487864e-15,17.52339266927084,40
0.55,7,144,1,1,1040,broad_xyz,21.99112410904393,False,0.7163939962199364,0.7554759343459542,0.8745534052782861,-0.9428067938955776,-0.5432980230155983,-0.0995312017726899,0.29172371818644355,0.17622190807879565,2.24633779487864e-15,17.52339266927084,40
0.6,7,144,1,1,1040,broad_xyz,21.99112410904393,False,0.715363628374773,0.7233378664723388,0.8678357169615489,-0.9058811783714261,-0.6873665236393189,-0.5157022238264776,0.29002105671168726,0.19393778653055133,2.24633779487864e-15,17.52339266927084,40
0.6499999999999999,7,144,1,1,1040,broad_xyz,21.99112410904393,False,0.7373604794115035,0.7672351026227039,0.8673132201446494,-0.8935171552510631,-0.8173690267682071,-0.6704846388672331,0.2837658061839431,0.19944580280694557,2.24633779487864e-15,17.52339266927084,40
0.7,7,144,1,1,1040,broad_xyz,21.99112410904393,False,0.8038433297481758,0.8134062128348909,0.8992431322589016,-0.8641667485077498,-0.8938604460930248,-0.6883215625867745,0.2809289833590509,0.1987009100777149,2.24633779487864e-15,17.52339266927084,40
0.725,7,144,1,1,1040,broad_xyz,21.99112410904393,False,0.8321395660012965,0.8314081427284437,0.9147394810042445,-0.8287159723009179,-0.9139938008588405,-0.6816411661745008,0.2802396777448631,0.19670585531505028,2.24633779487864e-15,17.52339266927084,40
0.75,7,144,1,1,1040,broad_xyz,21.99112410904393,False,0.8356615116976348,0.8472201206589194,0.9258147088878702,-0.7665959660577074,-0.9238937394705495,-0.6672158575125479,0.2779642177022587,0.19365192285005434,2.24633779487864e-15,17.52339266927084,40
0.775,7,144,1,1,1040,broad_xyz,21.99112410904393,False,0.8275499263753325,0.8636146565181564,0.9304291035807336,-0.6678403189865119,-0.924512484917693,-0.6411877630450122,0.27260225501331287,0.18976077278811962,2.24633779487864e-15,17.52339266927084,40
0.8,7,144,1,1,1040,broad_xyz,21.99112410904393,False,0.8216415568658476,0.8811387992802386,0.9288730639270765,-0.5279070406290467,-0.9190085152759094,-0.6053154900525717,0.27518598880243483,0.1856101347394621,2.24633779487864e-15,17.52339266927084,40
0.825,7,144,1,1,1040,broad_xyz,21.99112410904393,False,0.8126039523618422,0.894314104216787,0.9239494054943856,-0.3748397515929043,-0.9084215862370754,-0.5659429670307206,0.2760642626856346,0.18202564831009768,2.24633779487864e-15,17.52339266927084,40
0.85,7,144,1,1,1040,broad_xyz,21.99112410904393,False,0.7974892514614447,0.8982899360506832,0.9208816809366839,-0.25309734438249043,-0.8983935760105148,-0.5346655881483969,0.27322940516947797,0.1793144463505286,2.24633779487864e-15,17.52339266927084,40
0.875,7,144,1,1,1040,broad_xyz,21.99112410904393,False,0.7872308386379748,0.89534222841381,0.9225043121022461,-0.18236088696649908,-0.8821074712971515,-0.5210350593662285,0.27752936892750873,0.1775981880288825,2.24633779487864e-15,17.52339266927084,40
0.9,7,144,1,1,1040,broad_xyz,21.99112410904393,False,0.7840396054207859,0.8892190763925992,0.9293607572339092,-0.15990456014597818,-0.8442717476899115,-0.5211538755046956,0.2814949253303811,0.17744724969795378,2.24633779487864e-15,17.52339266927084,40
0.95,7,144,1,1,1040,broad_xyz,21.99112410904393,False,0.7632696699624966,0.8575343638332603,0.9390405910865172,-0.26756805645748666,-0.8821585680376864,-0.5196607687187115,0.29867076111054675,0.1815593307685509,2.24633779487864e-15,17.52339266927084,40
1.0,7,144,1,1,1040,broad_xyz,21.99112410904393,False,0.7185869361367059,0.8019980030397649,0.9349936000264136,-0.5162028635455794,-0.8900119600057507,-0.5542604695306599,0.30664882991463405,0.18792043745926057,2.24633779487864e-15,17.52339266927084,40
0.05,7,144,1,1,1041,broad_xyz,21.99112410904393,False,-0.19936203005644987,0.009968934958829227,-0.42317348538630917,-0.4786256821961325,-0.44320256705584093,-0.27279360323735596,0.0015179035087391547,0.00021086874653376993,2.24633779487864e-15,17.52339266927084,41
0.075,7,144,1,1,1041,broad_xyz,21.99112410904393,False,-0.3001922823420776,0.034124911661661504,-0.5136581932204007,-0.5481844176375045,-0.5627048671963559,-0.3082676989242609,0.0031188034811589606,0.00047960194644142113,2.24633779487864e-15,17.52339266927084,41
0.1,7,144,1,1,1041,broad_xyz,21.99112410904393,False,-0.3433608764289752,0.10960775163113975,-0.581041745343932,-0.5986926052898501,-0.64839800089251,-0.32622651258562074,0.005233668100214239,0.0009683066930995255,2.24633779487864e-15,17.52339266927084,41
0.125,7,144,1,1,1041,broad_xyz,21.99112410904393,False,-0.2874444758754607,0.2010129682544493,-0.5978755502117049,-0.6272260326274041,-0.6542614227232273,-0.3149640437174356,0.010162672005555009,0.0019788686996234225,2.24633779487864e-15,17.52339266927084,41
0.15,7,144,1,1,1041,broad_xyz,21.99112410904393,False,-0.14462077898226977,0.29579232754147944,-0.5658979901753312,-0.6417673754946918,-0.6075993484918877,-0.2973786195923683,0.021751150469305692,0.004537559605360942,2.24633779487864e-15,17.52339266927084,41
0.1625,7,144,1,1,1041,broad_xyz,21.99112410904393,False,-0.047769645831791684,0.3445000272076751,-0.5278276385378875,-0.6439893838428533,-0.5513461950890995,-0.3097459399149127,0.030312200421512652,0.007122516248399334,2.24633779487864e-15,17.52339266927084,41
0.175,7,144,1,1,1041,broad_xyz,21.99112410904393,False,0.05171757673970739,0.40003563360984884,-0.46822568506752005,-0.6342653487820791,-0.43910748150085516,-0.3301244592407608,0.041705844872755096,0.010987303007397248,2.24633779487864e-15,17.52339266927084,41
0.1875,7,144,1,1,1041,broad_xyz,21.99112410904393,False,0.14012945101924934,0.4583871371669541,-0.3931986570929464,-0.6100675723406722,-0.2698719241972901,-0.3409195728454009,0.05380114725214126,0.016172072971351883,2.24633779487864e-15,17.52339266927084,41
0.2,7,144,1,1,1041,broad_xyz,21.99112410904393,False,0.21926511344014,0.5183777108861114,-0.31622311473635195,-0.5828629649700379,-0.07259183487950834,-0.3408615830215788,0.06621230904185174,0.02288432425614893,2.24633779487864e-15,17.52339266927084,41
0.2125,7,144,1,1,1041,broad_xyz,21.99112410904393,False,0.27696328939792303,0.5627887106707318,-0.2599725335859838,-0.5733955342804518,0.12593168871170374,-0.3306743949633527,0.07874956638535816,0.03123332424300728,2.24633779487864e-15,17.52339266927084,41
0.225,7,144,1,1,1041,broad_xyz,21.99112410904393,False,0.34088226241265795,0.6127159078432608,-0.20289175819158634,-0.5675927086600586,0.2665783316708512,-0.2898327414460513,0.0908506163761483,0.0410507922174325,2.24633779487864e-15,17.52339266927084,41
0.2375,7,144,1,1,1041,broad_xyz,21.99112410904393,False,0.41585403051471775,0.6707064541534332,-0.12821701543172642,-0.55465827469536,0.30539449098693666,-0.21510429809011763,0.10205552707523657,0.05199162477191959,2.24633779487864e-15,17.52339266927084,41
0.25,7,144,1,1,1041,broad_xyz,21.99112410904393,False,0.4994256608662162,0.7324437280897516,-0.03120427599698858,-0.532689050085241,0.2739140723861688,-0.11693218227226813,0.11247442893510824,0.06382961210860086,2.24633779487864e-15,17.52339266927084,41
0.27,7,144,1,1,1041,broad_xyz,21.99112410904393,False,0.6443906417846967,0.8273424997737706,0.18415547202331017,-0.46451977701486963,0.12213565594869838,0.06305721435115695,0.12967150091764573,0.08381011880625994,2.24633779487864e-15,17.52339266927084,41
0.29,7,144,1,1,1041,broad_xyz,21.99112410904393,False,0.7599462464492056,0.8818795116630896,0.4177004139427532,-0.3893042590366842,-0.089953813545294,0.2317841888692835,0.15245262235367463,0.10296940161567732,2.24633779487864e-15,17.52339266927084,41
0.31,7,144,1,1,1041,broad_xyz,21.99112410904393,False,0.8175166749248308,0.8969209913173536,0.5607039336545813,-0.42192660968844664,-0.2384228131694279,0.3439951881838419,0.17573685966523464,0.11823963445465864,2.24633779487864e-15,17.52339266927084,41
0.33,7,144,1,1,1041,broad_xyz,21.99112410904393,False,0.841802292333995,0.9056156048224768,0.623690325869081,-0.5552457184942895,-0.3024420507409244,0.3954910811808251,0.19781429059646843,0.12802011506580693,2.24633779487864e-15,17.52339266927084,41
0.35,7,144,1,1,1041,broad_xyz,21.99112410904393,False,0.8442017157170092,0.9077850773742859,0.6597495822203807,-0.6876395903281349,-0.334195111963433,0.3961987260986114,0.2221683051413172,0.13298277288002214,2.24633779487864e-15,17.52339266927084,41
0.37,7,144,1,1,1041,broad_xyz,21.99112410904393,False,0.8270726375612258,0.8965583531290119,0.6873900576559232,-0.7739044698158423,-0.34768659982095995,0.3612400943373916,0.2404690449399806,0.13517714230887737,2.24633779487864e-15,17.52339266927084,41
0.39,7,144,1,1,1041,broad_xyz,21.99112410904393,False,0.7955993487461263,0.8761855246578898,0.7135751574309548,-0.8139731429726099,-0.3540714742867037,0.3044575146047834,0.25121233685531175,0.13548330451453616,2.24633779487864e-15,17.52339266927084,41
0.41000000000000003,7,144,1,1,1041,broad_xyz,21.99112410904393,False,0.7541256015431258,0.850047128767827,0.7366570819552797,-0.8227889934354125,-0.39146687439992683,0.2360291947508381,0.25178121974019047,0.1342496642729143,2.24633779487864e-15,17.52339266927084,41
0.43,7,144,1,1,1041,broad_xyz,21.99112410904393,False,0.7062665740226758,0.8221913993026803,0.7525257761203643,-0.8155823169529354,-0.44950624947214873,0.17162640787140115,0.24697792260214352,0.13214331441084426,2.24633779487864e-15,17.52339266927084,41
0.45,7,144,1,1,1041,broad_xyz,21.99112410904393,False,0.6524627429922768,0.7948474657730883,0.756319513254431,-0.8056145695387458,-0.4848625290634971,0.11748301425988023,0.24576057249536937,0.13009786057728606,2.24633779487864e-15,17.52339266927084,41
0.5,7,144,1,1,1041,broad_xyz,21.99112410904393,False,0.5293423950231273,0.7569753631361739,0.7191161482502902,-0.8193751157342362,-0.32685705785157626,0.03623045403952293,0.23782311981038937,0.1343229077645841,2.24633779487864e-15,17.52339266927084,41
0.55,7,144,1,1,1041,broad_xyz,21.99112410904393,False,0.5315459136101817,0.764519865501181,0.6888179005169138,-0.8082368837954088,-0.3307469498652339,0.008191100091108613,0.26060750335955063,0.15972668846321453,2.24633779487864e-15,17.52339266927084,41
0.6,7,144,1,1,1041,broad_xyz,21.99112410904393,False,0.6287244667688161,0.759694948192162,0.770099288103892,-0.7672604030364975,-0.652751351669066,-0.15097910646921103,0.270045369138491,0.1827454060185803,2.24633779487864e-15,17.52339266927084,41
0.6499999999999999,7,144,1,1,1041,broad_xyz,21.99112410904393,False,0.7023119874153025,0.8324298204647983,0.7902660491601702,-0.7802782231421955,-0.7877728682481607,-0.45124248642046544,0.26476091930241086,0.1892990757073589,2.24633779487864e-15,17.52339266927084,41
0.7,7,144,1,1,1041,broad_xyz,21.99112410904393,False,0.7088507669781986,0.8652880455661964,0.8224923780231931,-0.7561624547463647,-0.8481765271906005,-0.5786580960050104,0.2802753980469189,0.18623870574789494,2.24633779487864e-15,17.52339266927084,41
0.725,7,144,1,1,1041,broad_xyz,21.99112410904393,False,0.7007303465775865,0.8568933641847504,0.8515225691019246,-0.725180506769034,-0.8689367120250914,-0.5825691291836694,0.2830619069614282,0.18349027715476185,2.24633779487864e-15,17.52339266927084,41
0.75,7,144,1,1,1041,broad_xyz,21.99112410904393,False,0.7025145352645185,0.839551797462803,0.877544723817654,-0.6743909076290939,-0.8784163531599822,-0.5648384373504922,0.28188177857913416,0.18037426995493805,2.24633779487864e-15,17.52339266927084,41
0.775,7,144,1,1,1041,broad_xyz,21.99112410904393,False,0.7152420960842144,0.8231769114349917,0.8993242010000222,-0.5842166721536095,-0.8843476364150464,-0.5337556157923437,0.2773133073238032,0.1770042104490736,2.24633779487864e-15,17.52339266927084,41
0.8,7,144,1,1,1041,broad_xyz,21.99112410904393,False,0.725543274106392,0.8156246820788897,0.9173676604528835,-0.42435687772566977,-0.8951524938212425,-0.49430682071491927,0.2704849427200168,0.17341968152587342,2.24633779487864e-15,17.52339266927084,41
0.825,7,144,1,1,1041,broad_xyz,21.99112410904393,False,0.7216389835812144,0.8164915350547155,0.9247562309968987,-0.22155516186139795,-0.9076008644565252,-0.45594876679384866,0.255729512080564,0.16936168890561104,2.24633779487864e-15,17.52339266927084,41
0.85,7,144,1,1,1041,broad_xyz,21.99112410904393,False,0.7043538723050713,0.8215443303579881,0.9171706729352904,-0.09053968124247382,-0.905638490829968,-0.4288131160119724,0.2608278314800935,0.16477961138417951,2.24633779487864e-15,17.52339266927084,41
0.875,7,144,1,1,1041,broad_xyz,21.99112410904393,False,0.6794863991089957,0.8252145633757991,0.9022893336672069,-0.05325636286325102,-0.8748493381250576,-0.43102903648416035,0.26562938952010695,0.15997669088507072,2.24633779487864e-15,17.52339266927084,41
0.9,7,144,1,1,1041,broad_xyz,21.99112410904393,False,0.6496327898355234,0.8199915505822318,0.8889448737213572,-0.07730900598747821,-0.8160592539258734,-0.4410326104913091,0.26876260981612043,0.15660934337852808,2.24633779487864e-15,17.52339266927084,41
0.95,7,144,1,1,1041,broad_xyz,21.99112410904393,False,0.5957936319846001,0.78354553133164,0.8881636802595523,-0.2496399499703287,-0.8405166673251763,-0.4583120993301765,0.2733183949323531,0.15897051236443924,2.24633779487864e-15,17.52339266927084,41
1.0,7,144,1,1,1041,broad_xyz,21.99112410904393,False,0.6027994739972986,0.749295695161036,0.9046230638518501,-0.5886837374403251,-0.884922035488479,-0.5159035532295201,0.2762936669336754,0.1704910569725303,2.24633779487864e-15,17.52339266927084,41
0.05,7,144,1,1,1042,broad_xyz,21.99112410904393,False,0.44085001406024743,0.7061345672068294,0.1583579130777033,-0.2232828594745839,0.147459396752362,-0.23027989955289135,0.0037223043258517137,0.0014009093564368918,2.24633779487864e-15,17.52339266927084,42
0.075,7,144,1,1,1042,broad_xyz,21.99112410904393,False,0.5323423245950976,0.7284399656440215,0.2332591436166491,-0.25329083963473104,0.059963691801735185,-0.27015229495249876,0.009343368666036217,0.0037748089610858382,2.24633779487864e-15,17.52339266927084,42
0.1,7,144,1,1,1042,broad_xyz,21.99112410904393,False,0.6498709276851853,0.7576958534078276,0.3344908651196223,-0.2590652874505049,-0.08886102232499454,-0.3013123419260851,0.019007929398999108,0.008191787561454725,2.24633779487864e-15,17.52339266927084,42
0.125,7,144,1,1,1042,broad_xyz,21.99112410904393,False,0.7583848475312547,0.7843496632525639,0.44310739263691334,-0.256804499754695,-0.3723136960339726,-0.33035387122707427,0.035633745012270686,0.015642869115078655,2.24633779487864e-15,17.52339266927084,42
0.15,7,144,1,1,1042,broad_xyz,21.99112410904393,False,0.8277954832132581,0.8124284295172636,0.5357608372289764,-0.2736408409456158,-0.7701320720169691,-0.3562928344693693,0.059751963514757964,0.027369961334597508,2.24633779487864e-15,17.52339266927084,42
0.1625,7,144,1,1,1042,broad_xyz,21.99112410904393,False,0.8493060490223864,0.829514355323923,0.5755053757891939,-0.29335692814431913,-0.8554949473276,-0.3647485766949259,0.07538780408440376,0.035340611954488205,2.24633779487864e-15,17.52339266927084,42
0.175,7,144,1,1,1042,broad_xyz,21.99112410904393,False,0.8668594370085221,0.8480563613601263,0.6112782984538008,-0.3232723809692261,-0.8522776759703768,-0.36905473244960235,0.09301532957292015,0.045075722249236755,2.24633779487864e-15,17.52339266927084,42
0.1875,7,144,1,1,1042,broad_xyz,21.99112410904393,False,0.8834747744597587,0.8674251579922495,0.6447845183617191,-0.36575457904225384,-0.8114982495990486,-0.36829124380029565,0.11213663233263205,0.05675631746510206,2.24633779487864e-15,17.52339266927084,42
0.2,7,144,1,1,1042,broad_xyz,21.99112410904393,False,0.8992036438834988,0.885720566055251,0.6771683494249695,-0.4224714611484453,-0.7646399310705022,-0.3639860127230884,0.13211036643129104,0.07037744608462984,2.24633779487864e-15,17.52339266927084,42
0.2125,7,144,1,1,1042,broad_xyz,21.99112410904393,False,0.9132335443622777,0.8997304657334807,0.7081126506344823,-0.49265314334992566,-0.7166282848727324,-0.3554464868936157,0.15241394979369746,0.08558860306979227,2.24633779487864e-15,17.52339266927084,42
0.225,7,144,1,1,1042,broad_xyz,21.99112410904393,False,0.9258529896069763,0.9096244124792757,0.7388555229734571,-0.5716184355805338,-0.668033373135977,-0.3404223544669292,0.17302679015252184,0.10200964162403243,2.24633779487864e-15,17.52339266927084,42
0.2375,7,144,1,1,1042,broad_xyz,21.99112410904393,False,0.9371418743300088,0.9158854535410514,0.7714694890802009,-0.6502953541767477,-0.6254554064763385,-0.32154556386021216,0.19333808389380752,0.1191347836281297,2.24633779487864e-15,17.52339266927084,42
0.25,7,144,1,1,1042,broad_xyz,21.99112410904393,False,0.9478321669410312,0.9203656722588429,0.8063017337829095,-0.7206234824007388,-0.5921212481385256,-0.2940951057900405,0.21251263018034003,0.1363280868706471,2.24633779487864e-15,17.52339266927084,42
0.27,7,144,1,1,1042,broad_xyz,21.99112410904393,False,0.9607494571426116,0.9255176901079216,0.8585603398623064,-0.8089756018215286,-0.5535921800733858,-0.22180526356772073,0.24012117218526732,0.16214900886651212,2.24633779487864e-15,17.52339266927084,42
0.29,7,144,1,1,1042,broad_xyz,21.99112410904393,False,0.9659640120724633,0.9303269617938823,0.8977272087350917,-0.8705390839392693,-0.5384692449317384,-0.12414425033074233,0.26357389525973135,0.18364244223980394,2.24633779487864e-15,17.52339266927084,42
0.31,7,144,1,1,1042,broad_xyz,21.99112410904393,False,0.9622769590360948,0.9366014953921906,0.9201948774485362,-0.9147674698714366,-0.5240071539585698,-0.022043146866262766,0.28304374420580425,0.19878613913056473,2.24633779487864e-15,17.52339266927084,42
0.33,7,144,1,1,1042,broad_xyz,21.99112410904393,False,0.9481436297217426,0.9431582024429985,0.9319139270145086,-0.9450695136379677,-0.4951622866454076,0.05988813263993959,0.29911439678296425,0.20664194114993975,2.24633779487864e-15,17.52339266927084,42
0.35,7,144,1,1,1042,broad_xyz,21.99112410904393,False,0.9220210424861723,0.9468034604412382,0.9427402119065006,-0.9617566947217683,-0.48070329341064955,0.10769554022086693,0.31207989069411307,0.2079604341094685,2.24633779487864e-15,17.52339266927084,42
0.37,7,144,1,1,1042,broad_xyz,21.99112410904393,False,0.8876575466134742,0.9438159847587874,0.9544741781181076,-0.9708823316400098,-0.49254789951266803,0.12568601694221423,0.3219933049907695,0.20678327377029498,2.24633779487864e-15,17.52339266927084,42
0.39,7,144,1,1,1042,broad_xyz,21.99112410904393,False,0.8420415434492593,0.935540310226708,0.9604607143458347,-0.9719147264320418,-0.5284267990408009,0.13325886938642778,0.32890426457901134,0.2040004678052596,2.24633779487864e-15,17.52339266927084,42
0.41000000000000003,7,144,1,1,1042,broad_xyz,21.99112410904393,False,0.7930990576755426,0.9262984805564941,0.9627872145886095,-0.9678896920288768,-0.5662021068801889,0.1355012523552472,0.3311381357799389,0.20119707455555413,2.24633779487864e-15,17.52339266927084,42
0.43,7,144,1,1,1042,broad_xyz,21.99112410904393,False,0.7489429486393765,0.9171152236030113,0.9619322695849145,-0.9626847059882893,-0.5962285908484596,0.1326973694151335,0.3282974740689212,0.1990273457250078,2.24633779487864e-15,17.52339266927084,42
0.45,7,144,1,1,1042,broad_xyz,21.99112410904393,False,0.7158227997786396,0.9099686310725656,0.9591874109183347,-0.9588814532366065,-0.5897440672672389,0.12637162298180488,0.32705241904923044,0.19794200767519426,2.24633779487864e-15,17.52339266927084,42
0.5,7,144,1,1,1042,broad_xyz,21.99112410904393,False,0.7022075805272654,0.90076859592507,0.9549007225056358,-0.963635207785299,-0.5017427623893679,0.07338148502465368,0.31045865945217005,0.20536574329767504,2.24633779487864e-15,17.52339266927084,42
0.55,7,144,1,1,1042,broad_xyz,21.99112410904393,False,0.6948124935937808,0.8346939587047009,0.9359385999815736,-0.9469880328022872,-0.572889720102695,-0.10547501906080763,0.29961962180623336,0.22844768059481957,2.24633779487864e-15,17.52339266927084,42
0.6,7,144,1,1,1042,broad_xyz,21.99112410904393,False,0.6806909539664284,0.7722670467610679,0.9155325812329098,-0.9097773788392132,-0.7384635091441268,-0.4047010042075747,0.31673746693710925,0.2436610078065895,2.24633779487864e-15,17.52339266927084,42
0.6499999999999999,7,144,1,1,1042,broad_xyz,21.99112410904393,False,0.695965868313257,0.8008799345670582,0.9184129453280226,-0.9146224056321571,-0.8580642582102875,-0.5402797752791483,0.3180366808428037,0.2411392031626743,2.24633779487864e-15,17.52339266927084,42
0.7,7,144,1,1,1042,broad_xyz,21.99112410904393,False,0.7320673447312648,0.8312160507731899,0.9351891753812617,-0.9128480548347833,-0.9233348673164898,-0.5839846067341595,0.31027320965423977,0.23172277013430354,2.24633779487864e-15,17.52339266927084,42
0.725,7,144,1,1,1042,broad_xyz,21.99112410904393,False,0.7489036259117373,0.8441394080058495,0.942895583560053,-0.8990706996167229,-0.9377981837636074,-0.5907580583580964,0.3054760066155657,0.22659568044082967,2.24633779487864e-15,17.52339266927084,42
0.75,7,144,1,1,1042,broad_xyz,21.99112410904393,False,0.76052767665692,0.8595073899854926,0.9486948440545302,-0.8603874709225723,-0.9439291430384579,-0.5955615453270325,0.29889960108141234,0.22132573468592945,2.24633779487864e-15,17.52339266927084,42
0.775,7,144,1,1,1042,broad_xyz,21.99112410904393,False,0.7658052947121333,0.8772649042458016,0.9522683145698604,-0.7494491272956649,-0.943251671369433,-0.5994648567555643,0.2899068995302648,0.2159573099745557,2.24633779487864e-15,17.52339266927084,42
0.8,7,144,1,1,1042,broad_xyz,21.99112410904393,False,0.7637058448443828,0.8942189523600722,0.9520176430715046,-0.4736128625882039,-0.9377015361810743,-0.5985098814613459,0.28957569471172595,0.2102952975185761,2.24633779487864e-15,17.52339266927084,42
0.825,7,144,1,1,1042,broad_xyz,21.99112410904393,False,0.7537611137798051,0.9071518864349357,0.948012706999921,-0.1359078134905799,-0.9302413712065927,-0.588450067450693,0.28905364644615944,0.2038036091632945,2.24633779487864e-15,17.52339266927084,42
0.85,7,144,1,1,1042,broad_xyz,21.99112410904393,False,0.7376885628305235,0.9144983144109209,0.9435606832899014,0.013869885813286712,-0.9243763193429778,-0.5697955290409055,0.284743253184946,0.19639406303515736,2.24633779487864e-15,17.52339266927084,42
0.875,7,144,1,1,1042,broad_xyz,21.99112410904393,False,0.721376170629898,0.9157447704408734,0.9402352194899919,0.008956849309471398,-0.9094410997562403,-0.5499277252318813,0.2766659543639602,0.18957410029860136,2.24633779487864e-15,17.52339266927084,42
0.9,7,144,1,1,1042,broad_xyz,21.99112410904393,False,0.7110821155029742,0.9116877804112552,0.9368586440469856,-0.06130790458367142,-0.8712662545941378,-0.5376552860048721,0.27519359655989817,0.18560015114330425,2.24633779487864e-15,17.52339266927084,42
0.95,7,144,1,1,1042,broad_xyz,21.99112410904393,False,0.7214752920967468,0.8915538248101538,0.937374568127249,-0.31067670245204054,-0.9044553168287601,-0.5313320896823991,0.276686222113477,0.18778662579879257,2.24633779487864e-15,17.52339266927084,42
1.0,7,144,1,1,1042,broad_xyz,21.99112410904393,False,0.7470074095161117,0.8516153277316862,0.9424459748324806,-0.6684298891645288,-0.9170205966788143,-0.5418809468672525,0.2773542386991417,0.19850686253960184,2.24633779487864e-15,17.52339266927084,42
0.05,7,144,1,1,1043,broad_xyz,21.99112410904393,False,0.005328858147375493,0.29979527056525634,-0.2571492809797619,-0.3982284115794942,-0.2504584044427512,-0.1916502161784833,0.0021952578942133734,0.0003257901467124458,2.24633779487864e-15,17.52339266927084,43
0.075,7,144,1,1,1043,broad_xyz,21.99112410904393,False,0.16891258087673217,0.349400306170036,-0.17629292587363235,-0.38534383289859636,-0.2655423783336935,-0.14887036472986231,0.00534211690626174,0.0008885251548573738,2.24633779487864e-15,17.52339266927084,43
0.1,7,144,1,1,1043,broad_xyz,21.99112410904393,False,0.3856707680818274,0.4335046560112782,-0.05827979231853547,-0.36483823817930094,-0.2560755702985431,-0.09051565857054492,0.010582597679299083,0.002211448214296494,2.24633779487864e-15,17.52339266927084,43
0.125,7,144,1,1,1043,broad_xyz,21.99112410904393,False,0.6154819044473899,0.5546304325911844,0.11504855205466982,-0.31214687762283155,-0.1916406727614101,0.007511896943185715,0.018715351959273197,0.005331911682300538,2.24633779487864e-15,17.52339266927084,43
0.15,7,144,1,1,1043,broad_xyz,21.99112410904393,False,0.7935478360241941,0.6940098367327423,0.3473740937327272,-0.2126699644211599,-0.185975311030351,0.1880400072977679,0.033987866254572244,0.012383359236688297,2.24633779487864e-15,17.52339266927084,43
0.1625,7,144,1,1,1043,broad_xyz,21.99112410904393,False,0.839410400881897,0.7481615306084476,0.4527797827607185,-0.16371084335999248,-0.3088603434744176,0.28319169935640653,0.046049973905610754,0.01807917768515744,2.24633779487864e-15,17.52339266927084,43
0.175,7,144,1,1,1043,broad_xyz,21.99112410904393,False,0.8675148907064377,0.7896638868275883,0.5358015615655449,-0.13500516885201466,-0.46972459573448205,0.36317053368364066,0.06091972431565869,0.02539175827504913,2.24633779487864e-15,17.52339266927084,43
0.1875,7,144,1,1,1043,broad_xyz,21.99112410904393,False,0.8884667727263883,0.8233393866711133,0.602440678654606,-0.12931534848925058,-0.5711412817614429,0.43166236782985357,0.07790195146109861,0.03430271436260266,2.24633779487864e-15,17.52339266927084,43
0.2,7,144,1,1,1043,broad_xyz,21.99112410904393,False,0.9033967789824378,0.8474260311373821,0.6516991278868917,-0.1562763109499479,-0.6175053932018494,0.4882642619846848,0.09579948569701745,0.044718759221643076,2.24633779487864e-15,17.52339266927084,43
0.2125,7,144,1,1,1043,broad_xyz,21.99112410904393,False,0.9163483228472536,0.864217328381501,0.6929955036011178,-0.21089966328967016,-0.6415995730352199,0.5388363097969289,0.11399700719287317,0.05642107745979752,2.24633779487864e-15,17.52339266927084,43
0.225,7,144,1,1,1043,broad_xyz,21.99112410904393,False,0.9263971149304412,0.8758557191641433,0.7304491423048761,-0.29038035968055437,-0.663691640717571,0.5875149993785969,0.1325069541562232,0.06924418729481362,2.24633779487864e-15,17.52339266927084,43
0.2375,7,144,1,1,1043,broad_xyz,21.99112410904393,False,0.9326885364255004,0.8824519042178216,0.7668760733269692,-0.3864280847798669,-0.6912411849842253,0.6368529686476216,0.15069751920051563,0.08298328822345952,2.24633779487864e-15,17.52339266927084,43
0.25,7,144,1,1,1043,broad_xyz,21.99112410904393,False,0.9338824171650434,0.8839936694763176,0.8017168265798837,-0.48696950083543467,-0.7231807479162606,0.6855164305337322,0.16838589208069585,0.09735447396743564,2.24633779487864e-15,17.52339266927084,43
0.27,7,144,1,1,1043,broad_xyz,21.99112410904393,False,0.9270939486772373,0.8801193403918254,0.8531569108428377,-0.623279018822031,-0.771946862951077,0.7552305683835846,0.19519619751837672,0.12063398515612464,2.24633779487864e-15,17.52339266927084,43
0.29,7,144,1,1,1043,broad_xyz,21.99112410904393,False,0.920798227054278,0.880924007526242,0.8893622646652979,-0.7249381151537148,-0.7992074149846633,0.7962436882303197,0.2193618047434634,0.1419419135766378,2.24633779487864e-15,17.52339266927084,43
0.31,7,144,1,1,1043,broad_xyz,21.99112410904393,False,0.9296800781346835,0.9000271368645456,0.9052555108133005,-0.812791603946853,-0.7786961863596263,0.795011005141874,0.23979902291451363,0.1583893399406874,2.24633779487864e-15,17.52339266927084,43
0.33,7,144,1,1,1043,broad_xyz,21.99112410904393,False,0.9476156551939627,0.9258549640982023,0.910835863963555,-0.879493477545947,-0.7414352111965467,0.7601161000122644,0.2556806543229625,0.16872720941578181,2.24633779487864e-15,17.52339266927084,43
0.35,7,144,1,1,1043,broad_xyz,21.99112410904393,False,0.9607128628459102,0.9408527370058194,0.9223012781408139,-0.9115374165528919,-0.7263764442466827,0.7108902522444076,0.2698249962278206,0.1739264622729415,2.24633779487864e-15,17.52339266927084,43
0.37,7,144,1,1,1043,broad_xyz,21.99112410904393,False,0.9639185524142967,0.944000581192472,0.9361973261395665,-0.9223265656201135,-0.7339837545420562,0.6490434421967592,0.28093807803761883,0.17571394542149643,2.24633779487864e-15,17.52339266927084,43
0.39,7,144,1,1,1043,broad_xyz,21.99112410904393,False,0.9551405658769779,0.9388161491326089,0.9470447612237243,-0.9200682349106082,-0.7557410543724988,0.56800499899336,0.28983385615968793,0.17570602667061053,2.24633779487864e-15,17.52339266927084,43
0.41000000000000003,7,144,1,1,1043,broad_xyz,21.99112410904393,False,0.9351626498876977,0.9304741508610958,0.9519736413195818,-0.910832899312518,-0.7896813120615558,0.45717421954744686,0.29626274051300305,0.17503147903661787,2.24633779487864e-15,17.52339266927084,43
0.43,7,144,1,1,1043,broad_xyz,21.99112410904393,False,0.9121011031043678,0.9232860895686837,0.9523177308631258,-0.8996838528289158,-0.8206404420585179,0.3011397910888787,0.30045271011578223,0.1744728153965505,2.24633779487864e-15,17.52339266927084,43
0.45,7,144,1,1,1043,broad_xyz,21.99112410904393,False,0.8974661167639981,0.9192538992595962,0.950451836943459,-0.8935699532509151,-0.8307234833039451,0.10313895574855722,0.30084302813842967,0.17456945821749112,2.24633779487864e-15,17.52339266927084,43
0.5,7,144,1,1,1043,broad_xyz,21.99112410904393,False,0.9102490445244835,0.9161941359697895,0.942310842737311,-0.9239437954812233,-0.79085166681468,-0.26640836470591334,0.2831220923771431,0.18200063697850974,2.24633779487864e-15,17.52339266927084,43
0.55,7,144,1,1,1043,broad_xyz,21.99112410904393,False,0.887187918449586,0.8991809089883427,0.9309172345386241,-0.9443579262540759,-0.8122025071880631,-0.32761918897912606,0.2794662748867836,0.20397647447272568,2.24633779487864e-15,17.52339266927084,43
0.6,7,144,1,1,1043,broad_xyz,21.99112410904393,False,0.8461317946808395,0.8810412682604594,0.934403808738636,-0.9273809844305745,-0.859984675567501,-0.43767566514355827,0.2844496909280648,0.2212497926017231,2.24633779487864e-15,17.52339266927084,43
0.6499999999999999,7,144,1,1,1043,broad_xyz,21.99112410904393,False,0.8456815925308708,0.8964599245196125,0.9361657619204266,-0.9218182215522698,-0.9102546770929201,-0.5653797588614358,0.2841644991292359,0.2221039811090167,2.24633779487864e-15,17.52339266927084,43
0.7,7,144,1,1,1043,broad_xyz,21.99112410904393,False,0.8477753255162175,0.9143882681709796,0.9457794690947583,-0.9097814579825373,-0.9432593845980628,-0.5931294805733996,0.2852740421757361,0.2148898633705135,2.24633779487864e-15,17.52339266927084,43
0.725,7,144,1,1,1043,broad_xyz,21.99112410904393,False,0.8405967409653887,0.9141375076017851,0.9501575861485432,-0.89474921965824,-0.9463834005601185,-0.5905031046739845,0.2828985049736776,0.21046920196197424,2.24633779487864e-15,17.52339266927084,43
0.75,7,144,1,1,1043,broad_xyz,21.99112410904393,False,0.8299244329973385,0.9070525395471151,0.9500217904409523,-0.8710753322194963,-0.9428124934997598,-0.5852560733576582,0.28881391935545475,0.2056760694268157,2.24633779487864e-15,17.52339266927084,43
0.775,7,144,1,1,1043,broad_xyz,21.99112410904393,False,0.820108021682668,0.8967421738520989,0.9458870860106968,-0.8248027613863683,-0.9363643247305959,-0.5773594298758016,0.2953019448415416,0.20081295009819966,2.24633779487864e-15,17.52339266927084,43
0.8,7,144,1,1,1043,broad_xyz,21.99112410904393,False,0.8125148027415032,0.88591546036209,0.9396650945215694,-0.7153300967530706,-0.929813303409473,-0.564850531681403,0.3003783724457133,0.19626322316043057,2.24633779487864e-15,17.52339266927084,43
0.825,7,144,1,1,1043,broad_xyz,21.99112410904393,False,0.8034618294786466,0.8753389394320293,0.9320976552899479,-0.5250879547243018,-0.9257678912459097,-0.5510102860936703,0.3032483603438134,0.19205703383816233,2.24633779487864e-15,17.52339266927084,43
0.85,7,144,1,1,1043,broad_xyz,21.99112410904393,False,0.7884344329180392,0.8655138053668686,0.9232093267269668,-0.36143853806388243,-0.9189138347511074,-0.543332832775394,0.3033080944991992,0.1879421823478384,2.24633779487864e-15,17.52339266927084,43
0.875,7,144,1,1,1043,broad_xyz,21.99112410904393,False,0.7696974932100236,0.8576153728534157,0.9149660921716803,-0.29322822339683763,-0.8937472808062391,-0.5469197848959808,0.30035466422724233,0.18442684828015132,2.24633779487864e-15,17.52339266927084,43
0.9,7,144,1,1,1043,broad_xyz,21.99112410904393,False,0.7600630058396903,0.852544584938211,0.9104730710568248,-0.29173541350483234,-0.841547543649287,-0.5508150861590426,0.2949507450099764,0.18279734925718405,2.24633779487864e-15,17.52339266927084,43
0.95,7,144,1,1,1043,broad_xyz,21.99112410904393,False,0.7913935541934568,0.84631796506184,0.9186679326823984,-0.451545922546798,-0.8828946663051679,-0.5474473671594919,0.2854728456040888,0.18664439873925687,2.24633779487864e-15,17.52339266927084,43
1.0,7,144,1,1,1043,broad_xyz,21.99112410904393,False,0.8212519403325743,0.8179709642452889,0.9373859111772203,-0.7927768281517383,-0.9020032828255038,-0.5552201197142259,0.2870702968969842,0.19631380976753465,2.24633779487864e-15,17.52339266927084,43
0.05,7,144,1,1,1044,broad_xyz,21.99112410904393,False,0.19714448968776205,0.5840734534067911,-0.07304265430169447,-0.24762139472494635,0.022789331749514943,-0.07452847366244311,0.004340172653177522,0.0012462635294209984,2.24633779487864e-15,17.52339266927084,44
0.075,7,144,1,1,1044,broad_xyz,21.99112410904393,False,0.3755323912237773,0.6562600246675268,0.02653168374123232,-0.22283899902550153,0.03878684721672613,-0.045888732354290605,0.009546337965970117,0.0031790845704500496,2.24633779487864e-15,17.52339266927084,44
0.1,7,144,1,1,1044,broad_xyz,21.99112410904393,False,0.5598525363074902,0.7408575746571104,0.1519944910518782,-0.18558134435083135,-0.025654001016809404,0.04070904683325849,0.017207668994203545,0.006599010717443014,2.24633779487864e-15,17.52339266927084,44
0.125,7,144,1,1,1044,broad_xyz,21.99112410904393,False,0.7081918379059604,0.8154123100233139,0.2746860950253933,-0.15453213013081887,-0.23574879708720808,0.1751334575146713,0.027661216159116448,0.012199453082860745,2.24633779487864e-15,17.52339266927084,44
0.15,7,144,1,1,1044,broad_xyz,21.99112410904393,False,0.7759424279234177,0.860737945041362,0.34872341011958974,-0.16687097436126913,-0.5731596039726491,0.3107770427727778,0.045233780648043495,0.020867416959131673,2.24633779487864e-15,17.52339266927084,44
0.1625,7,144,1,1,1044,broad_xyz,21.99112410904393,False,0.7839498322613583,0.8729575497691704,0.3655810834976897,-0.1928646834308146,-0.7233674137158772,0.36992453084595084,0.0567219670112594,0.02669296280373644,2.24633779487864e-15,17.52339266927084,44
0.175,7,144,1,1,1044,broad_xyz,21.99112410904393,False,0.7835669619097232,0.880495723947062,0.3718657936306387,-0.23081033798367154,-0.8135476596655502,0.4195286786025023,0.06996926716451882,0.03359878024804335,2.24633779487864e-15,17.52339266927084,44
0.1875,7,144,1,1,1044,broad_xyz,21.99112410904393,False,0.781054184326503,0.8856545066121113,0.371663061148765,-0.27781425643743596,-0.8439377333359035,0.462228181817615,0.08335556075254942,0.041624609581423236,2.24633779487864e-15,17.52339266927084,44
0.2,7,144,1,1,1044,broad_xyz,21.99112410904393,False,0.7786507607820257,0.8891548453524474,0.36896193364013724,-0.3291128533831707,-0.8266386722805309,0.49594615796622815,0.09662593079918542,0.05058563888559905,2.24633779487864e-15,17.52339266927084,44
0.2125,7,144,1,1,1044,broad_xyz,21.99112410904393,False,0.7790260535118834,0.8911874819273627,0.3690211768242617,-0.38032277668040515,-0.7829294117843603,0.5260498516901191,0.11155211075067317,0.0603952013444656,2.24633779487864e-15,17.52339266927084,44
0.225,7,144,1,1,1044,broad_xyz,21.99112410904393,False,0.783387335927392,0.8942007785171054,0.37593424501557765,-0.42798011563390337,-0.7317552419097525,0.5498259662923664,0.12644364643878894,0.07093253135308435,2.24633779487864e-15,17.52339266927084,44
0.2375,7,144,1,1,1044,broad_xyz,21.99112410904393,False,0.7927269676733371,0.8989274041570989,0.39397737479918793,-0.4691047567518548,-0.683970004184695,0.5706913969735655,0.14098273239145515,0.08188311840967073,2.24633779487864e-15,17.52339266927084,44
0.25,7,144,1,1,1044,broad_xyz,21.99112410904393,False,0.808815747916929,0.9080027993937109,0.428102330804429,-0.5002691883191047,-0.646713494959914,0.5860443475899304,0.1536833055485504,0.09311895797173769,2.24633779487864e-15,17.52339266927084,44
0.27,7,144,1,1,1044,broad_xyz,21.99112410904393,False,0.8424625735490165,0.9279128421017951,0.5156535999961994,-0.5301611432262688,-0.6095015034336756,0.5949179788185678,0.17049769585692762,0.11115695464415075,2.24633779487864e-15,17.52339266927084,44
0.29,7,144,1,1,1044,broad_xyz,21.99112410904393,False,0.86591912443781,0.9393318819832693,0.6177846244569516,-0.5586881521661288,-0.5965111840808845,0.591001222296121,0.18410912448780642,0.12758176936289356,2.24633779487864e-15,17.52339266927084,44
0.31,7,144,1,1,1044,broad_xyz,21.99112410904393,False,0.8647575535794751,0.9390206011677917,0.6910279139809901,-0.6236439922083585,-0.5862086900861303,0.5756402850357543,0.19829684945875217,0.14027043010282966,2.24633779487864e-15,17.52339266927084,44
0.33,7,144,1,1,1044,broad_xyz,21.99112410904393,False,0.8429315791127161,0.9344076045795433,0.7287556978973814,-0.7164817348201616,-0.5695928734766185,0.5570215184864912,0.2091162980599223,0.14840686923564206,2.24633779487864e-15,17.52339266927084,44
0.35,7,144,1,1,1044,broad_xyz,21.99112410904393,False,0.8102680256170989,0.9304865105832535,0.7567613887649784,-0.7902596437289718,-0.5598771757223844,0.5401349740031951,0.22349593845093052,0.15259395397459036,2.24633779487864e-15,17.52339266927084,44
0.37,7,144,1,1,1044,broad_xyz,21.99112410904393,False,0.7760957847281612,0.9289835101649718,0.7879146397787751,-0.8285265941816947,-0.5597903839411568,0.5226618749828351,0.2358063207895428,0.1541376270262547,2.24633779487864e-15,17.52339266927084,44
0.39,7,144,1,1,1044,broad_xyz,21.99112410904393,False,0.7426305360737407,0.927702984095108,0.8200935120204962,-0.837485686267613,-0.5706937952995391,0.5005284986133078,0.24375197093752998,0.15421450058362587,2.24633779487864e-15,17.52339266927084,44
0.41000000000000003,7,144,1,1,1044,broad_xyz,21.99112410904393,False,0.7097570950295539,0.9239559306815069,0.846473981140055,-0.8288462514136654,-0.5884760190621586,0.46939593789437417,0.25284500835053086,0.15367431900985437,2.24633779487864e-15,17.52339266927084,44
0.43,7,144,1,1,1044,broad_xyz,21.99112410904393,False,0.682075618277587,0.9170528017680387,0.8625630353327036,-0.8149544481860701,-0.6125952909725177,0.4277552213736606,0.2603509170184569,0.15302212177684316,2.24633779487864e-15,17.52339266927084,44
0.45,7,144,1,1,1044,broad_xyz,21.99112410904393,False,0.668153006508623,0.9090511387412865,0.8713406164252074,-0.8052594683003425,-0.6378428550765821,0.3804269236075798,0.26274737853520624,0.15287613381906548,2.24633779487864e-15,17.52339266927084,44
0.5,7,144,1,1,1044,broad_xyz,21.99112410904393,False,0.685802267251265,0.8890749779387294,0.8731386751461201,-0.8264833419173883,-0.6555511923595044,0.2668934091339562,0.2567369725125933,0.15907455237831966,2.24633779487864e-15,17.52339266927084,44
0.55,7,144,1,1,1044,broad_xyz,21.99112410904393,False,0.680017575559289,0.8281879908723798,0.8354049857664935,-0.8347264137163658,-0.6948236879093109,0.1429165971092989,0.24414326716122386,0.17580279161518209,2.24633779487864e-15,17.52339266927084,44
0.6,7,144,1,1,1044,broad_xyz,21.99112410904393,False,0.6224300271302887,0.74888775821267,0.8368554638558594,-0.800732457785492,-0.7313120922814642,-0.022777500586870617,0.2485142753493288,0.1881694714073333,2.24633779487864e-15,17.52339266927084,44
0.6499999999999999,7,144,1,1,1044,broad_xyz,21.99112410904393,False,0.6294630866389103,0.7792583084277823,0.8436426675540938,-0.7916169023873262,-0.7872054377282481,-0.3047638317015067,0.25709518961204536,0.18875809610001212,2.24633779487864e-15,17.52339266927084,44
0.7,7,144,1,1,1044,broad_xyz,21.99112410904393,False,0.652479700399051,0.8177758172949829,0.8913143938227769,-0.7771804968480943,-0.8798862301558067,-0.4411866886550227,0.26026477595864456,0.1843014323164246,2.24633779487864e-15,17.52339266927084,44
0.725,7,144,1,1,1044,broad_xyz,21.99112410904393,False,0.6565651740368007,0.8241500392420935,0.9174155512226465,-0.7638706549769909,-0.9078500702781512,-0.455157578446015,0.2627557777033543,0.18158945379206803,2.24633779487864e-15,17.52339266927084,44
0.75,7,144,1,1,1044,broad_xyz,21.99112410904393,False,0.6600983197948705,0.8332273734076768,0.9355493260630218,-0.7363067362891542,-0.9239729962494135,-0.4553250289680868,0.26230303654665216,0.17874869100188107,2.24633779487864e-15,17.52339266927084,44
0.775,7,144,1,1,1044,broad_xyz,21.99112410904393,False,0.6648644870987165,0.8477905530373736,0.9447420884363094,-0.6812723159736063,-0.9296607616633782,-0.4493794573649144,0.2585712372448935,0.17603478782623697,2.24633779487864e-15,17.52339266927084,44
0.8,7,144,1,1,1044,broad_xyz,21.99112410904393,False,0.6648991748403518,0.8611386045646935,0.9459933873682944,-0.5790484994769466,-0.9299627676004938,-0.4395773856387806,0.25921500832057437,0.17376664207200535,2.24633779487864e-15,17.52339266927084,44
0.825,7,144,1,1,1044,broad_xyz,21.99112410904393,False,0.6605118345115852,0.8702967279705066,0.9426077034562961,-0.4282547232380921,-0.9270770795191657,-0.43035325601332314,0.2634418627542161,0.1719117712879103,2.24633779487864e-15,17.52339266927084,44
0.85,7,144,1,1,1044,broad_xyz,21.99112410904393,False,0.6543926086051055,0.8776291558668727,0.9364781459209992,-0.2901714052292295,-0.9196107903525719,-0.4302737012624472,0.2673450211917022,0.1701758755343986,2.24633779487864e-15,17.52339266927084,44
0.875,7,144,1,1,1044,broad_xyz,21.99112410904393,False,0.6502260152410153,0.8847474435480789,0.9300815563188081,-0.21405593029510644,-0.9017386326284343,-0.44120797387160066,0.27140243126536573,0.1687813337715893,2.24633779487864e-15,17.52339266927084,44
0.9,7,144,1,1,1044,broad_xyz,21.99112410904393,False,0.6485875282118495,0.8903686919024594,0.926366065462551,-0.19183724820237785,-0.8528722728001783,-0.4544130821524275,0.2763150212118372,0.16885680854461396,2.24633779487864e-15,17.52339266927084,44
0.95,7,144,1,1,1044,broad_xyz,21.99112410904393,False,0.6662297739783204,0.887975736730204,0.9300395054821373,-0.29995107988502756,-0.8965047658118069,-0.4727351064214519,0.28572141968807974,0.17539270697023543,2.24633779487864e-15,17.52339266927084,44
1.0,7,144,1,1,1044,broad_xyz,21.99112410904393,False,0.6938985907785407,0.8640763444765387,0.9362660375924292,-0.6306944005441524,-0.9115085330457812,-0.4914540726139698,0.28609803265453004,0.18536452352905242,2.24633779487864e-15,17.52339266927084,44
0.05,7,144,1,1,1045,broad_xyz,21.99112410904393,False,0.3257767957484024,0.6171631020972668,-0.32355309032238627,-0.5147429386808491,-0.307619636582584,0.24260750006190615,0.002812530975919532,0.0008196174246365684,2.24633779487864e-15,17.52339266927084,45
0.075,7,144,1,1,1045,broad_xyz,21.99112410904393,False,0.4838913824539914,0.6314843000390175,-0.26378170402278756,-0.5237368466858807,-0.36965257016092357,0.31233729467221333,0.007098925948723947,0.0019302647612574812,2.24633779487864e-15,17.52339266927084,45
0.1,7,144,1,1,1045,broad_xyz,21.99112410904393,False,0.6094645260498922,0.6557119003826438,-0.18100857197974415,-0.5389509016719638,-0.4820950400972252,0.3701207113465733,0.013884329301261916,0.003743445212587319,2.24633779487864e-15,17.52339266927084,45
0.125,7,144,1,1,1045,broad_xyz,21.99112410904393,False,0.6505121187236624,0.6914023435757889,-0.08436440845005434,-0.5765095387695606,-0.6358930341673131,0.382126555998053,0.023279989805031032,0.006770216911113242,2.24633779487864e-15,17.52339266927084,45
0.15,7,144,1,1,1045,broad_xyz,21.99112410904393,False,0.637270518545635,0.7255191716842901,0.002443413579811914,-0.6415880648653919,-0.7037109398484225,0.3416405591130946,0.03572592320406946,0.011929530989917758,2.24633779487864e-15,17.52339266927084,45
0.1625,7,144,1,1,1045,broad_xyz,21.99112410904393,False,0.6312729810373415,0.7415920197074363,0.0371482673772853,-0.6791330253319706,-0.6946168818632962,0.3188663410874752,0.04410811798172044,0.015718352948442652,2.24633779487864e-15,17.52339266927084,45
0.175,7,144,1,1,1045,broad_xyz,21.99112410904393,False,0.6409477686566009,0.7603149385739261,0.06826702454613098,-0.7165618634797518,-0.6703255975448766,0.305943503795968,0.05374294208351514,0.020551625845393565,2.24633779487864e-15,17.52339266927084,45
0.1875,7,144,1,1,1045,broad_xyz,21.99112410904393,False,0.6613531457397948,0.7800538425714499,0.09663919073584926,-0.7504910474168437,-0.6353281125731288,0.3055080299051232,0.06423403797890655,0.026414479794272465,2.24633779487864e-15,17.52339266927084,45
0.2,7,144,1,1,1045,broad_xyz,21.99112410904393,False,0.6907166078285358,0.8022908880364316,0.12810348625964796,-0.7778073190856885,-0.5958479707534526,0.3107691409430829,0.07673167182945942,0.03336359972038225,2.24633779487864e-15,17.52339266927084,45
0.2125,7,144,1,1,1045,broad_xyz,21.99112410904393,False,0.72428651027485,0.8266736262030219,0.16735234462841364,-0.7960547535259984,-0.5584260012443397,0.3163103609819903,0.08899561244923125,0.04153583605737851,2.24633779487864e-15,17.52339266927084,45
0.225,7,144,1,1,1045,broad_xyz,21.99112410904393,False,0.7552226035513552,0.8523512896481408,0.216542234633607,-0.8036641782090207,-0.5142967709132678,0.31356508880681216,0.10054373214984587,0.05068974719654402,2.24633779487864e-15,17.52339266927084,45
0.2375,7,144,1,1,1045,broad_xyz,21.99112410904393,False,0.7761724385501838,0.8723724449717803,0.2761165766955716,-0.8030267572050999,-0.47083609012302274,0.29872637072740843,0.11235336932007267,0.060941007616602295,2.24633779487864e-15,17.52339266927084,45
0.25,7,144,1,1,1045,broad_xyz,21.99112410904393,False,0.7877989053506409,0.8872475625590591,0.34104346180657147,-0.8011990641770536,-0.4250161538753396,0.2719206718253727,0.12453706871686412,0.07204891741677318,2.24633779487864e-15,17.52339266927084,45
0.27,7,144,1,1,1045,broad_xyz,21.99112410904393,False,0.7930346073425633,0.9038525004746257,0.4541329479997052,-0.801396027829045,-0.3461762229442018,0.2070587029520788,0.14271625168080776,0.09046082506863165,2.24633779487864e-15,17.52339266927084,45
0.29,7,144,1,1,1045,broad_xyz,21.99112410904393,False,0.7901772208982852,0.9140027333995591,0.5664981690864925,-0.8158675914033141,-0.285164695202086,0.13222911284182245,0.15957475575985772,0.10781365898550117,2.24633779487864e-15,17.52339266927084,45
0.31,7,144,1,1,1045,broad_xyz,21.99112410904393,False,0.790735580217758,0.9236265931293478,0.6668835838848814,-0.8476598680205266,-0.24354243023042466,0.06889585715890499,0.1742494919302462,0.1223296513673821,2.24633779487864e-15,17.52339266927084,45
0.33,7,144,1,1,1045,broad_xyz,21.99112410904393,False,0.7987027934850119,0.9342943725825994,0.7513373346321522,-0.8887272230583533,-0.1932822065633428,0.034586584938364175,0.1965870053438485,0.13303339670595107,2.24633779487864e-15,17.52339266927084,45
0.35,7,144,1,1,1045,broad_xyz,21.99112410904393,False,0.8112044061192947,0.9428508412733843,0.8190808808179199,-0.9261985743462516,-0.17080875054054934,0.02358787057414701,0.2161311318017934,0.13986906116477016,2.24633779487864e-15,17.52339266927084,45
0.37,7,144,1,1,1045,broad_xyz,21.99112410904393,False,0.8255100213842042,0.9474458089810991,0.8688907005357422,-0.949775977618071,-0.18040075902682082,0.011038697885757629,0.231365149739428,0.14400185973249174,2.24633779487864e-15,17.52339266927084,45
0.39,7,144,1,1,1045,broad_xyz,21.99112410904393,False,0.8358386357103194,0.9466503683236173,0.9002006512688192,-0.9544013089759215,-0.23421904295634138,-0.024286845049021677,0.24032798263739735,0.14689400143136908,2.24633779487864e-15,17.52339266927084,45
0.41000000000000003,7,144,1,1,1045,broad_xyz,21.99112410904393,False,0.8396106437019271,0.9425178329290304,0.9117554812908446,-0.9484252604377064,-0.34057473068140826,-0.08112923246394534,0.24643955034599613,0.14830162691392829,2.24633779487864e-15,17.52339266927084,45
0.43,7,144,1,1,1045,broad_xyz,21.99112410904393,False,0.8383448883394504,0.9380881349187081,0.9129513313322748,-0.9403180719295402,-0.4853109492346403,-0.15493460128381362,0.2502086764298692,0.14912033933983346,2.24633779487864e-15,17.52339266927084,45
0.45,7,144,1,1,1045,broad_xyz,21.99112410904393,False,0.8382072791626338,0.9349178418156856,0.9116475692353534,-0.9373631232743107,-0.6017463231757721,-0.23434106240079686,0.24992051767762313,0.1503105626956713,2.24633779487864e-15,17.52339266927084,45
0.5,7,144,1,1,1045,broad_xyz,21.99112410904393,False,0.8618922293248538,0.9345420047099163,0.9157137908595652,-0.9613204163852723,-0.5820840953828419,-0.37118639913933865,0.2488995891790827,0.15947491470111128,2.24633779487864e-15,17.52339266927084,45
0.55,7,144,1,1,1045,broad_xyz,21.99112410904393,False,0.8617237969753898,0.9176973489655516,0.9133439899600576,-0.9576213007651744,-0.6223564193123065,-0.4441394580745264,0.2813314878632954,0.1785029032476395,2.24633779487864e-15,17.52339266927084,45
0.6,7,144,1,1,1045,broad_xyz,21.99112410904393,False,0.7430879181501857,0.8685397771357732,0.9170744158104202,-0.9376642169251099,-0.7561662196842663,-0.5273743499949018,0.3025248906997201,0.19495532144922645,2.24633779487864e-15,17.52339266927084,45
0.6499999999999999,7,144,1,1,1045,broad_xyz,21.99112410904393,False,0.6445992116770136,0.8472279033819814,0.9337399900603803,-0.9344178890327828,-0.8800822228866326,-0.534767088015944,0.30328457635663353,0.19847417607343043,2.24633779487864e-15,17.52339266927084,45
0.7,7,144,1,1,1045,broad_xyz,21.99112410904393,False,0.6824549011499721,0.862192636679915,0.9435652109793575,-0.9340449998809981,-0.932807587243152,-0.5077485765114779,0.31208960884731757,0.19669803115872272,2.24633779487864e-15,17.52339266927084,45
0.725,7,144,1,1,1045,broad_xyz,21.99112410904393,False,0.7257731936936508,0.8803043312388683,0.9461920647066359,-0.9241127239854371,-0.9405059457801451,-0.5000198888314812,0.3109179755563173,0.19489709868140295,2.24633779487864e-15,17.52339266927084,45
0.75,7,144,1,1,1045,broad_xyz,21.99112410904393,False,0.76140055444966,0.9008155815234361,0.9476495393952058,-0.8993328206318395,-0.9431152090661449,-0.49570166002865224,0.3068716515767864,0.1926978468845491,2.24633779487864e-15,17.52339266927084,45
0.775,7,144,1,1,1045,broad_xyz,21.99112410904393,False,0.7792295707338164,0.9189832457408158,0.9460510695781537,-0.8431347745138689,-0.9397172110085042,-0.49207852358457177,0.3031474313831795,0.19055618975146638,2.24633779487864e-15,17.52339266927084,45
0.8,7,144,1,1,1045,broad_xyz,21.99112410904393,False,0.7835823379457839,0.9326072147751633,0.9409971288090514,-0.7182726071926272,-0.9324853887078729,-0.49070408042572555,0.3045372854920583,0.18890670751505395,2.24633779487864e-15,17.52339266927084,45
0.825,7,144,1,1,1045,broad_xyz,21.99112410904393,False,0.7845349439996825,0.9416059188857073,0.9344455350032991,-0.5007293020645134,-0.9231166396348678,-0.48958305611009345,0.30750729596940735,0.18767191123889143,2.24633779487864e-15,17.52339266927084,45
0.85,7,144,1,1,1045,broad_xyz,21.99112410904393,False,0.7898290247193677,0.9479323400698303,0.9303613196571179,-0.2757138247649599,-0.9117290761790015,-0.4822354757500579,0.30806949212254847,0.18639162565019518,2.24633779487864e-15,17.52339266927084,45
0.875,7,144,1,1,1045,broad_xyz,21.99112410904393,False,0.8022854246998308,0.9528798129412259,0.9299461823552626,-0.14525657806045458,-0.8928670700289953,-0.4708174470959906,0.30383599268371625,0.1850324200595049,2.24633779487864e-15,17.52339266927084,45
0.9,7,144,1,1,1045,broad_xyz,21.99112410904393,False,0.8201421133907476,0.9555085298402027,0.9299872983055911,-0.10600641898716985,-0.8561761374622452,-0.46529160510822754,0.30324696696328585,0.18439585169508213,2.24633779487864e-15,17.52339266927084,45
0.95,7,144,1,1,1045,broad_xyz,21.99112410904393,False,0.8667143743702668,0.9435723631839974,0.9317610412907724,-0.1870850209957101,-0.9012090132759681,-0.4793418642928093,0.30741790187334683,0.18620156919839234,2.24633779487864e-15,17.52339266927084,45
1.0,7,144,1,1,1045,broad_xyz,21.99112410904393,False,0.8422860590803275,0.8989576477203587,0.9320549706874958,-0.5332229172973336,-0.9097293966672786,-0.4941814760908318,0.29128915598849214,0.19010233136955204,2.24633779487864e-15,17.52339266927084,45
0.05,7,144,1,1,1046,broad_xyz,21.99112410904393,False,-0.2383542889570095,0.11932817619843564,-0.4527501466258254,-0.46337534131713554,-0.37364126894836497,-0.2946676294039008,0.0017841886982512879,0.00014575694419565737,2.24633779487864e-15,17.52339266927084,46
0.075,7,144,1,1,1046,broad_xyz,21.99112410904393,False,-0.33161985331892946,0.154486439126086,-0.49682691646143134,-0.5001611473806291,-0.39254144582979017,-0.22400399073987462,0.004662503916052936,0.0004225229157042778,2.24633779487864e-15,17.52339266927084,46
0.1,7,144,1,1,1046,broad_xyz,21.99112410904393,False,-0.33642863636892795,0.2378849551328929,-0.5304607774020155,-0.5372086416640854,-0.4079493709740289,-0.14543177928162,0.009585938524199516,0.0011238696856490024,2.24633779487864e-15,17.52339266927084,46
0.125,7,144,1,1,1046,broad_xyz,21.99112410904393,False,-0.24810430176360065,0.3299490305503498,-0.5579735859110948,-0.5770744852716224,-0.4295863933934507,-0.0002368093404177164,0.017321015508941114,0.0027719363889297855,2.24633779487864e-15,17.52339266927084,46
0.15,7,144,1,1,1046,broad_xyz,21.99112410904393,False,-0.08039258060512547,0.4155780908775206,-0.5907022079888318,-0.6353633712195271,-0.4892788766452096,0.19879257784874946,0.029893573312820026,0.006208093317995634,2.24633779487864e-15,17.52339266927084,46
0.1625,7,144,1,1,1046,broad_xyz,21.99112410904393,False,0.01891365701689002,0.4544259948282027,-0.6029829841881589,-0.6672861094688011,-0.5161903262976658,0.30457430344230624,0.03756346897154195,0.00912379258225701,2.24633779487864e-15,17.52339266927084,46
0.175,7,144,1,1,1046,broad_xyz,21.99112410904393,False,0.11296008863882669,0.4903442774082444,-0.606777137129763,-0.6952822198481452,-0.529047337882578,0.39516943929710174,0.04706984959875805,0.013109374861672195,2.24633779487864e-15,17.52339266927084,46
0.1875,7,144,1,1,1046,broad_xyz,21.99112410904393,False,0.1930979100044012,0.5245667070604436,-0.5960822825061016,-0.7142607009091041,-0.5093602355777396,0.4516587460868294,0.056692837902943286,0.018230264468895648,2.24633779487864e-15,17.52339266927084,46
0.2,7,144,1,1,1046,broad_xyz,21.99112410904393,False,0.2545018915347573,0.5597195439450374,-0.5637922321441032,-0.7194649381738192,-0.4361982598173188,0.47042724170698763,0.06599642674461029,0.024506257485582036,2.24633779487864e-15,17.52339266927084,46
0.2125,7,144,1,1,1046,broad_xyz,21.99112410904393,False,0.2978089889090899,0.5917566240324539,-0.514875493803898,-0.713966438485237,-0.29781741167887565,0.4549584382691081,0.07458064838824661,0.031942744231716454,2.24633779487864e-15,17.52339266927084,46
0.225,7,144,1,1,1046,broad_xyz,21.99112410904393,False,0.3262462762345472,0.6169480020994014,-0.4519564887574327,-0.7007666344839288,-0.1062959043556893,0.4137481794231217,0.08211492900169924,0.04041610410878426,2.24633779487864e-15,17.52339266927084,46
0.2375,7,144,1,1,1046,broad_xyz,21.99112410904393,False,0.34968976977876426,0.6363541435442213,-0.3700876000243138,-0.6772626463904587,0.04614059546151997,0.35402922598488124,0.09038959665978663,0.049589087142570785,2.24633779487864e-15,17.52339266927084,46
0.25,7,144,1,1,1046,broad_xyz,21.99112410904393,False,0.36896984090523977,0.6446678257645105,-0.2779440729607622,-0.6520642140731183,0.10069738846239461,0.2844914378548449,0.11011494396664348,0.05908203997654603,2.24633779487864e-15,17.52339266927084,46
0.27,7,144,1,1,1046,broad_xyz,21.99112410904393,False,0.4085692551812474,0.6460378007248039,-0.11977956653927475,-0.6206549974623395,0.06433355257936377,0.17097883771012828,0.14263503196488397,0.0740927618084976,2.24633779487864e-15,17.52339266927084,46
0.29,7,144,1,1,1046,broad_xyz,21.99112410904393,False,0.46525541341454907,0.6520938954422463,0.044674513694019244,-0.6053632222219848,-0.02660111057807428,0.07152851258966655,0.16919365660042934,0.087897672993761,2.24633779487864e-15,17.52339266927084,46
0.31,7,144,1,1,1046,broad_xyz,21.99112410904393,False,0.5337293938259737,0.6800528905255809,0.20962100355908173,-0.6134928705548696,-0.11705072704508326,-0.0008660964754488741,0.1892294273166763,0.09972676127575184,2.24633779487864e-15,17.52339266927084,46
0.33,7,144,1,1,1046,broad_xyz,21.99112410904393,False,0.5900110028946204,0.7240820057315058,0.35715171070990437,-0.6577984120220497,-0.16074376881049546,-0.03499415252507032,0.20459176596938988,0.10908770134468532,2.24633779487864e-15,17.52339266927084,46
0.35,7,144,1,1,1046,broad_xyz,21.99112410904393,False,0.6200564274032168,0.7715057565442369,0.4840049100553177,-0.7181007362349184,-0.16523700972655622,-0.03606129208915407,0.22369597245092318,0.116276550237917,2.24633779487864e-15,17.52339266927084,46
0.37,7,144,1,1,1046,broad_xyz,21.99112410904393,False,0.6310907708653304,0.8163961027033235,0.592857069702335,-0.7589375474570923,-0.1585286471175991,-0.022921432990570995,0.2381888338253561,0.12167042769453568,2.24633779487864e-15,17.52339266927084,46
0.39,7,144,1,1,1046,broad_xyz,21.99112410904393,False,0.6336293923135453,0.8538547122809304,0.6785671747779326,-0.775860595911437,-0.16309894806757916,-0.009242107339367962,0.24017986801101418,0.12579009563311788,2.24633779487864e-15,17.52339266927084,46
0.41000000000000003,7,144,1,1,1046,broad_xyz,21.99112410904393,False,0.6412102306467213,0.8801973331469448,0.7349432279432904,-0.7832820896951918,-0.18754295086911862,-0.002133268267940235,0.23427351484834472,0.12921058670986857,2.24633779487864e-15,17.52339266927084,46
0.43,7,144,1,1,1046,broad_xyz,21.99112410904393,False,0.6598585986500966,0.8976505532539121,0.769721669596846,-0.7870888466674917,-0.23143998669914526,0.0008232525420061659,0.23448431075615458,0.13248614416787072,2.24633779487864e-15,17.52339266927084,46
0.45,7,144,1,1,1046,broad_xyz,21.99112410904393,False,0.6846865336872645,0.9066079449295612,0.7881030793602541,-0.7928640356929542,-0.2735461412065874,-0.00044208687330178853,0.24489420831435957,0.1360866722153352,2.24633779487864e-15,17.52339266927084,46
0.5,7,144,1,1,1046,broad_xyz,21.99112410904393,False,0.7454521764086571,0.8967771601650338,0.7825133615371191,-0.8242816473221735,-0.26860417773889794,-0.01982702990591817,0.27498259220081644,0.1475466554841535,2.24633779487864e-15,17.52339266927084,46
0.55,7,144,1,1,1046,broad_xyz,21.99112410904393,False,0.6332200002156514,0.8450239275168742,0.7345034169185901,-0.8301551845449525,-0.4091979088570789,-0.050116467768905965,0.2839719690180153,0.16272831865598825,2.24633779487864e-15,17.52339266927084,46
0.6,7,144,1,1,1046,broad_xyz,21.99112410904393,False,0.4594442346296859,0.738431075737026,0.7417551787586988,-0.8106130123681604,-0.6739422090211491,-0.18295156638043888,0.2733355236146815,0.17954128152242843,2.24633779487864e-15,17.52339266927084,46
0.6499999999999999,7,144,1,1,1046,broad_xyz,21.99112410904393,False,0.4552946411575373,0.730253851636621,0.7759375994804011,-0.8121825129465667,-0.8206044969460328,-0.4780279961915572,0.2716145378443934,0.18866585557759055,2.24633779487864e-15,17.52339266927084,46
0.7,7,144,1,1,1046,broad_xyz,21.99112410904393,False,0.5634673754043001,0.7920398085344611,0.8188969931208353,-0.7976913139121183,-0.8720734034642408,-0.6109542454818875,0.2773416985551239,0.189910850649939,2.24633779487864e-15,17.52339266927084,46
0.725,7,144,1,1,1046,broad_xyz,21.99112410904393,False,0.608106529468573,0.8142729909517378,0.839419302269386,-0.7744375808808867,-0.8941313745773962,-0.618719587326604,0.2758148145088534,0.18845490179890056,2.24633779487864e-15,17.52339266927084,46
0.75,7,144,1,1,1046,broad_xyz,21.99112410904393,False,0.6394023141686751,0.8321774232366077,0.8580535949264073,-0.729524197372114,-0.9142151458904664,-0.6162319348634734,0.27872328580496697,0.18628290621987606,2.24633779487864e-15,17.52339266927084,46
0.775,7,144,1,1,1046,broad_xyz,21.99112410904393,False,0.6628690177491008,0.8496400253338728,0.8743273618999461,-0.6388171768342328,-0.9244027718221871,-0.6058556105264169,0.2734194829683879,0.18410889780690584,2.24633779487864e-15,17.52339266927084,46
0.8,7,144,1,1,1046,broad_xyz,21.99112410904393,False,0.6753824503001966,0.8688224620153453,0.8887352915535077,-0.4683082741876574,-0.9269991354400153,-0.58742751619419,0.26529115299972034,0.182466033600714,2.24633779487864e-15,17.52339266927084,46
0.825,7,144,1,1,1046,broad_xyz,21.99112410904393,False,0.6819437346868091,0.8894080793268341,0.8998516847242194,-0.23807232563233893,-0.9228419592320583,-0.5602463244409944,0.2740425826882829,0.18134341402367773,2.24633779487864e-15,17.52339266927084,46
0.85,7,144,1,1,1046,broad_xyz,21.99112410904393,False,0.6918976073471131,0.9068863201790065,0.9046073377519046,-0.07250657696962934,-0.9039827871275619,-0.5294035962805962,0.2805560700627915,0.18013617969621745,2.24633779487864e-15,17.52339266927084,46
0.875,7,144,1,1,1046,broad_xyz,21.99112410904393,False,0.7104049653863675,0.9188934429064811,0.9059683357238153,-0.022266375491587297,-0.8718157884341614,-0.5062372120019156,0.27707604221393717,0.1782853610763924,2.24633779487864e-15,17.52339266927084,46
0.9,7,144,1,1,1046,broad_xyz,21.99112410904393,False,0.7392435996140237,0.92621856513373,0.9093907869995957,-0.04171319901820233,-0.82518925506178,-0.4889328704891928,0.28033642717378254,0.17578475755672981,2.24633779487864e-15,17.52339266927084,46
0.95,7,144,1,1,1046,broad_xyz,21.99112410904393,False,0.7701814440631745,0.9316287015110548,0.9187914547836956,-0.21542097257675147,-0.8813936632160869,-0.47153968831159554,0.2862371495996645,0.17144265059181826,2.24633779487864e-15,17.52339266927084,46
1.0,7,144,1,1,1046,broad_xyz,21.99112410904393,False,0.722441046906869,0.9200962234197738,0.9135782387677405,-0.5902130467207339,-0.9022528059779119,-0.4797233682406148,0.2869920415492497,0.17410866751621346,2.24633779487864e-15,17.52339266927084,46
0.05,7,144,1,1,1047,broad_xyz,21.99112410904393,False,-0.36503099511660014,-0.33815404856501385,-0.4935285902170502,-0.4791856356944799,-0.5260369978748892,-0.25290865114479194,0.00026884780160223653,1.6589325153703384e-05,2.24633779487864e-15,17.52339266927084,47
0.075,7,144,1,1,1047,broad_xyz,21.99112410904393,False,-0.39517431138715414,-0.3336591796823814,-0.517990882407016,-0.4912935139220642,-0.5468146045609635,-0.24930492133176743,0.000704268695294398,4.3654804734889856e-05,2.24633779487864e-15,17.52339266927084,47
0.1,7,144,1,1,1047,broad_xyz,21.99112410904393,False,-0.45422555230188594,-0.347409623449282,-0.5835622694800158,-0.5448302530883689,-0.6095376972793108,-0.2623608517953376,0.0015178911016463334,0.00010836352487650603,2.24633779487864e-15,17.52339266927084,47
0.125,7,144,1,1,1047,broad_xyz,21.99112410904393,False,-0.5249099687908947,-0.3629925795977365,-0.6809675536581435,-0.6352080077936058,-0.7051458302162003,-0.29151855026227946,0.0030154478306441425,0.0003058238716689578,2.24633779487864e-15,17.52339266927084,47
0.15,7,144,1,1,1047,broad_xyz,21.99112410904393,False,-0.5312744628434742,-0.3045143698970289,-0.7465968898493882,-0.7105458983971794,-0.7425041735044773,-0.2803363462768964,0.007213064519285918,0.0009430683138964171,2.24633779487864e-15,17.52339266927084,47
0.1625,7,144,1,1,1047,broad_xyz,21.99112410904393,False,-0.49430138664777207,-0.25842724499509795,-0.7419461820922499,-0.7205953934507685,-0.7010333149625548,-0.279139396187212,0.010049821251455673,0.0015154002624788762,2.24633779487864e-15,17.52339266927084,47
0.175,7,144,1,1,1047,broad_xyz,21.99112410904393,False,-0.44047785459316113,-0.2008358398031507,-0.722700364791132,-0.7217127890216389,-0.5834737718201332,-0.29439313674085965,0.012971881530616663,0.0022895971175825314,2.24633779487864e-15,17.52339266927084,47
0.1875,7,144,1,1,1047,broad_xyz,21.99112410904393,False,-0.3550935096384401,-0.11312653142592967,-0.678885244536297,-0.708623960880174,-0.3267918504820703,-0.3353446783846783,0.01630369191802205,0.003391739822794971,2.24633779487864e-15,17.52339266927084,47
0.2,7,144,1,1,1047,broad_xyz,21.99112410904393,False,-0.16017069857962368,0.07852251177518416,-0.5304346940291053,-0.6167191572402826,0.10861295353201222,-0.3732006010955752,0.019082504008745928,0.005278198467358162,2.24633779487864e-15,17.52339266927084,47
0.2125,7,144,1,1,1047,broad_xyz,21.99112410904393,False,0.1304750309577184,0.35606223815287286,-0.22166069784932774,-0.3841742112639158,0.4263472589173915,-0.2868176251916217,0.022228231787171336,0.008498471002891712,2.24633779487864e-15,17.52339266927084,47
0.225,7,144,1,1,1047,broad_xyz,21.99112410904393,False,0.37032003261825475,0.5661845749410801,0.09306568873757685,-0.12921443118592288,0.4008451057647721,-0.03730804672593356,0.034979110302005775,0.013430778549628895,2.24633779487864e-15,17.52339266927084,47
0.2375,7,144,1,1,1047,broad_xyz,21.99112410904393,False,0.48323575716216866,0.6350580561817823,0.2838960120239433,0.01862447927678902,0.2238316886831162,0.22826603630957845,0.04985399625953847,0.019691955777519494,2.24633779487864e-15,17.52339266927084,47
0.25,7,144,1,1,1047,broad_xyz,21.99112410904393,False,0.5382897869085754,0.6422230157877056,0.40832216994497633,0.0906506640847235,0.04211922735989984,0.42355330434629995,0.06559301306618016,0.02742383093469204,2.24633779487864e-15,17.52339266927084,47
0.27,7,144,1,1,1047,broad_xyz,21.99112410904393,False,0.5741562089656432,0.6285364696903348,0.5598983536346593,0.13178935300800762,-0.22902355593026064,0.5752955761134142,0.09087734324737054,0.04239095325475776,2.24633779487864e-15,17.52339266927084,47
0.29,7,144,1,1,1047,broad_xyz,21.99112410904393,False,0.5966567250439421,0.6399700628744429,0.689433452371045,0.12391453752058507,-0.4811977696950199,0.592845726702953,0.11522562414703183,0.05921452667665614,2.24633779487864e-15,17.52339266927084,47
0.31,7,144,1,1,1047,broad_xyz,21.99112410904393,False,0.6054898681657532,0.6697626278132806,0.7679790181112672,0.05009739291614396,-0.6558533838405213,0.5463313890942543,0.1377570317683416,0.07553625830605121,2.24633779487864e-15,17.52339266927084,47
0.33,7,144,1,1,1047,broad_xyz,21.99112410904393,False,0.6045547518901981,0.7114189734615639,0.7683804725174135,-0.12072793207573847,-0.683588350556728,0.48887642983051477,0.16192785058722142,0.08770455970353735,2.24633779487864e-15,17.52339266927084,47
0.35,7,144,1,1,1047,broad_xyz,21.99112410904393,False,0.6003946734437964,0.7483853512281677,0.7462332485598745,-0.2985689240604786,-0.6539145169351032,0.4385534834806339,0.19080063385096763,0.09533609870255065,2.24633779487864e-15,17.52339266927084,47
0.37,7,144,1,1,1047,broad_xyz,21.99112410904393,False,0.5977315422247428,0.7742995188672736,0.7316890290866075,-0.4232222122095359,-0.623685559471059,0.38971227368071004,0.21423765683834617,0.09945416234710697,2.24633779487864e-15,17.52339266927084,47
0.39,7,144,1,1,1047,broad_xyz,21.99112410904393,False,0.607919354159838,0.7947712366497252,0.7301396788211857,-0.4887092407300985,-0.607341261677006,0.33008918199750853,0.22761890983555358,0.1013282884828809,2.24633779487864e-15,17.52339266927084,47
0.41000000000000003,7,144,1,1,1047,broad_xyz,21.99112410904393,False,0.6316867625196043,0.8134007207406001,0.7346145298194284,-0.5183606382809794,-0.6085952441120396,0.24962468097812973,0.2326315497815267,0.10216258763507198,2.24633779487864e-15,17.52339266927084,47
0.43,7,144,1,1,1047,broad_xyz,21.99112410904393,False,0.6650471227887466,0.8278797529229992,0.7369141249874297,-0.5361586993036511,-0.6144793090330989,0.14096938743037452,0.23226862702606277,0.10298320706586812,2.24633779487864e-15,17.52339266927084,47
0.45,7,144,1,1,1047,broad_xyz,21.99112410904393,False,0.6950619845134345,0.8338271380948715,0.7277947351686138,-0.5559448381163925,-0.6071925819246804,0.0049185711119353786,0.231952428014801,0.104277708682905,2.24633779487864e-15,17.52339266927084,47
0.5,7,144,1,1,1047,broad_xyz,21.99112410904393,False,0.7448594716192731,0.8200901068351846,0.6716233710963384,-0.6147453248913026,-0.5343310226638357,-0.2954237757134451,0.23759701536010472,0.11193436082326823,2.24633779487864e-15,17.52339266927084,47
0.55,7,144,1,1,1047,broad_xyz,21.99112410904393,False,0.7714141597048936,0.7967316957813301,0.6766967607209169,-0.598989905564769,-0.6037191123839154,-0.32533960642551485,0.25291805524601757,0.1311345561863943,2.24633779487864e-15,17.52339266927084,47
0.6,7,144,1,1,1047,broad_xyz,21.99112410904393,False,0.7125447924552444,0.807995437039852,0.7443229305337101,-0.5556489919335138,-0.7491082423994762,-0.31311477628390766,0.26124210640790724,0.14815600180503175,2.24633779487864e-15,17.52339266927084,47
0.6499999999999999,7,144,1,1,1047,broad_xyz,21.99112410904393,False,0.6777414490412421,0.8170500996017457,0.722674702842621,-0.580520989522742,-0.767789556985057,-0.4234668414504728,0.25604155920626354,0.15090523671969672,2.24633779487864e-15,17.52339266927084,47
0.7,7,144,1,1,1047,broad_xyz,21.99112410904393,False,0.6672019465114615,0.8113973104991327,0.7122399397054987,-0.6018011282882403,-0.7911354250882061,-0.4955978068285686,0.2568841448645333,0.14585762905541386,2.24633779487864e-15,17.52339266927084,47
0.725,7,144,1,1,1047,broad_xyz,21.99112410904393,False,0.6519187958461194,0.7941708311723447,0.7273754066294006,-0.6117079443877408,-0.8093324076201762,-0.5072209291648526,0.2670616075342948,0.1442167691805397,2.24633779487864e-15,17.52339266927084,47
0.75,7,144,1,1,1047,broad_xyz,21.99112410904393,False,0.6234126945249411,0.7747407189334476,0.747330765916257,-0.6242082105757407,-0.825039611984324,-0.5086906775889194,0.27419008626713126,0.14353468690313562,2.24633779487864e-15,17.52339266927084,47
0.775,7,144,1,1,1047,broad_xyz,21.99112410904393,False,0.5893458546891686,0.7652337934925967,0.7745751704280216,-0.6271027137245169,-0.8344306805806444,-0.5020909795434038,0.2760806362384959,0.14330761568039976,2.24633779487864e-15,17.52339266927084,47
0.8,7,144,1,1,1047,broad_xyz,21.99112410904393,False,0.562637692686983,0.7708075608305528,0.8100989215216058,-0.6032135937208911,-0.8440316247373661,-0.4897863087247923,0.2727343419568272,0.1435371370054887,2.24633779487864e-15,17.52339266927084,47
0.825,7,144,1,1,1047,broad_xyz,21.99112410904393,False,0.5549764967124662,0.7887357537844142,0.8456006807382951,-0.5299539163271543,-0.8593913298753186,-0.48209664652938156,0.2648838480731846,0.1447481766636522,2.24633779487864e-15,17.52339266927084,47
0.85,7,144,1,1,1047,broad_xyz,21.99112410904393,False,0.5715482332828972,0.8058415654915907,0.8686223521915156,-0.41201537169160285,-0.8696813976269274,-0.4827333983731703,0.2664284040915841,0.14675785335668123,2.24633779487864e-15,17.52339266927084,47
0.875,7,144,1,1,1047,broad_xyz,21.99112410904393,False,0.5944146459813013,0.8143986005539933,0.8777093137866194,-0.31322356182560634,-0.8585694288537362,-0.4958793756298791,0.27669582663172637,0.14892329726420703,2.24633779487864e-15,17.52339266927084,47
0.9,7,144,1,1,1047,broad_xyz,21.99112410904393,False,0.6012957707775709,0.8128831713122452,0.8818600294910938,-0.28031315924641004,-0.8133064063026628,-0.5125826157567508,0.28557105407419997,0.15132700877469538,2.24633779487864e-15,17.52339266927084,47
0.95,7,144,1,1,1047,broad_xyz,21.99112410904393,False,0.5913273551792532,0.7949511894504687,0.89386696343545,-0.45369896095324136,-0.8521556299973306,-0.5102699564483196,0.28806896437726015,0.158315888489227,2.24633779487864e-15,17.52339266927084,47
1.0,7,144,1,1,1047,broad_xyz,21.99112410904393,False,0.6059024822992166,0.781441884185506,0.9049663804980197,-0.7750045019017345,-0.8808960773632555,-0.49562012303242925,0.2827459594234787,0.16595525131372718,2.24633779487864e-15,17.52339266927084,47
0.05,7,144,1,1,1048,broad_xyz,21.99112410904393,False,-0.15344827137989897,0.37328974245865576,-0.5596861464823287,-0.5718913633933468,-0.5415897247377525,0.2383635136857369,0.002455703131668712,0.00035138962787071817,2.24633779487864e-15,17.52339266927084,48
0.075,7,144,1,1,1048,broad_xyz,21.99112410904393,False,-0.1378282546033373,0.39467893815571503,-0.5990216346022547,-0.6145260823818739,-0.5868525093714141,0.281289164593055,0.006977001333130386,0.0011675764154793018,2.24633779487864e-15,17.52339266927084,48
0.1,7,144,1,1,1048,broad_xyz,21.99112410904393,False,-0.07407296664594555,0.4268444703856663,-0.6284519715845994,-0.662647368677501,-0.6490052415804843,0.33508191058192416,0.015317270387931913,0.0030641670055696502,2.24633779487864e-15,17.52339266927084,48
0.125,7,144,1,1,1048,broad_xyz,21.99112410904393,False,0.04516997368907219,0.4775643843289779,-0.6260622449890202,-0.7042768860437368,-0.7089491806288271,0.3765058727208054,0.028001961511243477,0.0067939049025926655,2.24633779487864e-15,17.52339266927084,48
0.15,7,144,1,1,1048,broad_xyz,21.99112410904393,False,0.22449921480760085,0.5626297691681623,-0.5697187231034799,-0.7328854571060961,-0.7213041931267561,0.38673935317837,0.04474507797452657,0.013522175097828992,2.24633779487864e-15,17.52339266927084,48
0.1625,7,144,1,1,1048,broad_xyz,21.99112410904393,False,0.3264949547828523,0.616973603037114,-0.5133307533556208,-0.7378271884158835,-0.6743769353377912,0.3748598291120579,0.0543700001088294,0.01851101857842132,2.24633779487864e-15,17.52339266927084,48
0.175,7,144,1,1,1048,broad_xyz,21.99112410904393,False,0.41792995702675595,0.6692736488479698,-0.44137391568881507,-0.7358204771186987,-0.54786199736645,0.3554200583855416,0.06458981219290613,0.024803218256302828,2.24633779487864e-15,17.52339266927084,48
0.1875,7,144,1,1,1048,broad_xyz,21.99112410904393,False,0.4895314745233099,0.714838385419644,-0.36295474691219837,-0.7297147137441151,-0.2722471652535977,0.33253272689730634,0.07563663339807661,0.03242957022283876,2.24633779487864e-15,17.52339266927084,48
0.2,7,144,1,1,1048,broad_xyz,21.99112410904393,False,0.5459217218905069,0.7535762752132674,-0.28369139185310893,-0.7251480440688582,0.1068082452432754,0.3078511217470868,0.0882810431096176,0.041346416311637595,2.24633779487864e-15,17.52339266927084,48
0.2125,7,144,1,1,1048,broad_xyz,21.99112410904393,False,0.5896990096945598,0.7848135449867584,-0.207563530684056,-0.7264499744310885,0.340017999094407,0.2850314029422481,0.1013883454066459,0.05130643640041238,2.24633779487864e-15,17.52339266927084,48
0.225,7,144,1,1,1048,broad_xyz,21.99112410904393,False,0.6258194873549444,0.8117774346780208,-0.1323719126039548,-0.7352345747113548,0.4148709862217247,0.26340678662390926,0.11662754462213445,0.06228900850014248,2.24633779487864e-15,17.52339266927084,48
0.2375,7,144,1,1,1048,broad_xyz,21.99112410904393,False,0.6611037906862194,0.8385656264648486,-0.05032568625643004,-0.7485277743574459,0.4197871378977999,0.23789945584316152,0.13140445783078814,0.07425811221843051,2.24633779487864e-15,17.52339266927084,48
0.25,7,144,1,1,1048,broad_xyz,21.99112410904393,False,0.7003209036601398,0.8669274377955152,0.04657004562034971,-0.7603516803760387,0.3912000214549641,0.20364801662439377,0.14569258554754239,0.08729023063009862,2.24633779487864e-15,17.52339266927084,48
0.27,7,144,1,1,1048,broad_xyz,21.99112410904393,False,0.7667421617382539,0.9096614440602699,0.23301962485603397,-0.7668093980919716,0.31425696888792976,0.12534598980808137,0.17123889382450758,0.10981855848307284,2.24633779487864e-15,17.52339266927084,48
0.29,7,144,1,1,1048,broad_xyz,21.99112410904393,False,0.8145241293688084,0.9288077248391,0.428714894541,-0.7520161140676533,0.20556189292730442,0.030428331476273104,0.2008535380633667,0.13229995677743048,2.24633779487864e-15,17.52339266927084,48
0.31,7,144,1,1,1048,broad_xyz,21.99112410904393,False,0.8301412379092835,0.926340718754179,0.5575404147082885,-0.7687429691303278,0.11985524599462781,-0.012675758751406968,0.23005606272502774,0.14929248105887274,2.24633779487864e-15,17.52339266927084,48
0.33,7,144,1,1,1048,broad_xyz,21.99112410904393,False,0.8344631622456045,0.924150793381044,0.6287999937018453,-0.8207481878518351,0.08661246840870769,0.012596318284243811,0.2549716850107498,0.15845450931063995,2.24633779487864e-15,17.52339266927084,48
0.35,7,144,1,1,1048,broad_xyz,21.99112410904393,False,0.8376149437006737,0.9205627408944798,0.6988887544267364,-0.8560278639062852,0.07004097427745654,0.06470298835868657,0.27129645945695907,0.1616094135319839,2.24633779487864e-15,17.52339266927084,48
0.37,7,144,1,1,1048,broad_xyz,21.99112410904393,False,0.8334779779126064,0.90826953049856,0.7655500303322744,-0.8695718672531729,0.06291402158185895,0.12943209576165648,0.27652138752973254,0.16026130217186868,2.24633779487864e-15,17.52339266927084,48
0.39,7,144,1,1,1048,broad_xyz,21.99112410904393,False,0.8361802138400332,0.8977235713657438,0.8332586898231679,-0.8673205400915442,0.04750045567253781,0.1846632574209367,0.2777251409786601,0.15748824448224788,2.24633779487864e-15,17.52339266927084,48
0.41000000000000003,7,144,1,1,1048,broad_xyz,21.99112410904393,False,0.8271337968783544,0.8796903976753179,0.8736096232321234,-0.8562927263157939,0.024720049052763073,0.2334140929848704,0.27995730321708967,0.15340067727113343,2.24633779487864e-15,17.52339266927084,48
0.43,7,144,1,1,1048,broad_xyz,21.99112410904393,False,0.8078102044194854,0.8591838619006199,0.8901256979980833,-0.8440323939497612,-0.0761785236825203,0.2619665464864854,0.28049319072566037,0.1495954330833322,2.24633779487864e-15,17.52339266927084,48
0.45,7,144,1,1,1048,broad_xyz,21.99112410904393,False,0.7814175553114898,0.8394249720290506,0.8908294347659306,-0.8395379115900609,-0.12782389607788097,0.26569929992011065,0.27649284541371383,0.14678050064828818,2.24633779487864e-15,17.52339266927084,48
0.5,7,144,1,1,1048,broad_xyz,21.99112410904393,False,0.7522734475748563,0.8399378107672639,0.8622614880201641,-0.8770387288084519,0.035796842778620795,0.1366324667652841,0.26614221199403554,0.1511868042330284,2.24633779487864e-15,17.52339266927084,48
0.55,7,144,1,1,1048,broad_xyz,21.99112410904393,False,0.8191983603321988,0.8772069301291636,0.8010494284757785,-0.9059556802134087,-0.14436231911183747,-0.15104377269255778,0.2785591072731233,0.17666246783539627,2.24633779487864e-15,17.52339266927084,48
0.6,7,144,1,1,1048,broad_xyz,21.99112410904393,False,0.7740797865078918,0.8079883433191877,0.817839840944166,-0.837020226479331,-0.48585781580080944,-0.39079023682195413,0.28667522883091434,0.2003922638413679,2.24633779487864e-15,17.52339266927084,48
0.6499999999999999,7,144,1,1,1048,broad_xyz,21.99112410904393,False,0.7563269279678726,0.8341734015682498,0.7861956702834848,-0.8811108548195313,-0.6953193629644898,-0.3385611651043826,0.27399696742513974,0.1963707498368803,2.24633779487864e-15,17.52339266927084,48
0.7,7,144,1,1,1048,broad_xyz,21.99112410904393,False,0.791165311314669,0.8788509271122951,0.8463093383478919,-0.8663647895791383,-0.8966602687229327,-0.34299781965781445,0.27220762944898347,0.18762097073928669,2.24633779487864e-15,17.52339266927084,48
0.725,7,144,1,1,1048,broad_xyz,21.99112410904393,False,0.7990940095064019,0.8883543324176688,0.8846779039792398,-0.8385255969970906,-0.9426928026288741,-0.3619207751724292,0.2723253006752403,0.18434213246953127,2.24633779487864e-15,17.52339266927084,48
0.75,7,144,1,1,1048,broad_xyz,21.99112410904393,False,0.7968117793068409,0.8875599174563162,0.9110840400253414,-0.7960142585460016,-0.9586335782614249,-0.38019533229031127,0.26619225053613943,0.1804958445237469,2.24633779487864e-15,17.52339266927084,48
0.775,7,144,1,1,1048,broad_xyz,21.99112410904393,False,0.7898539605605861,0.8765614718217072,0.9205205983285638,-0.7157289428907254,-0.9531863908116218,-0.39637081057486095,0.2667577491492142,0.1759959642008012,2.24633779487864e-15,17.52339266927084,48
0.8,7,144,1,1,1048,broad_xyz,21.99112410904393,False,0.7864502979539655,0.8599673646025743,0.9138649088969356,-0.5096479094034434,-0.932584107656807,-0.41637402558772046,0.27465410752954655,0.1719519848412055,2.24633779487864e-15,17.52339266927084,48
0.825,7,144,1,1,1048,broad_xyz,21.99112410904393,False,0.7891446153338132,0.8444743033927807,0.8934468320848109,-0.13981418167788087,-0.8999824430740596,-0.447787966419374,0.27819690163751076,0.16939301739308202,2.24633779487864e-15,17.52339266927084,48
0.85,7,144,1,1,1048,broad_xyz,21.99112410904393,False,0.7961206209858821,0.8376350674765232,0.867788734514383,0.09145702043682864,-0.866357104149872,-0.47383198753998423,0.27511368138783354,0.16740396302827815,2.24633779487864e-15,17.52339266927084,48
0.875,7,144,1,1,1048,broad_xyz,21.99112410904393,False,0.8040638434122501,0.8464741337418072,0.8596668552053943,0.15435740097314793,-0.8402903531226011,-0.466485637902908,0.2738191767912842,0.16443541413504473,2.24633779487864e-15,17.52339266927084,48
0.9,7,144,1,1,1048,broad_xyz,21.99112410904393,False,0.8059926115919284,0.8583423494110297,0.8613280970763745,0.13702715334402818,-0.8029206531840063,-0.45191306304862566,0.272871522970844,0.16241678216629798,2.24633779487864e-15,17.52339266927084,48
0.95,7,144,1,1,1048,broad_xyz,21.99112410904393,False,0.7842351914482235,0.8579281993084312,0.8578168033038349,-0.0918172548029264,-0.8268563142884195,-0.46695179023973815,0.26748058272789554,0.16617180776185714,2.24633779487864e-15,17.52339266927084,48
1.0,7,144,1,1,1048,broad_xyz,21.99112410904393,False,0.7498255707928293,0.8410646578575864,0.8726367258940331,-0.5978139133765356,-0.8438825412252032,-0.45094212492198854,0.27249790855402456,0.17374235316305198,2.24633779487864e-15,17.52339266927084,48
0.05,7,144,1,1,1049,broad_xyz,21.99112410904393,False,-0.056167060991586026,0.4350716185350843,-0.4554996556988146,-0.5268964084270473,-0.3953829107848679,-0.1495635414576887,0.0015472161444494785,0.0003919426671480977,2.24633779487864e-15,17.52339266927084,49
0.075,7,144,1,1,1049,broad_xyz,21.99112410904393,False,0.02182873812191454,0.4197547940210372,-0.450482909095133,-0.5478902947734704,-0.40198263576932813,-0.11212011607167358,0.004105815086195575,0.0010678713778020594,2.24633779487864e-15,17.52339266927084,49
0.1,7,144,1,1,1049,broad_xyz,21.99112410904393,False,0.09060970238759153,0.4177471744841951,-0.43349864914081954,-0.56793188826372,-0.43104083812437477,-0.04247708180864242,0.008717157134679895,0.0024946715596595717,2.24633779487864e-15,17.52339266927084,49
0.125,7,144,1,1,1049,broad_xyz,21.99112410904393,False,0.12555401082057827,0.42711258753380776,-0.4170545933495031,-0.5962993618123036,-0.48847150715762583,0.05076817341917701,0.016478526190614812,0.005359931044364417,2.24633779487864e-15,17.52339266927084,49
0.15,7,144,1,1,1049,broad_xyz,21.99112410904393,False,0.14976860711099804,0.44471299948775705,-0.3790400043022456,-0.6146593814532841,-0.5555670310907753,0.1665222507440052,0.02791030037283897,0.010433800317872752,2.24633779487864e-15,17.52339266927084,49
0.1625,7,144,1,1,1049,broad_xyz,21.99112410904393,False,0.16306007512560458,0.45520051176067333,-0.34725345343055763,-0.6167301266181993,-0.5539061192952343,0.23626538318176546,0.03745765600302218,0.014077281205534678,2.24633779487864e-15,17.52339266927084,49
0.175,7,144,1,1,1049,broad_xyz,21.99112410904393,False,0.18124571074564566,0.4696723604554042,-0.3068527968225864,-0.6136566921428538,-0.47269954059302094,0.308363373103555,0.048697345742091044,0.018564237406915648,2.24633779487864e-15,17.52339266927084,49
0.1875,7,144,1,1,1049,broad_xyz,21.99112410904393,False,0.20642980766820523,0.48996882264123076,-0.25649109112597274,-0.6038685018338129,-0.35344735978923164,0.38160234082222294,0.0611475574797198,0.023932837550704286,2.24633779487864e-15,17.52339266927084,49
0.2,7,144,1,1,1049,broad_xyz,21.99112410904393,False,0.23759355735472906,0.5141958513651993,-0.19747428493698801,-0.5885957148422774,-0.26434858291567304,0.4547103124157808,0.07564560484057584,0.03034392313435171,2.24633779487864e-15,17.52339266927084,49
0.2125,7,144,1,1,1049,broad_xyz,21.99112410904393,False,0.2712980220484931,0.5376178363663737,-0.13405257487632852,-0.5717943968714608,-0.20526457180596247,0.5227072442182458,0.09099860552887898,0.03785219536731036,2.24633779487864e-15,17.52339266927084,49
0.225,7,144,1,1,1049,broad_xyz,21.99112410904393,False,0.3101969992638611,0.5630641460291894,-0.06309753908442373,-0.5534166153938209,-0.17640459916125875,0.5865523140838496,0.10683365974759773,0.04660357192281048,2.24633779487864e-15,17.52339266927084,49
0.2375,7,144,1,1,1049,broad_xyz,21.99112410904393,False,0.35091918857897636,0.5887819331110727,0.015589227461206282,-0.53614688436536,-0.16771284757272958,0.6428083426800701,0.12275020192020095,0.056633584193625616,2.24633779487864e-15,17.52339266927084,49
0.25,7,144,1,1,1049,broad_xyz,21.99112410904393,False,0.39853816481630594,0.6197844614680484,0.11060649503184096,-0.5163523670355041,-0.19088891062082747,0.6928933639320344,0.13821967779333807,0.06789064093744104,2.24633779487864e-15,17.52339266927084,49
0.27,7,144,1,1,1049,broad_xyz,21.99112410904393,False,0.4924003022590276,0.6818482943151792,0.31005234275987864,-0.46776709287709783,-0.3010962502644029,0.7432301306757678,0.16059291434334794,0.08750740836202785,2.24633779487864e-15,17.52339266927084,49
0.29,7,144,1,1,1049,broad_xyz,21.99112410904393,False,0.5859847510046001,0.7392030261847922,0.5162625759349296,-0.4356314702020993,-0.44505463563294473,0.7213076954900207,0.17983802005628516,0.10636189393421877,2.24633779487864e-15,17.52339266927084,49
0.31,7,144,1,1,1049,broad_xyz,21.99112410904393,False,0.6601114332636305,0.7790531091181493,0.6555666767755526,-0.49120805709427817,-0.5320652183669434,0.6475165642489261,0.19635608219704662,0.1213746147688177,2.24633779487864e-15,17.52339266927084,49
0.33,7,144,1,1,1049,broad_xyz,21.99112410904393,False,0.7140255281727902,0.8041292470260633,0.727061916011194,-0.6240125553461511,-0.5417729914083524,0.5749248763397079,0.20701620959546552,0.13084162581598116,2.24633779487864e-15,17.52339266927084,49
0.35,7,144,1,1,1049,broad_xyz,21.99112410904393,False,0.7509762958479913,0.8153121631821759,0.7726086404564947,-0.7438919759422479,-0.527663266763206,0.5164080982956615,0.22076561946070788,0.13514659738320495,2.24633779487864e-15,17.52339266927084,49
0.37,7,144,1,1,1049,broad_xyz,21.99112410904393,False,0.770376334138114,0.8127020296847735,0.8099999225362127,-0.8077266677076438,-0.5195661607798407,0.4678985655253966,0.23129577378755553,0.13555395760829922,2.24633779487864e-15,17.52339266927084,49
0.39,7,144,1,1,1049,broad_xyz,21.99112410904393,False,0.7706858006689673,0.7993526079554538,0.8398306412209219,-0.8295715441442346,-0.5523638059017458,0.4287836888151037,0.23471097616143774,0.13398679710336406,2.24633779487864e-15,17.52339266927084,49
0.41000000000000003,7,144,1,1,1049,broad_xyz,21.99112410904393,False,0.7441372200159178,0.7763432783186279,0.8550295335870507,-0.830885900193023,-0.6407249248908138,0.39599736256667395,0.23964885593281987,0.13119083896313657,2.24633779487864e-15,17.52339266927084,49
0.43,7,144,1,1,1049,broad_xyz,21.99112410904393,False,0.6990953470110594,0.7497539791859475,0.8587501899185046,-0.828289575721949,-0.7514899625999607,0.3762891922719156,0.23979582028619206,0.12851119738755368,2.24633779487864e-15,17.52339266927084,49
0.45,7,144,1,1,1049,broad_xyz,21.99112410904393,False,0.6449352935596486,0.719015953055253,0.8496708506914532,-0.8335397231863593,-0.8028061869751819,0.372526277656822,0.23604313550112596,0.12672757290443873,2.24633779487864e-15,17.52339266927084,49
0.5,7,144,1,1,1049,broad_xyz,21.99112410904393,False,0.586065782046684,0.6676586114611706,0.796696618482395,-0.8933754732408538,-0.6763196729504051,0.42513995107062613,0.23836643624231071,0.1305555604023122,2.24633779487864e-15,17.52339266927084,49
0.55,7,144,1,1,1049,broad_xyz,21.99112410904393,False,0.6741132834296439,0.6901594463302745,0.8075885930531547,-0.8877524963846214,-0.6743634346041969,0.36918912110479685,0.27247940669079757,0.15359004862188777,2.24633779487864e-15,17.52339266927084,49
0.6,7,144,1,1,1049,broad_xyz,21.99112410904393,False,0.6560559957242162,0.6149819929125814,0.8160346111179814,-0.871503605426805,-0.7089510269145481,0.007586548504630653,0.2761792744466973,0.17762252397303843,2.24633779487864e-15,17.52339266927084,49
0.6499999999999999,7,144,1,1,1049,broad_xyz,21.99112410904393,False,0.6837838711712135,0.6162155126327429,0.8154450837524346,-0.8806789996261859,-0.7443657241333486,-0.4591444310895183,0.2633818143758072,0.18530218431729428,2.24633779487864e-15,17.52339266927084,49
0.7,7,144,1,1,1049,broad_xyz,21.99112410904393,False,0.7515289746687353,0.6724983031160986,0.8529508393985136,-0.8621755075459782,-0.8280011629939348,-0.5995350559400884,0.27269591026351064,0.18529486198525494,2.24633779487864e-15,17.52339266927084,49
0.725,7,144,1,1,1049,broad_xyz,21.99112410904393,False,0.7666455855996842,0.70482263237031,0.8814140832297206,-0.8329180917239268,-0.8609928277715106,-0.6139131305599497,0.27606002103325694,0.18342988596535614,2.24633779487864e-15,17.52339266927084,49
0.75,7,144,1,1,1049,broad_xyz,21.99112410904393,False,0.7579221334149033,0.7369047261298091,0.905975622796868,-0.7820874521997447,-0.8834255760500719,-0.6190454401906689,0.2751944567970022,0.1804764855255737,2.24633779487864e-15,17.52339266927084,49
0.775,7,144,1,1,1049,broad_xyz,21.99112410904393,False,0.7345838025485094,0.7661159077949351,0.9234350472965601,-0.6875345536346068,-0.896038309346886,-0.6138256658904494,0.27110603107192255,0.17710680375137333,2.24633779487864e-15,17.52339266927084,49
0.8,7,144,1,1,1049,broad_xyz,21.99112410904393,False,0.7139612107007905,0.7935557840515376,0.9333385534444011,-0.4943569396172595,-0.9036012738365428,-0.5968804910397804,0.26786204798644453,0.1740576136699484,2.24633779487864e-15,17.52339266927084,49
0.825,7,144,1,1,1049,broad_xyz,21.99112410904393,False,0.6990049135419056,0.8179844497724589,0.9332689229136243,-0.20253850436484275,-0.9045079419499901,-0.5716595509449793,0.26690861765232227,0.17155901280993582,2.24633779487864e-15,17.52339266927084,49
0.85,7,144,1,1,1049,broad_xyz,21.99112410904393,False,0.6816046670225223,0.8373551623100216,0.92631009473471,-0.008155028597965873,-0.8970699540109826,-0.5528472750017838,0.2670739692933873,0.16922269241569898,2.24633779487864e-15,17.52339266927084,49
0.875,7,144,1,1,1049,broad_xyz,21.99112410904393,False,0.6568489636203501,0.8509065062888529,0.9203388575351514,0.027814866464311343,-0.8720715826560995,-0.5446333932608394,0.26673949947775755,0.16685492742090524,2.24633779487864e-15,17.52339266927084,49
0.9,7,144,1,1,1049,broad_xyz,21.99112410904393,False,0.630227348067565,0.8558890672704679,0.9158367392698192,-0.04100308928358416,-0.8281610551449042,-0.5316721943931052,0.2740814332797653,0.16507539695586673,2.24633779487864e-15,17.52339266927084,49
0.95,7,144,1,1,1049,broad_xyz,21.99112410904393,False,0.6063279860303296,0.8398606700040043,0.9133261236374591,-0.36111007032809045,-0.8618132297721277,-0.502484836540409,0.28704915912331597,0.16608616662157713,2.24633779487864e-15,17.52339266927084,49
1.0,7,144,1,1,1049,broad_xyz,21.99112410904393,False,0.6173426285408289,0.8134374122674836,0.917907525558608,-0.7109817363618024,-0.8786202803560921,-0.5157751442787043,0.2949156726633885,0.17179515682801164,2.24633779487864e-15,17.52339266927084,49
