,t,N,n_points,base_seed_requested,effective_base_seed,state_seed,family,family_min_jtot,health_check,corr_J_rho,corr_J_tot,corr_SL,corr_P_pair,corr_N_pair,corr_N_env,target_max,target_mean,J_tot_min_grid,J_tot_mean_grid,state_idx
0,0.05,8,144,1,1,1000,broad_xyz,21.99112410904393,False,0.3335804157494368,0.3355550859861467,-0.1000406418812129,-0.5204228719220118,-0.5127680719495192,0.4571222327094101,0.0018039345960028,0.0004252741045839,2.2119365552471064e-15,17.487037648106664,0
1,0.075,8,144,1,1,1000,broad_xyz,21.99112410904393,False,0.3555190298238188,0.343450607144501,-0.0332424803060088,-0.5296106627498488,-0.6173515003326501,0.5006383713874633,0.0042968566150489,0.0010176808839471,2.2119365552471064e-15,17.487037648106664,0
2,0.1,8,144,1,1,1000,broad_xyz,21.99112410904393,False,0.414714750893085,0.401397348568796,0.0566422563858473,-0.5518806263709879,-0.6952835763381386,0.5503376195320806,0.0075857846959055,0.001938755922199,2.2119365552471064e-15,17.487037648106664,0
3,0.125,8,144,1,1,1000,broad_xyz,21.99112410904393,False,0.507283471414755,0.5131842989417953,0.1597670904842739,-0.5930485132746559,-0.7636335148413635,0.6103265471983041,0.0116949416411475,0.0034795349054294,2.2119365552471064e-15,17.487037648106664,0
4,0.15,8,144,1,1,1000,broad_xyz,21.99112410904393,False,0.6289349155291789,0.6693388355239799,0.3128562840092851,-0.6144643434456293,-0.7879870184480356,0.6203672609304817,0.0170020129270722,0.006736085979428,2.2119365552471064e-15,17.487037648106664,0
5,0.1625,8,144,1,1,1000,broad_xyz,21.99112410904393,False,0.6730139546843894,0.7419386662811488,0.3930445259953569,-0.6131272155852604,-0.7843299531673164,0.5902509796941855,0.0224814439975511,0.0095812011819916,2.2119365552471064e-15,17.487037648106664,0
6,0.175,8,144,1,1,1000,broad_xyz,21.99112410904393,False,0.7047776788740715,0.799902827715984,0.4647918762409404,-0.6128271173185109,-0.7789614934330009,0.5509928380791006,0.0290566549402702,0.0135394051519635,2.2119365552471064e-15,17.487037648106664,0
7,0.1875,8,144,1,1,1000,broad_xyz,21.99112410904393,False,0.7190085034288527,0.8351578233330135,0.5251906862884625,-0.6162378377940955,-0.7678184063011638,0.5037585868715225,0.0400614550263314,0.0185076190633446,2.2119365552471064e-15,17.487037648106664,0
8,0.2,8,144,1,1,1000,broad_xyz,21.99112410904393,False,0.7246005391855745,0.8539535322818268,0.5687891127773258,-0.6332263802841045,-0.7363294738340528,0.4580302424216363,0.0534035302951383,0.0241846989763106,2.2119365552471064e-15,17.487037648106664,0
9,0.2125,8,144,1,1,1000,broad_xyz,21.99112410904393,False,0.7260344871582993,0.8599565552145096,0.5974899028378255,-0.664938978887606,-0.6922495777900705,0.4134056027719006,0.0663296171059798,0.0303587125100365,2.2119365552471064e-15,17.487037648106664,0
10,0.225,8,144,1,1,1000,broad_xyz,21.99112410904393,False,0.7265937909946166,0.8584247807550996,0.6149726626917575,-0.7075389688053215,-0.6386403552175296,0.3701042187911749,0.0785968791710145,0.0368637052669976,2.2119365552471064e-15,17.487037648106664,0
11,0.2375,8,144,1,1,1000,broad_xyz,21.99112410904393,False,0.7256424549714281,0.8509076513491188,0.6228669091272528,-0.7566355206009439,-0.5820342456257116,0.3256493061090556,0.0896792976799799,0.0437110251241475,2.2119365552471064e-15,17.487037648106664,0
12,0.25,8,144,1,1,1000,broad_xyz,21.99112410904393,False,0.72508515017254,0.8412615332930788,0.6286736920244883,-0.8031360078390978,-0.5224579743187673,0.2791317257490534,0.0995493522140823,0.0508761342842204,2.2119365552471064e-15,17.487037648106664,0
13,0.27,8,144,1,1,1000,broad_xyz,21.99112410904393,False,0.725683908350029,0.8251802611381233,0.6458258688794353,-0.8565258048813948,-0.4467889440022574,0.2019931023055062,0.1134854801969616,0.0628892518487245,2.2119365552471064e-15,17.487037648106664,0
14,0.29,8,144,1,1,1000,broad_xyz,21.99112410904393,False,0.7462432330414632,0.8285060295809723,0.7004570765084447,-0.8673547610242424,-0.3866915240938545,0.1489497021954255,0.1250256926996848,0.0741990222614377,2.2119365552471064e-15,17.487037648106664,0
15,0.31,8,144,1,1,1000,broad_xyz,21.99112410904393,False,0.7932865405381476,0.8605397045500963,0.7855125160166534,-0.862346905097161,-0.3330360626907371,0.148636917407909,0.1345743651530226,0.0825321823002468,2.2119365552471064e-15,17.487037648106664,0
16,0.33,8,144,1,1,1000,broad_xyz,21.99112410904393,False,0.8402037469141612,0.8997643809137391,0.8564138990514646,-0.8851658153304292,-0.3042171410300875,0.1850954640589996,0.1426557463283281,0.0867299930871731,2.2119365552471064e-15,17.487037648106664,0
17,0.35,8,144,1,1,1000,broad_xyz,21.99112410904393,False,0.8698299040583943,0.9260789006536194,0.904680425957944,-0.9190232724194508,-0.3488131507206162,0.2079794409060787,0.1491167593508294,0.0880274662206239,2.2119365552471064e-15,17.487037648106664,0
18,0.37,8,144,1,1,1000,broad_xyz,21.99112410904393,False,0.883261215323246,0.9382912086136784,0.9306338128854708,-0.9406535218984506,-0.4654758266189753,0.205040072476187,0.1546759069144795,0.088176611383276,2.2119365552471064e-15,17.487037648106664,0
19,0.39,8,144,1,1,1000,broad_xyz,21.99112410904393,False,0.8872653603944222,0.9429479284163405,0.9423100759138896,-0.9445943628043268,-0.5980165203397659,0.1846490527430822,0.1569559003911685,0.0880223951741574,2.2119365552471064e-15,17.487037648106664,0
20,0.41,8,144,1,1,1000,broad_xyz,21.99112410904393,False,0.889060051479717,0.9434306727607092,0.94736489750857,-0.9392770695207256,-0.691371586249105,0.1551034470565522,0.1554952334119266,0.0876757444344952,2.2119365552471064e-15,17.487037648106664,0
21,0.43,8,144,1,1,1000,broad_xyz,21.99112410904393,False,0.8904071806580138,0.9412902544276244,0.9489022862822646,-0.9311767091359044,-0.7491844007755195,0.1194268788542149,0.155140231734315,0.0872351860374304,2.2119365552471064e-15,17.487037648106664,0
22,0.45,8,144,1,1,1000,broad_xyz,21.99112410904393,False,0.8860026428048292,0.9358155027953776,0.9480542044295648,-0.9225565238444124,-0.78942908784235,0.0762612579049108,0.1547617340703228,0.0868884953714488,2.2119365552471064e-15,17.487037648106664,0
23,0.5,8,144,1,1,1000,broad_xyz,21.99112410904393,False,0.8005755017548005,0.899182079028554,0.9287391428001756,-0.9208590643427682,-0.7703938270987354,-0.0465172422674102,0.1516282087803157,0.0899528117351456,2.2119365552471064e-15,17.487037648106664,0
24,0.55,8,144,1,1,1000,broad_xyz,21.99112410904393,False,0.6755147621970478,0.7943219280077862,0.8374664586432932,-0.9173045383833748,-0.6606514251807589,-0.2449963527968169,0.1457868921070543,0.1016812833462977,2.2119365552471064e-15,17.487037648106664,0
25,0.6,8,144,1,1,1000,broad_xyz,21.99112410904393,False,0.6549641238937133,0.7033208087912319,0.7469835279237361,-0.8797429034239868,-0.6166957524423131,-0.4753047693319642,0.1598010124006575,0.1109600162887452,2.2119365552471064e-15,17.487037648106664,0
26,0.6499999999999999,8,144,1,1,1000,broad_xyz,21.99112410904393,False,0.7407613230424982,0.7853807992018975,0.8184458108918907,-0.9068945178995012,-0.7657936692651313,-0.5336197884450004,0.1621257473908423,0.1096217654418406,2.2119365552471064e-15,17.487037648106664,0
27,0.7,8,144,1,1,1000,broad_xyz,21.99112410904393,False,0.7656146930878974,0.8356945538068007,0.8646975323994822,-0.90895198700605,-0.8450434164824377,-0.5878652608828125,0.1632797009813563,0.1052608743915219,2.2119365552471064e-15,17.487037648106664,0
28,0.725,8,144,1,1,1000,broad_xyz,21.99112410904393,False,0.7637093963443664,0.8530604114587289,0.8781997683431841,-0.8919481442257879,-0.8619722873747752,-0.6037963746530749,0.1659488226435456,0.1041751352875023,2.2119365552471064e-15,17.487037648106664,0
29,0.75,8,144,1,1,1000,broad_xyz,21.99112410904393,False,0.7662316746086497,0.8755979038346876,0.8921336828380261,-0.8561588578396478,-0.8778445484805211,-0.6101469747071295,0.1642088723606827,0.1034620060413366,2.2119365552471064e-15,17.487037648106664,0
30,0.775,8,144,1,1,1000,broad_xyz,21.99112410904393,False,0.7704908285777811,0.8979164862330828,0.9026275906036882,-0.7793401967417838,-0.892386028598728,-0.609697501886189,0.1615547479562993,0.1025247402130853,2.2119365552471064e-15,17.487037648106664,0
31,0.8,8,144,1,1,1000,broad_xyz,21.99112410904393,False,0.7727547918267655,0.9140918176290908,0.9082738742218828,-0.6228769089167282,-0.9032227821110222,-0.6029924171554397,0.1600689845780863,0.1009570197356127,2.2119365552471064e-15,17.487037648106664,0
32,0.825,8,144,1,1,1000,broad_xyz,21.99112410904393,False,0.7735045113199525,0.9236000120705076,0.9130910840644064,-0.3843150244334873,-0.9141959614868618,-0.5801268473259775,0.1592184419349234,0.0985202787228839,2.2119365552471064e-15,17.487037648106664,0
33,0.85,8,144,1,1,1000,broad_xyz,21.99112410904393,False,0.7746224979891576,0.9264408941104724,0.9202494440351684,-0.1825274617269893,-0.927301233891937,-0.5309998901077684,0.1569411098354582,0.0951977308454368,2.2119365552471064e-15,17.487037648106664,0
34,0.875,8,144,1,1,1000,broad_xyz,21.99112410904393,False,0.7779485341176051,0.921733406166548,0.9229662595239784,-0.1228056764359131,-0.9278822323043356,-0.4818791750009446,0.1508594385462725,0.0922081769574984,2.2119365552471064e-15,17.487037648106664,0
35,0.9,8,144,1,1,1000,broad_xyz,21.99112410904393,False,0.7854656213031806,0.9132776314258588,0.9203555058124344,-0.1521573511901433,-0.9023065783561764,-0.4613983132671049,0.1503098344832945,0.0910352254491875,2.2119365552471064e-15,17.487037648106664,0
36,0.95,8,144,1,1,1000,broad_xyz,21.99112410904393,False,0.8195648207839136,0.8974577379846225,0.9249974173173814,-0.3407152375256048,-0.9349005159851516,-0.4616904189401939,0.1495111048445199,0.0932687153871533,2.2119365552471064e-15,17.487037648106664,0
37,1.0,8,144,1,1,1000,broad_xyz,21.99112410904393,False,0.8429303446848789,0.8597276436773059,0.9251496389665648,-0.7650351864132301,-0.9344578681832212,-0.4804731346428997,0.1459571771546283,0.097362335257639,2.2119365552471064e-15,17.487037648106664,0
38,0.05,8,144,1,1,1001,broad_xyz,21.99112410904393,False,0.1674051836891525,0.4608249411784392,-0.3618580217468094,-0.6740015798800199,-0.5097462415077723,-0.1650248814207965,0.0017099584019794,0.0004294557239272,2.2119365552471064e-15,17.487037648106664,1
39,0.075,8,144,1,1,1001,broad_xyz,21.99112410904393,False,0.3112023338361168,0.5502286598086962,-0.2243244386842453,-0.6607689887477325,-0.4845487348341802,-0.198294458205058,0.0043188276591297,0.0012773926029415,2.2119365552471064e-15,17.487037648106664,1
40,0.1,8,144,1,1,1001,broad_xyz,21.99112410904393,False,0.4861641640252643,0.6462601567208252,-0.0348782328934655,-0.6175702292925792,-0.501828426443472,-0.2314845088098359,0.0089699866688214,0.0031041026886462,2.2119365552471064e-15,17.487037648106664,1
41,0.125,8,144,1,1,1001,broad_xyz,21.99112410904393,False,0.6433084947644783,0.7192925139289065,0.1693763124098083,-0.5585646733636934,-0.6175607619283274,-0.2470863852915498,0.0181078670770638,0.006635060499932,2.2119365552471064e-15,17.487037648106664,1
42,0.15,8,144,1,1,1001,broad_xyz,21.99112410904393,False,0.7442451069444352,0.7656984503436768,0.3437627584428266,-0.5220154031465188,-0.6769868931882652,-0.2547281111476146,0.0319956481970672,0.0127263570931159,2.2119365552471064e-15,17.487037648106664,1
43,0.1625,8,144,1,1,1001,broad_xyz,21.99112410904393,False,0.7757466798858766,0.7839324409212926,0.4171920025109322,-0.5194076115205671,-0.6547848937579887,-0.2536811808258142,0.0413835432099153,0.0169860768993241,2.2119365552471064e-15,17.487037648106664,1
44,0.175,8,144,1,1,1001,broad_xyz,21.99112410904393,False,0.7979437243055496,0.8002434284239289,0.4795693847375319,-0.5322101054496816,-0.6242618504236751,-0.2460868398730501,0.0523232966452282,0.0221011665713034,2.2119365552471064e-15,17.487037648106664,1
45,0.1875,8,144,1,1,1001,broad_xyz,21.99112410904393,False,0.8133506799002392,0.8139937728152249,0.5315171921186732,-0.5611068922747732,-0.5897341117617486,-0.2304110275870714,0.0639066511129683,0.0279127957254491,2.2119365552471064e-15,17.487037648106664,1
46,0.2,8,144,1,1,1001,broad_xyz,21.99112410904393,False,0.8253199191350968,0.8265080336115376,0.5756075057604063,-0.6052987977761229,-0.5520752012878796,-0.2056570325419214,0.0762357150939761,0.0343022623068551,2.2119365552471064e-15,17.487037648106664,1
47,0.2125,8,144,1,1,1001,broad_xyz,21.99112410904393,False,0.8373688351515749,0.8396937586726991,0.6163359530975613,-0.6607559011761507,-0.5044777899483037,-0.1740350092973809,0.0888411507866273,0.0412054824093409,2.2119365552471064e-15,17.487037648106664,1
48,0.225,8,144,1,1,1001,broad_xyz,21.99112410904393,False,0.8495182569577527,0.8522216253362863,0.6551939419674555,-0.7212384193933662,-0.4514938834763357,-0.1330929924159119,0.1006943960546605,0.0485313209187243,2.2119365552471064e-15,17.487037648106664,1
49,0.2375,8,144,1,1,1001,broad_xyz,21.99112410904393,False,0.8637949116094208,0.8658607940688064,0.696415543681309,-0.7790261306929245,-0.4011517023563577,-0.0826934569307038,0.1114047583840121,0.056391933209655,2.2119365552471064e-15,17.487037648106664,1
50,0.25,8,144,1,1,1001,broad_xyz,21.99112410904393,False,0.88105831717391,0.8788408245844542,0.7420710779928361,-0.8265432986014203,-0.3703861281804944,-0.0299937268503181,0.1208728544196054,0.0651022739357934,2.2119365552471064e-15,17.487037648106664,1
51,0.27,8,144,1,1,1001,broad_xyz,21.99112410904393,False,0.911209347331665,0.8946038385533596,0.8224469693430987,-0.8674648101073624,-0.389597461189466,0.0748998983688466,0.1327686442853352,0.0807498362592764,2.2119365552471064e-15,17.487037648106664,1
52,0.29,8,144,1,1,1001,broad_xyz,21.99112410904393,False,0.9292112688016704,0.9019402371771214,0.8927369357075742,-0.8677515609927295,-0.4691940170082311,0.2162422632895199,0.1413177298991588,0.0962277963376645,2.2119365552471064e-15,17.487037648106664,1
53,0.31,8,144,1,1,1001,broad_xyz,21.99112410904393,False,0.9172901600651449,0.9100493880261956,0.9157700808282312,-0.8820277859464632,-0.5174169732958803,0.330222654194744,0.1503452218415353,0.1064580399789803,2.2119365552471064e-15,17.487037648106664,1
54,0.33,8,144,1,1,1001,broad_xyz,21.99112410904393,False,0.8963460087004333,0.9255593951662406,0.9182474159543472,-0.9231120263490642,-0.5292902167177974,0.372199567915911,0.16367985655418,0.1097871649550931,2.2119365552471064e-15,17.487037648106664,1
55,0.35,8,144,1,1,1001,broad_xyz,21.99112410904393,False,0.8748120330165802,0.934143377479231,0.927291815842625,-0.9530467950405076,-0.5563459965369758,0.3793277805450737,0.1694109660691651,0.1089891642999679,2.2119365552471064e-15,17.487037648106664,1
56,0.37,8,144,1,1,1001,broad_xyz,21.99112410904393,False,0.8497763527957914,0.933202296387618,0.9354241138391294,-0.9635302618030076,-0.5914721507394073,0.3772790078866474,0.172043868645124,0.1066610017772569,2.2119365552471064e-15,17.487037648106664,1
57,0.39,8,144,1,1,1001,broad_xyz,21.99112410904393,False,0.8259038364211563,0.9291801609821816,0.9428347812797996,-0.9619731799471272,-0.6343110929854799,0.3736725788820384,0.1721273776214104,0.1042079617980767,2.2119365552471064e-15,17.487037648106664,1
58,0.41,8,144,1,1,1001,broad_xyz,21.99112410904393,False,0.8009253459541592,0.9211662001726436,0.944380883332575,-0.9550411102354336,-0.7091827504699405,0.366389795423598,0.1693074919111243,0.1016954464316248,2.2119365552471064e-15,17.487037648106664,1
59,0.43,8,144,1,1,1001,broad_xyz,21.99112410904393,False,0.7779535608874576,0.911015018686,0.9404199821279547,-0.9469604927358768,-0.7487608692830826,0.349096496593434,0.1678725596073488,0.0993313425372821,2.2119365552471064e-15,17.487037648106664,1
60,0.45,8,144,1,1,1001,broad_xyz,21.99112410904393,False,0.7644839484649231,0.9016830299296424,0.9338238381320388,-0.9421553840515106,-0.7543243750334223,0.3131474483757692,0.1648423403538338,0.0975869006375072,2.2119365552471064e-15,17.487037648106664,1
61,0.5,8,144,1,1,1001,broad_xyz,21.99112410904393,False,0.7937340875272636,0.897057475199627,0.9145256849403874,-0.9556387764916972,-0.6645611238816761,0.0860800715285172,0.1635296561860849,0.099503088505543,2.2119365552471064e-15,17.487037648106664,1
62,0.55,8,144,1,1,1001,broad_xyz,21.99112410904393,False,0.8289435600530531,0.8618795491836195,0.90811979742594,-0.9461560069252112,-0.7115145796670315,-0.1909043390304642,0.1600284540351931,0.1157824577888577,2.2119365552471064e-15,17.487037648106664,1
63,0.6,8,144,1,1,1001,broad_xyz,21.99112410904393,False,0.7762594241386354,0.7072925346153422,0.8977561638466787,-0.9045808733830716,-0.7382013734896921,-0.2773688682601867,0.1583621981197504,0.1269924119357585,2.2119365552471064e-15,17.487037648106664,1
64,0.6499999999999999,8,144,1,1,1001,broad_xyz,21.99112410904393,False,0.7884613078584791,0.7321115256273311,0.8900969825239231,-0.942690715674088,-0.8118070895237308,-0.3247382130375507,0.1599174567697047,0.1180221224521898,2.2119365552471064e-15,17.487037648106664,1
65,0.7,8,144,1,1,1001,broad_xyz,21.99112410904393,False,0.8006845390369902,0.762353134751596,0.8987424387367093,-0.9345225278397132,-0.8514084922607061,-0.4024496272250808,0.1606842465381258,0.1068954899286689,2.2119365552471064e-15,17.487037648106664,1
66,0.725,8,144,1,1,1001,broad_xyz,21.99112410904393,False,0.7991558896942539,0.7663220877363347,0.9072097725038988,-0.9240779922927762,-0.8656292051786254,-0.4246576700825387,0.1594395331065074,0.1038812495266003,2.2119365552471064e-15,17.487037648106664,1
67,0.75,8,144,1,1,1001,broad_xyz,21.99112410904393,False,0.7999389624045822,0.7740993812970876,0.9113434935873612,-0.9056887346279364,-0.8753387005505882,-0.439969374123512,0.1574732299783693,0.1018059416761927,2.2119365552471064e-15,17.487037648106664,1
68,0.775,8,144,1,1,1001,broad_xyz,21.99112410904393,False,0.8033305096465903,0.7841810015036755,0.9087353416802924,-0.8664251395356779,-0.8755536352861908,-0.4515574206206146,0.1556664321985648,0.0999062461682601,2.2119365552471064e-15,17.487037648106664,1
69,0.8,8,144,1,1,1001,broad_xyz,21.99112410904393,False,0.8092389369680305,0.792216042744174,0.8977192230285653,-0.7688278303130909,-0.8654993177770935,-0.4601820795609592,0.153921174174378,0.0979287755974759,2.2119365552471064e-15,17.487037648106664,1
70,0.825,8,144,1,1,1001,broad_xyz,21.99112410904393,False,0.8165670943632822,0.7987144761573918,0.8814769696725406,-0.5859232650758006,-0.853366406830831,-0.4619462541624011,0.1520963912799223,0.0957736750131851,2.2119365552471064e-15,17.487037648106664,1
71,0.85,8,144,1,1,1001,broad_xyz,21.99112410904393,False,0.8201288077090135,0.8080720745921778,0.8735251575772529,-0.4086691685885457,-0.8538774562508281,-0.4468986677739155,0.1511107836415894,0.0931939477463843,2.2119365552471064e-15,17.487037648106664,1
72,0.875,8,144,1,1,1001,broad_xyz,21.99112410904393,False,0.8113757956789951,0.8151325876986333,0.8770542166737363,-0.3380025032314945,-0.8575046720887,-0.4346733466613953,0.1518459947754565,0.0908911742243042,2.2119365552471064e-15,17.487037648106664,1
73,0.9,8,144,1,1,1001,broad_xyz,21.99112410904393,False,0.7952151838823317,0.811536742770598,0.8793337871500222,-0.3600414983721235,-0.8351333665694335,-0.4446369401768461,0.1532897409314267,0.0905300374752723,2.2119365552471064e-15,17.487037648106664,1
74,0.95,8,144,1,1,1001,broad_xyz,21.99112410904393,False,0.7711799826449307,0.7913118489800203,0.8959226155171245,-0.5505012230949838,-0.8784508115784472,-0.4722145649524955,0.1508330082441918,0.0967358691338341,2.2119365552471064e-15,17.487037648106664,1
75,1.0,8,144,1,1,1001,broad_xyz,21.99112410904393,False,0.7258118133058071,0.7800558704612234,0.9284346925524,-0.8337375505566148,-0.9211982070117244,-0.5028991872379518,0.1465439245071583,0.1069011306764563,2.2119365552471064e-15,17.487037648106664,1
76,0.05,8,144,1,1,1002,broad_xyz,21.99112410904393,False,0.3308957653673106,0.5615039169373128,-0.1038889561474253,-0.3160553529728328,-0.074624454216288,0.1968490505953165,0.0009869626529139,0.0002000630340646,2.2119365552471064e-15,17.487037648106664,2
77,0.075,8,144,1,1,1002,broad_xyz,21.99112410904393,False,0.323730987726261,0.5952689515231316,-0.0882128966118286,-0.3762820494480127,-0.0937940827010926,0.048589930260252,0.0020963681602817,0.0007145122708407,2.2119365552471064e-15,17.487037648106664,2
78,0.1,8,144,1,1,1002,broad_xyz,21.99112410904393,False,0.3354947222905223,0.5926559681017305,-0.0708641564843668,-0.4336689664849901,-0.2116563548429051,0.0111999744212817,0.0051039909569047,0.0020365904501462,2.2119365552471064e-15,17.487037648106664,2
79,0.125,8,144,1,1,1002,broad_xyz,21.99112410904393,False,0.4055892152622168,0.6095632140192787,-0.0205692307728842,-0.4785239997647755,-0.358759323735549,0.0851282245923726,0.0117302189524622,0.004623844605205,2.2119365552471064e-15,17.487037648106664,2
80,0.15,8,144,1,1,1002,broad_xyz,21.99112410904393,False,0.5005368287240186,0.6366881335652929,0.0483217130804515,-0.5166241237913446,-0.4278290120703691,0.2034749731285298,0.0230659125321245,0.0089680685906702,2.2119365552471064e-15,17.487037648106664,2
81,0.1625,8,144,1,1,1002,broad_xyz,21.99112410904393,False,0.5490528321157501,0.6556607789302497,0.0895063004899424,-0.5327705384633364,-0.4250749659494295,0.2658184604014502,0.0306498097654977,0.0120534081135846,2.2119365552471064e-15,17.487037648106664,2
82,0.175,8,144,1,1,1002,broad_xyz,21.99112410904393,False,0.5980605318763031,0.6803905454286859,0.1384285492137908,-0.5451114019969364,-0.3871232237146708,0.3305734147824353,0.0390875608344993,0.0159222490859271,2.2119365552471064e-15,17.487037648106664,2
83,0.1875,8,144,1,1,1002,broad_xyz,21.99112410904393,False,0.6404909333469039,0.7058805535629931,0.1902113497096368,-0.56052548154715,-0.305149163751522,0.3895433020963297,0.0486285747851103,0.020755098238894,2.2119365552471064e-15,17.487037648106664,2
84,0.2,8,144,1,1,1002,broad_xyz,21.99112410904393,False,0.6761627468671007,0.7295637400620989,0.2445387729788611,-0.5791294830919638,-0.1992081210769817,0.4453112499064199,0.0582149536155342,0.0264557882190854,2.2119365552471064e-15,17.487037648106664,2
85,0.2125,8,144,1,1,1002,broad_xyz,21.99112410904393,False,0.7031930795106023,0.7496320213609364,0.297768175174816,-0.6035186517103908,-0.1120532573623702,0.4917186016046007,0.0676245450401636,0.0328765617439108,2.2119365552471064e-15,17.487037648106664,2
86,0.225,8,144,1,1,1002,broad_xyz,21.99112410904393,False,0.7163967353379583,0.7580201448885452,0.340876719565847,-0.6419803511584374,-0.0504599271549808,0.5197277884106317,0.077202938861152,0.0399136386517308,2.2119365552471064e-15,17.487037648106664,2
87,0.2375,8,144,1,1,1002,broad_xyz,21.99112410904393,False,0.7254095705214627,0.7632713573712583,0.3859831272544918,-0.6852628791801726,-0.0207281547483768,0.5404253182370261,0.0864597452436125,0.0474295586143735,2.2119365552471064e-15,17.487037648106664,2
88,0.25,8,144,1,1,1002,broad_xyz,21.99112410904393,False,0.7407422850541975,0.7737364040124228,0.4459893831762783,-0.7227039382461706,-0.0268350982450265,0.5638763619126465,0.0949065493420282,0.0552295486648265,2.2119365552471064e-15,17.487037648106664,2
89,0.27,8,144,1,1,1002,broad_xyz,21.99112410904393,False,0.7776358564354537,0.7968032862535359,0.5720595184707398,-0.7631366737069701,-0.076930501719649,0.5982527790865172,0.1065767048598222,0.0681631164095797,2.2119365552471064e-15,17.487037648106664,2
90,0.29,8,144,1,1,1002,broad_xyz,21.99112410904393,False,0.8152923645633187,0.8202404471827125,0.7040152892091278,-0.7740784305033156,-0.1639952226280034,0.6005988685849618,0.1160940926321308,0.0802890362380545,2.2119365552471064e-15,17.487037648106664,2
91,0.31,8,144,1,1,1002,broad_xyz,21.99112410904393,False,0.8416823644279192,0.849653625625891,0.7941790795620309,-0.7977540906504467,-0.2332985416089438,0.5584964397711221,0.1279098928734608,0.0892488569027441,2.2119365552471064e-15,17.487037648106664,2
92,0.33,8,144,1,1,1002,broad_xyz,21.99112410904393,False,0.8588265332110808,0.8864828679537812,0.8460610390181948,-0.8469304586400844,-0.2631310126578742,0.4872780315994454,0.1379402881197753,0.0940223584705718,2.2119365552471064e-15,17.487037648106664,2
93,0.35,8,144,1,1,1002,broad_xyz,21.99112410904393,False,0.8658756096845761,0.9168069718384104,0.8834090814814699,-0.8874083162633668,-0.2842125267696609,0.3915344170566656,0.1464182167521495,0.0952702297139894,2.2119365552471064e-15,17.487037648106664,2
94,0.37,8,144,1,1,1002,broad_xyz,21.99112410904393,False,0.8591561587130807,0.9304586894492768,0.9089422744422608,-0.911221280920508,-0.3260440380004578,0.2655515790305668,0.1531452921859773,0.0948759492929701,2.2119365552471064e-15,17.487037648106664,2
95,0.39,8,144,1,1,1002,broad_xyz,21.99112410904393,False,0.8395945066369458,0.9281363385281806,0.9185219177984753,-0.9181501683246484,-0.385503963248423,0.123676441146037,0.1561782369498132,0.0941687921242486,2.2119365552471064e-15,17.487037648106664,2
96,0.41,8,144,1,1,1002,broad_xyz,21.99112410904393,False,0.8140666170481234,0.9191356445745456,0.9201634840337288,-0.910012809763654,-0.4586302995234977,0.0020673271191361,0.1591175426535107,0.0936487730520175,2.2119365552471064e-15,17.487037648106664,2
97,0.43,8,144,1,1,1002,broad_xyz,21.99112410904393,False,0.7886275935906706,0.905993556266158,0.9169613898895956,-0.8990286552560642,-0.5148234121463307,-0.0753653750332781,0.1593833874872004,0.0936513730064048,2.2119365552471064e-15,17.487037648106664,2
98,0.45,8,144,1,1,1002,broad_xyz,21.99112410904393,False,0.7687209324545045,0.8900952451944613,0.9125624498624196,-0.8915085728423502,-0.5204375291664144,-0.1205676405258173,0.1538255459973182,0.0940142641555202,2.2119365552471064e-15,17.487037648106664,2
99,0.5,8,144,1,1,1002,broad_xyz,21.99112410904393,False,0.7422604418527745,0.840922676558467,0.8787034175378791,-0.8919554428662007,-0.3582568634712502,-0.1760561012217533,0.146717795641872,0.0963514334812086,2.2119365552471064e-15,17.487037648106664,2
100,0.55,8,144,1,1,1002,broad_xyz,21.99112410904393,False,0.689651325574841,0.7777663567649469,0.8062614207863054,-0.862987535132023,-0.3318723611492395,-0.2726367272355125,0.1537583896724721,0.1062777995739298,2.2119365552471064e-15,17.487037648106664,2
101,0.6,8,144,1,1,1002,broad_xyz,21.99112410904393,False,0.6400811712246981,0.708727765433206,0.8286586028670151,-0.824474805011623,-0.4872401273304535,-0.4161486463065552,0.1533074646611643,0.1139121238091959,2.2119365552471064e-15,17.487037648106664,2
102,0.6499999999999999,8,144,1,1,1002,broad_xyz,21.99112410904393,False,0.7322952378208512,0.7499484892896031,0.8659927461812683,-0.842405232090666,-0.6524776511788737,-0.5701759322414021,0.1533316275886581,0.1109246690548598,2.2119365552471064e-15,17.487037648106664,2
103,0.7,8,144,1,1,1002,broad_xyz,21.99112410904393,False,0.777868704396372,0.7857032221220018,0.893226755537269,-0.8176254100424641,-0.781691544548832,-0.6645078749876585,0.1534789092822322,0.1050526440862185,2.2119365552471064e-15,17.487037648106664,2
104,0.725,8,144,1,1,1002,broad_xyz,21.99112410904393,False,0.7781353125970198,0.7915626474649777,0.910027102883214,-0.7950818696050305,-0.8304919207246835,-0.6653976449660536,0.154576426818689,0.1029493687906521,2.2119365552471064e-15,17.487037648106664,2
105,0.75,8,144,1,1,1002,broad_xyz,21.99112410904393,False,0.7807794929869456,0.7997304788669161,0.9253343880901076,-0.7633616860458576,-0.8673805787490515,-0.6498579119007213,0.1539139456637165,0.1013256857296456,2.2119365552471064e-15,17.487037648106664,2
106,0.775,8,144,1,1,1002,broad_xyz,21.99112410904393,False,0.785549453616061,0.8112627596234226,0.935410877283839,-0.7042335589666733,-0.8916841677087404,-0.6215545074261981,0.147459030287309,0.0994299082720233,2.2119365552471064e-15,17.487037648106664,2
107,0.8,8,144,1,1,1002,broad_xyz,21.99112410904393,False,0.7977767507876554,0.8239892031298127,0.9391834073554208,-0.5895345817947025,-0.9079637005967556,-0.5809279212995282,0.1431684898302791,0.0966275048871294,2.2119365552471064e-15,17.487037648106664,2
108,0.825,8,144,1,1,1002,broad_xyz,21.99112410904393,False,0.8154188840560587,0.8342634808925408,0.9351527644184504,-0.4279126407269522,-0.91838145519486,-0.531458981815767,0.1428598939674491,0.0930586644021107,2.2119365552471064e-15,17.487037648106664,2
109,0.85,8,144,1,1,1002,broad_xyz,21.99112410904393,False,0.8308125914122482,0.8377050859978878,0.9226454923279624,-0.3070602892109633,-0.919502066895679,-0.494525711573533,0.1453599742373889,0.0897767860181717,2.2119365552471064e-15,17.487037648106664,2
110,0.875,8,144,1,1,1002,broad_xyz,21.99112410904393,False,0.8421547565163207,0.8318077886761326,0.9088765084417164,-0.2623705066359862,-0.9049164101716374,-0.4842883984608048,0.1490021151523127,0.0875461260410967,2.2119365552471064e-15,17.487037648106664,2
111,0.9,8,144,1,1,1002,broad_xyz,21.99112410904393,False,0.8450609125943013,0.8147026577973767,0.8987664217737203,-0.2664617627946926,-0.8630505640529591,-0.4877626942781089,0.15328267537137,0.0866542744084686,2.2119365552471064e-15,17.487037648106664,2
112,0.95,8,144,1,1,1002,broad_xyz,21.99112410904393,False,0.7975813923106798,0.7548977387265196,0.8958323636934008,-0.3971961707666197,-0.8635881923910659,-0.4897157802131159,0.1574235317623007,0.0892427908957149,2.2119365552471064e-15,17.487037648106664,2
113,1.0,8,144,1,1,1002,broad_xyz,21.99112410904393,False,0.7060068507294495,0.7040880769977402,0.9140938137642156,-0.6610971958699733,-0.866969012763257,-0.5220095102427854,0.1513205991201217,0.0946436403994947,2.2119365552471064e-15,17.487037648106664,2
114,0.05,8,144,1,1,1003,broad_xyz,21.99112410904393,False,0.8385652105081715,0.804876022114432,0.4448001517403377,-0.5785983578902573,-0.3380278924982331,-0.1374039323504297,0.0020588472533301,0.000748547363983,2.2119365552471064e-15,17.487037648106664,3
115,0.075,8,144,1,1,1003,broad_xyz,21.99112410904393,False,0.8533652205814487,0.8213090118561086,0.467005756080343,-0.6763537661612138,-0.6033008049582117,-0.1335648214906232,0.0052951064916794,0.0020734318292608,2.2119365552471064e-15,17.487037648106664,3
116,0.1,8,144,1,1,1003,broad_xyz,21.99112410904393,False,0.8593852254336201,0.8214186152840799,0.4973040925484434,-0.7578674214484457,-0.8102358995716499,-0.1152098498119019,0.0123669068145135,0.0046894769073475,2.2119365552471064e-15,17.487037648106664,3
117,0.125,8,144,1,1,1003,broad_xyz,21.99112410904393,False,0.8707368325800513,0.817316103734644,0.5503220507479155,-0.808235215991371,-0.886515169702772,-0.1078057939278903,0.0243502117795516,0.0093979776307814,2.2119365552471064e-15,17.487037648106664,3
118,0.15,8,144,1,1,1003,broad_xyz,21.99112410904393,False,0.8836237374219454,0.8217107326658606,0.6133787385805104,-0.8372326480996372,-0.8865261917001466,-0.1120663760954408,0.0412951662881492,0.0170103763110741,2.2119365552471064e-15,17.487037648106664,3
119,0.1625,8,144,1,1,1003,broad_xyz,21.99112410904393,False,0.8891333631412336,0.830722813742631,0.6469466333534089,-0.8485872009368282,-0.8763936306635429,-0.112448824970559,0.0512920305065871,0.0220259446657311,2.2119365552471064e-15,17.487037648106664,3
120,0.175,8,144,1,1,1003,broad_xyz,21.99112410904393,False,0.893740252429388,0.8427652698856625,0.6803493735095303,-0.8595482774795663,-0.8673171777800783,-0.108598689838468,0.0618304029405498,0.0277465169391518,2.2119365552471064e-15,17.487037648106664,3
121,0.1875,8,144,1,1,1003,broad_xyz,21.99112410904393,False,0.898397968660438,0.8572146306632336,0.7123795014235758,-0.8719618344505615,-0.8590137917542994,-0.1005231557022998,0.0730864806345983,0.0340609462051145,2.2119365552471064e-15,17.487037648106664,3
122,0.2,8,144,1,1,1003,broad_xyz,21.99112410904393,False,0.9029710538253524,0.871946626290383,0.7420318825656166,-0.8868600097045101,-0.8497845559747054,-0.0863303662163523,0.0842779751004214,0.04084466536258,2.2119365552471064e-15,17.487037648106664,3
123,0.2125,8,144,1,1,1003,broad_xyz,21.99112410904393,False,0.9073936360783617,0.8864563976702724,0.7692959646408397,-0.9039465462168916,-0.8356196792296389,-0.0673304669302675,0.0949231068429034,0.0479773952172243,2.2119365552471064e-15,17.487037648106664,3
124,0.225,8,144,1,1,1003,broad_xyz,21.99112410904393,False,0.9121563335485224,0.9003074831187861,0.7957158752701243,-0.9220092541192996,-0.8189775442953049,-0.0446306823110967,0.1048927228083194,0.0554398277019708,2.2119365552471064e-15,17.487037648106664,3
125,0.2375,8,144,1,1,1003,broad_xyz,21.99112410904393,False,0.9173653808193628,0.9130537677815206,0.8220080894621307,-0.93934573114002,-0.8042327720949447,-0.0229614867087762,0.1136360182841717,0.0633099202424373,2.2119365552471064e-15,17.487037648106664,3
126,0.25,8,144,1,1,1003,broad_xyz,21.99112410904393,False,0.9223049601516012,0.9237635116146524,0.8478435336878705,-0.9533516099639168,-0.7950700459867226,-0.0043972187543599,0.1209828459013719,0.0717389319408014,2.2119365552471064e-15,17.487037648106664,3
127,0.27,8,144,1,1,1003,broad_xyz,21.99112410904393,False,0.9269613377568462,0.93385564445534,0.8842054479386797,-0.963381753196754,-0.746365964086844,0.0158958271125334,0.1298111617355431,0.0860922815514032,2.2119365552471064e-15,17.487037648106664,3
128,0.29,8,144,1,1,1003,broad_xyz,21.99112410904393,False,0.9255851390495372,0.9394939902549572,0.9147940571579716,-0.958810413228048,-0.6595149604119891,0.0303594706712521,0.1355659693524934,0.0993096233654832,2.2119365552471064e-15,17.487037648106664,3
129,0.31,8,144,1,1,1003,broad_xyz,21.99112410904393,False,0.9111396675289984,0.9464586190585856,0.9352105766115152,-0.9561332995854936,-0.5920305698466621,0.0773803344465575,0.1445940819561705,0.1074882119538391,2.2119365552471064e-15,17.487037648106664,3
130,0.33,8,144,1,1,1003,broad_xyz,21.99112410904393,False,0.8933679301945597,0.9533043674858626,0.9467966027985764,-0.9637560458820364,-0.5952740150736456,0.1395173849415802,0.1516497855965459,0.1098771154988188,2.2119365552471064e-15,17.487037648106664,3
131,0.35,8,144,1,1,1003,broad_xyz,21.99112410904393,False,0.8870919014668918,0.9587763272305916,0.9585160031082748,-0.9734576554892728,-0.6493063019868545,0.1677692572982788,0.1553800954542504,0.1093691571518943,2.2119365552471064e-15,17.487037648106664,3
132,0.37,8,144,1,1,1003,broad_xyz,21.99112410904393,False,0.8860192605592665,0.9585589302114208,0.964289231973548,-0.9763544234191888,-0.7082131620219203,0.1586423706989302,0.1562293585857667,0.1079888734946053,2.2119365552471064e-15,17.487037648106664,3
133,0.39,8,144,1,1,1003,broad_xyz,21.99112410904393,False,0.8888992742334714,0.9566684312076954,0.9679462510612366,-0.9745341317360848,-0.7619350267242132,0.1296207860544505,0.1615790720600428,0.1068800170944322,2.2119365552471064e-15,17.487037648106664,3
134,0.41,8,144,1,1,1003,broad_xyz,21.99112410904393,False,0.890049384343789,0.95204787120981,0.9692012233659651,-0.9702936808438584,-0.8073717064734425,0.0943630044238187,0.1641342821556527,0.1060802435478699,2.2119365552471064e-15,17.487037648106664,3
135,0.43,8,144,1,1,1003,broad_xyz,21.99112410904393,False,0.8889157638697144,0.9459188597734888,0.9695444169474368,-0.966245727377271,-0.8395334656591807,0.0602703320294798,0.1655249505641688,0.1056996765068756,2.2119365552471064e-15,17.487037648106664,3
136,0.45,8,144,1,1,1003,broad_xyz,21.99112410904393,False,0.887425190665129,0.938936415595919,0.9691917188844896,-0.9635998618041062,-0.8541897419484147,0.0247158387621116,0.1675102339910414,0.1058213376512117,2.2119365552471064e-15,17.487037648106664,3
137,0.5,8,144,1,1,1003,broad_xyz,21.99112410904393,False,0.8858461977946185,0.9239916562322356,0.9626308047967604,-0.9658032750792004,-0.8339147749592227,-0.1017982528290156,0.1725624526087774,0.1096574787140948,2.2119365552471064e-15,17.487037648106664,3
138,0.55,8,144,1,1,1003,broad_xyz,21.99112410904393,False,0.8565604168543409,0.8742607382877365,0.951539742090824,-0.94889778386713,-0.8165034728578664,-0.2498616364631836,0.1768120831059209,0.1227470797119497,2.2119365552471064e-15,17.487037648106664,3
139,0.6,8,144,1,1,1003,broad_xyz,21.99112410904393,False,0.8173561716601563,0.7881223744585347,0.9528321354412512,-0.8819975571515216,-0.8079103778781223,-0.4019256043809264,0.1807331622220072,0.1344153927227905,2.2119365552471064e-15,17.487037648106664,3
140,0.6499999999999999,8,144,1,1,1003,broad_xyz,21.99112410904393,False,0.8384997933868052,0.8181905259354892,0.9575946456518516,-0.8983017370842836,-0.8929724842279392,-0.3943526249255565,0.1765752206774987,0.1299683680672636,2.2119365552471064e-15,17.487037648106664,3
141,0.7,8,144,1,1,1003,broad_xyz,21.99112410904393,False,0.8585024506224824,0.8531201674350091,0.970590970035023,-0.9147151079278356,-0.9287546811952688,-0.411832046883152,0.1705112209079039,0.1220520849009544,2.2119365552471064e-15,17.487037648106664,3
142,0.725,8,144,1,1,1003,broad_xyz,21.99112410904393,False,0.8669234858937738,0.8691324838425563,0.9748847161786046,-0.915012237742818,-0.9372142370998348,-0.4355908718140112,0.1671932988907857,0.1190730368825922,2.2119365552471064e-15,17.487037648106664,3
143,0.75,8,144,1,1,1003,broad_xyz,21.99112410904393,False,0.8774692832665766,0.8904327558236794,0.9783014438121332,-0.9100551860142992,-0.944291251560272,-0.4555435713194107,0.167457700213938,0.1163209345228401,2.2119365552471064e-15,17.487037648106664,3
144,0.775,8,144,1,1,1003,broad_xyz,21.99112410904393,False,0.8876117347719319,0.911851503733817,0.9784692610566574,-0.887754346378705,-0.9468234021157422,-0.4685840463365939,0.1663541573870807,0.1134834343625341,2.2119365552471064e-15,17.487037648106664,3
145,0.8,8,144,1,1,1003,broad_xyz,21.99112410904393,False,0.8953305903094378,0.9277265810691406,0.9732494417194208,-0.8071480014040792,-0.9447211273041388,-0.4779294790873674,0.1645280656948818,0.1104209053617713,2.2119365552471064e-15,17.487037648106664,3
146,0.825,8,144,1,1,1003,broad_xyz,21.99112410904393,False,0.897167304605285,0.9367556974344275,0.9645549073939133,-0.5899105516378138,-0.941824723082453,-0.4840761077962505,0.1629018966109524,0.1071541398663822,2.2119365552471064e-15,17.487037648106664,3
147,0.85,8,144,1,1,1003,broad_xyz,21.99112410904393,False,0.8848658749073468,0.939746687615538,0.9584810304398902,-0.3128793228721074,-0.9419040598520608,-0.4791187489755653,0.1613638220354986,0.1037381841928139,2.2119365552471064e-15,17.487037648106664,3
148,0.875,8,144,1,1,1003,broad_xyz,21.99112410904393,False,0.8522480488778696,0.9363456955581833,0.957517679750576,-0.1870315923997315,-0.9385780536211388,-0.4663815245548883,0.1596114771242167,0.10077231039033,2.2119365552471064e-15,17.487037648106664,3
149,0.9,8,144,1,1,1003,broad_xyz,21.99112410904393,False,0.8103321535159734,0.9267643830941782,0.9566286198250776,-0.2004432009248653,-0.9098170840381282,-0.4641360080098518,0.157683289664562,0.0995423839876852,2.2119365552471064e-15,17.487037648106664,3
150,0.95,8,144,1,1,1003,broad_xyz,21.99112410904393,False,0.756248522900056,0.8920755264356479,0.9612655825956512,-0.4202598130794699,-0.9485986261430625,-0.4918997240191223,0.1541566444330967,0.1029947754531299,2.2119365552471064e-15,17.487037648106664,3
151,1.0,8,144,1,1,1003,broad_xyz,21.99112410904393,False,0.7342936941353078,0.8308218653607001,0.9600533013577616,-0.8233004094487859,-0.9569526372608932,-0.5091214128383968,0.1507264067254507,0.1096854182768831,2.2119365552471064e-15,17.487037648106664,3
152,0.05,8,144,1,1,1004,broad_xyz,21.99112410904393,False,0.0602017151060293,0.3536540560743302,-0.2756168991861377,-0.408496543102614,-0.3526344260398948,0.2590189956861456,0.0020413634105887,0.0003337108939237,2.2119365552471064e-15,17.487037648106664,4
153,0.075,8,144,1,1,1004,broad_xyz,21.99112410904393,False,0.2075875693038801,0.3434080388733376,-0.1872707007324831,-0.3954840849298836,-0.4485756765822284,0.3481180881179678,0.0042485134987899,0.0007816821024405,2.2119365552471064e-15,17.487037648106664,4
154,0.1,8,144,1,1,1004,broad_xyz,21.99112410904393,False,0.2948042250551256,0.345747387052454,-0.0841629049744066,-0.3903625054088848,-0.6266122261148385,0.4437775718632559,0.0077366810687066,0.001576516374097,2.2119365552471064e-15,17.487037648106664,4
155,0.125,8,144,1,1,1004,broad_xyz,21.99112410904393,False,0.3210637876597282,0.3731878224884495,0.0174999737329552,-0.4020964469047837,-0.7912130366768342,0.5451161272346741,0.0140960292777783,0.0031094810672877,2.2119365552471064e-15,17.487037648106664,4
156,0.15,8,144,1,1,1004,broad_xyz,21.99112410904393,False,0.3473133623775779,0.427187573774144,0.1013950056746105,-0.4495001685686103,-0.7634343688936347,0.6407267473419069,0.0246805533592667,0.0059800916599215,2.2119365552471064e-15,17.487037648106664,4
157,0.1625,8,144,1,1,1004,broad_xyz,21.99112410904393,False,0.387541934117377,0.4661072484229118,0.1432019319081618,-0.489091805964273,-0.704345257139368,0.6900017421920195,0.0323188943286642,0.0081642410044032,2.2119365552471064e-15,17.487037648106664,4
158,0.175,8,144,1,1,1004,broad_xyz,21.99112410904393,False,0.448190587493192,0.5147635022280075,0.1902905207826981,-0.5357546420292552,-0.650081586063475,0.7350583836181415,0.0401182674995531,0.0110131478329291,2.2119365552471064e-15,17.487037648106664,4
159,0.1875,8,144,1,1,1004,broad_xyz,21.99112410904393,False,0.5227000268423325,0.5711422927561051,0.2426639956189292,-0.5854648057651151,-0.5989402701690886,0.7686141852807902,0.048628929726035,0.0147119791667223,2.2119365552471064e-15,17.487037648106664,4
160,0.2,8,144,1,1,1004,broad_xyz,21.99112410904393,False,0.5940328773288909,0.6248850233397614,0.2923514723177893,-0.6371923852665926,-0.5532676659580402,0.7840192966149809,0.0590445577836585,0.0193868639643108,2.2119365552471064e-15,17.487037648106664,4
161,0.2125,8,144,1,1,1004,broad_xyz,21.99112410904393,False,0.6533743375011491,0.6737867613721453,0.3393005656478053,-0.6897817831383181,-0.5220615269565475,0.7834263219362132,0.0686500317634838,0.0250518353040524,2.2119365552471064e-15,17.487037648106664,4
162,0.225,8,144,1,1,1004,broad_xyz,21.99112410904393,False,0.6956942264162009,0.7126118990804234,0.3826217482695705,-0.7401745321472741,-0.5046292467249617,0.7734903548573243,0.0773910765510159,0.0313828260851279,2.2119365552471064e-15,17.487037648106664,4
163,0.2375,8,144,1,1,1004,broad_xyz,21.99112410904393,False,0.7227137439226536,0.7424786363287456,0.427022111355977,-0.7850079929163135,-0.5029845609234516,0.760014756136789,0.085358146420349,0.0381575395069256,2.2119365552471064e-15,17.487037648106664,4
164,0.25,8,144,1,1,1004,broad_xyz,21.99112410904393,False,0.7376356042410899,0.766063108437483,0.477954408482991,-0.8213786565895047,-0.517815988829272,0.7474168999274272,0.093470723210493,0.0452055027142269,2.2119365552471064e-15,17.487037648106664,4
165,0.27,8,144,1,1,1004,broad_xyz,21.99112410904393,False,0.7358519081601684,0.7861297573968599,0.5715813325922015,-0.8560379926944377,-0.5781260753203293,0.7280780672728719,0.1061807657754617,0.056823948101419,2.2119365552471064e-15,17.487037648106664,4
166,0.29,8,144,1,1,1004,broad_xyz,21.99112410904393,False,0.7038078218189457,0.7822976068370484,0.6636832060023231,-0.8445786105958901,-0.664116471835635,0.6949940166841558,0.120231224631446,0.0679500386927242,2.2119365552471064e-15,17.487037648106664,4
167,0.31,8,144,1,1,1004,broad_xyz,21.99112410904393,False,0.6867789016322491,0.7918255909077722,0.7246721763297033,-0.8314879782776152,-0.6779649712140637,0.6350002101407186,0.1316849513229105,0.075666457730437,2.2119365552471064e-15,17.487037648106664,4
168,0.33,8,144,1,1,1004,broad_xyz,21.99112410904393,False,0.7209595402951112,0.8412586015674461,0.7735067460156065,-0.8607370200727611,-0.6275694180800515,0.5763676656329159,0.1366965458894579,0.0785262472693701,2.2119365552471064e-15,17.487037648106664,4
169,0.35,8,144,1,1,1004,broad_xyz,21.99112410904393,False,0.7657264356941158,0.8891616565908477,0.8135970436255461,-0.8996984969452401,-0.595341459063548,0.5253570103159585,0.1392849169702759,0.0786290455717328,2.2119365552471064e-15,17.487037648106664,4
170,0.37,8,144,1,1,1004,broad_xyz,21.99112410904393,False,0.7946218362288295,0.9169284081283596,0.8375922948213507,-0.9294454667432462,-0.5966759148201928,0.4760602928828621,0.1376589684159031,0.0783426443131783,2.2119365552471064e-15,17.487037648106664,4
171,0.39,8,144,1,1,1004,broad_xyz,21.99112410904393,False,0.8081333212322375,0.9276698437021608,0.8545916450362578,-0.9351339019879183,-0.6191271765110593,0.4254809372237077,0.1347913117689731,0.0782814246186719,2.2119365552471064e-15,17.487037648106664,4
172,0.41,8,144,1,1,1004,broad_xyz,21.99112410904393,False,0.8117555471840715,0.92553015552854,0.8630757654958262,-0.921364787732757,-0.6508867765315648,0.3743421256921369,0.1309698432330838,0.0785083004826383,2.2119365552471064e-15,17.487037648106664,4
173,0.43,8,144,1,1,1004,broad_xyz,21.99112410904393,False,0.8143874612986562,0.9185436534897272,0.8646695803345931,-0.9000975787724069,-0.6958058503278741,0.3319115111439968,0.1329068780763985,0.0788409473054928,2.2119365552471064e-15,17.487037648106664,4
174,0.45,8,144,1,1,1004,broad_xyz,21.99112410904393,False,0.8214414804510981,0.911559391037087,0.8630995063382318,-0.8827429358417258,-0.7223697807941579,0.3008360114486469,0.1354542650947306,0.0790003114213073,2.2119365552471064e-15,17.487037648106664,4
175,0.5,8,144,1,1,1004,broad_xyz,21.99112410904393,False,0.8590143511482513,0.8967500710815075,0.8796562823331465,-0.9057921445856906,-0.6851996611547775,0.2572550693200914,0.1362272745443439,0.0815477749059768,2.2119365552471064e-15,17.487037648106664,4
176,0.55,8,144,1,1,1004,broad_xyz,21.99112410904393,False,0.827675431676641,0.797798626967133,0.8599001556901437,-0.90080722492272,-0.697025726759453,0.1388807786867621,0.1401456920163953,0.0892197250634961,2.2119365552471064e-15,17.487037648106664,4
177,0.6,8,144,1,1,1004,broad_xyz,21.99112410904393,False,0.7482844947992517,0.6776308692662973,0.8531640235273662,-0.8851462348550166,-0.7263213447264774,-0.0156677433443574,0.1420256140684019,0.0944712046021866,2.2119365552471064e-15,17.487037648106664,4
178,0.6499999999999999,8,144,1,1,1004,broad_xyz,21.99112410904393,False,0.7854126146268898,0.7555848935745701,0.8910991157989513,-0.8981888881372209,-0.7845894792665462,-0.1766194053238919,0.1451857224315891,0.091963234040852,2.2119365552471064e-15,17.487037648106664,4
179,0.7,8,144,1,1,1004,broad_xyz,21.99112410904393,False,0.796439703465515,0.8018159337986313,0.9065621627810474,-0.8835768187403523,-0.8415483682288584,-0.2889786674540036,0.1487066025574829,0.0875492197687884,2.2119365552471064e-15,17.487037648106664,4
180,0.725,8,144,1,1,1004,broad_xyz,21.99112410904393,False,0.7790431248359043,0.7993729457388866,0.9056116093887762,-0.8746182927690309,-0.8535553228888464,-0.3317253344643356,0.1502446364754464,0.0866291732198199,2.2119365552471064e-15,17.487037648106664,4
181,0.75,8,144,1,1,1004,broad_xyz,21.99112410904393,False,0.7648216751922043,0.7968274868757717,0.901001799277545,-0.8587860151288617,-0.8555903679086719,-0.3745946441723747,0.1537193017299268,0.086347870575,2.2119365552471064e-15,17.487037648106664,4
182,0.775,8,144,1,1,1004,broad_xyz,21.99112410904393,False,0.7603477362093727,0.7965857378643771,0.8944961231047601,-0.8248555485723432,-0.8520036485677235,-0.4174783408304062,0.1567714824249487,0.0860337692222663,2.2119365552471064e-15,17.487037648106664,4
183,0.8,8,144,1,1,1004,broad_xyz,21.99112410904393,False,0.7645339288367246,0.7964758113174049,0.8859056238620545,-0.754749980428294,-0.8462244511272994,-0.4577880319062515,0.1596057636432206,0.0851438354219414,2.2119365552471064e-15,17.487037648106664,4
184,0.825,8,144,1,1,1004,broad_xyz,21.99112410904393,False,0.7709303748243138,0.7953066030737528,0.8771415900190526,-0.6315540850584963,-0.8449649536594304,-0.4891597193222215,0.1601842833334122,0.0836785168446652,2.2119365552471064e-15,17.487037648106664,4
185,0.85,8,144,1,1,1004,broad_xyz,21.99112410904393,False,0.773223030628502,0.7930758317606665,0.8708741112820962,-0.4903236196447365,-0.8487453598394477,-0.5031493967335776,0.1570967634244608,0.0823898427317158,2.2119365552471064e-15,17.487037648106664,4
186,0.875,8,144,1,1,1004,broad_xyz,21.99112410904393,False,0.7676067272153939,0.7867881317262954,0.8643207088350613,-0.4091278143421999,-0.8454338631214542,-0.5123021967608706,0.1525880358878997,0.0822934311169285,2.2119365552471064e-15,17.487037648106664,4
187,0.9,8,144,1,1,1004,broad_xyz,21.99112410904393,False,0.7584196828379736,0.7802950594793384,0.8622218363223861,-0.3976236612467972,-0.8195210305121794,-0.5248827682534308,0.1516108385697933,0.083630371053079,2.2119365552471064e-15,17.487037648106664,4
188,0.95,8,144,1,1,1004,broad_xyz,21.99112410904393,False,0.7334445395569554,0.7824612581236845,0.8857955145030555,-0.5687698644987118,-0.8672573484796099,-0.5431289154536728,0.1460359553800657,0.088981609729333,2.2119365552471064e-15,17.487037648106664,4
189,1.0,8,144,1,1,1004,broad_xyz,21.99112410904393,False,0.7092464677278628,0.798971110694159,0.9278424754869068,-0.8403017432613292,-0.906172119840404,-0.5370651867666248,0.1429906358076217,0.0933369180402157,2.2119365552471064e-15,17.487037648106664,4
190,0.05,8,144,1,1,1005,broad_xyz,21.99112410904393,False,0.3039528753425362,0.4644059839743529,-0.0943637953712715,-0.4123397937474183,-0.3530097813598129,0.370477242388164,0.0011996214081165,0.0002551348993014,2.2119365552471064e-15,17.487037648106664,5
191,0.075,8,144,1,1,1005,broad_xyz,21.99112410904393,False,0.3599396092017156,0.5296373987596227,-0.0326200766290044,-0.4534920986997893,-0.4707056844341011,0.3785204068288566,0.003499311779211,0.0008745978916859,2.2119365552471064e-15,17.487037648106664,5
192,0.1,8,144,1,1,1005,broad_xyz,21.99112410904393,False,0.4990109123756354,0.6325677526434533,0.081870669803682,-0.4870336884591629,-0.5717779545835654,0.3689396262256093,0.0079825312684409,0.0025415090307253,2.2119365552471064e-15,17.487037648106664,5
193,0.125,8,144,1,1,1005,broad_xyz,21.99112410904393,False,0.6725654872276691,0.7334070766641076,0.2387649563027069,-0.499444139183907,-0.6212526732981178,0.3514892626178486,0.0161685519264596,0.0063966945472745,2.2119365552471064e-15,17.487037648106664,5
194,0.15,8,144,1,1,1005,broad_xyz,21.99112410904393,False,0.8072597226760413,0.8095891366557426,0.4123700002161576,-0.4880667521886502,-0.5805650746797762,0.3604217335416442,0.0305124558440936,0.013488001849493,2.2119365552471064e-15,17.487037648106664,5
195,0.1625,8,144,1,1,1005,broad_xyz,21.99112410904393,False,0.8501717347998315,0.841235437468221,0.4926964499291437,-0.4844042526713821,-0.5456153590659119,0.3743617664035644,0.0401676587314896,0.0184686337672691,2.2119365552471064e-15,17.487037648106664,5
196,0.175,8,144,1,1,1005,broad_xyz,21.99112410904393,False,0.8780731995874784,0.8652266960135876,0.5597561193806702,-0.4910907743094974,-0.508061505710134,0.389050841077763,0.0507550514524152,0.0242089663779652,2.2119365552471064e-15,17.487037648106664,5
197,0.1875,8,144,1,1,1005,broad_xyz,21.99112410904393,False,0.8956923283080754,0.8833240783977414,0.6127578885615915,-0.5117203182572057,-0.4532129333111649,0.4008525793392636,0.0625638764585336,0.0305848405771939,2.2119365552471064e-15,17.487037648106664,5
198,0.2,8,144,1,1,1005,broad_xyz,21.99112410904393,False,0.9058749067738108,0.8966891744815059,0.6503153947521626,-0.5494430355849057,-0.3744028820677502,0.4058847838629772,0.0739434420646687,0.0375150987424352,2.2119365552471064e-15,17.487037648106664,5
199,0.2125,8,144,1,1,1005,broad_xyz,21.99112410904393,False,0.9113243488787358,0.9060270152567906,0.6762630581944141,-0.5986581732950286,-0.3006074529970005,0.4044095113986306,0.0848036463550348,0.0448454169417695,2.2119365552471064e-15,17.487037648106664,5
200,0.225,8,144,1,1,1005,broad_xyz,21.99112410904393,False,0.9127781295239152,0.9124523143331444,0.6932906537591575,-0.6552386009157092,-0.2499060191704023,0.3958797034559892,0.0944863106735329,0.0525315911622038,2.2119365552471064e-15,17.487037648106664,5
201,0.2375,8,144,1,1,1005,broad_xyz,21.99112410904393,False,0.9109066020888336,0.9155702209082468,0.7035694376076779,-0.7140683089440552,-0.2103496270482674,0.3790474946590934,0.1027858614056344,0.0606190662140545,2.2119365552471064e-15,17.487037648106664,5
202,0.25,8,144,1,1,1005,broad_xyz,21.99112410904393,False,0.907749354583931,0.9164481045672308,0.7133472173405888,-0.7684256677649677,-0.1889455294218893,0.3562920598151661,0.1095146374054186,0.069163656911599,2.2119365552471064e-15,17.487037648106664,5
203,0.27,8,144,1,1,1005,broad_xyz,21.99112410904393,False,0.9033028889034648,0.9153063053800764,0.7415064815039516,-0.832583860368978,-0.1927033642863716,0.3124108757125106,0.1171428940033695,0.0834234628805274,2.2119365552471064e-15,17.487037648106664,5
204,0.29,8,144,1,1,1005,broad_xyz,21.99112410904393,False,0.9013630362591912,0.915805612850368,0.8061105954546057,-0.8347158309937929,-0.2692385882440776,0.2841485626030312,0.1271827171116869,0.0963412415991029,2.2119365552471064e-15,17.487037648106664,5
205,0.31,8,144,1,1,1005,broad_xyz,21.99112410904393,False,0.885476612363281,0.9143180706139564,0.8556805403862356,-0.8327064968554526,-0.3647224886400714,0.2474886225591171,0.1412248153161397,0.1043433122181979,2.2119365552471064e-15,17.487037648106664,5
206,0.33,8,144,1,1,1005,broad_xyz,21.99112410904393,False,0.879764826811771,0.9280408711768704,0.883873515867429,-0.8766542890924853,-0.4138660510351943,0.1791168952248305,0.1483923783986271,0.1063838191909467,2.2119365552471064e-15,17.487037648106664,5
207,0.35,8,144,1,1,1005,broad_xyz,21.99112410904393,False,0.8872549813262474,0.9453599178489168,0.913354547357092,-0.911808484575082,-0.4773926729360821,0.0853274481269663,0.149008171067935,0.1048006865565314,2.2119365552471064e-15,17.487037648106664,5
208,0.37,8,144,1,1,1005,broad_xyz,21.99112410904393,False,0.8951663783606644,0.9553895779502152,0.9341768722981214,-0.9325232478464288,-0.5571606399283382,-0.0221694800218606,0.148928014590512,0.1024162744245792,2.2119365552471064e-15,17.487037648106664,5
209,0.39,8,144,1,1,1005,broad_xyz,21.99112410904393,False,0.8962407618103821,0.9590698233481146,0.9479736699816714,-0.9358101078533164,-0.6390434229792186,-0.1024743732073568,0.1516321412305617,0.1002737117122325,2.2119365552471064e-15,17.487037648106664,5
210,0.41,8,144,1,1,1005,broad_xyz,21.99112410904393,False,0.8895989158796337,0.9593885076456548,0.955337678954913,-0.9269998351386046,-0.7150134438386886,-0.1508927695419299,0.1539275946443227,0.0986618303476011,2.2119365552471064e-15,17.487037648106664,5
211,0.43,8,144,1,1,1005,broad_xyz,21.99112410904393,False,0.8788346100279353,0.9576499951921758,0.9577225110188764,-0.9128231621858984,-0.7725009602833068,-0.1738794117394622,0.153250460810202,0.0979021049609341,2.2119365552471064e-15,17.487037648106664,5
212,0.45,8,144,1,1,1005,broad_xyz,21.99112410904393,False,0.8675174558225675,0.9530891727817696,0.9575418344920436,-0.8999566259769636,-0.7965614498338915,-0.1830353851674402,0.1481449391884222,0.0982327094416708,2.2119365552471064e-15,17.487037648106664,5
213,0.5,8,144,1,1,1005,broad_xyz,21.99112410904393,False,0.8248598608700796,0.9088909504104176,0.9387899691602322,-0.9003748386506705,-0.6517229107254191,-0.1915903164633179,0.1484868921219169,0.1048468451272923,2.2119365552471064e-15,17.487037648106664,5
214,0.55,8,144,1,1,1005,broad_xyz,21.99112410904393,False,0.7588650098926166,0.821205332020515,0.8770135716566796,-0.9047891246806646,-0.5580236132685569,-0.2205899972789954,0.1554892446093382,0.1172369869691068,2.2119365552471064e-15,17.487037648106664,5
215,0.6,8,144,1,1,1005,broad_xyz,21.99112410904393,False,0.6956705978030324,0.7115455896681658,0.8373241590341397,-0.8715224516725357,-0.5675095506231186,-0.3482762262424232,0.1563620207310268,0.1234548134247993,2.2119365552471064e-15,17.487037648106664,5
216,0.6499999999999999,8,144,1,1,1005,broad_xyz,21.99112410904393,False,0.740579998538995,0.7617013036444014,0.8635453735762656,-0.860710273094338,-0.7204350989339441,-0.5045713456366369,0.1537995540763597,0.1178850011454592,2.2119365552471064e-15,17.487037648106664,5
217,0.7,8,144,1,1,1005,broad_xyz,21.99112410904393,False,0.7751950869790155,0.8093689667224792,0.890395093261686,-0.8383037594796784,-0.8318269785275733,-0.5844497630654021,0.1582044262904121,0.1124126482055092,2.2119365552471064e-15,17.487037648106664,5
218,0.725,8,144,1,1,1005,broad_xyz,21.99112410904393,False,0.783724130219017,0.8255420925586996,0.9074883413178484,-0.8232693190265774,-0.8684366885691568,-0.5981102697944077,0.1556589999899436,0.1112530172543441,2.2119365552471064e-15,17.487037648106664,5
219,0.75,8,144,1,1,1005,broad_xyz,21.99112410904393,False,0.7971187878734657,0.8481690101836232,0.9234563863390708,-0.795772693359461,-0.8979257006878051,-0.6031122053163801,0.1530085356553325,0.1101654189800438,2.2119365552471064e-15,17.487037648106664,5
220,0.775,8,144,1,1,1005,broad_xyz,21.99112410904393,False,0.8157831762385285,0.877660150848279,0.9375586362244166,-0.7471189624236726,-0.9195638005651257,-0.6014879028859169,0.1504611519780037,0.1084612286176529,2.2119365552471064e-15,17.487037648106664,5
221,0.8,8,144,1,1,1005,broad_xyz,21.99112410904393,False,0.8316563514657056,0.907886192416165,0.9474315392079924,-0.6530967293853115,-0.933776975564684,-0.589935644024606,0.1502894301952147,0.1058635239145344,2.2119365552471064e-15,17.487037648106664,5
222,0.825,8,144,1,1,1005,broad_xyz,21.99112410904393,False,0.8327876114031404,0.9315387420014398,0.951875001606176,-0.4893836202538321,-0.9422409222812111,-0.564949283945045,0.147942454043432,0.1023619014369075,2.2119365552471064e-15,17.487037648106664,5
223,0.85,8,144,1,1,1005,broad_xyz,21.99112410904393,False,0.8116981026211192,0.9440559818294552,0.9504191459673128,-0.3218639788511657,-0.9437999751730908,-0.536957570637278,0.1437797053992667,0.0983720980425392,2.2119365552471064e-15,17.487037648106664,5
224,0.875,8,144,1,1,1005,broad_xyz,21.99112410904393,False,0.7784251386320212,0.9465576710616666,0.945483753982948,-0.2480233367380799,-0.9349946786536348,-0.5236456528509333,0.1445670880975645,0.0948928257079606,2.2119365552471064e-15,17.487037648106664,5
225,0.9,8,144,1,1,1005,broad_xyz,21.99112410904393,False,0.7532373880647543,0.9425589861356396,0.942200341970718,-0.2479623188811288,-0.9031602382869632,-0.5220267545372754,0.1422657530335117,0.0930325878321293,2.2119365552471064e-15,17.487037648106664,5
226,0.95,8,144,1,1,1005,broad_xyz,21.99112410904393,False,0.7557272581216951,0.918612186030518,0.9465072463597816,-0.4409741664163419,-0.9447462290241352,-0.5127827954091863,0.1487599330323926,0.0954234417785528,2.2119365552471064e-15,17.487037648106664,5
227,1.0,8,144,1,1,1005,broad_xyz,21.99112410904393,False,0.7455213120465932,0.8652436578141738,0.9488099456419984,-0.7856666477158356,-0.9398692955836342,-0.5226899787143836,0.1518367258228057,0.102998324159014,2.2119365552471064e-15,17.487037648106664,5
228,0.05,8,144,1,1,1006,broad_xyz,21.99112410904393,False,0.3938982916044268,0.4592633479452475,-0.3720390064420392,-0.4860826154844603,-0.4486834345844839,0.3380488070981915,0.0012238593949867,0.000157558163021,2.2119365552471064e-15,17.487037648106664,6
229,0.075,8,144,1,1,1006,broad_xyz,21.99112410904393,False,0.4859901690854269,0.4732528057433529,-0.3561866881368667,-0.5149901774160681,-0.5115915157504922,0.3884769001839111,0.0032757091149548,0.0004364847246796,2.2119365552471064e-15,17.487037648106664,6
230,0.1,8,144,1,1,1006,broad_xyz,21.99112410904393,False,0.6233435148640161,0.5598330540578399,-0.2755303110690594,-0.5516020210209315,-0.5839317055051723,0.3541386356588711,0.0074616181194642,0.0013221650026799,2.2119365552471064e-15,17.487037648106664,6
231,0.125,8,144,1,1,1006,broad_xyz,21.99112410904393,False,0.7066375128756476,0.6581758876175249,-0.1284732455855451,-0.5629305022941464,-0.637914936715512,0.2739750550073698,0.0142045498804982,0.003748982873184,2.2119365552471064e-15,17.487037648106664,6
232,0.15,8,144,1,1,1006,broad_xyz,21.99112410904393,False,0.7669258874143134,0.7652211755086145,-0.0061030796959969,-0.5877251371579286,-0.7476847204537888,0.2533503642919985,0.0270164132551103,0.0088909531603871,2.2119365552471064e-15,17.487037648106664,6
233,0.1625,8,144,1,1,1006,broad_xyz,21.99112410904393,False,0.7909329515112232,0.8197816371144495,0.0423144720387144,-0.6027864722479084,-0.7986089962353311,0.2784413542959347,0.0350469552262009,0.0125850151677326,2.2119365552471064e-15,17.487037648106664,6
234,0.175,8,144,1,1,1006,broad_xyz,21.99112410904393,False,0.8129783533595656,0.8670419553011249,0.0893739033127887,-0.6125335070319743,-0.8365952366623215,0.309986167208313,0.0441856965836347,0.0169490593555058,2.2119365552471064e-15,17.487037648106664,6
235,0.1875,8,144,1,1,1006,broad_xyz,21.99112410904393,False,0.830833713555334,0.902714291339304,0.1238355102529643,-0.6249138361332264,-0.8613703077589571,0.3478253373540679,0.0528693160697031,0.0216673357300675,2.2119365552471064e-15,17.487037648106664,6
236,0.2,8,144,1,1,1006,broad_xyz,21.99112410904393,False,0.8487056779271531,0.9288154541455456,0.1503165143260679,-0.6403507792149943,-0.8496528092108081,0.3878606466709668,0.0600795242145085,0.0266005266393934,2.2119365552471064e-15,17.487037648106664,6
237,0.2125,8,144,1,1,1006,broad_xyz,21.99112410904393,False,0.8667137924785293,0.9460907685636084,0.1778313307204167,-0.6550572004483559,-0.8002857034710193,0.4190097748407048,0.0659706606784821,0.031708567891227,2.2119365552471064e-15,17.487037648106664,6
238,0.225,8,144,1,1,1006,broad_xyz,21.99112410904393,False,0.8819824981116244,0.957049440183573,0.2074628487210254,-0.6711094875124199,-0.693908506092359,0.4409168235795674,0.0717807835674621,0.0369650798249334,2.2119365552471064e-15,17.487037648106664,6
239,0.2375,8,144,1,1,1006,broad_xyz,21.99112410904393,False,0.8923190535218576,0.9639897588774932,0.2437795718326106,-0.6872053430505112,-0.5503988746862432,0.4493513926448632,0.0792750383984972,0.0424489511825962,2.2119365552471064e-15,17.487037648106664,6
240,0.25,8,144,1,1,1006,broad_xyz,21.99112410904393,False,0.8953062246964814,0.9673145813122452,0.2891044692937557,-0.7027669802125563,-0.4202234211703231,0.4376637563942196,0.0881459435603524,0.0483368009908087,2.2119365552471064e-15,17.487037648106664,6
241,0.27,8,144,1,1,1006,broad_xyz,21.99112410904393,False,0.8822694344968973,0.961420960139379,0.3795351513930547,-0.7225825983566672,-0.2832844435461498,0.3824863870260798,0.1029743923468921,0.0586924543829378,2.2119365552471064e-15,17.487037648106664,6
242,0.29,8,144,1,1,1006,broad_xyz,21.99112410904393,False,0.8543012932374631,0.9448214012612046,0.4832072041673372,-0.7373914610220477,-0.2500097656751116,0.2934543300237691,0.1190931927802291,0.0699929772130174,2.2119365552471064e-15,17.487037648106664,6
243,0.31,8,144,1,1,1006,broad_xyz,21.99112410904393,False,0.8223999830242997,0.926997394712002,0.5662379410719063,-0.7664747199272314,-0.234642328320412,0.2026400624035761,0.1314469674578255,0.0802088983844411,2.2119365552471064e-15,17.487037648106664,6
244,0.33,8,144,1,1,1006,broad_xyz,21.99112410904393,False,0.8062564516990846,0.9225856284425284,0.6108794845530275,-0.8217009319702863,-0.2006240117097768,0.1418288225847428,0.1366751464957913,0.0872163854067998,2.2119365552471064e-15,17.487037648106664,6
245,0.35,8,144,1,1,1006,broad_xyz,21.99112410904393,False,0.8002788548691905,0.9248052073027384,0.649426276089895,-0.8709856382356522,-0.2103834794851636,0.0873048638428587,0.1434910177365631,0.0912903810951336,2.2119365552471064e-15,17.487037648106664,6
246,0.37,8,144,1,1,1006,broad_xyz,21.99112410904393,False,0.8001015972917689,0.9276979914116952,0.699213714632652,-0.9008857824145656,-0.2722705985730876,0.0267198735690209,0.1480904052524877,0.0940003236476604,2.2119365552471064e-15,17.487037648106664,6
247,0.39,8,144,1,1,1006,broad_xyz,21.99112410904393,False,0.8070334762887837,0.930830762003381,0.753122415343438,-0.9158178292515724,-0.3607821957004704,-0.0309764508969098,0.1537179857595604,0.0959553585301292,2.2119365552471064e-15,17.487037648106664,6
248,0.41,8,144,1,1,1006,broad_xyz,21.99112410904393,False,0.8160292132865644,0.9317382738102836,0.7990495226438167,-0.9194620216506104,-0.4837635372591508,-0.0875168091274098,0.1616041417786468,0.0972975079932815,2.2119365552471064e-15,17.487037648106664,6
249,0.43,8,144,1,1,1006,broad_xyz,21.99112410904393,False,0.8218258223195511,0.929965970491876,0.832506159590207,-0.917023756397581,-0.6010681485113548,-0.1313181898682608,0.1675365826283421,0.0980712433594038,2.2119365552471064e-15,17.487037648106664,6
250,0.45,8,144,1,1,1006,broad_xyz,21.99112410904393,False,0.8227038635308113,0.9272925091473044,0.8569571535394478,-0.9149372583417306,-0.6939271239530831,-0.162502414056517,0.1729784523055872,0.0985553525089703,2.2119365552471064e-15,17.487037648106664,6
251,0.5,8,144,1,1,1006,broad_xyz,21.99112410904393,False,0.8166408837091933,0.9095590428007548,0.8786496780575085,-0.9149995808685718,-0.6926543776228071,-0.1885562548165832,0.1816038077033004,0.1017149636642129,2.2119365552471064e-15,17.487037648106664,6
252,0.55,8,144,1,1,1006,broad_xyz,21.99112410904393,False,0.8055325723192842,0.8866458346068616,0.8530348256216321,-0.8955270223270035,-0.7308226720110909,-0.1866668938581479,0.173378365384106,0.1078025238067689,2.2119365552471064e-15,17.487037648106664,6
253,0.6,8,144,1,1,1006,broad_xyz,21.99112410904393,False,0.7392915624366687,0.8589835934488084,0.8506321483762975,-0.8465910573009618,-0.8134666671161052,-0.266088561875841,0.1893754977251243,0.114732193729505,2.2119365552471064e-15,17.487037648106664,6
254,0.6499999999999999,8,144,1,1,1006,broad_xyz,21.99112410904393,False,0.7733154378626478,0.853312898492308,0.8701846009660547,-0.8421756987481893,-0.8663332122102869,-0.4400864554947262,0.1779778652531491,0.1179094316556741,2.2119365552471064e-15,17.487037648106664,6
255,0.7,8,144,1,1,1006,broad_xyz,21.99112410904393,False,0.785527038303651,0.8534212009763807,0.8913819012687754,-0.8627037579608922,-0.9080556664007956,-0.5455062600790254,0.1668410841242718,0.115981733328428,2.2119365552471064e-15,17.487037648106664,6
256,0.725,8,144,1,1,1006,broad_xyz,21.99112410904393,False,0.7823566476964009,0.8569621850425461,0.9072555976344796,-0.8584298027601964,-0.9184368732176452,-0.5602993834795997,0.1663480020572488,0.1152587422325222,2.2119365552471064e-15,17.487037648106664,6
257,0.75,8,144,1,1,1006,broad_xyz,21.99112410904393,False,0.7770067039860584,0.8604244668697295,0.9169536978498184,-0.8512952157301453,-0.9178323346230768,-0.5590767829511958,0.1687925933856601,0.1144523717731619,2.2119365552471064e-15,17.487037648106664,6
258,0.775,8,144,1,1,1006,broad_xyz,21.99112410904393,False,0.7818648571306621,0.8701945682558052,0.9260338477134044,-0.838804211809637,-0.920584690347776,-0.5521518237920877,0.1658311571145826,0.1131045903804454,2.2119365552471064e-15,17.487037648106664,6
259,0.8,8,144,1,1,1006,broad_xyz,21.99112410904393,False,0.7945621026613676,0.8845672757187267,0.9351937457177476,-0.8047943230368997,-0.9278123718344182,-0.5405666815627372,0.1662655767112539,0.111411000808305,2.2119365552471064e-15,17.487037648106664,6
260,0.825,8,144,1,1,1006,broad_xyz,21.99112410904393,False,0.8107520413565618,0.8974850417278577,0.944087153281078,-0.7225446988228217,-0.9339379185783582,-0.5242275094540944,0.17473897854971,0.1100186010608184,2.2119365552471064e-15,17.487037648106664,6
261,0.85,8,144,1,1,1006,broad_xyz,21.99112410904393,False,0.826658162900251,0.903577453817108,0.951557811946952,-0.5600720195567633,-0.9329934681932052,-0.5135205010570489,0.1803328193481732,0.1094547740533926,2.2119365552471064e-15,17.487037648106664,6
262,0.875,8,144,1,1,1006,broad_xyz,21.99112410904393,False,0.8522959496955611,0.9042773831555934,0.9570255505878108,-0.3371939702376935,-0.9200600610248736,-0.5105010421950084,0.1740486047139091,0.1094186343264853,2.2119365552471064e-15,17.487037648106664,6
263,0.9,8,144,1,1,1006,broad_xyz,21.99112410904393,False,0.8749134908282329,0.9035365497388778,0.9600926694675608,-0.1354142373255712,-0.8867297105443688,-0.5093526336153961,0.1735041633467162,0.1093834173941967,2.2119365552471064e-15,17.487037648106664,6
264,0.95,8,144,1,1,1006,broad_xyz,21.99112410904393,False,0.8880554094657817,0.902003971521624,0.9609614162162948,0.0353053670912986,-0.9259483683783104,-0.5182141864118622,0.1699473804036934,0.1088710192586655,2.2119365552471064e-15,17.487037648106664,6
265,1.0,8,144,1,1,1006,broad_xyz,21.99112410904393,False,0.8798906865874351,0.8787231387926824,0.9625286428935786,-0.3188641769641808,-0.9378018062115088,-0.5310675960854755,0.1555618822384598,0.1072124328108408,2.2119365552471064e-15,17.487037648106664,6
266,0.05,8,144,1,1,1007,broad_xyz,21.99112410904393,False,0.4491305930167342,0.6717295771406951,-0.1675414028657439,-0.4981526456610543,-0.3562041637230457,0.062108758850723,0.0016020656112685,0.0005120407921407,2.2119365552471064e-15,17.487037648106664,7
267,0.075,8,144,1,1,1007,broad_xyz,21.99112410904393,False,0.704435991316641,0.7785531691246381,0.1184958032265232,-0.409576175544648,-0.3544504326215842,-0.0490931929269845,0.0038911032752104,0.0016067977950379,2.2119365552471064e-15,17.487037648106664,7
268,0.1,8,144,1,1,1007,broad_xyz,21.99112410904393,False,0.8570537885859754,0.8316607403052523,0.3675177794534223,-0.3456804101096483,-0.4373700522926224,-0.1144483609446522,0.0087404651196042,0.0041246946212977,2.2119365552471064e-15,17.487037648106664,7
269,0.125,8,144,1,1,1007,broad_xyz,21.99112410904393,False,0.9231642768556088,0.8619386059852178,0.5222957577387819,-0.3641627266511157,-0.6073326280632514,-0.1121517316301469,0.0180397609837142,0.008800907374278,2.2119365552471064e-15,17.487037648106664,7
270,0.15,8,144,1,1,1007,broad_xyz,21.99112410904393,False,0.9435542222463468,0.8798801825415378,0.6216165882180096,-0.4342029650062968,-0.6795748644591062,-0.0786566922041182,0.0320299541927108,0.0161597086626736,2.2119365552471064e-15,17.487037648106664,7
271,0.1625,8,144,1,1,1007,broad_xyz,21.99112410904393,False,0.9442828636988572,0.8838866469524558,0.6608558551098646,-0.4773869229495138,-0.6419418245343504,-0.060624686855836,0.0412716882635074,0.0209741442918557,2.2119365552471064e-15,17.487037648106664,7
272,0.175,8,144,1,1,1007,broad_xyz,21.99112410904393,False,0.9423626797263708,0.8874512163952206,0.6942431015289967,-0.5260875343586314,-0.5712394285730257,-0.0447230355333779,0.0519367377115671,0.0267059528128424,2.2119365552471064e-15,17.487037648106664,7
273,0.1875,8,144,1,1,1007,broad_xyz,21.99112410904393,False,0.9398827991440024,0.8917878463438955,0.7242242915225258,-0.5796517758927597,-0.4523576115372322,-0.0330821577632473,0.0641749767908611,0.0333244913032045,2.2119365552471064e-15,17.487037648106664,7
274,0.2,8,144,1,1,1007,broad_xyz,21.99112410904393,False,0.9368640558089892,0.8972156187540646,0.7511042134622044,-0.6374574079945495,-0.2931036371357708,-0.0248087044816637,0.0774869332493412,0.0407278530447657,2.2119365552471064e-15,17.487037648106664,7
275,0.2125,8,144,1,1,1007,broad_xyz,21.99112410904393,False,0.935531646655536,0.9051802424231308,0.775771777703935,-0.6992295506368068,-0.1145925187120715,-0.0182804144027086,0.0909257569618205,0.0487528665136996,2.2119365552471064e-15,17.487037648106664,7
276,0.225,8,144,1,1,1007,broad_xyz,21.99112410904393,False,0.9365172219769708,0.9142080290737606,0.799006566705727,-0.7616133074957178,0.0461463279916024,-0.0123277400912583,0.1032864652429966,0.0572261102868654,2.2119365552471064e-15,17.487037648106664,7
277,0.2375,8,144,1,1,1007,broad_xyz,21.99112410904393,False,0.9396997890456328,0.9231130202934628,0.8219331978568848,-0.8194866611222691,0.1650089972394458,-0.0109998356391235,0.114109166164488,0.0661901141517308,2.2119365552471064e-15,17.487037648106664,7
278,0.25,8,144,1,1,1007,broad_xyz,21.99112410904393,False,0.9457523445619798,0.9295597171062884,0.8442851696168793,-0.8687665458427132,0.2304941600976748,-0.0201681137775648,0.1230483640810228,0.0758108452173645,2.2119365552471064e-15,17.487037648106664,7
279,0.27,8,144,1,1,1007,broad_xyz,21.99112410904393,False,0.946275418130928,0.9270690518123256,0.8637436216429454,-0.9160140346070657,0.2485011955318088,-0.0558729565238017,0.1331645976050282,0.0916996162982216,2.2119365552471064e-15,17.487037648106664,7
280,0.29,8,144,1,1,1007,broad_xyz,21.99112410904393,False,0.9360354429566352,0.914735510509114,0.8771650608424456,-0.9124858786877216,0.2163081042787124,-0.1155661265708335,0.1441592770967759,0.1061018386776163,2.2119365552471064e-15,17.487037648106664,7
281,0.31,8,144,1,1,1007,broad_xyz,21.99112410904393,False,0.918957642779122,0.9197412176665268,0.8871841941528315,-0.9177187387539588,0.2216773272125651,-0.1160448266054811,0.1554378453411991,0.1149128572370374,2.2119365552471064e-15,17.487037648106664,7
282,0.33,8,144,1,1,1007,broad_xyz,21.99112410904393,False,0.9061843225395714,0.9403181052404352,0.9108649006900772,-0.939765763336362,0.2370224537738691,-0.0512851796220434,0.1596956548015314,0.1175268565822973,2.2119365552471064e-15,17.487037648106664,7
283,0.35,8,144,1,1,1007,broad_xyz,21.99112410904393,False,0.9065921573200344,0.9610066757276988,0.9516736375672052,-0.953368148848282,0.1788764822355671,0.0148876312011214,0.1639629353788968,0.1172061180090495,2.2119365552471064e-15,17.487037648106664,7
284,0.37,8,144,1,1,1007,broad_xyz,21.99112410904393,False,0.9014169289683236,0.9697691415355376,0.976723197442501,-0.9606521010216036,0.0663237591837373,0.081624709210094,0.1685923969797165,0.1153287170948662,2.2119365552471064e-15,17.487037648106664,7
285,0.39,8,144,1,1,1007,broad_xyz,21.99112410904393,False,0.8931228099228481,0.9709644955123722,0.9866105971906678,-0.9609240357811786,-0.0948756869441657,0.1275001120191324,0.1720741013224184,0.1134222752408114,2.2119365552471064e-15,17.487037648106664,7
286,0.41,8,144,1,1,1007,broad_xyz,21.99112410904393,False,0.8829525641151361,0.9688711025983966,0.9885424876579249,-0.9574228510928936,-0.3009987624571466,0.1568657488788878,0.1727208604029156,0.1122035881539231,2.2119365552471064e-15,17.487037648106664,7
287,0.43,8,144,1,1,1007,broad_xyz,21.99112410904393,False,0.8684858314848499,0.96335129231776,0.986448460745472,-0.952157603217315,-0.518761095884049,0.1705032857854035,0.171496975092719,0.1115937689989442,2.2119365552471064e-15,17.487037648106664,7
288,0.45,8,144,1,1,1007,broad_xyz,21.99112410904393,False,0.849944495099193,0.954879574089637,0.9836390940400108,-0.9493889737304044,-0.6221799700053181,0.170667095352603,0.168131564766342,0.1114022644262781,2.2119365552471064e-15,17.487037648106664,7
289,0.5,8,144,1,1,1007,broad_xyz,21.99112410904393,False,0.7969137389235782,0.9212115541879504,0.9808162076917206,-0.9555796248298388,-0.3966051818754467,0.0635781333706941,0.1609853189968843,0.1131505315612128,2.2119365552471064e-15,17.487037648106664,7
290,0.55,8,144,1,1,1007,broad_xyz,21.99112410904393,False,0.713604633964451,0.8109590187372169,0.9517025923342955,-0.9386136622975846,-0.3054356313710832,-0.1703517009978062,0.1633486203579662,0.1238839368922538,2.2119365552471064e-15,17.487037648106664,7
291,0.6,8,144,1,1,1007,broad_xyz,21.99112410904393,False,0.6412027703734055,0.6489983761168328,0.908688426369678,-0.8483683772393817,-0.4037193176882749,-0.3621883229767424,0.1679889454216431,0.1346029714786379,2.2119365552471064e-15,17.487037648106664,7
292,0.6499999999999999,8,144,1,1,1007,broad_xyz,21.99112410904393,False,0.7282846887016731,0.7590355385302192,0.925014857290914,-0.8966049887563107,-0.7155073217557586,-0.3725885907549895,0.1709165753546991,0.1286447204313946,2.2119365552471064e-15,17.487037648106664,7
293,0.7,8,144,1,1,1007,broad_xyz,21.99112410904393,False,0.7591983247924742,0.8097726325618627,0.9374889216994116,-0.9074856177777088,-0.8869590477866572,-0.4119663921555528,0.1553628564495941,0.1210013521671275,2.2119365552471064e-15,17.487037648106664,7
294,0.725,8,144,1,1,1007,broad_xyz,21.99112410904393,False,0.7493394214142408,0.8091746449388333,0.9449539892408118,-0.8954963589537367,-0.9108544374863944,-0.433878139433177,0.1584267603634781,0.1181390041005695,2.2119365552471064e-15,17.487037648106664,7
295,0.75,8,144,1,1,1007,broad_xyz,21.99112410904393,False,0.7349613248447918,0.8128076070775438,0.9513031678678228,-0.8697926445485823,-0.9220455724472038,-0.4504684361464685,0.158307143289194,0.1151333737779608,2.2119365552471064e-15,17.487037648106664,7
296,0.775,8,144,1,1,1007,broad_xyz,21.99112410904393,False,0.7218364012718386,0.8256141006456835,0.9540657671242918,-0.8240083845921468,-0.9260848610419408,-0.4598300548650832,0.1542356766158455,0.1117487256230095,2.2119365552471064e-15,17.487037648106664,7
297,0.8,8,144,1,1,1007,broad_xyz,21.99112410904393,False,0.7152458241248704,0.8441849733208177,0.9507073517072446,-0.7149651613143614,-0.9240277642745452,-0.4646088608890583,0.1534321189748705,0.1082295325857756,2.2119365552471064e-15,17.487037648106664,7
298,0.825,8,144,1,1,1007,broad_xyz,21.99112410904393,False,0.7181346766463609,0.8654271519055514,0.9442865650349872,-0.4838620133336881,-0.9222798990605184,-0.4641504582804168,0.1559627055297625,0.1046386576636822,2.2119365552471064e-15,17.487037648106664,7
299,0.85,8,144,1,1,1007,broad_xyz,21.99112410904393,False,0.7241651363726458,0.8834148029558533,0.940154995798943,-0.2688161057244275,-0.9274460228185042,-0.451507575971888,0.157433209638145,0.100790183270251,2.2119365552471064e-15,17.487037648106664,7
300,0.875,8,144,1,1,1007,broad_xyz,21.99112410904393,False,0.724623353214274,0.8902310703464437,0.9401611618100664,-0.225193641398385,-0.929963092932792,-0.4347608041410785,0.1571542957214094,0.0976302778467558,2.2119365552471064e-15,17.487037648106664,7
301,0.9,8,144,1,1,1007,broad_xyz,21.99112410904393,False,0.721347891604349,0.8855294350777136,0.9400202924822868,-0.296367637984214,-0.9054436217686628,-0.4303409519347272,0.1561353078174158,0.0969484188617353,2.2119365552471064e-15,17.487037648106664,7
302,0.95,8,144,1,1,1007,broad_xyz,21.99112410904393,False,0.7148385074877843,0.8557038419732359,0.9434177164802626,-0.5606944214789233,-0.9402183066035268,-0.4357578765053654,0.1555132302480684,0.1026504270522631,2.2119365552471064e-15,17.487037648106664,7
303,1.0,8,144,1,1,1007,broad_xyz,21.99112410904393,False,0.6927244588184122,0.8197365688605606,0.9445074587426838,-0.808327533153348,-0.9384879516128464,-0.4725228046839914,0.1531682629533038,0.1120220719530401,2.2119365552471064e-15,17.487037648106664,7
304,0.05,8,144,1,1,1008,broad_xyz,21.99112410904393,False,0.6344685162741044,0.6741007138581229,-0.0092306171573186,-0.7785399619844108,-0.652327752160647,0.561218851813159,0.0029697096955611,0.0008954620487387,2.2119365552471064e-15,17.487037648106664,8
305,0.075,8,144,1,1,1008,broad_xyz,21.99112410904393,False,0.766991152301771,0.7168324888600699,0.25869024134488,-0.8058565554310512,-0.7806493481596799,0.5306800626336899,0.0079498759042463,0.0024659106913067,2.2119365552471064e-15,17.487037648106664,8
306,0.1,8,144,1,1,1008,broad_xyz,21.99112410904393,False,0.8654464076456625,0.758715121409406,0.4585944907030824,-0.8413181484663248,-0.8254152304952572,0.4678017505569811,0.0167272412102078,0.0055502609801281,2.2119365552471064e-15,17.487037648106664,8
307,0.125,8,144,1,1,1008,broad_xyz,21.99112410904393,False,0.9137086934147352,0.8000033501756759,0.5764173472515756,-0.8769320933083923,-0.8346772428261926,0.409463329791202,0.0298062439892767,0.0110243036636615,2.2119365552471064e-15,17.487037648106664,8
308,0.15,8,144,1,1,1008,broad_xyz,21.99112410904393,False,0.9309457599745744,0.8436938270752966,0.6573857401465762,-0.9042795155995969,-0.8587565915291697,0.3832735609640127,0.0473868107111433,0.0194514349683497,2.2119365552471064e-15,17.487037648106664,8
309,0.1625,8,144,1,1,1008,broad_xyz,21.99112410904393,False,0.934756955399654,0.8641712770742128,0.6927876166595038,-0.9154710514188718,-0.8810566890418188,0.3873443864488878,0.057095957529195,0.0247546176481529,2.2119365552471064e-15,17.487037648106664,8
310,0.175,8,144,1,1,1008,broad_xyz,21.99112410904393,False,0.9355831237749792,0.8835429630407821,0.7255339210026815,-0.924853566593874,-0.8990718627426907,0.3991013198337038,0.0670845530512202,0.0306862450889074,2.2119365552471064e-15,17.487037648106664,8
311,0.1875,8,144,1,1,1008,broad_xyz,21.99112410904393,False,0.9329035730348406,0.8985886473096873,0.7544626227531539,-0.930894861665017,-0.9123554120791394,0.4136588772250144,0.0772718667932594,0.0370424166550657,2.2119365552471064e-15,17.487037648106664,8
312,0.2,8,144,1,1,1008,broad_xyz,21.99112410904393,False,0.9282359362428834,0.9083154355848668,0.7790426645853142,-0.9351128279721412,-0.9224103688527524,0.428497576184114,0.0871719495080831,0.0435992919002384,2.2119365552471064e-15,17.487037648106664,8
313,0.2125,8,144,1,1,1008,broad_xyz,21.99112410904393,False,0.9204911643155328,0.914245339775982,0.799213235744645,-0.9386300446616134,-0.9268824088348024,0.4395457871345156,0.0966549578151523,0.0503086152422623,2.2119365552471064e-15,17.487037648106664,8
314,0.225,8,144,1,1,1008,broad_xyz,21.99112410904393,False,0.9111605795017916,0.917309505968973,0.8165128637395003,-0.941692520966206,-0.9272229914673332,0.4478567854004323,0.105473688777616,0.0571003058608456,2.2119365552471064e-15,17.487037648106664,8
315,0.2375,8,144,1,1,1008,broad_xyz,21.99112410904393,False,0.9006225120185033,0.9169125389888468,0.8311330286458473,-0.946315026760366,-0.9246061858649836,0.452004157135602,0.1133800670202241,0.0641419856076572,2.2119365552471064e-15,17.487037648106664,8
316,0.25,8,144,1,1,1008,broad_xyz,21.99112410904393,False,0.8873278990393314,0.9128480711653784,0.8413254025133171,-0.9528257704191904,-0.9172679409403506,0.4514729853007696,0.1207426279316058,0.0715501303966641,2.2119365552471064e-15,17.487037648106664,8
317,0.27,8,144,1,1,1008,broad_xyz,21.99112410904393,False,0.8590336707994854,0.9019299342126252,0.8519863789317355,-0.9631886762893804,-0.904982453992985,0.4533968079780248,0.1306494421234311,0.0835593666717539,2.2119365552471064e-15,17.487037648106664,8
318,0.29,8,144,1,1,1008,broad_xyz,21.99112410904393,False,0.8259148665362396,0.8905207624986485,0.8625650593515755,-0.96893262376579,-0.9008322375286458,0.4626565847966929,0.1376009561627983,0.0946484234343884,2.2119365552471064e-15,17.487037648106664,8
319,0.31,8,144,1,1,1008,broad_xyz,21.99112410904393,False,0.8069504629331903,0.8961933199511116,0.8872850754298172,-0.9664037025327704,-0.8947616033331989,0.4740593253525391,0.1430891578731838,0.1022529453941947,2.2119365552471064e-15,17.487037648106664,8
320,0.33,8,144,1,1,1008,broad_xyz,21.99112410904393,False,0.809057360639678,0.9139731430567524,0.9197381048491348,-0.9626603673474184,-0.8707896616682617,0.4715967433269655,0.1464006488832406,0.1055418782642718,2.2119365552471064e-15,17.487037648106664,8
321,0.35,8,144,1,1,1008,broad_xyz,21.99112410904393,False,0.8213724341889708,0.9302607166285576,0.9492095821805188,-0.9635807161196932,-0.8538889888404428,0.4552386483561408,0.1507477672312421,0.1057668176169849,2.2119365552471064e-15,17.487037648106664,8
322,0.37,8,144,1,1,1008,broad_xyz,21.99112410904393,False,0.8374892869311474,0.9426507903056256,0.9691825975336656,-0.9689685552219932,-0.85918295200855,0.4310771273751296,0.1525971079753042,0.1047763246008571,2.2119365552471064e-15,17.487037648106664,8
323,0.39,8,144,1,1,1008,broad_xyz,21.99112410904393,False,0.8536448897944677,0.9512960210609815,0.9786530783880996,-0.9707398233865248,-0.8850500935555061,0.4053558874768742,0.1528382081584513,0.1036345152082258,2.2119365552471064e-15,17.487037648106664,8
324,0.41,8,144,1,1,1008,broad_xyz,21.99112410904393,False,0.8653633990841235,0.9558424863793968,0.979515128345352,-0.96717437897257,-0.9076904034613584,0.371978739305588,0.1522804267878927,0.1026203373872237,2.2119365552471064e-15,17.487037648106664,8
325,0.43,8,144,1,1,1008,broad_xyz,21.99112410904393,False,0.8759408869596761,0.9586584943171328,0.978305232264104,-0.9650466496789868,-0.9229525402419332,0.3261191369096046,0.1510189331669477,0.1023593284754405,2.2119365552471064e-15,17.487037648106664,8
326,0.45,8,144,1,1,1008,broad_xyz,21.99112410904393,False,0.8856403409014084,0.9589032268746456,0.977227142035201,-0.9654511779900652,-0.930153156633361,0.2649919548387561,0.1522624881927865,0.1029784765474538,2.2119365552471064e-15,17.487037648106664,8
327,0.5,8,144,1,1,1008,broad_xyz,21.99112410904393,False,0.8829563765831889,0.9323468047893724,0.962593549771977,-0.9611333209383918,-0.930077624495092,0.0796486502987941,0.1564521580801146,0.1071594918948602,2.2119365552471064e-15,17.487037648106664,8
328,0.55,8,144,1,1,1008,broad_xyz,21.99112410904393,False,0.8359433646204117,0.8688401785738166,0.9274652102608352,-0.9389524962550896,-0.8962821969699875,-0.066996202296458,0.1640183563604491,0.1154084874956424,2.2119365552471064e-15,17.487037648106664,8
329,0.6,8,144,1,1,1008,broad_xyz,21.99112410904393,False,0.7776170091953319,0.7776258900769984,0.9089965706162196,-0.8885553836975899,-0.8742319428329884,-0.2119523709497819,0.1660281818488462,0.1220390335549796,2.2119365552471064e-15,17.487037648106664,8
330,0.6499999999999999,8,144,1,1,1008,broad_xyz,21.99112410904393,False,0.7536561134132156,0.7786865114984433,0.9325232930936664,-0.8838427840944585,-0.9104973703610246,-0.3387727149126744,0.1653967478031526,0.1205628305667229,2.2119365552471064e-15,17.487037648106664,8
331,0.7,8,144,1,1,1008,broad_xyz,21.99112410904393,False,0.7414220633229999,0.8020379103556882,0.9463059453868709,-0.8867479836502616,-0.920797159109358,-0.4626849784264937,0.1658396326398926,0.1184364478475088,2.2119365552471064e-15,17.487037648106664,8
332,0.725,8,144,1,1,1008,broad_xyz,21.99112410904393,False,0.738702746190564,0.8135867956089999,0.947496935992874,-0.8827848696994776,-0.9186225225483424,-0.5045580508102879,0.1662560342117275,0.118046612917698,2.2119365552471064e-15,17.487037648106664,8
333,0.75,8,144,1,1,1008,broad_xyz,21.99112410904393,False,0.7485470380236366,0.8318737317393665,0.9494501044095264,-0.8756981958754984,-0.922710818797126,-0.5293178021248914,0.1643402053395011,0.1172327330804638,2.2119365552471064e-15,17.487037648106664,8
334,0.775,8,144,1,1,1008,broad_xyz,21.99112410904393,False,0.7684107161726491,0.85458490568933,0.9499009985794056,-0.8549624468216555,-0.928627079090692,-0.5432533413181826,0.1618619568435486,0.1157003634400499,2.2119365552471064e-15,17.487037648106664,8
335,0.8,8,144,1,1,1008,broad_xyz,21.99112410904393,False,0.7933205128145989,0.8772130508154187,0.9469588985746088,-0.7894478371338735,-0.9339239485813192,-0.548659667107079,0.165627477803729,0.1134749647333777,2.2119365552471064e-15,17.487037648106664,8
336,0.825,8,144,1,1,1008,broad_xyz,21.99112410904393,False,0.8132975020528955,0.8944854475477634,0.941225119225326,-0.6258507259794677,-0.9378145601318422,-0.5463139070467492,0.1673130215017599,0.1107779153804594,2.2119365552471064e-15,17.487037648106664,8
337,0.85,8,144,1,1,1008,broad_xyz,21.99112410904393,False,0.8246356412206787,0.9037332363471036,0.936513185280692,-0.3980419762398874,-0.9409723074480588,-0.5346543511025523,0.165516696127304,0.1078925642824647,2.2119365552471064e-15,17.487037648106664,8
338,0.875,8,144,1,1,1008,broad_xyz,21.99112410904393,False,0.8310532797585009,0.9063105247739958,0.9348042258955452,-0.2510240961780618,-0.9342476552183508,-0.5272341584152171,0.1603078651507137,0.105493628396822,2.2119365552471064e-15,17.487037648106664,8
339,0.9,8,144,1,1,1008,broad_xyz,21.99112410904393,False,0.837808625633936,0.9047220950565628,0.9349117361847772,-0.2008717534485039,-0.9002328691060473,-0.5284175912831454,0.1538205882960615,0.1043464513562578,2.2119365552471064e-15,17.487037648106664,8
340,0.95,8,144,1,1,1008,broad_xyz,21.99112410904393,False,0.8419973307684894,0.8858488014670316,0.9417852208510196,-0.2270742428443934,-0.9390671065727174,-0.5287712904644448,0.1517922496864678,0.1063539945860258,2.2119365552471064e-15,17.487037648106664,8
341,1.0,8,144,1,1,1008,broad_xyz,21.99112410904393,False,0.7717654008541216,0.812399764003076,0.9424155648973396,-0.6420451531902481,-0.9397166275800736,-0.5318934293706409,0.1489995410174478,0.1110320196547749,2.2119365552471064e-15,17.487037648106664,8
342,0.05,8,144,1,1,1009,broad_xyz,21.99112410904393,False,-0.0488649325393091,0.3651821270434988,-0.5835212680594729,-0.6602249606268659,-0.5032047610998862,0.0991427569567976,0.0023139485571856,0.0004056400389564,2.2119365552471064e-15,17.487037648106664,9
343,0.075,8,144,1,1,1009,broad_xyz,21.99112410904393,False,0.0398837916014308,0.3644150041978674,-0.5747716022796499,-0.687403876319072,-0.539282935578591,0.1458492716546549,0.0059750236058597,0.0010751372645158,2.2119365552471064e-15,17.487037648106664,9
344,0.1,8,144,1,1,1009,broad_xyz,21.99112410904393,False,0.1542960591232499,0.3848414004357446,-0.5339385458749677,-0.7185338463864767,-0.5939503285214867,0.1834949793018225,0.0120177649816775,0.0023227964231014,2.2119365552471064e-15,17.487037648106664,9
345,0.125,8,144,1,1,1009,broad_xyz,21.99112410904393,False,0.2765572112320733,0.4418364725797542,-0.4436773362746844,-0.7540228358846438,-0.6450730701899713,0.2158703534819403,0.0211267720694188,0.0046133948564758,2.2119365552471064e-15,17.487037648106664,9
346,0.15,8,144,1,1,1009,broad_xyz,21.99112410904393,False,0.3993418939510008,0.5292546157600687,-0.303780061016681,-0.7830302029125298,-0.6696163876491638,0.2559812889210761,0.0334279407985974,0.0087214308001838,2.2119365552471064e-15,17.487037648106664,9
347,0.1625,8,144,1,1,1009,broad_xyz,21.99112410904393,False,0.4712156437392938,0.5842714887644956,-0.2115524184302473,-0.7912339561993539,-0.6784278614986476,0.2800760326048747,0.0405152673809367,0.0118328889312081,2.2119365552471064e-15,17.487037648106664,9
348,0.175,8,144,1,1,1009,broad_xyz,21.99112410904393,False,0.5460123848319449,0.6416332230400121,-0.1095709640095349,-0.7949600824768929,-0.6764711738882826,0.3087857623519048,0.0485715139786798,0.0158343804064952,2.2119365552471064e-15,17.487037648106664,9
349,0.1875,8,144,1,1,1009,broad_xyz,21.99112410904393,False,0.6170480514967344,0.6991081509441109,-0.0036344652172614,-0.7963679570029758,-0.6639382261879506,0.3386950618891849,0.0570011157586849,0.0207902998080416,2.2119365552471064e-15,17.487037648106664,9
350,0.2,8,144,1,1,1009,broad_xyz,21.99112410904393,False,0.6863035275259128,0.7578077369833524,0.1054796427965577,-0.7972622463097028,-0.6384721016182612,0.3656605658692208,0.065628074731733,0.0268043908593739,2.2119365552471064e-15,17.487037648106664,9
351,0.2125,8,144,1,1,1009,broad_xyz,21.99112410904393,False,0.745819745848597,0.8103190355267201,0.2088556464099822,-0.8011849894558671,-0.5979186395465856,0.3903846295419179,0.0748831702401263,0.0336584800761738,2.2119365552471064e-15,17.487037648106664,9
352,0.225,8,144,1,1,1009,broad_xyz,21.99112410904393,False,0.7937094880739273,0.854475280499519,0.3069458504508805,-0.8091552534441614,-0.5419553554780249,0.4129282217993087,0.0839851261488793,0.041160919583098,2.2119365552471064e-15,17.487037648106664,9
353,0.2375,8,144,1,1,1009,broad_xyz,21.99112410904393,False,0.8307884691349278,0.89004521811414,0.4008835984667633,-0.8219887162521199,-0.4891318306838768,0.4324440794062302,0.0925061160479565,0.049210068209224,2.2119365552471064e-15,17.487037648106664,9
354,0.25,8,144,1,1,1009,broad_xyz,21.99112410904393,False,0.8583160883194495,0.9184871662060596,0.4930257329336271,-0.8382124168205544,-0.4356034638614818,0.4480795189109324,0.1011576943852905,0.0576603440234088,2.2119365552471064e-15,17.487037648106664,9
355,0.27,8,144,1,1,1009,broad_xyz,21.99112410904393,False,0.887594278669748,0.9488022211484988,0.6374405376467439,-0.8653198266441015,-0.4024884470410803,0.4591060568203784,0.115526182055131,0.0719746127422755,2.2119365552471064e-15,17.487037648106664,9
356,0.29,8,144,1,1,1009,broad_xyz,21.99112410904393,False,0.903829729352189,0.962965751141008,0.7670033883902887,-0.8834223062099885,-0.454669428959796,0.4477743372800435,0.1284568251111859,0.0861400741582099,2.2119365552471064e-15,17.487037648106664,9
357,0.31,8,144,1,1,1009,broad_xyz,21.99112410904393,False,0.9107472735314882,0.9664284782934862,0.852267390714297,-0.9010921608898088,-0.5332569207911486,0.4014389945058366,0.1408031757375455,0.0970875818708284,2.2119365552471064e-15,17.487037648106664,9
358,0.33,8,144,1,1,1009,broad_xyz,21.99112410904393,False,0.9088231601164728,0.9656733108590352,0.8856384414967892,-0.931437931600394,-0.5894188748933621,0.3013625214914756,0.1541898265542082,0.1030164237252015,2.2119365552471064e-15,17.487037648106664,9
359,0.35,8,144,1,1,1009,broad_xyz,21.99112410904393,False,0.8996598495548581,0.9630676864583576,0.9024912383280326,-0.9534406561852152,-0.6350309361204205,0.153012610157015,0.1639776719435071,0.1052914650915787,2.2119365552471064e-15,17.487037648106664,9
360,0.37,8,144,1,1,1009,broad_xyz,21.99112410904393,False,0.8842289539233426,0.9575753452872676,0.9139581162356996,-0.9597862569338867,-0.6762130971371021,-0.0103073441860528,0.169824642377333,0.1058793046536235,2.2119365552471064e-15,17.487037648106664,9
361,0.39,8,144,1,1,1009,broad_xyz,21.99112410904393,False,0.8595833409252135,0.9467244735463392,0.9185119452563032,-0.95170226849239,-0.7148190438186071,-0.1251800829944669,0.1713886836377682,0.1052350259951193,2.2119365552471064e-15,17.487037648106664,9
362,0.41,8,144,1,1,1009,broad_xyz,21.99112410904393,False,0.8313412941236294,0.934503738507128,0.9202228686071894,-0.9387447914596186,-0.7567949976462561,-0.1793376476023146,0.1693269548623457,0.1044882544935634,2.2119365552471064e-15,17.487037648106664,9
363,0.43,8,144,1,1,1009,broad_xyz,21.99112410904393,False,0.8027479889459371,0.9228896943988052,0.9213274382135636,-0.9270634766332296,-0.8090707927546076,-0.1991925498264336,0.1651508145754089,0.1041326520778261,2.2119365552471064e-15,17.487037648106664,9
364,0.45,8,144,1,1,1009,broad_xyz,21.99112410904393,False,0.7769389481368382,0.912037346898482,0.9218219763225742,-0.9208231629862342,-0.8393171933296026,-0.1999900455964059,0.1663553644669987,0.1043519701274489,2.2119365552471064e-15,17.487037648106664,9
365,0.5,8,144,1,1,1009,broad_xyz,21.99112410904393,False,0.7541706954185725,0.8989319604266396,0.9253056568643704,-0.9439445068684672,-0.8190485443182611,-0.1736308415463528,0.1727847946634808,0.1080536620904884,2.2119365552471064e-15,17.487037648106664,9
366,0.55,8,144,1,1,1009,broad_xyz,21.99112410904393,False,0.7608645366113901,0.8884626915898812,0.9183489574850217,-0.9569766170313028,-0.8229593302396917,-0.118870813702018,0.1698895864502183,0.1161041485172703,2.2119365552471064e-15,17.487037648106664,9
367,0.6,8,144,1,1,1009,broad_xyz,21.99112410904393,False,0.7094614243719043,0.8368415199569145,0.9187624618615778,-0.94114896703771,-0.8576676528819486,-0.1451362448277229,0.1636518508868306,0.1241717158122638,2.2119365552471064e-15,17.487037648106664,9
368,0.6499999999999999,8,144,1,1,1009,broad_xyz,21.99112410904393,False,0.6895191191611598,0.8367662247984577,0.9211142996877604,-0.931749484706688,-0.89000170141035,-0.2766848659534645,0.1632681117728807,0.1235722276763522,2.2119365552471064e-15,17.487037648106664,9
369,0.7,8,144,1,1,1009,broad_xyz,21.99112410904393,False,0.7325931260731663,0.8697932319768559,0.9334522387704604,-0.9189463021791736,-0.9330613178411784,-0.3638268193187,0.169093296296467,0.1206741330307382,2.2119365552471064e-15,17.487037648106664,9
370,0.725,8,144,1,1,1009,broad_xyz,21.99112410904393,False,0.7607073982437951,0.880826474995077,0.9443035161060556,-0.916555138479347,-0.9478630491671006,-0.3798698331616206,0.16441851614406,0.1192190908142066,2.2119365552471064e-15,17.487037648106664,9
371,0.75,8,144,1,1,1009,broad_xyz,21.99112410904393,False,0.7791953781480743,0.8920194879040376,0.9539306659091666,-0.9120518282510816,-0.9564244527595932,-0.385215330487885,0.159375928974527,0.1173322731290016,2.2119365552471064e-15,17.487037648106664,9
372,0.775,8,144,1,1,1009,broad_xyz,21.99112410904393,False,0.7914839838771904,0.9048096577220316,0.9606807434250544,-0.8992113503905163,-0.9584800048199628,-0.3860412169985972,0.1570368439440108,0.1152861929610398,2.2119365552471064e-15,17.487037648106664,9
373,0.8,8,144,1,1,1009,broad_xyz,21.99112410904393,False,0.8003570138141473,0.9162752838380964,0.9615118525068912,-0.8618007197080161,-0.952646561856957,-0.3871780539909257,0.1580922621104252,0.1133908678969825,2.2119365552471064e-15,17.487037648106664,9
374,0.825,8,144,1,1,1009,broad_xyz,21.99112410904393,False,0.8047298051078532,0.9240078699910927,0.9554653515443906,-0.7533868386913715,-0.9452203208122388,-0.38921718480371,0.166317781608664,0.111668821215554,2.2119365552471064e-15,17.487037648106664,9
375,0.85,8,144,1,1,1009,broad_xyz,21.99112410904393,False,0.808412106384774,0.9295337403141796,0.9478556095959856,-0.5333239904598336,-0.940784670393892,-0.3923642324482153,0.170326743890662,0.1100741307097304,2.2119365552471064e-15,17.487037648106664,9
376,0.875,8,144,1,1,1009,broad_xyz,21.99112410904393,False,0.8154522514048862,0.9334435804456744,0.9431957570744216,-0.3271781761215586,-0.9333919146573152,-0.3999931634435199,0.1646447453724464,0.1088085178976524,2.2119365552471064e-15,17.487037648106664,9
377,0.9,8,144,1,1,1009,broad_xyz,21.99112410904393,False,0.8242792628040047,0.9330677834914344,0.9411963557571116,-0.229534045079773,-0.8984556533967962,-0.4134668466623158,0.1560346787630213,0.1082036197843711,2.2119365552471064e-15,17.487037648106664,9
378,0.95,8,144,1,1,1009,broad_xyz,21.99112410904393,False,0.8403166860244738,0.9151046251371632,0.9420648312510383,-0.2937229816647593,-0.9400789891848784,-0.4550257005880333,0.1565319932066692,0.1098545547464381,2.2119365552471064e-15,17.487037648106664,9
379,1.0,8,144,1,1,1009,broad_xyz,21.99112410904393,False,0.8062194457667141,0.8641891150487309,0.9493099493701632,-0.7486247733410666,-0.9530330855348348,-0.4831642865152704,0.1532808802730272,0.1125207044928157,2.2119365552471064e-15,17.487037648106664,9
380,0.05,8,144,1,1,1010,broad_xyz,21.99112410904393,False,0.0189333838215873,0.3314869645553827,-0.4645165236283767,-0.501828930132598,-0.4848385377046798,-0.2268201977005627,0.0007369329777552,0.0001525500354861,2.2119365552471064e-15,17.487037648106664,0
381,0.075,8,144,1,1,1010,broad_xyz,21.99112410904393,False,0.0980409495606895,0.3435696302268042,-0.4452630604420294,-0.5010441576611481,-0.4676780254804399,-0.1061121032390865,0.0019610394990282,0.0004201461714346,2.2119365552471064e-15,17.487037648106664,0
382,0.1,8,144,1,1,1010,broad_xyz,21.99112410904393,False,0.1628113498258719,0.3390530331102203,-0.4089278021923521,-0.5015102014542856,-0.4471180238545532,0.0556198659315043,0.004642965646762,0.0009725743390517,2.2119365552471064e-15,17.487037648106664,0
383,0.125,8,144,1,1,1010,broad_xyz,21.99112410904393,False,0.2259288794078742,0.3650815076238821,-0.3330307025522316,-0.5034142945945762,-0.439264062785181,0.271363343065244,0.0085060329233865,0.0020654558713056,2.2119365552471064e-15,17.487037648106664,0
384,0.15,8,144,1,1,1010,broad_xyz,21.99112410904393,False,0.3273580508622357,0.4541418522735891,-0.1636239038737488,-0.4826946634656073,-0.4032776209555557,0.5446813558386671,0.018468561974823,0.0045583914839112,2.2119365552471064e-15,17.487037648106664,0
385,0.1625,8,144,1,1,1010,broad_xyz,21.99112410904393,False,0.3789705384179904,0.5023059939903244,-0.0638670516335365,-0.4710538166761414,-0.3772946635274631,0.644275459610667,0.0251633025564305,0.0067256252688441,2.2119365552471064e-15,17.487037648106664,0
386,0.175,8,144,1,1,1010,broad_xyz,21.99112410904393,False,0.4360730079784788,0.5505878500053669,0.0286165622380874,-0.4734953321959222,-0.340874539042944,0.7054931532121835,0.0348503707599465,0.0096985430721801,2.2119365552471064e-15,17.487037648106664,0
387,0.1875,8,144,1,1,1010,broad_xyz,21.99112410904393,False,0.4940646193597722,0.5965196025075481,0.1016840295114824,-0.4976123765534694,-0.2973094584046845,0.7368256504510152,0.0452964550203808,0.013534796357446,2.2119365552471064e-15,17.487037648106664,0
388,0.2,8,144,1,1,1010,broad_xyz,21.99112410904393,False,0.5450839648662218,0.6349536074765637,0.1610078808896072,-0.5332021115560204,-0.2475697983080333,0.7471743414659332,0.055737542904753,0.0181568278895588,2.2119365552471064e-15,17.487037648106664,0
389,0.2125,8,144,1,1,1010,broad_xyz,21.99112410904393,False,0.5895951360512486,0.6686328528506514,0.2091567907802494,-0.5755896169872825,-0.1998957009204731,0.7443902631901557,0.0663073775796877,0.0235632777849401,2.2119365552471064e-15,17.487037648106664,0
390,0.225,8,144,1,1,1010,broad_xyz,21.99112410904393,False,0.6268441880080771,0.6970154072146902,0.2490556652210333,-0.6177729043714552,-0.1568266469642054,0.7330067779210722,0.0778807693443446,0.0295942489537633,2.2119365552471064e-15,17.487037648106664,0
391,0.2375,8,144,1,1,1010,broad_xyz,21.99112410904393,False,0.6587999573393165,0.7224893688252503,0.2887916127233793,-0.6536159074767657,-0.1102554279997077,0.7181152091822808,0.0883479955933727,0.0360426114625103,2.2119365552471064e-15,17.487037648106664,0
392,0.25,8,144,1,1,1010,broad_xyz,21.99112410904393,False,0.6831956415223358,0.7440059516001587,0.329246320872128,-0.6862817072329532,-0.0580473011771627,0.7010997427364173,0.0975416599682074,0.0429053786570344,2.2119365552471064e-15,17.487037648106664,0
393,0.27,8,144,1,1,1010,broad_xyz,21.99112410904393,False,0.7143387957439001,0.77951478456694,0.4129919458351049,-0.7293661466236525,0.001116003895741,0.6716728375685308,0.1093746312999352,0.054517357322234,2.2119365552471064e-15,17.487037648106664,0
394,0.29,8,144,1,1,1010,broad_xyz,21.99112410904393,False,0.7362687259863192,0.8160566366824991,0.5352086616534839,-0.7391562311900963,-0.0312140158377828,0.6373937718666474,0.1175270709778324,0.0665087449432987,2.2119365552471064e-15,17.487037648106664,0
395,0.31,8,144,1,1,1010,broad_xyz,21.99112410904393,False,0.7470594407432497,0.8412631016666768,0.6274344634838055,-0.7275529921473107,-0.067630811801727,0.5825855726875889,0.1225381714806523,0.0765619185595797,2.2119365552471064e-15,17.487037648106664,0
396,0.33,8,144,1,1,1010,broad_xyz,21.99112410904393,False,0.7853742948100604,0.8843706347424267,0.6730488557078252,-0.7619425451304127,-0.0466800438563384,0.5328726530003182,0.1246425681708556,0.0822033365234774,2.2119365552471064e-15,17.487037648106664,0
397,0.35,8,144,1,1,1010,broad_xyz,21.99112410904393,False,0.8292636381054217,0.9229340054495516,0.7206036204197593,-0.7940805507761702,-0.0966977220655485,0.4973218479375622,0.132744326093977,0.0842673514820527,2.2119365552471064e-15,17.487037648106664,0
398,0.37,8,144,1,1,1010,broad_xyz,21.99112410904393,False,0.855210473136933,0.9431588095739684,0.7677027160405346,-0.8223573734287286,-0.2113557749293259,0.4707946373181623,0.1404860168480685,0.0845757858418058,2.2119365552471064e-15,17.487037648106664,0
399,0.39,8,144,1,1,1010,broad_xyz,21.99112410904393,False,0.861891138260916,0.9509762141771556,0.8037174590529865,-0.8422627287919161,-0.3375265071804552,0.4476134962628318,0.1447537208682457,0.0843684180705281,2.2119365552471064e-15,17.487037648106664,0
400,0.41,8,144,1,1,1010,broad_xyz,21.99112410904393,False,0.8535160191773633,0.950474044727976,0.8235930962197495,-0.84416150176542,-0.4433739713244752,0.4196480248526414,0.1459515313616629,0.0840240838470902,2.2119365552471064e-15,17.487037648106664,0
401,0.43,8,144,1,1,1010,broad_xyz,21.99112410904393,False,0.834778356350198,0.9437113966744504,0.8302576312200981,-0.8355868998375587,-0.5369149088379371,0.3768374887544318,0.1437545650566744,0.0839362237736335,2.2119365552471064e-15,17.487037648106664,0
402,0.45,8,144,1,1,1010,broad_xyz,21.99112410904393,False,0.8099607352610043,0.9325559406560388,0.8292215223033391,-0.8316921558884297,-0.6189547336525734,0.3155906319547283,0.1396870689969876,0.0843597396719521,2.2119365552471064e-15,17.487037648106664,0
403,0.5,8,144,1,1,1010,broad_xyz,21.99112410904393,False,0.7651379033467224,0.9004378539936465,0.8123155805952058,-0.8904061735086332,-0.6519165795527698,0.1253491150027208,0.1397812115677376,0.089264453496988,2.2119365552471064e-15,17.487037648106664,0
404,0.55,8,144,1,1,1010,broad_xyz,21.99112410904393,False,0.7486840811857017,0.8585353770675092,0.77287595455161,-0.896549608234305,-0.6264134573237999,-0.0461630432217658,0.1511462757888308,0.0993831391097637,2.2119365552471064e-15,17.487037648106664,0
405,0.6,8,144,1,1,1010,broad_xyz,21.99112410904393,False,0.6448144287789805,0.7668080672637535,0.7560961284319161,-0.8636511407224285,-0.6307412503498632,-0.1936153914663957,0.1562351563794954,0.1031130312585199,2.2119365552471064e-15,17.487037648106664,0
406,0.6499999999999999,8,144,1,1,1010,broad_xyz,21.99112410904393,False,0.575345605914436,0.754571383473441,0.7601019113447419,-0.8595908202238794,-0.6945833148030737,-0.2802180095605812,0.15481809831499,0.0970815220098702,2.2119365552471064e-15,17.487037648106664,0
407,0.7,8,144,1,1,1010,broad_xyz,21.99112410904393,False,0.6016548952509776,0.7925778421503731,0.7974863474628162,-0.8575738739927554,-0.7857145469399134,-0.3263821141612027,0.1551167141048197,0.0913937772050551,2.2119365552471064e-15,17.487037648106664,0
408,0.725,8,144,1,1,1010,broad_xyz,21.99112410904393,False,0.6307791256883782,0.8074955419419376,0.8146772573636086,-0.8487887270632256,-0.8170792306678158,-0.3512626098285611,0.153212567433364,0.0897087660957748,2.2119365552471064e-15,17.487037648106664,0
409,0.75,8,144,1,1,1010,broad_xyz,21.99112410904393,False,0.666467234870887,0.8245355576917,0.8350816565283898,-0.8287584044664268,-0.8405638093463784,-0.3866801308405242,0.1480507681510648,0.0886049687705733,2.2119365552471064e-15,17.487037648106664,0
410,0.775,8,144,1,1,1010,broad_xyz,21.99112410904393,False,0.7057183065867361,0.845802133970398,0.8615284533694177,-0.7976606935464426,-0.8580784409237093,-0.4238381379655401,0.1441126875898618,0.0881073933925508,2.2119365552471064e-15,17.487037648106664,0
411,0.8,8,144,1,1,1010,broad_xyz,21.99112410904393,False,0.747607310985084,0.8675855724641468,0.8869209184636502,-0.7472918020316406,-0.8696130573157959,-0.4555532174752031,0.1473839507281561,0.0880176801734602,2.2119365552471064e-15,17.487037648106664,0
412,0.825,8,144,1,1,1010,broad_xyz,21.99112410904393,False,0.7837846623874517,0.8816888478281072,0.9032090101561012,-0.6542215000636568,-0.8807773836461305,-0.4716150306145452,0.1502397929282869,0.0880080534317388,2.2119365552471064e-15,17.487037648106664,0
413,0.85,8,144,1,1,1010,broad_xyz,21.99112410904393,False,0.8028715670899069,0.8839866242462635,0.9106975200450936,-0.5016001943382283,-0.8947971424377927,-0.47604539787957,0.1509122638920563,0.0878996478755232,2.2119365552471064e-15,17.487037648106664,0
414,0.875,8,144,1,1,1010,broad_xyz,21.99112410904393,False,0.8014059621742052,0.8729520757818414,0.9129783470588756,-0.3403619635548655,-0.899991579284638,-0.4874262120585315,0.1496036831295011,0.0878651664040804,2.2119365552471064e-15,17.487037648106664,0
415,0.9,8,144,1,1,1010,broad_xyz,21.99112410904393,False,0.7852042374644416,0.8536824093564142,0.913003550350256,-0.2468414475420708,-0.8786950762715083,-0.5024809675343462,0.147442516700701,0.088087594275994,2.2119365552471064e-15,17.487037648106664,0
416,0.95,8,144,1,1,1010,broad_xyz,21.99112410904393,False,0.7474270318968201,0.8154567674870414,0.919635430403531,-0.292062838690965,-0.9278856529722698,-0.5161582496664353,0.1422176023669316,0.090099065035921,2.2119365552471064e-15,17.487037648106664,0
417,1.0,8,144,1,1,1010,broad_xyz,21.99112410904393,False,0.6943508211208732,0.7759721543932717,0.9202662819171308,-0.5940720728985618,-0.9292695691410804,-0.5127720629039367,0.1429909440620979,0.0934488052329258,2.2119365552471064e-15,17.487037648106664,0
418,0.05,8,144,1,1,1011,broad_xyz,21.99112410904393,False,-0.3342000580886886,0.3285403020436518,-0.6500483855404212,-0.626984209780759,-0.5787954305060385,0.0076867246902286,0.0021697114708822,0.0004212999460218,2.2119365552471064e-15,17.487037648106664,1
419,0.075,8,144,1,1,1011,broad_xyz,21.99112410904393,False,-0.1806507648898968,0.379524989880226,-0.6215566491388315,-0.6141542941834557,-0.490031016765537,0.1546981353363726,0.0044264921927837,0.0008751047726285,2.2119365552471064e-15,17.487037648106664,1
420,0.1,8,144,1,1,1011,broad_xyz,21.99112410904393,False,0.0583140972545645,0.448072927749353,-0.5341802064426767,-0.5810333031398176,-0.3885031836846193,0.351939459336938,0.0065727763375855,0.0014637945312135,2.2119365552471064e-15,17.487037648106664,1
421,0.125,8,144,1,1,1011,broad_xyz,21.99112410904393,False,0.3225834895385061,0.5159646805835003,-0.3912927531258317,-0.5338577167845655,-0.3933547527853363,0.552341937635522,0.0089701084988992,0.0024535178499582,2.2119365552471064e-15,17.487037648106664,1
422,0.15,8,144,1,1,1011,broad_xyz,21.99112410904393,False,0.4766114118885834,0.5617175239807942,-0.216934354074738,-0.4810623293948692,-0.5254666520753981,0.6634578147868357,0.0174714552954437,0.0045737024605481,2.2119365552471064e-15,17.487037648106664,1
423,0.1625,8,144,1,1,1011,broad_xyz,21.99112410904393,False,0.5151715590792098,0.583801169309109,-0.1412244886170024,-0.4713357671166311,-0.5967062791177519,0.679213875587521,0.0259586881406657,0.0063851498332831,2.2119365552471064e-15,17.487037648106664,1
424,0.175,8,144,1,1,1011,broad_xyz,21.99112410904393,False,0.5408662186926734,0.6091532943837323,-0.081236942741579,-0.4805574098188208,-0.6424852471996578,0.6791712278543195,0.0363511482030274,0.0088863073546539,2.2119365552471064e-15,17.487037648106664,1
425,0.1875,8,144,1,1,1011,broad_xyz,21.99112410904393,False,0.5634309101233131,0.6470843925003607,-0.0308730529308908,-0.5071871355535281,-0.660298385063233,0.6738199099126817,0.0481652440729476,0.0122351471413141,2.2119365552471064e-15,17.487037648106664,1
426,0.2,8,144,1,1,1011,broad_xyz,21.99112410904393,False,0.5869619985667173,0.6970260427366646,0.0086730087261071,-0.5501316145674824,-0.6550024120370543,0.6683327076993582,0.0600216656725205,0.0166796928933583,2.2119365552471064e-15,17.487037648106664,1
427,0.2125,8,144,1,1,1011,broad_xyz,21.99112410904393,False,0.6128922823599439,0.7416015358587033,0.0342105866009059,-0.5995018354336091,-0.6151776296293083,0.6578500512419964,0.0712240998950309,0.0219957796146248,2.2119365552471064e-15,17.487037648106664,1
428,0.225,8,144,1,1,1011,broad_xyz,21.99112410904393,False,0.6431450484920891,0.7802914791970572,0.0510417927180746,-0.6474964156428039,-0.5332428192993797,0.6451758984523446,0.0809773699453621,0.0279223553628375,2.2119365552471064e-15,17.487037648106664,1
429,0.2375,8,144,1,1,1011,broad_xyz,21.99112410904393,False,0.6794152652024781,0.8175845705145188,0.0712078851423349,-0.685863560714857,-0.4365603774376114,0.6296179334482602,0.0890412941077272,0.0343219187547166,2.2119365552471064e-15,17.487037648106664,1
430,0.25,8,144,1,1,1011,broad_xyz,21.99112410904393,False,0.7173255046796813,0.852154596337319,0.0996709936688972,-0.7134106387794676,-0.3538089136922276,0.6102550605241485,0.095570868062563,0.0410510556911864,2.2119365552471064e-15,17.487037648106664,1
431,0.27,8,144,1,1,1011,broad_xyz,21.99112410904393,False,0.7718839201356313,0.8957644096362816,0.165216657687928,-0.7442702885366071,-0.2624819964009783,0.5641713407709779,0.104125860665899,0.0521834262961708,2.2119365552471064e-15,17.487037648106664,1
432,0.29,8,144,1,1,1011,broad_xyz,21.99112410904393,False,0.8129500750531704,0.9248584022454656,0.2657727900036817,-0.7613435258337697,-0.2495108418258372,0.4842166482754504,0.1129555659711751,0.0633141247353716,2.2119365552471064e-15,17.487037648106664,1
433,0.31,8,144,1,1,1011,broad_xyz,21.99112410904393,False,0.8272771321410105,0.9321042060359124,0.375577936942691,-0.7728283486244472,-0.2723952942553605,0.3779401158470363,0.1223664663317842,0.0729966731083303,2.2119365552471064e-15,17.487037648106664,1
434,0.33,8,144,1,1,1011,broad_xyz,21.99112410904393,False,0.8162750090645273,0.922578363154458,0.4688331638917716,-0.7874831864836374,-0.2983712877642123,0.2676546271299685,0.1308384217776375,0.0795370911527709,2.2119365552471064e-15,17.487037648106664,1
435,0.35,8,144,1,1,1011,broad_xyz,21.99112410904393,False,0.7942461819690386,0.9098398355258192,0.5532704047030769,-0.8036737760552124,-0.3550350304469032,0.1702172688880258,0.1376200770626458,0.0828546409244838,2.2119365552471064e-15,17.487037648106664,1
436,0.37,8,144,1,1,1011,broad_xyz,21.99112410904393,False,0.7686894414687945,0.9002917888422076,0.6335986586721291,-0.8215891198486742,-0.439522246363825,0.1047779906669004,0.1427789291818896,0.0843370327550879,2.2119365552471064e-15,17.487037648106664,1
437,0.39,8,144,1,1,1011,broad_xyz,21.99112410904393,False,0.748699447967887,0.897978581732248,0.7066295816463766,-0.8353347389796112,-0.544945294588245,0.0712069802274892,0.1482897793555455,0.085284961186148,2.2119365552471064e-15,17.487037648106664,1
438,0.41,8,144,1,1,1011,broad_xyz,21.99112410904393,False,0.7392665913452873,0.9003664104288046,0.7613587347214602,-0.840089036553484,-0.6589291000035709,0.0511650537358718,0.1517847447922005,0.0860662948614754,2.2119365552471064e-15,17.487037648106664,1
439,0.43,8,144,1,1,1011,broad_xyz,21.99112410904393,False,0.7366121384605383,0.902375415028732,0.796881040634426,-0.8407373946359987,-0.7540824961978375,0.0261853507896089,0.1538643787880431,0.0869568775614883,2.2119365552471064e-15,17.487037648106664,1
440,0.45,8,144,1,1,1011,broad_xyz,21.99112410904393,False,0.7364413238392522,0.9018751709329528,0.8213426495030358,-0.8451580201119664,-0.8113265840250885,-0.0043550513187426,0.1545129817184981,0.0878883306448669,2.2119365552471064e-15,17.487037648106664,1
441,0.5,8,144,1,1,1011,broad_xyz,21.99112410904393,False,0.7445154312684045,0.8943559042066997,0.8475896326111007,-0.8928360579578515,-0.7739533809362547,-0.0650345922334203,0.1524539902012674,0.0908620901476991,2.2119365552471064e-15,17.487037648106664,1
442,0.55,8,144,1,1,1011,broad_xyz,21.99112410904393,False,0.7636555888437438,0.8790710407057477,0.79987392832801,-0.9055606870473444,-0.7473283327039129,-0.1271005228545997,0.1564797007183588,0.0961921118344014,2.2119365552471064e-15,17.487037648106664,1
443,0.6,8,144,1,1,1011,broad_xyz,21.99112410904393,False,0.7380240794262486,0.8548240390110456,0.7679013380241484,-0.8914531569373644,-0.7761209189037148,-0.2182090819451734,0.157280494139441,0.1019949036320167,2.2119365552471064e-15,17.487037648106664,1
444,0.6499999999999999,8,144,1,1,1011,broad_xyz,21.99112410904393,False,0.7169093422029302,0.8489835495742206,0.8045914661260302,-0.8845682470754889,-0.845280074910609,-0.344929665929509,0.160575362682987,0.1056174725515959,2.2119365552471064e-15,17.487037648106664,1
445,0.7,8,144,1,1,1011,broad_xyz,21.99112410904393,False,0.6780034978329446,0.8426736193045798,0.8567584658669296,-0.8852552565782356,-0.9201474362733943,-0.4227024566624199,0.172588879996931,0.105722791313035,2.2119365552471064e-15,17.487037648106664,1
446,0.725,8,144,1,1,1011,broad_xyz,21.99112410904393,False,0.6741441269823117,0.843692988985375,0.8800335338297396,-0.8830986243702905,-0.9308338488845592,-0.4449271844087963,0.168686150973648,0.1049760212966409,2.2119365552471064e-15,17.487037648106664,1
447,0.75,8,144,1,1,1011,broad_xyz,21.99112410904393,False,0.6799213928867751,0.8515483119643047,0.900878970365939,-0.8762111875386668,-0.9304455188132766,-0.4662154294353257,0.1599446788834434,0.104147698148619,2.2119365552471064e-15,17.487037648106664,1
448,0.775,8,144,1,1,1011,broad_xyz,21.99112410904393,False,0.6991378201825126,0.866000120985858,0.9176909363810192,-0.8667527186948323,-0.9277257081020904,-0.484521280697543,0.1532667189425853,0.103338376398067,2.2119365552471064e-15,17.487037648106664,1
449,0.8,8,144,1,1,1011,broad_xyz,21.99112410904393,False,0.7319370842708205,0.8841388810048615,0.9303277239200404,-0.8474986579109334,-0.9273796581832662,-0.4978058547900914,0.1557655295153204,0.1025153177996572,2.2119365552471064e-15,17.487037648106664,1
450,0.825,8,144,1,1,1011,broad_xyz,21.99112410904393,False,0.7637189803666439,0.8998218785830042,0.9356050902323272,-0.7864439283287232,-0.9286940244827012,-0.504167407685733,0.1607419707474283,0.1018650580266827,2.2119365552471064e-15,17.487037648106664,1
451,0.85,8,144,1,1,1011,broad_xyz,21.99112410904393,False,0.7846950005635633,0.908236681464304,0.9340760765943712,-0.6308531084201096,-0.9295010009606222,-0.5066037836397236,0.1628154561274091,0.1016682970471403,2.2119365552471064e-15,17.487037648106664,1
452,0.875,8,144,1,1,1011,broad_xyz,21.99112410904393,False,0.7978636902574396,0.9100028204469388,0.9309178260338572,-0.4151636339676653,-0.9230380300443048,-0.511191571197408,0.1613131152243083,0.1018224462428323,2.2119365552471064e-15,17.487037648106664,1
453,0.9,8,144,1,1,1011,broad_xyz,21.99112410904393,False,0.8038596846722605,0.9070245412934396,0.930488419868454,-0.260809999726711,-0.8964774842294002,-0.5179528082699579,0.1580828173615034,0.1019933917001021,2.2119365552471064e-15,17.487037648106664,1
454,0.95,8,144,1,1,1011,broad_xyz,21.99112410904393,False,0.8069513326532194,0.9001613951961318,0.9423994574978368,-0.2562907311765526,-0.9403250470979918,-0.5391796895872104,0.1546640903177621,0.1027403044250063,2.2119365552471064e-15,17.487037648106664,1
455,1.0,8,144,1,1,1011,broad_xyz,21.99112410904393,False,0.8092044934741545,0.8831722118229552,0.9535250550882076,-0.5807492022791642,-0.9493541077896668,-0.5422958754439637,0.1500715083672333,0.1037777999014714,2.2119365552471064e-15,17.487037648106664,1
456,0.05,8,144,1,1,1012,broad_xyz,21.99112410904393,False,0.4970500067679217,0.3732391118745686,-0.2191721750565415,-0.3150353152072263,-0.2974818363175336,-0.0306094451757674,0.0004212958108134,5.049371211732687e-05,2.2119365552471064e-15,17.487037648106664,2
457,0.075,8,144,1,1,1012,broad_xyz,21.99112410904393,False,0.4075993973646351,0.4667949761849073,0.0259553010492409,-0.1979768613458268,-0.1379634218979026,-0.0880133014385713,0.0014133535246766,0.00016709218903,2.2119365552471064e-15,17.487037648106664,2
458,0.1,8,144,1,1,1012,broad_xyz,21.99112410904393,False,-0.0196337934834609,0.3966699214797938,0.0469104158793842,-0.2078916745019171,-0.1536558466085253,-0.0236681149353092,0.0063338500077462,0.0006057428424786,2.2119365552471064e-15,17.487037648106664,2
459,0.125,8,144,1,1,1012,broad_xyz,21.99112410904393,False,-0.1079518229197088,0.3721674197985665,-0.112109427884029,-0.3698253913724509,-0.3923688952357148,0.1715686566729125,0.0173360234323266,0.0017667428690216,2.2119365552471064e-15,17.487037648106664,2
460,0.15,8,144,1,1,1012,broad_xyz,21.99112410904393,False,0.0094734311572319,0.3898251708980645,-0.2418385661089656,-0.509839908822297,-0.5344772840965303,0.3893498440501553,0.0297649467282976,0.0036463389691311,2.2119365552471064e-15,17.487037648106664,2
461,0.1625,8,144,1,1,1012,broad_xyz,21.99112410904393,False,0.107188631065511,0.4062962517620097,-0.2859075099512618,-0.5608095436813698,-0.5640819195980211,0.4797577778201345,0.0346547464017503,0.0046747214754412,2.2119365552471064e-15,17.487037648106664,2
462,0.175,8,144,1,1,1012,broad_xyz,21.99112410904393,False,0.2112507590701082,0.4333003660789342,-0.321677073716644,-0.6055044488831715,-0.565812703959119,0.5551212730188675,0.0377329161968634,0.0057179385099003,2.2119365552471064e-15,17.487037648106664,2
463,0.1875,8,144,1,1,1012,broad_xyz,21.99112410904393,False,0.311292698952627,0.4845097486016426,-0.3364669469665664,-0.642533786871609,-0.5431495052521133,0.6078502570474732,0.0388535419547758,0.0068870393620758,2.2119365552471064e-15,17.487037648106664,2
464,0.2,8,144,1,1,1012,broad_xyz,21.99112410904393,False,0.3968950749530691,0.5642383243238456,-0.3143320892934304,-0.6640428255347283,-0.5123008845556359,0.6182476153666752,0.0376855651727981,0.0083588847230182,2.2119365552471064e-15,17.487037648106664,2
465,0.2125,8,144,1,1,1012,broad_xyz,21.99112410904393,False,0.459423619516584,0.6509780442598178,-0.2314032605832592,-0.6433006231770709,-0.508770142745041,0.5450929844913969,0.036540102405286,0.0103930469767882,2.2119365552471064e-15,17.487037648106664,2
466,0.225,8,144,1,1,1012,broad_xyz,21.99112410904393,False,0.48824709164023,0.6879258916996016,-0.1154519417446196,-0.5866900857211692,-0.5450543564734636,0.4016262606406345,0.0440761575466064,0.0130200476253947,2.2119365552471064e-15,17.487037648106664,2
467,0.2375,8,144,1,1,1012,broad_xyz,21.99112410904393,False,0.5073146629617828,0.6775298384385324,-0.0156694433937569,-0.5424587155070297,-0.5988651091214909,0.2640660599449668,0.0611761561003149,0.0162276182628132,2.2119365552471064e-15,17.487037648106664,2
468,0.25,8,144,1,1,1012,broad_xyz,21.99112410904393,False,0.5336477408954114,0.6556064952533595,0.0504533357564145,-0.5363982963326165,-0.6338683075889634,0.1754316563961568,0.0748862629025096,0.0199577408316363,2.2119365552471064e-15,17.487037648106664,2
469,0.27,8,144,1,1,1012,broad_xyz,21.99112410904393,False,0.5530739492751713,0.6301937091300822,0.1117052707911794,-0.5861813729699586,-0.6542076733002323,0.1374213859721436,0.0862968394666534,0.0262528750824493,2.2119365552471064e-15,17.487037648106664,2
470,0.29,8,144,1,1,1012,broad_xyz,21.99112410904393,False,0.5343511221098163,0.6322309525144313,0.1605329620849641,-0.643998933129369,-0.6529752321321302,0.1670109067503813,0.0998993127874914,0.0324592848432784,2.2119365552471064e-15,17.487037648106664,2
471,0.31,8,144,1,1,1012,broad_xyz,21.99112410904393,False,0.4906352425150341,0.654175495648285,0.2256068949037781,-0.6681845679895131,-0.6457305900970128,0.1908482699411323,0.1109454919218411,0.0384717373566359,2.2119365552471064e-15,17.487037648106664,2
472,0.33,8,144,1,1,1012,broad_xyz,21.99112410904393,False,0.4770026181190223,0.6946738052733015,0.3086422876454301,-0.6587371827649986,-0.62566024826142,0.1696996624940757,0.1135770499964579,0.0439415991521025,2.2119365552471064e-15,17.487037648106664,2
473,0.35,8,144,1,1,1012,broad_xyz,21.99112410904393,False,0.4986982922754563,0.7280181696476618,0.3791553100993181,-0.655797591906911,-0.5947288263720718,0.1292349703689924,0.1180127772371875,0.048201897156417,2.2119365552471064e-15,17.487037648106664,2
474,0.37,8,144,1,1,1012,broad_xyz,21.99112410904393,False,0.5084985400241343,0.7374861559278966,0.4390528021035007,-0.6731945089244852,-0.5737445092662746,0.1069968097817642,0.1344489232513693,0.0513296564084183,2.2119365552471064e-15,17.487037648106664,2
475,0.39,8,144,1,1,1012,broad_xyz,21.99112410904393,False,0.485741870424237,0.7415488396191993,0.4994782397545642,-0.6993099963649212,-0.5898549712288398,0.11030412861729,0.1449754656286918,0.0537327131176871,2.2119365552471064e-15,17.487037648106664,2
476,0.41,8,144,1,1,1012,broad_xyz,21.99112410904393,False,0.4552226911445531,0.7478164458248486,0.5652447808858868,-0.7105056419281165,-0.6233764396136028,0.1183707460106693,0.1549099761023928,0.0560468446419708,2.2119365552471064e-15,17.487037648106664,2
477,0.43,8,144,1,1,1012,broad_xyz,21.99112410904393,False,0.4464733322501595,0.7508325199554897,0.6298205794010661,-0.7045071568331678,-0.6492283465597385,0.0911988563590797,0.1675182353354437,0.0586466870145593,2.2119365552471064e-15,17.487037648106664,2
478,0.45,8,144,1,1,1012,broad_xyz,21.99112410904393,False,0.4605122712576885,0.7512141812688338,0.6845560122566783,-0.6950389525292597,-0.6760115665961096,0.0474008433533538,0.1677333773474357,0.0612505174318814,2.2119365552471064e-15,17.487037648106664,2
479,0.5,8,144,1,1,1012,broad_xyz,21.99112410904393,False,0.4810995803282616,0.7545077551535505,0.7657488078851586,-0.6866767233603842,-0.7145258095834085,-0.0757578547730605,0.1571093731724471,0.0668749493612883,2.2119365552471064e-15,17.487037648106664,2
480,0.55,8,144,1,1,1012,broad_xyz,21.99112410904393,False,0.4317886385935526,0.7694437209442812,0.7712917509074789,-0.6786786469095453,-0.6766897644465989,-0.1521403896563057,0.170318275378941,0.0737304054777512,2.2119365552471064e-15,17.487037648106664,2
481,0.6,8,144,1,1,1012,broad_xyz,21.99112410904393,False,0.3928393109424457,0.7709696115329968,0.7127715227136732,-0.6848148785149911,-0.7506264510976832,-0.1968890772521227,0.1596399640210313,0.0777439419789227,2.2119365552471064e-15,17.487037648106664,2
482,0.6499999999999999,8,144,1,1,1012,broad_xyz,21.99112410904393,False,0.4663091419539576,0.7635633456453448,0.716960647688522,-0.6705064340937475,-0.7951612070613029,-0.3642561998669852,0.1681273412922464,0.0809819678468984,2.2119365552471064e-15,17.487037648106664,2
483,0.7,8,144,1,1,1012,broad_xyz,21.99112410904393,False,0.4867224472496558,0.7452352829055063,0.7489878759969307,-0.6917668025319016,-0.8362204193686356,-0.4611807579350591,0.1531671967859229,0.0811712648738999,2.2119365552471064e-15,17.487037648106664,2
484,0.725,8,144,1,1,1012,broad_xyz,21.99112410904393,False,0.4628414928717521,0.730809449158238,0.77438445640228,-0.6813989589848326,-0.8400627361939736,-0.484413455083489,0.1570733931506252,0.0810949333551699,2.2119365552471064e-15,17.487037648106664,2
485,0.75,8,144,1,1,1012,broad_xyz,21.99112410904393,False,0.495482810771564,0.7345557992591024,0.8126803058811938,-0.6538608606086069,-0.8458561308321527,-0.5047527280460765,0.1586512477203999,0.0821737953097243,2.2119365552471064e-15,17.487037648106664,2
486,0.775,8,144,1,1,1012,broad_xyz,21.99112410904393,False,0.5403054738853039,0.7507013608147867,0.8491444889315658,-0.6115239174290857,-0.8501569385170299,-0.5203094778377525,0.1758460450750782,0.0835686544186772,2.2119365552471064e-15,17.487037648106664,2
487,0.8,8,144,1,1,1012,broad_xyz,21.99112410904393,False,0.5379855179732819,0.7657973049733487,0.8752914676353586,-0.5486799179184235,-0.8514471470946737,-0.5315686157784143,0.1774751853265976,0.0838693489389024,2.2119365552471064e-15,17.487037648106664,2
488,0.825,8,144,1,1,1012,broad_xyz,21.99112410904393,False,0.5049480359878579,0.7738748937892853,0.8942510575671028,-0.4412495706801057,-0.8546230736138876,-0.5407391731557613,0.1705662335500547,0.0831923870906141,2.2119365552471064e-15,17.487037648106664,2
489,0.85,8,144,1,1,1012,broad_xyz,21.99112410904393,False,0.4922301482982225,0.7752208688007088,0.9061447201282606,-0.2579576802370271,-0.8542018236191072,-0.5490198769581328,0.1616960530795215,0.0825677027911515,2.2119365552471064e-15,17.487037648106664,2
490,0.875,8,144,1,1,1012,broad_xyz,21.99112410904393,False,0.5070620090116855,0.7752582431125912,0.9158247956738236,-0.0027618168398471,-0.8441328719026022,-0.5637429893026865,0.1530109282224561,0.082708073127978,2.2119365552471064e-15,17.487037648106664,2
491,0.9,8,144,1,1,1012,broad_xyz,21.99112410904393,False,0.5245408103376283,0.772613327520361,0.9207672985669196,0.2086040942397902,-0.815989847769898,-0.5760824745244315,0.1544536734958982,0.0830451904363121,2.2119365552471064e-15,17.487037648106664,2
492,0.95,8,144,1,1,1012,broad_xyz,21.99112410904393,False,0.5055077626875631,0.7399823268228486,0.9257904076573578,0.3280722164426018,-0.8541971962119921,-0.5795641732123363,0.1627108792005963,0.0829861563999405,2.2119365552471064e-15,17.487037648106664,2
493,1.0,8,144,1,1,1012,broad_xyz,21.99112410904393,False,0.4405856796643959,0.6819745169811849,0.9337730625994533,0.1743552679906118,-0.8209902989395611,-0.5792517728538722,0.1597220704694659,0.0822478911339981,2.2119365552471064e-15,17.487037648106664,2
494,0.05,8,144,1,1,1013,broad_xyz,21.99112410904393,False,-0.2113460837027935,0.3790743177746419,-0.6642452588004163,-0.6987136214442089,-0.5605822970501549,0.6200930387774083,0.0016724850134117,0.0002842633849694,2.2119365552471064e-15,17.487037648106664,3
495,0.075,8,144,1,1,1013,broad_xyz,21.99112410904393,False,-0.2036734405678766,0.3752875747609255,-0.6500011018667776,-0.6893624258646348,-0.5228533811454599,0.6796191737434376,0.0042618241209486,0.0006971003111187,2.2119365552471064e-15,17.487037648106664,3
496,0.1,8,144,1,1,1013,broad_xyz,21.99112410904393,False,-0.1575765142823418,0.3770651925809642,-0.6208599383650322,-0.6838151506357664,-0.5160509884958087,0.7143088917172824,0.0086253157824032,0.0014288342553122,2.2119365552471064e-15,17.487037648106664,3
497,0.125,8,144,1,1,1013,broad_xyz,21.99112410904393,False,-0.0560616493858271,0.3903555111294524,-0.5543837049283203,-0.6817236113509493,-0.576457780208939,0.7169319482904467,0.0150596819904063,0.0027547717797775,2.2119365552471064e-15,17.487037648106664,3
498,0.15,8,144,1,1,1013,broad_xyz,21.99112410904393,False,0.0516724641735261,0.3991226383488165,-0.4958986831888609,-0.6930705712256994,-0.5945081983238454,0.7034019335963781,0.0232134437417107,0.0048609731212273,2.2119365552471064e-15,17.487037648106664,3
499,0.1625,8,144,1,1,1013,broad_xyz,21.99112410904393,False,0.1047250985753462,0.4096527461518943,-0.4799312986649271,-0.7098754683055224,-0.5301596472705383,0.7025577621233575,0.0276022744430642,0.0062649687057749,2.2119365552471064e-15,17.487037648106664,3
500,0.175,8,144,1,1,1013,broad_xyz,21.99112410904393,False,0.1648096041758021,0.4331137156932914,-0.466057152799809,-0.7320491343994899,-0.4378477019445739,0.7015071100528586,0.0328050938138294,0.0080098231101009,2.2119365552471064e-15,17.487037648106664,3
501,0.1875,8,144,1,1,1013,broad_xyz,21.99112410904393,False,0.2348955729748481,0.475462536187834,-0.4430095884476148,-0.7551594139797738,-0.3398460103415167,0.6957950789376338,0.0390243019145066,0.0103522150137336,2.2119365552471064e-15,17.487037648106664,3
502,0.2,8,144,1,1,1013,broad_xyz,21.99112410904393,False,0.3141448740640661,0.5409051034125919,-0.3981028119281244,-0.7726337349786464,-0.2572312908954816,0.6794538676502591,0.0460966197059759,0.0135046631783722,2.2119365552471064e-15,17.487037648106664,3
503,0.2125,8,144,1,1,1013,broad_xyz,21.99112410904393,False,0.3973803032053726,0.6210789540664331,-0.327202744565327,-0.7821571614340977,-0.2053265990917487,0.6504637714736042,0.0520768918354326,0.0175802161766894,2.2119365552471064e-15,17.487037648106664,3
504,0.225,8,144,1,1,1013,broad_xyz,21.99112410904393,False,0.4758702424856915,0.7048864209546509,-0.2272130852379538,-0.7814249911881447,-0.1792514873485945,0.605236553193308,0.0574323616957247,0.0225640301140914,2.2119365552471064e-15,17.487037648106664,3
505,0.2375,8,144,1,1,1013,broad_xyz,21.99112410904393,False,0.5294705213777411,0.766789884942069,-0.109584506600309,-0.7730265642123336,-0.1713724743396663,0.546170778894953,0.0635763173796493,0.0281365556102646,2.2119365552471064e-15,17.487037648106664,3
506,0.25,8,144,1,1,1013,broad_xyz,21.99112410904393,False,0.5597809130168575,0.8003055367609326,0.0059090410895312,-0.7697545014848941,-0.1749937051458129,0.4853890529378689,0.070954190893704,0.0340504526823676,2.2119365552471064e-15,17.487037648106664,3
507,0.27,8,144,1,1,1013,broad_xyz,21.99112410904393,False,0.5982156637391461,0.8259835056832809,0.1920444341876934,-0.7824583399599906,-0.2158537266249485,0.3896591685570325,0.0889680644147548,0.0441898235528439,2.2119365552471064e-15,17.487037648106664,3
508,0.29,8,144,1,1,1013,broad_xyz,21.99112410904393,False,0.6354275982740208,0.830715676709153,0.368044890068475,-0.8038427512176989,-0.2807671499998608,0.2967461585542038,0.1072511087176793,0.0547302147516109,2.2119365552471064e-15,17.487037648106664,3
509,0.31,8,144,1,1,1013,broad_xyz,21.99112410904393,False,0.6785792547506591,0.8373290913634455,0.5079470773070996,-0.8279696520334874,-0.3368955457116298,0.2143723004482829,0.1220416706245053,0.0640790161113258,2.2119365552471064e-15,17.487037648106664,3
510,0.33,8,144,1,1,1013,broad_xyz,21.99112410904393,False,0.7168965266045025,0.853531334954416,0.5901448295962111,-0.8591603786695413,-0.3541862378499674,0.1491841859125008,0.1358306202973479,0.0705587838444773,2.2119365552471064e-15,17.487037648106664,3
511,0.35,8,144,1,1,1013,broad_xyz,21.99112410904393,False,0.7261496836176754,0.8633106068232761,0.6484561262870501,-0.8787687523724261,-0.3445851245050682,0.0820133286624267,0.1482715074899649,0.0746956823833729,2.2119365552471064e-15,17.487037648106664,3
512,0.37,8,144,1,1,1013,broad_xyz,21.99112410904393,False,0.7208986933422945,0.8712039380744626,0.713123202009755,-0.8847093602510822,-0.3326086435801997,0.0124783304738623,0.1563025422900483,0.0770734025435977,2.2119365552471064e-15,17.487037648106664,3
513,0.39,8,144,1,1,1013,broad_xyz,21.99112410904393,False,0.713402243875168,0.881066285567105,0.7853161908713071,-0.8826060241804626,-0.3380310198468108,-0.0537229733977621,0.1595147725061773,0.078361204307346,2.2119365552471064e-15,17.487037648106664,3
514,0.41,8,144,1,1,1013,broad_xyz,21.99112410904393,False,0.7063618007940156,0.8879483286628982,0.8422340699747255,-0.877606878059905,-0.3816190230119264,-0.0991846938306177,0.1594010475565516,0.0788322090768355,2.2119365552471064e-15,17.487037648106664,3
515,0.43,8,144,1,1,1013,broad_xyz,21.99112410904393,False,0.7054236458391869,0.889281557244526,0.8786460564299757,-0.8715546824451572,-0.4299241509160322,-0.116591208668753,0.1566060766102606,0.0789369367005749,2.2119365552471064e-15,17.487037648106664,3
516,0.45,8,144,1,1,1013,broad_xyz,21.99112410904393,False,0.7122499476274833,0.8829998579073047,0.8961521065286681,-0.867109003361409,-0.4657752862541698,-0.1083439190413649,0.1503553760865802,0.0789818489711801,2.2119365552471064e-15,17.487037648106664,3
517,0.5,8,144,1,1,1013,broad_xyz,21.99112410904393,False,0.7397793582221894,0.8720971944073439,0.8882397480933775,-0.8886160523117302,-0.4284328517127609,-0.0704604751545307,0.1511706121287689,0.0809170426970823,2.2119365552471064e-15,17.487037648106664,3
518,0.55,8,144,1,1,1013,broad_xyz,21.99112410904393,False,0.7877422621492666,0.90920623066819,0.8343319096707301,-0.9085853544452692,-0.492021218655445,-0.0947059285601156,0.1624554427292036,0.0912322116269083,2.2119365552471064e-15,17.487037648106664,3
519,0.6,8,144,1,1,1013,broad_xyz,21.99112410904393,False,0.7802283721463943,0.864360061875008,0.7903173985864824,-0.898725061754061,-0.5863292887420309,-0.1730492478136542,0.1707301482968599,0.1009276159826269,2.2119365552471064e-15,17.487037648106664,3
520,0.6499999999999999,8,144,1,1,1013,broad_xyz,21.99112410904393,False,0.780825478096945,0.8778698467744542,0.803182095812351,-0.8970346827170202,-0.7063153132248471,-0.2737363829106551,0.1674775235932665,0.1022630521323617,2.2119365552471064e-15,17.487037648106664,3
521,0.7,8,144,1,1,1013,broad_xyz,21.99112410904393,False,0.8292095672621546,0.9152776093226994,0.8767657565772121,-0.8912453605880801,-0.8459751292128925,-0.3309335519665189,0.1699455938682154,0.1005686024914976,2.2119365552471064e-15,17.487037648106664,3
522,0.725,8,144,1,1,1013,broad_xyz,21.99112410904393,False,0.8310509451474309,0.9180278712321592,0.904236551279322,-0.8982150738476629,-0.8731138170278804,-0.3433816533729609,0.1637238610517715,0.099632223779191,2.2119365552471064e-15,17.487037648106664,3
523,0.75,8,144,1,1,1013,broad_xyz,21.99112410904393,False,0.8233179749558015,0.919638625106624,0.923963416839116,-0.9028809712170348,-0.884643585039921,-0.3525308259241943,0.1610036816168106,0.0994085250384431,2.2119365552471064e-15,17.487037648106664,3
524,0.775,8,144,1,1,1013,broad_xyz,21.99112410904393,False,0.8338134445629056,0.9221523498442498,0.9351554478448488,-0.9004867108243088,-0.8887370931869271,-0.3629690904242076,0.1630425948763375,0.099865282591713,2.2119365552471064e-15,17.487037648106664,3
525,0.8,8,144,1,1,1013,broad_xyz,21.99112410904393,False,0.8550607697532762,0.9232481729166786,0.9352875399234098,-0.8755400957746163,-0.8890594677423199,-0.3793985141119109,0.1642550287895798,0.1002996501011024,2.2119365552471064e-15,17.487037648106664,3
526,0.825,8,144,1,1,1013,broad_xyz,21.99112410904393,False,0.869730118658738,0.9231976240641327,0.9274658326945744,-0.758888818244267,-0.8914480480976533,-0.4060440237851898,0.1630897734695466,0.1003515043161047,2.2119365552471064e-15,17.487037648106664,3
527,0.85,8,144,1,1,1013,broad_xyz,21.99112410904393,False,0.8690759551505485,0.9215478404262872,0.9148823390023724,-0.4270520257258456,-0.8930781468280224,-0.4406291240790822,0.1634782097678895,0.1002117816135995,2.2119365552471064e-15,17.487037648106664,3
528,0.875,8,144,1,1,1013,broad_xyz,21.99112410904393,False,0.8512068318020399,0.9199358798607932,0.9077311604838062,-0.1030174626777663,-0.8916303499009004,-0.4630764494414548,0.1621398943118734,0.0998958314907027,2.2119365552471064e-15,17.487037648106664,3
529,0.9,8,144,1,1,1013,broad_xyz,21.99112410904393,False,0.8324135555119881,0.9199663399040068,0.9075771393520432,0.0110239266491081,-0.8684599854727376,-0.472900264973515,0.1646678949324981,0.1000070745498562,2.2119365552471064e-15,17.487037648106664,3
530,0.95,8,144,1,1,1013,broad_xyz,21.99112410904393,False,0.8411654065867861,0.9176180878130944,0.920632668658586,-0.1730194874671676,-0.9083841545475486,-0.4868179472640561,0.1653323077676047,0.101422389534724,2.2119365552471064e-15,17.487037648106664,3
531,1.0,8,144,1,1,1013,broad_xyz,21.99112410904393,False,0.8697558793964547,0.903950238809658,0.9318510689497412,-0.7911382644922312,-0.9272929149009678,-0.4699587702514098,0.1556078578435308,0.1020788760235547,2.2119365552471064e-15,17.487037648106664,3
532,0.05,8,144,1,1,1014,broad_xyz,21.99112410904393,False,0.2599775978378519,0.2582707622010088,-0.3483509019601656,-0.5582864514264787,-0.478123667322003,-0.0668336302126717,0.0013907969569591,0.0001769372268913,2.2119365552471064e-15,17.487037648106664,4
533,0.075,8,144,1,1,1014,broad_xyz,21.99112410904393,False,0.3022164547273063,0.2455580854079096,-0.211851662128751,-0.5460900604563932,-0.5402459978146765,-0.0391118546367382,0.0032552477833023,0.0004192964237817,2.2119365552471064e-15,17.487037648106664,4
534,0.1,8,144,1,1,1014,broad_xyz,21.99112410904393,False,0.3439585515608358,0.2853226994816604,-0.0354750246292139,-0.5401915390010684,-0.6106485561120137,0.0547714961740825,0.005224684745861,0.0008193726111514,2.2119365552471064e-15,17.487037648106664,4
535,0.125,8,144,1,1,1014,broad_xyz,21.99112410904393,False,0.429926838304609,0.4399970160294391,0.1409171052437156,-0.5370826409755188,-0.4492767090822257,0.1811420487980008,0.0065408058377858,0.0016050415680115,2.2119365552471064e-15,17.487037648106664,4
536,0.15,8,144,1,1,1014,broad_xyz,21.99112410904393,False,0.5594639331321705,0.6821571718323134,0.208420899800428,-0.5915854346375348,-0.1147323239741124,0.186557554274343,0.0099100279714847,0.0035885781587981,2.2119365552471064e-15,17.487037648106664,4
537,0.1625,8,144,1,1,1014,broad_xyz,21.99112410904393,False,0.6172780414807015,0.7581672170559219,0.212922373649936,-0.6216785184213568,-0.1018062547183247,0.1285875126753906,0.0141867266530238,0.0054423741862357,2.2119365552471064e-15,17.487037648106664,4
538,0.175,8,144,1,1,1014,broad_xyz,21.99112410904393,False,0.6552652012470788,0.7891409485719093,0.2291256465510498,-0.6342496645929125,-0.1059158321193523,0.061282133723567,0.019819540248896,0.0080471032876573,2.2119365552471064e-15,17.487037648106664,4
539,0.1875,8,144,1,1,1014,broad_xyz,21.99112410904393,False,0.6835897404622457,0.8021228561308399,0.2569786228588874,-0.6422197523659622,-0.1018139405785763,-0.0217904380922963,0.0262423165732784,0.0116277800470222,2.2119365552471064e-15,17.487037648106664,4
540,0.2,8,144,1,1,1014,broad_xyz,21.99112410904393,False,0.7070891410855269,0.8151614411314275,0.2931709385369882,-0.6553070721222514,-0.0756981479509755,-0.1065266879636038,0.033672317149637,0.0162767388812899,2.2119365552471064e-15,17.487037648106664,4
541,0.2125,8,144,1,1,1014,broad_xyz,21.99112410904393,False,0.7196623063390237,0.8269019494170528,0.3314825643692288,-0.6832172096674184,-0.0304459251096596,-0.1890570287535896,0.0425199754141818,0.0219930969460336,2.2119365552471064e-15,17.487037648106664,4
542,0.225,8,144,1,1,1014,broad_xyz,21.99112410904393,False,0.7274746930793052,0.8381184863717014,0.3728517671695008,-0.7186715882846343,0.0122855471929558,-0.2609209892640271,0.0515770236972949,0.0286452051728049,2.2119365552471064e-15,17.487037648106664,4
543,0.2375,8,144,1,1,1014,broad_xyz,21.99112410904393,False,0.7249202542330063,0.8406233941654336,0.4072428818880961,-0.7668288960120235,0.0513054216612455,-0.3236131259199978,0.0616982774618624,0.0361912831251604,2.2119365552471064e-15,17.487037648106664,4
544,0.25,8,144,1,1,1014,broad_xyz,21.99112410904393,False,0.7042347536957886,0.8256352418890122,0.4264271152149734,-0.8234968980094626,0.0786461874225218,-0.3810935755871882,0.072600564457866,0.0447111029092245,2.2119365552471064e-15,17.487037648106664,4
545,0.27,8,144,1,1,1014,broad_xyz,21.99112410904393,False,0.635413758708635,0.7617113476887908,0.4290670037142939,-0.8988971658135768,0.0870700846746638,-0.4773416886163402,0.0891274577929977,0.0598084587138615,2.2119365552471064e-15,17.487037648106664,4
546,0.29,8,144,1,1,1014,broad_xyz,21.99112410904393,False,0.5732386811083958,0.6961522266272172,0.4493897322640668,-0.9207831314777236,0.055255813514829,-0.5251808910564102,0.103490177434049,0.073989097619053,2.2119365552471064e-15,17.487037648106664,4
547,0.31,8,144,1,1,1014,broad_xyz,21.99112410904393,False,0.6232958043461754,0.7373487273873802,0.5787322066517294,-0.9275041983697444,-0.0015392739818426,-0.4250735265691199,0.1156738018150861,0.0828774467518149,2.2119365552471064e-15,17.487037648106664,4
548,0.33,8,144,1,1,1014,broad_xyz,21.99112410904393,False,0.7166114083119188,0.8217580577938711,0.7334332234651835,-0.9435776891269844,-0.0877011002783295,-0.2578410603020822,0.1285892113266522,0.0860125179625314,2.2119365552471064e-15,17.487037648106664,4
549,0.35,8,144,1,1,1014,broad_xyz,21.99112410904393,False,0.7767827077510762,0.875252152824863,0.8330751716698713,-0.9588848187494096,-0.1849064789113221,-0.1395452844271948,0.1379933464766269,0.0863297844195886,2.2119365552471064e-15,17.487037648106664,4
550,0.37,8,144,1,1,1014,broad_xyz,21.99112410904393,False,0.811696514755061,0.9041231758187492,0.8886844317052531,-0.9676608061153692,-0.2895572875060338,-0.0864873477826366,0.1435618502932739,0.0860362699122825,2.2119365552471064e-15,17.487037648106664,4
551,0.39,8,144,1,1,1014,broad_xyz,21.99112410904393,False,0.8346695937370915,0.9191502572749928,0.9156005396710768,-0.9672625856435288,-0.4090656834301211,-0.0807038501413343,0.14640675937518,0.0859172418399108,2.2119365552471064e-15,17.487037648106664,4
552,0.41,8,144,1,1,1014,broad_xyz,21.99112410904393,False,0.8500399882498845,0.9251624325348844,0.9232460223148125,-0.9592535720740064,-0.5512828496633244,-0.1011834094030557,0.1473207718572847,0.0861173694143588,2.2119365552471064e-15,17.487037648106664,4
553,0.43,8,144,1,1,1014,broad_xyz,21.99112410904393,False,0.8604399669813705,0.9260021281575256,0.921536701504302,-0.9507153009054606,-0.6661544856986303,-0.1276501506485463,0.1463291135909624,0.0867864598816037,2.2119365552471064e-15,17.487037648106664,4
554,0.45,8,144,1,1,1014,broad_xyz,21.99112410904393,False,0.8627428013070909,0.9220794144853152,0.9177363161906724,-0.947589205566746,-0.7117093558153937,-0.1596437620263906,0.1442077486993737,0.0879949041738443,2.2119365552471064e-15,17.487037648106664,4
555,0.5,8,144,1,1,1014,broad_xyz,21.99112410904393,False,0.8001767781355259,0.85810184624889,0.9004582778180149,-0.955616124958022,-0.5044000105825716,-0.2925846880411343,0.148508906427727,0.0950049584791554,2.2119365552471064e-15,17.487037648106664,4
556,0.55,8,144,1,1,1014,broad_xyz,21.99112410904393,False,0.6812064126176453,0.7469746691561054,0.8642399114851748,-0.9547072902695132,-0.4443771353393866,-0.5081591188574156,0.1558487238324984,0.1065099034164832,2.2119365552471064e-15,17.487037648106664,4
557,0.6,8,144,1,1,1014,broad_xyz,21.99112410904393,False,0.5202547656734036,0.6109339308541095,0.8104344894805601,-0.915500672316199,-0.5075846444034955,-0.6869287630109523,0.1659047814757643,0.1158424742625995,2.2119365552471064e-15,17.487037648106664,4
558,0.6499999999999999,8,144,1,1,1014,broad_xyz,21.99112410904393,False,0.6430010003154156,0.7611467651554275,0.9153591793472432,-0.9270267645830134,-0.8001705760312465,-0.6121707285365363,0.1610986330777006,0.1128141325378952,2.2119365552471064e-15,17.487037648106664,4
559,0.7,8,144,1,1,1014,broad_xyz,21.99112410904393,False,0.7333699775676713,0.815764410555833,0.9337841159568924,-0.9263325390773104,-0.8673696673196623,-0.5935481088298074,0.1595964532329751,0.1091098954345488,2.2119365552471064e-15,17.487037648106664,4
560,0.725,8,144,1,1,1014,broad_xyz,21.99112410904393,False,0.7532528955897493,0.825735855040583,0.938328286611115,-0.9204657414333864,-0.8760196849585096,-0.58994811561366,0.1560848609547463,0.1081972203864579,2.2119365552471064e-15,17.487037648106664,4
561,0.75,8,144,1,1,1014,broad_xyz,21.99112410904393,False,0.7695225357240926,0.8421772840237393,0.94431194495953,-0.9032639102617006,-0.8840122065694558,-0.5875320640212395,0.1573198469146312,0.1073390060144037,2.2119365552471064e-15,17.487037648106664,4
562,0.775,8,144,1,1,1014,broad_xyz,21.99112410904393,False,0.7836409701967537,0.86120232885681,0.948162718683788,-0.8563352867119678,-0.887956538895385,-0.5874393314942236,0.1584184858619916,0.1061551545289838,2.2119365552471064e-15,17.487037648106664,4
563,0.8,8,144,1,1,1014,broad_xyz,21.99112410904393,False,0.7956107716922652,0.8786445656131406,0.9483522029987546,-0.7387424574651364,-0.8908320693742868,-0.5875929270930704,0.153595321349705,0.1045095368772443,2.2119365552471064e-15,17.487037648106664,4
564,0.825,8,144,1,1,1014,broad_xyz,21.99112410904393,False,0.8017008214275331,0.8931290287146398,0.944955730285714,-0.5286810450912054,-0.8966386537948368,-0.5782563832453594,0.1507147805554686,0.1022678622401146,2.2119365552471064e-15,17.487037648106664,4
565,0.85,8,144,1,1,1014,broad_xyz,21.99112410904393,False,0.7963442306563371,0.900969418994355,0.9386949135891556,-0.3417613628072525,-0.9026926593148732,-0.5543356587252561,0.1472757172313951,0.0994918702326858,2.2119365552471064e-15,17.487037648106664,4
566,0.875,8,144,1,1,1014,broad_xyz,21.99112410904393,False,0.7833810621434003,0.9003365986044668,0.930007398252386,-0.2834818261070129,-0.8929560196963502,-0.5408532645284242,0.148257538960448,0.0971833875224051,2.2119365552471064e-15,17.487037648106664,4
567,0.9,8,144,1,1,1014,broad_xyz,21.99112410904393,False,0.7710156662115252,0.8942502163555531,0.9215542357056118,-0.3091647039672017,-0.864473603473594,-0.5403117595408385,0.1463872685502614,0.0961013256078704,2.2119365552471064e-15,17.487037648106664,4
568,0.95,8,144,1,1,1014,broad_xyz,21.99112410904393,False,0.7529138154132249,0.8738300119459078,0.9184939714477351,-0.5201944149877558,-0.9001976849099348,-0.5537529390800735,0.1499191165693354,0.0978974592228285,2.2119365552471064e-15,17.487037648106664,4
569,1.0,8,144,1,1,1014,broad_xyz,21.99112410904393,False,0.7063771313028246,0.8401371260866695,0.9277588350238766,-0.8183573063074548,-0.9127056092724926,-0.565959051034641,0.1555027187865719,0.10194653536359,2.2119365552471064e-15,17.487037648106664,4
570,0.05,8,144,1,1,1015,broad_xyz,21.99112410904393,False,0.2553418770219234,0.5476842724245118,-0.3818307817480657,-0.6653017941850191,-0.4904595896886592,0.3686335560418882,0.0016254912639294,0.0003311461364817,2.2119365552471064e-15,17.487037648106664,5
571,0.075,8,144,1,1,1015,broad_xyz,21.99112410904393,False,0.2644938585551329,0.5511129299230468,-0.3865015685826263,-0.7196749347846068,-0.5666724726782484,0.3926866622385949,0.0047398029127295,0.0010756401469752,2.2119365552471064e-15,17.487037648106664,5
572,0.1,8,144,1,1,1015,broad_xyz,21.99112410904393,False,0.3473396954000701,0.5687604676071746,-0.3385919361266806,-0.762887950820177,-0.6558207317908307,0.3993979273419352,0.0111681171891964,0.0028055349930465,2.2119365552471064e-15,17.487037648106664,5
573,0.125,8,144,1,1,1015,broad_xyz,21.99112410904393,False,0.4774100242637142,0.6109403183972847,-0.237926124808292,-0.7965005903613047,-0.7356580493276147,0.3834538552540062,0.022119684801769,0.0063502122810656,2.2119365552471064e-15,17.487037648106664,5
574,0.15,8,144,1,1,1015,broad_xyz,21.99112410904393,False,0.6172862614972848,0.6775584085684416,-0.0911688878575641,-0.8217139891336497,-0.8085254857217382,0.349991564173238,0.0373722923509323,0.0126848026494531,2.2119365552471064e-15,17.487037648106664,5
575,0.1625,8,144,1,1,1015,broad_xyz,21.99112410904393,False,0.6857329047991572,0.7200369483047446,-1.8954111569068195e-05,-0.8314112116799481,-0.8354458326442218,0.3262684626972995,0.046132422148192,0.0171344582150864,2.2119365552471064e-15,17.487037648106664,5
576,0.175,8,144,1,1,1015,broad_xyz,21.99112410904393,False,0.746710625162562,0.7643179479369197,0.1004206563762569,-0.8381101213347346,-0.8412518460034553,0.2985045922496732,0.0552816911923222,0.0224867849584709,2.2119365552471064e-15,17.487037648106664,5
577,0.1875,8,144,1,1,1015,broad_xyz,21.99112410904393,False,0.795567628606544,0.8053618315786383,0.2016640172334621,-0.8444822601076585,-0.8214984205622008,0.2711889466754745,0.0646275672236813,0.0285909619887826,2.2119365552471064e-15,17.487037648106664,5
578,0.2,8,144,1,1,1015,broad_xyz,21.99112410904393,False,0.8316671058606661,0.8400350727010784,0.2988499850268125,-0.8533433261790867,-0.7860214400634302,0.2459275889831212,0.0739288952731903,0.0353451948425056,2.2119365552471064e-15,17.487037648106664,5
579,0.2125,8,144,1,1,1015,broad_xyz,21.99112410904393,False,0.8559999900079431,0.8685142721719558,0.3903257593031856,-0.8661523704295379,-0.749012612746417,0.2243547222186854,0.0833221466277829,0.0425650509108205,2.2119365552471064e-15,17.487037648106664,5
580,0.225,8,144,1,1,1015,broad_xyz,21.99112410904393,False,0.8716765860909417,0.8906655966834927,0.4753439516024902,-0.8825530414842049,-0.7110184501872092,0.2050622577224791,0.0924556492984978,0.0501439361757931,2.2119365552471064e-15,17.487037648106664,5
581,0.2375,8,144,1,1,1015,broad_xyz,21.99112410904393,False,0.8815710725823582,0.905989596198157,0.5529932437881135,-0.9001045464895671,-0.6704717499209456,0.1844562403107038,0.1007422278133443,0.0580569593341292,2.2119365552471064e-15,17.487037648106664,5
582,0.25,8,144,1,1,1015,broad_xyz,21.99112410904393,False,0.8883211926633826,0.916063631472842,0.623859733232843,-0.9166167124914726,-0.6294280132786042,0.1594216266605326,0.1083180738503909,0.0663373027131821,2.2119365552471064e-15,17.487037648106664,5
583,0.27,8,144,1,1,1015,broad_xyz,21.99112410904393,False,0.8962819127077795,0.924068085217878,0.7193310063772159,-0.9380412325370574,-0.5497804492171504,0.1120643428056283,0.1185809423977188,0.0799217868451454,2.2119365552471064e-15,17.487037648106664,5
584,0.29,8,144,1,1,1015,broad_xyz,21.99112410904393,False,0.904109353205564,0.9298851244286024,0.8000492984342679,-0.944996666423404,-0.4725373128173993,0.0533074122605243,0.1281832033901219,0.0926524051925466,2.2119365552471064e-15,17.487037648106664,5
585,0.31,8,144,1,1,1015,broad_xyz,21.99112410904393,False,0.9045686274643022,0.9366114323942027,0.8585187586403291,-0.947057309361998,-0.4054138849504087,0.0141996580235435,0.1369927839269846,0.1017395066363986,2.2119365552471064e-15,17.487037648106664,5
586,0.33,8,144,1,1,1015,broad_xyz,21.99112410904393,False,0.8968748319725331,0.9431538561880592,0.8949001702626309,-0.9553656511621402,-0.3762502767524334,0.0114681334819994,0.1435289403718071,0.106053745125934,2.2119365552471064e-15,17.487037648106664,5
587,0.35,8,144,1,1,1015,broad_xyz,21.99112410904393,False,0.8910117838096246,0.9483550519581424,0.9222764734512704,-0.964241357917353,-0.4159442631552918,0.0209427222954028,0.1485532743341738,0.1072544825927062,2.2119365552471064e-15,17.487037648106664,5
588,0.37,8,144,1,1,1015,broad_xyz,21.99112410904393,False,0.887831117221033,0.9521546304149432,0.9421467404119108,-0.966610087116886,-0.4961263172164957,0.0332563289118208,0.1541304817389025,0.1068786315708,2.2119365552471064e-15,17.487037648106664,5
589,0.39,8,144,1,1,1015,broad_xyz,21.99112410904393,False,0.8874045807805344,0.9534746369133484,0.954767752488253,-0.9615458852427748,-0.6258764307410057,0.0327640406680813,0.158453668271083,0.1063007604182408,2.2119365552471064e-15,17.487037648106664,5
590,0.41,8,144,1,1,1015,broad_xyz,21.99112410904393,False,0.8865918158087097,0.9518936296004542,0.9604885060642322,-0.9541243777614556,-0.7724485239930607,0.0158905416031556,0.1624174391826361,0.1059756988609845,2.2119365552471064e-15,17.487037648106664,5
591,0.43,8,144,1,1,1015,broad_xyz,21.99112410904393,False,0.881521860196577,0.9484338127631324,0.9617000014126392,-0.9476545277387792,-0.8582901078397055,-0.0140526880599716,0.1650819376577919,0.1057079981664169,2.2119365552471064e-15,17.487037648106664,5
592,0.45,8,144,1,1,1015,broad_xyz,21.99112410904393,False,0.8694844669846724,0.9428179320921404,0.9598084302525424,-0.944811880590778,-0.8726597281691257,-0.0580494381168533,0.1651989863256051,0.1055286283861331,2.2119365552471064e-15,17.487037648106664,5
593,0.5,8,144,1,1,1015,broad_xyz,21.99112410904393,False,0.8151373972223993,0.9223370198929004,0.948217362846462,-0.9598457340880266,-0.758007347359954,-0.1771197072920521,0.1566321809356178,0.1074996597485361,2.2119365552471064e-15,17.487037648106664,5
594,0.55,8,144,1,1,1015,broad_xyz,21.99112410904393,False,0.7624978285031738,0.8556989773941195,0.9157748848696304,-0.9560364727282324,-0.7264671767219507,-0.282300551575022,0.1550228002407855,0.118106347161828,2.2119365552471064e-15,17.487037648106664,5
595,0.6,8,144,1,1,1015,broad_xyz,21.99112410904393,False,0.7487834108348055,0.7741889873523025,0.8981842652056375,-0.902747850641414,-0.777404693675552,-0.4188497535296331,0.1624546551159001,0.1277278815670909,2.2119365552471064e-15,17.487037648106664,5
596,0.6499999999999999,8,144,1,1,1015,broad_xyz,21.99112410904393,False,0.8049026478407182,0.8071187546410655,0.9266894046979598,-0.9171355530051676,-0.8951327798251949,-0.4432181989174188,0.1650566034725007,0.1249130154425826,2.2119365552471064e-15,17.487037648106664,5
597,0.7,8,144,1,1,1015,broad_xyz,21.99112410904393,False,0.8582944009381445,0.8469853593919133,0.9545066358841258,-0.9277930081030414,-0.9362644689095732,-0.4726050631794958,0.1645442564311892,0.1197370760964075,2.2119365552471064e-15,17.487037648106664,5
598,0.725,8,144,1,1,1015,broad_xyz,21.99112410904393,False,0.876953135978913,0.8616533232783715,0.9625147753631448,-0.9232393329416178,-0.9397611993227436,-0.5036453422908026,0.1658823506596889,0.1182050316811858,2.2119365552471064e-15,17.487037648106664,5
599,0.75,8,144,1,1,1015,broad_xyz,21.99112410904393,False,0.8929123931878454,0.8810550483172871,0.9666578701585846,-0.9127488943786756,-0.9399556369114932,-0.5328706293187468,0.1669947817645775,0.1167070358571047,2.2119365552471064e-15,17.487037648106664,5
600,0.775,8,144,1,1,1015,broad_xyz,21.99112410904393,False,0.9017961452034566,0.9025276800102354,0.9670300932899812,-0.8837398726629413,-0.938884035595942,-0.5538639638893861,0.1647271608640828,0.1147450771584249,2.2119365552471064e-15,17.487037648106664,5
601,0.8,8,144,1,1,1015,broad_xyz,21.99112410904393,False,0.8997697688656252,0.920000964415537,0.9615220252810922,-0.7942862102607325,-0.935937200418379,-0.5673393518452269,0.1633311853955438,0.1121701593644848,2.2119365552471064e-15,17.487037648106664,5
602,0.825,8,144,1,1,1015,broad_xyz,21.99112410904393,False,0.8918049095686238,0.9312507795774942,0.9494609161008846,-0.5833066554054331,-0.9297354918114262,-0.5711643210037511,0.1592632091243097,0.1092215432203665,2.2119365552471064e-15,17.487037648106664,5
603,0.85,8,144,1,1,1015,broad_xyz,21.99112410904393,False,0.8898751399452108,0.9390427268724238,0.9387201233870396,-0.3470569089692136,-0.9278402927424044,-0.5553165751658846,0.1547950259944533,0.1060728821834043,2.2119365552471064e-15,17.487037648106664,5
604,0.875,8,144,1,1,1015,broad_xyz,21.99112410904393,False,0.8997258401075937,0.94401486768369,0.9358015810889444,-0.2478704182590574,-0.9283292154477396,-0.5225692983866531,0.1533086295175037,0.1031954853455804,2.2119365552471064e-15,17.487037648106664,5
605,0.9,8,144,1,1,1015,broad_xyz,21.99112410904393,False,0.9156178992457888,0.9446579556741552,0.9334229622357963,-0.2674530511278804,-0.9029208278155192,-0.5055395255464399,0.1508633162481002,0.1018207124651914,2.2119365552471064e-15,17.487037648106664,5
606,0.95,8,144,1,1,1015,broad_xyz,21.99112410904393,False,0.9232809099752152,0.933504973430367,0.9428035827655754,-0.4167361589231416,-0.943579198489431,-0.4969736330437103,0.1562018297625627,0.1030982911592405,2.2119365552471064e-15,17.487037648106664,5
607,1.0,8,144,1,1,1015,broad_xyz,21.99112410904393,False,0.8768856546556473,0.8737705047386352,0.9479479432960922,-0.7841967922872921,-0.940474799287668,-0.4991736905641308,0.1576137456617507,0.1074686315518103,2.2119365552471064e-15,17.487037648106664,5
608,0.05,8,144,1,1,1016,broad_xyz,21.99112410904393,False,0.3779498765655702,0.5511605825762751,-0.2566198695368805,-0.6224429695287907,-0.6201943306473101,0.3269862756976469,0.000637757820714,0.0001302140734574,2.2119365552471064e-15,17.487037648106664,6
609,0.075,8,144,1,1,1016,broad_xyz,21.99112410904393,False,0.4125634738861028,0.5922677262533715,-0.2378106856437258,-0.6876053900593242,-0.7382488885326707,0.2621263412048006,0.0023936443927116,0.0005708869591843,2.2119365552471064e-15,17.487037648106664,6
610,0.1,8,144,1,1,1016,broad_xyz,21.99112410904393,False,0.4641073849883162,0.60023549179831,-0.1873855280109506,-0.7348165637364638,-0.8392375911048471,0.258464854434544,0.0067229347657911,0.001848243429844,2.2119365552471064e-15,17.487037648106664,6
611,0.125,8,144,1,1,1016,broad_xyz,21.99112410904393,False,0.5121605075656074,0.6073317184370804,-0.1039470562006061,-0.767436326644284,-0.8829468302294011,0.2826185155406207,0.0162914374742441,0.0046778312118741,2.2119365552471064e-15,17.487037648106664,6
612,0.15,8,144,1,1,1016,broad_xyz,21.99112410904393,False,0.560991715907566,0.6189459121744932,-0.0025261305714358,-0.7977953570357961,-0.9044178480239946,0.3185750961725101,0.0330738576923457,0.0101488944589623,2.2119365552471064e-15,17.487037648106664,6
613,0.1625,8,144,1,1,1016,broad_xyz,21.99112410904393,False,0.5971853688595853,0.6380542699628611,0.0639208624075328,-0.8104341332067322,-0.911951383599956,0.3463465146596692,0.0430181937593067,0.0141345309476197,2.2119365552471064e-15,17.487037648106664,6
614,0.175,8,144,1,1,1016,broad_xyz,21.99112410904393,False,0.6464507193896675,0.672482851753065,0.1497133192343882,-0.8185849659837944,-0.9078767541674696,0.390187593072673,0.0533727431859571,0.0189818861330791,2.2119365552471064e-15,17.487037648106664,6
615,0.1875,8,144,1,1,1016,broad_xyz,21.99112410904393,False,0.700091920913605,0.7135436094353905,0.2439572807404042,-0.8254874594647237,-0.8810190226504457,0.4415687424085562,0.0637630601532708,0.0246604774940761,2.2119365552471064e-15,17.487037648106664,6
616,0.2,8,144,1,1,1016,broad_xyz,21.99112410904393,False,0.750439318494288,0.7548856561563615,0.3385447533382307,-0.8338623692615345,-0.829271745675954,0.493175783439115,0.073930018597793,0.0310627624706542,2.2119365552471064e-15,17.487037648106664,6
617,0.2125,8,144,1,1,1016,broad_xyz,21.99112410904393,False,0.7922732640823896,0.791753857610854,0.4269741895769097,-0.8458904647330306,-0.7402652303921579,0.5402525259311414,0.083559977785295,0.0380137144496338,2.2119365552471064e-15,17.487037648106664,6
618,0.225,8,144,1,1,1016,broad_xyz,21.99112410904393,False,0.8236460417548067,0.8214665767258585,0.5040960095761978,-0.8636978649128686,-0.6089383327469406,0.5800748191862298,0.0924269913586419,0.0453926711684156,2.2119365552471064e-15,17.487037648106664,6
619,0.2375,8,144,1,1,1016,broad_xyz,21.99112410904393,False,0.8461075614143526,0.843961210353747,0.56946768158433,-0.8853590218141292,-0.4188655471168793,0.6100164317731168,0.100916129397973,0.0533126462571907,2.2119365552471064e-15,17.487037648106664,6
620,0.25,8,144,1,1,1016,broad_xyz,21.99112410904393,False,0.8597358531586561,0.8574347330152754,0.6212660555078057,-0.9088150769993436,-0.2263109955663501,0.6257218917718448,0.1090252271591135,0.0619656770306139,2.2119365552471064e-15,17.487037648106664,6
621,0.27,8,144,1,1,1016,broad_xyz,21.99112410904393,False,0.8713702307036202,0.8685773410204208,0.6901517558969088,-0.937255934282012,0.0294050261495494,0.6284562066479555,0.1200479883637783,0.0770048107814768,2.2119365552471064e-15,17.487037648106664,6
622,0.29,8,144,1,1,1016,broad_xyz,21.99112410904393,False,0.8821371444638897,0.8828934792934743,0.7649073552840657,-0.943980882328718,0.1442226487365038,0.6244016171344761,0.1285098940556036,0.0910386290746358,2.2119365552471064e-15,17.487037648106664,6
623,0.31,8,144,1,1,1016,broad_xyz,21.99112410904393,False,0.8863742076669621,0.9025448227071832,0.8336689185494399,-0.9477230246666216,0.1379267446903306,0.6113281044648572,0.1351270573562054,0.1006974827476241,2.2119365552471064e-15,17.487037648106664,6
624,0.33,8,144,1,1,1016,broad_xyz,21.99112410904393,False,0.8822042185056497,0.9191494284811308,0.8851939151779358,-0.9606617476133228,0.0918666762264625,0.5750919770556192,0.1404797813416585,0.104877580992748,2.2119365552471064e-15,17.487037648106664,6
625,0.35,8,144,1,1,1016,broad_xyz,21.99112410904393,False,0.875926053435993,0.9285236546695704,0.9241710073514666,-0.9701298962237196,0.0236135963616508,0.4980013160809945,0.1471780909558158,0.1052305638445678,2.2119365552471064e-15,17.487037648106664,6
626,0.37,8,144,1,1,1016,broad_xyz,21.99112410904393,False,0.8698984186963135,0.9297782616409014,0.9469664730504186,-0.9720352864978896,-0.072150927791214,0.3685015538229094,0.1539737572021734,0.1045598473162879,2.2119365552471064e-15,17.487037648106664,6
627,0.39,8,144,1,1,1016,broad_xyz,21.99112410904393,False,0.8638099324162268,0.9268355827242994,0.957432247277419,-0.9662950497728572,-0.2187990923559399,0.2038293181919342,0.1571133040423689,0.1032471288378046,2.2119365552471064e-15,17.487037648106664,6
628,0.41,8,144,1,1,1016,broad_xyz,21.99112410904393,False,0.8586062958472273,0.9229109762261114,0.9604362023592088,-0.9581018997943131,-0.4170056497644313,0.0344637799672197,0.1603749193494408,0.1016853168198158,2.2119365552471064e-15,17.487037648106664,6
629,0.43,8,144,1,1,1016,broad_xyz,21.99112410904393,False,0.8523259698207994,0.9171581328714182,0.9579490035912224,-0.9509818773712152,-0.5800342561875399,-0.1097835895687687,0.1614434707541993,0.1000430035167776,2.2119365552471064e-15,17.487037648106664,6
630,0.45,8,144,1,1,1016,broad_xyz,21.99112410904393,False,0.8446337608350079,0.9103288186002402,0.9538085353948654,-0.9480351898933568,-0.6649658345874014,-0.2201581762458819,0.1613920934848629,0.0985826991925097,2.2119365552471064e-15,17.487037648106664,6
631,0.5,8,144,1,1,1016,broad_xyz,21.99112410904393,False,0.8304067657179992,0.8918154182256927,0.9445182106089538,-0.9609223013792958,-0.608258529507377,-0.3707733483117492,0.1587870067884037,0.099552906986457,2.2119365552471064e-15,17.487037648106664,6
632,0.55,8,144,1,1,1016,broad_xyz,21.99112410904393,False,0.7744091630082457,0.8179336557099144,0.9027130664845242,-0.960498789677658,-0.5354243319856449,-0.4337474642891669,0.1563474334812716,0.112206863244979,2.2119365552471064e-15,17.487037648106664,6
633,0.6,8,144,1,1,1016,broad_xyz,21.99112410904393,False,0.6755458538553425,0.7239913635703701,0.8721156605958538,-0.9473457609368734,-0.5906901843393317,-0.5448089451681747,0.1557981029134394,0.1229631564739749,2.2119365552471064e-15,17.487037648106664,6
634,0.6499999999999999,8,144,1,1,1016,broad_xyz,21.99112410904393,False,0.7024536102480368,0.7620849131674724,0.9048196910331696,-0.9523520321117968,-0.8041034530300704,-0.6527520901369634,0.1596781195896967,0.1214839446856442,2.2119365552471064e-15,17.487037648106664,6
635,0.7,8,144,1,1,1016,broad_xyz,21.99112410904393,False,0.7515835224218005,0.7918479934911465,0.9277556252012924,-0.9267044800294676,-0.901454180828154,-0.6814671438463732,0.1633766509271192,0.1168526666708843,2.2119365552471064e-15,17.487037648106664,6
636,0.725,8,144,1,1,1016,broad_xyz,21.99112410904393,False,0.7693505488347164,0.7955135893514931,0.9363182490820208,-0.904552350652262,-0.9158375729305396,-0.6788260581548512,0.1652833117107995,0.1152508634130347,2.2119365552471064e-15,17.487037648106664,6
637,0.75,8,144,1,1,1016,broad_xyz,21.99112410904393,False,0.7900525916167246,0.8073862700436638,0.9460701589190292,-0.876613377530512,-0.9243256357407308,-0.6665381723523452,0.1660680103720712,0.1133434016744622,2.2119365552471064e-15,17.487037648106664,6
638,0.775,8,144,1,1,1016,broad_xyz,21.99112410904393,False,0.8112026083303102,0.8294095501449091,0.9538042940578304,-0.8325948775912733,-0.9276113427377364,-0.6488156714399311,0.1625860051374333,0.1107255997905863,2.2119365552471064e-15,17.487037648106664,6
639,0.8,8,144,1,1,1016,broad_xyz,21.99112410904393,False,0.8241040321509031,0.8551487270898668,0.9565986419590378,-0.7414015524465821,-0.9287223163049666,-0.6229800824849314,0.1561841406239899,0.1074493729686184,2.2119365552471064e-15,17.487037648106664,6
640,0.825,8,144,1,1,1016,broad_xyz,21.99112410904393,False,0.818028094956796,0.8733773534499906,0.9526643550306628,-0.5739288431549812,-0.9290649873299394,-0.5848571793884944,0.1510670859366052,0.1038381342307669,2.2119365552471064e-15,17.487037648106664,6
641,0.85,8,144,1,1,1016,broad_xyz,21.99112410904393,False,0.78890633332521,0.8756830008100976,0.9432476326817452,-0.3995320210065582,-0.9252397118546938,-0.545197277023338,0.1474062244837593,0.1002000247432836,2.2119365552471064e-15,17.487037648106664,6
642,0.875,8,144,1,1,1016,broad_xyz,21.99112410904393,False,0.7484907403063286,0.8638807053761011,0.9309214799802722,-0.3132733687806228,-0.9061550831479196,-0.5255551084232285,0.1488536034573755,0.097091738205512,2.2119365552471064e-15,17.487037648106664,6
643,0.9,8,144,1,1,1016,broad_xyz,21.99112410904393,False,0.7156680503818703,0.8467775141164104,0.9209474995206196,-0.3065427897454378,-0.8718440174189156,-0.5187214999297026,0.1514181275336136,0.0950486049989407,2.2119365552471064e-15,17.487037648106664,6
644,0.95,8,144,1,1,1016,broad_xyz,21.99112410904393,False,0.7092507904632566,0.8132947623997222,0.9206699906273994,-0.4246001715000247,-0.9044495193211444,-0.5246449949626887,0.1527811447146398,0.0953265662708791,2.2119365552471064e-15,17.487037648106664,6
645,1.0,8,144,1,1,1016,broad_xyz,21.99112410904393,False,0.7103077828639892,0.7389876129266794,0.9111443970947608,-0.7063428549434766,-0.8949776843418397,-0.5726263138351777,0.1493862733407503,0.0995424505267296,2.2119365552471064e-15,17.487037648106664,6
646,0.05,8,144,1,1,1017,broad_xyz,21.99112410904393,False,0.4582145570587077,0.5856464172797959,-0.5691758141280115,-0.7372468853509717,-0.6561879230147994,0.3448433580475634,0.0022764820400934,0.000513317953076,2.2119365552471064e-15,17.487037648106664,7
647,0.075,8,144,1,1,1017,broad_xyz,21.99112410904393,False,0.5338888947416869,0.6255851856591819,-0.4578347191592977,-0.761310188962288,-0.6900049245392882,0.3921812799043975,0.0054496640818999,0.001393884654924,2.2119365552471064e-15,17.487037648106664,7
648,0.1,8,144,1,1,1017,broad_xyz,21.99112410904393,False,0.6377152369503616,0.6918629582194951,-0.2290245481587443,-0.8013268781269559,-0.7537737691450063,0.4611996325879308,0.0105802121641883,0.003163765641308,2.2119365552471064e-15,17.487037648106664,7
649,0.125,8,144,1,1,1017,broad_xyz,21.99112410904393,False,0.7543016723908063,0.7677402503445374,0.06694416825365,-0.8466582198089951,-0.8204589700888444,0.5430622168489543,0.0197516188154509,0.0065992999827583,2.2119365552471064e-15,17.487037648106664,7
650,0.15,8,144,1,1,1017,broad_xyz,21.99112410904393,False,0.8347891248268128,0.825978912897329,0.3069990728207992,-0.8774074260554274,-0.8370579524379919,0.611913693297848,0.0341989791426673,0.0127640725277518,2.2119365552471064e-15,17.487037648106664,7
651,0.1625,8,144,1,1,1017,broad_xyz,21.99112410904393,False,0.8576714356086657,0.8484546227236537,0.3953106501751902,-0.8862811513766511,-0.8283585912874102,0.633038324609273,0.0431138382391773,0.0170995778590977,2.2119365552471064e-15,17.487037648106664,7
652,0.175,8,144,1,1,1017,broad_xyz,21.99112410904393,False,0.8709006244525875,0.8674024585798059,0.4623034258396988,-0.8930396441089942,-0.8110021983337696,0.6477062755488636,0.0528885513482098,0.0222158783475247,2.2119365552471064e-15,17.487037648106664,7
653,0.1875,8,144,1,1,1017,broad_xyz,21.99112410904393,False,0.8774461703873031,0.8853478044815996,0.5099361058088528,-0.900041231930142,-0.7890242778288451,0.6564011170655275,0.063683935511368,0.0279957749829419,2.2119365552471064e-15,17.487037648106664,7
654,0.2,8,144,1,1,1017,broad_xyz,21.99112410904393,False,0.8818113060670367,0.90109163964741,0.5453511262312503,-0.9085129499117992,-0.7650573185900088,0.6584482795206162,0.0743659905528575,0.0343393016609859,2.2119365552471064e-15,17.487037648106664,7
655,0.2125,8,144,1,1,1017,broad_xyz,21.99112410904393,False,0.8835820400375606,0.9137674193278604,0.5751435883460027,-0.9178905266894596,-0.7342216995431735,0.6574674046150167,0.0845443773696935,0.0410983101505912,2.2119365552471064e-15,17.487037648106664,7
656,0.225,8,144,1,1,1017,broad_xyz,21.99112410904393,False,0.8825913342272619,0.923410917768569,0.6027794166906812,-0.928656547714077,-0.6904166338115698,0.6539659300517963,0.0941138616616244,0.0481823978292128,2.2119365552471064e-15,17.487037648106664,7
657,0.2375,8,144,1,1,1017,broad_xyz,21.99112410904393,False,0.8794708924908553,0.9303671431823728,0.6325940009251697,-0.9403429760816197,-0.6418636477433403,0.6492516196593968,0.1028277818380871,0.0555668565279569,2.2119365552471064e-15,17.487037648106664,7
658,0.25,8,144,1,1,1017,broad_xyz,21.99112410904393,False,0.8737432729297668,0.93473425043759,0.6660894513091039,-0.9530039510719884,-0.5801242936509878,0.642512133013123,0.1106147940273836,0.0633775165397834,2.2119365552471064e-15,17.487037648106664,7
659,0.27,8,144,1,1,1017,broad_xyz,21.99112410904393,False,0.8531394278303437,0.93007890840288,0.7169572238825135,-0.9669066843435686,-0.4921165614348878,0.6200815715347949,0.123300274973474,0.0768823456820579,2.2119365552471064e-15,17.487037648106664,7
660,0.29,8,144,1,1,1017,broad_xyz,21.99112410904393,False,0.8167459824687017,0.9089579770520488,0.7528028935961151,-0.9626763587914358,-0.4432458670737663,0.5848824161342138,0.1357587642733281,0.0903439842332537,2.2119365552471064e-15,17.487037648106664,7
661,0.31,8,144,1,1,1017,broad_xyz,21.99112410904393,False,0.785299279097187,0.8941685306261755,0.7887613635757283,-0.9574484206319503,-0.4207969713591666,0.574219546671746,0.1452957721840414,0.0997893880477359,2.2119365552471064e-15,17.487037648106664,7
662,0.33,8,144,1,1,1017,broad_xyz,21.99112410904393,False,0.7789579541720066,0.8997525939750304,0.8333860322972855,-0.9649040284108578,-0.4185469418894881,0.6048655893849835,0.1503342535500818,0.103726209615839,2.2119365552471064e-15,17.487037648106664,7
663,0.35,8,144,1,1,1017,broad_xyz,21.99112410904393,False,0.790996913829552,0.9140587384479968,0.8756602156941451,-0.9731214578351792,-0.4401818654157692,0.647247796572462,0.1521836301226612,0.104520454803597,2.2119365552471064e-15,17.487037648106664,7
664,0.37,8,144,1,1,1017,broad_xyz,21.99112410904393,False,0.8114549001705768,0.9297227249128918,0.9092794419501192,-0.9734940098437636,-0.4963290165373689,0.6821623085179527,0.1544450245032039,0.1044223922187187,2.2119365552471064e-15,17.487037648106664,7
665,0.39,8,144,1,1,1017,broad_xyz,21.99112410904393,False,0.8333880063476132,0.9411832021213252,0.931029250990189,-0.9655997150354032,-0.5845154798584956,0.6856409512867832,0.1551245548745078,0.1040289951136693,2.2119365552471064e-15,17.487037648106664,7
666,0.41,8,144,1,1,1017,broad_xyz,21.99112410904393,False,0.8513717613791475,0.9473843416836522,0.9419796584954868,-0.9545441462364384,-0.6865801577799793,0.6035957905278724,0.1546698472424955,0.1035979469198367,2.2119365552471064e-15,17.487037648106664,7
667,0.43,8,144,1,1,1017,broad_xyz,21.99112410904393,False,0.8643952156795163,0.9505563193996066,0.9474161863158364,-0.9448533431461664,-0.7866410067905223,0.4290494731362406,0.1535228825766738,0.1032724074908924,2.2119365552471064e-15,17.487037648106664,7
668,0.45,8,144,1,1,1017,broad_xyz,21.99112410904393,False,0.8713101046562446,0.9522598445726984,0.9512497616821604,-0.9404216611031274,-0.8338542299837879,0.2306497961597239,0.152697553686305,0.103257880999934,2.2119365552471064e-15,17.487037648106664,7
669,0.5,8,144,1,1,1017,broad_xyz,21.99112410904393,False,0.8526098952314297,0.9454848958132168,0.952757557216649,-0.9559149277288984,-0.7815354045803584,-0.014318385887039,0.1529518949524178,0.1063419491304731,2.2119365552471064e-15,17.487037648106664,7
670,0.55,8,144,1,1,1017,broad_xyz,21.99112410904393,False,0.7769167895094777,0.8877041074050896,0.9040495256701224,-0.9650859411596554,-0.7710565765481019,-0.0620590612640843,0.1505084303718858,0.1147401287522311,2.2119365552471064e-15,17.487037648106664,7
671,0.6,8,144,1,1,1017,broad_xyz,21.99112410904393,False,0.6715384434221575,0.7805427899940611,0.8674802870164274,-0.9211016657438194,-0.8489284969454994,-0.1951749346115124,0.1550624833429825,0.1245074961763211,2.2119365552471064e-15,17.487037648106664,7
672,0.6499999999999999,8,144,1,1,1017,broad_xyz,21.99112410904393,False,0.6606458055069967,0.7651760373920632,0.8909550254476177,-0.9266739197622664,-0.935070451678308,-0.3804386956698282,0.1652657841779687,0.12275494247038,2.2119365552471064e-15,17.487037648106664,7
673,0.7,8,144,1,1,1017,broad_xyz,21.99112410904393,False,0.7110671623121072,0.8087902297882034,0.9242839838339448,-0.9448593500772636,-0.957738965816007,-0.5035574453722846,0.1666656933814785,0.1178971065610741,2.2119365552471064e-15,17.487037648106664,7
674,0.725,8,144,1,1,1017,broad_xyz,21.99112410904393,False,0.7263283374874732,0.828775590607057,0.938482016182114,-0.9414008599126266,-0.9599902971542652,-0.5352431873249219,0.1654095381541718,0.1169196000945629,2.2119365552471064e-15,17.487037648106664,7
675,0.75,8,144,1,1,1017,broad_xyz,21.99112410904393,False,0.7436577771892207,0.8517232189583477,0.9493826862370788,-0.9324576153933788,-0.9587326142962712,-0.5525258218588213,0.1629698322012471,0.1158830761506129,2.2119365552471064e-15,17.487037648106664,7
676,0.775,8,144,1,1,1017,broad_xyz,21.99112410904393,False,0.7673053760171425,0.8789127677869091,0.9573898015514036,-0.9134257970939648,-0.9568602294388427,-0.563199945354716,0.1610762513019613,0.114297912522627,2.2119365552471064e-15,17.487037648106664,7
677,0.8,8,144,1,1,1017,broad_xyz,21.99112410904393,False,0.7925855036833863,0.9069911472352188,0.9621203688911024,-0.8608863180740858,-0.9551711460437424,-0.5712824703274199,0.1573930071624287,0.1123229719250969,2.2119365552471064e-15,17.487037648106664,7
678,0.825,8,144,1,1,1017,broad_xyz,21.99112410904393,False,0.80810250063528,0.929272959396796,0.9605858332949562,-0.7160177979543685,-0.9521848455084736,-0.579078532606405,0.1534127944703961,0.1102362413792403,2.2119365552471064e-15,17.487037648106664,7
679,0.85,8,144,1,1,1017,broad_xyz,21.99112410904393,False,0.8051717912830919,0.9410001780965096,0.951254773213796,-0.4746686761111967,-0.9438396716910212,-0.5835238081971581,0.151823809004299,0.1080538682255818,2.2119365552471064e-15,17.487037648106664,7
680,0.875,8,144,1,1,1017,broad_xyz,21.99112410904393,False,0.7890312019867379,0.9428872383916032,0.9399539323449528,-0.2978556578959691,-0.9289321448868348,-0.5764085443619662,0.1531889341687249,0.105738100737639,2.2119365552471064e-15,17.487037648106664,7
681,0.9,8,144,1,1,1017,broad_xyz,21.99112410904393,False,0.7747308830635072,0.9396155882621344,0.9346413457234396,-0.2378236375755954,-0.8984138358344378,-0.5616339226900819,0.1532372448068421,0.1039274750931676,2.2119365552471064e-15,17.487037648106664,7
682,0.95,8,144,1,1,1017,broad_xyz,21.99112410904393,False,0.7847687103861142,0.9306196605809528,0.9420109661973776,-0.2994792023553961,-0.9495979466682348,-0.5498702640836621,0.1501196692314565,0.104837368560631,2.2119365552471064e-15,17.487037648106664,7
683,1.0,8,144,1,1,1017,broad_xyz,21.99112410904393,False,0.8111144073476111,0.908199761851552,0.958351333276496,-0.5749420273524339,-0.9640741423970176,-0.5810153442569612,0.1525585908113166,0.1089412332338115,2.2119365552471064e-15,17.487037648106664,7
684,0.05,8,144,1,1,1018,broad_xyz,21.99112410904393,False,0.0315282392048769,0.3925228240741554,-0.0517874488257581,-0.2145842644290235,-0.1931209481241453,0.1346547536593481,0.0014252956944999,0.0001353684194158,2.2119365552471064e-15,17.487037648106664,8
685,0.075,8,144,1,1,1018,broad_xyz,21.99112410904393,False,-0.066133878945452,0.3826414533460255,-0.1414035243611218,-0.298230933616954,-0.3603171216543683,0.1139319335704692,0.0032851785729583,0.000343652588239,2.2119365552471064e-15,17.487037648106664,8
686,0.1,8,144,1,1,1018,broad_xyz,21.99112410904393,False,-0.056968600995077,0.3870334692758698,-0.1821340168736007,-0.3493573033566496,-0.4854920377186735,0.1526075829906946,0.0064457085943602,0.0007628602932826,2.2119365552471064e-15,17.487037648106664,8
687,0.125,8,144,1,1,1018,broad_xyz,21.99112410904393,False,0.066261277718828,0.4164411843783971,-0.1630233668265217,-0.3741621321340504,-0.5720560541683148,0.2535032263148173,0.011450041437607,0.0017521490877772,2.2119365552471064e-15,17.487037648106664,8
688,0.15,8,144,1,1,1018,broad_xyz,21.99112410904393,False,0.2908281521550928,0.5034412697334485,-0.0544219664940004,-0.3522231720365831,-0.6323119838066444,0.4152295727112641,0.0179910361921214,0.0044827789622771,2.2119365552471064e-15,17.487037648106664,8
689,0.1625,8,144,1,1,1018,broad_xyz,21.99112410904393,False,0.3957406260232199,0.5673744867228598,0.0003939528277682,-0.3426452140671021,-0.6121836855689835,0.4859703502634154,0.0222502266998206,0.0069986753294264,2.2119365552471064e-15,17.487037648106664,8
690,0.175,8,144,1,1,1018,broad_xyz,21.99112410904393,False,0.4903056828981177,0.6363859706341314,0.0525381984364099,-0.3351046206898607,-0.5289259878305157,0.5481619439217825,0.0275467811613179,0.0104865610249017,2.2119365552471064e-15,17.487037648106664,8
691,0.1875,8,144,1,1,1018,broad_xyz,21.99112410904393,False,0.5720173695299686,0.700383939400659,0.1063603948554234,-0.3262956038637544,-0.3915829939708548,0.6021121852248454,0.0334032199490564,0.0148304572190686,2.2119365552471064e-15,17.487037648106664,8
692,0.2,8,144,1,1,1018,broad_xyz,21.99112410904393,False,0.6375300998865618,0.7504089583508671,0.1613383968453802,-0.3180712986545919,-0.2639017008924621,0.642840776359092,0.0391121249404643,0.0198770064955613,2.2119365552471064e-15,17.487037648106664,8
693,0.2125,8,144,1,1,1018,broad_xyz,21.99112410904393,False,0.6828621721282215,0.7802785120090605,0.2170589633639175,-0.3156047716206702,-0.1823167995378836,0.6618531335205796,0.0481563024817331,0.0255693805734154,2.2119365552471064e-15,17.487037648106664,8
694,0.225,8,144,1,1,1018,broad_xyz,21.99112410904393,False,0.709968038422254,0.7903724272812811,0.267468677095366,-0.3301724615190756,-0.1482649022482313,0.6494029602214842,0.0590894688946554,0.0318447783607999,2.2119365552471064e-15,17.487037648106664,8
695,0.2375,8,144,1,1,1018,broad_xyz,21.99112410904393,False,0.7259924367399699,0.7881486874075555,0.3102324135805706,-0.3655648508657318,-0.1364138724620696,0.6042142197945635,0.0694988691147543,0.0384642623984597,2.2119365552471064e-15,17.487037648106664,8
696,0.25,8,144,1,1,1018,broad_xyz,21.99112410904393,False,0.7390383826475171,0.7806192446092508,0.3597155094088408,-0.4085528665479706,-0.1559316184285455,0.5254729379128973,0.0797783100791179,0.0453837273854088,2.2119365552471064e-15,17.487037648106664,8
697,0.27,8,144,1,1,1018,broad_xyz,21.99112410904393,False,0.764833480366397,0.7734299112151548,0.4725794105709615,-0.4599322717044897,-0.2543867889404188,0.3328606455792338,0.0961059716435715,0.0567795609932626,2.2119365552471064e-15,17.487037648106664,8
698,0.29,8,144,1,1,1018,broad_xyz,21.99112410904393,False,0.7993050322582201,0.7812713858355926,0.6203099431798209,-0.4584560647061264,-0.3993044246379097,0.1100876088431366,0.1096288142010093,0.0676644759031064,2.2119365552471064e-15,17.487037648106664,8
699,0.31,8,144,1,1,1018,broad_xyz,21.99112410904393,False,0.8190393057529409,0.8032413053705043,0.73252908233894,-0.4561005406603846,-0.5019856254888709,-0.042530906441493,0.1194869303419683,0.0761277531910078,2.2119365552471064e-15,17.487037648106664,8
700,0.33,8,144,1,1,1018,broad_xyz,21.99112410904393,False,0.8204082808074111,0.8410321725670603,0.7627168085808937,-0.5462035098374284,-0.5113059060711697,-0.0726957669045944,0.1312512054383512,0.0804994157593969,2.2119365552471064e-15,17.487037648106664,8
701,0.35,8,144,1,1,1018,broad_xyz,21.99112410904393,False,0.8213400280858738,0.8824064881578758,0.777208846487673,-0.6498933934115635,-0.4963669481563046,-0.0592503730648629,0.1384068228138588,0.0815303489479876,2.2119365552471064e-15,17.487037648106664,8
702,0.37,8,144,1,1,1018,broad_xyz,21.99112410904393,False,0.8232411333418211,0.911636136740199,0.8046301764460172,-0.7106360225503561,-0.4950595797520998,-0.0555348655951414,0.1376999340178986,0.0808356728237573,2.2119365552471064e-15,17.487037648106664,8
703,0.39,8,144,1,1,1018,broad_xyz,21.99112410904393,False,0.8221875072941282,0.9229974682817874,0.8385514687150991,-0.7329417462989861,-0.5058787266893737,-0.077768751205504,0.1345675533160742,0.0795518512246973,2.2119365552471064e-15,17.487037648106664,8
704,0.41,8,144,1,1,1018,broad_xyz,21.99112410904393,False,0.8100868440893928,0.9178563223542792,0.8661226694019718,-0.735566361726154,-0.5226197267958224,-0.1071167040977904,0.1288801957426441,0.0781577558990203,2.2119365552471064e-15,17.487037648106664,8
705,0.43,8,144,1,1,1018,broad_xyz,21.99112410904393,False,0.781887980986649,0.896935030921516,0.877240639385367,-0.7291416064685667,-0.53153180206454,-0.1356272309378651,0.1292655484005528,0.0769525625983102,2.2119365552471064e-15,17.487037648106664,8
706,0.45,8,144,1,1,1018,broad_xyz,21.99112410904393,False,0.7382090148787337,0.8648937711362225,0.8706974951828523,-0.7214818855719333,-0.5104705710134994,-0.1632265156085388,0.1322834807147579,0.0763030870279889,2.2119365552471064e-15,17.487037648106664,8
707,0.5,8,144,1,1,1018,broad_xyz,21.99112410904393,False,0.6223389984209582,0.8012046535979551,0.8128121260251027,-0.7371052049384621,-0.3919582882161771,-0.188872383798579,0.1405120090183345,0.079811364513961,2.2119365552471064e-15,17.487037648106664,8
708,0.55,8,144,1,1,1018,broad_xyz,21.99112410904393,False,0.5994352487442313,0.7781675486258738,0.7675574562263543,-0.7447309092627982,-0.4589085960240654,-0.0931135109317953,0.1390731499994519,0.0905683518599725,2.2119365552471064e-15,17.487037648106664,8
709,0.6,8,144,1,1,1018,broad_xyz,21.99112410904393,False,0.6552962972304491,0.7877008908461604,0.8222491592705701,-0.7126416538691482,-0.6555694722803659,-0.1328359991212077,0.1488155778066248,0.0996993985265302,2.2119365552471064e-15,17.487037648106664,8
710,0.6499999999999999,8,144,1,1,1018,broad_xyz,21.99112410904393,False,0.7297289498940592,0.8308735126798491,0.8214335520260341,-0.7344982889756849,-0.7311136797179328,-0.3558420311380521,0.1483802620510658,0.0999154950628708,2.2119365552471064e-15,17.487037648106664,8
711,0.7,8,144,1,1,1018,broad_xyz,21.99112410904393,False,0.7283252270761497,0.8472693316056765,0.837660531920366,-0.7314158192455285,-0.7804936373032154,-0.5268551111266059,0.1560304489276303,0.0981960185242859,2.2119365552471064e-15,17.487037648106664,8
712,0.725,8,144,1,1,1018,broad_xyz,21.99112410904393,False,0.7459830960397275,0.8567211116951972,0.8732309393698946,-0.7242842891056283,-0.8243023765288358,-0.554958836968588,0.1589428858624978,0.0982341001881542,2.2119365552471064e-15,17.487037648106664,8
713,0.75,8,144,1,1,1018,broad_xyz,21.99112410904393,False,0.7648834832143542,0.8628238424855356,0.9026669641314892,-0.7067715632913449,-0.8618377072458987,-0.5618446571873784,0.1578330611167873,0.0980952297421859,2.2119365552471064e-15,17.487037648106664,8
714,0.775,8,144,1,1,1018,broad_xyz,21.99112410904393,False,0.7834791216612831,0.8665983225198097,0.9208150793704508,-0.6642612227580222,-0.8881136959503085,-0.5579100482032876,0.1539005364243714,0.0968956801636663,2.2119365552471064e-15,17.487037648106664,8
715,0.8,8,144,1,1,1018,broad_xyz,21.99112410904393,False,0.7924331021070105,0.8708971155510925,0.9296314334651556,-0.5786672288089808,-0.9084501815870116,-0.5448988417627502,0.1521938762232928,0.0946143363660813,2.2119365552471064e-15,17.487037648106664,8
716,0.825,8,144,1,1,1018,broad_xyz,21.99112410904393,False,0.78702864656736,0.8770318107942754,0.92932510127198,-0.4480143525616137,-0.9217874410291228,-0.5304908040620983,0.1498568041979698,0.0920915837758598,2.2119365552471064e-15,17.487037648106664,8
717,0.85,8,144,1,1,1018,broad_xyz,21.99112410904393,False,0.7770667822004739,0.8818179796619731,0.921881701067347,-0.3251029057270696,-0.918268634545177,-0.5331318052350719,0.1442627225217873,0.090049635466576,2.2119365552471064e-15,17.487037648106664,8
718,0.875,8,144,1,1,1018,broad_xyz,21.99112410904393,False,0.7715813960305157,0.8794397049553413,0.9132602828737963,-0.253821372610881,-0.8935687404989453,-0.5550204120939068,0.1431041834917241,0.0884595190063643,2.2119365552471064e-15,17.487037648106664,8
719,0.9,8,144,1,1,1018,broad_xyz,21.99112410904393,False,0.7727988139185499,0.8696123892653894,0.9061642267901936,-0.2409599619055994,-0.850810914164018,-0.5683452279929941,0.1440858348500767,0.0875049605922745,2.2119365552471064e-15,17.487037648106664,8
720,0.95,8,144,1,1,1018,broad_xyz,21.99112410904393,False,0.7810587707247179,0.8487248841518563,0.9117338384958282,-0.338204166014881,-0.8811696003329386,-0.5651898491081986,0.1460060945912927,0.0874333232962209,2.2119365552471064e-15,17.487037648106664,8
721,1.0,8,144,1,1,1018,broad_xyz,21.99112410904393,False,0.7661696177282477,0.8175754266813421,0.9193587501792712,-0.605449450010355,-0.8974774077150072,-0.5666345319530622,0.1490501432011743,0.0887691318881609,2.2119365552471064e-15,17.487037648106664,8
722,0.05,8,144,1,1,1019,broad_xyz,21.99112410904393,False,0.1338162224195022,0.4819701260968385,-0.4865217802741274,-0.5851459331429004,-0.5397717469927669,0.6556384074877518,0.002198442003704,0.0004455534192923,2.2119365552471064e-15,17.487037648106664,9
723,0.075,8,144,1,1,1019,broad_xyz,21.99112410904393,False,0.2171716342082141,0.4900195551611335,-0.4609921130026889,-0.6116445648027469,-0.5940513633356302,0.6461022261282525,0.0058095713931286,0.0012043982803765,2.2119365552471064e-15,17.487037648106664,9
724,0.1,8,144,1,1,1019,broad_xyz,21.99112410904393,False,0.3264514887357119,0.5208056834645974,-0.4200772960356596,-0.648756879756502,-0.6662757238848889,0.6208597643374422,0.0122418899496444,0.0027095723655148,2.2119365552471064e-15,17.487037648106664,9
725,0.125,8,144,1,1,1019,broad_xyz,21.99112410904393,False,0.4475289048289482,0.5829123602582703,-0.3545952412446581,-0.6938849646939579,-0.7339876869793249,0.5965660589822601,0.0219939491260015,0.0056176184987811,2.2119365552471064e-15,17.487037648106664,9
726,0.15,8,144,1,1,1019,broad_xyz,21.99112410904393,False,0.5818764826945251,0.6684851388563063,-0.2440104429801271,-0.7363086033179337,-0.7929861908915843,0.5472128186728962,0.0369955200346504,0.0109456938731311,2.2119365552471064e-15,17.487037648106664,9
727,0.1625,8,144,1,1,1019,broad_xyz,21.99112410904393,False,0.6415896079326605,0.7150712542731028,-0.1732861118552462,-0.7536317513374223,-0.8213594872373419,0.5082888438849139,0.0460539521593304,0.0149394965746869,2.2119365552471064e-15,17.487037648106664,9
728,0.175,8,144,1,1,1019,broad_xyz,21.99112410904393,False,0.6862526738441947,0.7590277643503742,-0.1014146468140034,-0.7698263237174912,-0.8459774529391736,0.4687396527556645,0.0559873069962315,0.019959839238609,2.2119365552471064e-15,17.487037648106664,9
729,0.1875,8,144,1,1,1019,broad_xyz,21.99112410904393,False,0.719732470194964,0.799220560922754,-0.0293761330961631,-0.7851076325585815,-0.8621109390424293,0.4359266010503187,0.0662985363643128,0.0259262198422363,2.2119365552471064e-15,17.487037648106664,9
730,0.2,8,144,1,1,1019,broad_xyz,21.99112410904393,False,0.7419370087825585,0.8295279812179353,0.0376922911790116,-0.8002121433518942,-0.8551027123570024,0.4127747753057772,0.0772657878003995,0.0324483585366726,2.2119365552471064e-15,17.487037648106664,9
731,0.2125,8,144,1,1,1019,broad_xyz,21.99112410904393,False,0.7572048673775207,0.8521450784135773,0.0987706258088834,-0.8172645541838834,-0.813998676167451,0.4018063254282182,0.0884373519293359,0.0392348530551654,2.2119365552471064e-15,17.487037648106664,9
732,0.225,8,144,1,1,1019,broad_xyz,21.99112410904393,False,0.7689893616018575,0.8694798919493013,0.1571078132692394,-0.8356523437142678,-0.7289114113703357,0.4012092630972362,0.0987637648513987,0.0460128084412938,2.2119365552471064e-15,17.487037648106664,9
733,0.2375,8,144,1,1,1019,broad_xyz,21.99112410904393,False,0.7807492155450414,0.8843110205529434,0.2159269359069043,-0.8552369837270828,-0.6134132106387403,0.4060269675594981,0.1077608385318982,0.0526738868794643,2.2119365552471064e-15,17.487037648106664,9
734,0.25,8,144,1,1,1019,broad_xyz,21.99112410904393,False,0.7941685191958645,0.8980060496031496,0.2803843287017432,-0.8736588002989276,-0.481748677968398,0.4104478846157481,0.115205680048482,0.0591166777692916,2.2119365552471064e-15,17.487037648106664,9
735,0.27,8,144,1,1,1019,broad_xyz,21.99112410904393,False,0.8275001956047058,0.922956469363694,0.4065375170653856,-0.898839100618824,-0.305494487230924,0.4000021762620838,0.1235788848596714,0.0692982278741444,2.2119365552471064e-15,17.487037648106664,9
736,0.29,8,144,1,1,1019,broad_xyz,21.99112410904393,False,0.8758681059820017,0.946785846974671,0.5631962519141561,-0.9043640248607256,-0.2461789442973959,0.3404932896998198,0.127757698939798,0.0796801010245145,2.2119365552471064e-15,17.487037648106664,9
737,0.31,8,144,1,1,1019,broad_xyz,21.99112410904393,False,0.91458991379079,0.9567873113671436,0.7111297647951965,-0.8878910407273899,-0.2707869571676065,0.2324231638653802,0.131238713005549,0.0889525063155424,2.2119365552471064e-15,17.487037648106664,9
738,0.33,8,144,1,1,1019,broad_xyz,21.99112410904393,False,0.9003373155118201,0.9459232890426352,0.7658150109239085,-0.904525926047482,-0.2843368431313411,0.14905134947964,0.1332108900608573,0.0937806886620956,2.2119365552471064e-15,17.487037648106664,9
739,0.35,8,144,1,1,1019,broad_xyz,21.99112410904393,False,0.8772283513820762,0.94147222178489,0.8075570794652092,-0.924526289339928,-0.3270535102718945,0.078668504230292,0.1371542782947565,0.096141746763597,2.2119365552471064e-15,17.487037648106664,9
740,0.37,8,144,1,1,1019,broad_xyz,21.99112410904393,False,0.8566937114373512,0.9386981702836574,0.8496749934248835,-0.928690902819732,-0.3903383365131107,0.0107142340753319,0.1394045927827241,0.0971814244442444,2.2119365552471064e-15,17.487037648106664,9
741,0.39,8,144,1,1,1019,broad_xyz,21.99112410904393,False,0.8379096655283128,0.9320368533243152,0.8854101554657785,-0.9168918161923936,-0.4697804519699824,-0.0436876758078357,0.1428389013586517,0.0974824364881893,2.2119365552471064e-15,17.487037648106664,9
742,0.41,8,144,1,1,1019,broad_xyz,21.99112410904393,False,0.819730781059775,0.9232677277604384,0.9078948661362896,-0.8984062905539633,-0.5609150154641114,-0.0707499891495897,0.1465533145451148,0.0973822819369212,2.2119365552471064e-15,17.487037648106664,9
743,0.43,8,144,1,1,1019,broad_xyz,21.99112410904393,False,0.8065027525017717,0.9156093351932124,0.9188718104242084,-0.8809988971807903,-0.6535460412697642,-0.0781244077996441,0.150121141725438,0.0970892463726847,2.2119365552471064e-15,17.487037648106664,9
744,0.45,8,144,1,1,1019,broad_xyz,21.99112410904393,False,0.8005425729017767,0.9094484314631252,0.920090194874477,-0.868575878930376,-0.7193750324359663,-0.0813391230319937,0.1532468902299995,0.0966698138666172,2.2119365552471064e-15,17.487037648106664,9
745,0.5,8,144,1,1,1019,broad_xyz,21.99112410904393,False,0.8156417093281343,0.905950814590764,0.9055142174550042,-0.8905463754642546,-0.7332694643773374,-0.1102112785497325,0.15548042544921,0.0982846396865721,2.2119365552471064e-15,17.487037648106664,9
746,0.55,8,144,1,1,1019,broad_xyz,21.99112410904393,False,0.7772688998328995,0.8811556221611359,0.8448607954772349,-0.9407924567718612,-0.8042419862485144,-0.1860142426794445,0.1556260028431343,0.1068344741134759,2.2119365552471064e-15,17.487037648106664,9
747,0.6,8,144,1,1,1019,broad_xyz,21.99112410904393,False,0.7296161565483347,0.8447325508180464,0.8469750592302938,-0.8990988413114194,-0.847741710153338,-0.397416281711921,0.1611168059510663,0.1150851395104923,2.2119365552471064e-15,17.487037648106664,9
748,0.6499999999999999,8,144,1,1,1019,broad_xyz,21.99112410904393,False,0.7162326978605309,0.7924743616362979,0.7972615550818511,-0.9229976009175348,-0.8778672281636283,-0.4491636604922616,0.1572243105983834,0.1156732180828815,2.2119365552471064e-15,17.487037648106664,9
749,0.7,8,144,1,1,1019,broad_xyz,21.99112410904393,False,0.7168665932610628,0.7920445276439156,0.8125340001942396,-0.9347926813541796,-0.9170954334246578,-0.4457151979518303,0.1640912985319212,0.1122758816266858,2.2119365552471064e-15,17.487037648106664,9
750,0.725,8,144,1,1,1019,broad_xyz,21.99112410904393,False,0.7272797807588606,0.8040453430011782,0.8534968631359493,-0.9267327191996836,-0.9379986430774712,-0.4669891743995684,0.1661503179936387,0.1115205389415656,2.2119365552471064e-15,17.487037648106664,9
751,0.75,8,144,1,1,1019,broad_xyz,21.99112410904393,False,0.7389790873011312,0.8206267923893608,0.8927680971859998,-0.9111896583527568,-0.9519046245733732,-0.489901490324181,0.1666291877461312,0.1112533008173242,2.2119365552471064e-15,17.487037648106664,9
752,0.775,8,144,1,1,1019,broad_xyz,21.99112410904393,False,0.7543566325257396,0.840792230336116,0.9215138922619924,-0.8867953462407256,-0.9563762792256998,-0.5103489661882805,0.1664875729934098,0.110992285916894,2.2119365552471064e-15,17.487037648106664,9
753,0.8,8,144,1,1,1019,broad_xyz,21.99112410904393,False,0.778968357251509,0.8638987209223714,0.9396873000043976,-0.8469931994293972,-0.9538591625946484,-0.5289399381010221,0.1654690986161354,0.1104987422135777,2.2119365552471064e-15,17.487037648106664,9
754,0.825,8,144,1,1,1019,broad_xyz,21.99112410904393,False,0.808201239099553,0.8866047280328837,0.9495077541800676,-0.7569787796275915,-0.9474932629702534,-0.5497832137516563,0.1637088780466798,0.1101455282605176,2.2119365552471064e-15,17.487037648106664,9
755,0.85,8,144,1,1,1019,broad_xyz,21.99112410904393,False,0.8325349613099653,0.9042106200924812,0.949723780023398,-0.5549362938755995,-0.9368702268384574,-0.5703870867097605,0.1603688147133036,0.1103135055869295,2.2119365552471064e-15,17.487037648106664,9
756,0.875,8,144,1,1,1019,broad_xyz,21.99112410904393,False,0.8470476695527318,0.9150452005478245,0.945521728310005,-0.3088789487985647,-0.9241574172158422,-0.5708201196050504,0.160503840411129,0.1103680385890201,2.2119365552471064e-15,17.487037648106664,9
757,0.9,8,144,1,1,1019,broad_xyz,21.99112410904393,False,0.8547852484803531,0.9189675661936688,0.9444239559230772,-0.1579880932000939,-0.8946312550026752,-0.5571022251504364,0.1632225173687292,0.1101201061926284,2.2119365552471064e-15,17.487037648106664,9
758,0.95,8,144,1,1,1019,broad_xyz,21.99112410904393,False,0.8733479660500233,0.90215995559362,0.9431225975172878,-0.1131084500476397,-0.9287303633344623,-0.5572740174268813,0.1694030564558474,0.1102297113175264,2.2119365552471064e-15,17.487037648106664,9
759,1.0,8,144,1,1,1019,broad_xyz,21.99112410904393,False,0.8385454215013473,0.8436626954796704,0.9409941615897428,-0.5882460120998162,-0.9389974962438968,-0.4964231347033656,0.1609639089799406,0.1098580974411113,2.2119365552471064e-15,17.487037648106664,9
760,0.05,8,144,1,1,1020,broad_xyz,21.99112410904393,False,0.4644880855667565,0.3535479685529802,0.1416859798434848,-0.2032478778769631,-0.1482635877386483,-0.2871075638963149,0.0007257773028363,7.094496124899786e-05,2.2119365552471064e-15,17.487037648106664,10
761,0.075,8,144,1,1,1020,broad_xyz,21.99112410904393,False,0.4151139797872662,0.5135484104007131,0.0246841856540874,-0.4028384647483637,-0.4246789016830992,-0.1727365196969806,0.001227742144849,0.000219124386348,2.2119365552471064e-15,17.487037648106664,10
762,0.1,8,144,1,1,1020,broad_xyz,21.99112410904393,False,0.2505756124673908,0.5086231584963233,-0.1410857734761724,-0.5382207222307717,-0.5847355220844617,-0.0198564983021331,0.0044539742742949,0.0007165773995898,2.2119365552471064e-15,17.487037648106664,10
763,0.125,8,144,1,1,1020,broad_xyz,21.99112410904393,False,0.3055005017296442,0.5321499983713055,-0.1629150380977404,-0.6085092987412504,-0.703033223232636,0.0192562542726315,0.0102941712462727,0.0020814050319121,2.2119365552471064e-15,17.487037648106664,10
764,0.15,8,144,1,1,1020,broad_xyz,21.99112410904393,False,0.4536370185810174,0.6103189688930636,-0.1268433400599584,-0.6594742482115863,-0.7449121502060848,0.0452601371661981,0.0211050282536589,0.0054602516810415,2.2119365552471064e-15,17.487037648106664,10
765,0.1625,8,144,1,1,1020,broad_xyz,21.99112410904393,False,0.5301475542404301,0.6599278398310873,-0.0995401093278026,-0.6817899213407623,-0.7297594404954639,0.0623811721950023,0.0282516878289813,0.0083954402825155,2.2119365552471064e-15,17.487037648106664,10
766,0.175,8,144,1,1,1020,broad_xyz,21.99112410904393,False,0.5985647165517336,0.7079226005050541,-0.0612062115173036,-0.6962740672791138,-0.688499472538403,0.07109852640194,0.0363922369454088,0.0123184985506439,2.2119365552471064e-15,17.487037648106664,10
767,0.1875,8,144,1,1,1020,broad_xyz,21.99112410904393,False,0.6535262939045179,0.7488534675698368,-0.0091211227358274,-0.7022662476122781,-0.6224776545775429,0.0586676715990791,0.0448222365844398,0.0171339214771672,2.2119365552471064e-15,17.487037648106664,10
768,0.2,8,144,1,1,1020,broad_xyz,21.99112410904393,False,0.6949155307467779,0.780432190238694,0.0533271845227408,-0.7045774118174892,-0.547337391979653,0.0250212304224433,0.0532448292378458,0.0226408168987174,2.2119365552471064e-15,17.487037648106664,10
769,0.2125,8,144,1,1,1020,broad_xyz,21.99112410904393,False,0.7237369633655275,0.8035779761304959,0.1186620550526177,-0.7114543841176938,-0.4576768985021365,-0.0240555125486679,0.0610857974486024,0.0286634546777041,2.2119365552471064e-15,17.487037648106664,10
770,0.225,8,144,1,1,1020,broad_xyz,21.99112410904393,False,0.7403984166068982,0.8170356919307332,0.1828132878691689,-0.727295557817811,-0.349471639176023,-0.0840470441135234,0.0682583777969072,0.0350372415259801,2.2119365552471064e-15,17.487037648106664,10
771,0.2375,8,144,1,1,1020,broad_xyz,21.99112410904393,False,0.7460585178426644,0.8207672505548559,0.2445295020196511,-0.7526759699728832,-0.251631117162776,-0.1523102827465705,0.0747542406172527,0.0417456908470404,2.2119365552471064e-15,17.487037648106664,10
772,0.25,8,144,1,1,1020,broad_xyz,21.99112410904393,False,0.7411224180867557,0.8136252388776699,0.3030393428025743,-0.7851848362632752,-0.16934106074417,-0.2288937394586827,0.0808387303333953,0.0488972226334546,2.2119365552471064e-15,17.487037648106664,10
773,0.27,8,144,1,1,1020,broad_xyz,21.99112410904393,False,0.7166022386147649,0.7854026297985026,0.3922697268602219,-0.8409030955843494,-0.099406645208001,-0.351915467096883,0.1004639892793386,0.0613597503791391,2.2119365552471064e-15,17.487037648106664,10
774,0.29,8,144,1,1,1020,broad_xyz,21.99112410904393,False,0.6943934327915291,0.7591939912957888,0.5041087228044215,-0.8689010179214957,-0.1105734541410088,-0.4174802751772096,0.119400338726943,0.0736258786594187,2.2119365552471064e-15,17.487037648106664,10
775,0.31,8,144,1,1,1020,broad_xyz,21.99112410904393,False,0.7104885593963141,0.7706466639920316,0.6421129484437251,-0.8771951935735345,-0.1679675788632608,-0.3745111114599332,0.1347047569822349,0.0826405980726906,2.2119365552471064e-15,17.487037648106664,10
776,0.33,8,144,1,1,1020,broad_xyz,21.99112410904393,False,0.7533492588715949,0.8071850718970287,0.7585585915929329,-0.8933495503167823,-0.2283261514213227,-0.2933295686001691,0.1454615111535635,0.0871259457925977,2.2119365552471064e-15,17.487037648106664,10
777,0.35,8,144,1,1,1020,broad_xyz,21.99112410904393,False,0.7943148327759096,0.8405082252963914,0.8381026835361525,-0.9120902694309644,-0.2823145697641494,-0.2429098411142621,0.153139709807773,0.0887649919316918,2.2119365552471064e-15,17.487037648106664,10
778,0.37,8,144,1,1,1020,broad_xyz,21.99112410904393,False,0.8269942619836796,0.8660108520169459,0.8856591364027255,-0.9269715048519434,-0.3330700493677114,-0.2251137890479202,0.1553117737160257,0.0895428995596491,2.2119365552471064e-15,17.487037648106664,10
779,0.39,8,144,1,1,1020,broad_xyz,21.99112410904393,False,0.8539577086664103,0.8884142113462662,0.916365311005575,-0.93098330797416,-0.3932710984287116,-0.2127970635268136,0.1528989517940954,0.0900315304149603,2.2119365552471064e-15,17.487037648106664,10
780,0.41,8,144,1,1,1020,broad_xyz,21.99112410904393,False,0.8716870458265947,0.9068513074748512,0.934010152288569,-0.9301236015797518,-0.4688946964836637,-0.2010065055957097,0.1522960100289245,0.0901632938562136,2.2119365552471064e-15,17.487037648106664,10
781,0.43,8,144,1,1,1020,broad_xyz,21.99112410904393,False,0.8751124816052751,0.917173511838641,0.9406728872227778,-0.9288040612128748,-0.5328624412162254,-0.1911383877666657,0.1502168803757632,0.0899837160512387,2.2119365552471064e-15,17.487037648106664,10
782,0.45,8,144,1,1,1020,broad_xyz,21.99112410904393,False,0.8653883644354369,0.918602372718693,0.9389451037006064,-0.9277475312938496,-0.5550984296729863,-0.1905023930946331,0.1465671512201648,0.0894546960063158,2.2119365552471064e-15,17.487037648106664,10
783,0.5,8,144,1,1,1020,broad_xyz,21.99112410904393,False,0.8143775133691268,0.8901067237546791,0.9077701373203504,-0.9378734104205462,-0.461012967783748,-0.2100852772686904,0.1477780137405101,0.089777383754223,2.2119365552471064e-15,17.487037648106664,10
784,0.55,8,144,1,1,1020,broad_xyz,21.99112410904393,False,0.7785674443632192,0.8292375618860458,0.8527268306513582,-0.9338051997081472,-0.4890884591201748,-0.2641855016815053,0.1404375065106182,0.0979019102148738,2.2119365552471064e-15,17.487037648106664,10
785,0.6,8,144,1,1,1020,broad_xyz,21.99112410904393,False,0.7276534366448829,0.7427838533285512,0.7806163269110118,-0.8883997236348534,-0.6239244550298952,-0.4594714118526113,0.1456952826184868,0.1094035327099653,2.2119365552471064e-15,17.487037648106664,10
786,0.6499999999999999,8,144,1,1,1020,broad_xyz,21.99112410904393,False,0.7862923321074128,0.8134397911718135,0.8434062701670842,-0.8705484494077254,-0.8266432702957266,-0.5943190849111893,0.1548994050883713,0.1111742638462837,2.2119365552471064e-15,17.487037648106664,10
787,0.7,8,144,1,1,1020,broad_xyz,21.99112410904393,False,0.8176796305573603,0.8528302352911966,0.8967851615274539,-0.8864618019848576,-0.90097746400916,-0.608687289995876,0.1575981642493569,0.106971859344013,2.2119365552471064e-15,17.487037648106664,10
788,0.725,8,144,1,1,1020,broad_xyz,21.99112410904393,False,0.8185726721899511,0.8571527490834817,0.9142421901659364,-0.8906111908520508,-0.9091475409253617,-0.6015898407477115,0.152539854888576,0.1053775288602418,2.2119365552471064e-15,17.487037648106664,10
789,0.75,8,144,1,1,1020,broad_xyz,21.99112410904393,False,0.8170270214204377,0.8613011161271006,0.9260796509197294,-0.8872484850094969,-0.9098046475485908,-0.5913518986025498,0.1509641254954193,0.1040903669218261,2.2119365552471064e-15,17.487037648106664,10
790,0.775,8,144,1,1,1020,broad_xyz,21.99112410904393,False,0.8055243007740998,0.8673981925692289,0.9314164913759548,-0.8623680015682259,-0.9069774378414368,-0.5788358751998776,0.15365323223608,0.1025414193153049,2.2119365552471064e-15,17.487037648106664,10
791,0.8,8,144,1,1,1020,broad_xyz,21.99112410904393,False,0.7895104017899661,0.8759133779305517,0.9325546937050696,-0.7816307342512729,-0.9096184930297396,-0.5636975780850135,0.1506494486427751,0.1005454967957229,2.2119365552471064e-15,17.487037648106664,10
792,0.825,8,144,1,1,1020,broad_xyz,21.99112410904393,False,0.7730353392257622,0.8845766148776537,0.9296274009996844,-0.5975291146992117,-0.9169854188606598,-0.5408906796185605,0.1514460033036277,0.0984352924080063,2.2119365552471064e-15,17.487037648106664,10
793,0.85,8,144,1,1,1020,broad_xyz,21.99112410904393,False,0.75982515732987,0.8911221291853584,0.9229019783995772,-0.3799790819190645,-0.9222556676263616,-0.5120540188813114,0.1517571307867196,0.0963913416187579,2.2119365552471064e-15,17.487037648106664,10
794,0.875,8,144,1,1,1020,broad_xyz,21.99112410904393,False,0.7593836071323513,0.8939037390026972,0.913893505352222,-0.2752622003435792,-0.9158623632540636,-0.4879872028416129,0.1525371317056318,0.0944935730775716,2.2119365552471064e-15,17.487037648106664,10
795,0.9,8,144,1,1,1020,broad_xyz,21.99112410904393,False,0.7752104554969316,0.8922813791359763,0.9039844241460916,-0.2824133648890439,-0.8877218528005615,-0.4758306617788522,0.1526163211003126,0.0933547347626318,2.2119365552471064e-15,17.487037648106664,10
796,0.95,8,144,1,1,1020,broad_xyz,21.99112410904393,False,0.8222435393280471,0.8754423666941815,0.8959536649496548,-0.4637411873276226,-0.9221440987279912,-0.4650445334153589,0.1488872789892778,0.0933798956819939,2.2119365552471064e-15,17.487037648106664,10
797,1.0,8,144,1,1,1020,broad_xyz,21.99112410904393,False,0.8087394572851191,0.8088101758027704,0.8769368073977416,-0.777323438083505,-0.881617476289256,-0.4777236475480338,0.1488643192667082,0.0949402715549804,2.2119365552471064e-15,17.487037648106664,10
798,0.05,8,144,1,1,1021,broad_xyz,21.99112410904393,False,0.0855557696327087,0.458486770285425,-0.5352310160171314,-0.5621462339218719,-0.5060123047516171,0.6901379614862326,0.0006988245623915,0.000147011893984,2.2119365552471064e-15,17.487037648106664,11
799,0.075,8,144,1,1,1021,broad_xyz,21.99112410904393,False,0.2508747522392578,0.4634499619540873,-0.5068453068212225,-0.5683466396691126,-0.5448865307820078,0.5527056162584294,0.001539181341239,0.0003364476603733,2.2119365552471064e-15,17.487037648106664,11
800,0.1,8,144,1,1,1021,broad_xyz,21.99112410904393,False,0.3678449025870561,0.4707471826496285,-0.2552409319350924,-0.3915897928086798,-0.3777892241274381,0.1925744219379054,0.0043959081904728,0.0008038044429654,2.2119365552471064e-15,17.487037648106664,11
801,0.125,8,144,1,1,1021,broad_xyz,21.99112410904393,False,0.3207646936786843,0.4404024926751013,-0.0850476772791523,-0.2593240864652006,-0.2712262670736099,0.0438551306213272,0.0095820676450054,0.001624459426593,2.2119365552471064e-15,17.487037648106664,11
802,0.15,8,144,1,1,1021,broad_xyz,21.99112410904393,False,0.3558004584955334,0.4888669187176588,-0.096432502129502,-0.2794125438320633,-0.2812345886952408,0.0770512395353208,0.0133417083477265,0.0026735679377215,2.2119365552471064e-15,17.487037648106664,11
803,0.1625,8,144,1,1,1021,broad_xyz,21.99112410904393,False,0.3973976885020808,0.5170092799191273,-0.1616716236931511,-0.3386138255331909,-0.3075067636766023,0.1005842218755182,0.0168025989926062,0.0032887056631919,2.2119365552471064e-15,17.487037648106664,11
804,0.175,8,144,1,1,1021,broad_xyz,21.99112410904393,False,0.4344850839867247,0.5322833512598151,-0.2305934085960592,-0.4038718399901779,-0.3628898968350206,0.099779486893033,0.0199302432845489,0.0041126370374937,2.2119365552471064e-15,17.487037648106664,11
805,0.1875,8,144,1,1,1021,broad_xyz,21.99112410904393,False,0.4642291224363191,0.5455116345572153,-0.2862487326252986,-0.4647135623415167,-0.4481735256088286,0.0778836333796979,0.0246156160572132,0.0052430402573973,2.2119365552471064e-15,17.487037648106664,11
806,0.2,8,144,1,1,1021,broad_xyz,21.99112410904393,False,0.4948296687452909,0.5698813202237543,-0.321453812055719,-0.514888081991133,-0.5300808433625978,0.0459012156275819,0.031149250492585,0.0067632738815608,2.2119365552471064e-15,17.487037648106664,11
807,0.2125,8,144,1,1,1021,broad_xyz,21.99112410904393,False,0.5355532322406648,0.6182130386822383,-0.3350647208995103,-0.5479605448573985,-0.5441548691514628,0.0043126857080266,0.0394739415297397,0.0088596514432044,2.2119365552471064e-15,17.487037648106664,11
808,0.225,8,144,1,1,1021,broad_xyz,21.99112410904393,False,0.5694045946038069,0.6678206934737331,-0.3147938592509529,-0.5394720445107745,-0.446729335075827,-0.0302724056100432,0.0473166712370356,0.0115396937330868,2.2119365552471064e-15,17.487037648106664,11
809,0.2375,8,144,1,1,1021,broad_xyz,21.99112410904393,False,0.5749255416957528,0.6961601795591309,-0.2501190506659898,-0.4759455806506356,-0.2712480968831736,-0.0500636349773309,0.0542679855050021,0.0146068003058962,2.2119365552471064e-15,17.487037648106664,11
810,0.25,8,144,1,1,1021,broad_xyz,21.99112410904393,False,0.5480753743537448,0.7038493427848329,-0.1463710805098399,-0.3757092719274769,-0.1337124886239281,-0.0557132849211065,0.0603578078990169,0.0179162289418916,2.2119365552471064e-15,17.487037648106664,11
811,0.27,8,144,1,1,1021,broad_xyz,21.99112410904393,False,0.4728712621356528,0.6844012575014675,0.0465817019508219,-0.2240815254335216,-0.0817028988488048,-0.0628653280522568,0.0677443801847519,0.023468315481138,2.2119365552471064e-15,17.487037648106664,11
812,0.29,8,144,1,1,1021,broad_xyz,21.99112410904393,False,0.4054595411079231,0.6348813558915323,0.1968612135169062,-0.1764794633711985,-0.2111779017073733,-0.0507852153915026,0.073912480821122,0.0293808694173502,2.2119365552471064e-15,17.487037648106664,11
813,0.31,8,144,1,1,1021,broad_xyz,21.99112410904393,False,0.4027252373377253,0.596773492566091,0.2519782808281205,-0.2536082926348358,-0.3627374708604856,-0.0034256765861562,0.0911699183587957,0.0355795853594183,2.2119365552471064e-15,17.487037648106664,11
814,0.33,8,144,1,1,1021,broad_xyz,21.99112410904393,False,0.4513738995863082,0.6062703948096299,0.2490733102905339,-0.374747215147514,-0.4109747091402093,0.0781605314815137,0.0998269169318694,0.041657192899745,2.2119365552471064e-15,17.487037648106664,11
815,0.35,8,144,1,1,1021,broad_xyz,21.99112410904393,False,0.4918124678384495,0.6523969438714655,0.2462566945175245,-0.4798443223426587,-0.3622696234918351,0.1534778793297414,0.1155800597362479,0.0470569705480628,2.2119365552471064e-15,17.487037648106664,11
816,0.37,8,144,1,1,1021,broad_xyz,21.99112410904393,False,0.4936915637417897,0.6956778663364731,0.2761927514342494,-0.5608280931166416,-0.289004087393891,0.1893859093771952,0.1305961381400452,0.0519273105455235,2.2119365552471064e-15,17.487037648106664,11
817,0.39,8,144,1,1,1021,broad_xyz,21.99112410904393,False,0.4720981244968875,0.7206944600540984,0.3379933276561584,-0.6250957775138574,-0.2596693558446956,0.1832338173128697,0.1414499744440601,0.0563499746667795,2.2119365552471064e-15,17.487037648106664,11
818,0.41,8,144,1,1,1021,broad_xyz,21.99112410904393,False,0.4497963156435853,0.7365328777431754,0.4088207963960976,-0.6733358168039419,-0.2816591339969042,0.1523930792163654,0.1469617003038528,0.0599284029763243,2.2119365552471064e-15,17.487037648106664,11
819,0.43,8,144,1,1,1021,broad_xyz,21.99112410904393,False,0.4335368927677446,0.744680457398841,0.4754928760602131,-0.7024969497744933,-0.3271794803803681,0.0977782472599468,0.1490875558731881,0.0629268414135925,2.2119365552471064e-15,17.487037648106664,11
820,0.45,8,144,1,1,1021,broad_xyz,21.99112410904393,False,0.4364213898516005,0.7519297944601201,0.5380095848656324,-0.7208961159887223,-0.3929799070935703,0.0233957097075903,0.1546647841019536,0.0659680991448848,2.2119365552471064e-15,17.487037648106664,11
821,0.5,8,144,1,1,1021,broad_xyz,21.99112410904393,False,0.5192169763176073,0.7776617923018923,0.6657457333619684,-0.7770780768215501,-0.4897752265387135,-0.1334780699061444,0.1577399961232426,0.0736759462989924,2.2119365552471064e-15,17.487037648106664,11
822,0.55,8,144,1,1,1021,broad_xyz,21.99112410904393,False,0.5756379766370643,0.7819073005542369,0.7116240418128925,-0.8133000541621139,-0.4438951308959694,-0.2568248317129841,0.1472639237895582,0.0784039987599953,2.2119365552471064e-15,17.487037648106664,11
823,0.6,8,144,1,1,1021,broad_xyz,21.99112410904393,False,0.5744491132042175,0.7626444365572864,0.7138073210022914,-0.8222614531911954,-0.6158322525712852,-0.2999446203628619,0.1511542715090405,0.0816637128774963,2.2119365552471064e-15,17.487037648106664,11
824,0.6499999999999999,8,144,1,1,1021,broad_xyz,21.99112410904393,False,0.5928087735411887,0.7517012219031227,0.7248611878828676,-0.8485656581809711,-0.7211921309455069,-0.3007288763400862,0.1503465079318629,0.0828865166116391,2.2119365552471064e-15,17.487037648106664,11
825,0.7,8,144,1,1,1021,broad_xyz,21.99112410904393,False,0.6330692563770746,0.7763577549789117,0.7488457544899638,-0.8713059787836088,-0.7743487755131627,-0.3027151497417042,0.1521742067713618,0.0825064313431625,2.2119365552471064e-15,17.487037648106664,11
826,0.725,8,144,1,1,1021,broad_xyz,21.99112410904393,False,0.6686746574950803,0.7935842423885374,0.7752130704963442,-0.8766012050577001,-0.8289401759406042,-0.3168864397871141,0.152852511703648,0.0832426544763053,2.2119365552471064e-15,17.487037648106664,11
827,0.75,8,144,1,1,1021,broad_xyz,21.99112410904393,False,0.7030942129305078,0.8076755537555426,0.8043231606465732,-0.8769164344547196,-0.8475051024632652,-0.3386359250981129,0.1511436759253494,0.0840359646503336,2.2119365552471064e-15,17.487037648106664,11
828,0.775,8,144,1,1,1021,broad_xyz,21.99112410904393,False,0.715044059548506,0.8219855199049999,0.8271445022532322,-0.8650782227944345,-0.8448251808107872,-0.3615267812273791,0.149116428297858,0.0841902643253323,2.2119365552471064e-15,17.487037648106664,11
829,0.8,8,144,1,1,1021,broad_xyz,21.99112410904393,False,0.7295397112615527,0.8390401776562202,0.841199367194009,-0.8343445891489985,-0.8483605328338647,-0.3865462234847474,0.1484710002361836,0.0839414784381429,2.2119365552471064e-15,17.487037648106664,11
830,0.825,8,144,1,1,1021,broad_xyz,21.99112410904393,False,0.7688551242870573,0.8573001732997027,0.8480614370405705,-0.7725668536408616,-0.8537075372939537,-0.4132938340333989,0.147009375406908,0.0839198774307486,2.2119365552471064e-15,17.487037648106664,11
831,0.85,8,144,1,1,1021,broad_xyz,21.99112410904393,False,0.7962085988441712,0.8699716158525762,0.8477183087200147,-0.653504241294638,-0.8565707144707764,-0.4382978524027668,0.1429047666738744,0.0840894860318347,2.2119365552471064e-15,17.487037648106664,11
832,0.875,8,144,1,1,1021,broad_xyz,21.99112410904393,False,0.8006318767994445,0.877632524395347,0.8499406970538694,-0.4685779258378562,-0.854597526943214,-0.4539798446510391,0.1529605046051994,0.0839930360107483,2.2119365552471064e-15,17.487037648106664,11
833,0.9,8,144,1,1,1021,broad_xyz,21.99112410904393,False,0.807079987516642,0.8797934790138019,0.8591358125536935,-0.2577514260475196,-0.8343844139819242,-0.4636685155239251,0.150485896074105,0.0837752229884118,2.2119365552471064e-15,17.487037648106664,11
834,0.95,8,144,1,1,1021,broad_xyz,21.99112410904393,False,0.8228617953899179,0.8596715412941867,0.8655329990629866,0.0323455502957371,-0.8690591642897405,-0.4603838229386046,0.141565504097424,0.0836098550065759,2.2119365552471064e-15,17.487037648106664,11
835,1.0,8,144,1,1,1021,broad_xyz,21.99112410904393,False,0.784336414643976,0.8320146382849856,0.8662365513199126,0.0767943797101876,-0.8719305207924807,-0.4542530392119331,0.1496922330315912,0.0824917319457149,2.2119365552471064e-15,17.487037648106664,11
836,0.05,8,144,1,1,1022,broad_xyz,21.99112410904393,False,0.6633163648244421,0.7041105364332227,-0.1156661194604732,-0.6365405757846195,-0.3777566870825079,0.2450778816864274,0.0020695355035775,0.0006745667460786,2.2119365552471064e-15,17.487037648106664,12
837,0.075,8,144,1,1,1022,broad_xyz,21.99112410904393,False,0.6916440354316737,0.7320384158309211,-0.0380652215103805,-0.7065531346557147,-0.5403864142703136,0.2255507626837294,0.0055744365856524,0.0020928622111253,2.2119365552471064e-15,17.487037648106664,12
838,0.1,8,144,1,1,1022,broad_xyz,21.99112410904393,False,0.7432687712771313,0.7647928810498263,0.1217202656776513,-0.7518806400929099,-0.7462645247763907,0.2412749897660444,0.0116753735892503,0.0050363910004412,2.2119365552471064e-15,17.487037648106664,12
839,0.125,8,144,1,1,1022,broad_xyz,21.99112410904393,False,0.8209512327874667,0.8117357179351379,0.3546378311659947,-0.7757646867102966,-0.8284438784524022,0.3198852393555943,0.0212989376910386,0.0102370768644225,2.2119365552471064e-15,17.487037648106664,12
840,0.15,8,144,1,1,1022,broad_xyz,21.99112410904393,False,0.8909850869965159,0.8577237038957926,0.587431166868368,-0.7903597871033732,-0.7738364689874078,0.431964921448733,0.0370607597137413,0.0184251944771337,2.2119365552471064e-15,17.487037648106664,12
841,0.1625,8,144,1,1,1022,broad_xyz,21.99112410904393,False,0.9136179783893306,0.8738373988667164,0.6782505476221349,-0.7982126677363508,-0.7380034333057333,0.4845681541985587,0.046978395502031,0.023623527691632,2.2119365552471064e-15,17.487037648106664,12
842,0.175,8,144,1,1,1022,broad_xyz,21.99112410904393,False,0.9289110747478748,0.8874314306721507,0.7514483928450315,-0.8080762812215807,-0.7114776039432091,0.5322267885826736,0.0580142022238357,0.0295188721757422,2.2119365552471064e-15,17.487037648106664,12
843,0.1875,8,144,1,1,1022,broad_xyz,21.99112410904393,False,0.9395677418091348,0.8988000053098475,0.8066911012244438,-0.822282336072696,-0.6941691459979716,0.5719443015368086,0.0697385010405301,0.0360871507717679,2.2119365552471064e-15,17.487037648106664,12
844,0.2,8,144,1,1,1022,broad_xyz,21.99112410904393,False,0.9473220085004715,0.9095113388205536,0.8474832455222304,-0.8401861990900414,-0.6875228040143961,0.6034513223930704,0.0815784505163795,0.0432879021806297,2.2119365552471064e-15,17.487037648106664,12
845,0.2125,8,144,1,1,1022,broad_xyz,21.99112410904393,False,0.953185372265666,0.9199810856262104,0.8776854253108071,-0.8602349297472598,-0.6842181048668599,0.6269218871800155,0.093122560672349,0.0510262091667222,2.2119365552471064e-15,17.487037648106664,12
846,0.225,8,144,1,1,1022,broad_xyz,21.99112410904393,False,0.957700779980393,0.9295697926765392,0.9000649716181829,-0.880375799084408,-0.6861102839933725,0.6440325207114355,0.1039958086539531,0.0592229875278471,2.2119365552471064e-15,17.487037648106664,12
847,0.2375,8,144,1,1,1022,broad_xyz,21.99112410904393,False,0.9595583719946382,0.9373316095242084,0.915000282156224,-0.9006788641383925,-0.6812576418272335,0.6531216169711823,0.113894250981336,0.0679202987865926,2.2119365552471064e-15,17.487037648106664,12
848,0.25,8,144,1,1,1022,broad_xyz,21.99112410904393,False,0.9601371764035576,0.944045552933728,0.9272003279928224,-0.9170765157600844,-0.6733095043000458,0.6615926914885848,0.1226782708681612,0.0768747147994922,2.2119365552471064e-15,17.487037648106664,12
849,0.27,8,144,1,1,1022,broad_xyz,21.99112410904393,False,0.960173889617166,0.9517638905588324,0.9434075068865948,-0.9370454547428848,-0.6554999268763151,0.6787672980196822,0.1347144151848911,0.0913582618134509,2.2119365552471064e-15,17.487037648106664,12
850,0.29,8,144,1,1,1022,broad_xyz,21.99112410904393,False,0.9587360490083368,0.958306513735751,0.9617857652274092,-0.9413279588323756,-0.6542691783070065,0.7049731113173419,0.1437837946727715,0.1041030247864936,2.2119365552471064e-15,17.487037648106664,12
851,0.31,8,144,1,1,1022,broad_xyz,21.99112410904393,False,0.9481210126323232,0.9619047509135652,0.9716933526695694,-0.9446914588785466,-0.6336579030711802,0.7159215567549481,0.1510111273654214,0.1127860561589821,2.2119365552471064e-15,17.487037648106664,12
852,0.33,8,144,1,1,1022,broad_xyz,21.99112410904393,False,0.9306464008740606,0.9617299839497688,0.9733193379935468,-0.9556171879295772,-0.5924818380283481,0.6916279381009981,0.1559219643116919,0.1168944040623772,2.2119365552471064e-15,17.487037648106664,12
853,0.35,8,144,1,1,1022,broad_xyz,21.99112410904393,False,0.9148273765687608,0.960733950560917,0.9771267893932823,-0.9641897709691764,-0.5701719494184115,0.6216283167471677,0.1601390323891297,0.1180738731203045,2.2119365552471064e-15,17.487037648106664,12
854,0.37,8,144,1,1,1022,broad_xyz,21.99112410904393,False,0.9003090251206486,0.9599925241980948,0.980519217859101,-0.9708665522638504,-0.5830280924983536,0.4888311726249729,0.1630681402093732,0.1180985797928157,2.2119365552471064e-15,17.487037648106664,12
855,0.39,8,144,1,1,1022,broad_xyz,21.99112410904393,False,0.8848515498792129,0.9597042658198268,0.9817856973490178,-0.971655009284688,-0.6228727302992152,0.3262683001687245,0.1666531854719773,0.1177215465369659,2.2119365552471064e-15,17.487037648106664,12
856,0.41,8,144,1,1,1022,broad_xyz,21.99112410904393,False,0.8684101458021847,0.9579737492732936,0.9802700093392102,-0.9695882832687612,-0.6822371108535074,0.1790835424619383,0.1688202840259875,0.1180289663799669,2.2119365552471064e-15,17.487037648106664,12
857,0.43,8,144,1,1,1022,broad_xyz,21.99112410904393,False,0.8544904925638095,0.9537101874701864,0.9770203331682378,-0.9665555470126728,-0.7502861375816006,0.0749080976961025,0.17103081425691,0.1190765383472611,2.2119365552471064e-15,17.487037648106664,12
858,0.45,8,144,1,1,1022,broad_xyz,21.99112410904393,False,0.8448020309875931,0.9446515454448032,0.9716364274187084,-0.9634106897728748,-0.7863092349643197,-0.0023929334307514,0.1735146891058996,0.1207929028128787,2.2119365552471064e-15,17.487037648106664,12
859,0.5,8,144,1,1,1022,broad_xyz,21.99112410904393,False,0.8476794233295593,0.9181905926920864,0.9582336247909826,-0.9640443178959538,-0.7205205420492061,-0.1182936236100774,0.1748145597420795,0.1250188238641782,2.2119365552471064e-15,17.487037648106664,12
860,0.55,8,144,1,1,1022,broad_xyz,21.99112410904393,False,0.8411752828325417,0.8798256576677572,0.9511304950863978,-0.9581205146787874,-0.7244140425956116,-0.2169278761361392,0.1715369469987765,0.131665899163489,2.2119365552471064e-15,17.487037648106664,12
861,0.6,8,144,1,1,1022,broad_xyz,21.99112410904393,False,0.7963462165595695,0.8156307581376347,0.941822511887248,-0.9497033035959204,-0.777329784508178,-0.3989246420636751,0.1691718713530511,0.1376992442330093,2.2119365552471064e-15,17.487037648106664,12
862,0.6499999999999999,8,144,1,1,1022,broad_xyz,21.99112410904393,False,0.7883859176153314,0.8211073468585914,0.952708997793314,-0.9533877182463074,-0.8696048071205423,-0.5258839024837692,0.1675228555147289,0.1333132414472,2.2119365552471064e-15,17.487037648106664,12
863,0.7,8,144,1,1,1022,broad_xyz,21.99112410904393,False,0.7946040344975618,0.8348794733926623,0.961066391209372,-0.9486389280387828,-0.9156540677866638,-0.5678972659136481,0.16746246877609,0.1275506916771731,2.2119365552471064e-15,17.487037648106664,12
864,0.725,8,144,1,1,1022,broad_xyz,21.99112410904393,False,0.7963873296748885,0.8401425545315666,0.9626953637935606,-0.9365741347343928,-0.9282473192875365,-0.5825350589003121,0.1649666529918051,0.1255401143811191,2.2119365552471064e-15,17.487037648106664,12
865,0.75,8,144,1,1,1022,broad_xyz,21.99112410904393,False,0.8042288420187982,0.8537592812167404,0.9656830510334498,-0.916061591400264,-0.9365267679353828,-0.5957806609808667,0.1639332132505131,0.123720646559412,2.2119365552471064e-15,17.487037648106664,12
866,0.775,8,144,1,1,1022,broad_xyz,21.99112410904393,False,0.8205062881752515,0.8748359485775915,0.970359780907568,-0.8842955362768011,-0.9417517000362888,-0.6027647675306873,0.161910094007377,0.1217197147574826,2.2119365552471064e-15,17.487037648106664,12
867,0.8,8,144,1,1,1022,broad_xyz,21.99112410904393,False,0.8442193692105595,0.8965193699476474,0.9731278856382286,-0.8174126468098519,-0.9450515610157456,-0.5997393828132781,0.1601397388734326,0.1192666587981738,2.2119365552471064e-15,17.487037648106664,12
868,0.825,8,144,1,1,1022,broad_xyz,21.99112410904393,False,0.8686726714363984,0.914743284805682,0.9726092511769476,-0.6600940732679934,-0.9473045670366304,-0.588454593175677,0.1593388334334352,0.1162554290086015,2.2119365552471064e-15,17.487037648106664,12
869,0.85,8,144,1,1,1022,broad_xyz,21.99112410904393,False,0.8837975676648134,0.9283714770394568,0.9698247163630072,-0.4279248636914962,-0.950715762412433,-0.5636187769075471,0.1568070218473056,0.1126834275084936,2.2119365552471064e-15,17.487037648106664,12
870,0.875,8,144,1,1,1022,broad_xyz,21.99112410904393,False,0.8833072793027923,0.9350178933261228,0.9657119369160528,-0.2869416677150851,-0.9482621183096904,-0.5323043153239365,0.1523694505028821,0.1091093539196831,2.2119365552471064e-15,17.487037648106664,12
871,0.9,8,144,1,1,1022,broad_xyz,21.99112410904393,False,0.8722838574937478,0.935193486956823,0.9613412290204788,-0.2626118444702565,-0.9168313324243568,-0.5154629865641699,0.1492916418016024,0.1068048200035782,2.2119365552471064e-15,17.487037648106664,12
872,0.95,8,144,1,1,1022,broad_xyz,21.99112410904393,False,0.8470408515581092,0.916892666359468,0.9652821364076528,-0.3915228309480284,-0.9672722849302204,-0.5082195989945966,0.1474691235550399,0.1068994975368698,2.2119365552471064e-15,17.487037648106664,12
873,1.0,8,144,1,1,1022,broad_xyz,21.99112410904393,False,0.7956253793104168,0.8588120476536005,0.9759778868115396,-0.7328505458204013,-0.9663646034022476,-0.5470317974007548,0.148146066332153,0.1120685468632615,2.2119365552471064e-15,17.487037648106664,12
874,0.05,8,144,1,1,1023,broad_xyz,21.99112410904393,False,-0.0762251130947842,0.4435093103393514,-0.6411999644841396,-0.6382104409505424,-0.5514347888534517,0.240673654142686,0.0019983288454445,0.0002273399097542,2.2119365552471064e-15,17.487037648106664,13
875,0.075,8,144,1,1,1023,broad_xyz,21.99112410904393,False,-0.02498452887559,0.446472407628245,-0.6625870482168835,-0.6584749669559893,-0.5242024180454758,0.3187458729225514,0.0050340899075546,0.0006223294079191,2.2119365552471064e-15,17.487037648106664,13
876,0.1,8,144,1,1,1023,broad_xyz,21.99112410904393,False,0.1757881194828767,0.4856096348511673,-0.6930302625565405,-0.7039415581949805,-0.502334428149116,0.4331027011770524,0.0093677557443902,0.0014584514727352,2.2119365552471064e-15,17.487037648106664,13
877,0.125,8,144,1,1,1023,broad_xyz,21.99112410904393,False,0.4034384035916517,0.5276221092360175,-0.6862956016577811,-0.7334306827709951,-0.4753597505199735,0.533607634380165,0.0144257224012954,0.0031580437558377,2.2119365552471064e-15,17.487037648106664,13
878,0.15,8,144,1,1,1023,broad_xyz,21.99112410904393,False,0.5471827915530397,0.5605824508856646,-0.6608880625484373,-0.7548763584526781,-0.4423643331274856,0.5558545279897366,0.022746183168322,0.0059201863069162,2.2119365552471064e-15,17.487037648106664,13
879,0.1625,8,144,1,1,1023,broad_xyz,21.99112410904393,False,0.5936489905786445,0.5875743192624535,-0.6409253062387198,-0.7696853448762396,-0.4298785413165622,0.5380690168267508,0.0291022085748366,0.0078428788075479,2.2119365552471064e-15,17.487037648106664,13
880,0.175,8,144,1,1,1023,broad_xyz,21.99112410904393,False,0.623378843652786,0.628801257449227,-0.5990645307369611,-0.781030622252751,-0.4199463053128073,0.4958323205031576,0.0356339521300562,0.0103011274755572,2.2119365552471064e-15,17.487037648106664,13
881,0.1875,8,144,1,1,1023,broad_xyz,21.99112410904393,False,0.627907028944775,0.6810514488244063,-0.5253021001544824,-0.7833717825243253,-0.4189078093817572,0.4223537453331731,0.0417944092449466,0.0134421683182455,2.2119365552471064e-15,17.487037648106664,13
882,0.2,8,144,1,1,1023,broad_xyz,21.99112410904393,False,0.6104899359532033,0.7266747802213731,-0.4293592912678453,-0.7765207642466732,-0.4350413649015134,0.3260966901213933,0.0491195312463447,0.0172443357119487,2.2119365552471064e-15,17.487037648106664,13
883,0.2125,8,144,1,1,1023,broad_xyz,21.99112410904393,False,0.5832744713333348,0.7527553419093604,-0.3277041052013456,-0.7656139740322266,-0.4731692958043398,0.2199486153005611,0.0573780816935769,0.0216427818980055,2.2119365552471064e-15,17.487037648106664,13
884,0.225,8,144,1,1,1023,broad_xyz,21.99112410904393,False,0.5597798120894389,0.7564681844780312,-0.2411717897320204,-0.7600630074564825,-0.5020292694989208,0.120569285820459,0.0682648190793179,0.0263671300115984,2.2119365552471064e-15,17.487037648106664,13
885,0.2375,8,144,1,1,1023,broad_xyz,21.99112410904393,False,0.5481897991809191,0.7481814091047982,-0.1768535421866472,-0.7662435276991046,-0.5056748108958127,0.0380597815511397,0.082917958414361,0.031184856654809,2.2119365552471064e-15,17.487037648106664,13
886,0.25,8,144,1,1,1023,broad_xyz,21.99112410904393,False,0.5459773097295547,0.7367570810432735,-0.1319132369654303,-0.7822424941402514,-0.4840656511464971,-0.0254801600340487,0.0952273813553362,0.0359654974479459,2.2119365552471064e-15,17.487037648106664,13
887,0.27,8,144,1,1,1023,broad_xyz,21.99112410904393,False,0.5533858548321202,0.7253590416519149,-0.0719619041397342,-0.8105241655085607,-0.4046585174636528,-0.0927216180128725,0.1095489689854505,0.0435182340027199,2.2119365552471064e-15,17.487037648106664,13
888,0.29,8,144,1,1,1023,broad_xyz,21.99112410904393,False,0.5637871528304907,0.7236659974655054,-0.0050049224237667,-0.8283253626663369,-0.3061456481668642,-0.1212182015031333,0.1178940986164193,0.0509786351729616,2.2119365552471064e-15,17.487037648106664,13
889,0.31,8,144,1,1,1023,broad_xyz,21.99112410904393,False,0.5853044487412503,0.7442870782446273,0.0838036017529312,-0.832653499422097,-0.2162365952095012,-0.1266236775140024,0.1221508414306674,0.0579218343085856,2.2119365552471064e-15,17.487037648106664,13
890,0.33,8,144,1,1,1023,broad_xyz,21.99112410904393,False,0.6221078590895267,0.785251107730893,0.1905812122058829,-0.8340381527530427,-0.1432792763346717,-0.1234484471210327,0.1248128060513547,0.063630191920532,2.2119365552471064e-15,17.487037648106664,13
891,0.35,8,144,1,1,1023,broad_xyz,21.99112410904393,False,0.658318866035235,0.820929523217039,0.3095134862216868,-0.8405625283337265,-0.115822469990734,-0.1270209057665643,0.1279756617117272,0.0679914049160101,2.2119365552471064e-15,17.487037648106664,13
892,0.37,8,144,1,1,1023,broad_xyz,21.99112410904393,False,0.6822772942330714,0.8421546457054998,0.4315799644530017,-0.8521177607388001,-0.1228033461440533,-0.1551638737508675,0.1381646893975675,0.0713847492230431,2.2119365552471064e-15,17.487037648106664,13
893,0.39,8,144,1,1,1023,broad_xyz,21.99112410904393,False,0.6946243639396283,0.8556066530321103,0.5438327293855207,-0.8607725776416236,-0.1553982180375842,-0.1897564941987815,0.1481258095699708,0.0740211380877876,2.2119365552471064e-15,17.487037648106664,13
894,0.41,8,144,1,1,1023,broad_xyz,21.99112410904393,False,0.6993146276706713,0.8662648675705023,0.630421885624058,-0.8610571515791883,-0.2143271822126771,-0.2113994035239139,0.1531125677411356,0.0757789158366584,2.2119365552471064e-15,17.487037648106664,13
895,0.43,8,144,1,1,1023,broad_xyz,21.99112410904393,False,0.6982022319356633,0.8724658442518904,0.6871476012562749,-0.8570998234657363,-0.2994951102518242,-0.2216899077918029,0.1515907497364627,0.0769650717489448,2.2119365552471064e-15,17.487037648106664,13
896,0.45,8,144,1,1,1023,broad_xyz,21.99112410904393,False,0.69270498713439,0.8739002106696524,0.7227616257245784,-0.8574866100673301,-0.4026609152329549,-0.2243000324541341,0.1516023463075457,0.0782151989986828,2.2119365552471064e-15,17.487037648106664,13
897,0.5,8,144,1,1,1023,broad_xyz,21.99112410904393,False,0.6803944473394368,0.8758792911658445,0.7498599855524706,-0.8771664240506301,-0.4068423638607532,-0.2242502178167538,0.1553981381688293,0.0817790427672464,2.2119365552471064e-15,17.487037648106664,13
898,0.55,8,144,1,1,1023,broad_xyz,21.99112410904393,False,0.6722777884360706,0.8627389344597682,0.7148868847282885,-0.8821260193717109,-0.3668942878828653,-0.2438384949397699,0.1432032493048517,0.0858232764916714,2.2119365552471064e-15,17.487037648106664,13
899,0.6,8,144,1,1,1023,broad_xyz,21.99112410904393,False,0.6504988419301428,0.8098892040620617,0.6807482740013833,-0.870338344514536,-0.6346445890201868,-0.2301066908166007,0.152157775647602,0.0920987406131373,2.2119365552471064e-15,17.487037648106664,13
900,0.6499999999999999,8,144,1,1,1023,broad_xyz,21.99112410904393,False,0.668794004133491,0.7703518014570974,0.6870593789531414,-0.8726646850594119,-0.8105753639168507,-0.3606113668082127,0.1582267449977451,0.0956095609375538,2.2119365552471064e-15,17.487037648106664,13
901,0.7,8,144,1,1,1023,broad_xyz,21.99112410904393,False,0.6749328694189664,0.7799049211018352,0.7578852149188342,-0.8959895387309014,-0.8829319672951383,-0.4305632990896667,0.1580204133997775,0.094787819351152,2.2119365552471064e-15,17.487037648106664,13
902,0.725,8,144,1,1,1023,broad_xyz,21.99112410904393,False,0.6853451555579124,0.7929967853885055,0.8126876432494597,-0.905028602089498,-0.9041354359770882,-0.4528804690733246,0.1528577017131034,0.0947196181007783,2.2119365552471064e-15,17.487037648106664,13
903,0.75,8,144,1,1,1023,broad_xyz,21.99112410904393,False,0.6933548392325498,0.8060308965784957,0.852826621847531,-0.9073383059978548,-0.9133588325822009,-0.4741195407073673,0.1435946661899602,0.0945466078026512,2.2119365552471064e-15,17.487037648106664,13
904,0.775,8,144,1,1,1023,broad_xyz,21.99112410904393,False,0.6964978730414471,0.8229406309549794,0.8766006305118852,-0.8975357089986996,-0.9136108801949916,-0.4942583936746933,0.1451522930698745,0.0939022563805223,2.2119365552471064e-15,17.487037648106664,13
905,0.8,8,144,1,1,1023,broad_xyz,21.99112410904393,False,0.7059116796998931,0.8439889734219718,0.8894942062741559,-0.861806528204541,-0.9107866336049316,-0.5120854173998618,0.1447077885706377,0.0928855403711316,2.2119365552471064e-15,17.487037648106664,13
906,0.825,8,144,1,1,1023,broad_xyz,21.99112410904393,False,0.7249952752933222,0.8643642052505389,0.8968152638068904,-0.7591118824725599,-0.9101511834714472,-0.5240828406515154,0.146425090274087,0.0920257600612424,2.2119365552471064e-15,17.487037648106664,13
907,0.85,8,144,1,1,1023,broad_xyz,21.99112410904393,False,0.7483128574085852,0.8808101962514676,0.9011763337164818,-0.5292179046057385,-0.913154842566702,-0.5314702414265031,0.1473095819634292,0.0917111991499312,2.2119365552471064e-15,17.487037648106664,13
908,0.875,8,144,1,1,1023,broad_xyz,21.99112410904393,False,0.7752929881746221,0.8901151530665106,0.8982577211977212,-0.2471840896826085,-0.906370148880156,-0.5330039057658645,0.145353695918418,0.0918204176483036,2.2119365552471064e-15,17.487037648106664,13
909,0.9,8,144,1,1,1023,broad_xyz,21.99112410904393,False,0.80550870991616,0.8923076257956835,0.8920915914389713,-0.0613329734858677,-0.8716860689388675,-0.5243416184297915,0.1439203055301886,0.0917279136372011,2.2119365552471064e-15,17.487037648106664,13
910,0.95,8,144,1,1,1023,broad_xyz,21.99112410904393,False,0.8402803138331402,0.8875159846920933,0.882087343541121,0.0329063994274533,-0.9098079321569288,-0.5081137166042623,0.1440317916784496,0.0912574558717949,2.2119365552471064e-15,17.487037648106664,13
911,1.0,8,144,1,1,1023,broad_xyz,21.99112410904393,False,0.8203309520157137,0.8702806217296634,0.8807887955483855,-0.1424275785441439,-0.8928002943040064,-0.487090175041111,0.1482804237390604,0.0902981160787994,2.2119365552471064e-15,17.487037648106664,13
912,0.05,8,144,1,1,1024,broad_xyz,21.99112410904393,False,0.2827093317642737,0.4306575698823838,0.1620552659133357,-0.510642972416231,-0.1763360036120374,-0.359363635525716,0.0022413449011854,0.0004082989626493,2.2119365552471064e-15,17.487037648106664,14
913,0.075,8,144,1,1,1024,broad_xyz,21.99112410904393,False,0.3148975533472096,0.5040661882195914,0.0898784460852809,-0.6558727217732875,-0.4830080380307068,-0.3793886808383976,0.0047764387352139,0.0010429632435972,2.2119365552471064e-15,17.487037648106664,14
914,0.1,8,144,1,1,1024,broad_xyz,21.99112410904393,False,0.3888339228129878,0.5970803027835869,0.1003238714492571,-0.7466737617447959,-0.6820323202836089,-0.3440895708649894,0.0082418647631356,0.0023916144946254,2.2119365552471064e-15,17.487037648106664,14
915,0.125,8,144,1,1,1024,broad_xyz,21.99112410904393,False,0.4897553800783824,0.6700631287335078,0.180181163818539,-0.7561211318660787,-0.7792805802425005,-0.2717006078685088,0.0160739166798479,0.0051529667536267,2.2119365552471064e-15,17.487037648106664,14
916,0.15,8,144,1,1,1024,broad_xyz,21.99112410904393,False,0.6094092776410205,0.7268126611382741,0.2635053069620878,-0.7367833905443365,-0.8374099832455072,-0.1976843315175877,0.0285717748413226,0.0102920650889051,2.2119365552471064e-15,17.487037648106664,14
917,0.1625,8,144,1,1,1024,broad_xyz,21.99112410904393,False,0.6617687021870027,0.7525580008994104,0.2979071751037749,-0.7277846205799051,-0.8530535079819941,-0.1627796376234525,0.0366216515817154,0.014093933304359,2.2119365552471064e-15,17.487037648106664,14
918,0.175,8,144,1,1,1024,broad_xyz,21.99112410904393,False,0.7094348108036534,0.7799641662282534,0.3312957889046155,-0.7217148440564196,-0.8577796822110164,-0.1216235009228165,0.045405695306943,0.0188929752150756,2.2119365552471064e-15,17.487037648106664,14
919,0.1875,8,144,1,1,1024,broad_xyz,21.99112410904393,False,0.7455509256971076,0.8079829485356738,0.3597366029675553,-0.7217756535465957,-0.8558119193080373,-0.0733396935808426,0.054982709232214,0.0247428165217777,2.2119365552471064e-15,17.487037648106664,14
920,0.2,8,144,1,1,1024,broad_xyz,21.99112410904393,False,0.7764427027044132,0.8400219911952037,0.3923609681592574,-0.7232986242293252,-0.8511080614667457,-0.014912750929494,0.064309189614986,0.0314546786699271,2.2119365552471064e-15,17.487037648106664,14
921,0.2125,8,144,1,1,1024,broad_xyz,21.99112410904393,False,0.8007171585946106,0.8666384498030346,0.4219072672921259,-0.7307832292834271,-0.8488264425154192,0.0407908167036104,0.073027223461738,0.0387076857844723,2.2119365552471064e-15,17.487037648106664,14
922,0.225,8,144,1,1,1024,broad_xyz,21.99112410904393,False,0.8186803936858963,0.8855616277338982,0.4456047672597934,-0.7477141824971764,-0.8466899446518292,0.0891499620061248,0.0811302566700295,0.0463516720652907,2.2119365552471064e-15,17.487037648106664,14
923,0.2375,8,144,1,1,1024,broad_xyz,21.99112410904393,False,0.83175472277018,0.899001816198762,0.467881714621337,-0.7709575878462831,-0.8412750014487066,0.1326560427425991,0.0886067113675536,0.0541519258732991,2.2119365552471064e-15,17.487037648106664,14
924,0.25,8,144,1,1,1024,broad_xyz,21.99112410904393,False,0.8415592055949993,0.9096836921686486,0.4913658541612305,-0.796775141978113,-0.8199597581304349,0.1715540124268127,0.0969985231959508,0.0618755333269756,2.2119365552471064e-15,17.487037648106664,14
925,0.27,8,144,1,1,1024,broad_xyz,21.99112410904393,False,0.8550393221009929,0.925360918523538,0.5427672080691937,-0.831560079141755,-0.7488272251934289,0.2263829645265533,0.1083726917387106,0.0733786157485326,2.2119365552471064e-15,17.487037648106664,14
926,0.29,8,144,1,1,1024,broad_xyz,21.99112410904393,False,0.8720347646916721,0.9406856241137,0.6268934913678249,-0.8383268295303826,-0.6637304254253362,0.2797794403991422,0.1176615055646475,0.0831488218808682,2.2119365552471064e-15,17.487037648106664,14
927,0.31,8,144,1,1,1024,broad_xyz,21.99112410904393,False,0.8873658653465482,0.9518635723009944,0.7269917321611529,-0.8259049094337442,-0.5784259860594703,0.2981149910452667,0.1251524794802895,0.0898350237254291,2.2119365552471064e-15,17.487037648106664,14
928,0.33,8,144,1,1,1024,broad_xyz,21.99112410904393,False,0.8803890761204074,0.9453506971122808,0.8000450445789226,-0.8338278163138169,-0.5386299284761695,0.2503006309552252,0.1321421031978265,0.0928099580412556,2.2119365552471064e-15,17.487037648106664,14
929,0.35,8,144,1,1,1024,broad_xyz,21.99112410904393,False,0.8621874528719051,0.933074196134081,0.8484751406262971,-0.8654207026633772,-0.5656154963495095,0.1520634713576192,0.1384437450075555,0.0933443020115017,2.2119365552471064e-15,17.487037648106664,14
930,0.37,8,144,1,1,1024,broad_xyz,21.99112410904393,False,0.8458785646749636,0.925584737894248,0.8774824578638238,-0.9012086431049626,-0.6115749144628558,0.0278626239824372,0.1440735018358934,0.0930392760284833,2.2119365552471064e-15,17.487037648106664,14
931,0.39,8,144,1,1,1024,broad_xyz,21.99112410904393,False,0.8330392553128204,0.9196805902074372,0.8892763179925118,-0.9229356465415756,-0.6547516760385955,-0.1044164625446441,0.1479371407982354,0.0931561972509557,2.2119365552471064e-15,17.487037648106664,14
932,0.41,8,144,1,1,1024,broad_xyz,21.99112410904393,False,0.8245497529605212,0.914403835817072,0.8960423750070347,-0.924945000745464,-0.6842698364859667,-0.2145341091006391,0.1499879274835962,0.0936623184845852,2.2119365552471064e-15,17.487037648106664,14
933,0.43,8,144,1,1,1024,broad_xyz,21.99112410904393,False,0.8182868520839498,0.9084768976870312,0.9001461906077988,-0.9179382703359704,-0.7069234245845175,-0.3019182105435531,0.1480284106432756,0.0944235573183069,2.2119365552471064e-15,17.487037648106664,14
934,0.45,8,144,1,1,1024,broad_xyz,21.99112410904393,False,0.8088853927716497,0.8987038912117504,0.8997390196763757,-0.9089882848471852,-0.7159905350749168,-0.3695153635355026,0.1484684303598002,0.0956476045543349,2.2119365552471064e-15,17.487037648106664,14
935,0.5,8,144,1,1,1024,broad_xyz,21.99112410904393,False,0.7815830597861365,0.8615093873535704,0.8812717168701059,-0.90089046535146,-0.6848458523536551,-0.443994926054452,0.1494239035404159,0.1014221134542943,2.2119365552471064e-15,17.487037648106664,14
936,0.55,8,144,1,1,1024,broad_xyz,21.99112410904393,False,0.7773452268508194,0.8239099715605045,0.8284616980881967,-0.9062997217268784,-0.6789191595306302,-0.4389301387882791,0.1579433031037039,0.1100795065455688,2.2119365552471064e-15,17.487037648106664,14
937,0.6,8,144,1,1,1024,broad_xyz,21.99112410904393,False,0.762667433793605,0.8104142540669125,0.8129335968630562,-0.8924016673286304,-0.7357314363132379,-0.4609649672354299,0.1637946815790432,0.1156845176867063,2.2119365552471064e-15,17.487037648106664,14
938,0.6499999999999999,8,144,1,1,1024,broad_xyz,21.99112410904393,False,0.7081428495925709,0.7993210389737054,0.8271412635730635,-0.8989518864969729,-0.8189785066316182,-0.5043308675753764,0.164530140628196,0.1145554462299221,2.2119365552471064e-15,17.487037648106664,14
939,0.7,8,144,1,1,1024,broad_xyz,21.99112410904393,False,0.7139228651723359,0.7940500716087897,0.8371070192677815,-0.9107149112401294,-0.8611897131754848,-0.5922253745232586,0.1527184000206567,0.1111261297615445,2.2119365552471064e-15,17.487037648106664,14
940,0.725,8,144,1,1,1024,broad_xyz,21.99112410904393,False,0.7293182694278418,0.8209356057942407,0.8632408283516338,-0.9073291980587088,-0.872350862779218,-0.6106217871594083,0.1518104683390399,0.1104177851811413,2.2119365552471064e-15,17.487037648106664,14
941,0.75,8,144,1,1,1024,broad_xyz,21.99112410904393,False,0.7597326717116752,0.8540282634633263,0.8925412595760536,-0.8933543373784439,-0.8809977126890176,-0.6146601757384902,0.1582163080606549,0.109694250315024,2.2119365552471064e-15,17.487037648106664,14
942,0.775,8,144,1,1,1024,broad_xyz,21.99112410904393,False,0.8046651061461401,0.880028075237096,0.9155150895901054,-0.8549915919695357,-0.8913762045331792,-0.610408123216344,0.1597030199420415,0.107929068848866,2.2119365552471064e-15,17.487037648106664,14
943,0.8,8,144,1,1,1024,broad_xyz,21.99112410904393,False,0.8350374618513589,0.8991497823839164,0.9328587977601444,-0.7639265734473246,-0.9071038690250048,-0.5986010138193978,0.158090432048204,0.1049996960250293,2.2119365552471064e-15,17.487037648106664,14
944,0.825,8,144,1,1,1024,broad_xyz,21.99112410904393,False,0.8497972489905079,0.915931811546326,0.9451535971212474,-0.5873248376626925,-0.9257106516399942,-0.5707571123313587,0.1555101108436585,0.1016972703549976,2.2119365552471064e-15,17.487037648106664,14
945,0.85,8,144,1,1,1024,broad_xyz,21.99112410904393,False,0.8597692152412881,0.9298383313191596,0.94878941702605,-0.3856389970093722,-0.9387543063463748,-0.5286120572910716,0.1541942202874944,0.0991289646932511,2.2119365552471064e-15,17.487037648106664,14
946,0.875,8,144,1,1,1024,broad_xyz,21.99112410904393,False,0.8550201058006285,0.9365886272087216,0.9412840936396344,-0.2989237304657631,-0.9340849241730698,-0.4988177382830274,0.1542819817537469,0.0982606136705983,2.2119365552471064e-15,17.487037648106664,14
947,0.9,8,144,1,1,1024,broad_xyz,21.99112410904393,False,0.8404546479998634,0.9372358723416956,0.933056892084903,-0.3094347386421705,-0.9000297994182058,-0.4863379749028682,0.1611315610004167,0.0988604661270641,2.2119365552471064e-15,17.487037648106664,14
948,0.95,8,144,1,1,1024,broad_xyz,21.99112410904393,False,0.8290258430110434,0.927243768093256,0.9417496882953266,-0.4383071618040606,-0.9400196432974124,-0.4838734469336887,0.1563945812337984,0.1014576726655151,2.2119365552471064e-15,17.487037648106664,14
949,1.0,8,144,1,1,1024,broad_xyz,21.99112410904393,False,0.8277834447380616,0.8952226937454105,0.9571288850003028,-0.7611344995012562,-0.9407639208292582,-0.5400932881984235,0.1644198351055796,0.1048359766442282,2.2119365552471064e-15,17.487037648106664,14
950,0.05,8,144,1,1,1025,broad_xyz,21.99112410904393,False,0.3879820064016802,0.5579261658523259,0.1460101371059916,-0.1586383242778781,0.2567001088397403,-0.0572591141481707,0.0018316080969708,0.0005978457253433,2.2119365552471064e-15,17.487037648106664,15
951,0.075,8,144,1,1,1025,broad_xyz,21.99112410904393,False,0.4822988707057722,0.6434372314913436,0.1162456192447022,-0.2552529324771271,0.1428258400357281,-0.0962607954459886,0.0045890543635032,0.0015441624060582,2.2119365552471064e-15,17.487037648106664,15
952,0.1,8,144,1,1,1025,broad_xyz,21.99112410904393,False,0.5952819775353614,0.714787630172443,0.0454487210157702,-0.3661794801902859,-0.0716272265835893,-0.1279127281324261,0.0086386919010112,0.0031132659244497,2.2119365552471064e-15,17.487037648106664,15
953,0.125,8,144,1,1,1025,broad_xyz,21.99112410904393,False,0.6562635008339612,0.7568681946462318,-0.0344805160996301,-0.4678247838607991,-0.2642753580563106,-0.1407677605432963,0.0135323159527129,0.0054785283058757,2.2119365552471064e-15,17.487037648106664,15
954,0.15,8,144,1,1,1025,broad_xyz,21.99112410904393,False,0.6583980432743297,0.7785986928794774,-0.0913301842776445,-0.5537593696519422,-0.4378339043886202,-0.1487562056707428,0.0205963027092775,0.0088063238658954,2.2119365552471064e-15,17.487037648106664,15
955,0.1625,8,144,1,1,1025,broad_xyz,21.99112410904393,False,0.6553563870764991,0.7879863041181094,-0.0979085573888307,-0.5858365947666029,-0.4943583220400581,-0.1485006021743687,0.02609868435516,0.011045975936907,2.2119365552471064e-15,17.487037648106664,15
956,0.175,8,144,1,1,1025,broad_xyz,21.99112410904393,False,0.6622154210418071,0.8016556698518839,-0.0693072710222167,-0.5979489199271302,-0.5283407252387816,-0.1391879714970107,0.0326606833699164,0.0139765051772687,2.2119365552471064e-15,17.487037648106664,15
957,0.1875,8,144,1,1,1025,broad_xyz,21.99112410904393,False,0.6813902411699664,0.8219491289009625,-0.0148890831669443,-0.597558228396503,-0.5510987511618143,-0.1274345382962488,0.0406367788708194,0.0177626214118142,2.2119365552471064e-15,17.487037648106664,15
958,0.2,8,144,1,1,1025,broad_xyz,21.99112410904393,False,0.7095797578817779,0.8478666446318597,0.054608358089702,-0.5896178738310902,-0.5603216870207413,-0.1124493658094986,0.0508274532870241,0.0224069684343871,2.2119365552471064e-15,17.487037648106664,15
959,0.2125,8,144,1,1,1025,broad_xyz,21.99112410904393,False,0.7373984429805505,0.8743182237419642,0.1263640982867247,-0.5804097427512087,-0.5440438250818428,-0.0970385827368931,0.0613476449602014,0.0278247472534535,2.2119365552471064e-15,17.487037648106664,15
960,0.225,8,144,1,1,1025,broad_xyz,21.99112410904393,False,0.7599934672805175,0.8969112495675224,0.1973528579520676,-0.5697154319351306,-0.5146338520960051,-0.0771093134443366,0.072031234785151,0.0337480477635157,2.2119365552471064e-15,17.487037648106664,15
961,0.2375,8,144,1,1,1025,broad_xyz,21.99112410904393,False,0.7743167208283563,0.9128882946007733,0.2654663379269411,-0.5604269508130848,-0.4821990179325908,-0.0546941069443693,0.0824209315986477,0.0400727496186888,2.2119365552471064e-15,17.487037648106664,15
962,0.25,8,144,1,1,1025,broad_xyz,21.99112410904393,False,0.7809144525222234,0.921998056115119,0.3317678326507233,-0.553547759957208,-0.435313647193404,-0.0308660409681554,0.0922852699295303,0.0465844351452321,2.2119365552471064e-15,17.487037648106664,15
963,0.27,8,144,1,1,1025,broad_xyz,21.99112410904393,False,0.7791608549295549,0.9244716679729408,0.4405739051828196,-0.5452838220147831,-0.3470939494045051,0.0080030710173616,0.1066985829572479,0.0568306512536278,2.2119365552471064e-15,17.487037648106664,15
964,0.29,8,144,1,1,1025,broad_xyz,21.99112410904393,False,0.7671496526440895,0.914214834097812,0.5595988537590705,-0.54200667350987,-0.3114774567048711,0.0255670557685338,0.1206656122232817,0.0662261680892711,2.2119365552471064e-15,17.487037648106664,15
965,0.31,8,144,1,1,1025,broad_xyz,21.99112410904393,False,0.751731157425329,0.8956952960588711,0.6676589404990749,-0.5734165472154767,-0.3030082974101389,0.0241305091672018,0.1348975369431009,0.0739512814238837,2.2119365552471064e-15,17.487037648106664,15
966,0.33,8,144,1,1,1025,broad_xyz,21.99112410904393,False,0.7435852645925098,0.8791131582129591,0.7408047427507249,-0.6603239297735641,-0.2747313535044018,0.0139483356321803,0.1489028986248185,0.0792432892929035,2.2119365552471064e-15,17.487037648106664,15
967,0.35,8,144,1,1,1025,broad_xyz,21.99112410904393,False,0.7433745067651499,0.86999997941745,0.7916048478855778,-0.7592381805484967,-0.2621397086821861,-0.007964344524117,0.1604625595578291,0.0823697152566902,2.2119365552471064e-15,17.487037648106664,15
968,0.37,8,144,1,1,1025,broad_xyz,21.99112410904393,False,0.7391728144824032,0.8659658765167759,0.8315339183167162,-0.8300630632458955,-0.276657294344554,-0.0405513598563062,0.1672861804410348,0.0843752951589827,2.2119365552471064e-15,17.487037648106664,15
969,0.39,8,144,1,1,1025,broad_xyz,21.99112410904393,False,0.7273886680922773,0.8679280890280485,0.861881413690458,-0.866203329734976,-0.3620048977316541,-0.0803439536086657,0.1692315811259755,0.0858373833142537,2.2119365552471064e-15,17.487037648106664,15
970,0.41,8,144,1,1,1025,broad_xyz,21.99112410904393,False,0.7067987936437817,0.8722256949807113,0.8844107008002632,-0.8775817495244594,-0.5063827672813356,-0.1162053624351675,0.1691151006231551,0.0870912954873787,2.2119365552471064e-15,17.487037648106664,15
971,0.43,8,144,1,1,1025,broad_xyz,21.99112410904393,False,0.6855948432430691,0.8742564193895854,0.9002166044060725,-0.8748239142501697,-0.6721365241369628,-0.142946097519142,0.1698746733597123,0.0886103665898203,2.2119365552471064e-15,17.487037648106664,15
972,0.45,8,144,1,1,1025,broad_xyz,21.99112410904393,False,0.6750988010583763,0.8722975708721978,0.9101627859709772,-0.867072973227474,-0.7563254758047051,-0.1621789990722356,0.1755246165876175,0.0904923521495053,2.2119365552471064e-15,17.487037648106664,15
973,0.5,8,144,1,1,1025,broad_xyz,21.99112410904393,False,0.6714774876092829,0.8580122335475759,0.9158416313374296,-0.8611955324295567,-0.6251417839900248,-0.1887858653965261,0.1785309310623539,0.0960757467031741,2.2119365552471064e-15,17.487037648106664,15
974,0.55,8,144,1,1,1025,broad_xyz,21.99112410904393,False,0.6958380710176582,0.830445817013491,0.9000031612647458,-0.8203318509865588,-0.6320073327973641,-0.1888031671088295,0.1777589742920339,0.1041486014013641,2.2119365552471064e-15,17.487037648106664,15
975,0.6,8,144,1,1,1025,broad_xyz,21.99112410904393,False,0.699779337548094,0.7704897109375902,0.8840427634311979,-0.7759697578388306,-0.7805208645679824,-0.2168020121262629,0.1783698327933343,0.1131061295462818,2.2119365552471064e-15,17.487037648106664,15
976,0.6499999999999999,8,144,1,1,1025,broad_xyz,21.99112410904393,False,0.6928626853897735,0.78847413121177,0.9080540107691109,-0.8166598852187511,-0.8665572676083894,-0.3244285435593377,0.1814076463060527,0.1147833567517053,2.2119365552471064e-15,17.487037648106664,15
977,0.7,8,144,1,1,1025,broad_xyz,21.99112410904393,False,0.7206921241228148,0.8288753122735406,0.9392590602685588,-0.8526784163525579,-0.90289978968343,-0.4309308126040106,0.1725562533396289,0.1109694735284519,2.2119365552471064e-15,17.487037648106664,15
978,0.725,8,144,1,1,1025,broad_xyz,21.99112410904393,False,0.7403282754904473,0.8429894421472329,0.9509773338113504,-0.8577568248499562,-0.926459860213234,-0.4555101927606641,0.1668801227104475,0.1091657431419486,2.2119365552471064e-15,17.487037648106664,15
979,0.75,8,144,1,1,1025,broad_xyz,21.99112410904393,False,0.747522851987616,0.8554036427223047,0.9573488207535034,-0.8471701742163407,-0.9398196003717052,-0.4659284620082686,0.1672860456155064,0.1079951402573105,2.2119365552471064e-15,17.487037648106664,15
980,0.775,8,144,1,1,1025,broad_xyz,21.99112410904393,False,0.7452823426140928,0.8671642208209762,0.9574680808239984,-0.8068646333767543,-0.9397427301817328,-0.4692531903772979,0.1712432593359063,0.1069370191506589,2.2119365552471064e-15,17.487037648106664,15
981,0.8,8,144,1,1,1025,broad_xyz,21.99112410904393,False,0.7502419013667665,0.8784668688636186,0.9544725339309464,-0.699929572794051,-0.9350001980957594,-0.4718803000708657,0.1723327082151417,0.1054617524386423,2.2119365552471064e-15,17.487037648106664,15
982,0.825,8,144,1,1,1025,broad_xyz,21.99112410904393,False,0.7635295108324412,0.8882700064351842,0.9503395059583146,-0.4790197240944711,-0.9316843673627536,-0.4750823664625254,0.172043569679381,0.1037358523372287,2.2119365552471064e-15,17.487037648106664,15
983,0.85,8,144,1,1,1025,broad_xyz,21.99112410904393,False,0.780426049352261,0.8970004422249126,0.946892803397335,-0.211148938662979,-0.9285881409603416,-0.4729953304224313,0.1697546203995102,0.1022416273985222,2.2119365552471064e-15,17.487037648106664,15
984,0.875,8,144,1,1,1025,broad_xyz,21.99112410904393,False,0.7979781988090227,0.9042841958132332,0.9444958963160398,-0.0472015952646295,-0.921345260242521,-0.4655007090932692,0.1644124173573564,0.101347476606459,2.2119365552471064e-15,17.487037648106664,15
985,0.9,8,144,1,1,1025,broad_xyz,21.99112410904393,False,0.8146658917254792,0.9085398174838316,0.9426909968312248,0.0020822842795141,-0.887165229748824,-0.462112880451762,0.1684399779943717,0.1012744453183472,2.2119365552471064e-15,17.487037648106664,15
986,0.95,8,144,1,1,1025,broad_xyz,21.99112410904393,False,0.8316903099729214,0.9050012158117166,0.949788252038078,-0.1080383144030009,-0.9291089822614358,-0.4600773819010588,0.1655959194973134,0.1025947505518356,2.2119365552471064e-15,17.487037648106664,15
987,1.0,8,144,1,1,1025,broad_xyz,21.99112410904393,False,0.8026972277492207,0.8777529736948717,0.9565165777012632,-0.5955626409862018,-0.937563086010462,-0.4687139300167396,0.1585433197170663,0.1038781630144381,2.2119365552471064e-15,17.487037648106664,15
988,0.05,8,144,1,1,1026,broad_xyz,21.99112410904393,False,-0.1739157771758941,0.3325103780501856,-0.5575853295404735,-0.5869377829956922,-0.4905201503705541,0.1862522137455803,0.0020259680200138,0.00027664892199,2.2119365552471064e-15,17.487037648106664,16
989,0.075,8,144,1,1,1026,broad_xyz,21.99112410904393,False,-0.0087600554542127,0.3990124017672118,-0.5231444589950054,-0.6031429191691001,-0.4994792450859568,0.141234047103874,0.0051106031264157,0.0009087225879538,2.2119365552471064e-15,17.487037648106664,16
990,0.1,8,144,1,1,1026,broad_xyz,21.99112410904393,False,0.2120710822190277,0.4473845252308991,-0.445828480056862,-0.6082549171440474,-0.5612854481285378,0.0673342055357119,0.0102025009683386,0.0023112009859788,2.2119365552471064e-15,17.487037648106664,16
991,0.125,8,144,1,1,1026,broad_xyz,21.99112410904393,False,0.3804263298730362,0.4794710383920748,-0.3677594452723811,-0.6248831710176244,-0.6803109543047431,0.0403948615772737,0.0178922942607231,0.0048897364639688,2.2119365552471064e-15,17.487037648106664,16
992,0.15,8,144,1,1,1026,broad_xyz,21.99112410904393,False,0.5003072734230022,0.536934962003768,-0.3062998444216464,-0.6746773130568698,-0.7997811074617369,0.1432965796562395,0.0268429510090839,0.0092353754831187,2.2119365552471064e-15,17.487037648106664,16
993,0.1625,8,144,1,1,1026,broad_xyz,21.99112410904393,False,0.5548272598136784,0.5798175175412208,-0.2663401876584612,-0.7020119292806275,-0.8355217101255975,0.2403747696502004,0.0323735219709549,0.0122150182829066,2.2119365552471064e-15,17.487037648106664,16
994,0.175,8,144,1,1,1026,broad_xyz,21.99112410904393,False,0.6139269694443947,0.6344061902737047,-0.2070529310782244,-0.7242866995578343,-0.8494729556050696,0.3539251593156476,0.0379978812313092,0.0158349812424246,2.2119365552471064e-15,17.487037648106664,16
995,0.1875,8,144,1,1,1026,broad_xyz,21.99112410904393,False,0.6726645635198563,0.6932345651425572,-0.117808602778442,-0.7331583279600111,-0.8315983748331824,0.4634463554961827,0.0435600431111547,0.0202043213677693,2.2119365552471064e-15,17.487037648106664,16
996,0.2,8,144,1,1,1026,broad_xyz,21.99112410904393,False,0.7127132749356776,0.736884750481505,-0.0162805507159152,-0.7317411479535268,-0.7759999031851961,0.5419797202460978,0.0494358225232696,0.0252070618061267,2.2119365552471064e-15,17.487037648106664,16
997,0.2125,8,144,1,1,1026,broad_xyz,21.99112410904393,False,0.7325497618870426,0.7619508106313428,0.0725529283514752,-0.7347180046471328,-0.7003684516108704,0.5832490183236447,0.0595887260841932,0.0306309891976965,2.2119365552471064e-15,17.487037648106664,16
998,0.225,8,144,1,1,1026,broad_xyz,21.99112410904393,False,0.7408089733183816,0.7761150242068159,0.143789896805571,-0.7473022509398556,-0.6193643130353658,0.5910845119681635,0.0725678751607435,0.0361263759333211,2.2119365552471064e-15,17.487037648106664,16
999,0.2375,8,144,1,1,1026,broad_xyz,21.99112410904393,False,0.7439215475790307,0.783490365249402,0.2001497884355905,-0.7678358918669367,-0.5242465304599878,0.5728747009634119,0.084243251636638,0.0414700361608546,2.2119365552471064e-15,17.487037648106664,16
1000,0.25,8,144,1,1,1026,broad_xyz,21.99112410904393,False,0.744515881912706,0.7871534179919137,0.2513472656421098,-0.789094876409773,-0.422648142163625,0.5307372729577313,0.0935115583047176,0.0466293436364848,2.2119365552471064e-15,17.487037648106664,16
1001,0.27,8,144,1,1,1026,broad_xyz,21.99112410904393,False,0.740254840478924,0.7844735715765552,0.3397815072808912,-0.8134284474362722,-0.2873293505716305,0.4048043843149372,0.1058096633825809,0.0547659360877235,2.2119365552471064e-15,17.487037648106664,16
1002,0.29,8,144,1,1,1026,broad_xyz,21.99112410904393,False,0.713711133639512,0.7564241088007043,0.4536974997347791,-0.8040067435637472,-0.2412664736826125,0.182244694489655,0.1149016700872406,0.0630633655270463,2.2119365552471064e-15,17.487037648106664,16
1003,0.31,8,144,1,1,1026,broad_xyz,21.99112410904393,False,0.6641572351524869,0.7215600289863559,0.543426638503361,-0.7745425057600204,-0.2440100149882664,-0.070015263135662,0.1196902959050844,0.0695342936377628,2.2119365552471064e-15,17.487037648106664,16
1004,0.33,8,144,1,1,1026,broad_xyz,21.99112410904393,False,0.6400706071553783,0.7362820523819555,0.5594823246133072,-0.786133908142364,-0.1908266573872309,-0.2186038734064298,0.1216736279539428,0.0723730634946803,2.2119365552471064e-15,17.487037648106664,16
1005,0.35,8,144,1,1,1026,broad_xyz,21.99112410904393,False,0.6404050482644461,0.779740184659339,0.5567290990273467,-0.8110335498237065,-0.1248732462677215,-0.2829654661036812,0.1222307302898578,0.0725555600388004,2.2119365552471064e-15,17.487037648106664,16
1006,0.37,8,144,1,1,1026,broad_xyz,21.99112410904393,False,0.6398962214771843,0.8141042325023665,0.5591374546028091,-0.8332479008370383,-0.091559290566143,-0.3123779800080254,0.1215288328001499,0.0717436466626259,2.2119365552471064e-15,17.487037648106664,16
1007,0.39,8,144,1,1,1026,broad_xyz,21.99112410904393,False,0.633700095693669,0.8364136029763791,0.5682385463104418,-0.8450717261243264,-0.1054660096433367,-0.3120706923025116,0.1180326407991966,0.0704571664055289,2.2119365552471064e-15,17.487037648106664,16
1008,0.41,8,144,1,1,1026,broad_xyz,21.99112410904393,False,0.6218528966528493,0.8467392865204747,0.578489156194839,-0.844258805520373,-0.1678488004816427,-0.2988044489260728,0.1244936072464379,0.0690882633216704,2.2119365552471064e-15,17.487037648106664,16
1009,0.43,8,144,1,1,1026,broad_xyz,21.99112410904393,False,0.6102884850002491,0.8509659585341349,0.5872476144630682,-0.8379190462628116,-0.2595512684386455,-0.2803904935790326,0.1286273522672164,0.0679201960047153,2.2119365552471064e-15,17.487037648106664,16
1010,0.45,8,144,1,1,1026,broad_xyz,21.99112410904393,False,0.6017338647486766,0.852047841931668,0.5899892301927315,-0.8336004334250503,-0.3842467496678009,-0.268587139185547,0.1286865428900961,0.0672239360720553,2.2119365552471064e-15,17.487037648106664,16
1011,0.5,8,144,1,1,1026,broad_xyz,21.99112410904393,False,0.574978560617586,0.8257708269840367,0.5715136113996867,-0.838848646070894,-0.4002219864657592,-0.2756833633457989,0.1200272126895904,0.0687809514698855,2.2119365552471064e-15,17.487037648106664,16
1012,0.55,8,144,1,1,1026,broad_xyz,21.99112410904393,False,0.411343262902661,0.6727402259387032,0.5799631948019042,-0.7674623537994298,-0.4758868083518194,-0.2665379583606888,0.123398226254154,0.0759325289394095,2.2119365552471064e-15,17.487037648106664,16
1013,0.6,8,144,1,1,1026,broad_xyz,21.99112410904393,False,0.2700933917565819,0.5605180751203428,0.6200767952492259,-0.738754682730146,-0.6180255765784535,-0.2890277075715484,0.122444446810691,0.0812677150176824,2.2119365552471064e-15,17.487037648106664,16
1014,0.6499999999999999,8,144,1,1,1026,broad_xyz,21.99112410904393,False,0.3439022764235942,0.615415231238121,0.6339464851038014,-0.7865234455046237,-0.6884076636578956,-0.4092141087375812,0.128632379045658,0.0820037449956633,2.2119365552471064e-15,17.487037648106664,16
1015,0.7,8,144,1,1,1026,broad_xyz,21.99112410904393,False,0.5268590036651721,0.7454102643974101,0.7082338813136265,-0.8002057174222749,-0.8183972711007157,-0.5370814506579663,0.1334287534233256,0.0839184712967928,2.2119365552471064e-15,17.487037648106664,16
1016,0.725,8,144,1,1,1026,broad_xyz,21.99112410904393,False,0.581750646634997,0.7890611352450796,0.7647769732519566,-0.8034732470102355,-0.8688793830419771,-0.5611625818893385,0.1341986754985136,0.0855192250453847,2.2119365552471064e-15,17.487037648106664,16
1017,0.75,8,144,1,1,1026,broad_xyz,21.99112410904393,False,0.6159332842173776,0.8207982714957753,0.8080347885067172,-0.8026258332769217,-0.8851120365351355,-0.5564802678785037,0.1408906528116703,0.0865926531534667,2.2119365552471064e-15,17.487037648106664,16
1018,0.775,8,144,1,1,1026,broad_xyz,21.99112410904393,False,0.6491118288017051,0.8426079696098597,0.838329060742873,-0.7834889466253036,-0.885254641456488,-0.5443118364165099,0.1438696803207073,0.0868290884905377,2.2119365552471064e-15,17.487037648106664,16
1019,0.8,8,144,1,1,1026,broad_xyz,21.99112410904393,False,0.6846904425694251,0.856383034291805,0.8578308762004931,-0.734320425209308,-0.8828263302674632,-0.5258372943954139,0.145388846181554,0.0860920905236445,2.2119365552471064e-15,17.487037648106664,16
1020,0.825,8,144,1,1,1026,broad_xyz,21.99112410904393,False,0.7049842451703998,0.8623107635625711,0.8703897869934957,-0.6383598750664079,-0.883511862704354,-0.5028852583668764,0.1419433435612451,0.0846767382116278,2.2119365552471064e-15,17.487037648106664,16
1021,0.85,8,144,1,1,1026,broad_xyz,21.99112410904393,False,0.7044548429177021,0.8597885722592771,0.8811981684276171,-0.4947965070653394,-0.8840308286750063,-0.4866600308909933,0.1400151460356606,0.0835338065414847,2.2119365552471064e-15,17.487037648106664,16
1022,0.875,8,144,1,1,1026,broad_xyz,21.99112410904393,False,0.6907102569183731,0.847660970366213,0.8902062127748942,-0.3496896115477125,-0.8705924419876846,-0.4875303064896459,0.1424084417974043,0.0834305348141537,2.2119365552471064e-15,17.487037648106664,16
1023,0.9,8,144,1,1,1026,broad_xyz,21.99112410904393,False,0.667833358523263,0.8285880075087637,0.8975710074699026,-0.2458107988838951,-0.835122084048506,-0.4982812846565889,0.1512061166268343,0.0840834019977525,2.2119365552471064e-15,17.487037648106664,16
1024,0.95,8,144,1,1,1026,broad_xyz,21.99112410904393,False,0.6139140154769186,0.7788771602175995,0.9156033767531232,-0.1339886821964282,-0.8827755558636444,-0.5139782662933479,0.1635571990297033,0.0863433147135546,2.2119365552471064e-15,17.487037648106664,16
1025,1.0,8,144,1,1,1026,broad_xyz,21.99112410904393,False,0.5295532387370672,0.7129635876039315,0.9155233319206624,-0.2634402690648305,-0.8908967131841353,-0.5727172951618648,0.1582508995075717,0.0897337930457714,2.2119365552471064e-15,17.487037648106664,16
1026,0.05,8,144,1,1,1027,broad_xyz,21.99112410904393,False,0.4003939237540033,0.370709525278194,0.0027738509981835,-0.373645089925501,-0.3774410056178295,-0.0047746273912081,0.0009015065500349,8.472672138192493e-05,2.2119365552471064e-15,17.487037648106664,17
1027,0.075,8,144,1,1,1027,broad_xyz,21.99112410904393,False,0.4757220772703386,0.403044850774884,0.1139081434719358,-0.4047682415757104,-0.5006471044361487,-0.0665515311428742,0.0022640554550177,0.0002700914613665,2.2119365552471064e-15,17.487037648106664,17
1028,0.1,8,144,1,1,1027,broad_xyz,21.99112410904393,False,0.5561693698344453,0.4684201088149865,0.2650773304123411,-0.4433292415092839,-0.5815978157160833,-0.1768037828510075,0.0046031741228823,0.0008063546567277,2.2119365552471064e-15,17.487037648106664,17
1029,0.125,8,144,1,1,1027,broad_xyz,21.99112410904393,False,0.6253307513935624,0.5505701521101337,0.4362117592327149,-0.4544902525766729,-0.5030903070405961,-0.2915310663256583,0.0086587246858381,0.0022616604996028,2.2119365552471064e-15,17.487037648106664,17
1030,0.15,8,144,1,1,1027,broad_xyz,21.99112410904393,False,0.6591666169872228,0.6255256347121337,0.5577888502352574,-0.4672857731235941,-0.3096846289291696,-0.3479563950508598,0.0170825214468347,0.0053265339810311,2.2119365552471064e-15,17.487037648106664,17
1031,0.1625,8,144,1,1,1027,broad_xyz,21.99112410904393,False,0.670669187893474,0.654331516664282,0.5962766460436474,-0.4913135940434321,-0.2353979833460785,-0.3639983679591511,0.0230043935129614,0.0077001852498852,2.2119365552471064e-15,17.487037648106664,17
1032,0.175,8,144,1,1,1027,broad_xyz,21.99112410904393,False,0.6882597045391469,0.6820569895560202,0.6310586025566695,-0.5215675427744019,-0.2084959313481354,-0.3689956628072497,0.0307623183584772,0.010861335889249,2.2119365552471064e-15,17.487037648106664,17
1033,0.1875,8,144,1,1,1027,broad_xyz,21.99112410904393,False,0.718811361804103,0.7210974185436922,0.6704145182878073,-0.5559358927646818,-0.2296469746414942,-0.3596403592226602,0.0395619379957626,0.0149457194895446,2.2119365552471064e-15,17.487037648106664,17
1034,0.2,8,144,1,1,1027,broad_xyz,21.99112410904393,False,0.7516796643998429,0.760246496630261,0.7073106349508147,-0.6025438742831911,-0.2732098335668598,-0.3411745532402463,0.0486136663227673,0.0198449934085491,2.2119365552471064e-15,17.487037648106664,17
1035,0.2125,8,144,1,1,1027,broad_xyz,21.99112410904393,False,0.785475433253725,0.8007219328528518,0.7407731010333268,-0.6595981376962756,-0.3150668168795607,-0.3112441700517997,0.0575472495372886,0.0254796888138604,2.2119365552471064e-15,17.487037648106664,17
1036,0.225,8,144,1,1,1027,broad_xyz,21.99112410904393,False,0.8184796154556302,0.8387608474268673,0.7727447722129803,-0.7189395962204531,-0.341994128205378,-0.2713666818046125,0.0660091664639094,0.0318260275042924,2.2119365552471064e-15,17.487037648106664,17
1037,0.2375,8,144,1,1,1027,broad_xyz,21.99112410904393,False,0.842382409963824,0.8677333045248381,0.798155835006912,-0.7787847777257553,-0.3716010323577458,-0.2228003692724552,0.0736473351832135,0.0388929233600535,2.2119365552471064e-15,17.487037648106664,17
1038,0.25,8,144,1,1,1027,broad_xyz,21.99112410904393,False,0.8537368044511042,0.884065896612181,0.8156689254225689,-0.8336280309774898,-0.4091659963562808,-0.1653833202727637,0.0808872682588806,0.0466232221996012,2.2119365552471064e-15,17.487037648106664,17
1039,0.27,8,144,1,1,1027,broad_xyz,21.99112410904393,False,0.8507963783639545,0.888302283344799,0.8387378405876164,-0.8911699344758444,-0.4936972185120576,-0.0452573698364437,0.0925611723768898,0.0597780004673325,2.2119365552471064e-15,17.487037648106664,17
1040,0.29,8,144,1,1,1027,broad_xyz,21.99112410904393,False,0.8360796422698736,0.8822003707538126,0.8750980907585731,-0.8981866424802986,-0.6016587317813957,0.1145997053083037,0.1034235531047687,0.0710269522534948,2.2119365552471064e-15,17.487037648106664,17
1041,0.31,8,144,1,1,1027,broad_xyz,21.99112410904393,False,0.8352283659168754,0.8881459340173228,0.9090577017546952,-0.910263434027041,-0.6640811114573825,0.2187915075766413,0.1157051236975148,0.077030331817412,2.2119365552471064e-15,17.487037648106664,17
1042,0.33,8,144,1,1,1027,broad_xyz,21.99112410904393,False,0.8478910272906748,0.9016617880022484,0.9338767236714816,-0.9403281697544776,-0.7099092034166019,0.256099963358782,0.1269059609043463,0.0776373177609726,2.2119365552471064e-15,17.487037648106664,17
1043,0.35,8,144,1,1,1027,broad_xyz,21.99112410904393,False,0.8479806656983974,0.8979042821695905,0.94093512950525,-0.9643642766760708,-0.7699997003101179,0.2650389475999546,0.1349088272769939,0.0764394385922135,2.2119365552471064e-15,17.487037648106664,17
1044,0.37,8,144,1,1,1027,broad_xyz,21.99112410904393,False,0.8373968247878261,0.885030646574957,0.9360253466174946,-0.9694858997207056,-0.8261869433721079,0.2560684726547477,0.1399288148013061,0.0759006092781977,2.2119365552471064e-15,17.487037648106664,17
1045,0.39,8,144,1,1,1027,broad_xyz,21.99112410904393,False,0.8248961741543834,0.8744737674196271,0.92950888604811,-0.961201550572098,-0.8644936139240028,0.2165844871764326,0.1433085783050343,0.0760166095134438,2.2119365552471064e-15,17.487037648106664,17
1046,0.41,8,144,1,1,1027,broad_xyz,21.99112410904393,False,0.8103010786788403,0.8677479150152247,0.921532022663092,-0.9464770209493208,-0.8845816375312274,0.1520046085125387,0.1480315275641407,0.076279702474886,2.2119365552471064e-15,17.487037648106664,17
1047,0.43,8,144,1,1,1027,broad_xyz,21.99112410904393,False,0.797022946135318,0.8663830683598426,0.9134780416149736,-0.9302099610292112,-0.893851093279634,0.0793925026897339,0.1533875008210876,0.0763930573994389,2.2119365552471064e-15,17.487037648106664,17
1048,0.45,8,144,1,1,1027,broad_xyz,21.99112410904393,False,0.7937234530596823,0.8727419235190673,0.9096942961847654,-0.918692704834244,-0.8954713490848267,0.0052259745618085,0.1573534623275731,0.0766588246694693,2.2119365552471064e-15,17.487037648106664,17
1049,0.5,8,144,1,1,1027,broad_xyz,21.99112410904393,False,0.8419316769859092,0.9022685996118742,0.9337480766263112,-0.9309821223287006,-0.8294187933854226,-0.1038990440933123,0.1538278277765248,0.0826340349827898,2.2119365552471064e-15,17.487037648106664,17
1050,0.55,8,144,1,1,1027,broad_xyz,21.99112410904393,False,0.8528337539556183,0.8364916024711274,0.9302632198200496,-0.8916956617913614,-0.7370645475404031,-0.0975509886074538,0.1460943238544777,0.0961446740381247,2.2119365552471064e-15,17.487037648106664,17
1051,0.6,8,144,1,1,1027,broad_xyz,21.99112410904393,False,0.8005016454190631,0.7586997358350227,0.9092523025535312,-0.84735043157413,-0.7678569345258959,-0.2132153488331292,0.1445313715737853,0.1036375472992156,2.2119365552471064e-15,17.487037648106664,17
1052,0.6499999999999999,8,144,1,1,1027,broad_xyz,21.99112410904393,False,0.8212418180098966,0.8257352451924376,0.9257729434974205,-0.8880592030881617,-0.89316729642112,-0.3660487956214551,0.1488704040202544,0.0976476734578122,2.2119365552471064e-15,17.487037648106664,17
1053,0.7,8,144,1,1,1027,broad_xyz,21.99112410904393,False,0.8193198821170534,0.8408263863700075,0.9236401671971008,-0.8907840550497488,-0.9039558834240484,-0.4440182861923374,0.1446180264549594,0.0911610828042106,2.2119365552471064e-15,17.487037648106664,17
1054,0.725,8,144,1,1,1027,broad_xyz,21.99112410904393,False,0.7962718241322426,0.8365565419259519,0.9208179474859196,-0.8707523651310806,-0.8932725243969775,-0.4613585809354227,0.142354618020355,0.0898148059831335,2.2119365552471064e-15,17.487037648106664,17
1055,0.75,8,144,1,1,1027,broad_xyz,21.99112410904393,False,0.775023544770905,0.8383967629895447,0.9194362674340536,-0.8111518380095267,-0.8827413056151003,-0.4808546220322029,0.1432728616141232,0.089128428231589,2.2119365552471064e-15,17.487037648106664,17
1056,0.775,8,144,1,1,1027,broad_xyz,21.99112410904393,False,0.7689714778941314,0.8482967807942043,0.9181700496816156,-0.6736985662248736,-0.8744359787438486,-0.5071411851438075,0.1442968472020118,0.0885580803409326,2.2119365552471064e-15,17.487037648106664,17
1057,0.8,8,144,1,1,1027,broad_xyz,21.99112410904393,False,0.7814330330318104,0.864715937402883,0.9160959742651924,-0.4148427271383806,-0.8683274053184079,-0.5313990253920571,0.1445818738022876,0.0877788640367851,2.2119365552471064e-15,17.487037648106664,17
1058,0.825,8,144,1,1,1027,broad_xyz,21.99112410904393,False,0.8023250113841806,0.8828903523115023,0.9160480533059197,-0.0958131561237743,-0.8725491107529646,-0.5421729488581097,0.144131182425736,0.086343068718027,2.2119365552471064e-15,17.487037648106664,17
1059,0.85,8,144,1,1,1027,broad_xyz,21.99112410904393,False,0.8174699637113572,0.8947989508030975,0.9197215670814498,0.1088937359127789,-0.8896776248849391,-0.5415275365448482,0.1429754824823101,0.084277761126355,2.2119365552471064e-15,17.487037648106664,17
1060,0.875,8,144,1,1,1027,broad_xyz,21.99112410904393,False,0.8218086186615565,0.8960335041932922,0.923981544710488,0.1427038425370843,-0.8988394731287672,-0.5392012655365821,0.140566655747767,0.0826444725240838,2.2119365552471064e-15,17.487037648106664,17
1061,0.9,8,144,1,1,1027,broad_xyz,21.99112410904393,False,0.8191108888733262,0.8917782242923088,0.9276477290826688,0.0593701596549688,-0.8830711840424266,-0.5334712509267174,0.1378523661850735,0.0824680879903326,2.2119365552471064e-15,17.487037648106664,17
1062,0.95,8,144,1,1,1027,broad_xyz,21.99112410904393,False,0.8017787518696867,0.8823643513968255,0.9347037896683336,-0.4435514191219768,-0.92621250126847,-0.5109851491471628,0.13341398882043,0.0871605250536694,2.2119365552471064e-15,17.487037648106664,17
1063,1.0,8,144,1,1,1027,broad_xyz,21.99112410904393,False,0.7665747013055318,0.8647194007631972,0.9352727860851048,-0.8707352425594675,-0.944352156789248,-0.4809791608739415,0.1384809268997394,0.094033048202238,2.2119365552471064e-15,17.487037648106664,17
1064,0.05,8,144,1,1,1028,broad_xyz,21.99112410904393,False,-0.214049808477797,0.3585242160192911,-0.3722759157244573,-0.4440527995989671,-0.2745967193622083,0.043135851854372,0.0027321233666135,0.000568408104386,2.2119365552471064e-15,17.487037648106664,18
1065,0.075,8,144,1,1,1028,broad_xyz,21.99112410904393,False,-0.1212157500493076,0.3675607699499651,-0.348310755256578,-0.462700312573004,-0.3055686794108075,0.108800227441602,0.0063954070515171,0.0014716123185988,2.2119365552471064e-15,17.487037648106664,18
1066,0.1,8,144,1,1,1028,broad_xyz,21.99112410904393,False,0.0338032378803365,0.4000039508836052,-0.2800355503984045,-0.4718746049860116,-0.3796041025752181,0.2154338359457435,0.011788093580239,0.0031629706864533,2.2119365552471064e-15,17.487037648106664,18
1067,0.125,8,144,1,1,1028,broad_xyz,21.99112410904393,False,0.214336866925945,0.4616985273617823,-0.1598084894959553,-0.4674953312362849,-0.4666331785756754,0.3625019061136341,0.0192284864019963,0.0062243838706974,2.2119365552471064e-15,17.487037648106664,18
1068,0.15,8,144,1,1,1028,broad_xyz,21.99112410904393,False,0.4108711558837781,0.5715074874433583,0.0121062554615481,-0.4485059959555011,-0.4727678531382939,0.5266284028514764,0.0305613587868519,0.0116560920037114,2.2119365552471064e-15,17.487037648106664,18
1069,0.1625,8,144,1,1,1028,broad_xyz,21.99112410904393,False,0.5068485552542374,0.6392475378707005,0.1136715461724614,-0.4311665436992328,-0.4299240983020048,0.6015444558580666,0.0382186207401109,0.0156285882598873,2.2119365552471064e-15,17.487037648106664,18
1070,0.175,8,144,1,1,1028,broad_xyz,21.99112410904393,False,0.5861856223443824,0.6989195603247257,0.2129304497188722,-0.4149925304546105,-0.3786184567089933,0.6642582807734781,0.0472491161509949,0.0204596043577402,2.2119365552471064e-15,17.487037648106664,18
1071,0.1875,8,144,1,1,1028,broad_xyz,21.99112410904393,False,0.647349094765352,0.7450021430806478,0.3012733690754516,-0.4090977416508339,-0.3362664453656886,0.7135653559486902,0.0570990492369678,0.0260959219430731,2.2119365552471064e-15,17.487037648106664,18
1072,0.2,8,144,1,1,1028,broad_xyz,21.99112410904393,False,0.6889273660899631,0.7753918482379756,0.3717191525680484,-0.4211067707898514,-0.2948236478666236,0.747553882520413,0.067968316662181,0.0323237416005897,2.2119365552471064e-15,17.487037648106664,18
1073,0.2125,8,144,1,1,1028,broad_xyz,21.99112410904393,False,0.715169084114379,0.7950325070271697,0.4257680080277181,-0.4526336721419382,-0.2577306518107135,0.7691749716523733,0.0783627170940474,0.0389365861083894,2.2119365552471064e-15,17.487037648106664,18
1074,0.225,8,144,1,1,1028,broad_xyz,21.99112410904393,False,0.7306938628233313,0.8068318404472807,0.4669402287859076,-0.5020190914767171,-0.2268401931067575,0.7816710108695352,0.0877353719101358,0.0458568502613042,2.2119365552471064e-15,17.487037648106664,18
1075,0.2375,8,144,1,1,1028,broad_xyz,21.99112410904393,False,0.7428951759655966,0.8166349162801066,0.5069295491535976,-0.5589408206842557,-0.2093875527999859,0.7917086212098482,0.0974343804406288,0.0530305671863573,2.2119365552471064e-15,17.487037648106664,18
1076,0.25,8,144,1,1,1028,broad_xyz,21.99112410904393,False,0.7555117217194157,0.8272980556222275,0.553183619391144,-0.6155182381337758,-0.2099853448560468,0.8022426975639116,0.1067131893625506,0.0604454694446666,2.2119365552471064e-15,17.487037648106664,18
1077,0.27,8,144,1,1,1028,broad_xyz,21.99112410904393,False,0.7887518981891524,0.85395211755026,0.6597758100117096,-0.6810720016559293,-0.2572487530316917,0.8180777034579371,0.1197683744125037,0.0729261503287659,2.2119365552471064e-15,17.487037648106664,18
1078,0.29,8,144,1,1,1028,broad_xyz,21.99112410904393,False,0.8259775488851141,0.8813817133312166,0.7855203717834041,-0.6947529183819795,-0.3717251669082807,0.8038561657111281,0.130257384996058,0.0853866682470642,2.2119365552471064e-15,17.487037648106664,18
1079,0.31,8,144,1,1,1028,broad_xyz,21.99112410904393,False,0.8362879476845192,0.8919334982961605,0.847620119191553,-0.7160150992656429,-0.4505255885355475,0.7455497490468341,0.1374621495361861,0.0951125211689817,2.2119365552471064e-15,17.487037648106664,18
1080,0.33,8,144,1,1,1028,broad_xyz,21.99112410904393,False,0.8346195870583293,0.9033143428312266,0.8548907928595583,-0.7839848462731651,-0.4417181109038215,0.6940719385196836,0.1410001656914534,0.1002064834603412,2.2119365552471064e-15,17.487037648106664,18
1081,0.35,8,144,1,1,1028,broad_xyz,21.99112410904393,False,0.8336040044129025,0.9146055140727192,0.8663202425864999,-0.8380306005485837,-0.4253438306461052,0.6629507820373441,0.145532622973156,0.1015476387575649,2.2119365552471064e-15,17.487037648106664,18
1082,0.37,8,144,1,1,1028,broad_xyz,21.99112410904393,False,0.8272336798346632,0.9173488229376694,0.8909035140355439,-0.8589282784918166,-0.4402863221693669,0.6433700319056208,0.1462104335103053,0.1006273630972153,2.2119365552471064e-15,17.487037648106664,18
1083,0.39,8,144,1,1,1028,broad_xyz,21.99112410904393,False,0.811031599453898,0.9111235773775294,0.9134965452952268,-0.8621400528870282,-0.47118668582349,0.6232765215062693,0.1450718901161388,0.0991317331153904,2.2119365552471064e-15,17.487037648106664,18
1084,0.41,8,144,1,1,1028,broad_xyz,21.99112410904393,False,0.7855366943975484,0.8975888653422878,0.9275074706804972,-0.853262729944959,-0.5293217998901921,0.5950838038388467,0.1468127314134286,0.0974875255035095,2.2119365552471064e-15,17.487037648106664,18
1085,0.43,8,144,1,1,1028,broad_xyz,21.99112410904393,False,0.7527214864137127,0.8780648103836927,0.9297234347623234,-0.8415319848226152,-0.5937744839463418,0.553947068226229,0.1486296675159625,0.0960611781835278,2.2119365552471064e-15,17.487037648106664,18
1086,0.45,8,144,1,1,1028,broad_xyz,21.99112410904393,False,0.7218775572251279,0.858162322473933,0.9256158108400556,-0.8375896380593298,-0.6509502457967973,0.4952246615269175,0.152466272025119,0.0952591675026023,2.2119365552471064e-15,17.487037648106664,18
1087,0.5,8,144,1,1,1028,broad_xyz,21.99112410904393,False,0.6994724049014055,0.8336767991463115,0.9047891962868344,-0.8890922067508169,-0.6342750525580364,0.312883577487435,0.1512529456082655,0.0975736081127261,2.2119365552471064e-15,17.487037648106664,18
1088,0.55,8,144,1,1,1028,broad_xyz,21.99112410904393,False,0.7561811089565659,0.8434555931880834,0.880238835623943,-0.9104350712745144,-0.693359271070024,0.1616482446070178,0.1507999022349539,0.1080791181213174,2.2119365552471064e-15,17.487037648106664,18
1089,0.6,8,144,1,1,1028,broad_xyz,21.99112410904393,False,0.7706330848913726,0.8184592421757935,0.8763015374452825,-0.8636523951488289,-0.7331572569918261,-0.0434894343902439,0.1556489674085156,0.1171559971117089,2.2119365552471064e-15,17.487037648106664,18
1090,0.6499999999999999,8,144,1,1,1028,broad_xyz,21.99112410904393,False,0.7830782862967206,0.7978856300683591,0.8459553270211626,-0.8564993643623162,-0.7462056019498866,-0.2842233835415642,0.1526951453639283,0.1149514497435877,2.2119365552471064e-15,17.487037648106664,18
1091,0.7,8,144,1,1,1028,broad_xyz,21.99112410904393,False,0.7905322756313691,0.7969275410923942,0.8739653412576414,-0.8504512845177188,-0.8158200456410915,-0.4992318564689177,0.15497940724195,0.1093983555814238,2.2119365552471064e-15,17.487037648106664,18
1092,0.725,8,144,1,1,1028,broad_xyz,21.99112410904393,False,0.7863315080481585,0.8014102451813554,0.9003391757267292,-0.8476354655034821,-0.8395288587650842,-0.552046712899119,0.1563268519687114,0.1076156784476427,2.2119365552471064e-15,17.487037648106664,18
1093,0.75,8,144,1,1,1028,broad_xyz,21.99112410904393,False,0.7894921105919057,0.8091726340442915,0.9171535580213158,-0.8395705211181091,-0.852936580889126,-0.5743422086630622,0.1524830826950222,0.1058858998055585,2.2119365552471064e-15,17.487037648106664,18
1094,0.775,8,144,1,1,1028,broad_xyz,21.99112410904393,False,0.8070144899163532,0.8225979121823209,0.925402051686862,-0.8227251139718905,-0.8634743334163203,-0.5792364842260899,0.154956537155029,0.1038643404956559,2.2119365552471064e-15,17.487037648106664,18
1095,0.8,8,144,1,1,1028,broad_xyz,21.99112410904393,False,0.8312609750289082,0.8407973092205686,0.928242944617527,-0.7792196200629048,-0.8739018740040815,-0.5732454954095115,0.1528918381751256,0.1015937906235272,2.2119365552471064e-15,17.487037648106664,18
1096,0.825,8,144,1,1,1028,broad_xyz,21.99112410904393,False,0.8444424950206435,0.8590025531797271,0.9269441933857532,-0.6565561616161619,-0.8857133128998014,-0.5590596040717392,0.150091078249416,0.099223111420641,2.2119365552471064e-15,17.487037648106664,18
1097,0.85,8,144,1,1,1028,broad_xyz,21.99112410904393,False,0.8410896625976872,0.8711842997289714,0.9210376478373292,-0.4561709833725679,-0.896363533237973,-0.5395989660145075,0.1508366345454944,0.0969035459811635,2.2119365552471064e-15,17.487037648106664,18
1098,0.875,8,144,1,1,1028,broad_xyz,21.99112410904393,False,0.8309479327348394,0.8746697409192198,0.914846994414862,-0.3055044523386006,-0.8964617013590673,-0.5298050399903004,0.1516799245606282,0.0948817490844787,2.2119365552471064e-15,17.487037648106664,18
1099,0.9,8,144,1,1,1028,broad_xyz,21.99112410904393,False,0.8210657866098564,0.8704327323199496,0.9145884408501336,-0.2523936937863636,-0.8701737120829559,-0.5339550426369827,0.1491204876394763,0.0934433402882803,2.2119365552471064e-15,17.487037648106664,18
1100,0.95,8,144,1,1,1028,broad_xyz,21.99112410904393,False,0.7894523047321191,0.84514974980312,0.9297654409508896,-0.4014163516947325,-0.9162301575884588,-0.546954385400597,0.1479114277699535,0.0939033316917275,2.2119365552471064e-15,17.487037648106664,18
1101,1.0,8,144,1,1,1028,broad_xyz,21.99112410904393,False,0.6994593242523153,0.7909841644476752,0.9380758225404292,-0.7613771836577293,-0.9131098014423292,-0.577166840313372,0.1495490555599906,0.0988834545986172,2.2119365552471064e-15,17.487037648106664,18
1102,0.05,8,144,1,1,1029,broad_xyz,21.99112410904393,False,0.3259286216627118,0.5448153998670144,-0.1790231658937527,-0.3793793089757148,-0.2629771943458308,-0.1129155200427158,0.0017841030275074,0.0003698906564845,2.2119365552471064e-15,17.487037648106664,19
1103,0.075,8,144,1,1,1029,broad_xyz,21.99112410904393,False,0.4787155152306797,0.5494883788745385,-0.0821559185555982,-0.3691455770756063,-0.2932209137487597,-0.1645180784130778,0.0036342850990973,0.0008233096570924,2.2119365552471064e-15,17.487037648106664,19
1104,0.1,8,144,1,1,1029,broad_xyz,21.99112410904393,False,0.6058639432251325,0.5776199998707447,0.0463327380818386,-0.3611898412353376,-0.3638924241570112,-0.1925277517490421,0.0066219506940227,0.0015757184672219,2.2119365552471064e-15,17.487037648106664,19
1105,0.125,8,144,1,1,1029,broad_xyz,21.99112410904393,False,0.6968726347589016,0.6380209422504076,0.1936073131318295,-0.3593363838700927,-0.4704149139285046,-0.1876439962429008,0.0106082744196384,0.002988873873721,2.2119365552471064e-15,17.487037648106664,19
1106,0.15,8,144,1,1,1029,broad_xyz,21.99112410904393,False,0.7558180731001993,0.7281213073236094,0.3302698298280127,-0.3684352292747705,-0.5591236083329554,-0.1323757315052101,0.0169766784631154,0.0060283375748206,2.2119365552471064e-15,17.487037648106664,19
1107,0.1625,8,144,1,1,1029,broad_xyz,21.99112410904393,False,0.7746623343199389,0.7681182769538486,0.3825322485515888,-0.3828910635975454,-0.5276278487835705,-0.0865595982400942,0.0219167419473657,0.0086359907860392,2.2119365552471064e-15,17.487037648106664,19
1108,0.175,8,144,1,1,1029,broad_xyz,21.99112410904393,False,0.7909132464325861,0.800378533834282,0.4227667482005999,-0.4100006831024121,-0.4577715914443311,-0.0403826588840867,0.029092613654449,0.012246248115103,2.2119365552471064e-15,17.487037648106664,19
1109,0.1875,8,144,1,1,1029,broad_xyz,21.99112410904393,False,0.8029324874424731,0.8275907104350819,0.4558139149519639,-0.4450120385560756,-0.3855574284205143,0.01209168312679,0.0373349381211435,0.0168988777063713,2.2119365552471064e-15,17.487037648106664,19
1110,0.2,8,144,1,1,1029,broad_xyz,21.99112410904393,False,0.8133093500730709,0.8530952726298849,0.4859004865343146,-0.4841041828696913,-0.3292116782281332,0.0683163024887865,0.0466353590052552,0.0225310446032833,2.2119365552471064e-15,17.487037648106664,19
1111,0.2125,8,144,1,1,1029,broad_xyz,21.99112410904393,False,0.8190322838959821,0.8716138484707199,0.5032401813595997,-0.5353203435556101,-0.281965589825473,0.1164925345894876,0.0560318297016401,0.0290949394446379,2.2119365552471064e-15,17.487037648106664,19
1112,0.225,8,144,1,1,1029,broad_xyz,21.99112410904393,False,0.8201749065062882,0.8827039355813835,0.5127957162755877,-0.5908315267918162,-0.2347090299887009,0.1543072173038939,0.0649147640626561,0.0362567376488323,2.2119365552471064e-15,17.487037648106664,19
1113,0.2375,8,144,1,1,1029,broad_xyz,21.99112410904393,False,0.8212699835810896,0.8898672348730452,0.523413618823146,-0.6443543521059726,-0.1882418992617904,0.1889394887212682,0.0730383529966335,0.0438428542821607,2.2119365552471064e-15,17.487037648106664,19
1114,0.25,8,144,1,1,1029,broad_xyz,21.99112410904393,False,0.8244245351269939,0.8976689201303826,0.5428336701377202,-0.6910639580281064,-0.1562827014029366,0.2213623379830084,0.0801934841581842,0.0517722113967255,2.2119365552471064e-15,17.487037648106664,19
1115,0.27,8,144,1,1,1029,broad_xyz,21.99112410904393,False,0.8361237708764505,0.9123797933426836,0.6032345769166627,-0.7452534606568634,-0.1665003016066023,0.2647044251856257,0.0920884750000137,0.0648982863050129,2.2119365552471064e-15,17.487037648106664,19
1116,0.29,8,144,1,1,1029,broad_xyz,21.99112410904393,False,0.848455007334889,0.922869333506546,0.7023745009293433,-0.7432148066181019,-0.2779739991226446,0.2705192115123823,0.1054829753510114,0.0776576884682643,2.2119365552471064e-15,17.487037648106664,19
1117,0.31,8,144,1,1,1029,broad_xyz,21.99112410904393,False,0.8525687245965455,0.9243289802625102,0.7858201544253836,-0.7275307504545828,-0.3721107763207718,0.2193584077584791,0.1190592485508467,0.0873011759483981,2.2119365552471064e-15,17.487037648106664,19
1118,0.33,8,144,1,1,1029,broad_xyz,21.99112410904393,False,0.8720000959189806,0.9406453899715622,0.8342857455210831,-0.7792953147434946,-0.4028682576384462,0.1688313647442295,0.131074772603648,0.0919373623090398,2.2119365552471064e-15,17.487037648106664,19
1119,0.35,8,144,1,1,1029,broad_xyz,21.99112410904393,False,0.8979748563139942,0.9582050883842737,0.876185633305125,-0.8336236121682492,-0.4729804323099564,0.1316030786323824,0.1399151682868851,0.093035258630444,2.2119365552471064e-15,17.487037648106664,19
1120,0.37,8,144,1,1,1029,broad_xyz,21.99112410904393,False,0.9113561770271432,0.9651068969457504,0.9045764141708648,-0.872669894216414,-0.5719928367312402,0.0888911243291029,0.1443302015229217,0.092849361476748,2.2119365552471064e-15,17.487037648106664,19
1121,0.39,8,144,1,1,1029,broad_xyz,21.99112410904393,False,0.903587660751878,0.9642745068009348,0.9244040888632332,-0.8878961363790369,-0.6721610503025359,0.043549768481886,0.1472197605386251,0.0924150580337057,2.2119365552471064e-15,17.487037648106664,19
1122,0.41,8,144,1,1,1029,broad_xyz,21.99112410904393,False,0.8781155214162516,0.9607249625847212,0.9365194586081792,-0.8839821915585453,-0.7527353892832434,-0.0014162280462256,0.1477711112191456,0.0918913566717975,2.2119365552471064e-15,17.487037648106664,19
1123,0.43,8,144,1,1,1029,broad_xyz,21.99112410904393,False,0.8505494132472923,0.9564400214031892,0.9405984794263568,-0.8712293466512635,-0.8050018187242688,-0.0468697121160851,0.1471849361256278,0.0914363480786854,2.2119365552471064e-15,17.487037648106664,19
1124,0.45,8,144,1,1,1029,broad_xyz,21.99112410904393,False,0.8385801025032992,0.9509362706071098,0.938637857915394,-0.8584483219942339,-0.8312137128180292,-0.0968149989063424,0.1470276732648852,0.0910751637904056,2.2119365552471064e-15,17.487037648106664,19
1125,0.5,8,144,1,1,1029,broad_xyz,21.99112410904393,False,0.8790434583602774,0.9220446370849196,0.9208710559327604,-0.8608559997252229,-0.7464300602273647,-0.2435419572888905,0.1444928001995191,0.0935645361510199,2.2119365552471064e-15,17.487037648106664,19
1126,0.55,8,144,1,1,1029,broad_xyz,21.99112410904393,False,0.8191054895734678,0.8385988257375612,0.8584777461863,-0.8383506230546245,-0.6218854289501368,-0.35729317314546,0.155285339493666,0.1049386537928037,2.2119365552471064e-15,17.487037648106664,19
1127,0.6,8,144,1,1,1029,broad_xyz,21.99112410904393,False,0.6599941892663004,0.7214673487067165,0.8062846691561507,-0.7794859182457314,-0.5913526362848176,-0.4486875297044755,0.1567538470679497,0.1141930610202501,2.2119365552471064e-15,17.487037648106664,19
1128,0.6499999999999999,8,144,1,1,1029,broad_xyz,21.99112410904393,False,0.6497419270734376,0.7520633138326539,0.8280344901124117,-0.7879503577209143,-0.7185362241280497,-0.5277515664024129,0.1561820691409381,0.1127071542599456,2.2119365552471064e-15,17.487037648106664,19
1129,0.7,8,144,1,1,1029,broad_xyz,21.99112410904393,False,0.7368570975207385,0.8079790403082667,0.855888037823097,-0.784198065792298,-0.8390479020434922,-0.5773007675970758,0.1561941110942517,0.1069616661821393,2.2119365552471064e-15,17.487037648106664,19
1130,0.725,8,144,1,1,1029,broad_xyz,21.99112410904393,False,0.7687363889160943,0.8301996585243683,0.8800866074742338,-0.7643752108831346,-0.8804662049444332,-0.5892978391279385,0.159461174217028,0.1050215009022472,2.2119365552471064e-15,17.487037648106664,19
1131,0.75,8,144,1,1,1029,broad_xyz,21.99112410904393,False,0.7885310541041036,0.8533197558617934,0.9027995991154714,-0.7289991501483544,-0.9047386547372211,-0.5932149843839319,0.1620226789445628,0.103578695751518,2.2119365552471064e-15,17.487037648106664,19
1132,0.775,8,144,1,1,1029,broad_xyz,21.99112410904393,False,0.8072832646863033,0.8730897327577165,0.9169536892195568,-0.6795343147381558,-0.913791639848758,-0.5882356412891295,0.1600446824633481,0.1021493601134436,2.2119365552471064e-15,17.487037648106664,19
1133,0.8,8,144,1,1,1029,broad_xyz,21.99112410904393,False,0.8213137315092017,0.8906357837864558,0.9250960871133372,-0.6070021218714713,-0.9179907642556636,-0.5760199506950507,0.1548785362173584,0.1004811683950184,2.2119365552471064e-15,17.487037648106664,19
1134,0.825,8,144,1,1,1029,broad_xyz,21.99112410904393,False,0.8201242688702787,0.9080819096819976,0.9316538055920708,-0.4907051773697463,-0.9261259179321736,-0.5558982332477683,0.1519870431872963,0.0985394946984187,2.2119365552471064e-15,17.487037648106664,19
1135,0.85,8,144,1,1,1029,broad_xyz,21.99112410904393,False,0.8052364697400725,0.9219892770485868,0.9364460926895476,-0.3557070968566653,-0.9357059576527516,-0.5266467533513961,0.1517803930110013,0.0964745842599496,2.2119365552471064e-15,17.487037648106664,19
1136,0.875,8,144,1,1,1029,broad_xyz,21.99112410904393,False,0.786566267599975,0.9278420171537624,0.9349394103066492,-0.3044539370538365,-0.9350934642841544,-0.5083315474239841,0.1483486551731453,0.094896011459329,2.2119365552471064e-15,17.487037648106664,19
1137,0.9,8,144,1,1,1029,broad_xyz,21.99112410904393,False,0.7743468416671933,0.9283253144118072,0.930455302479768,-0.3416745403841356,-0.9071892093878056,-0.5085048535338182,0.1465725158474345,0.094420682075703,2.2119365552471064e-15,17.487037648106664,19
1138,0.95,8,144,1,1,1029,broad_xyz,21.99112410904393,False,0.7928661703188888,0.92241969378374,0.9289113358419075,-0.5602013843077241,-0.9459591480629416,-0.5151040613909068,0.1408799356397201,0.0964466419429849,2.2119365552471064e-15,17.487037648106664,19
1139,1.0,8,144,1,1,1029,broad_xyz,21.99112410904393,False,0.8268117113652131,0.8967082864030572,0.9150181969976028,-0.8336542960612163,-0.9575638526713396,-0.5287277822065598,0.1465762004366614,0.1003108026451145,2.2119365552471064e-15,17.487037648106664,19
1140,0.05,8,144,1,1,1030,broad_xyz,21.99112410904393,False,0.2187694119937665,0.6205137744555661,-0.2123056428152157,-0.6079596968640172,-0.5584473181256355,0.1949632091243609,0.0018486969710668,0.0004613992609064,2.2119365552471064e-15,17.487037648106664,20
1141,0.075,8,144,1,1,1030,broad_xyz,21.99112410904393,False,0.3111180684540237,0.6591494789054033,-0.1449554315878158,-0.6174752728763544,-0.7180971050042129,0.256540195121936,0.0048592119640023,0.001336915187161,2.2119365552471064e-15,17.487037648106664,20
1142,0.1,8,144,1,1,1030,broad_xyz,21.99112410904393,False,0.4621511933301678,0.7275771220270952,-0.0279324862380694,-0.6007273684499099,-0.8137249379790531,0.2934639843676869,0.010154802103652,0.0032255147474947,2.2119365552471064e-15,17.487037648106664,20
1143,0.125,8,144,1,1,1030,broad_xyz,21.99112410904393,False,0.6173376637370193,0.797083372781775,0.109295451489935,-0.5653417679978319,-0.8515875407994459,0.3024720806237223,0.0184119380033913,0.0068752486155467,2.2119365552471064e-15,17.487037648106664,20
1144,0.15,8,144,1,1,1030,broad_xyz,21.99112410904393,False,0.7128180036283089,0.8437408576485741,0.2106881479041047,-0.550171326423875,-0.8500408327862281,0.2959123341004658,0.0297349878951821,0.0131204815955719,2.2119365552471064e-15,17.487037648106664,20
1145,0.1625,8,144,1,1,1030,broad_xyz,21.99112410904393,False,0.7357713505383174,0.8582035393940065,0.2458111051208819,-0.5548580864698206,-0.8342666781201173,0.2887996968884416,0.0365991269722485,0.0173891475716679,2.2119365552471064e-15,17.487037648106664,20
1146,0.175,8,144,1,1,1030,broad_xyz,21.99112410904393,False,0.7493661519910026,0.8694800344666451,0.2797898021435025,-0.5634276134295402,-0.8096973615143831,0.2764339150111967,0.0440379264190321,0.0223973868795207,2.2119365552471064e-15,17.487037648106664,20
1147,0.1875,8,144,1,1,1030,broad_xyz,21.99112410904393,False,0.7584382644235418,0.8781173636008051,0.3128149754011634,-0.576187693665763,-0.7729552435953086,0.2584308782312749,0.0516537083481687,0.0280278254893385,2.2119365552471064e-15,17.487037648106664,20
1148,0.2,8,144,1,1,1030,broad_xyz,21.99112410904393,False,0.7654990140116777,0.8848613825811441,0.3488446569305019,-0.5911473934062246,-0.7085388242870758,0.2350917242730313,0.0597723470189905,0.0340968108013663,2.2119365552471064e-15,17.487037648106664,20
1149,0.2125,8,144,1,1,1030,broad_xyz,21.99112410904393,False,0.7702582801334,0.8896359233599298,0.3860508982897569,-0.6112964796885039,-0.6233034056256441,0.2029918025604722,0.0695275474325467,0.0405146199464284,2.2119365552471064e-15,17.487037648106664,20
1150,0.225,8,144,1,1,1030,broad_xyz,21.99112410904393,False,0.7735757859771265,0.8911433822075036,0.4200656429851374,-0.6404062354924068,-0.5266970240237322,0.1598934728244914,0.0798612099943023,0.0471840282639623,2.2119365552471064e-15,17.487037648106664,20
1151,0.2375,8,144,1,1,1030,broad_xyz,21.99112410904393,False,0.7730466636611675,0.8883394692874307,0.4503566335100725,-0.6788274202601252,-0.4285336668452177,0.105698764041469,0.0899966023520441,0.0541594462062057,2.2119365552471064e-15,17.487037648106664,20
1152,0.25,8,144,1,1,1030,broad_xyz,21.99112410904393,False,0.766889404512657,0.8810956955418052,0.4771241643822256,-0.7235157120880701,-0.3374509890316762,0.0429320816966559,0.0997457413740627,0.0613448439361066,2.2119365552471064e-15,17.487037648106664,20
1153,0.27,8,144,1,1,1030,broad_xyz,21.99112410904393,False,0.7505684542438202,0.8655806189260822,0.5248130345278202,-0.7903682189324509,-0.2394237323809531,-0.0561119701318153,0.111735724638893,0.07318092576623,2.2119365552471064e-15,17.487037648106664,20
1154,0.29,8,144,1,1,1030,broad_xyz,21.99112410904393,False,0.7398072301171874,0.8593823255365004,0.6076840226969202,-0.8207143849896592,-0.2085983147520177,-0.113896422975009,0.1212008134438096,0.0845651593922339,2.2119365552471064e-15,17.487037648106664,20
1155,0.31,8,144,1,1,1030,broad_xyz,21.99112410904393,False,0.7402157278668704,0.8666920235575727,0.7052643813240611,-0.8306615802658948,-0.2408954877076101,-0.1306680346821978,0.1295877877011828,0.0935596936694628,2.2119365552471064e-15,17.487037648106664,20
1156,0.33,8,144,1,1,1030,broad_xyz,21.99112410904393,False,0.7489017001633376,0.8779181397279194,0.7750146210331302,-0.8539251401310187,-0.2782331158878761,-0.1262168034360591,0.1406488126526252,0.0987103036224242,2.2119365552471064e-15,17.487037648106664,20
1157,0.35,8,144,1,1,1030,broad_xyz,21.99112410904393,False,0.7612041831511976,0.8860808508192908,0.8251202887918144,-0.881960012198066,-0.3222423552330302,-0.1287663359077008,0.1505051503903854,0.1005630030159265,2.2119365552471064e-15,17.487037648106664,20
1158,0.37,8,144,1,1,1030,broad_xyz,21.99112410904393,False,0.769043142289156,0.8868789234937895,0.8591192295684664,-0.9025576665033982,-0.3760065165125821,-0.1460827049843787,0.1581673378149778,0.1003910753664774,2.2119365552471064e-15,17.487037648106664,20
1159,0.39,8,144,1,1,1030,broad_xyz,21.99112410904393,False,0.7632257228880132,0.8774261993125652,0.8784506790126382,-0.9108007782007986,-0.4395106492878528,-0.1743321170689424,0.1621550954584943,0.0994025670138401,2.2119365552471064e-15,17.487037648106664,20
1160,0.41,8,144,1,1,1030,broad_xyz,21.99112410904393,False,0.7407750295643856,0.8596923842780883,0.8870880887967825,-0.907303197231656,-0.5063541894688811,-0.2055448505178122,0.1635060881444175,0.0981341653071272,2.2119365552471064e-15,17.487037648106664,20
1161,0.43,8,144,1,1,1030,broad_xyz,21.99112410904393,False,0.7058308172682827,0.8376775579687509,0.8889590098390087,-0.8980570044750371,-0.569396088647997,-0.2326661232150992,0.1657924762542261,0.0969112973903795,2.2119365552471064e-15,17.487037648106664,20
1162,0.45,8,144,1,1,1030,broad_xyz,21.99112410904393,False,0.6717176747057145,0.817776251469886,0.8885510399120999,-0.8901830169334106,-0.6137072630506111,-0.253722795321571,0.1661755236248531,0.0959985823734297,2.2119365552471064e-15,17.487037648106664,20
1163,0.5,8,144,1,1,1030,broad_xyz,21.99112410904393,False,0.6459015171103817,0.7864044554754978,0.8720909189411925,-0.9050560346955244,-0.5238556357121299,-0.2722197810139609,0.1658023593734766,0.097422490503932,2.2119365552471064e-15,17.487037648106664,20
1164,0.55,8,144,1,1,1030,broad_xyz,21.99112410904393,False,0.6800369554474175,0.7560831561051006,0.8345167999135619,-0.909391454446754,-0.4877603225279773,-0.3015566258818627,0.1616669419988305,0.106560004325672,2.2119365552471064e-15,17.487037648106664,20
1165,0.6,8,144,1,1,1030,broad_xyz,21.99112410904393,False,0.7179285342742263,0.6762605842856151,0.8447352747175053,-0.8965845323440107,-0.5197064348318087,-0.4387134142265028,0.1596451227960884,0.1159869487806111,2.2119365552471064e-15,17.487037648106664,20
1166,0.6499999999999999,8,144,1,1,1030,broad_xyz,21.99112410904393,False,0.7279182064646955,0.6778273497040405,0.8676893541741012,-0.9058299547145896,-0.6557637651305392,-0.5197540235449434,0.1653083498511173,0.1167147808605782,2.2119365552471064e-15,17.487037648106664,20
1167,0.7,8,144,1,1,1030,broad_xyz,21.99112410904393,False,0.7308801211997914,0.723968522098208,0.9054630812492804,-0.9027224247998402,-0.7886730948734405,-0.5627990169298123,0.1683155523183313,0.1142303299889034,2.2119365552471064e-15,17.487037648106664,20
1168,0.725,8,144,1,1,1030,broad_xyz,21.99112410904393,False,0.7294906411019586,0.7428666041656002,0.921703226861329,-0.8997999398509527,-0.8214827447578376,-0.5658152958862664,0.1673169402166381,0.1134939008883899,2.2119365552471064e-15,17.487037648106664,20
1169,0.75,8,144,1,1,1030,broad_xyz,21.99112410904393,False,0.742724770398546,0.767562209243776,0.9353626838365438,-0.8934478421763645,-0.8486103558856153,-0.5642948310713882,0.1657353943410607,0.1126766350465757,2.2119365552471064e-15,17.487037648106664,20
1170,0.775,8,144,1,1,1030,broad_xyz,21.99112410904393,False,0.7704290565536746,0.7990400596977606,0.9464875362454704,-0.8771623701442925,-0.8737250177525239,-0.5584499985907477,0.1640093919084237,0.1112950352195816,2.2119365552471064e-15,17.487037648106664,20
1171,0.8,8,144,1,1,1030,broad_xyz,21.99112410904393,False,0.7988668439477268,0.8293371398094886,0.9506845971055496,-0.8314143392527517,-0.8932609768177023,-0.5448748944476749,0.1616245528130664,0.1092711856365651,2.2119365552471064e-15,17.487037648106664,20
1172,0.825,8,144,1,1,1030,broad_xyz,21.99112410904393,False,0.8215502372388226,0.8515286382707553,0.944582398439384,-0.7228399618363397,-0.9047440053212455,-0.5210343812808461,0.1586070817553114,0.1067708808891832,2.2119365552471064e-15,17.487037648106664,20
1173,0.85,8,144,1,1,1030,broad_xyz,21.99112410904393,False,0.8411692302906827,0.862884054027474,0.9309926763479496,-0.5599928626688682,-0.909357449620636,-0.4971154786321706,0.1592440619785498,0.104082296999579,2.2119365552471064e-15,17.487037648106664,20
1174,0.875,8,144,1,1,1030,broad_xyz,21.99112410904393,False,0.8557217513825791,0.8651297183228758,0.9195835084249993,-0.4232071708606893,-0.904921907234218,-0.4843974780210145,0.1598898341263578,0.1015711333717861,2.2119365552471064e-15,17.487037648106664,20
1175,0.9,8,144,1,1,1030,broad_xyz,21.99112410904393,False,0.8604083979162931,0.8593063790507195,0.914093275043599,-0.3537906169759069,-0.8755710399885441,-0.4846448110320575,0.161910562862427,0.0998596371341068,2.2119365552471064e-15,17.487037648106664,20
1176,0.95,8,144,1,1,1030,broad_xyz,21.99112410904393,False,0.8542267507206721,0.8269764356476332,0.9161938443439376,-0.4153026124638928,-0.9055040833916508,-0.4891154449273948,0.1641414036587907,0.1003524440446444,2.2119365552471064e-15,17.487037648106664,20
1177,1.0,8,144,1,1,1030,broad_xyz,21.99112410904393,False,0.8187453916814571,0.7775452383065307,0.92845598245171,-0.7097222073752983,-0.8907579043018466,-0.5139560838913275,0.1638429280787566,0.104577835359386,2.2119365552471064e-15,17.487037648106664,20
1178,0.05,8,144,1,1,1031,broad_xyz,21.99112410904393,False,0.5725475840330436,0.604797242423245,0.1227132999526229,-0.6488250374051392,-0.5163461614684005,0.4234921497755367,0.0013946967165301,0.0003143512613967,2.2119365552471064e-15,17.487037648106664,21
1179,0.075,8,144,1,1,1031,broad_xyz,21.99112410904393,False,0.4862771801076195,0.6158087046411673,0.0406229118341942,-0.7203392022874859,-0.6166500277306117,0.4331460664378374,0.0036674413049671,0.0008968527844157,2.2119365552471064e-15,17.487037648106664,21
1180,0.1,8,144,1,1,1031,broad_xyz,21.99112410904393,False,0.43522475032639,0.6330306679159987,0.0028588472889155,-0.7662915150144887,-0.716361494900628,0.4624552844372317,0.0075267299690796,0.0021124408476334,2.2119365552471064e-15,17.487037648106664,21
1181,0.125,8,144,1,1,1031,broad_xyz,21.99112410904393,False,0.4464456074047269,0.6588631706270887,0.0016004126264459,-0.800128465801729,-0.7949316098926135,0.4991802126446907,0.0134892846165739,0.0044336330405596,2.2119365552471064e-15,17.487037648106664,21
1182,0.15,8,144,1,1,1031,broad_xyz,21.99112410904393,False,0.5184840350287221,0.6909870326016917,0.048649827115331,-0.8140048954265862,-0.8033221723814173,0.5173251181520215,0.0227246634055029,0.0084134005244604,2.2119365552471064e-15,17.487037648106664,21
1183,0.1625,8,144,1,1,1031,broad_xyz,21.99112410904393,False,0.5709291913875473,0.712682657623638,0.0998037401306412,-0.8113551322825067,-0.786971933822021,0.520114208487688,0.0293648202896862,0.0112966457858926,2.2119365552471064e-15,17.487037648106664,21
1184,0.175,8,144,1,1,1031,broad_xyz,21.99112410904393,False,0.6277937341178281,0.7400764399422426,0.1726329752875869,-0.8012303976751016,-0.7581286082039949,0.5122098786132204,0.0376740670082769,0.0149685787213417,2.2119365552471064e-15,17.487037648106664,21
1185,0.1875,8,144,1,1,1031,broad_xyz,21.99112410904393,False,0.6795310123827232,0.7694954120703063,0.2540377734394504,-0.791619007215468,-0.7221751069448581,0.497491642345345,0.047243253264288,0.0195547458597232,2.2119365552471064e-15,17.487037648106664,21
1186,0.2,8,144,1,1,1031,broad_xyz,21.99112410904393,False,0.7246962486173847,0.8030242635229253,0.3440540464045272,-0.7839559949530086,-0.6839716125111738,0.4764912643526464,0.0578617570502023,0.0251710937891429,2.2119365552471064e-15,17.487037648106664,21
1187,0.2125,8,144,1,1,1031,broad_xyz,21.99112410904393,False,0.7561409706189666,0.8300586209554688,0.4237091295602917,-0.7879912328573614,-0.6511397405015137,0.4538744614658619,0.0686070612964503,0.0315971903893923,2.2119365552471064e-15,17.487037648106664,21
1188,0.225,8,144,1,1,1031,broad_xyz,21.99112410904393,False,0.7780585449964899,0.8516319785110272,0.4903440421596049,-0.8064400182567096,-0.6171220824049682,0.4324494867862853,0.0788032875481262,0.0386924370704456,2.2119365552471064e-15,17.487037648106664,21
1189,0.2375,8,144,1,1,1031,broad_xyz,21.99112410904393,False,0.7925047053836628,0.868303606486878,0.5466869006270203,-0.8346251846100241,-0.5766368109830449,0.4099405347191613,0.0881442849664542,0.0462943290810814,2.2119365552471064e-15,17.487037648106664,21
1190,0.25,8,144,1,1,1031,broad_xyz,21.99112410904393,False,0.8012981201249126,0.8801261491795266,0.5932349846679352,-0.8662119747831913,-0.5363775716784519,0.3787729067230312,0.0964376537095839,0.0544125685538839,2.2119365552471064e-15,17.487037648106664,21
1191,0.27,8,144,1,1,1031,broad_xyz,21.99112410904393,False,0.8204178197575266,0.8969397128077877,0.6680403926646298,-0.9031983506601874,-0.5047534178767676,0.2847332272170603,0.1084785822131081,0.0685014789520189,2.2119365552471064e-15,17.487037648106664,21
1192,0.29,8,144,1,1,1031,broad_xyz,21.99112410904393,False,0.857000859056409,0.9200438499949916,0.7559840443584466,-0.911690003696704,-0.4963103012295515,0.1153308268842342,0.1212358680377881,0.0826611087718171,2.2119365552471064e-15,17.487037648106664,21
1193,0.31,8,144,1,1,1031,broad_xyz,21.99112410904393,False,0.8923433951635104,0.9424396260893178,0.8324165816773056,-0.9067079506028408,-0.5149536114271434,-0.0227513887815398,0.1345844617365698,0.0929427490322277,2.2119365552471064e-15,17.487037648106664,21
1194,0.33,8,144,1,1,1031,broad_xyz,21.99112410904393,False,0.9049078020203896,0.9535835485187396,0.8730496815959694,-0.9193671925425386,-0.5253831857543186,-0.0677129969323415,0.1464481382774234,0.0974427087439429,2.2119365552471064e-15,17.487037648106664,21
1195,0.35,8,144,1,1,1031,broad_xyz,21.99112410904393,False,0.907273168564774,0.9577203929843964,0.8989851197682585,-0.9401735325557838,-0.5468927866267649,-0.1047032902789491,0.1551312297240224,0.0984033270193368,2.2119365552471064e-15,17.487037648106664,21
1196,0.37,8,144,1,1,1031,broad_xyz,21.99112410904393,False,0.8998715522468593,0.9522726430432952,0.9106855486661096,-0.9480553323128608,-0.584709559768032,-0.1346253754359875,0.1595940244872072,0.0977432634787964,2.2119365552471064e-15,17.487037648106664,21
1197,0.39,8,144,1,1,1031,broad_xyz,21.99112410904393,False,0.8872553994826586,0.9442576267910808,0.915716094127556,-0.943506001275742,-0.6327226753567622,-0.1360582122443495,0.1646811427633112,0.0965471070264374,2.2119365552471064e-15,17.487037648106664,21
1198,0.41,8,144,1,1,1031,broad_xyz,21.99112410904393,False,0.8739952248648434,0.9383389527023864,0.9199384431644676,-0.9349261833128092,-0.7030428268020887,-0.1061220475137647,0.1668762330540636,0.095490795194314,2.2119365552471064e-15,17.487037648106664,21
1199,0.43,8,144,1,1,1031,broad_xyz,21.99112410904393,False,0.8623034810498285,0.9335618863315353,0.9217171707743456,-0.9268590046445436,-0.7705686247697463,-0.058821029473598,0.1657603577086998,0.0944405148831392,2.2119365552471064e-15,17.487037648106664,21
1200,0.45,8,144,1,1,1031,broad_xyz,21.99112410904393,False,0.8571899902547548,0.9289023864933,0.9201832608184164,-0.922333790278568,-0.8080486060352514,-0.00742316875366,0.1629916846951967,0.0933421959133665,2.2119365552471064e-15,17.487037648106664,21
1201,0.5,8,144,1,1,1031,broad_xyz,21.99112410904393,False,0.8707867724051207,0.9155527937493848,0.9127055556687964,-0.9390118554789108,-0.7893598237413583,0.0931744107978339,0.1574843354172607,0.0941947343737258,2.2119365552471064e-15,17.487037648106664,21
1202,0.55,8,144,1,1,1031,broad_xyz,21.99112410904393,False,0.8411293022921841,0.8686865827021157,0.9025011216650444,-0.9538320773233318,-0.7804895563136277,0.101118800940567,0.1508599218647927,0.1065509176262681,2.2119365552471064e-15,17.487037648106664,21
1203,0.6,8,144,1,1,1031,broad_xyz,21.99112410904393,False,0.8175714975552745,0.8079677517281795,0.9024116588553142,-0.9229654496863134,-0.8111560785073735,-0.0954462763983427,0.1550289692863368,0.1189708418575751,2.2119365552471064e-15,17.487037648106664,21
1204,0.6499999999999999,8,144,1,1,1031,broad_xyz,21.99112410904393,False,0.83384492846191,0.8487304002307685,0.9121530138640666,-0.9227337209222805,-0.928934610687671,-0.3238019390489758,0.16202473994237,0.1180880111077463,2.2119365552471064e-15,17.487037648106664,21
1205,0.7,8,144,1,1,1031,broad_xyz,21.99112410904393,False,0.8177085737412362,0.8752978857385166,0.9300444978273338,-0.9230700787070464,-0.9599574112318738,-0.4059563702630166,0.1585628107258394,0.1121745463899969,2.2119365552471064e-15,17.487037648106664,21
1206,0.725,8,144,1,1,1031,broad_xyz,21.99112410904393,False,0.807016107806368,0.8707978192999779,0.9422021003887988,-0.9130757292531888,-0.9624506296030642,-0.4335557046174705,0.158590646342403,0.1099429352594415,2.2119365552471064e-15,17.487037648106664,21
1207,0.75,8,144,1,1,1031,broad_xyz,21.99112410904393,False,0.8125156798662341,0.8701294856001223,0.953340193747508,-0.8919668589491428,-0.9613825576714315,-0.460723560579873,0.1591505386807967,0.1081630729397311,2.2119365552471064e-15,17.487037648106664,21
1208,0.775,8,144,1,1,1031,broad_xyz,21.99112410904393,False,0.8253591734043165,0.8750530951048381,0.9603260166920536,-0.8508073553494407,-0.9555260568913309,-0.4888659668146459,0.155813632739051,0.1064774493826732,2.2119365552471064e-15,17.487037648106664,21
1209,0.8,8,144,1,1,1031,broad_xyz,21.99112410904393,False,0.8407775866457181,0.881364652300731,0.9610260241897768,-0.7606731598145628,-0.9466285380230364,-0.5173462296065301,0.1550450617040243,0.1045838117770542,2.2119365552471064e-15,17.487037648106664,21
1210,0.825,8,144,1,1,1031,broad_xyz,21.99112410904393,False,0.8568966378301043,0.8865727306262619,0.956442780404261,-0.5552534214432333,-0.9361613003370568,-0.5464987565117317,0.1545530243260159,0.1025663987172197,2.2119365552471064e-15,17.487037648106664,21
1211,0.85,8,144,1,1,1031,broad_xyz,21.99112410904393,False,0.8693976544313504,0.8912953377618918,0.950013297254058,-0.2514189992209968,-0.925248373652446,-0.5690342612875332,0.1540069988959617,0.100535851530379,2.2119365552471064e-15,17.487037648106664,21
1212,0.875,8,144,1,1,1031,broad_xyz,21.99112410904393,False,0.8765377612692579,0.8960718205438196,0.945624767299356,-0.0736290345834184,-0.907512501294006,-0.5733646156080097,0.1543620055931749,0.0986223508211039,2.2119365552471064e-15,17.487037648106664,21
1213,0.9,8,144,1,1,1031,broad_xyz,21.99112410904393,False,0.8798644197421039,0.8990105004099737,0.9434096285362418,-0.0759388320654684,-0.8743243128379199,-0.5619200676704714,0.1530519451378868,0.0975367479787833,2.2119365552471064e-15,17.487037648106664,21
1214,0.95,8,144,1,1,1031,broad_xyz,21.99112410904393,False,0.8686373062030102,0.893523729254765,0.9481805501263189,-0.3536405956934724,-0.9180656880722028,-0.548316984295009,0.1490165529213772,0.0992014064140519,2.2119365552471064e-15,17.487037648106664,21
1215,1.0,8,144,1,1,1031,broad_xyz,21.99112410904393,False,0.8082547880929198,0.8578427188641473,0.9585401343464168,-0.7908789572853409,-0.9370884116273654,-0.5186109826345715,0.1471837738184516,0.1029671481125052,2.2119365552471064e-15,17.487037648106664,21
1216,0.05,8,144,1,1,1032,broad_xyz,21.99112410904393,False,0.2647783214557654,0.4920458786561177,-0.4130221376738214,-0.681070229247085,-0.513585569220066,0.6946528772535641,0.0019493897991714,0.0003533998469667,2.2119365552471064e-15,17.487037648106664,22
1217,0.075,8,144,1,1,1032,broad_xyz,21.99112410904393,False,0.3618949330410383,0.5358625796384632,-0.3721493703240973,-0.7399194736426206,-0.6541496521661667,0.7561453080310915,0.0054728041320117,0.001190399240463,2.2119365552471064e-15,17.487037648106664,22
1218,0.1,8,144,1,1,1032,broad_xyz,21.99112410904393,False,0.4567757428947162,0.5814290858899414,-0.2730891640897451,-0.7810952817810743,-0.8011482383395258,0.7920700230415808,0.0121337692290872,0.0031312314316381,2.2119365552471064e-15,17.487037648106664,22
1219,0.125,8,144,1,1,1032,broad_xyz,21.99112410904393,False,0.5348514802003091,0.6314425719535172,-0.1268321754971875,-0.805868875925536,-0.8747904970158965,0.8097645284730165,0.0223294695901844,0.0068253851634702,2.2119365552471064e-15,17.487037648106664,22
1220,0.15,8,144,1,1,1032,broad_xyz,21.99112410904393,False,0.61745365967339,0.6929519514855585,0.0531733832172656,-0.8197825379954663,-0.9026933216404982,0.8166786235822442,0.0361010376345042,0.0129274162703516,2.2119365552471064e-15,17.487037648106664,22
1221,0.1625,8,144,1,1,1032,broad_xyz,21.99112410904393,False,0.659566625782391,0.7223928706382792,0.1482503029693221,-0.8230203243762793,-0.9063191761799604,0.8116586581354235,0.0451714413020563,0.0171133910915425,2.2119365552471064e-15,17.487037648106664,22
1222,0.175,8,144,1,1,1032,broad_xyz,21.99112410904393,False,0.7030035041339462,0.752787783783378,0.2446177410466213,-0.8265255337028892,-0.9045146511372394,0.8009344988632964,0.0548922663846155,0.0221993736369413,2.2119365552471064e-15,17.487037648106664,22
1223,0.1875,8,144,1,1,1032,broad_xyz,21.99112410904393,False,0.7410686917049165,0.7820493967276182,0.3351020169468072,-0.8334007028120796,-0.8992204987449431,0.7838117428636336,0.0651027058728041,0.0280461842713138,2.2119365552471064e-15,17.487037648106664,22
1224,0.2,8,144,1,1,1032,broad_xyz,21.99112410904393,False,0.7751044666513061,0.8095057220452292,0.4191137160804697,-0.8452604319398123,-0.891320958743533,0.762315048291551,0.0757260883306918,0.0345175157651298,2.2119365552471064e-15,17.487037648106664,22
1225,0.2125,8,144,1,1,1032,broad_xyz,21.99112410904393,False,0.8020570303975108,0.8327187175461306,0.4946157975360582,-0.8623013446299245,-0.8817299239065065,0.7381999556778349,0.0869933236366691,0.0414380621607069,2.2119365552471064e-15,17.487037648106664,22
1226,0.225,8,144,1,1,1032,broad_xyz,21.99112410904393,False,0.8251378327841721,0.8542102487434134,0.5658439724897248,-0.8820467377055131,-0.8701720445434407,0.7112553437299073,0.097530978687022,0.0487636415397425,2.2119365552471064e-15,17.487037648106664,22
1227,0.2375,8,144,1,1,1032,broad_xyz,21.99112410904393,False,0.84522011204687,0.8735839296800704,0.6332753273991939,-0.9024445963342864,-0.8504415879926781,0.6813071657853036,0.1070918800813891,0.0565083389638474,2.2119365552471064e-15,17.487037648106664,22
1228,0.25,8,144,1,1,1032,broad_xyz,21.99112410904393,False,0.8631380796396061,0.8908491704580913,0.6970038701575649,-0.9201832194840788,-0.8204188733541525,0.6461482475089576,0.1158013586006351,0.0647397283697368,2.2119365552471064e-15,17.487037648106664,22
1229,0.27,8,144,1,1,1032,broad_xyz,21.99112410904393,False,0.8872280170191786,0.9092027924920756,0.7896931101840422,-0.931772663733329,-0.7631687690641552,0.5698349400539996,0.1273771212959773,0.0790283663490902,2.2119365552471064e-15,17.487037648106664,22
1230,0.29,8,144,1,1,1032,broad_xyz,21.99112410904393,False,0.9027919437834662,0.9161736941125084,0.86463323871285,-0.9224702320317184,-0.7111137511932321,0.4698076458345185,0.1381341494052637,0.0932312189596654,2.2119365552471064e-15,17.487037648106664,22
1231,0.31,8,144,1,1,1032,broad_xyz,21.99112410904393,False,0.90543620702366,0.9265316744376312,0.9043497996293488,-0.923779279442733,-0.6658594242910355,0.3902064594404677,0.1467031036848441,0.102733377629726,2.2119365552471064e-15,17.487037648106664,22
1232,0.33,8,144,1,1,1032,broad_xyz,21.99112410904393,False,0.8960460764077539,0.9386776292496956,0.920986438225224,-0.9433646323289756,-0.653383098783424,0.3507349187100867,0.1532551230255357,0.1059938325832269,2.2119365552471064e-15,17.487037648106664,22
1233,0.35,8,144,1,1,1032,broad_xyz,21.99112410904393,False,0.8825181582619388,0.9432161453146216,0.9373566491557006,-0.9574019152838033,-0.6871437486716978,0.3180830156427618,0.1579055847934037,0.1059018622031911,2.2119365552471064e-15,17.487037648106664,22
1234,0.37,8,144,1,1,1032,broad_xyz,21.99112410904393,False,0.8614599591459109,0.9379184888017364,0.9444675239643054,-0.9599881250254608,-0.732500795277386,0.2867103338743001,0.1613899859353649,0.103818293334315,2.2119365552471064e-15,17.487037648106664,22
1235,0.39,8,144,1,1,1032,broad_xyz,21.99112410904393,False,0.8414179523882911,0.933460317060862,0.9505144924885308,-0.9552690373489094,-0.775583481006513,0.2526738370954766,0.163468648621552,0.1015008653192548,2.2119365552471064e-15,17.487037648106664,22
1236,0.41,8,144,1,1,1032,broad_xyz,21.99112410904393,False,0.8130167392150245,0.9266123555177098,0.9505168439504178,-0.9472462705206218,-0.8137438932913602,0.2122685021069794,0.1649423539991024,0.0990819807565397,2.2119365552471064e-15,17.487037648106664,22
1237,0.43,8,144,1,1,1032,broad_xyz,21.99112410904393,False,0.7842142505021616,0.9209492100840144,0.9490912708543632,-0.940897764759875,-0.8410558713147275,0.1658440866772861,0.1646571199498182,0.0971863254622513,2.2119365552471064e-15,17.487037648106664,22
1238,0.45,8,144,1,1,1032,broad_xyz,21.99112410904393,False,0.7665407229152899,0.9191556986746694,0.9494692993748726,-0.9415005428343826,-0.8528134439772227,0.1154281024465515,0.1632739582023981,0.0962550581412252,2.2119365552471064e-15,17.487037648106664,22
1239,0.5,8,144,1,1,1032,broad_xyz,21.99112410904393,False,0.804050266888139,0.9295652170153218,0.9520731846853332,-0.9576740189188842,-0.8251242256904756,-0.0155768690670659,0.160070822413643,0.0998877558039471,2.2119365552471064e-15,17.487037648106664,22
1240,0.55,8,144,1,1,1032,broad_xyz,21.99112410904393,False,0.8767288853074579,0.9014077844698072,0.94278373318915,-0.9271374316535614,-0.8024197878658424,-0.1791343979776535,0.1622458354288696,0.115174812579042,2.2119365552471064e-15,17.487037648106664,22
1241,0.6,8,144,1,1,1032,broad_xyz,21.99112410904393,False,0.8585012169534982,0.8057185994492604,0.9484117190376644,-0.8315745587042522,-0.7774271355318687,-0.4244462342227054,0.1673444589475582,0.1283736821629774,2.2119365552471064e-15,17.487037648106664,22
1242,0.6499999999999999,8,144,1,1,1032,broad_xyz,21.99112410904393,False,0.8183664665374323,0.8177615804352043,0.9314223850319469,-0.8880288826817189,-0.8955370169268603,-0.4188611514995221,0.1725727504296662,0.1229288520640735,2.2119365552471064e-15,17.487037648106664,22
1243,0.7,8,144,1,1,1032,broad_xyz,21.99112410904393,False,0.8416238551775467,0.8443013693323418,0.9498444004377062,-0.9074015928325546,-0.9248829455300164,-0.4473401817437608,0.1705605059895508,0.1155139611695654,2.2119365552471064e-15,17.487037648106664,22
1244,0.725,8,144,1,1,1032,broad_xyz,21.99112410904393,False,0.8508548905134472,0.8420636064862451,0.9578093757312796,-0.9005568471398252,-0.9266649733071868,-0.4713587569583713,0.1666068308884041,0.113300643944008,2.2119365552471064e-15,17.487037648106664,22
1245,0.75,8,144,1,1,1032,broad_xyz,21.99112410904393,False,0.8558652699569914,0.8415284783112699,0.95959416696207,-0.8835189961623964,-0.9284252556689528,-0.4930479023012125,0.1625215880072938,0.1113778451538597,2.2119365552471064e-15,17.487037648106664,22
1246,0.775,8,144,1,1,1032,broad_xyz,21.99112410904393,False,0.8587561088611259,0.8506523628826449,0.9590604117081644,-0.8534026713821948,-0.92944958325879,-0.5134848019431989,0.158472139414693,0.1090647227131167,2.2119365552471064e-15,17.487037648106664,22
1247,0.8,8,144,1,1,1032,broad_xyz,21.99112410904393,False,0.8609556008461153,0.868636442766134,0.9562616970632573,-0.7701436844405898,-0.9276508977900384,-0.5354991656832577,0.1540347641534134,0.1060944782724386,2.2119365552471064e-15,17.487037648106664,22
1248,0.825,8,144,1,1,1032,broad_xyz,21.99112410904393,False,0.8595097114598825,0.8872497337419054,0.9484906094589248,-0.4834640580735018,-0.9220471751871834,-0.5561791708781192,0.1489349365243452,0.1025703990859555,2.2119365552471064e-15,17.487037648106664,22
1249,0.85,8,144,1,1,1032,broad_xyz,21.99112410904393,False,0.8493379914159174,0.9004514632578492,0.9389077774761228,-0.0956010574333649,-0.9216102352910384,-0.5624162937669375,0.1459145922951664,0.0986492951512143,2.2119365552471064e-15,17.487037648106664,22
1250,0.875,8,144,1,1,1032,broad_xyz,21.99112410904393,False,0.8306215648654335,0.9051580678993724,0.9328154908415623,0.0365251391325734,-0.921057196047007,-0.5479197192053503,0.1428691232165371,0.0949401884156996,2.2119365552471064e-15,17.487037648106664,22
1251,0.9,8,144,1,1,1032,broad_xyz,21.99112410904393,False,0.8146196006974247,0.8985584409221166,0.9230127941273968,-0.0068040689071388,-0.8943406902156152,-0.5424930213397636,0.1391053137485398,0.0932504485555313,2.2119365552471064e-15,17.487037648106664,22
1252,0.95,8,144,1,1,1032,broad_xyz,21.99112410904393,False,0.8034128785857951,0.8543340099203455,0.8940992122428482,-0.3478752535084881,-0.9063361820967468,-0.5522760630051167,0.1439793229084952,0.0964009687365064,2.2119365552471064e-15,17.487037648106664,22
1253,1.0,8,144,1,1,1032,broad_xyz,21.99112410904393,False,0.7752301665806329,0.7864289434752582,0.8697711139773605,-0.8176043991398081,-0.8895622459945358,-0.5002250565162798,0.1463871952171766,0.1022638760458264,2.2119365552471064e-15,17.487037648106664,22
1254,0.05,8,144,1,1,1033,broad_xyz,21.99112410904393,False,0.0253017974640352,0.4532756811738362,-0.1897856472449429,-0.448052125709011,-0.2440966746298526,-0.3720831185062692,0.002531174379237,0.000502806349344,2.2119365552471064e-15,17.487037648106664,23
1255,0.075,8,144,1,1,1033,broad_xyz,21.99112410904393,False,0.1347511890743559,0.5067114606934895,-0.1192465973416372,-0.4801108763605976,-0.3765088122514431,-0.3944643283507471,0.0067625834266498,0.0016021859429457,2.2119365552471064e-15,17.487037648106664,23
1256,0.1,8,144,1,1,1033,broad_xyz,21.99112410904393,False,0.3099324497340673,0.592271708471169,0.0064491464121923,-0.4949021933704697,-0.5945372035708875,-0.4151015720953407,0.0142234296875784,0.004184489509059,2.2119365552471064e-15,17.487037648106664,23
1257,0.125,8,144,1,1,1033,broad_xyz,21.99112410904393,False,0.5062466121720517,0.685991386792874,0.1769066964850483,-0.4821290220642688,-0.7894911444848418,-0.4175448089313521,0.0256729931465356,0.0092219194095973,2.2119365552471064e-15,17.487037648106664,23
1258,0.15,8,144,1,1,1033,broad_xyz,21.99112410904393,False,0.6651164120732255,0.7578092352927186,0.3522404951517296,-0.4581045416074912,-0.876433551358231,-0.4028288875102579,0.0421679058127439,0.017372611166083,2.2119365552471064e-15,17.487037648106664,23
1259,0.1625,8,144,1,1,1033,broad_xyz,21.99112410904393,False,0.721338733928448,0.7835881498493038,0.4292676196651413,-0.4530373962135615,-0.8635912199771048,-0.3923596978302714,0.0520019877874774,0.0226982760954789,2.2119365552471064e-15,17.487037648106664,23
1260,0.175,8,144,1,1,1033,broad_xyz,21.99112410904393,False,0.7641290117796662,0.8040956260443234,0.4958195905094139,-0.4593173340544452,-0.8177721215005727,-0.3822669808404348,0.0628770895253594,0.0288634730585457,2.2119365552471064e-15,17.487037648106664,23
1261,0.1875,8,144,1,1,1033,broad_xyz,21.99112410904393,False,0.7945017525580566,0.8211677939706578,0.5498831087344153,-0.4808393870984733,-0.7539217709383065,-0.367314750678999,0.0742744534807936,0.0357560566409327,2.2119365552471064e-15,17.487037648106664,23
1262,0.2,8,144,1,1,1033,broad_xyz,21.99112410904393,False,0.8164340907821259,0.8352769502071998,0.5933335579128882,-0.5174703944655406,-0.6857198130444375,-0.3450372230596825,0.0860794786173075,0.0432692209805288,2.2119365552471064e-15,17.487037648106664,23
1263,0.2125,8,144,1,1,1033,broad_xyz,21.99112410904393,False,0.8313173636635546,0.8457639444542913,0.626571082631316,-0.5696806593904362,-0.619172208896137,-0.3175785570938449,0.0981045860910319,0.0513655667599934,2.2119365552471064e-15,17.487037648106664,23
1264,0.225,8,144,1,1,1033,broad_xyz,21.99112410904393,False,0.8431223520351032,0.8544201695993832,0.6544815395090824,-0.6304299562742326,-0.5572093191633667,-0.280826152331554,0.1093844995500142,0.059835473792961,2.2119365552471064e-15,17.487037648106664,23
1265,0.2375,8,144,1,1,1033,broad_xyz,21.99112410904393,False,0.8554075142010377,0.8634100107441685,0.6821269234989261,-0.692458958068191,-0.5095252686701068,-0.2310525561943519,0.1197370567490531,0.0686356953023997,2.2119365552471064e-15,17.487037648106664,23
1266,0.25,8,144,1,1,1033,broad_xyz,21.99112410904393,False,0.8717836436516102,0.8752664278041902,0.7156673875435623,-0.7466509595236134,-0.4863775943046499,-0.1605323810240417,0.1289424466288334,0.0777442283659032,2.2119365552471064e-15,17.487037648106664,23
1267,0.27,8,144,1,1,1033,broad_xyz,21.99112410904393,False,0.9090441981423129,0.9004096708766373,0.7886393411251825,-0.8016705656888756,-0.4993107606141236,0.0017308027942365,0.1408280224271621,0.0927303558786522,2.2119365552471064e-15,17.487037648106664,23
1268,0.29,8,144,1,1,1033,broad_xyz,21.99112410904393,False,0.942874892437709,0.9235802661172856,0.8714471772640754,-0.8126630622739022,-0.5637012697711091,0.2006840018450088,0.1501366213971064,0.1067489400681213,2.2119365552471064e-15,17.487037648106664,23
1269,0.31,8,144,1,1,1033,broad_xyz,21.99112410904393,False,0.9445820027944348,0.9353085410179056,0.9135643163243402,-0.8339088335437145,-0.6120418343653946,0.3390940744479341,0.1575978578933307,0.1166276115239975,2.2119365552471064e-15,17.487037648106664,23
1270,0.33,8,144,1,1,1033,broad_xyz,21.99112410904393,False,0.9299209083681328,0.943637397635427,0.9226509997790148,-0.8806329288880528,-0.6210118476479043,0.38555503723788,0.1671134649365903,0.1210549417797297,2.2119365552471064e-15,17.487037648106664,23
1271,0.35,8,144,1,1,1033,broad_xyz,21.99112410904393,False,0.9195364588398628,0.9510715163818152,0.9346154231897714,-0.9136392241724473,-0.6392963500552653,0.3847531943263899,0.1748964612926517,0.121533322876217,2.2119365552471064e-15,17.487037648106664,23
1272,0.37,8,144,1,1,1033,broad_xyz,21.99112410904393,False,0.9128008379967104,0.9557670538248006,0.9471439545169942,-0.931024804981786,-0.6632608317252249,0.361579555939971,0.1787650101824308,0.1202409777360479,2.2119365552471064e-15,17.487037648106664,23
1273,0.39,8,144,1,1,1033,broad_xyz,21.99112410904393,False,0.905123519729306,0.9579256166304014,0.9581384869931722,-0.9334300460281848,-0.68795497214201,0.3284664831171153,0.180312435968833,0.1184680618895684,2.2119365552471064e-15,17.487037648106664,23
1274,0.41,8,144,1,1,1033,broad_xyz,21.99112410904393,False,0.8928967662501821,0.95650868365895,0.9638937484097608,-0.926912982778463,-0.7072060762675957,0.2888885240189023,0.1789246289299677,0.1171314395254977,2.2119365552471064e-15,17.487037648106664,23
1275,0.43,8,144,1,1,1033,broad_xyz,21.99112410904393,False,0.8770594636675861,0.9511968372443548,0.9638653289740736,-0.9168709727021712,-0.7272813589330754,0.2468563610169652,0.1767824451118569,0.1166305872813858,2.2119365552471064e-15,17.487037648106664,23
1276,0.45,8,144,1,1,1033,broad_xyz,21.99112410904393,False,0.8638167372943462,0.9437998372891652,0.960486732846594,-0.9079513576007164,-0.7337552809752971,0.2102773332473257,0.1730758933893953,0.1169398143229181,2.2119365552471064e-15,17.487037648106664,23
1277,0.5,8,144,1,1,1033,broad_xyz,21.99112410904393,False,0.8653952444874264,0.929379695128729,0.9456717849303394,-0.9176518431202754,-0.6769848832419246,0.1518461171054543,0.1727263164598196,0.1217210516039657,2.2119365552471064e-15,17.487037648106664,23
1278,0.55,8,144,1,1,1033,broad_xyz,21.99112410904393,False,0.8563609836753546,0.8932254829359038,0.9113969654839004,-0.9247983028432144,-0.6426311775315781,-0.077098615409244,0.1719808810735081,0.1335667759907837,2.2119365552471064e-15,17.487037648106664,23
1279,0.6,8,144,1,1,1033,broad_xyz,21.99112410904393,False,0.8253665659201148,0.8192127574853367,0.8886966969394803,-0.9046693975552822,-0.6801011596497675,-0.5021519582496827,0.1785490767501936,0.1403039304787087,2.2119365552471064e-15,17.487037648106664,23
1280,0.6499999999999999,8,144,1,1,1033,broad_xyz,21.99112410904393,False,0.8043925582212841,0.8018321276133673,0.8713101265421819,-0.8987541818410293,-0.7346342422890582,-0.6014332366145323,0.1743929038128949,0.1339796349134458,2.2119365552471064e-15,17.487037648106664,23
1281,0.7,8,144,1,1,1033,broad_xyz,21.99112410904393,False,0.8107501077692025,0.8170431762048456,0.8901412275057147,-0.8644585818749313,-0.8302917404103145,-0.6101029903569234,0.1675707559823513,0.1241855127065817,2.2119365552471064e-15,17.487037648106664,23
1282,0.725,8,144,1,1,1033,broad_xyz,21.99112410904393,False,0.8168535326600546,0.8228907911425328,0.9069848369722716,-0.8382790392161202,-0.8712472655084833,-0.5875981202295508,0.1646340731033568,0.1201394999727214,2.2119365552471064e-15,17.487037648106664,23
1283,0.75,8,144,1,1,1033,broad_xyz,21.99112410904393,False,0.8259813392846425,0.8339873261983269,0.9209312566511536,-0.805130426632806,-0.9001331989715872,-0.5624897598134806,0.161178417546565,0.1163758532344106,2.2119365552471064e-15,17.487037648106664,23
1284,0.775,8,144,1,1,1033,broad_xyz,21.99112410904393,False,0.8384185959375127,0.851107465783852,0.9298356963134324,-0.7630105093896232,-0.9125961869686684,-0.5404655782098322,0.1578521451865511,0.1125250918118919,2.2119365552471064e-15,17.487037648106664,23
1285,0.8,8,144,1,1,1033,broad_xyz,21.99112410904393,False,0.8520116767279836,0.8682836529726009,0.9334460893678466,-0.7006839456876709,-0.91290219013624,-0.5181764914436431,0.1579777964727542,0.1083493369467107,2.2119365552471064e-15,17.487037648106664,23
1286,0.825,8,144,1,1,1033,broad_xyz,21.99112410904393,False,0.862520977280082,0.8787329075059774,0.9317516901582756,-0.6045913307558475,-0.911251106921496,-0.4903074501683414,0.1572849984917411,0.1039496087633969,2.2119365552471064e-15,17.487037648106664,23
1287,0.85,8,144,1,1,1033,broad_xyz,21.99112410904393,False,0.8677098504880217,0.879962132235234,0.9260964675641876,-0.4982241617855626,-0.910989454902288,-0.4649660608624976,0.1567057699301914,0.0998298437894677,2.2119365552471064e-15,17.487037648106664,23
1288,0.875,8,144,1,1,1033,broad_xyz,21.99112410904393,False,0.8664159195824805,0.8735808628764368,0.9184628878931858,-0.4378598567500375,-0.9062646082818712,-0.4608316950405606,0.1570319800898947,0.0970408666083286,2.2119365552471064e-15,17.487037648106664,23
1289,0.9,8,144,1,1,1033,broad_xyz,21.99112410904393,False,0.8592698553391923,0.8612728074384748,0.9114779796423848,-0.4348851510445305,-0.8786214878700055,-0.4709719941947776,0.158188606540316,0.096372990570231,2.2119365552471064e-15,17.487037648106664,23
1290,0.95,8,144,1,1,1033,broad_xyz,21.99112410904393,False,0.8199393071198087,0.8195055981965524,0.9086479076339782,-0.5772936900560703,-0.9079704168472436,-0.5029479975972536,0.1608413461395076,0.1012326457357669,2.2119365552471064e-15,17.487037648106664,23
1291,1.0,8,144,1,1,1033,broad_xyz,21.99112410904393,False,0.7104416945117009,0.7549806369495098,0.9126839087426206,-0.8185228864263582,-0.901147400130653,-0.5613959264829107,0.1620174772201834,0.1110001467597088,2.2119365552471064e-15,17.487037648106664,23
1292,0.05,8,144,1,1,1034,broad_xyz,21.99112410904393,False,0.2401396535212625,0.494233805604988,-0.1135040177873753,-0.4643868907647885,-0.3057621367108238,-0.3706400095627308,0.0028316660894991,0.0005932790514874,2.2119365552471064e-15,17.487037648106664,24
1293,0.075,8,144,1,1,1034,broad_xyz,21.99112410904393,False,0.3143720971094763,0.5169989019340601,-0.0570849008567026,-0.5123864360705788,-0.4566450057780823,-0.4010107300248883,0.0074340470727419,0.0017120513746053,2.2119365552471064e-15,17.487037648106664,24
1294,0.1,8,144,1,1,1034,broad_xyz,21.99112410904393,False,0.4106251718383934,0.570703273100988,0.0411668432490445,-0.5510150035594517,-0.6509084339847172,-0.4140278013644563,0.0155098486288623,0.0041423029749119,2.2119365552471064e-15,17.487037648106664,24
1295,0.125,8,144,1,1,1034,broad_xyz,21.99112410904393,False,0.5036975630787403,0.6400577407457362,0.17219187397167,-0.5766222582400595,-0.8181905724915716,-0.4027729522415271,0.0279975180813416,0.0088891142558857,2.2119365552471064e-15,17.487037648106664,24
1296,0.15,8,144,1,1,1034,broad_xyz,21.99112410904393,False,0.5836101064642814,0.7096267345294595,0.3099670123845002,-0.5968237903056919,-0.9142256958240964,-0.3719107572142905,0.0452681967896808,0.0170412458945517,2.2119365552471064e-15,17.487037648106664,24
1297,0.1625,8,144,1,1,1034,broad_xyz,21.99112410904393,False,0.6175703174720032,0.7391144159366885,0.3701655168222985,-0.6122770332569867,-0.9392369505912632,-0.3564863866794165,0.0557198220750037,0.0225791310051596,2.2119365552471064e-15,17.487037648106664,24
1298,0.175,8,144,1,1,1034,broad_xyz,21.99112410904393,False,0.6469820437734313,0.7634685459351997,0.4237471159572603,-0.6312320785886743,-0.945457032734912,-0.3438532563168558,0.0669230129458806,0.0289229494055754,2.2119365552471064e-15,17.487037648106664,24
1299,0.1875,8,144,1,1,1034,broad_xyz,21.99112410904393,False,0.67097224917708,0.7823345237952994,0.4698467479425404,-0.654889758843177,-0.934704743800048,-0.3376979198269585,0.0787967290459536,0.0359192099220251,2.2119365552471064e-15,17.487037648106664,24
1300,0.2,8,144,1,1,1034,broad_xyz,21.99112410904393,False,0.689926079613447,0.7964410398069796,0.5100161005607402,-0.682697703848265,-0.90713868948725,-0.3372928680211226,0.0908404363638491,0.0433842502248996,2.2119365552471064e-15,17.487037648106664,24
1301,0.2125,8,144,1,1,1034,broad_xyz,21.99112410904393,False,0.7038598833852864,0.806123901854695,0.5435244713441755,-0.7155098873515778,-0.8672539496700173,-0.3433733153765252,0.1026423396670386,0.0511911382234414,2.2119365552471064e-15,17.487037648106664,24
1302,0.225,8,144,1,1,1034,broad_xyz,21.99112410904393,False,0.7140737506394155,0.8120725580691271,0.5724063149596549,-0.75101561575872,-0.8148864931375274,-0.3516974538336995,0.1139116881726491,0.0592181678311365,2.2119365552471064e-15,17.487037648106664,24
1303,0.2375,8,144,1,1,1034,broad_xyz,21.99112410904393,False,0.7226109786680591,0.8158316274701354,0.5988005344105304,-0.7873377178529234,-0.7521197425140641,-0.3606153243577301,0.1244189853978283,0.0675191844718745,2.2119365552471064e-15,17.487037648106664,24
1304,0.25,8,144,1,1,1034,broad_xyz,21.99112410904393,False,0.7329845519126886,0.8197426811774442,0.6270390200129663,-0.8206459295080553,-0.6933368480947457,-0.3623379414100443,0.1340010365636866,0.0761181476270965,2.2119365552471064e-15,17.487037648106664,24
1305,0.27,8,144,1,1,1034,broad_xyz,21.99112410904393,False,0.7592161495733145,0.8317677346971419,0.6864009955121332,-0.8550267531241306,-0.629805597524618,-0.3335422379936883,0.1471637715966172,0.0903493577346205,2.2119365552471064e-15,17.487037648106664,24
1306,0.29,8,144,1,1,1034,broad_xyz,21.99112410904393,False,0.7934448854864325,0.8484829882743603,0.7598702502254824,-0.8578827704066471,-0.6243349678501595,-0.2723301845019016,0.1578192397152856,0.1039955865920345,2.2119365552471064e-15,17.487037648106664,24
1307,0.31,8,144,1,1,1034,broad_xyz,21.99112410904393,False,0.8267049691188653,0.8722075349506132,0.8219197983206928,-0.8655237941816734,-0.6460894798303612,-0.2130754738922006,0.1672332462330217,0.1141526103836218,2.2119365552471064e-15,17.487037648106664,24
1308,0.33,8,144,1,1,1034,broad_xyz,21.99112410904393,False,0.8518727296675249,0.8982937871138051,0.8634426226875836,-0.8965083292768581,-0.6671476090965703,-0.1729105425677275,0.1738393692412118,0.1193746594977968,2.2119365552471064e-15,17.487037648106664,24
1309,0.35,8,144,1,1,1034,broad_xyz,21.99112410904393,False,0.8666328491902648,0.9156940521045492,0.8975292868340732,-0.9204280462503718,-0.70275762118421,-0.1829396264354224,0.1771389534955796,0.1208568481392768,2.2119365552471064e-15,17.487037648106664,24
1310,0.37,8,144,1,1,1034,broad_xyz,21.99112410904393,False,0.87314829716922,0.92416829707163,0.9233320720859536,-0.931839367736914,-0.7354642280671214,-0.2208816010763387,0.1775557158067824,0.1203446725569779,2.2119365552471064e-15,17.487037648106664,24
1311,0.39,8,144,1,1,1034,broad_xyz,21.99112410904393,False,0.8694954222263053,0.925626394681792,0.937920335923362,-0.9349378343155438,-0.7548991987406861,-0.2711312075379423,0.1758565080691322,0.1191411489948094,2.2119365552471064e-15,17.487037648106664,24
1312,0.41,8,144,1,1,1034,broad_xyz,21.99112410904393,False,0.8559621777691258,0.9221131876725857,0.9461571949704876,-0.9277315684002874,-0.7716028553863858,-0.3178264112300746,0.173101764580706,0.1174570689890459,2.2119365552471064e-15,17.487037648106664,24
1313,0.43,8,144,1,1,1034,broad_xyz,21.99112410904393,False,0.8369911125768579,0.9148861161155768,0.9485003853403238,-0.915199290800472,-0.793439986501689,-0.3610647989783819,0.1707594551598883,0.1156631157800049,2.2119365552471064e-15,17.487037648106664,24
1314,0.45,8,144,1,1,1034,broad_xyz,21.99112410904393,False,0.8228302202517931,0.9062333436009804,0.9472963602420024,-0.9046642630009174,-0.8125191512328257,-0.3957464365693637,0.169168082253597,0.1142774645245751,2.2119365552471064e-15,17.487037648106664,24
1315,0.5,8,144,1,1,1034,broad_xyz,21.99112410904393,False,0.8189338490071163,0.882756831496915,0.9404752754244132,-0.9138002322689538,-0.8119691988541948,-0.4358942920577336,0.1688042207538629,0.1163311898285323,2.2119365552471064e-15,17.487037648106664,24
1316,0.55,8,144,1,1,1034,broad_xyz,21.99112410904393,False,0.7226939870741829,0.817228190335951,0.8930416600470616,-0.918953171134854,-0.7926147881817238,-0.5153418595884248,0.1717817685695482,0.128426695292748,2.2119365552471064e-15,17.487037648106664,24
1317,0.6,8,144,1,1,1034,broad_xyz,21.99112410904393,False,0.5621655468186605,0.7092224058468802,0.8368131882994462,-0.8765861912848135,-0.7357705033670816,-0.6055048981718335,0.1755214867860939,0.1379434518305063,2.2119365552471064e-15,17.487037648106664,24
1318,0.6499999999999999,8,144,1,1,1034,broad_xyz,21.99112410904393,False,0.5400234589738241,0.7008828360921981,0.821098533045029,-0.8668111081412575,-0.7725200640064149,-0.6901986815746028,0.1737862851381664,0.1346964373992588,2.2119365552471064e-15,17.487037648106664,24
1319,0.7,8,144,1,1,1034,broad_xyz,21.99112410904393,False,0.6165449536066423,0.7676871534202431,0.8684615323745343,-0.85445566695495,-0.8641229866788631,-0.6997293406718648,0.167681098009209,0.1277197755864648,2.2119365552471064e-15,17.487037648106664,24
1320,0.725,8,144,1,1,1034,broad_xyz,21.99112410904393,False,0.666697731996004,0.8071145799362679,0.9030784320613264,-0.8477692367955139,-0.9021269442814714,-0.6852758477731662,0.1641293957267247,0.1251822519159385,2.2119365552471064e-15,17.487037648106664,24
1321,0.75,8,144,1,1,1034,broad_xyz,21.99112410904393,False,0.7175293189567512,0.8478587796982465,0.9332949034556868,-0.8384099635471788,-0.9305387882261654,-0.6626339128273538,0.1631394131158277,0.122833539138729,2.2119365552471064e-15,17.487037648106664,24
1322,0.775,8,144,1,1,1034,broad_xyz,21.99112410904393,False,0.7626217917946748,0.8844956257706024,0.9531091922924309,-0.8198709220420827,-0.94740105617335,-0.6317253711940666,0.1625357051408323,0.1201679941060828,2.2119365552471064e-15,17.487037648106664,24
1323,0.8,8,144,1,1,1034,broad_xyz,21.99112410904393,False,0.7971142922176537,0.9119677262456732,0.9618275262264058,-0.7816876321404882,-0.955799130558884,-0.5940877979227799,0.1598331970717908,0.1170930169183616,2.2119365552471064e-15,17.487037648106664,24
1324,0.825,8,144,1,1,1034,broad_xyz,21.99112410904393,False,0.8191155980965211,0.9278637306953692,0.962163741983462,-0.7011152707173346,-0.9590234914145228,-0.5526655234571167,0.1601642883769608,0.11378293813944,2.2119365552471064e-15,17.487037648106664,24
1325,0.85,8,144,1,1,1034,broad_xyz,21.99112410904393,False,0.8317071970962527,0.9325004636707196,0.9569205205649634,-0.5776375133129834,-0.9605896425738264,-0.5170650411606063,0.1578090412574032,0.110505815009728,2.2119365552471064e-15,17.487037648106664,24
1326,0.875,8,144,1,1,1034,broad_xyz,21.99112410904393,False,0.8356201414212596,0.929323301308524,0.9495123620719134,-0.4816481956797626,-0.9534505219117768,-0.5049787252340313,0.1555820636308143,0.1079862462992346,2.2119365552471064e-15,17.487037648106664,24
1327,0.9,8,144,1,1,1034,broad_xyz,21.99112410904393,False,0.8358146468483801,0.9210446499637466,0.9439207404529744,-0.4491603335922328,-0.9185314546417452,-0.507074481421797,0.1544643112374009,0.1068390963135401,2.2119365552471064e-15,17.487037648106664,24
1328,0.95,8,144,1,1,1034,broad_xyz,21.99112410904393,False,0.8456109226067303,0.8924192840420455,0.9448533278528904,-0.5623738389390778,-0.9481661849126272,-0.5213747416703475,0.1523917215417722,0.1096886571328936,2.2119365552471064e-15,17.487037648106664,24
1329,1.0,8,144,1,1,1034,broad_xyz,21.99112410904393,False,0.807393580810896,0.830480789233843,0.9442637061829922,-0.8479107415164827,-0.9432491474207768,-0.6069808288726262,0.1566823479709782,0.1168112950145428,2.2119365552471064e-15,17.487037648106664,24
1330,0.05,8,144,1,1,1035,broad_xyz,21.99112410904393,False,0.5096109090244466,0.588459157152815,-0.1807213042050587,-0.587767279508336,-0.4123103131211716,-0.3529029548486042,0.0018145900910844,0.0003814367980581,2.2119365552471064e-15,17.487037648106664,25
1331,0.075,8,144,1,1,1035,broad_xyz,21.99112410904393,False,0.6291177515667211,0.6381308488278713,-0.0274974786648275,-0.6106277162733572,-0.5591524156372392,-0.3725548530116556,0.0046590575507771,0.0011012501244865,2.2119365552471064e-15,17.487037648106664,25
1332,0.1,8,144,1,1,1035,broad_xyz,21.99112410904393,False,0.7380744079831523,0.6939237261940683,0.1752983641609341,-0.6382349823610186,-0.7348728906271076,-0.3951213910354559,0.0100090283833786,0.0027212669883791,2.2119365552471064e-15,17.487037648106664,25
1333,0.125,8,144,1,1,1035,broad_xyz,21.99112410904393,False,0.803886005191978,0.7403548312347396,0.3816696772552353,-0.6793011554745015,-0.8194217113075097,-0.4016407681490224,0.0191999283932489,0.0060737525514411,2.2119365552471064e-15,17.487037648106664,25
1334,0.15,8,144,1,1,1035,broad_xyz,21.99112410904393,False,0.8468346566875702,0.7883000692247398,0.5649676573437813,-0.7366271158257551,-0.8403987939026312,-0.3704042387168705,0.0330186916075969,0.0123450671437815,2.2119365552471064e-15,17.487037648106664,25
1335,0.1625,8,144,1,1,1035,broad_xyz,21.99112410904393,False,0.8697692224473662,0.8164325629889115,0.6434322148059811,-0.770417652783212,-0.8484544533398324,-0.3445067343378077,0.0418742415829876,0.016916419603913,2.2119365552471064e-15,17.487037648106664,25
1336,0.175,8,144,1,1,1035,broad_xyz,21.99112410904393,False,0.8922227808822598,0.8436424679567327,0.7077223723911465,-0.8052469223514015,-0.8534655077308521,-0.318862769128866,0.0519096572125374,0.0224668399988469,2.2119365552471064e-15,17.487037648106664,25
1337,0.1875,8,144,1,1,1035,broad_xyz,21.99112410904393,False,0.9100596387751648,0.8655613062599884,0.7575564076554403,-0.8373837811188196,-0.8481417327625996,-0.2982860529019998,0.0624435926575851,0.0289694177238924,2.2119365552471064e-15,17.487037648106664,25
1338,0.2,8,144,1,1,1035,broad_xyz,21.99112410904393,False,0.9228438607287944,0.884584279590804,0.795232898789565,-0.8666853306839569,-0.8256932763996827,-0.2822288862615869,0.0733005677966921,0.0362005133541818,2.2119365552471064e-15,17.487037648106664,25
1339,0.2125,8,144,1,1,1035,broad_xyz,21.99112410904393,False,0.9310782612642012,0.9004956066802318,0.822855572710806,-0.8918568922596389,-0.7944798702588431,-0.2691692909658904,0.08446518892988,0.0439087383366118,2.2119365552471064e-15,17.487037648106664,25
1340,0.225,8,144,1,1,1035,broad_xyz,21.99112410904393,False,0.9354784358754966,0.9130549608262432,0.8443878990112159,-0.9132953762683692,-0.7603108411780088,-0.2609879492898482,0.094962763126276,0.0520710696544561,2.2119365552471064e-15,17.487037648106664,25
1341,0.2375,8,144,1,1,1035,broad_xyz,21.99112410904393,False,0.9360290019512828,0.9220439072330336,0.8616823892846026,-0.9306543492385596,-0.7252031370135024,-0.2561673706982842,0.1042850258064751,0.0605457610398099,2.2119365552471064e-15,17.487037648106664,25
1342,0.25,8,144,1,1,1035,broad_xyz,21.99112410904393,False,0.932847878791569,0.9270126081329184,0.8758930895208468,-0.9440102355330686,-0.6922427245716405,-0.2537809598880744,0.1122356447093055,0.0693072404346473,2.2119365552471064e-15,17.487037648106664,25
1343,0.27,8,144,1,1,1035,broad_xyz,21.99112410904393,False,0.9180675486934152,0.9253496374901456,0.8903901192949879,-0.9557930214474588,-0.6443553777386,-0.2479464456601399,0.1232709798373914,0.0834855999437881,2.2119365552471064e-15,17.487037648106664,25
1344,0.29,8,144,1,1,1035,broad_xyz,21.99112410904393,False,0.8952359124708529,0.9171206282734814,0.8997262248469401,-0.9543394147652504,-0.5590945055854188,-0.2383560242213346,0.131445002086271,0.0964948930742607,2.2119365552471064e-15,17.487037648106664,25
1345,0.31,8,144,1,1,1035,broad_xyz,21.99112410904393,False,0.8747850574143776,0.9146777472683396,0.9088039697958932,-0.9481731508281852,-0.4205072757757319,-0.2142814006026592,0.138620156548596,0.1058241847445854,2.2119365552471064e-15,17.487037648106664,25
1346,0.33,8,144,1,1,1035,broad_xyz,21.99112410904393,False,0.8634699924648085,0.9196273070346748,0.9221051534036586,-0.9465563061899877,-0.2672975665956357,-0.1839650667425458,0.1504234517372182,0.110475243111096,2.2119365552471064e-15,17.487037648106664,25
1347,0.35,8,144,1,1,1035,broad_xyz,21.99112410904393,False,0.8573453394334063,0.9250679272835296,0.938261047563304,-0.9502019261765108,-0.2031673025199134,-0.1660900101636158,0.1591780528212995,0.1118079728671218,2.2119365552471064e-15,17.487037648106664,25
1348,0.37,8,144,1,1,1035,broad_xyz,21.99112410904393,False,0.8530466911782995,0.9294197117517878,0.95337704700911,-0.9550077077335506,-0.2589654395197962,-0.1804037893362307,0.1644953275882606,0.1120192705657185,2.2119365552471064e-15,17.487037648106664,25
1349,0.39,8,144,1,1,1035,broad_xyz,21.99112410904393,False,0.8422372587449063,0.9314409822122636,0.9625740870679298,-0.9557621598435646,-0.3848398555377835,-0.2080802926552069,0.1665194209016517,0.1117507919307223,2.2119365552471064e-15,17.487037648106664,25
1350,0.41,8,144,1,1,1035,broad_xyz,21.99112410904393,False,0.8235733517841962,0.9305490386046296,0.9663631282899366,-0.9527357050798958,-0.5409050452258434,-0.246381936048868,0.1662787894709146,0.1117504371076152,2.2119365552471064e-15,17.487037648106664,25
1351,0.43,8,144,1,1,1035,broad_xyz,21.99112410904393,False,0.8052802133463378,0.9267488644573656,0.9663889050795584,-0.9486700097348716,-0.7067667798454667,-0.2904864446178894,0.1653155686248557,0.112057318190847,2.2119365552471064e-15,17.487037648106664,25
1352,0.45,8,144,1,1,1035,broad_xyz,21.99112410904393,False,0.7974734820378302,0.921787949729666,0.9652291269989826,-0.9466571316901864,-0.7871092802780768,-0.3328587385015492,0.1655165465743878,0.1126219717056621,2.2119365552471064e-15,17.487037648106664,25
1353,0.5,8,144,1,1,1035,broad_xyz,21.99112410904393,False,0.8154282863201866,0.9001124239385349,0.960889511438061,-0.9549861799851118,-0.6467673006111204,-0.37688505477662,0.1707700884808772,0.1166634747791728,2.2119365552471064e-15,17.487037648106664,25
1354,0.55,8,144,1,1,1035,broad_xyz,21.99112410904393,False,0.8060460818699635,0.8453311774586467,0.9443635188128748,-0.9363777816602702,-0.5971195342610834,-0.432140136610853,0.1728760455538278,0.1251257640708445,2.2119365552471064e-15,17.487037648106664,25
1355,0.6,8,144,1,1,1035,broad_xyz,21.99112410904393,False,0.7427605525451761,0.7579129344071504,0.922401976089176,-0.8894264810207622,-0.6565322852842709,-0.5602438873918161,0.1698019223556225,0.1314045601846776,2.2119365552471064e-15,17.487037648106664,25
1356,0.6499999999999999,8,144,1,1,1035,broad_xyz,21.99112410904393,False,0.718170707828218,0.7626043933908712,0.9464537626423772,-0.8839336414608369,-0.7995106477419733,-0.59905025114826,0.1729020466696739,0.1292495878240223,2.2119365552471064e-15,17.487037648106664,25
1357,0.7,8,144,1,1,1035,broad_xyz,21.99112410904393,False,0.7122098045582826,0.7690796605843526,0.9579191258889538,-0.9033512962164244,-0.8740706806591592,-0.6163061716697326,0.1710837301707424,0.1243742743458444,2.2119365552471064e-15,17.487037648106664,25
1358,0.725,8,144,1,1,1035,broad_xyz,21.99112410904393,False,0.7160947741059571,0.7727649548048551,0.954145521976968,-0.9033122737056646,-0.8952438465442758,-0.6257376255153433,0.1664039505963214,0.1227052125704446,2.2119365552471064e-15,17.487037648106664,25
1359,0.75,8,144,1,1,1035,broad_xyz,21.99112410904393,False,0.7332949056921136,0.7946520631463403,0.9543701534683944,-0.8964483586682588,-0.9149363149059752,-0.6324798203563121,0.1643701080507154,0.1214443869061776,2.2119365552471064e-15,17.487037648106664,25
1360,0.775,8,144,1,1,1035,broad_xyz,21.99112410904393,False,0.7582867108531933,0.8286015257113349,0.957801892833218,-0.8764624419717186,-0.9291221775337912,-0.6335033516601319,0.159885441161619,0.1200699570056064,2.2119365552471064e-15,17.487037648106664,25
1361,0.8,8,144,1,1,1035,broad_xyz,21.99112410904393,False,0.7759406720410266,0.861204951846883,0.9591007961368402,-0.8142465685227757,-0.9377036794543852,-0.6270544504884307,0.1597418189587363,0.1181742768464708,2.2119365552471064e-15,17.487037648106664,25
1362,0.825,8,144,1,1,1035,broad_xyz,21.99112410904393,False,0.7774427881735748,0.8859965926457157,0.95596720768676,-0.6598007263999485,-0.9433553596564574,-0.6099136002727628,0.1628489535781497,0.115661977678444,2.2119365552471064e-15,17.487037648106664,25
1363,0.85,8,144,1,1,1035,broad_xyz,21.99112410904393,False,0.7687704389465007,0.9014505746647028,0.9484809636943772,-0.4558989278930961,-0.9448030614883416,-0.5810478223845131,0.1650231191195121,0.1127650951311933,2.2119365552471064e-15,17.487037648106664,25
1364,0.875,8,144,1,1,1035,broad_xyz,21.99112410904393,False,0.7583645750345487,0.9084539741437831,0.940019934688816,-0.3487693077527274,-0.9359949282777106,-0.5552419730650368,0.1631479872866607,0.1102700134328382,2.2119365552471064e-15,17.487037648106664,25
1365,0.9,8,144,1,1,1035,broad_xyz,21.99112410904393,False,0.7542837725262584,0.9108722330055754,0.9342010785919956,-0.3424397185083274,-0.9027585547016024,-0.5403011648992395,0.1598946067262896,0.1091723723950147,2.2119365552471064e-15,17.487037648106664,25
1366,0.95,8,144,1,1,1035,broad_xyz,21.99112410904393,False,0.7703563663016304,0.9002370331009163,0.9394089941391608,-0.4634692438670525,-0.9392337145138016,-0.542795293742608,0.1575440107572379,0.1111306121131146,2.2119365552471064e-15,17.487037648106664,25
1367,1.0,8,144,1,1,1035,broad_xyz,21.99112410904393,False,0.7506943428885428,0.8398433927249134,0.9466427164070124,-0.7878852738805594,-0.9402153896319292,-0.5856944239855191,0.1548992558901145,0.1163130668614306,2.2119365552471064e-15,17.487037648106664,25
1368,0.05,8,144,1,1,1036,broad_xyz,21.99112410904393,False,0.1781245961995194,0.5026437972126206,-0.2017737829236903,-0.5644692675971128,-0.4853980931722724,0.3982492011200215,0.0033202876187006,0.000630127411365,2.2119365552471064e-15,17.487037648106664,26
1369,0.075,8,144,1,1,1036,broad_xyz,21.99112410904393,False,0.2918568122150574,0.5670948546325382,-0.096896888429558,-0.603033437262983,-0.5927786316376212,0.3806887336710371,0.008554187159665,0.0019957409799312,2.2119365552471064e-15,17.487037648106664,26
1370,0.1,8,144,1,1,1036,broad_xyz,21.99112410904393,False,0.4532577443552086,0.6444373878869104,0.0482880770275362,-0.6365845719239588,-0.7255930131548666,0.3637619476537488,0.0179133530446415,0.0051305411265075,2.2119365552471064e-15,17.487037648106664,26
1371,0.125,8,144,1,1,1036,broad_xyz,21.99112410904393,False,0.6304422153770984,0.7176544762377999,0.2157330261124072,-0.6627223508285252,-0.8224059716558739,0.3439005283416111,0.0333229879173668,0.0112009185499802,2.2119365552471064e-15,17.487037648106664,26
1372,0.15,8,144,1,1,1036,broad_xyz,21.99112410904393,False,0.7693140444775832,0.7795362837895172,0.3722660507013023,-0.6916480222253253,-0.8620973940494107,0.3236014613774381,0.0538513619271955,0.0209781335483344,2.2119365552471064e-15,17.487037648106664,26
1373,0.1625,8,144,1,1,1036,broad_xyz,21.99112410904393,False,0.8141298055065816,0.8040993806304011,0.4380829794171304,-0.7104868891763134,-0.8636161090743866,0.3156765885045168,0.0657336044004795,0.027106957415105,2.2119365552471064e-15,17.487037648106664,26
1374,0.175,8,144,1,1,1036,broad_xyz,21.99112410904393,False,0.8435685127181006,0.825088274955208,0.49280151533716,-0.7340015041871312,-0.8518898900246843,0.3105065346802271,0.0779020928163523,0.0338325658910897,2.2119365552471064e-15,17.487037648106664,26
1375,0.1875,8,144,1,1,1036,broad_xyz,21.99112410904393,False,0.8613128647945121,0.8422357268738113,0.5357563176899524,-0.7622650078845513,-0.8291325449863665,0.311366856907362,0.090467631924563,0.0409147877132006,2.2119365552471064e-15,17.487037648106664,26
1376,0.2,8,144,1,1,1036,broad_xyz,21.99112410904393,False,0.872352439352835,0.8573586608532673,0.5710524710785303,-0.7927590150523837,-0.7833830358177842,0.3187880965203576,0.1029151879908977,0.0481846626884395,2.2119365552471064e-15,17.487037648106664,26
1377,0.2125,8,144,1,1,1036,broad_xyz,21.99112410904393,False,0.8796510030834203,0.8715125725609538,0.6014058804690956,-0.8245539767257838,-0.7088440587897151,0.3286872157378445,0.1142257115793428,0.0555391390603892,2.2119365552471064e-15,17.487037648106664,26
1378,0.225,8,144,1,1,1036,broad_xyz,21.99112410904393,False,0.8863739761221071,0.8853503969380866,0.6302733386114782,-0.8558239396337727,-0.5921154532061446,0.3407973135471849,0.1239017367844569,0.0629853793843923,2.2119365552471064e-15,17.487037648106664,26
1379,0.2375,8,144,1,1,1036,broad_xyz,21.99112410904393,False,0.893838174702551,0.8994639984226758,0.6597586529606208,-0.8850457794287719,-0.4486149521966575,0.3543345044049753,0.1316812126328692,0.0705986522502746,2.2119365552471064e-15,17.487037648106664,26
1380,0.25,8,144,1,1,1036,broad_xyz,21.99112410904393,False,0.9018530015482972,0.9136394383288816,0.6921212163042091,-0.9104486869629832,-0.3103829918949276,0.364604506168538,0.1375108324787802,0.0784543065196946,2.2119365552471064e-15,17.487037648106664,26
1381,0.27,8,144,1,1,1036,broad_xyz,21.99112410904393,False,0.9135535560987228,0.9318802846013466,0.7535926534259914,-0.936428032262175,-0.1564086064646578,0.3614625439091872,0.1432848233043473,0.0920248061698978,2.2119365552471064e-15,17.487037648106664,26
1382,0.29,8,144,1,1,1036,broad_xyz,21.99112410904393,False,0.9188933178999044,0.9387077787809,0.8277367802365855,-0.9325733515416916,-0.1257555309354488,0.3191890975954869,0.1468244441765063,0.1060368479008325,2.2119365552471064e-15,17.487037648106664,26
1383,0.31,8,144,1,1,1036,broad_xyz,21.99112410904393,False,0.9048326955670314,0.939194742600569,0.874503250598628,-0.9265956201594416,-0.1555224256067037,0.2735170180222261,0.1517711105281074,0.1155763835612159,2.2119365552471064e-15,17.487037648106664,26
1384,0.33,8,144,1,1,1036,broad_xyz,21.99112410904393,False,0.8822590050716174,0.941490240987169,0.885598969620251,-0.9415237576695868,-0.1703767968375034,0.2625440501497049,0.1562016810123066,0.1183559209328075,2.2119365552471064e-15,17.487037648106664,26
1385,0.35,8,144,1,1,1036,broad_xyz,21.99112410904393,False,0.8722133114156673,0.9475845505561966,0.9033189086657084,-0.9561738139738954,-0.1853519098083516,0.2591123899875317,0.1588833025145402,0.1175779446060751,2.2119365552471064e-15,17.487037648106664,26
1386,0.37,8,144,1,1,1036,broad_xyz,21.99112410904393,False,0.8670965283651879,0.951533096858834,0.9238420955248547,-0.9622235964132176,-0.2228877425905468,0.2489654572273856,0.1622985312426744,0.1157271189888395,2.2119365552471064e-15,17.487037648106664,26
1387,0.39,8,144,1,1,1036,broad_xyz,21.99112410904393,False,0.860013378960894,0.9500512877151974,0.9427396587564456,-0.9596533446421036,-0.2930338083574412,0.22996304251458,0.1638697174203028,0.1144623465727951,2.2119365552471064e-15,17.487037648106664,26
1388,0.41,8,144,1,1,1036,broad_xyz,21.99112410904393,False,0.8499352793156,0.9435660502473212,0.9553107404406552,-0.9516377289585796,-0.3950486987562965,0.2066151725448412,0.1654995527181486,0.1142918355936283,2.2119365552471064e-15,17.487037648106664,26
1389,0.43,8,144,1,1,1036,broad_xyz,21.99112410904393,False,0.8402194941279839,0.9332197823119244,0.9601814110457956,-0.940449660924795,-0.5428466421009536,0.1798818967518274,0.1659848834450745,0.1150084291521483,2.2119365552471064e-15,17.487037648106664,26
1390,0.45,8,144,1,1,1036,broad_xyz,21.99112410904393,False,0.8331489107691703,0.9212697053286588,0.959663343522397,-0.9297789031225896,-0.6546632431115761,0.1483108514658219,0.1703821192781965,0.1161934512295692,2.2119365552471064e-15,17.487037648106664,26
1391,0.5,8,144,1,1,1036,broad_xyz,21.99112410904393,False,0.8382601649954636,0.9111158963608432,0.952910771512158,-0.9390098271318916,-0.5738161853027287,0.0359960947936474,0.1715649665174553,0.1200156159987917,2.2119365552471064e-15,17.487037648106664,26
1392,0.55,8,144,1,1,1036,broad_xyz,21.99112410904393,False,0.8105110298830112,0.8783578046553083,0.8932966536259427,-0.9590336808555308,-0.5561464222166043,-0.2002925906269981,0.1633057429779098,0.1280281931520378,2.2119365552471064e-15,17.487037648106664,26
1393,0.6,8,144,1,1,1036,broad_xyz,21.99112410904393,False,0.6908529297947473,0.7651495100416204,0.8810325578610791,-0.9088297781425424,-0.6527072530815248,-0.5253998392125814,0.1676399217323088,0.1359013073911518,2.2119365552471064e-15,17.487037648106664,26
1394,0.6499999999999999,8,144,1,1,1036,broad_xyz,21.99112410904393,False,0.6345112127376357,0.7533468855135126,0.8777588958783311,-0.9142359841579946,-0.7779009769168955,-0.5853013202507324,0.1764677222217201,0.1303388338639122,2.2119365552471064e-15,17.487037648106664,26
1395,0.7,8,144,1,1,1036,broad_xyz,21.99112410904393,False,0.6807582926340912,0.7866148608294278,0.9048721278490788,-0.9069225498709298,-0.9000035671331785,-0.5968709552607421,0.1690039561965961,0.1227515714129814,2.2119365552471064e-15,17.487037648106664,26
1396,0.725,8,144,1,1,1036,broad_xyz,21.99112410904393,False,0.7058959682363409,0.7951802741420206,0.9269141268520432,-0.8830262959269976,-0.9349892239150344,-0.6096760508828978,0.1655156060757853,0.1208555592768236,2.2119365552471064e-15,17.487037648106664,26
1397,0.75,8,144,1,1,1036,broad_xyz,21.99112410904393,False,0.7329113731659663,0.8109526983015677,0.942540198973827,-0.8533403023559474,-0.951106632134186,-0.6168725733914756,0.1632962355559165,0.1190103868251466,2.2119365552471064e-15,17.487037648106664,26
1398,0.775,8,144,1,1,1036,broad_xyz,21.99112410904393,False,0.7634254300798108,0.8378475544996765,0.9524657765932107,-0.8237868951215939,-0.951884084858469,-0.6136679075685053,0.1604367726894397,0.1162263075956436,2.2119365552471064e-15,17.487037648106664,26
1399,0.8,8,144,1,1,1036,broad_xyz,21.99112410904393,False,0.7922056890812804,0.867235050267791,0.9545064956466792,-0.7802219980237344,-0.940974783578672,-0.5998067916753236,0.1570737972249962,0.1122971985156625,2.2119365552471064e-15,17.487037648106664,26
1400,0.825,8,144,1,1,1036,broad_xyz,21.99112410904393,False,0.8092788619969996,0.8877127696067227,0.9465798963085008,-0.6814625925710343,-0.9281646877578696,-0.5762529049115169,0.1582103166536188,0.1076419368380318,2.2119365552471064e-15,17.487037648106664,26
1401,0.85,8,144,1,1,1036,broad_xyz,21.99112410904393,False,0.8085048407820147,0.8954965046650901,0.936138404298701,-0.4998847091208321,-0.9249758861975768,-0.5480130452757578,0.1588949284365779,0.102949152443594,2.2119365552471064e-15,17.487037648106664,26
1402,0.875,8,144,1,1,1036,broad_xyz,21.99112410904393,False,0.7906844003857276,0.891756610981349,0.9322189996378316,-0.3458766519590406,-0.9265320885820508,-0.5242819611702032,0.1589198451491618,0.0992337006570968,2.2119365552471064e-15,17.487037648106664,26
1403,0.9,8,144,1,1,1036,broad_xyz,21.99112410904393,False,0.7651708964351597,0.8777422448293788,0.9296129468278812,-0.3091462245258544,-0.8979181130937799,-0.5129005192658016,0.1582512136928479,0.0979175091843988,2.2119365552471064e-15,17.487037648106664,26
1404,0.95,8,144,1,1,1036,broad_xyz,21.99112410904393,False,0.7263441369358377,0.8349283053323175,0.9297977403028052,-0.4246416419673428,-0.9341802856063356,-0.4986644454714383,0.1621439820674671,0.1029497270134775,2.2119365552471064e-15,17.487037648106664,26
1405,1.0,8,144,1,1,1036,broad_xyz,21.99112410904393,False,0.6910451923101132,0.7745176536158052,0.9371999296809304,-0.6955593252697249,-0.9343298649593302,-0.5144090372655082,0.1658690047577737,0.1127661744732561,2.2119365552471064e-15,17.487037648106664,26
1406,0.05,8,144,1,1,1037,broad_xyz,21.99112410904393,False,0.0922557317951709,0.4918346044494115,-0.5331726113024805,-0.610147549203812,-0.5563596338448538,0.7061357892032692,0.0019638618640598,0.0004077046481043,2.2119365552471064e-15,17.487037648106664,27
1407,0.075,8,144,1,1,1037,broad_xyz,21.99112410904393,False,0.0340348390607402,0.4775882601885649,-0.5538333504358931,-0.6337498448553385,-0.5748370142035056,0.7356405226498289,0.0061001246626866,0.0012293343376828,2.2119365552471064e-15,17.487037648106664,27
1408,0.1,8,144,1,1,1037,broad_xyz,21.99112410904393,False,0.0611400572535465,0.4824720298069152,-0.5655272280223361,-0.6646522329129246,-0.6071540841359286,0.762763875184978,0.0134512792108031,0.0028595209914573,2.2119365552471064e-15,17.487037648106664,27
1409,0.125,8,144,1,1,1037,broad_xyz,21.99112410904393,False,0.1762233804885251,0.5156303721011846,-0.5553282765938025,-0.7019089875949085,-0.6565635057921706,0.7813844653339249,0.0237698601586688,0.0056161710284152,2.2119365552471064e-15,17.487037648106664,27
1410,0.15,8,144,1,1,1037,broad_xyz,21.99112410904393,False,0.3508084943491802,0.5871559785820923,-0.5004248563859097,-0.7404660106095392,-0.707737488585005,0.7793987321255851,0.0359705159613041,0.0100601340602538,2.2119365552471064e-15,17.487037648106664,27
1411,0.1625,8,144,1,1,1037,broad_xyz,21.99112410904393,False,0.4463072533117495,0.6487533088800458,-0.4413860191772517,-0.7585634788504625,-0.7343990980431769,0.7634381882955593,0.0431125132172545,0.0134836072448134,2.2119365552471064e-15,17.487037648106664,27
1412,0.175,8,144,1,1,1037,broad_xyz,21.99112410904393,False,0.5287206538108745,0.7161607374346853,-0.3597748781246792,-0.7686511983389716,-0.7618163389983637,0.7310967476659278,0.0510453696567379,0.0179491365717825,2.2119365552471064e-15,17.487037648106664,27
1413,0.1875,8,144,1,1,1037,broad_xyz,21.99112410904393,False,0.5924040821479051,0.7744925754943275,-0.2728602215219795,-0.7716439384220275,-0.7802865968677692,0.6864741387504747,0.0588536381719805,0.0233995998587111,2.2119365552471064e-15,17.487037648106664,27
1414,0.2,8,144,1,1,1037,broad_xyz,21.99112410904393,False,0.6327512610243046,0.8117524165955892,-0.2033606498945365,-0.7763269342437868,-0.7732126667597988,0.6461989922494263,0.0663237760078473,0.0294299059704911,2.2119365552471064e-15,17.487037648106664,27
1415,0.2125,8,144,1,1,1037,broad_xyz,21.99112410904393,False,0.6611166047433672,0.8347407011631597,-0.1520262571581065,-0.786772529714334,-0.7287248258329212,0.6159297738206199,0.0734552082807553,0.0358004701055074,2.2119365552471064e-15,17.487037648106664,27
1416,0.225,8,144,1,1,1037,broad_xyz,21.99112410904393,False,0.6812020182254906,0.8482488811982741,-0.1171477743054344,-0.8035915007985717,-0.6368196154069923,0.5956639619353866,0.0825914871831138,0.0422424252481057,2.2119365552471064e-15,17.487037648106664,27
1417,0.2375,8,144,1,1,1037,broad_xyz,21.99112410904393,False,0.6928097074411532,0.85601397752713,-0.092430119045019,-0.8247253048346346,-0.5128397161383266,0.5832628523285583,0.0920741187929581,0.0485455020736188,2.2119365552471064e-15,17.487037648106664,27
1418,0.25,8,144,1,1,1037,broad_xyz,21.99112410904393,False,0.6967193245050363,0.8606556030805008,-0.069784935219078,-0.8477437835202773,-0.3762318142714336,0.5756068489955555,0.1003290308689516,0.054692523775554,2.2119365552471064e-15,17.487037648106664,27
1419,0.27,8,144,1,1,1037,broad_xyz,21.99112410904393,False,0.7034617851700375,0.8692708048864514,-0.0108792935438014,-0.8778571415188912,-0.1712785530265841,0.5545006392939575,0.1105216015244796,0.0641927483329691,2.2119365552471064e-15,17.487037648106664,27
1420,0.29,8,144,1,1,1037,broad_xyz,21.99112410904393,False,0.7241126508627341,0.8858120472607762,0.0961547908821526,-0.8901954810416441,-0.0659605301407024,0.4999690154162141,0.1169035036936452,0.0733704923973801,2.2119365552471064e-15,17.487037648106664,27
1421,0.31,8,144,1,1,1037,broad_xyz,21.99112410904393,False,0.757970124599628,0.9087986879589168,0.2445962274170036,-0.8776887247771157,-0.0602168550491649,0.4045859181053151,0.1218978134137611,0.0820477574712014,2.2119365552471064e-15,17.487037648106664,27
1422,0.33,8,144,1,1,1037,broad_xyz,21.99112410904393,False,0.7850654494588999,0.9277648185531556,0.3731242425057784,-0.8839682256160054,-0.0840440294015033,0.3238579719191853,0.1269413680188369,0.0873666132727035,2.2119365552471064e-15,17.487037648106664,27
1423,0.35,8,144,1,1,1037,broad_xyz,21.99112410904393,False,0.7906130809504827,0.9366315771349988,0.4749161858217714,-0.899696686400913,-0.1165690394513728,0.2721145939122821,0.1300842639976527,0.089869691661,2.2119365552471064e-15,17.487037648106664,27
1424,0.37,8,144,1,1,1037,broad_xyz,21.99112410904393,False,0.7817486700104362,0.9395724775466042,0.5717707964601928,-0.9073522695118404,-0.1598382497840525,0.2365779304319517,0.1345344477646127,0.090731599220125,2.2119365552471064e-15,17.487037648106664,27
1425,0.39,8,144,1,1,1037,broad_xyz,21.99112410904393,False,0.7658705603896194,0.9391107247570356,0.6709446744559374,-0.9015536950694012,-0.2203913609354205,0.2067929629293032,0.1384825808819859,0.0909309698600009,2.2119365552471064e-15,17.487037648106664,27
1426,0.41,8,144,1,1,1037,broad_xyz,21.99112410904393,False,0.7474594716540328,0.9356001812012243,0.7579425432684677,-0.886722743042472,-0.2800316833731465,0.1707906322375151,0.1473991341937314,0.0909535013983877,2.2119365552471064e-15,17.487037648106664,27
1427,0.43,8,144,1,1,1037,broad_xyz,21.99112410904393,False,0.7294667152311013,0.9277492773684262,0.8151438449895922,-0.8704522207725255,-0.3552127141738194,0.1224118722193611,0.1540518294774774,0.0909194436464286,2.2119365552471064e-15,17.487037648106664,27
1428,0.45,8,144,1,1,1037,broad_xyz,21.99112410904393,False,0.7131669936032168,0.9168094939429426,0.8405725940293391,-0.8561291356685597,-0.4116901980927144,0.0701149916062185,0.1557427590399515,0.0906916218307791,2.2119365552471064e-15,17.487037648106664,27
1429,0.5,8,144,1,1,1037,broad_xyz,21.99112410904393,False,0.7119677514200298,0.9118647909956226,0.8374413241560871,-0.8753806742719549,-0.4015948065492811,-0.0504491701271223,0.1478659964802754,0.0918999070866477,2.2119365552471064e-15,17.487037648106664,27
1430,0.55,8,144,1,1,1037,broad_xyz,21.99112410904393,False,0.7060368206024844,0.8819254780522046,0.6672456914455192,-0.9118821269887492,-0.466923512967996,-0.1332226840503778,0.1415587522829103,0.0978400186547079,2.2119365552471064e-15,17.487037648106664,27
1431,0.6,8,144,1,1,1037,broad_xyz,21.99112410904393,False,0.6698932856926417,0.8367187595178557,0.6011200484532593,-0.8676214372126776,-0.5655886858285288,-0.2689287872905269,0.1503538745552127,0.1057669945496612,2.2119365552471064e-15,17.487037648106664,27
1432,0.6499999999999999,8,144,1,1,1037,broad_xyz,21.99112410904393,False,0.6740172818682719,0.7998956272610779,0.6601044337639511,-0.8786101963625907,-0.6949204660360371,-0.385285797787833,0.1534995754074403,0.1069138676029842,2.2119365552471064e-15,17.487037648106664,27
1433,0.7,8,144,1,1,1037,broad_xyz,21.99112410904393,False,0.6211483828448857,0.7926057859535395,0.712881481849305,-0.8993699632866146,-0.8373377054661298,-0.4185553502717188,0.1527529437797159,0.102789915620277,2.2119365552471064e-15,17.487037648106664,27
1434,0.725,8,144,1,1,1037,broad_xyz,21.99112410904393,False,0.6515799535922248,0.8208443142510596,0.7822564902444421,-0.894196075952525,-0.900747044913072,-0.4505709468521824,0.1509964688387972,0.1020888719350608,2.2119365552471064e-15,17.487037648106664,27
1435,0.75,8,144,1,1,1037,broad_xyz,21.99112410904393,False,0.6891714767285272,0.8417256837085748,0.8390890041278553,-0.8819469420250137,-0.9344207178958592,-0.4762232255938942,0.1481357624121038,0.1014368750731228,2.2119365552471064e-15,17.487037648106664,27
1436,0.775,8,144,1,1,1037,broad_xyz,21.99112410904393,False,0.7232705272133757,0.8546380018970297,0.8780925239174487,-0.8603449614806601,-0.9492131597670336,-0.4965095553288002,0.1472934792232972,0.1002976049513141,2.2119365552471064e-15,17.487037648106664,27
1437,0.8,8,144,1,1,1037,broad_xyz,21.99112410904393,False,0.7540102037443672,0.8687007826623696,0.9052550637085396,-0.8252802570342503,-0.9539168340864056,-0.5123289502744172,0.1482241966217108,0.0990056270081302,2.2119365552471064e-15,17.487037648106664,27
1438,0.825,8,144,1,1,1037,broad_xyz,21.99112410904393,False,0.776521046256388,0.8852639996567199,0.924193796261194,-0.7573265526862316,-0.9505356151684726,-0.5255175115679016,0.1475997099280183,0.0983432684525924,2.2119365552471064e-15,17.487037648106664,27
1439,0.85,8,144,1,1,1037,broad_xyz,21.99112410904393,False,0.7948960050029144,0.8954292141957475,0.9337622926227012,-0.605701937669502,-0.9399273181526908,-0.5401924705771269,0.1482447343952715,0.0985688191297198,2.2119365552471064e-15,17.487037648106664,27
1440,0.875,8,144,1,1,1037,broad_xyz,21.99112410904393,False,0.8117370443221535,0.8944488737407076,0.9385656891821008,-0.3467270817039551,-0.9262616656683352,-0.5498316129963693,0.1493813866414257,0.0991173612885667,2.2119365552471064e-15,17.487037648106664,27
1441,0.9,8,144,1,1,1037,broad_xyz,21.99112410904393,False,0.8257326927576927,0.8848363132236385,0.9404670448915212,-0.1128802694699446,-0.8926707615257575,-0.5643325547648778,0.1515206147055092,0.1000543804363441,2.2119365552471064e-15,17.487037648106664,27
1442,0.95,8,144,1,1,1037,broad_xyz,21.99112410904393,False,0.8243352051758349,0.8496583336180691,0.9396655638483542,-0.0432760809272405,-0.9167880714179266,-0.5823137219562807,0.158247816354842,0.1024798974592937,2.2119365552471064e-15,17.487037648106664,27
1443,1.0,8,144,1,1,1037,broad_xyz,21.99112410904393,False,0.782391833096676,0.7973998604836169,0.955931144671868,-0.5673835231696718,-0.913689712855167,-0.5478578146520108,0.1569589340622538,0.1038649379587267,2.2119365552471064e-15,17.487037648106664,27
1444,0.05,8,144,1,1,1038,broad_xyz,21.99112410904393,False,0.3611935576150838,0.5728408379862355,-0.0825521805736089,-0.5191507815079579,-0.3370421635441259,-0.0556372158328461,0.002031158150264,0.0004763962457122,2.2119365552471064e-15,17.487037648106664,28
1445,0.075,8,144,1,1,1038,broad_xyz,21.99112410904393,False,0.4381290226881981,0.6008297948156652,0.0307713851612265,-0.5426771006884084,-0.5380544498908966,-0.0739387075921294,0.0051841501455449,0.001321188672257,2.2119365552471064e-15,17.487037648106664,28
1446,0.1,8,144,1,1,1038,broad_xyz,21.99112410904393,False,0.5111904035898164,0.6353140273487363,0.1648383719872464,-0.5678137805403267,-0.6886398067941524,-0.1005719794706191,0.011312819807216,0.0031636136164894,2.2119365552471064e-15,17.487037648106664,28
1447,0.125,8,144,1,1,1038,broad_xyz,21.99112410904393,False,0.5893443750424407,0.6758801223159508,0.2998118856515507,-0.6031630397868065,-0.7520799519613028,-0.1267414627116708,0.0218031396142395,0.0068952982770619,2.2119365552471064e-15,17.487037648106664,28
1448,0.15,8,144,1,1,1038,broad_xyz,21.99112410904393,False,0.6911920136533336,0.7332439110156046,0.4355415245907569,-0.658561962674338,-0.783391016525978,-0.1607007536273944,0.0372919203868507,0.0135914604656765,2.2119365552471064e-15,17.487037648106664,28
1449,0.1625,8,144,1,1,1038,broad_xyz,21.99112410904393,False,0.7451238973071778,0.7668765380854655,0.5027600258653084,-0.6934165892372527,-0.793620229635191,-0.1771196123461685,0.0466095611862798,0.0182930512963258,2.2119365552471064e-15,17.487037648106664,28
1450,0.175,8,144,1,1,1038,broad_xyz,21.99112410904393,False,0.795601103282338,0.8008959408987251,0.569371622729091,-0.7284111221999312,-0.7988069395244007,-0.1907563420321981,0.0562602917431122,0.0238219622768231,2.2119365552471064e-15,17.487037648106664,28
1451,0.1875,8,144,1,1,1038,broad_xyz,21.99112410904393,False,0.8384294533153452,0.8315573448179344,0.6313436841870423,-0.7634010069434418,-0.8015367774142812,-0.1993869014349856,0.0661104453914028,0.0300707112171171,2.2119365552471064e-15,17.487037648106664,28
1452,0.2,8,144,1,1,1038,broad_xyz,21.99112410904393,False,0.8713699816243162,0.8572001871042499,0.6853302053315242,-0.8001020944585562,-0.7989189450836373,-0.2042207667790967,0.0766940093619135,0.0369217632477713,2.2119365552471064e-15,17.487037648106664,28
1453,0.2125,8,144,1,1,1038,broad_xyz,21.99112410904393,False,0.8949549812594109,0.8779769352251295,0.7311550944787328,-0.8369343461307079,-0.7863689895342078,-0.2045952119501983,0.0871146356293184,0.0442207192681386,2.2119365552471064e-15,17.487037648106664,28
1454,0.225,8,144,1,1,1038,broad_xyz,21.99112410904393,False,0.9105379424239162,0.8947053600719029,0.7695277850177777,-0.8720396832036229,-0.764356265597641,-0.2008997393962112,0.0968412358996023,0.0519666327083263,2.2119365552471064e-15,17.487037648106664,28
1455,0.2375,8,144,1,1,1038,broad_xyz,21.99112410904393,False,0.919622378551314,0.9069781459612722,0.8003527889936541,-0.903861338333218,-0.7369367583151563,-0.1941353507401533,0.1056094179288985,0.0602816655935484,2.2119365552471064e-15,17.487037648106664,28
1456,0.25,8,144,1,1,1038,broad_xyz,21.99112410904393,False,0.924851960970722,0.9160379817533594,0.8274662782747264,-0.929331905450571,-0.7038206612748499,-0.1890726915379147,0.1134438208824334,0.0692737890870702,2.2119365552471064e-15,17.487037648106664,28
1457,0.27,8,144,1,1,1038,broad_xyz,21.99112410904393,False,0.9269632341264952,0.9252469752078764,0.8686282892136941,-0.9504797955993044,-0.6503474021714823,-0.1561559957007478,0.1235106142658519,0.0844851465943652,2.2119365552471064e-15,17.487037648106664,28
1458,0.29,8,144,1,1,1038,broad_xyz,21.99112410904393,False,0.9153639840157396,0.9257815798347024,0.8974140877755293,-0.9496049845422104,-0.605924639579619,-0.0635264399896771,0.1324402938637601,0.0986674454264862,2.2119365552471064e-15,17.487037648106664,28
1459,0.31,8,144,1,1,1038,broad_xyz,21.99112410904393,False,0.8951000621193114,0.9280895365055823,0.911120919068878,-0.9518419972216644,-0.5634101991541792,0.0557666391589589,0.1420210336265616,0.1085465993401117,2.2119365552471064e-15,17.487037648106664,28
1460,0.33,8,144,1,1,1038,broad_xyz,21.99112410904393,False,0.8784458587233706,0.9346115830959424,0.9213456944513094,-0.961381881773388,-0.5508733404579242,0.1336278056821493,0.1510836308161838,0.112880226552095,2.2119365552471064e-15,17.487037648106664,28
1461,0.35,8,144,1,1,1038,broad_xyz,21.99112410904393,False,0.868474258459762,0.9401538847258408,0.936389439600104,-0.9670235480733588,-0.590861636650681,0.1607832031429003,0.1566230859917076,0.1132206435612279,2.2119365552471064e-15,17.487037648106664,28
1462,0.37,8,144,1,1,1038,broad_xyz,21.99112410904393,False,0.8610969336556877,0.9422882650715012,0.947518516200632,-0.9692524979760564,-0.6582214047503614,0.1471331990975045,0.1596963657107584,0.1121084228351915,2.2119365552471064e-15,17.487037648106664,28
1463,0.39,8,144,1,1,1038,broad_xyz,21.99112410904393,False,0.8519439357357118,0.9393115527379085,0.9512030156689524,-0.9673710067366528,-0.7296536146787573,0.1001447116297369,0.1603516669536946,0.1107936340240615,2.2119365552471064e-15,17.487037648106664,28
1464,0.41,8,144,1,1,1038,broad_xyz,21.99112410904393,False,0.8391995018680899,0.9315400011110698,0.9492610722495924,-0.9608290727009106,-0.784089834078924,0.0288910603956604,0.15979149769751,0.1097449751612593,2.2119365552471064e-15,17.487037648106664,28
1465,0.43,8,144,1,1,1038,broad_xyz,21.99112410904393,False,0.8236273656188633,0.9200277415400536,0.9427098777257156,-0.951482898739992,-0.8172482750304868,-0.0523443603364911,0.1608221623625184,0.1091296678231015,2.2119365552471064e-15,17.487037648106664,28
1466,0.45,8,144,1,1,1038,broad_xyz,21.99112410904393,False,0.8120488585690635,0.9088070346596248,0.9360014386752896,-0.9438814186985643,-0.8237593192702879,-0.1222425562497484,0.165517935082485,0.1091171899021813,2.2119365552471064e-15,17.487037648106664,28
1467,0.5,8,144,1,1,1038,broad_xyz,21.99112410904393,False,0.8193201467969947,0.8936379519359262,0.9404375518959884,-0.9552356711175226,-0.7420075059552097,-0.1902325595471276,0.1706322826035487,0.1135405994212648,2.2119365552471064e-15,17.487037648106664,28
1468,0.55,8,144,1,1,1038,broad_xyz,21.99112410904393,False,0.796492992783395,0.8295946491471249,0.9356720708352558,-0.9597756963291092,-0.6662995584268826,-0.2510956538756548,0.1706965160465448,0.1249275349814073,2.2119365552471064e-15,17.487037648106664,28
1469,0.6,8,144,1,1,1038,broad_xyz,21.99112410904393,False,0.717240216712832,0.6935431746153583,0.8871164478318454,-0.9520123486942556,-0.623137049470333,-0.4611582974711442,0.1747879184741105,0.1327319990038747,2.2119365552471064e-15,17.487037648106664,28
1470,0.6499999999999999,8,144,1,1,1038,broad_xyz,21.99112410904393,False,0.712521622294068,0.7093712854630695,0.8928108920222575,-0.9543131878126446,-0.759930200872044,-0.6111317623159169,0.1734093694123101,0.1284233064843188,2.2119365552471064e-15,17.487037648106664,28
1471,0.7,8,144,1,1,1038,broad_xyz,21.99112410904393,False,0.7479882292982015,0.7644788094502667,0.922060462419906,-0.9303335147623848,-0.8639299432481005,-0.6396980403587655,0.1697706316177984,0.1219419626805353,2.2119365552471064e-15,17.487037648106664,28
1472,0.725,8,144,1,1,1038,broad_xyz,21.99112410904393,False,0.7687445636105261,0.7885308914677527,0.9348762777617452,-0.9133661961410154,-0.8859860677635026,-0.6408761584933035,0.1668845735618913,0.1199244430280194,2.2119365552471064e-15,17.487037648106664,28
1473,0.75,8,144,1,1,1038,broad_xyz,21.99112410904393,False,0.7951159388947653,0.8148673092782958,0.9447508142751452,-0.8908971504619624,-0.9024973761524924,-0.6328742561233661,0.1638240220160864,0.1180883562036349,2.2119365552471064e-15,17.487037648106664,28
1474,0.775,8,144,1,1,1038,broad_xyz,21.99112410904393,False,0.8262775117626651,0.84091440575515,0.9494254058506176,-0.854574549001361,-0.9121304284585406,-0.6152179867066486,0.1621616720461555,0.1157870797884764,2.2119365552471064e-15,17.487037648106664,28
1475,0.8,8,144,1,1,1038,broad_xyz,21.99112410904393,False,0.8559421013853644,0.8631499938127326,0.948391807052008,-0.7830551442826371,-0.9195940123124776,-0.589661292564471,0.1613946893730909,0.1128101170719728,2.2119365552471064e-15,17.487037648106664,28
1476,0.825,8,144,1,1,1038,broad_xyz,21.99112410904393,False,0.8736985529580996,0.8788413139425558,0.9434247603211716,-0.6518496704554138,-0.9262331021902188,-0.5598021401528741,0.1595037582253016,0.109496491629301,2.2119365552471064e-15,17.487037648106664,28
1477,0.85,8,144,1,1,1038,broad_xyz,21.99112410904393,False,0.8713602226077091,0.885614510414472,0.9382818013729664,-0.4920181151154357,-0.9334877422117516,-0.5351996222343186,0.1566757496587458,0.1064376822232759,2.2119365552471064e-15,17.487037648106664,28
1478,0.875,8,144,1,1,1038,broad_xyz,21.99112410904393,False,0.851117353742223,0.8834704686153904,0.9349847574092064,-0.3852594129692287,-0.9309135585321988,-0.5354107944845344,0.1573967340197951,0.1045891889698658,2.2119365552471064e-15,17.487037648106664,28
1479,0.9,8,144,1,1,1038,broad_xyz,21.99112410904393,False,0.8217311617166724,0.8742743196490895,0.9344748216373356,-0.3461443333487282,-0.8989534407866622,-0.5456331999601667,0.1620912746150588,0.1044800248226409,2.2119365552471064e-15,17.487037648106664,28
1480,0.95,8,144,1,1,1038,broad_xyz,21.99112410904393,False,0.7633461553949371,0.8417744744558536,0.9417698599479226,-0.4593795345091139,-0.941667513801346,-0.5665567107377827,0.1701214333595119,0.108657603644099,2.2119365552471064e-15,17.487037648106664,28
1481,1.0,8,144,1,1,1038,broad_xyz,21.99112410904393,False,0.7088042051808823,0.7883226152058105,0.9420380390322056,-0.7741395607068439,-0.9309457812120526,-0.6464312760751082,0.1725248328485132,0.1149974267760999,2.2119365552471064e-15,17.487037648106664,28
1482,0.05,8,144,1,1,1039,broad_xyz,21.99112410904393,False,0.4061312242959173,0.5630027665166641,0.1106522542599627,-0.425807088254373,-0.3324268621466363,0.0067939139011632,0.0012815313062078,0.0002657836880231,2.2119365552471064e-15,17.487037648106664,29
1483,0.075,8,144,1,1,1039,broad_xyz,21.99112410904393,False,0.5448696404756139,0.6191791420893327,0.2584631928250672,-0.4687043775981724,-0.4757636254520325,-0.1294010223564822,0.0033977697960492,0.0009166251468295,2.2119365552471064e-15,17.487037648106664,29
1484,0.1,8,144,1,1,1039,broad_xyz,21.99112410904393,False,0.6422829666048493,0.6615858223185235,0.3721223471334177,-0.5299298868130385,-0.6399660905167202,-0.2505028404285133,0.0095362024757685,0.0027003069987183,2.2119365552471064e-15,17.487037648106664,29
1485,0.125,8,144,1,1,1039,broad_xyz,21.99112410904393,False,0.7157535116967592,0.7051477133125573,0.4566925592376389,-0.6048917496726456,-0.7529968259659537,-0.2961182204675573,0.0212392475514644,0.0067191174369641,2.2119365552471064e-15,17.487037648106664,29
1486,0.15,8,144,1,1,1039,broad_xyz,21.99112410904393,False,0.7800454913295475,0.749840329648282,0.5301787926118166,-0.6720521302540783,-0.7608873251699159,-0.2752025347258927,0.0386226821763991,0.0139699755569365,2.2119365552471064e-15,17.487037648106664,29
1487,0.1625,8,144,1,1,1039,broad_xyz,21.99112410904393,False,0.8092943472648213,0.7730885023451118,0.566071513295238,-0.698720465107917,-0.7223047901519156,-0.2473556331019879,0.0486165583920817,0.0189916843676914,2.2119365552471064e-15,17.487037648106664,29
1488,0.175,8,144,1,1,1039,broad_xyz,21.99112410904393,False,0.8366368362236704,0.7967510911540238,0.6020849838497805,-0.7208926895302918,-0.659034054141404,-0.2128638756582471,0.0591737302881573,0.0248377546745143,2.2119365552471064e-15,17.487037648106664,29
1489,0.1875,8,144,1,1,1039,broad_xyz,21.99112410904393,False,0.8604698377799773,0.8193114147013778,0.6361540328035717,-0.7416885890176954,-0.5880240277929172,-0.1772195320922921,0.0698973624174455,0.031392586107912,2.2119365552471064e-15,17.487037648106664,29
1490,0.2,8,144,1,1,1039,broad_xyz,21.99112410904393,False,0.8794281611559206,0.8395620310869567,0.6665953268214169,-0.7639104443142977,-0.5111840593748492,-0.1457252641329435,0.0811672447870145,0.0385662892374689,2.2119365552471064e-15,17.487037648106664,29
1491,0.2125,8,144,1,1,1039,broad_xyz,21.99112410904393,False,0.8927236131782237,0.8555671129862518,0.6915692802255622,-0.790243883441553,-0.4279123525985068,-0.1216622592359813,0.0920519237461609,0.0462982940641179,2.2119365552471064e-15,17.487037648106664,29
1492,0.225,8,144,1,1,1039,broad_xyz,21.99112410904393,False,0.9015048354277696,0.8683971594888955,0.7132393237097154,-0.8194511707939547,-0.3476300710555572,-0.104269839341839,0.1026650853294226,0.0545281923316297,2.2119365552471064e-15,17.487037648106664,29
1493,0.2375,8,144,1,1,1039,broad_xyz,21.99112410904393,False,0.9057500589822842,0.877897368777028,0.7317206597467572,-0.8505239651386773,-0.27670192911746,-0.0929066212584084,0.1119950740110799,0.0632205541006226,2.2119365552471064e-15,17.487037648106664,29
1494,0.25,8,144,1,1,1039,broad_xyz,21.99112410904393,False,0.905762918339486,0.8826203857768874,0.7452715560040215,-0.881951442515015,-0.2117878913007956,-0.0894132894526911,0.1203025221410057,0.0723071301105162,2.2119365552471064e-15,17.487037648106664,29
1495,0.27,8,144,1,1,1039,broad_xyz,21.99112410904393,False,0.9042002720859196,0.8878257256527641,0.771844174214498,-0.9208283363241584,-0.1561190550520433,-0.0806205007487731,0.1314885638447456,0.0870345433755701,2.2119365552471064e-15,17.487037648106664,29
1496,0.29,8,144,1,1,1039,broad_xyz,21.99112410904393,False,0.912703428917677,0.905012532910315,0.8287430920982857,-0.9319428313251628,-0.1683309826427577,-0.0509504915678427,0.1413594931334007,0.0999476721784326,2.2119365552471064e-15,17.487037648106664,29
1497,0.31,8,144,1,1,1039,broad_xyz,21.99112410904393,False,0.921704313621823,0.9299422067320094,0.8867127719398465,-0.9360215645162876,-0.2086311183793998,-0.0342111914545106,0.1508466574783209,0.1083570753506475,2.2119365552471064e-15,17.487037648106664,29
1498,0.33,8,144,1,1,1039,broad_xyz,21.99112410904393,False,0.9219856193075846,0.9475230758092054,0.9188759405400848,-0.9490455430298368,-0.2891009684267264,-0.0366407345677358,0.1576883484897284,0.111541469058125,2.2119365552471064e-15,17.487037648106664,29
1499,0.35,8,144,1,1,1039,broad_xyz,21.99112410904393,False,0.9215938116030374,0.9571414718525146,0.9412152341495208,-0.9590488812544464,-0.3993710683584843,-0.0536472410800558,0.1617376428366006,0.1114214189496461,2.2119365552471064e-15,17.487037648106664,29
1500,0.37,8,144,1,1,1039,broad_xyz,21.99112410904393,False,0.9231270887612208,0.9626597815966158,0.9562036110612372,-0.9634127861042132,-0.5229957081580153,-0.087356202047495,0.1643520681200699,0.1101179017866435,2.2119365552471064e-15,17.487037648106664,29
1501,0.39,8,144,1,1,1039,broad_xyz,21.99112410904393,False,0.9243630212575674,0.9628682017607272,0.9647557245548743,-0.9592376686793714,-0.6514846204274884,-0.125324667505641,0.1677586607822927,0.1088210560173148,2.2119365552471064e-15,17.487037648106664,29
1502,0.41,8,144,1,1,1039,broad_xyz,21.99112410904393,False,0.9228471874836234,0.9587960253152704,0.9685265672250124,-0.9495962440016392,-0.7537595467444298,-0.1572517136484762,0.1689680711078161,0.1080167106864708,2.2119365552471064e-15,17.487037648106664,29
1503,0.43,8,144,1,1,1039,broad_xyz,21.99112410904393,False,0.9183843217485056,0.9520769764309048,0.9691026169115066,-0.9385015442455782,-0.8195257759644542,-0.1809096219998857,0.1691676133330923,0.1078984970986574,2.2119365552471064e-15,17.487037648106664,29
1504,0.45,8,144,1,1,1039,broad_xyz,21.99112410904393,False,0.909075492801472,0.9428011784719192,0.9680795885296288,-0.929273400393306,-0.848143034138122,-0.1985198863222622,0.1696716301226892,0.108553688464364,2.2119365552471064e-15,17.487037648106664,29
1505,0.5,8,144,1,1,1039,broad_xyz,21.99112410904393,False,0.8523191549308836,0.9033774456443908,0.9594412925908185,-0.9291648081949972,-0.7276739856457931,-0.2448296864528736,0.1660336248143131,0.1131450374610912,2.2119365552471064e-15,17.487037648106664,29
1506,0.55,8,144,1,1,1039,broad_xyz,21.99112410904393,False,0.7818892910514098,0.8223715468234559,0.9263342403538756,-0.922605519621165,-0.5942226926484115,-0.3606795295829343,0.1687541606436447,0.1242807522568941,2.2119365552471064e-15,17.487037648106664,29
1507,0.6,8,144,1,1,1039,broad_xyz,21.99112410904393,False,0.7432539881634491,0.7330217529808846,0.8969196813481463,-0.8853191971157315,-0.5860845161166215,-0.5059450882744372,0.1676054682445055,0.1321579644125075,2.2119365552471064e-15,17.487037648106664,29
1508,0.6499999999999999,8,144,1,1,1039,broad_xyz,21.99112410904393,False,0.7850540520386692,0.7779087325397113,0.9027255207596712,-0.8890979560053276,-0.7436255460995096,-0.5840161738573554,0.1748603256534752,0.1291921031234149,2.2119365552471064e-15,17.487037648106664,29
1509,0.7,8,144,1,1,1039,broad_xyz,21.99112410904393,False,0.8369723169487955,0.8350281114679823,0.917212231775628,-0.8795639147750625,-0.8555787525954649,-0.6243420728806456,0.1707815994903544,0.1243339836204833,2.2119365552471064e-15,17.487037648106664,29
1510,0.725,8,144,1,1,1039,broad_xyz,21.99112410904393,False,0.8603707742240021,0.8620165294733125,0.9268041048294228,-0.8682303560232494,-0.8881873838549892,-0.6261392596199254,0.1655133751605275,0.1222657466263696,2.2119365552471064e-15,17.487037648106664,29
1511,0.75,8,144,1,1,1039,broad_xyz,21.99112410904393,False,0.8781122229086569,0.8887784198667614,0.937596785104402,-0.8485159738333501,-0.9114177002668118,-0.61802915240845,0.163893374808366,0.1200476325104806,2.2119365552471064e-15,17.487037648106664,29
1512,0.775,8,144,1,1,1039,broad_xyz,21.99112410904393,False,0.8892957025277467,0.9113010504203992,0.9463611766811748,-0.8076424998848123,-0.9231934671396356,-0.6026530493326866,0.1659531531237176,0.1174189925251186,2.2119365552471064e-15,17.487037648106664,29
1513,0.8,8,144,1,1,1039,broad_xyz,21.99112410904393,False,0.8955125891292329,0.9279912585451424,0.9514378451244178,-0.7213596336413286,-0.92804432501516,-0.5809805774046908,0.1649352740338566,0.1142334232076014,2.2119365552471064e-15,17.487037648106664,29
1514,0.825,8,144,1,1,1039,broad_xyz,21.99112410904393,False,0.897095725269504,0.9389766682750572,0.953852891954486,-0.5680922063321433,-0.9336167315561484,-0.550321868565159,0.1620855357907297,0.110440717618178,2.2119365552471064e-15,17.487037648106664,29
1515,0.85,8,144,1,1,1039,broad_xyz,21.99112410904393,False,0.8931908591824167,0.943092838517909,0.9550768433160504,-0.3985535354608444,-0.944059900342698,-0.5144594444359849,0.1588178925631655,0.106460206209936,2.2119365552471064e-15,17.487037648106664,29
1516,0.875,8,144,1,1,1039,broad_xyz,21.99112410904393,False,0.888524643012916,0.9392990395078864,0.9540732767318276,-0.3067684202829944,-0.9440304396110414,-0.4956188518724745,0.1561192543690636,0.1035513219995557,2.2119365552471064e-15,17.487037648106664,29
1517,0.9,8,144,1,1,1039,broad_xyz,21.99112410904393,False,0.8882452832993761,0.9285459309858828,0.952401834411522,-0.2883728548597664,-0.9128831351306368,-0.4948715472134993,0.1541189681766144,0.1027517590030431,2.2119365552471064e-15,17.487037648106664,29
1518,0.95,8,144,1,1,1039,broad_xyz,21.99112410904393,False,0.8801769031041332,0.8839500257974324,0.9534578714998712,-0.4561335572685733,-0.9540436874063452,-0.5178974862278196,0.1485640931788772,0.1068927598060443,2.2119365552471064e-15,17.487037648106664,29
1519,1.0,8,144,1,1,1039,broad_xyz,21.99112410904393,False,0.8077159473857092,0.8161365902001623,0.9488190571877438,-0.8296132135727806,-0.9379425090045288,-0.5836950093954463,0.1541256532764964,0.1151115394064104,2.2119365552471064e-15,17.487037648106664,29
1520,0.05,8,144,1,1,1040,broad_xyz,21.99112410904393,False,0.2403902298790904,0.4210097410381127,-0.1854065293531669,-0.3901633341707238,-0.3139408269137879,-0.0115458235858423,0.0011409601231994,0.0002166033934644,2.2119365552471064e-15,17.487037648106664,30
1521,0.075,8,144,1,1,1040,broad_xyz,21.99112410904393,False,0.1560196151820234,0.4088334234341334,-0.2495873552374629,-0.4785500693134247,-0.4801672522399439,0.0086737788666473,0.0031514928323603,0.0006050546938928,2.2119365552471064e-15,17.487037648106664,30
1522,0.1,8,144,1,1,1040,broad_xyz,21.99112410904393,False,0.118213302587424,0.4217243681094566,-0.2887666549696591,-0.5594681386795259,-0.7448037889691278,0.0290565521339133,0.0066157181005553,0.0013434639635614,2.2119365552471064e-15,17.487037648106664,30
1523,0.125,8,144,1,1,1040,broad_xyz,21.99112410904393,False,0.1262597459531294,0.4498144568713253,-0.2596045188378713,-0.6228462633602831,-0.8043722180049853,-0.0038195721411409,0.0121580191188251,0.0028763048887376,2.2119365552471064e-15,17.487037648106664,30
1524,0.15,8,144,1,1,1040,broad_xyz,21.99112410904393,False,0.1910762452444285,0.49703149354298,-0.1390494802176133,-0.639267164270927,-0.6646426313881425,-0.0581360172349462,0.0223849930913064,0.0061071125651652,2.2119365552471064e-15,17.487037648106664,30
1525,0.1625,8,144,1,1,1040,broad_xyz,21.99112410904393,False,0.2400710309560813,0.5158905018539595,-0.077027506403741,-0.6397279185420922,-0.5880505386496281,-0.0859752600125104,0.031197154340116,0.0085881327377116,2.2119365552471064e-15,17.487037648106664,30
1526,0.175,8,144,1,1,1040,broad_xyz,21.99112410904393,False,0.2990224448498873,0.539512261547526,-0.0188820112359412,-0.6465304850348152,-0.5258148260582787,-0.1203798594038583,0.0411173837583388,0.0117768522698367,2.2119365552471064e-15,17.487037648106664,30
1527,0.1875,8,144,1,1,1040,broad_xyz,21.99112410904393,False,0.367443953360257,0.5734874779724198,0.0412558091051851,-0.6554635935241809,-0.4651721170152993,-0.1547665734006393,0.0518173592667355,0.0156959703174213,2.2119365552471064e-15,17.487037648106664,30
1528,0.2,8,144,1,1,1040,broad_xyz,21.99112410904393,False,0.4332015729502912,0.6107496302475064,0.1041500890002517,-0.6641002532817787,-0.401274962659017,-0.1874849929260711,0.0625793857572893,0.0203648300662386,2.2119365552471064e-15,17.487037648106664,30
1529,0.2125,8,144,1,1,1040,broad_xyz,21.99112410904393,False,0.485038199934798,0.6423606425827466,0.166642968292072,-0.6728468004204982,-0.3334048924394078,-0.2170035415308618,0.0734179198789065,0.025716689725075,2.2119365552471064e-15,17.487037648106664,30
1530,0.225,8,144,1,1,1040,broad_xyz,21.99112410904393,False,0.5226634807281643,0.6687122809431122,0.2269933911662049,-0.6817735250038458,-0.2693290183552613,-0.2363616550578268,0.0837913505871182,0.0315559213084946,2.2119365552471064e-15,17.487037648106664,30
1531,0.2375,8,144,1,1,1040,broad_xyz,21.99112410904393,False,0.5444827572188996,0.6866215457240308,0.2851582569511082,-0.6947682124983795,-0.2222091402535103,-0.2510396384686598,0.0934130844338348,0.0379487155641841,2.2119365552471064e-15,17.487037648106664,30
1532,0.25,8,144,1,1,1040,broad_xyz,21.99112410904393,False,0.5574204818499284,0.6984931919002113,0.3480174717120889,-0.7095397011214505,-0.1987368153289766,-0.2680245157084377,0.1020190768174815,0.0448890510378817,2.2119365552471064e-15,17.487037648106664,30
1533,0.27,8,144,1,1,1040,broad_xyz,21.99112410904393,False,0.5645915878890033,0.7017461581542156,0.4568993965439302,-0.7396190342521461,-0.2362795045820551,-0.3059444592074546,0.1142780778670233,0.0570780715363764,2.2119365552471064e-15,17.487037648106664,30
1534,0.29,8,144,1,1,1040,broad_xyz,21.99112410904393,False,0.5722185498818474,0.6996547581673143,0.5660228548593212,-0.7655819059076463,-0.3250808975042597,-0.3295376730464785,0.1236520821573305,0.0691115047160728,2.2119365552471064e-15,17.487037648106664,30
1535,0.31,8,144,1,1,1040,broad_xyz,21.99112410904393,False,0.5967860300049957,0.7147962543731391,0.6496494009692303,-0.7955686326674619,-0.3964276117125281,-0.2979406991830985,0.1283766589034576,0.0787240609939736,2.2119365552471064e-15,17.487037648106664,30
1536,0.33,8,144,1,1,1040,broad_xyz,21.99112410904393,False,0.6411359871275877,0.7598755709051083,0.7094843130302735,-0.8387572411638643,-0.4107898219258138,-0.21858889616137,0.1362385539106745,0.0847935303912333,2.2119365552471064e-15,17.487037648106664,30
1537,0.35,8,144,1,1,1040,broad_xyz,21.99112410904393,False,0.6785171265451171,0.804970538150669,0.7579277688433249,-0.8762497631764469,-0.4091900027168824,-0.142447633091678,0.1521516483216133,0.0880294145863573,2.2119365552471064e-15,17.487037648106664,30
1538,0.37,8,144,1,1,1040,broad_xyz,21.99112410904393,False,0.6912148887531593,0.8269734712110023,0.7998415701426164,-0.8959050440786056,-0.4327012650894765,-0.1170299815715648,0.1625490141440417,0.0901189323830138,2.2119365552471064e-15,17.487037648106664,30
1539,0.39,8,144,1,1,1040,broad_xyz,21.99112410904393,False,0.6863292941459748,0.8313139750625149,0.8339356714859255,-0.9018234806333816,-0.4759216284654156,-0.1349400172458058,0.1661089247285324,0.091649432244163,2.2119365552471064e-15,17.487037648106664,30
1540,0.41,8,144,1,1,1040,broad_xyz,21.99112410904393,False,0.6721987378399849,0.823774902503059,0.855893053074148,-0.8999480030063737,-0.5418211304233881,-0.1706644563543212,0.1673151713576494,0.0925591881086827,2.2119365552471064e-15,17.487037648106664,30
1541,0.43,8,144,1,1,1040,broad_xyz,21.99112410904393,False,0.6536838807547717,0.8087945314453056,0.866618360480969,-0.8970472160127975,-0.6534448792931951,-0.2141134803906214,0.1643813852596287,0.0929191794034031,2.2119365552471064e-15,17.487037648106664,30
1542,0.45,8,144,1,1,1040,broad_xyz,21.99112410904393,False,0.6389286010789468,0.7934004701906948,0.872463602875442,-0.8982271431281331,-0.7303884380036708,-0.2576466952402847,0.1597139131954917,0.0929896954630881,2.2119365552471064e-15,17.487037648106664,30
1543,0.5,8,144,1,1,1040,broad_xyz,21.99112410904393,False,0.6759628169859647,0.7826908889413259,0.8773160717734314,-0.9189918618620097,-0.655771828816762,-0.3610624897024126,0.1605258813840905,0.0951112917831401,2.2119365552471064e-15,17.487037648106664,30
1544,0.55,8,144,1,1,1040,broad_xyz,21.99112410904393,False,0.7819774492343572,0.787523927961119,0.8743232084062322,-0.9068057444489313,-0.701201477585565,-0.4395049670216649,0.1621521249919007,0.1038799812090515,2.2119365552471064e-15,17.487037648106664,30
1545,0.6,8,144,1,1,1040,broad_xyz,21.99112410904393,False,0.7096807073384797,0.66235559868983,0.8703758330973335,-0.885943064247962,-0.7201522380722677,-0.5780628892075629,0.1616093562338392,0.1142285982694088,2.2119365552471064e-15,17.487037648106664,30
1546,0.6499999999999999,8,144,1,1,1040,broad_xyz,21.99112410904393,False,0.7103601120318367,0.6182363392949175,0.8698775002959458,-0.8914291582484901,-0.7222070327502499,-0.6544131121717798,0.1713620920687262,0.1156328954114709,2.2119365552471064e-15,17.487037648106664,30
1547,0.7,8,144,1,1,1040,broad_xyz,21.99112410904393,False,0.7483195945238535,0.6484168468959056,0.901121569867835,-0.8962557270769077,-0.77520163518982,-0.6489201849267011,0.1741439970776658,0.1112570619982423,2.2119365552471064e-15,17.487037648106664,30
1548,0.725,8,144,1,1,1040,broad_xyz,21.99112410904393,False,0.7620187811853364,0.6700693866084156,0.9146135405289666,-0.8952708829565821,-0.7921342276465175,-0.618627282056122,0.1708406678795361,0.1089079334967216,2.2119365552471064e-15,17.487037648106664,30
1549,0.75,8,144,1,1,1040,broad_xyz,21.99112410904393,False,0.7784668583201444,0.6915847774274513,0.917792193886828,-0.8925808974456441,-0.8027860509292941,-0.5837631448977314,0.1692599516907288,0.1065479181270577,2.2119365552471064e-15,17.487037648106664,30
1550,0.775,8,144,1,1,1040,broad_xyz,21.99112410904393,False,0.8025288700285498,0.7089034805913433,0.9104919226452955,-0.8801808802576692,-0.8061652923727929,-0.5512673887028747,0.1666359350940677,0.1039534793913826,2.2119365552471064e-15,17.487037648106664,30
1551,0.8,8,144,1,1,1040,broad_xyz,21.99112410904393,False,0.8253700582352982,0.7224653599570889,0.8982247483407928,-0.8373396504559634,-0.8097186209012122,-0.5218029363956604,0.1643121052611031,0.1012434946480045,2.2119365552471064e-15,17.487037648106664,30
1552,0.825,8,144,1,1,1040,broad_xyz,21.99112410904393,False,0.834376799165593,0.7349448063632619,0.8866142134341745,-0.74225955136086,-0.8156525496861234,-0.4936501234787321,0.1626944175998528,0.0988863315745791,2.2119365552471064e-15,17.487037648106664,30
1553,0.85,8,144,1,1,1040,broad_xyz,21.99112410904393,False,0.8293876864137514,0.7434789449265665,0.8769866125130331,-0.6125000104771262,-0.8217047375451421,-0.4717996011937012,0.1634440621097546,0.0973712799619455,2.2119365552471064e-15,17.487037648106664,30
1554,0.875,8,144,1,1,1040,broad_xyz,21.99112410904393,False,0.8208788529914064,0.744267429205104,0.8711946021152535,-0.5005866550543533,-0.8169274754662567,-0.4675828686967774,0.1668445671929888,0.0967286005750788,2.2119365552471064e-15,17.487037648106664,30
1555,0.9,8,144,1,1,1040,broad_xyz,21.99112410904393,False,0.8171906265621485,0.7391614372392256,0.8726162430038763,-0.437213638433478,-0.7923763632739794,-0.4803361820220448,0.1683587274892349,0.0965934151368178,2.2119365552471064e-15,17.487037648106664,30
1556,0.95,8,144,1,1,1040,broad_xyz,21.99112410904393,False,0.8045216520258682,0.719000974219411,0.8930121498755346,-0.4882099073786345,-0.829092861289843,-0.5021368569671277,0.1656957460129011,0.0975485872107497,2.2119365552471064e-15,17.487037648106664,30
1557,1.0,8,144,1,1,1040,broad_xyz,21.99112410904393,False,0.7779622518741929,0.7023722100964451,0.9227794061408768,-0.7136237047604505,-0.845658167562586,-0.5367694697285434,0.1591721718121735,0.1004570486696305,2.2119365552471064e-15,17.487037648106664,30
1558,0.05,8,144,1,1,1041,broad_xyz,21.99112410904393,False,0.440645746706624,0.5271450010885035,0.2103024104132226,-0.3474224460779294,0.2165794578067219,-0.4929353058935837,0.0024126625386652,0.0007010468736005,2.2119365552471064e-15,17.487037648106664,31
1559,0.075,8,144,1,1,1041,broad_xyz,21.99112410904393,False,0.4889797397026078,0.5660894732240495,0.2680527170275007,-0.3696619617607362,-0.079185581870682,-0.4934762802007824,0.006217167452742,0.0019341660368218,2.2119365552471064e-15,17.487037648106664,31
1560,0.1,8,144,1,1,1041,broad_xyz,21.99112410904393,False,0.5647900775004641,0.6198485483665915,0.3439044127382699,-0.3696503188349972,-0.5163897465774386,-0.4837433683510533,0.0128020148459484,0.0043307449672449,2.2119365552471064e-15,17.487037648106664,31
1561,0.125,8,144,1,1,1041,broad_xyz,21.99112410904393,False,0.6564864553016475,0.6784771723434416,0.4277096365193699,-0.3661475520638758,-0.6875263340456261,-0.4581063251532949,0.0240252732598251,0.008660195069908,2.2119365552471064e-15,17.487037648106664,31
1562,0.15,8,144,1,1,1041,broad_xyz,21.99112410904393,False,0.7556750652271047,0.7419847943939542,0.5220753710332243,-0.371684791379643,-0.732014399413342,-0.4140710484971827,0.0397442394759877,0.0158244321145743,2.2119365552471064e-15,17.487037648106664,31
1563,0.1625,8,144,1,1,1041,broad_xyz,21.99112410904393,False,0.7987672480938502,0.7712631046009941,0.5670975135554343,-0.3839237588614326,-0.7387132588607459,-0.3897745367118002,0.0492799902260544,0.0206643783618906,2.2119365552471064e-15,17.487037648106664,31
1564,0.175,8,144,1,1,1041,broad_xyz,21.99112410904393,False,0.8346853723416753,0.8004988736486329,0.6083389166614462,-0.4081883899971502,-0.7444904422888987,-0.3629048624097344,0.0594050267968919,0.0263744662008733,2.2119365552471064e-15,17.487037648106664,31
1565,0.1875,8,144,1,1,1041,broad_xyz,21.99112410904393,False,0.8632982527640981,0.8275922037009148,0.6472990549914567,-0.441887442050863,-0.7512430542570683,-0.3292212557473119,0.0696524901038218,0.0327562368955702,2.2119365552471064e-15,17.487037648106664,31
1566,0.2,8,144,1,1,1041,broad_xyz,21.99112410904393,False,0.8834974572568897,0.849510206344511,0.6813220654204526,-0.4867323642018865,-0.7606261675910393,-0.2901586919827341,0.0809702347842983,0.0396104794169264,2.2119365552471064e-15,17.487037648106664,31
1567,0.2125,8,144,1,1,1041,broad_xyz,21.99112410904393,False,0.8947846729843411,0.8652624576055157,0.7065066341311659,-0.5480648069946381,-0.768666206883617,-0.2477709323432628,0.0916256985471249,0.0469003124052117,2.2119365552471064e-15,17.487037648106664,31
1568,0.225,8,144,1,1,1041,broad_xyz,21.99112410904393,False,0.8996500543483832,0.8760115655151715,0.72568956436602,-0.619057984848565,-0.7635072878313393,-0.1997113694852796,0.1015094729008963,0.0545395938473425,2.2119365552471064e-15,17.487037648106664,31
1569,0.2375,8,144,1,1,1041,broad_xyz,21.99112410904393,False,0.9000501772455841,0.882296475037168,0.7402738011033351,-0.6937621574367584,-0.7339578098010989,-0.1467383351440257,0.1103476787816564,0.0626048890871324,2.2119365552471064e-15,17.487037648106664,31
1570,0.25,8,144,1,1,1041,broad_xyz,21.99112410904393,False,0.8980776568876635,0.8845130537553834,0.7527259648410125,-0.7649604744652883,-0.6689089223747681,-0.092097937505537,0.1179782859661588,0.0711603756483026,2.2119365552471064e-15,17.487037648106664,31
1571,0.27,8,144,1,1,1041,broad_xyz,21.99112410904393,False,0.9013201401094552,0.8919204214295702,0.7896193617084898,-0.838259176659629,-0.5419078254045845,0.0164812710666848,0.1270820542484757,0.0850722087455777,2.2119365552471064e-15,17.487037648106664,31
1572,0.29,8,144,1,1,1041,broad_xyz,21.99112410904393,False,0.9131158963549046,0.9072146312236464,0.8510200962007473,-0.8547737718952965,-0.4798263741919555,0.1442366288776462,0.136674386460895,0.0973025833512991,2.2119365552471064e-15,17.487037648106664,31
1573,0.31,8,144,1,1,1041,broad_xyz,21.99112410904393,False,0.9143681615071066,0.9234560105941664,0.8998035751944133,-0.867482125391912,-0.4908821028376737,0.2519343316862746,0.1475031629872384,0.1050311631395447,2.2119365552471064e-15,17.487037648106664,31
1574,0.33,8,144,1,1,1041,broad_xyz,21.99112410904393,False,0.9098294560538548,0.9388462425119148,0.927655420158615,-0.903881509945794,-0.5260161923908534,0.3080106140807098,0.1552809075965175,0.1075075319352352,2.2119365552471064e-15,17.487037648106664,31
1575,0.35,8,144,1,1,1041,broad_xyz,21.99112410904393,False,0.9081678511964436,0.9501371799527024,0.9469515974712258,-0.9405418567764796,-0.5770346235939927,0.322292334803027,0.1596624164083964,0.1067675612331688,2.2119365552471064e-15,17.487037648106664,31
1576,0.37,8,144,1,1,1041,broad_xyz,21.99112410904393,False,0.9052634483788524,0.9524720897460078,0.9538696848396766,-0.9619859825648568,-0.6178227003289805,0.3037669783067859,0.1623874057310754,0.1055959213302753,2.2119365552471064e-15,17.487037648106664,31
1577,0.39,8,144,1,1,1041,broad_xyz,21.99112410904393,False,0.8988126020740195,0.9487721793590388,0.952949645347231,-0.965801250310185,-0.6439494997517916,0.2605631486732497,0.166026649788072,0.1047796804083408,2.2119365552471064e-15,17.487037648106664,31
1578,0.41,8,144,1,1,1041,broad_xyz,21.99112410904393,False,0.8899008954375275,0.942356337923388,0.951104335796944,-0.9594854378163128,-0.682425455877829,0.1976499838090316,0.1704239492885303,0.1042220655270349,2.2119365552471064e-15,17.487037648106664,31
1579,0.43,8,144,1,1,1041,broad_xyz,21.99112410904393,False,0.8813336116319541,0.9348763105117232,0.9507009800265704,-0.9507441645209268,-0.7270657005112138,0.1258636798345125,0.1698749128330757,0.1038257671738186,2.2119365552471064e-15,17.487037648106664,31
1580,0.45,8,144,1,1,1041,broad_xyz,21.99112410904393,False,0.8761167581527364,0.9267033766464016,0.951165786634135,-0.9418048254918808,-0.7514334547830701,0.0542094606894589,0.1655165474821975,0.1034558954757808,2.2119365552471064e-15,17.487037648106664,31
1581,0.5,8,144,1,1,1041,broad_xyz,21.99112410904393,False,0.8498055391732305,0.8857060398840996,0.9432027539324314,-0.9320332628816654,-0.6646217424595345,-0.0967259333438783,0.1575198243113972,0.1051536791529631,2.2119365552471064e-15,17.487037648106664,31
1582,0.55,8,144,1,1,1041,broad_xyz,21.99112410904393,False,0.7284418427963741,0.777075367869261,0.8778248649898411,-0.9442126085114196,-0.5905138597171519,-0.2313121696115476,0.1628653173005015,0.1161211833154935,2.2119365552471064e-15,17.487037648106664,31
1583,0.6,8,144,1,1,1041,broad_xyz,21.99112410904393,False,0.650374794353131,0.720551330082118,0.8788138682519888,-0.9193397467301276,-0.6585015953136666,-0.3250478816036939,0.1599472858367791,0.1258196344109367,2.2119365552471064e-15,17.487037648106664,31
1584,0.6499999999999999,8,144,1,1,1041,broad_xyz,21.99112410904393,False,0.7418453023399728,0.8119578779943382,0.9131552697230174,-0.9122467499009438,-0.8343831984812692,-0.4256340899308119,0.1591220402796513,0.1232209924837093,2.2119365552471064e-15,17.487037648106664,31
1585,0.7,8,144,1,1,1041,broad_xyz,21.99112410904393,False,0.7650794994543124,0.8574212719621528,0.929003819499993,-0.8976085336981018,-0.8999265712729209,-0.4604725203936032,0.1554126038903699,0.1160472097855268,2.2119365552471064e-15,17.487037648106664,31
1586,0.725,8,144,1,1,1041,broad_xyz,21.99112410904393,False,0.7550272057371857,0.8604947749397708,0.9440375231237884,-0.884039597410864,-0.9133131450645776,-0.4640553439284004,0.1561692488768873,0.1133467500867952,2.2119365552471064e-15,17.487037648106664,31
1587,0.75,8,144,1,1,1041,broad_xyz,21.99112410904393,False,0.7347650714316803,0.8582228414652757,0.9543959453474192,-0.8534213433919292,-0.9166085705690826,-0.4636017616479693,0.1565056427980555,0.1109437470410262,2.2119365552471064e-15,17.487037648106664,31
1588,0.775,8,144,1,1,1041,broad_xyz,21.99112410904393,False,0.7197877486961274,0.857393228072949,0.9561618504532684,-0.7919753636640986,-0.9129708882948993,-0.4607127494034813,0.1568385945448583,0.1081541300304865,2.2119365552471064e-15,17.487037648106664,31
1589,0.8,8,144,1,1,1041,broad_xyz,21.99112410904393,False,0.7298238712705878,0.8648457085229976,0.9553219077108156,-0.6737543349599326,-0.9125081817994988,-0.4547800575188719,0.1569239801848533,0.104677190514722,2.2119365552471064e-15,17.487037648106664,31
1590,0.825,8,144,1,1,1041,broad_xyz,21.99112410904393,False,0.7575248528104138,0.8762573074558081,0.9523401404103888,-0.4951638823717313,-0.919143604707279,-0.4444371496155977,0.1570652458323832,0.100708535138119,2.2119365552471064e-15,17.487037648106664,31
1591,0.85,8,144,1,1,1041,broad_xyz,21.99112410904393,False,0.7800114036459593,0.8826197997847623,0.9450130183573716,-0.3532347509342974,-0.9238065221387688,-0.4374285842565089,0.1546053324651565,0.0969596484579649,2.2119365552471064e-15,17.487037648106664,31
1592,0.875,8,144,1,1,1041,broad_xyz,21.99112410904393,False,0.7837790868453258,0.8815502284522068,0.9368811485491542,-0.3104662890322815,-0.9127677469062894,-0.4431770627081396,0.1507746243886197,0.0943553818293173,2.2119365552471064e-15,17.487037648106664,31
1593,0.9,8,144,1,1,1041,broad_xyz,21.99112410904393,False,0.768963941139149,0.8753058621480175,0.9300591139899316,-0.3359203430300387,-0.8789479302651054,-0.4535009653531915,0.1477209572802124,0.093530025625138,2.2119365552471064e-15,17.487037648106664,31
1594,0.95,8,144,1,1,1041,broad_xyz,21.99112410904393,False,0.7133845955985133,0.8521035925388615,0.9288903993848098,-0.5166074836676156,-0.9050063038679498,-0.4774682312652102,0.148877424804841,0.0973446867372883,2.2119365552471064e-15,17.487037648106664,31
1595,1.0,8,144,1,1,1041,broad_xyz,21.99112410904393,False,0.6614221438452236,0.801944448166439,0.9423716481120984,-0.7810462370195428,-0.9196354590616548,-0.5351964493558089,0.1488087540722079,0.1053931018898166,2.2119365552471064e-15,17.487037648106664,31
1596,0.05,8,144,1,1,1042,broad_xyz,21.99112410904393,False,0.877356665734748,0.8401986790514221,0.4109388951096293,-0.4174191974789986,0.2777230037625889,0.3046764179374117,0.0029795685319718,0.0013843968074031,2.2119365552471064e-15,17.487037648106664,32
1597,0.075,8,144,1,1,1042,broad_xyz,21.99112410904393,False,0.9261883061998906,0.8441391249663616,0.5431818662141811,-0.4957804284866793,-0.1402900708300213,0.2528134962083,0.0077379824516928,0.0037419353598148,2.2119365552471064e-15,17.487037648106664,32
1598,0.1,8,144,1,1,1042,broad_xyz,21.99112410904393,False,0.9497443366252052,0.8513520115563712,0.6687794532905293,-0.5710146707866309,-0.7083129437874837,0.2307639626302498,0.0163051656957901,0.0079522111050121,2.2119365552471064e-15,17.487037648106664,32
1599,0.125,8,144,1,1,1042,broad_xyz,21.99112410904393,False,0.9582131347387036,0.8548193972189422,0.7683085138366973,-0.6460470728560666,-0.9105953856004402,0.2279468259899656,0.0299097675086566,0.0145621685124638,2.2119365552471064e-15,17.487037648106664,32
1600,0.15,8,144,1,1,1042,broad_xyz,21.99112410904393,False,0.9629158216859516,0.8572902533085507,0.8355533601400061,-0.7233745981307229,-0.9307528329087744,0.2343674573253543,0.0504087998998748,0.023978429522282,2.2119365552471064e-15,17.487037648106664,32
1601,0.1625,8,144,1,1,1042,broad_xyz,21.99112410904393,False,0.9654849832164576,0.8594702516411042,0.8581112764847073,-0.7628547987409124,-0.9177458439971816,0.2431713397160185,0.0632277242280303,0.0298495347236472,2.2119365552471064e-15,17.487037648106664,32
1602,0.175,8,144,1,1,1042,broad_xyz,21.99112410904393,False,0.9685193943879096,0.8635408983121168,0.874994880117786,-0.801258707094304,-0.8868193653232007,0.2544307162175127,0.0768800327694946,0.0365465461066609,2.2119365552471064e-15,17.487037648106664,32
1603,0.1875,8,144,1,1,1042,broad_xyz,21.99112410904393,False,0.9721308122682936,0.8705031115718986,0.8886158363356896,-0.8375937764196129,-0.8435255230811157,0.2670941259511222,0.0911350041944629,0.0441160387301488,2.2119365552471064e-15,17.487037648106664,32
1604,0.2,8,144,1,1,1042,broad_xyz,21.99112410904393,False,0.9759259092028676,0.8809002669156328,0.9015983666491943,-0.8708711356502142,-0.7971563021331969,0.2775950093843596,0.104936470531067,0.0524503854502757,2.2119365552471064e-15,17.487037648106664,32
1605,0.2125,8,144,1,1,1042,broad_xyz,21.99112410904393,False,0.9797892019235748,0.893798837425934,0.9149920382385603,-0.9009823372203104,-0.7468221904976632,0.2881194641605307,0.1177108550782399,0.0613408612861455,2.2119365552471064e-15,17.487037648106664,32
1606,0.225,8,144,1,1,1042,broad_xyz,21.99112410904393,False,0.9824939809810572,0.9066535453858272,0.92795497933312,-0.927109629242088,-0.6914986392230826,0.2974793799766052,0.1289802802980357,0.0705733428574838,2.2119365552471064e-15,17.487037648106664,32
1607,0.2375,8,144,1,1,1042,broad_xyz,21.99112410904393,False,0.9831188537460244,0.9176551416032812,0.9393379454587268,-0.9489949555805542,-0.633883013535655,0.3038633161383277,0.1384072704087293,0.0800263837471318,2.2119365552471064e-15,17.487037648106664,32
1608,0.25,8,144,1,1,1042,broad_xyz,21.99112410904393,False,0.9792877808805176,0.924605777942214,0.9460522558784932,-0.9651042151395368,-0.5794427566875098,0.3062689349562124,0.1458256230541785,0.0894696136032403,2.2119365552471064e-15,17.487037648106664,32
1609,0.27,8,144,1,1,1042,broad_xyz,21.99112410904393,False,0.9628994260554526,0.9242748578363688,0.9452531849999068,-0.9759322420609918,-0.4762349796779811,0.3063281253354679,0.1541288861423196,0.1038735253185677,2.2119365552471064e-15,17.487037648106664,32
1610,0.29,8,144,1,1,1042,broad_xyz,21.99112410904393,False,0.9448966966604484,0.9206444349104322,0.9437346276501494,-0.9729650129159908,-0.3712695794884947,0.3057086302138974,0.1614969046615388,0.1158953891149566,2.2119365552471064e-15,17.487037648106664,32
1611,0.31,8,144,1,1,1042,broad_xyz,21.99112410904393,False,0.9301120036697224,0.9276436610691764,0.9430468081909226,-0.9720373312727836,-0.2758515113028265,0.3366220952400632,0.1664272971739297,0.1226736009966953,2.2119365552471064e-15,17.487037648106664,32
1612,0.33,8,144,1,1,1042,broad_xyz,21.99112410904393,False,0.922446353021512,0.9420723772312064,0.9506314994496388,-0.9755723650624968,-0.2245722609979423,0.3810963542016816,0.1690143959239934,0.1242347099028278,2.2119365552471064e-15,17.487037648106664,32
1613,0.35,8,144,1,1,1042,broad_xyz,21.99112410904393,False,0.9227307358433938,0.9561630086157368,0.9679775784870088,-0.9818684323865454,-0.2378958226494563,0.3981476975416033,0.1723458571599554,0.1232318799774259,2.2119365552471064e-15,17.487037648106664,32
1614,0.37,8,144,1,1,1042,broad_xyz,21.99112410904393,False,0.9229842993754556,0.9643208947944918,0.9826028222846248,-0.9862724420852425,-0.2959403024610209,0.3751536758628263,0.1750167985368287,0.1218234369940811,2.2119365552471064e-15,17.487037648106664,32
1615,0.39,8,144,1,1,1042,broad_xyz,21.99112410904393,False,0.918649837376834,0.9654609207505814,0.9892055614219296,-0.986351242090206,-0.3567390708580465,0.3182807459480629,0.1763698595599346,0.1209476784026969,2.2119365552471064e-15,17.487037648106664,32
1616,0.41,8,144,1,1,1042,broad_xyz,21.99112410904393,False,0.9129504193368928,0.9626276082341442,0.9913631721411624,-0.9842478934219334,-0.4429797093174912,0.2469214573506746,0.1768878790022881,0.1209994963240234,2.2119365552471064e-15,17.487037648106664,32
1617,0.43,8,144,1,1,1042,broad_xyz,21.99112410904393,False,0.9064093698377604,0.9555129491740096,0.9914160229251312,-0.9813403314429044,-0.597572381679746,0.1664791927866235,0.175292746823422,0.1218760400927506,2.2119365552471064e-15,17.487037648106664,32
1618,0.45,8,144,1,1,1042,broad_xyz,21.99112410904393,False,0.89915222640591,0.9444478825746156,0.9901361915438328,-0.9788279603782284,-0.6576021548862642,0.090114321885,0.1726606574177204,0.123008923103689,2.2119365552471064e-15,17.487037648106664,32
1619,0.5,8,144,1,1,1042,broad_xyz,21.99112410904393,False,0.8781943959377302,0.9109848778238808,0.983707935957502,-0.981496426872455,-0.5040345472564237,-0.0641689075695252,0.1723253578915562,0.1253890556059362,2.2119365552471064e-15,17.487037648106664,32
1620,0.55,8,144,1,1,1042,broad_xyz,21.99112410904393,False,0.8106210693656465,0.8321526507875037,0.951915930190498,-0.97448990288416,-0.5682638508716428,-0.2165598324924579,0.1723886046981144,0.1338881234444008,2.2119365552471064e-15,17.487037648106664,32
1621,0.6,8,144,1,1,1042,broad_xyz,21.99112410904393,False,0.7605061206137121,0.7429379148711155,0.9173166227309782,-0.93853968006959,-0.7683735900787866,-0.4298881280264806,0.1749892351526064,0.1417583906268304,2.2119365552471064e-15,17.487037648106664,32
1622,0.6499999999999999,8,144,1,1,1042,broad_xyz,21.99112410904393,False,0.8127324940732731,0.7957945703859253,0.951619621793844,-0.9628815826174448,-0.9060018851910075,-0.449809732715866,0.1724030682758701,0.1365401721493218,2.2119365552471064e-15,17.487037648106664,32
1623,0.7,8,144,1,1,1042,broad_xyz,21.99112410904393,False,0.8328450059200909,0.8225623839923247,0.9638000991323902,-0.9583390251414804,-0.9407942594712504,-0.4695464210295278,0.1738534046955513,0.1295458564558767,2.2119365552471064e-15,17.487037648106664,32
1624,0.725,8,144,1,1,1042,broad_xyz,21.99112410904393,False,0.8312431579401895,0.827845838456197,0.9635797285408636,-0.9441626844161908,-0.944227589481442,-0.488994789607041,0.171562799269669,0.1268707253371591,2.2119365552471064e-15,17.487037648106664,32
1625,0.75,8,144,1,1,1042,broad_xyz,21.99112410904393,False,0.8358861344141431,0.842898953800762,0.9645837875199264,-0.9224910242972136,-0.945223592245642,-0.5067297561116502,0.1676112673507802,0.1241417080966624,2.2119365552471064e-15,17.487037648106664,32
1626,0.775,8,144,1,1,1042,broad_xyz,21.99112410904393,False,0.8486628216186916,0.8678807803542697,0.9657301257960728,-0.8821006877033206,-0.9420892222921012,-0.5191336635423724,0.1630360324339554,0.1209396030838905,2.2119365552471064e-15,17.487037648106664,32
1627,0.8,8,144,1,1,1042,broad_xyz,21.99112410904393,False,0.8656693127143735,0.8954521214918095,0.9627817551699648,-0.7812763474011514,-0.9329762956836266,-0.5242490016823849,0.1596018733825693,0.117172041792582,2.2119365552471064e-15,17.487037648106664,32
1628,0.825,8,144,1,1,1042,broad_xyz,21.99112410904393,False,0.8817902689440195,0.9172964601439612,0.954674863847096,-0.572175369285299,-0.922989546257086,-0.5195066812577791,0.1595263141832608,0.1129656249621631,2.2119365552471064e-15,17.487037648106664,32
1629,0.85,8,144,1,1,1042,broad_xyz,21.99112410904393,False,0.8928340370122849,0.9292822105367584,0.947262808985014,-0.3584808462471874,-0.9213860777937536,-0.5026240183643319,0.1580535788670869,0.1086973129685406,2.2119365552471064e-15,17.487037648106664,32
1630,0.875,8,144,1,1,1042,broad_xyz,21.99112410904393,False,0.8957017758554897,0.9316566277825256,0.9464873426741665,-0.2735596328786078,-0.9232479252698028,-0.4801831946936488,0.1548077685424906,0.1054581284870624,2.2119365552471064e-15,17.487037648106664,32
1631,0.9,8,144,1,1,1042,broad_xyz,21.99112410904393,False,0.8917110302623358,0.9279237199040514,0.9491077797628944,-0.2895115746636161,-0.900957454629732,-0.4663911397943213,0.1515225050446671,0.1046601679345831,2.2119365552471064e-15,17.487037648106664,32
1632,0.95,8,144,1,1,1042,broad_xyz,21.99112410904393,False,0.8625400846240651,0.901477270947903,0.9602935805327376,-0.4607371604294157,-0.954655474305391,-0.458513599313273,0.1510884979213011,0.1094179184110517,2.2119365552471064e-15,17.487037648106664,32
1633,1.0,8,144,1,1,1042,broad_xyz,21.99112410904393,False,0.7752692353348779,0.8248712749844156,0.9677316890002444,-0.7611434585356942,-0.9592799706465128,-0.4505040395605061,0.1497424099683612,0.1169282858699625,2.2119365552471064e-15,17.487037648106664,32
1634,0.05,8,144,1,1,1043,broad_xyz,21.99112410904393,False,-0.0663755267688546,0.2626169263235338,-0.3393541402473954,-0.4415663519885078,-0.3104599434234424,-0.1372635415974688,0.001520805868648,0.000238018660319,2.2119365552471064e-15,17.487037648106664,33
1635,0.075,8,144,1,1,1043,broad_xyz,21.99112410904393,False,0.140498218348038,0.3394071378877996,-0.2405221282818505,-0.4122067301967415,-0.3130505345054852,-0.0309293107265887,0.0035677299431754,0.0006062934305498,2.2119365552471064e-15,17.487037648106664,33
1636,0.1,8,144,1,1,1043,broad_xyz,21.99112410904393,False,0.4135121661672842,0.4644972325387323,-0.0870856451611628,-0.3741783041500009,-0.3091356621224567,0.1189320835748427,0.0066215855632027,0.0014344212491489,2.2119365552471064e-15,17.487037648106664,33
1637,0.125,8,144,1,1,1043,broad_xyz,21.99112410904393,False,0.6972817883213237,0.6502720774378964,0.1396546062931802,-0.3110490134989094,-0.2973702433607628,0.3306227050813673,0.0106240967207591,0.0034642418892673,2.2119365552471064e-15,17.487037648106664,33
1638,0.15,8,144,1,1,1043,broad_xyz,21.99112410904393,False,0.8551698832699691,0.7918504670846431,0.3705658820007688,-0.2424235880177289,-0.4465718132808225,0.5443071460940119,0.019275285552319,0.0077906361803183,2.2119365552471064e-15,17.487037648106664,33
1639,0.1625,8,144,1,1,1043,broad_xyz,21.99112410904393,False,0.8742087209046969,0.824615911531958,0.4503090921671982,-0.2354348496715064,-0.5346090102189474,0.625556284967937,0.0271658247310178,0.0111106500479577,2.2119365552471064e-15,17.487037648106664,33
1640,0.175,8,144,1,1,1043,broad_xyz,21.99112410904393,False,0.8725334784494115,0.8387406445934616,0.5086541316447997,-0.2524721405684465,-0.5895074028668549,0.6904604041384879,0.0368879045449669,0.0152675748528145,2.2119365552471064e-15,17.487037648106664,33
1641,0.1875,8,144,1,1,1043,broad_xyz,21.99112410904393,False,0.8621226939604495,0.8430877452381386,0.5484794029032998,-0.2981013062232395,-0.6183796056653943,0.7429093996372338,0.0479434261534766,0.0202916625958137,2.2119365552471064e-15,17.487037648106664,33
1642,0.2,8,144,1,1,1043,broad_xyz,21.99112410904393,False,0.8498016250864777,0.8459085948011897,0.5753688536228424,-0.3688373532451496,-0.6294098112747617,0.7799728845913048,0.0595084315453923,0.0261202365122687,2.2119365552471064e-15,17.487037648106664,33
1643,0.2125,8,144,1,1,1043,broad_xyz,21.99112410904393,False,0.8394909629614382,0.8478355620965886,0.5949394421247959,-0.4549853717415842,-0.633061171944314,0.8037397330121905,0.0711741420040775,0.0325909037600491,2.2119365552471064e-15,17.487037648106664,33
1644,0.225,8,144,1,1,1043,broad_xyz,21.99112410904393,False,0.832938446990999,0.8521178413497059,0.6162723771922598,-0.5409730171282597,-0.6332443691108697,0.8200658253948233,0.0828243969620625,0.0395342405488207,2.2119365552471064e-15,17.487037648106664,33
1645,0.2375,8,144,1,1,1043,broad_xyz,21.99112410904393,False,0.828749893146497,0.8594866850944116,0.6447397105004866,-0.6190847114462555,-0.6362437365095076,0.8300888274625614,0.0939017241161799,0.0469030199958423,2.2119365552471064e-15,17.487037648106664,33
1646,0.25,8,144,1,1,1043,broad_xyz,21.99112410904393,False,0.8250512531045106,0.8684945625349766,0.6830557188173694,-0.6865819425550537,-0.6445787611317418,0.8353674399021606,0.104220882065774,0.0546998459246196,2.2119365552471064e-15,17.487037648106664,33
1647,0.27,8,144,1,1,1043,broad_xyz,21.99112410904393,False,0.8120768779273799,0.8761276536239831,0.7550450982432048,-0.7659114320305034,-0.6729840772876325,0.8263203682664847,0.1191869984983026,0.0678293183056727,2.2119365552471064e-15,17.487037648106664,33
1648,0.29,8,144,1,1,1043,broad_xyz,21.99112410904393,False,0.7921052439191125,0.8715655242789945,0.8202019097043369,-0.800685015845881,-0.711271199249177,0.7859864055290657,0.1318776496799151,0.0804979679187995,2.2119365552471064e-15,17.487037648106664,33
1649,0.31,8,144,1,1,1043,broad_xyz,21.99112410904393,False,0.7985348520727359,0.8879631644459194,0.8573442494589352,-0.8359052509858461,-0.7131501231932327,0.7207917925087313,0.1416447392846047,0.0899281514051558,2.2119365552471064e-15,17.487037648106664,33
1650,0.33,8,144,1,1,1043,broad_xyz,21.99112410904393,False,0.835318157113605,0.9272577357687466,0.879243441153532,-0.8834258870491176,-0.6852870221570609,0.6462034725212511,0.1475559762539894,0.0951159989461873,2.2119365552471064e-15,17.487037648106664,33
1651,0.35,8,144,1,1,1043,broad_xyz,21.99112410904393,False,0.8680065673690576,0.9529447141165044,0.9042733086476468,-0.9062852066748464,-0.6822828011230134,0.5614152459798945,0.1496969942689726,0.0978287926926275,2.2119365552471064e-15,17.487037648106664,33
1652,0.37,8,144,1,1,1043,broad_xyz,21.99112410904393,False,0.8871933625939321,0.9624743693743836,0.9311739218925564,-0.9112899161475916,-0.7075087349059499,0.4661681813435148,0.1514768467920632,0.0995079375510749,2.2119365552471064e-15,17.487037648106664,33
1653,0.39,8,144,1,1,1043,broad_xyz,21.99112410904393,False,0.8939014911471107,0.963127966286538,0.9514838351397562,-0.9058144679777432,-0.7452487982933307,0.3631819967207165,0.1523032869389847,0.10093571055518,2.2119365552471064e-15,17.487037648106664,33
1654,0.41,8,144,1,1,1043,broad_xyz,21.99112410904393,False,0.8915286037160376,0.9592841732145312,0.9619699717843808,-0.8920288328672502,-0.7814281251042876,0.2605460563621071,0.1529845824167799,0.1022256993290249,2.2119365552471064e-15,17.487037648106664,33
1655,0.43,8,144,1,1,1043,broad_xyz,21.99112410904393,False,0.8859724107385637,0.9544204402147728,0.965457017237767,-0.8756061439186346,-0.8095086309103394,0.1738718959764429,0.1559059555995308,0.1032985166043636,2.2119365552471064e-15,17.487037648106664,33
1656,0.45,8,144,1,1,1043,broad_xyz,21.99112410904393,False,0.8820683342425959,0.9506502975475628,0.9660860218664764,-0.8666186844465066,-0.8237540955494385,0.1081574200557446,0.1568156332456474,0.1041416256282883,2.2119365552471064e-15,17.487037648106664,33
1657,0.5,8,144,1,1,1043,broad_xyz,21.99112410904393,False,0.8791901404729708,0.9385902421188196,0.9588478284885044,-0.909196116042022,-0.782928518957974,0.0325984830858185,0.1584788994450954,0.106486950785543,2.2119365552471064e-15,17.487037648106664,33
1658,0.55,8,144,1,1,1043,broad_xyz,21.99112410904393,False,0.8409486185990411,0.8874529971130843,0.9241920963634606,-0.9344003506662945,-0.7772265735625457,0.0388635117361417,0.1600018909949722,0.1127860082227619,2.2119365552471064e-15,17.487037648106664,33
1659,0.6,8,144,1,1,1043,broad_xyz,21.99112410904393,False,0.785744949485648,0.7820427187362906,0.8853113975968454,-0.9344683874138936,-0.7744315762323144,0.0480401197842896,0.1657759533775851,0.1165378927321329,2.2119365552471064e-15,17.487037648106664,33
1660,0.6499999999999999,8,144,1,1,1043,broad_xyz,21.99112410904393,False,0.7974768661831865,0.7897957256932018,0.8743261293198505,-0.9305249232377206,-0.8057237180385844,-0.0823194077392814,0.165544072996978,0.1118317683028479,2.2119365552471064e-15,17.487037648106664,33
1661,0.7,8,144,1,1,1043,broad_xyz,21.99112410904393,False,0.8052903305205416,0.814067157961782,0.9044653472169134,-0.9049601487390562,-0.8719046082004186,-0.2320005266847748,0.163568592292374,0.1065142685482762,2.2119365552471064e-15,17.487037648106664,33
1662,0.725,8,144,1,1,1043,broad_xyz,21.99112410904393,False,0.7982061560365025,0.8173744540912761,0.9133729577839024,-0.8903831061263007,-0.8839345047884988,-0.2820101006254725,0.1638627154192431,0.1045123014112205,2.2119365552471064e-15,17.487037648106664,33
1663,0.75,8,144,1,1,1043,broad_xyz,21.99112410904393,False,0.7962721573024637,0.8270769687091438,0.9206866409708896,-0.8714389236052235,-0.8873097070480116,-0.3283248285050969,0.1642752027331799,0.1025806660127121,2.2119365552471064e-15,17.487037648106664,33
1664,0.775,8,144,1,1,1043,broad_xyz,21.99112410904393,False,0.8074292923158015,0.8457750609668518,0.9301758655894564,-0.8425110005564854,-0.8904526562508704,-0.3756340810699375,0.162385004745168,0.1006722607280968,2.2119365552471064e-15,17.487037648106664,33
1665,0.8,8,144,1,1,1043,broad_xyz,21.99112410904393,False,0.8262154709444939,0.8663911746000003,0.9383173237556692,-0.7844402914650386,-0.8979471108703604,-0.4172326930459755,0.1553672832864383,0.0986363681372602,2.2119365552471064e-15,17.487037648106664,33
1666,0.825,8,144,1,1,1043,broad_xyz,21.99112410904393,False,0.8439325949067583,0.8800134271017721,0.9416853842441244,-0.6633152982342405,-0.911039050516186,-0.4449157920952761,0.1469942530744755,0.0965589159237284,2.2119365552471064e-15,17.487037648106664,33
1667,0.85,8,144,1,1,1043,broad_xyz,21.99112410904393,False,0.8515580706494211,0.8803871886829991,0.939478367768816,-0.4830590211705812,-0.9240237077091624,-0.4629591307178397,0.1419076260466852,0.0948695476186399,2.2119365552471064e-15,17.487037648106664,33
1668,0.875,8,144,1,1,1043,broad_xyz,21.99112410904393,False,0.8440370331194578,0.8697955136517254,0.9344140784597594,-0.3434752787377775,-0.922046395534548,-0.4860153162815763,0.1406234039227661,0.0941456877167656,2.2119365552471064e-15,17.487037648106664,33
1669,0.9,8,144,1,1,1043,broad_xyz,21.99112410904393,False,0.8277560721276809,0.8565383591126554,0.9313704956734892,-0.3065652529985185,-0.8911211523730589,-0.5004218895665664,0.1415444028301845,0.0946910347235578,2.2119365552471064e-15,17.487037648106664,33
1670,0.95,8,144,1,1,1043,broad_xyz,21.99112410904393,False,0.8049239595797278,0.8352678203630548,0.9442175984557843,-0.5144991446415917,-0.943363273968186,-0.4844190354476652,0.14272419917562,0.098776643634658,2.2119365552471064e-15,17.487037648106664,33
1671,1.0,8,144,1,1,1043,broad_xyz,21.99112410904393,False,0.7544504182966826,0.7876095068233222,0.955308236985349,-0.8451711475697793,-0.9443984718066508,-0.462911090914731,0.1442175774909525,0.1043906976656952,2.2119365552471064e-15,17.487037648106664,33
1672,0.05,8,144,1,1,1044,broad_xyz,21.99112410904393,False,0.1428785643874865,0.5902102474809267,-0.1843677166062694,-0.3376427580391472,-0.1113805296705317,0.210980120678965,0.0024897058311846,0.0007918173820495,2.2119365552471064e-15,17.487037648106664,34
1673,0.075,8,144,1,1,1044,broad_xyz,21.99112410904393,False,0.3204274550504481,0.6863956680544042,-0.0755719842029051,-0.3077950872233374,-0.1041804404042667,0.3648299377323242,0.00499007771858,0.0020504708187643,2.2119365552471064e-15,17.487037648106664,34
1674,0.1,8,144,1,1,1044,broad_xyz,21.99112410904393,False,0.4830828247173466,0.7579167612210537,0.0301003736917001,-0.2857870619725503,-0.1912042853791318,0.496865515199023,0.0105364494103055,0.0042317392511921,2.2119365552471064e-15,17.487037648106664,34
1675,0.125,8,144,1,1,1044,broad_xyz,21.99112410904393,False,0.5729733346454302,0.7868827455625208,0.0781433280011386,-0.3099471189490888,-0.4171672013004582,0.5663712073792899,0.0194346579078998,0.0077580129639561,2.2119365552471064e-15,17.487037648106664,34
1676,0.15,8,144,1,1,1044,broad_xyz,21.99112410904393,False,0.6108686804844057,0.7942328958107794,0.0850664730767456,-0.3696886122497296,-0.7015229802010085,0.5786448095768353,0.0327794597017748,0.0131828077243374,2.2119365552471064e-15,17.487037648106664,34
1677,0.1625,8,144,1,1,1044,broad_xyz,21.99112410904393,False,0.6398420141699187,0.8023883773974637,0.0924579899031673,-0.4014688272439828,-0.8024293428513011,0.5848944640598885,0.0412555046539601,0.0167980580076916,2.2119365552471064e-15,17.487037648106664,34
1678,0.175,8,144,1,1,1044,broad_xyz,21.99112410904393,False,0.6735184810920439,0.8136947882260965,0.1019472533125031,-0.4346042284275392,-0.8417632282436686,0.5923899067865567,0.0498126135978494,0.0210988974921433,2.2119365552471064e-15,17.487037648106664,34
1679,0.1875,8,144,1,1,1044,broad_xyz,21.99112410904393,False,0.7053654255319323,0.8289287731926906,0.1148626600237235,-0.4666500048770482,-0.8177276263037121,0.5967113348300653,0.0579997716826625,0.0261102500847161,2.2119365552471064e-15,17.487037648106664,34
1680,0.2,8,144,1,1,1044,broad_xyz,21.99112410904393,False,0.7350970939215329,0.8492948114373577,0.1379285941157516,-0.4910865147068569,-0.7451318685782121,0.5959208415595065,0.0656753504385834,0.0317385247891799,2.2119365552471064e-15,17.487037648106664,34
1681,0.2125,8,144,1,1,1044,broad_xyz,21.99112410904393,False,0.7589856408384245,0.8689875603371545,0.1688749065275746,-0.5090126541367687,-0.642460748192106,0.5874226592430466,0.0723270560751293,0.0377115881156221,2.2119365552471064e-15,17.487037648106664,34
1682,0.225,8,144,1,1,1044,broad_xyz,21.99112410904393,False,0.7745982526268697,0.8850448823045736,0.2058600603325207,-0.5235167455892927,-0.5416453709952468,0.5694351867472764,0.0779190904729792,0.0439242560941626,2.2119365552471064e-15,17.487037648106664,34
1683,0.2375,8,144,1,1,1044,broad_xyz,21.99112410904393,False,0.7815880740077681,0.8958545184290687,0.2482421774516117,-0.5370883440789436,-0.4563938435821313,0.5433280164175989,0.0823599767370223,0.0501795470796394,2.2119365552471064e-15,17.487037648106664,34
1684,0.25,8,144,1,1,1044,broad_xyz,21.99112410904393,False,0.7795356377016127,0.9017795134212236,0.2992570969434935,-0.5504089028398181,-0.3970853200346714,0.5071402966059987,0.0885855808643567,0.0564365478970452,2.2119365552471064e-15,17.487037648106664,34
1685,0.27,8,144,1,1,1044,broad_xyz,21.99112410904393,False,0.7581795419788118,0.9003640994917619,0.401964585854439,-0.568987090737795,-0.3778515127094252,0.4330630773971547,0.1024875281042858,0.0663278086442814,2.2119365552471064e-15,17.487037648106664,34
1686,0.29,8,144,1,1,1044,broad_xyz,21.99112410904393,False,0.7203865081733072,0.886432079407337,0.5249421727197111,-0.577228474178537,-0.4523336193310429,0.3463349990124267,0.1142585875043664,0.0754410674919585,2.2119365552471064e-15,17.487037648106664,34
1687,0.31,8,144,1,1,1044,broad_xyz,21.99112410904393,False,0.6722139419961682,0.8650055447264844,0.6190143169585901,-0.6016251303982144,-0.530433967166744,0.2659085309035455,0.1270812007836957,0.082338379855587,2.2119365552471064e-15,17.487037648106664,34
1688,0.33,8,144,1,1,1044,broad_xyz,21.99112410904393,False,0.6346870097093605,0.8506005105750823,0.6570213875205152,-0.6653571428188226,-0.5478659190263289,0.2113729435950533,0.1409218631652726,0.08602788040783,2.2119365552471064e-15,17.487037648106664,34
1689,0.35,8,144,1,1,1044,broad_xyz,21.99112410904393,False,0.6196171903287699,0.8469088384582467,0.6829267544238711,-0.7227790457366234,-0.5484860135279859,0.1779472654992044,0.1524158032146879,0.0871647603297359,2.2119365552471064e-15,17.487037648106664,34
1690,0.37,8,144,1,1,1044,broad_xyz,21.99112410904393,False,0.6215254029352829,0.8506198222608179,0.7151740201244811,-0.7577596810892642,-0.5580888818280658,0.1552200726827235,0.1619402061309824,0.086830137818296,2.2119365552471064e-15,17.487037648106664,34
1691,0.39,8,144,1,1,1044,broad_xyz,21.99112410904393,False,0.6307939944173161,0.8594375735213764,0.7516526851484528,-0.7672739922468557,-0.5805053027373527,0.1387722439014769,0.1675737816689612,0.0857846602344806,2.2119365552471064e-15,17.487037648106664,34
1692,0.41,8,144,1,1,1044,broad_xyz,21.99112410904393,False,0.6356534692178523,0.8695636007992733,0.7784043162240842,-0.7617528532776414,-0.6042448127711002,0.1226715477636952,0.1683943493159256,0.0846264421092301,2.2119365552471064e-15,17.487037648106664,34
1693,0.43,8,144,1,1,1044,broad_xyz,21.99112410904393,False,0.6343677375601622,0.8787720872093634,0.7923649605698333,-0.749840349459311,-0.6242730034412208,0.1070875249957957,0.1626318089143033,0.083534550273902,2.2119365552471064e-15,17.487037648106664,34
1694,0.45,8,144,1,1,1044,broad_xyz,21.99112410904393,False,0.6328678825225619,0.8858278098173403,0.7963771031499784,-0.7413081313556598,-0.6469232272660584,0.0936058374482306,0.1486214199752176,0.0826967967119049,2.2119365552471064e-15,17.487037648106664,34
1695,0.5,8,144,1,1,1044,broad_xyz,21.99112410904393,False,0.6485776086607977,0.8753176767999231,0.7647172749192731,-0.7458320660313622,-0.6452936307698199,0.0496470803652625,0.1385777483033649,0.0840015920754584,2.2119365552471064e-15,17.487037648106664,34
1696,0.55,8,144,1,1,1044,broad_xyz,21.99112410904393,False,0.584334856693318,0.7777518618186589,0.6952688635121662,-0.6645708393772058,-0.6121645530850381,-0.0603651015533078,0.1504392083419063,0.0924467508689805,2.2119365552471064e-15,17.487037648106664,34
1697,0.6,8,144,1,1,1044,broad_xyz,21.99112410904393,False,0.432731313711565,0.6994255652221991,0.7146752777262423,-0.611687483671183,-0.5950086612984321,-0.189664772148407,0.1436393492644819,0.0988910011331806,2.2119365552471064e-15,17.487037648106664,34
1698,0.6499999999999999,8,144,1,1,1044,broad_xyz,21.99112410904393,False,0.4229092886656465,0.7360243686437166,0.6968626570137882,-0.6750103209644369,-0.5985517728064046,-0.2652268050248621,0.152903393108453,0.0982278671206435,2.2119365552471064e-15,17.487037648106664,34
1699,0.7,8,144,1,1,1044,broad_xyz,21.99112410904393,False,0.5992138227551811,0.8211662251381125,0.7712272109388437,-0.720982474660351,-0.7476316492319867,-0.3358473658716935,0.1461043326907627,0.0960211622701508,2.2119365552471064e-15,17.487037648106664,34
1700,0.725,8,144,1,1,1044,broad_xyz,21.99112410904393,False,0.6749846165157489,0.8562877544369536,0.8236497448871528,-0.7279207714420693,-0.8190449058191445,-0.3687977901671378,0.143772356962062,0.0951202436787194,2.2119365552471064e-15,17.487037648106664,34
1701,0.75,8,144,1,1,1044,broad_xyz,21.99112410904393,False,0.718390442977717,0.8857615428096199,0.8700856932254332,-0.7252272599653041,-0.8650663549993405,-0.3935936688468106,0.1426147998153283,0.0946601795349506,2.2119365552471064e-15,17.487037648106664,34
1702,0.775,8,144,1,1,1044,broad_xyz,21.99112410904393,False,0.7346001998689612,0.9077973026429502,0.900989001673729,-0.7126191729731294,-0.8883287145607872,-0.4126010292003164,0.1416423163312813,0.0942918875719339,2.2119365552471064e-15,17.487037648106664,34
1703,0.8,8,144,1,1,1044,broad_xyz,21.99112410904393,False,0.732564382941668,0.9220861648147164,0.9137607081802708,-0.6786314043408949,-0.8974982579583426,-0.4301730142775951,0.1429933627530613,0.0932653420975218,2.2119365552471064e-15,17.487037648106664,34
1704,0.825,8,144,1,1,1044,broad_xyz,21.99112410904393,False,0.7286294546550472,0.9284598118106112,0.9150661097135904,-0.5915064741803565,-0.9033088417398604,-0.4437858905601817,0.144632673227439,0.0913355361839423,2.2119365552471064e-15,17.487037648106664,34
1705,0.85,8,144,1,1,1044,broad_xyz,21.99112410904393,False,0.7346819579521788,0.9269131201733988,0.9144726880672271,-0.4440860793213994,-0.910329234102838,-0.4484736515400718,0.1394942420390434,0.0891804107101917,2.2119365552471064e-15,17.487037648106664,34
1706,0.875,8,144,1,1,1044,broad_xyz,21.99112410904393,False,0.7484909351832543,0.9192522356741724,0.9165607320425142,-0.3110995891826442,-0.9148213438418336,-0.4489492851704298,0.1403780405863084,0.0877139741466631,2.2119365552471064e-15,17.487037648106664,34
1707,0.9,8,144,1,1,1044,broad_xyz,21.99112410904393,False,0.7579534311906071,0.9071362744346688,0.9198400115319778,-0.2435710762585796,-0.8877145464933492,-0.4458442819297654,0.1432386349850214,0.0874256554896417,2.2119365552471064e-15,17.487037648106664,34
1708,0.95,8,144,1,1,1044,broad_xyz,21.99112410904393,False,0.7387569960226767,0.869605854142213,0.929310007498826,-0.3064141447422026,-0.913110593783836,-0.4343078789628343,0.1514604139531623,0.0890475115602179,2.2119365552471064e-15,17.487037648106664,34
1709,1.0,8,144,1,1,1044,broad_xyz,21.99112410904393,False,0.711187506227424,0.8061236100656107,0.9120384399111084,-0.5892416304145335,-0.8862265696025243,-0.4073176926283815,0.1488749213998987,0.0902071015753927,2.2119365552471064e-15,17.487037648106664,34
1710,0.05,8,144,1,1,1045,broad_xyz,21.99112410904393,False,0.3900726409184333,0.5805756927482422,-0.5570868069570861,-0.6879812851335454,-0.6255931837458949,0.6120504442374699,0.0021073975980525,0.0005310518761155,2.2119365552471064e-15,17.487037648106664,35
1711,0.075,8,144,1,1,1045,broad_xyz,21.99112410904393,False,0.4777058657401616,0.6161322499756813,-0.4821238400359562,-0.6868431736073807,-0.7351011422772,0.5768056210195869,0.0050376759180626,0.0012752949421389,2.2119365552471064e-15,17.487037648106664,35
1712,0.1,8,144,1,1,1045,broad_xyz,21.99112410904393,False,0.5277731542843295,0.6557760648814067,-0.3545557349266472,-0.6787765065950823,-0.8088999461301765,0.4757762092782911,0.0095004600385027,0.0025597388929422,2.2119365552471064e-15,17.487037648106664,35
1713,0.125,8,144,1,1,1045,broad_xyz,21.99112410904393,False,0.5269706003719907,0.6685512501788832,-0.2137355102604218,-0.673483746528409,-0.8482576978924066,0.3374672316075436,0.0168792982822127,0.0047737403925496,2.2119365552471064e-15,17.487037648106664,35
1714,0.15,8,144,1,1,1045,broad_xyz,21.99112410904393,False,0.5257556277774567,0.6700878951564063,-0.1157027680858228,-0.7027215840475151,-0.8761908490001192,0.2397313065201534,0.0278058012431935,0.0084055830849298,2.2119365552471064e-15,17.487037648106664,35
1715,0.1625,8,144,1,1,1045,broad_xyz,21.99112410904393,False,0.5399016399162233,0.6804856901997328,-0.0777141059997941,-0.7313863404763805,-0.8829281221328047,0.2124967069603044,0.0343046423445323,0.011015211025301,2.2119365552471064e-15,17.487037648106664,35
1716,0.175,8,144,1,1,1045,broad_xyz,21.99112410904393,False,0.5639276007521907,0.6997541678154369,-0.0403064175045198,-0.7651885460789719,-0.8833525286558743,0.201260751238487,0.0419026281322485,0.0142704299742856,2.2119365552471064e-15,17.487037648106664,35
1717,0.1875,8,144,1,1,1045,broad_xyz,21.99112410904393,False,0.5947919978815539,0.726610711828557,0.0060212602110993,-0.7980011559713316,-0.8745931796576568,0.1992995666778113,0.0511406479591121,0.0182505797213634,2.2119365552471064e-15,17.487037648106664,35
1718,0.2,8,144,1,1,1045,broad_xyz,21.99112410904393,False,0.6277984319752948,0.7565565685096736,0.0568599665892352,-0.8285774061276647,-0.8569800403672341,0.2087542159812711,0.0602831557219577,0.0228070146198732,2.2119365552471064e-15,17.487037648106664,35
1719,0.2125,8,144,1,1,1045,broad_xyz,21.99112410904393,False,0.6595362961168078,0.7872023558965956,0.1193444897728517,-0.8522395569011995,-0.8279339160910518,0.223157844569124,0.0690027830997178,0.0279574359080636,2.2119365552471064e-15,17.487037648106664,35
1720,0.225,8,144,1,1,1045,broad_xyz,21.99112410904393,False,0.6910752215505797,0.8185890949430541,0.1947431302684898,-0.8691433247039052,-0.7834472649061494,0.2378921127679914,0.0770632914273659,0.0336571632736525,2.2119365552471064e-15,17.487037648106664,35
1721,0.2375,8,144,1,1,1045,broad_xyz,21.99112410904393,False,0.7191937414385472,0.8477596784239873,0.2739840482575004,-0.8823469545217162,-0.7249427121694405,0.2535059323438011,0.0840786818010338,0.0397639845845468,2.2119365552471064e-15,17.487037648106664,35
1722,0.25,8,144,1,1,1045,broad_xyz,21.99112410904393,False,0.744247946935039,0.8730442677182968,0.3549599648185272,-0.8934409700080765,-0.6497330731822822,0.2677421543396764,0.0904062127725464,0.0463503446307901,2.2119365552471064e-15,17.487037648106664,35
1723,0.27,8,144,1,1,1045,broad_xyz,21.99112410904393,False,0.7698094678795382,0.8972155183033927,0.4788728369977936,-0.9086346503906176,-0.505746238418587,0.2833645114888313,0.0991306276098917,0.0579020151789434,2.2119365552471064e-15,17.487037648106664,35
1724,0.29,8,144,1,1,1045,broad_xyz,21.99112410904393,False,0.7845819083968052,0.9081804984851198,0.6032519894577519,-0.9138490198520712,-0.3695797595686028,0.2853794051491687,0.1107918546637884,0.0701620163698771,2.2119365552471064e-15,17.487037648106664,35
1725,0.31,8,144,1,1,1045,broad_xyz,21.99112410904393,False,0.7972029887643676,0.9168100638959508,0.7120592284083421,-0.9186852010160262,-0.2615914596529043,0.2866289373369327,0.1258818438235404,0.0807756471351836,2.2119365552471064e-15,17.487037648106664,35
1726,0.33,8,144,1,1,1045,broad_xyz,21.99112410904393,False,0.8132553388983909,0.9260232186927864,0.7945792494790225,-0.930506712796378,-0.2129178484254783,0.2954457138692284,0.1384859039652722,0.0880324465258203,2.2119365552471064e-15,17.487037648106664,35
1727,0.35,8,144,1,1,1045,broad_xyz,21.99112410904393,False,0.8319072187800577,0.9321765740984024,0.8520945352342293,-0.946797349105155,-0.2405681952748171,0.3037660103841021,0.1463935811058065,0.0920176785006936,2.2119365552471064e-15,17.487037648106664,35
1728,0.37,8,144,1,1,1045,broad_xyz,21.99112410904393,False,0.8490611046654505,0.934746737164964,0.8919074782435579,-0.9541505396814426,-0.3264456757059765,0.3013072583307662,0.1528600369069956,0.0939180098372651,2.2119365552471064e-15,17.487037648106664,35
1729,0.39,8,144,1,1,1045,broad_xyz,21.99112410904393,False,0.8540310285673123,0.932898197759948,0.9123794992548414,-0.9497361240630192,-0.4255885816929075,0.2841338775672996,0.1567061380638633,0.0943068048241137,2.2119365552471064e-15,17.487037648106664,35
1730,0.41,8,144,1,1,1045,broad_xyz,21.99112410904393,False,0.8453604707911976,0.9283623465991756,0.9194957422384186,-0.9371544808547368,-0.532991320754489,0.2395701519375782,0.1607478866133648,0.0940335386328108,2.2119365552471064e-15,17.487037648106664,35
1731,0.43,8,144,1,1,1045,broad_xyz,21.99112410904393,False,0.8339128132891138,0.9241968159442462,0.92155577212922,-0.9245515452189976,-0.6510933670562359,0.1534322061405364,0.1658208195544911,0.0940358114781141,2.2119365552471064e-15,17.487037648106664,35
1732,0.45,8,144,1,1,1045,broad_xyz,21.99112410904393,False,0.8238189209954475,0.9202568968973378,0.9224209672949512,-0.9180626880304515,-0.7737634324458088,0.0312105685434472,0.1701069756677387,0.094635804357903,2.2119365552471064e-15,17.487037648106664,35
1733,0.5,8,144,1,1,1045,broad_xyz,21.99112410904393,False,0.7848702500777496,0.90458501768482,0.9217358122594128,-0.9375544453887752,-0.6667803790826218,-0.2134420628104161,0.1662539776996573,0.0979777403323368,2.2119365552471064e-15,17.487037648106664,35
1734,0.55,8,144,1,1,1045,broad_xyz,21.99112410904393,False,0.7718528952805306,0.8732065527684787,0.9092512182432532,-0.9477054851569516,-0.6531540854791719,-0.2862398186591309,0.1662842229982582,0.1074740081151163,2.2119365552471064e-15,17.487037648106664,35
1735,0.6,8,144,1,1,1045,broad_xyz,21.99112410904393,False,0.7722802669202949,0.8105456494204907,0.8951414680051053,-0.9176043961257236,-0.7645505490264626,-0.3948010812521628,0.1654652259322507,0.1194594008971267,2.2119365552471064e-15,17.487037648106664,35
1736,0.6499999999999999,8,144,1,1,1045,broad_xyz,21.99112410904393,False,0.749982622114198,0.7918926021724956,0.9015835779288154,-0.91938656101856,-0.8813005032265026,-0.4609706927236376,0.1666361805015007,0.1213946874850225,2.2119365552471064e-15,17.487037648106664,35
1737,0.7,8,144,1,1,1045,broad_xyz,21.99112410904393,False,0.7522409550512323,0.8235486387778614,0.9293076928735112,-0.9302681395166223,-0.943330803079674,-0.4646484857836486,0.1690948812470687,0.1175250013430118,2.2119365552471064e-15,17.487037648106664,35
1738,0.725,8,144,1,1,1045,broad_xyz,21.99112410904393,False,0.7675317827281123,0.8412142780200894,0.9373133278119132,-0.9273585002890128,-0.9522250432087024,-0.4608767374847697,0.167409773583462,0.1153540324116438,2.2119365552471064e-15,17.487037648106664,35
1739,0.75,8,144,1,1,1045,broad_xyz,21.99112410904393,False,0.782455698105258,0.8585904061000433,0.941935723651332,-0.9182665541596612,-0.9534562076661612,-0.459935237737072,0.1638514444611796,0.1131962100927141,2.2119365552471064e-15,17.487037648106664,35
1740,0.775,8,144,1,1,1045,broad_xyz,21.99112410904393,False,0.7931228412072413,0.8764139993658917,0.9448915200892392,-0.8990499105566458,-0.9513564081371586,-0.4606117815135187,0.1585346532800623,0.1110492075951677,2.2119365552471064e-15,17.487037648106664,35
1741,0.8,8,144,1,1,1045,broad_xyz,21.99112410904393,False,0.8058075496806673,0.8939863997947876,0.945607290343724,-0.8519739810483622,-0.9469465023024158,-0.4617061149581943,0.1576163851821942,0.1089142091858413,2.2119365552471064e-15,17.487037648106664,35
1742,0.825,8,144,1,1,1045,broad_xyz,21.99112410904393,False,0.8224466419436373,0.9085525612779988,0.942155980721072,-0.7393021035053006,-0.939383912659244,-0.4610875559172848,0.1614676284034625,0.1066912583872519,2.2119365552471064e-15,17.487037648106664,35
1743,0.85,8,144,1,1,1045,broad_xyz,21.99112410904393,False,0.8413750700913483,0.9169139012036808,0.934202374661982,-0.5389818920744122,-0.9268045355961492,-0.4560455644126112,0.1627099355699572,0.1043924240837577,2.2119365552471064e-15,17.487037648106664,35
1744,0.875,8,144,1,1,1045,broad_xyz,21.99112410904393,False,0.8592425292005771,0.9176739137808932,0.9226148632417576,-0.345987847541933,-0.9072035200095538,-0.4505879278040665,0.15969839702132,0.1023179013468536,2.2119365552471064e-15,17.487037648106664,35
1745,0.9,8,144,1,1,1045,broad_xyz,21.99112410904393,False,0.87269324264665,0.9121584428296928,0.9117225115091766,-0.2477781381931207,-0.8740421668581242,-0.4521283466177764,0.1625446468233018,0.1009209170092399,2.2119365552471064e-15,17.487037648106664,35
1746,0.95,8,144,1,1,1045,broad_xyz,21.99112410904393,False,0.879397758622114,0.8928522142836262,0.9082768308113348,-0.2341101037159521,-0.9157509103446844,-0.4757800732932299,0.163043325616475,0.1009891154180079,2.2119365552471064e-15,17.487037648106664,35
1747,1.0,8,144,1,1,1045,broad_xyz,21.99112410904393,False,0.8597096212050173,0.8650449807064826,0.9232530618638176,-0.5881759474306779,-0.9237587746269396,-0.5076946961475487,0.1516327960965461,0.1032683403115985,2.2119365552471064e-15,17.487037648106664,35
1748,0.05,8,144,1,1,1046,broad_xyz,21.99112410904393,False,-0.0413807168907119,0.205162350221043,-0.4630919296660728,-0.5296785303781271,-0.4147905723429044,-0.3628520213381242,0.0014819891848249,0.0001555611839381,2.2119365552471064e-15,17.487037648106664,36
1749,0.075,8,144,1,1,1046,broad_xyz,21.99112410904393,False,-0.1586921156275812,0.1893262760139764,-0.5338528487152122,-0.5946384930312225,-0.5089335546611371,-0.4084017748033531,0.0036870601978893,0.0003825392996264,2.2119365552471064e-15,17.487037648106664,36
1750,0.1,8,144,1,1,1046,broad_xyz,21.99112410904393,False,-0.1629977683607237,0.2346591503703121,-0.5511060694143957,-0.6351644533871182,-0.5812677478997166,-0.4362315134055505,0.0067801520107733,0.0008510450818829,2.2119365552471064e-15,17.487037648106664,36
1751,0.125,8,144,1,1,1046,broad_xyz,21.99112410904393,False,-0.0612641382107836,0.326928643327943,-0.562682000050953,-0.6689202866032931,-0.5777489778140303,-0.4031634396720294,0.01077192132384,0.0018776823517727,2.2119365552471064e-15,17.487037648106664,36
1752,0.15,8,144,1,1,1046,broad_xyz,21.99112410904393,False,0.1552616015476011,0.4707549930409421,-0.5640028106943863,-0.729197008775368,-0.5064194764898322,-0.171171404003659,0.0171279409580812,0.0044831687339342,2.2119365552471064e-15,17.487037648106664,36
1753,0.1625,8,144,1,1,1046,broad_xyz,21.99112410904393,False,0.2737219041204902,0.535771487612311,-0.524344986921308,-0.7372378885655495,-0.4683534054961666,0.0054643756007971,0.0209825323720533,0.0068335215610733,2.2119365552471064e-15,17.487037648106664,36
1754,0.175,8,144,1,1,1046,broad_xyz,21.99112410904393,False,0.379255390120262,0.5999739763574119,-0.4466483138484471,-0.7195070068511592,-0.4114581754834954,0.1387937342958695,0.0275045188578338,0.0099765542793713,2.2119365552471064e-15,17.487037648106664,36
1755,0.1875,8,144,1,1,1046,broad_xyz,21.99112410904393,False,0.4679007405790621,0.6672543831246295,-0.3332623727971339,-0.6767901590326176,-0.3300359982696875,0.2147461979125645,0.0356854937344173,0.013980723504549,2.2119365552471064e-15,17.487037648106664,36
1756,0.2,8,144,1,1,1046,broad_xyz,21.99112410904393,False,0.5291312670226215,0.7235053494243423,-0.2083168522430841,-0.6252345495269743,-0.2458691976907383,0.255697125715701,0.0441560677610419,0.018704995515308,2.2119365552471064e-15,17.487037648106664,36
1757,0.2125,8,144,1,1,1046,broad_xyz,21.99112410904393,False,0.5689359014190204,0.7630332358580105,-0.0886597992804856,-0.5794931431914183,-0.1717202354543363,0.2662887209443987,0.0514420975128618,0.0240229863613166,2.2119365552471064e-15,17.487037648106664,36
1758,0.225,8,144,1,1,1046,broad_xyz,21.99112410904393,False,0.5900887109593629,0.7799018165929261,0.0152430544148174,-0.5526475025229634,-0.1256882668635768,0.252399501183443,0.0571778527159659,0.0297782552202354,2.2119365552471064e-15,17.487037648106664,36
1759,0.2375,8,144,1,1,1046,broad_xyz,21.99112410904393,False,0.5988388501832734,0.7781897628001583,0.0997900533932423,-0.5509854288291907,-0.1034888993887744,0.2271704825911931,0.0666720518112664,0.0357911814658196,2.2119365552471064e-15,17.487037648106664,36
1760,0.25,8,144,1,1,1046,broad_xyz,21.99112410904393,False,0.5990388008453109,0.7614751685292124,0.1691394894463983,-0.5751650607393021,-0.1116053775014745,0.1945709578131733,0.0782052143306965,0.0421891800680629,2.2119365552471064e-15,17.487037648106664,36
1761,0.27,8,144,1,1,1046,broad_xyz,21.99112410904393,False,0.5952804751629307,0.7238130231622569,0.2647581696054065,-0.6555994177431398,-0.152266331577733,0.1416752863825296,0.0944451535302733,0.0529416335112725,2.2119365552471064e-15,17.487037648106664,36
1762,0.29,8,144,1,1,1046,broad_xyz,21.99112410904393,False,0.6123676482924433,0.7043998790497594,0.3852007456229891,-0.7339931646250714,-0.2100672791970641,0.0945481343281724,0.1086392381831305,0.0632118958027006,2.2119365552471064e-15,17.487037648106664,36
1763,0.31,8,144,1,1,1046,broad_xyz,21.99112410904393,False,0.6559454113953048,0.7181161335013986,0.5266261533453238,-0.7866593207359338,-0.2813642833018115,0.0510706149386763,0.1228175260587763,0.0714777799411368,2.2119365552471064e-15,17.487037648106664,36
1764,0.33,8,144,1,1,1046,broad_xyz,21.99112410904393,False,0.7017984809167046,0.7474645473234262,0.6365716215659847,-0.8258795706556074,-0.3300643614243708,0.0192662040924712,0.1333454502506561,0.0769612749551645,2.2119365552471064e-15,17.487037648106664,36
1765,0.35,8,144,1,1,1046,broad_xyz,21.99112410904393,False,0.7392870318922571,0.7800690699316596,0.7054430555872486,-0.8568688567549588,-0.3501857108014832,5.600054659637726e-05,0.1406109678579585,0.0798370670896875,2.2119365552471064e-15,17.487037648106664,36
1766,0.37,8,144,1,1,1046,broad_xyz,21.99112410904393,False,0.7709194941555189,0.8147439194722332,0.7542181323522781,-0.8808905911047424,-0.3645640799560207,-0.0228541745825007,0.1473990674564453,0.0809136073074441,2.2119365552471064e-15,17.487037648106664,36
1767,0.39,8,144,1,1,1046,broad_xyz,21.99112410904393,False,0.7947799282578708,0.8435667049302635,0.7894703732803381,-0.8963659855830414,-0.3924992690890586,-0.0641541497375876,0.1535275753139967,0.0815081267467375,2.2119365552471064e-15,17.487037648106664,36
1768,0.41,8,144,1,1,1046,broad_xyz,21.99112410904393,False,0.811475630633161,0.8692529386302481,0.8166247333722615,-0.8991680316492647,-0.4279532239379429,-0.1090575791825704,0.1526295837775014,0.0816099451617013,2.2119365552471064e-15,17.487037648106664,36
1769,0.43,8,144,1,1,1046,broad_xyz,21.99112410904393,False,0.814962723776851,0.8850826743162206,0.8345421183184553,-0.8965221769606582,-0.4608288089078566,-0.1556886596748388,0.1422899496099775,0.0814975524709271,2.2119365552471064e-15,17.487037648106664,36
1770,0.45,8,144,1,1,1046,broad_xyz,21.99112410904393,False,0.8066740869728675,0.8885363467893604,0.8458665531566814,-0.8961672701946058,-0.4795258533957536,-0.1927178422772766,0.1343413555092216,0.0815616432166213,2.2119365552471064e-15,17.487037648106664,36
1771,0.5,8,144,1,1,1046,broad_xyz,21.99112410904393,False,0.7720978620134512,0.8574203031544431,0.864654007756979,-0.9037816497916258,-0.449647233561181,-0.2408780230617406,0.1440433516191985,0.0841168851020463,2.2119365552471064e-15,17.487037648106664,36
1772,0.55,8,144,1,1,1046,broad_xyz,21.99112410904393,False,0.7007165736341944,0.7897666787372147,0.8374940649343553,-0.8975062235886452,-0.4835605360427463,-0.2413212614714752,0.1540981092411682,0.0914295343989956,2.2119365552471064e-15,17.487037648106664,36
1773,0.6,8,144,1,1,1046,broad_xyz,21.99112410904393,False,0.5610851785972936,0.6604870985348285,0.7776433756596305,-0.8876089191103221,-0.6036670015020732,-0.3379093086816638,0.1475562267316023,0.1016845663910625,2.2119365552471064e-15,17.487037648106664,36
1774,0.6499999999999999,8,144,1,1,1046,broad_xyz,21.99112410904393,False,0.5971829266747278,0.6967355274615333,0.8095593380219264,-0.8756992477406874,-0.7787115210884494,-0.575498515050182,0.1520864399408709,0.1049923315680681,2.2119365552471064e-15,17.487037648106664,36
1775,0.7,8,144,1,1,1046,broad_xyz,21.99112410904393,False,0.648768733427403,0.7656917377954707,0.8565803822249966,-0.8931522510933961,-0.849481927876594,-0.6313472332562106,0.160030294671287,0.1024000267014054,2.2119365552471064e-15,17.487037648106664,36
1776,0.725,8,144,1,1,1046,broad_xyz,21.99112410904393,False,0.6619624116710165,0.7991293067399312,0.8864640134503475,-0.892936400303841,-0.8762388964633908,-0.6310379205770273,0.1506517515208718,0.1011635662692131,2.2119365552471064e-15,17.487037648106664,36
1777,0.75,8,144,1,1,1046,broad_xyz,21.99112410904393,False,0.6941587625069586,0.8264007059983182,0.9131298714309816,-0.883547179214711,-0.8937163863790482,-0.6223486834810121,0.1458847991550789,0.1004341606899972,2.2119365552471064e-15,17.487037648106664,36
1778,0.775,8,144,1,1,1046,broad_xyz,21.99112410904393,False,0.7112965791260235,0.8401166571989981,0.9260555604700352,-0.8616634423817716,-0.8989104745045615,-0.6081034479094577,0.1480731264899956,0.0999674318313543,2.2119365552471064e-15,17.487037648106664,36
1779,0.8,8,144,1,1,1046,broad_xyz,21.99112410904393,False,0.7183871323529276,0.8521401977861067,0.9323848506680632,-0.802901072085418,-0.9033644130582664,-0.5964802866132894,0.146007896019843,0.0997195111549417,2.2119365552471064e-15,17.487037648106664,36
1780,0.825,8,144,1,1,1046,broad_xyz,21.99112410904393,False,0.7302733416832775,0.8679426573115351,0.9349332538968846,-0.6535638056232833,-0.9071842972491928,-0.5866544159806262,0.145945807587503,0.0996913728236111,2.2119365552471064e-15,17.487037648106664,36
1781,0.85,8,144,1,1,1046,broad_xyz,21.99112410904393,False,0.7420484831195255,0.8862714471670428,0.9354347366956836,-0.4051879636235501,-0.9110780264268348,-0.5732670901597825,0.1501834043485844,0.099468500309676,2.2119365552471064e-15,17.487037648106664,36
1782,0.875,8,144,1,1,1046,broad_xyz,21.99112410904393,False,0.7588852383082484,0.905548535527482,0.939230667282552,-0.1848523028096631,-0.9145209028196488,-0.5519975252903073,0.1502638317355325,0.098499859505091,2.2119365552471064e-15,17.487037648106664,36
1783,0.9,8,144,1,1,1046,broad_xyz,21.99112410904393,False,0.7802690615305142,0.9188369181564748,0.944473527148053,-0.0874363985803066,-0.8961915332733372,-0.5316731655653442,0.1452798106961361,0.0967505892814283,2.2119365552471064e-15,17.487037648106664,36
1784,0.95,8,144,1,1,1046,broad_xyz,21.99112410904393,False,0.8216888308694247,0.9277659465213608,0.9486807168692912,-0.2307931129784235,-0.9376330081952752,-0.5150379504462214,0.1463862135678451,0.0941446779784166,2.2119365552471064e-15,17.487037648106664,36
1785,1.0,8,144,1,1,1046,broad_xyz,21.99112410904393,False,0.793870097520101,0.9130577653145,0.9530508647632806,-0.6497998037575269,-0.9338133796408232,-0.5123015234537267,0.1478332288312038,0.0925088526275972,2.2119365552471064e-15,17.487037648106664,36
1786,0.05,8,144,1,1,1047,broad_xyz,21.99112410904393,False,-0.3945409212629143,0.2986560092397088,-0.4254046958141151,-0.4293704224673357,-0.3079254760578393,-0.2920678273892317,0.0023425529949528,0.0003885708742914,2.2119365552471064e-15,17.487037648106664,37
1787,0.075,8,144,1,1,1047,broad_xyz,21.99112410904393,False,-0.3007658796369449,0.3030470116864284,-0.4041759073306007,-0.4312718951143086,-0.3175843256528464,-0.322125276447666,0.0056157050517851,0.0010419888918219,2.2119365552471064e-15,17.487037648106664,37
1788,0.1,8,144,1,1,1047,broad_xyz,21.99112410904393,False,-0.1695483604151995,0.2918802665699531,-0.3742298725788643,-0.4439285070190221,-0.3579004814599562,-0.3853549761439939,0.0103490390204567,0.0022076240607725,2.2119365552471064e-15,17.487037648106664,37
1789,0.125,8,144,1,1,1047,broad_xyz,21.99112410904393,False,-0.0311486814402419,0.2787141910337345,-0.3314052655684276,-0.4648230707180771,-0.4218045022857756,-0.4752481128424271,0.016294378342749,0.004161550737142,2.2119365552471064e-15,17.487037648106664,37
1790,0.15,8,144,1,1,1047,broad_xyz,21.99112410904393,False,0.0778646936358336,0.2802464495519345,-0.2797692538296858,-0.4928228376871457,-0.4569692845664158,-0.5658392102774712,0.0225554736046542,0.007310066921733,2.2119365552471064e-15,17.487037648106664,37
1791,0.1625,8,144,1,1,1047,broad_xyz,21.99112410904393,False,0.1250533721233395,0.2953558948895176,-0.249174534160249,-0.5076318321537393,-0.3668543147258136,-0.5891263786121715,0.0260028190164046,0.0095382299982151,2.2119365552471064e-15,17.487037648106664,37
1792,0.175,8,144,1,1,1047,broad_xyz,21.99112410904393,False,0.1814313064133526,0.328797360253179,-0.2080489152033026,-0.5171529103051309,-0.0262590023579615,-0.5803847903907895,0.0293751603084709,0.0123408081374855,2.2119365552471064e-15,17.487037648106664,37
1793,0.1875,8,144,1,1,1047,broad_xyz,21.99112410904393,False,0.249428129316457,0.378416539577394,-0.1496967405975008,-0.5131734411814015,0.3768214248085005,-0.5226580238493396,0.0330799923467992,0.0157502567547365,2.2119365552471064e-15,17.487037648106664,37
1794,0.2,8,144,1,1,1047,broad_xyz,21.99112410904393,False,0.3132003166943568,0.426756232379486,-0.0834117048347705,-0.4987126493318598,0.5134670278659514,-0.42513684968131,0.0383895387941081,0.0197001689249574,2.2119365552471064e-15,17.487037648106664,37
1795,0.2125,8,144,1,1,1047,broad_xyz,21.99112410904393,False,0.3547073969863127,0.4579205617449081,-0.0265949118421391,-0.4885694326741903,0.5152706125352124,-0.3163284324290398,0.0445565921360579,0.0241459115592051,2.2119365552471064e-15,17.487037648106664,37
1796,0.225,8,144,1,1,1047,broad_xyz,21.99112410904393,False,0.3829961881429287,0.4760480207421171,0.0262423300099201,-0.4827526957432372,0.4622473509142464,-0.2111112376462457,0.0512416739554144,0.0291102177163116,2.2119365552471064e-15,17.487037648106664,37
1797,0.2375,8,144,1,1,1047,broad_xyz,21.99112410904393,False,0.4029039957222458,0.4866960930110151,0.0775679154366946,-0.4847942318173162,0.3869758949466748,-0.1180982388453025,0.0603855927149467,0.0345101339803765,2.2119365552471064e-15,17.487037648106664,37
1798,0.25,8,144,1,1,1047,broad_xyz,21.99112410904393,False,0.4222691051341888,0.4983104353114884,0.1354797932649548,-0.4921718822454172,0.2975122347251195,-0.0292765482263144,0.0697644124757131,0.0403418454620301,2.2119365552471064e-15,17.487037648106664,37
1799,0.27,8,144,1,1,1047,broad_xyz,21.99112410904393,False,0.4632723853605357,0.5316667450655598,0.2543961153268845,-0.5040156693464498,0.1218108272675619,0.1163677235165863,0.0873261460042048,0.0502169716611775,2.2119365552471064e-15,17.487037648106664,37
1800,0.29,8,144,1,1,1047,broad_xyz,21.99112410904393,False,0.5653758738012816,0.6348554519104316,0.4668788454681202,-0.45796001511849,-0.1389067733166277,0.3164430470398615,0.1036358511738048,0.0609747025567156,2.2119365552471064e-15,17.487037648106664,37
1801,0.31,8,144,1,1,1047,broad_xyz,21.99112410904393,False,0.6643318079207393,0.7509657646963884,0.6837055821819759,-0.3544339125596751,-0.4397869768919926,0.4816583060163195,0.1154587911034191,0.0710734505138756,2.2119365552471064e-15,17.487037648106664,37
1802,0.33,8,144,1,1,1047,broad_xyz,21.99112410904393,False,0.6867526954841491,0.8057188140657711,0.7280313839690504,-0.4088921074603357,-0.5301582698338273,0.4837687842598254,0.1205413595476032,0.0771083883327414,2.2119365552471064e-15,17.487037648106664,37
1803,0.35,8,144,1,1,1047,broad_xyz,21.99112410904393,False,0.6960476617847633,0.8370886000391804,0.7306397715917198,-0.5248968514088016,-0.5342707141209524,0.4160244683432387,0.1368131367971775,0.079642489536205,2.2119365552471064e-15,17.487037648106664,37
1804,0.37,8,144,1,1,1047,broad_xyz,21.99112410904393,False,0.7029345458979103,0.853674582912737,0.7414774125435601,-0.6203030605971172,-0.5266587194438349,0.3270655360246112,0.1455344691582585,0.0803992583857005,2.2119365552471064e-15,17.487037648106664,37
1805,0.39,8,144,1,1,1047,broad_xyz,21.99112410904393,False,0.7082275207573432,0.8627090747874724,0.7692672960933904,-0.672529176923058,-0.5202945594496161,0.2242530464132016,0.1473668934410382,0.0804546124013372,2.2119365552471064e-15,17.487037648106664,37
1806,0.41,8,144,1,1,1047,broad_xyz,21.99112410904393,False,0.7025977644772109,0.8603446763869832,0.7985843503612694,-0.6951971602480219,-0.5284944324410782,0.1097862018739082,0.1449217408266484,0.0803412572041212,2.2119365552471064e-15,17.487037648106664,37
1807,0.43,8,144,1,1,1047,broad_xyz,21.99112410904393,False,0.6810508864055096,0.8427581429675517,0.8129576539533588,-0.7025777958692542,-0.5365308863753111,-0.0074850819586069,0.1426975031593094,0.0803867163958715,2.2119365552471064e-15,17.487037648106664,37
1808,0.45,8,144,1,1,1047,broad_xyz,21.99112410904393,False,0.6543793805846181,0.8175638156098674,0.8094022633838283,-0.7051093414551695,-0.5220369802700161,-0.1072023422276484,0.1409461955747676,0.0809250633730907,2.2119365552471064e-15,17.487037648106664,37
1809,0.5,8,144,1,1,1047,broad_xyz,21.99112410904393,False,0.6589969363372404,0.7818691522341553,0.7320856417680449,-0.7317400033567881,-0.4023450888531247,-0.2093429338385532,0.1404891106915956,0.0846748069670112,2.2119365552471064e-15,17.487037648106664,37
1810,0.55,8,144,1,1,1047,broad_xyz,21.99112410904393,False,0.7831992172830534,0.8118567050893287,0.6462869579039833,-0.7136422290981088,-0.4569978810920918,-0.2068289817808027,0.1427144381154839,0.0925064274506604,2.2119365552471064e-15,17.487037648106664,37
1811,0.6,8,144,1,1,1047,broad_xyz,21.99112410904393,False,0.7926213735176018,0.7329067271888844,0.658104096226223,-0.6903651773036673,-0.5641499097980569,-0.2712793465538794,0.1447664184958435,0.0964844573711871,2.2119365552471064e-15,17.487037648106664,37
1812,0.6499999999999999,8,144,1,1,1047,broad_xyz,21.99112410904393,False,0.737472492607251,0.6700634686443842,0.6331338533756024,-0.7642112350069918,-0.5884026519108367,-0.4178799051402394,0.1495093253147781,0.0925270199760348,2.2119365552471064e-15,17.487037648106664,37
1813,0.7,8,144,1,1,1047,broad_xyz,21.99112410904393,False,0.7181151935152007,0.6847662019708511,0.6764298930058587,-0.7709452081928545,-0.6627577729682376,-0.4971003188870887,0.1596561783775544,0.0887536005909241,2.2119365552471064e-15,17.487037648106664,37
1814,0.725,8,144,1,1,1047,broad_xyz,21.99112410904393,False,0.6943619911489497,0.6978849423710954,0.7237659919054195,-0.7643270773593699,-0.7257425402934924,-0.478204576999512,0.1580116732878644,0.0884068518195006,2.2119365552471064e-15,17.487037648106664,37
1815,0.75,8,144,1,1,1047,broad_xyz,21.99112410904393,False,0.6717958774995003,0.7016131039334847,0.7597383071595978,-0.7593686641442091,-0.768807589510535,-0.4434234055577732,0.1569277600730636,0.0882097293667784,2.2119365552471064e-15,17.487037648106664,37
1816,0.775,8,144,1,1,1047,broad_xyz,21.99112410904393,False,0.6608984997366615,0.6990693824504992,0.7812592347498355,-0.7564508995217794,-0.7922551751638421,-0.4042744718382183,0.1531264155249737,0.0873505228476474,2.2119365552471064e-15,17.487037648106664,37
1817,0.8,8,144,1,1,1047,broad_xyz,21.99112410904393,False,0.6589325744243861,0.698439287650285,0.7941364210087681,-0.7511185202339168,-0.808267640356745,-0.3671330688234425,0.1554627846663942,0.0855922269176929,2.2119365552471064e-15,17.487037648106664,37
1818,0.825,8,144,1,1,1047,broad_xyz,21.99112410904393,False,0.6617260329750406,0.7026465819055947,0.7998607303180929,-0.7257842827862787,-0.8216288145750065,-0.3347592883680649,0.1558920965100861,0.0834772036001794,2.2119365552471064e-15,17.487037648106664,37
1819,0.85,8,144,1,1,1047,broad_xyz,21.99112410904393,False,0.6708519463626504,0.71118593210563,0.7988563808986112,-0.6627103588366762,-0.8321536360234022,-0.3136213295686685,0.1554574514665269,0.0818491110690088,2.2119365552471064e-15,17.487037648106664,37
1820,0.875,8,144,1,1,1047,broad_xyz,21.99112410904393,False,0.6934975324465881,0.7244976017887489,0.7969208466778905,-0.5908273504555794,-0.8368226641110778,-0.3096498470725598,0.1511463985440757,0.0811608528024307,2.2119365552471064e-15,17.487037648106664,37
1821,0.9,8,144,1,1,1047,broad_xyz,21.99112410904393,False,0.7313753968023374,0.7410054831704783,0.8023589086801421,-0.5501416695660505,-0.8209109504688541,-0.3277032693783008,0.1442602288279364,0.0814702069731045,2.2119365552471064e-15,17.487037648106664,37
1822,0.95,8,144,1,1,1047,broad_xyz,21.99112410904393,False,0.7985575033280462,0.7575974001960271,0.8249279417051654,-0.665888864820641,-0.8604115735272041,-0.3550564565848693,0.1372327100742136,0.0847411305225194,2.2119365552471064e-15,17.487037648106664,37
1823,1.0,8,144,1,1,1047,broad_xyz,21.99112410904393,False,0.7955455000827385,0.7531823292761303,0.8465374976156343,-0.8697597653834229,-0.8726270187740208,-0.3852656267137312,0.1422326165302805,0.0897281926191951,2.2119365552471064e-15,17.487037648106664,37
1824,0.05,8,144,1,1,1048,broad_xyz,21.99112410904393,False,-0.1824588328080454,0.3519931685579711,-0.5308793831807105,-0.5345109617721746,-0.5203698938700149,0.6504662327188262,0.0019000472982505,0.0002196722097703,2.2119365552471064e-15,17.487037648106664,38
1825,0.075,8,144,1,1,1048,broad_xyz,21.99112410904393,False,-0.1372865875409031,0.366745427017855,-0.5568096477334804,-0.5672966993467341,-0.5694064221963724,0.7012614063975913,0.0049531348554941,0.0006431242657934,2.2119365552471064e-15,17.487037648106664,38
1826,0.1,8,144,1,1,1048,broad_xyz,21.99112410904393,False,-0.0390203715773624,0.3951442692243787,-0.5689067605206417,-0.6108070094384292,-0.6346372502327642,0.7384343038203613,0.0101536954958753,0.0015670490655344,2.2119365552471064e-15,17.487037648106664,38
1827,0.125,8,144,1,1,1048,broad_xyz,21.99112410904393,False,0.1050858510399283,0.4458582439868546,-0.5427913917722812,-0.6554772103531534,-0.6710989622518261,0.7497661026909817,0.018237385484823,0.0034609973516157,2.2119365552471064e-15,17.487037648106664,38
1828,0.15,8,144,1,1,1048,broad_xyz,21.99112410904393,False,0.2883171137403936,0.5451546671547219,-0.4431709199056968,-0.6909746262123373,-0.5911195954387856,0.7191968798927818,0.0290986291327962,0.0074669101470164,2.2119365552471064e-15,17.487037648106664,38
1829,0.1625,8,144,1,1,1048,broad_xyz,21.99112410904393,False,0.378182545655996,0.603840142357747,-0.3652164703407297,-0.7005620062891558,-0.398570301153634,0.6868417472360318,0.0354108283494824,0.0107072118904105,2.2119365552471064e-15,17.487037648106664,38
1830,0.175,8,144,1,1,1048,broad_xyz,21.99112410904393,False,0.4542758826466311,0.6588750204402524,-0.2783983882476985,-0.707850161222288,-0.0121727297751839,0.6452305386711861,0.0424247580156086,0.0149913171874568,2.2119365552471064e-15,17.487037648106664,38
1831,0.1875,8,144,1,1,1048,broad_xyz,21.99112410904393,False,0.5096995989056549,0.7021159965969233,-0.1931547466692714,-0.7145821818340545,0.2883940328519573,0.6015312969650972,0.0504850048848279,0.0201525534882476,2.2119365552471064e-15,17.487037648106664,38
1832,0.2,8,144,1,1,1048,broad_xyz,21.99112410904393,False,0.5504925305592323,0.7354911232407982,-0.1154408190631681,-0.726169250288038,0.4043577593867246,0.5639752814394617,0.0593632861016965,0.025951302793919,2.2119365552471064e-15,17.487037648106664,38
1833,0.2125,8,144,1,1,1048,broad_xyz,21.99112410904393,False,0.5726270893314136,0.7555106684395805,-0.050537629969845,-0.744503773868402,0.4558541637208789,0.5351204060978227,0.0680882596138416,0.0320827335676559,2.2119365552471064e-15,17.487037648106664,38
1834,0.225,8,144,1,1,1048,broad_xyz,21.99112410904393,False,0.5839993207819293,0.7687396271912499,0.0096648139359278,-0.766345062725417,0.4847233498635436,0.5102381519597677,0.0772009824778872,0.0384155561812279,2.2119365552471064e-15,17.487037648106664,38
1835,0.2375,8,144,1,1,1048,broad_xyz,21.99112410904393,False,0.5931812572070674,0.7815528626263876,0.0719286007512897,-0.7928499414595742,0.5022867772385143,0.4872451904869665,0.0856468029777082,0.0450542295121265,2.2119365552471064e-15,17.487037648106664,38
1836,0.25,8,144,1,1,1048,broad_xyz,21.99112410904393,False,0.6095188684019073,0.8005053711948783,0.1460646511477216,-0.8238880326045469,0.5067508459957575,0.4612145965181059,0.0933935770823512,0.0522128678684834,2.2119365552471064e-15,17.487037648106664,38
1837,0.27,8,144,1,1,1048,broad_xyz,21.99112410904393,False,0.6754615892693855,0.8573062547812731,0.3206134441373164,-0.867696634089236,0.4519655163080136,0.3901642485419211,0.1059301703545383,0.0658759030389035,2.2119365552471064e-15,17.487037648106664,38
1838,0.29,8,144,1,1,1048,broad_xyz,21.99112410904393,False,0.7645739336801919,0.9107094066490118,0.5431320036009473,-0.8531938551098323,0.285422853980151,0.2574566822558239,0.1179534076006007,0.0820451937255058,2.2119365552471064e-15,17.487037648106664,38
1839,0.31,8,144,1,1,1048,broad_xyz,21.99112410904393,False,0.7881777169736173,0.9136344880259272,0.6694255255700723,-0.8280699051617939,0.1208669741128638,0.1601465530280357,0.1332822380510767,0.0940424253383947,2.2119365552471064e-15,17.487037648106664,38
1840,0.33,8,144,1,1,1048,broad_xyz,21.99112410904393,False,0.7776525929395565,0.9155480517174543,0.7145099779362926,-0.8632913834910692,0.0589791998284834,0.1639460773335767,0.1516832613386959,0.0982834305840898,2.2119365552471064e-15,17.487037648106664,38
1841,0.35,8,144,1,1,1048,broad_xyz,21.99112410904393,False,0.7590721343659924,0.9117936525643292,0.7536374102689086,-0.8880509224843713,0.0310192644400075,0.1931830267845024,0.1611969488956246,0.0977487652951073,2.2119365552471064e-15,17.487037648106664,38
1842,0.37,8,144,1,1,1048,broad_xyz,21.99112410904393,False,0.7444754788343334,0.9065401324013111,0.8070592947909232,-0.8933323787866848,-0.0054540295800959,0.2107710260701916,0.1653420294198382,0.0957779342588352,2.2119365552471064e-15,17.487037648106664,38
1843,0.39,8,144,1,1,1048,broad_xyz,21.99112410904393,False,0.7210139975220337,0.8939684112955709,0.8534462227966196,-0.8835184184389725,-0.0520422206428892,0.2142790665116588,0.1672410269796362,0.0933396495133847,2.2119365552471064e-15,17.487037648106664,38
1844,0.41,8,144,1,1,1048,broad_xyz,21.99112410904393,False,0.6857574051380633,0.8739399871473462,0.8791372265257889,-0.867117782553068,-0.1447514330664596,0.2052308520545665,0.1643236620488237,0.0908413203672327,2.2119365552471064e-15,17.487037648106664,38
1845,0.43,8,144,1,1,1048,broad_xyz,21.99112410904393,False,0.6455761103596288,0.8522438890630374,0.8892567033781308,-0.8529024319030976,-0.3570261658438787,0.1863674528096352,0.1667622616238565,0.0886780320137123,2.2119365552471064e-15,17.487037648106664,38
1846,0.45,8,144,1,1,1048,broad_xyz,21.99112410904393,False,0.606907122034583,0.832282139258139,0.8907694744997158,-0.8485472817849722,-0.5017754649178282,0.157658471437693,0.1651901710906272,0.087178856959343,2.2119365552471064e-15,17.487037648106664,38
1847,0.5,8,144,1,1,1048,broad_xyz,21.99112410904393,False,0.598849941612571,0.8328996359580133,0.8785604623529099,-0.8937923176575086,-0.2685603984918077,0.0372490974861179,0.1647168798073134,0.0908143352515013,2.2119365552471064e-15,17.487037648106664,38
1848,0.55,8,144,1,1,1048,broad_xyz,21.99112410904393,False,0.7672545838770073,0.90555610323406,0.8425029202990004,-0.9221003360652488,-0.429426892270992,-0.146310916765847,0.167527573723373,0.111168851682371,2.2119365552471064e-15,17.487037648106664,38
1849,0.6,8,144,1,1,1048,broad_xyz,21.99112410904393,False,0.8274384348561783,0.8239222579124472,0.8485106209312423,-0.8310428177889809,-0.6633437213601886,-0.4135665601157447,0.1701427730810623,0.1283681752356645,2.2119365552471064e-15,17.487037648106664,38
1850,0.6499999999999999,8,144,1,1,1048,broad_xyz,21.99112410904393,False,0.84322794902944,0.813624797477703,0.7983635063725688,-0.8896113214250769,-0.7567650288454395,-0.404864410480263,0.1735270443729516,0.1210080047060288,2.2119365552471064e-15,17.487037648106664,38
1851,0.7,8,144,1,1,1048,broad_xyz,21.99112410904393,False,0.8580933841145985,0.8216525998046591,0.837869161067809,-0.8949218049771224,-0.8740590056041452,-0.4396535003459096,0.1671226508717258,0.1103481850812449,2.2119365552471064e-15,17.487037648106664,38
1852,0.725,8,144,1,1,1048,broad_xyz,21.99112410904393,False,0.8496396020673022,0.8118582275121679,0.8619362988684521,-0.8882683863247514,-0.9051151587702112,-0.4635101916885373,0.1605798305254402,0.1078008654712699,2.2119365552471064e-15,17.487037648106664,38
1853,0.75,8,144,1,1,1048,broad_xyz,21.99112410904393,False,0.8423863449536771,0.8065763072787495,0.8734472557670772,-0.8782851313395466,-0.9108451418951614,-0.4831343937862983,0.1600917359574904,0.1060663088017664,2.2119365552471064e-15,17.487037648106664,38
1854,0.775,8,144,1,1,1048,broad_xyz,21.99112410904393,False,0.84544294999967,0.8112246854659481,0.8759206417773597,-0.8683155624513889,-0.9027035808453444,-0.4973746352393949,0.1588054798737474,0.1040365432492552,2.2119365552471064e-15,17.487037648106664,38
1855,0.8,8,144,1,1,1048,broad_xyz,21.99112410904393,False,0.857291260422754,0.822101638726827,0.8725048791645704,-0.8378306998593845,-0.8931657790855984,-0.5103641655923724,0.1603729867148504,0.1014572394725,2.2119365552471064e-15,17.487037648106664,38
1856,0.825,8,144,1,1,1048,broad_xyz,21.99112410904393,False,0.8691598791342733,0.8329096224116073,0.8619937977699741,-0.6661682738181477,-0.8843406933724454,-0.530574401698464,0.1638486091254406,0.0987828889266202,2.2119365552471064e-15,17.487037648106664,38
1857,0.85,8,144,1,1,1048,broad_xyz,21.99112410904393,False,0.8727554158674741,0.8411662492178289,0.8443270935273446,-0.3021462235830788,-0.8737126078143915,-0.5551585469069794,0.1671513638316236,0.0962795240793446,2.2119365552471064e-15,17.487037648106664,38
1858,0.875,8,144,1,1,1048,broad_xyz,21.99112410904393,False,0.8660385849187128,0.8541422780011376,0.8391551164733201,-0.0942210419239529,-0.8725536939582809,-0.5543126971208137,0.1679735095336212,0.0933926870311385,2.2119365552471064e-15,17.487037648106664,38
1859,0.9,8,144,1,1,1048,broad_xyz,21.99112410904393,False,0.8518407591225601,0.8665693452310844,0.8493697696304985,-0.0546748658674009,-0.8623498409700674,-0.5338822752166317,0.1653006431247243,0.0909774403987042,2.2119365552471064e-15,17.487037648106664,38
1860,0.95,8,144,1,1,1048,broad_xyz,21.99112410904393,False,0.8231461874604518,0.8631249927311434,0.8579357931241278,-0.3012610224244876,-0.8953357385439356,-0.5380976606636422,0.159459576991764,0.0924148544101203,2.2119365552471064e-15,17.487037648106664,38
1861,1.0,8,144,1,1,1048,broad_xyz,21.99112410904393,False,0.7570625139403221,0.8527882668903405,0.8819456192607928,-0.822441070055239,-0.8927804154072754,-0.4671547575245178,0.1657431234807491,0.0960171068455968,2.2119365552471064e-15,17.487037648106664,38
1862,0.05,8,144,1,1,1049,broad_xyz,21.99112410904393,False,0.4443650220915582,0.579793057452705,0.0194391772281961,-0.3967530268463927,-0.1077662193440981,-0.222772742024598,0.00245933452873,0.0007800716795793,2.2119365552471064e-15,17.487037648106664,39
1863,0.075,8,144,1,1,1049,broad_xyz,21.99112410904393,False,0.530697750204361,0.5845468034187795,0.1243505241909255,-0.4088762267706975,-0.2590117155027588,-0.2360896420400213,0.0063801228163083,0.0020633539004998,2.2119365552471064e-15,17.487037648106664,39
1864,0.1,8,144,1,1,1049,broad_xyz,21.99112410904393,False,0.6204977038252324,0.620190539643633,0.249345284239261,-0.4156913115311634,-0.5776823991415184,-0.2190176526561616,0.0132206294490346,0.004572480654103,2.2119365552471064e-15,17.487037648106664,39
1865,0.125,8,144,1,1,1049,broad_xyz,21.99112410904393,False,0.705617545539528,0.6817474411412001,0.3838094685819414,-0.422892234182628,-0.8519420229768432,-0.1849895758315768,0.0237380236386812,0.0091167627161162,2.2119365552471064e-15,17.487037648106664,39
1866,0.15,8,144,1,1,1049,broad_xyz,21.99112410904393,False,0.7786530956615784,0.7550341565438282,0.5126745087870267,-0.4353915782604339,-0.9015763542780132,-0.1308662816406742,0.0386296111423655,0.0165002949680104,2.2119365552471064e-15,17.487037648106664,39
1867,0.1625,8,144,1,1,1049,broad_xyz,21.99112410904393,False,0.8077650893600683,0.7904886332864871,0.5726732923732829,-0.4455765001064037,-0.8873883686479832,-0.0955246214152754,0.0474220687417209,0.0214325338382364,2.2119365552471064e-15,17.487037648106664,39
1868,0.175,8,144,1,1,1049,broad_xyz,21.99112410904393,False,0.8292829738050324,0.8192128719673532,0.624081735817091,-0.4645755089894856,-0.8685283064097353,-0.0563402339418562,0.0575663269846826,0.0271012514569339,2.2119365552471064e-15,17.487037648106664,39
1869,0.1875,8,144,1,1,1049,broad_xyz,21.99112410904393,False,0.8439131534601201,0.8412502783889332,0.6665681887760314,-0.4946089453752194,-0.8473110013674745,-0.014815869635697,0.0684865659738561,0.0333739544712597,2.2119365552471064e-15,17.487037648106664,39
1870,0.2,8,144,1,1,1049,broad_xyz,21.99112410904393,False,0.8531731027745652,0.8576751277499849,0.700392960605587,-0.537016091567293,-0.8284241937412514,0.0301093222336735,0.0794943434505855,0.0401354973411162,2.2119365552471064e-15,17.487037648106664,39
1871,0.2125,8,144,1,1,1049,broad_xyz,21.99112410904393,False,0.8595847520454675,0.870256869369503,0.7285426499580556,-0.5883397141408307,-0.8099933572847009,0.0830592399999296,0.0906412833220034,0.0473113699548466,2.2119365552471064e-15,17.487037648106664,39
1872,0.225,8,144,1,1,1049,broad_xyz,21.99112410904393,False,0.862661175585546,0.8793246030106546,0.7497547996862746,-0.6474783808482781,-0.7907712452630314,0.1472796239140626,0.1013182742730967,0.0548802495551711,2.2119365552471064e-15,17.487037648106664,39
1873,0.2375,8,144,1,1,1049,broad_xyz,21.99112410904393,False,0.8639745825303741,0.8866032943031983,0.7672998829291277,-0.7071139513446688,-0.7687665780302992,0.2209603887370211,0.1112082891201045,0.0628046645346514,2.2119365552471064e-15,17.487037648106664,39
1874,0.25,8,144,1,1,1049,broad_xyz,21.99112410904393,False,0.8638023727933516,0.8912597982549623,0.7818658438435081,-0.7631105951884152,-0.7394090895247116,0.2962011989561848,0.1200651599795121,0.0712582840969851,2.2119365552471064e-15,17.487037648106664,39
1875,0.27,8,144,1,1,1049,broad_xyz,21.99112410904393,False,0.8666826913311388,0.8990335335153442,0.8124132246160335,-0.8275858985354797,-0.7067531773969344,0.3875133350880164,0.1319772254311603,0.0856733116041923,2.2119365552471064e-15,17.487037648106664,39
1876,0.29,8,144,1,1,1049,broad_xyz,21.99112410904393,False,0.8768905087257333,0.9122456157518392,0.8632295492636219,-0.8411261244187511,-0.7263475467698701,0.4409969566015357,0.1411553797694827,0.099438637049302,2.2119365552471064e-15,17.487037648106664,39
1877,0.31,8,144,1,1,1049,broad_xyz,21.99112410904393,False,0.8803562603909707,0.9238239013808368,0.9012707873720333,-0.8514278108767782,-0.751492756187091,0.4425725158031327,0.1490530105455954,0.1094871611835957,2.2119365552471064e-15,17.487037648106664,39
1878,0.33,8,144,1,1,1049,broad_xyz,21.99112410904393,False,0.8788400001688877,0.9336648922725976,0.9197463236621966,-0.8867366503966295,-0.7599781929348891,0.4077843947277778,0.1580592355505945,0.1140710616360854,2.2119365552471064e-15,17.487037648106664,39
1879,0.35,8,144,1,1,1049,broad_xyz,21.99112410904393,False,0.8819443258342451,0.9435251912051952,0.9393113977942966,-0.9163183793006328,-0.7867523363419605,0.3727588565736971,0.1641262995573788,0.1142963831870026,2.2119365552471064e-15,17.487037648106664,39
1880,0.37,8,144,1,1,1049,broad_xyz,21.99112410904393,False,0.8869006229229158,0.9509842352948876,0.9535161080416716,-0.9384814103839488,-0.8131726925192637,0.3449169087174848,0.165202814601018,0.1125018825006583,2.2119365552471064e-15,17.487037648106664,39
1881,0.39,8,144,1,1,1049,broad_xyz,21.99112410904393,False,0.8891966192267591,0.9552923911867104,0.963187039339014,-0.9440390227320102,-0.8364083130035299,0.323256891363443,0.1633157171211741,0.1097147827780758,2.2119365552471064e-15,17.487037648106664,39
1882,0.41,8,144,1,1,1049,broad_xyz,21.99112410904393,False,0.8861557154514625,0.9566427803716012,0.9671496270122876,-0.940538141563877,-0.8615577382748297,0.2988097957954361,0.1627983338631497,0.1072117586086073,2.2119365552471064e-15,17.487037648106664,39
1883,0.43,8,144,1,1,1049,broad_xyz,21.99112410904393,False,0.8785840330484795,0.9538559091925092,0.9665132178502432,-0.9336522811590874,-0.8788794186304454,0.2608481680166372,0.1609871730542482,0.1056743068916915,2.2119365552471064e-15,17.487037648106664,39
1884,0.45,8,144,1,1,1049,broad_xyz,21.99112410904393,False,0.8697611317705362,0.9465989046737704,0.9624129359316624,-0.9282764752736676,-0.8917571872003712,0.2057307632273491,0.159535865503248,0.1054015821648357,2.2119365552471064e-15,17.487037648106664,39
1885,0.5,8,144,1,1,1049,broad_xyz,21.99112410904393,False,0.8638860206724854,0.9206141220670556,0.9471005652261972,-0.936405623241018,-0.813012900766092,0.0628354462065617,0.158327509507284,0.1102379866693576,2.2119365552471064e-15,17.487037648106664,39
1886,0.55,8,144,1,1,1049,broad_xyz,21.99112410904393,False,0.8519325300144449,0.891036552825679,0.9416067607399088,-0.9293606078410503,-0.8126574758337168,-0.0023016516826805,0.162874771811509,0.1226938432414363,2.2119365552471064e-15,17.487037648106664,39
1887,0.6,8,144,1,1,1049,broad_xyz,21.99112410904393,False,0.845550260365436,0.8344720481918403,0.9358720849581678,-0.9181469259652256,-0.8321093967454191,-0.1743655497230518,0.167294780532277,0.1325465347001356,2.2119365552471064e-15,17.487037648106664,39
1888,0.6499999999999999,8,144,1,1,1049,broad_xyz,21.99112410904393,False,0.813475147447141,0.8032985979601119,0.923986470279426,-0.9301285725269562,-0.8646822692545811,-0.4663059639215345,0.1706774441216191,0.1286648070342201,2.2119365552471064e-15,17.487037648106664,39
1889,0.7,8,144,1,1,1049,broad_xyz,21.99112410904393,False,0.7780641900904957,0.8140803530797338,0.932866562717376,-0.918225555686584,-0.8946419984419614,-0.5460273756334478,0.1677643097926592,0.1196015144800776,2.2119365552471064e-15,17.487037648106664,39
1890,0.725,8,144,1,1,1049,broad_xyz,21.99112410904393,False,0.7641116976587132,0.8181950289760735,0.9377403662258924,-0.9062910362259542,-0.9046301617990912,-0.5554621506231702,0.1637737331129784,0.1160593908172147,2.2119365552471064e-15,17.487037648106664,39
1891,0.75,8,144,1,1,1049,broad_xyz,21.99112410904393,False,0.7622725207214488,0.8254372548373821,0.938919163132349,-0.8847153961523058,-0.908548299355866,-0.5639913268837504,0.1599630127604999,0.1132212416356301,2.2119365552471064e-15,17.487037648106664,39
1892,0.775,8,144,1,1,1049,broad_xyz,21.99112410904393,False,0.7775993637939933,0.8395466751571443,0.938448149346112,-0.8447858276064732,-0.9101538183911057,-0.5707950937338471,0.1569390411267859,0.1105465206905177,2.2119365552471064e-15,17.487037648106664,39
1893,0.8,8,144,1,1,1049,broad_xyz,21.99112410904393,False,0.8050998153945446,0.8580513803975632,0.9368184408544228,-0.7639004376470531,-0.9120267287894732,-0.5703342123241799,0.1563413871217029,0.1076207858131144,2.2119365552471064e-15,17.487037648106664,39
1894,0.825,8,144,1,1,1049,broad_xyz,21.99112410904393,False,0.8343000147876584,0.8747096461509462,0.9330337388614696,-0.6095679074911323,-0.9166938446647483,-0.5634865847245362,0.1545632618943815,0.1043252731694549,2.2119365552471064e-15,17.487037648106664,39
1895,0.85,8,144,1,1,1049,broad_xyz,21.99112410904393,False,0.8558049604410556,0.8873714876100297,0.9286859092216768,-0.4144500645943757,-0.9237126150460956,-0.5549412115867565,0.1544060753065311,0.1008734419645156,2.2119365552471064e-15,17.487037648106664,39
1896,0.875,8,144,1,1,1049,broad_xyz,21.99112410904393,False,0.8643239875118703,0.8937306898320386,0.9239001079284482,-0.2896433511886263,-0.9241072622760728,-0.5535720740497402,0.1526843141681205,0.0977103194839529,2.2119365552471064e-15,17.487037648106664,39
1897,0.9,8,144,1,1,1049,broad_xyz,21.99112410904393,False,0.8645794611942799,0.8930043313239175,0.9208010951786392,-0.252355037522183,-0.8949308743903963,-0.5562517089031491,0.1488725226802507,0.0955235178647516,2.2119365552471064e-15,17.487037648106664,39
1898,0.95,8,144,1,1,1049,broad_xyz,21.99112410904393,False,0.8456012376564476,0.8602992041301687,0.9221572247522468,-0.3460260626532445,-0.9202236444820696,-0.5704688587367857,0.1401378529158828,0.0959362877578302,2.2119365552471064e-15,17.487037648106664,39
1899,1.0,8,144,1,1,1049,broad_xyz,21.99112410904393,False,0.7633874627808388,0.7881326492535423,0.9266313625451424,-0.6781313033732403,-0.913616803166263,-0.5898320598891866,0.1385335629827325,0.101620193417355,2.2119365552471064e-15,17.487037648106664,39
