,t,N,n_points,base_seed_requested,effective_base_seed,state_seed,family,family_min_jtot,health_check,corr_J_rho,corr_J_tot,corr_SL,corr_P_pair,corr_N_pair,corr_N_env,target_max,target_mean,J_tot_min_grid,J_tot_mean_grid,state_idx
0,0.05,4,144,1,1,1000,broad_xyz,22.359644512058757,False,0.4359960521914918,0.3779604355491787,0.9284561067585828,0.4681574537172982,0.4916817210033588,0.8696521685675629,0.000739039041423,0.0002502391239353,1.9855741241031457e-15,17.592496054248183,0
1,0.075,4,144,1,1,1000,broad_xyz,22.359644512058757,False,0.4318152051351364,0.3804621988495343,0.9364073990741468,0.4768198633926184,0.5156617378662881,0.8485934678094801,0.0017151237109878,0.0006004542291318,1.9855741241031457e-15,17.592496054248183,0
2,0.1,4,144,1,1,1000,broad_xyz,22.359644512058757,False,0.4173783683145347,0.3905696188373211,0.9473154266300874,0.4792568534307176,0.5391858901624235,0.8260829153856918,0.0031869977584116,0.0011687043869726,1.9855741241031457e-15,17.592496054248183,0
3,0.125,4,144,1,1,1000,broad_xyz,22.359644512058757,False,0.4009674219208053,0.3936267248482343,0.9586499988372296,0.483589582835925,0.5668871764772089,0.7984864192875515,0.0052596296447889,0.0020196194268696,1.9855741241031457e-15,17.592496054248183,0
4,0.15,4,144,1,1,1000,broad_xyz,22.359644512058757,False,0.3843136752492692,0.3880044090859674,0.9690888212685328,0.4918206157289673,0.5963040647542874,0.7653231707794662,0.0080598115033312,0.0032229764962506,1.9855741241031457e-15,17.592496054248183,0
5,0.1625,4,144,1,1,1000,broad_xyz,22.359644512058757,False,0.3750702053625616,0.3819096758169781,0.9737634385189023,0.4970582146859952,0.6095853756651891,0.7470964998621085,0.0098574438468879,0.003979788719982,1.9855741241031457e-15,17.592496054248183,0
6,0.175,4,144,1,1,1000,broad_xyz,22.359644512058757,False,0.3647127525242131,0.3740154018737923,0.9778266889903456,0.5031381114679201,0.6209529898920094,0.7276262380770768,0.0119386652618582,0.0048510582393086,1.9855741241031457e-15,17.592496054248183,0
7,0.1875,4,144,1,1,1000,broad_xyz,22.359644512058757,False,0.3524831051362548,0.3645277020550248,0.9812111488435826,0.509858435590017,0.6291285407708347,0.7070860756568395,0.0143197280596818,0.0058445272615823,1.9855741241031457e-15,17.592496054248183,0
8,0.2,4,144,1,1,1000,broad_xyz,22.359644512058757,False,0.3374692403555145,0.353685290200671,0.983866199531178,0.5169899473027452,0.6324298307099355,0.6856594226165182,0.0170251798465887,0.0069669832111848,1.9855741241031457e-15,17.592496054248183,0
9,0.2125,4,144,1,1,1000,broad_xyz,22.359644512058757,False,0.3186344831328201,0.3416932003272124,0.9857866717682324,0.5242063851802853,0.6284235164546484,0.6636153230185609,0.0200826127069491,0.0082242469322519,1.9855741241031457e-15,17.592496054248183,0
10,0.225,4,144,1,1,1000,broad_xyz,22.359644512058757,False,0.2950117005032161,0.3287235051208765,0.98699884571241,0.5311045380928296,0.6135720055741386,0.6412720944881253,0.0236026909974808,0.0096210092829675,1.9855741241031457e-15,17.592496054248183,0
11,0.2375,4,144,1,1,1000,broad_xyz,22.359644512058757,False,0.2663527742930847,0.3151733530436415,0.9874163086622753,0.5376172372029955,0.5834246956302304,0.6185712768468733,0.0275401068553496,0.0111588973084844,1.9855741241031457e-15,17.592496054248183,0
12,0.25,4,144,1,1,1000,broad_xyz,22.359644512058757,False,0.2329191866209879,0.3012806537753866,0.987052518261094,0.5434501776840233,0.5314660108715884,0.5957005481760106,0.0321038243684443,0.0128381224027247,1.9855741241031457e-15,17.592496054248183,0
13,0.27,4,144,1,1,1000,broad_xyz,22.359644512058757,False,0.172429732736265,0.2788743253314567,0.984919822352504,0.5506004929044604,0.384468152246404,0.5592604669569006,0.0407612038619455,0.015812648342042,1.9855741241031457e-15,17.592496054248183,0
14,0.29,4,144,1,1,1000,broad_xyz,22.359644512058757,False,0.1098861240526248,0.2569026761763149,0.9810434843056104,0.5539271581562129,0.1522341023231524,0.5238459949844976,0.0508087483325755,0.0191202260686193,1.9855741241031457e-15,17.592496054248183,0
15,0.31,4,144,1,1,1000,broad_xyz,22.359644512058757,False,0.0523569608214558,0.2359588155269923,0.9756742677862386,0.5521680028994584,-0.1096035388781294,0.4906161982047962,0.0622046930831032,0.0227199053072718,1.9855741241031457e-15,17.592496054248183,0
16,0.33,4,144,1,1,1000,broad_xyz,22.359644512058757,False,0.0038340403594965,0.2164693507695735,0.9691179803039148,0.5443040490369854,-0.3241254231601805,0.4609955407488151,0.0748248898354797,0.0265515966206158,1.9855741241031457e-15,17.592496054248183,0
17,0.35,4,144,1,1,1000,broad_xyz,22.359644512058757,False,-0.0345673285356703,0.1987127752422972,0.9617197075463308,0.5298984022506751,-0.4771375776491179,0.4366605477794507,0.088457706186604,0.0305370234085705,1.9855741241031457e-15,17.592496054248183,0
18,0.37,4,144,1,1,1000,broad_xyz,22.359644512058757,False,-0.0628618190533817,0.182855626771106,0.9538449599669636,0.5094680425104966,-0.5784920333555836,0.4194702256067187,0.1035015787101796,0.0345831461584748,1.9855741241031457e-15,17.592496054248183,0
19,0.39,4,144,1,1,1000,broad_xyz,22.359644512058757,False,-0.0808323078633389,0.1690067449617955,0.9458549712615144,0.4846734126479822,-0.640889872402776,0.4114884890441875,0.1188558791245092,0.0385887180000078,1.9855741241031457e-15,17.592496054248183,0
20,0.41,4,144,1,1,1000,broad_xyz,22.359644512058757,False,-0.0904831541501597,0.1572633096623211,0.938064547055386,0.4581217456951021,-0.6704692891188172,0.4156722201075924,0.1339834394420836,0.0424526358893805,1.9855741241031457e-15,17.592496054248183,0
21,0.43,4,144,1,1,1000,broad_xyz,22.359644512058757,False,-0.0939976931262475,0.1477906317203301,0.9307235921451904,0.4328545829146336,-0.671039034450293,0.4309988905701266,0.1483004524142238,0.046088298146416,1.9855741241031457e-15,17.592496054248183,0
22,0.45,4,144,1,1,1000,broad_xyz,22.359644512058757,False,-0.090811676754331,0.1409488828070121,0.9241000580129696,0.4117762400525097,-0.6519515658680325,0.4524745720687139,0.1612198013879369,0.0494482291802124,1.9855741241031457e-15,17.592496054248183,0
23,0.5,4,144,1,1,1000,broad_xyz,22.359644512058757,False,-0.065983991964014,0.1379550303892494,0.9101315392633028,0.3848609539867925,-0.5740876950982355,0.5175352027713458,0.1840639981745541,0.0563287625021111,1.9855741241031457e-15,17.592496054248183,0
24,0.55,4,144,1,1,1000,broad_xyz,22.359644512058757,False,-0.0230388091018565,0.1622431168058755,0.8965832772265783,0.3921714731638536,-0.4437819975676885,0.5860339785036842,0.1929185725787065,0.0613441279818722,1.9855741241031457e-15,17.592496054248183,0
25,0.6,4,144,1,1,1000,broad_xyz,22.359644512058757,False,0.0506428022551726,0.2266803524206214,0.8782580488154208,0.4252331938470869,-0.2082411755405838,0.6344456636933173,0.1892343992276492,0.065701442086098,1.9855741241031457e-15,17.592496054248183,0
26,0.6499999999999999,4,144,1,1,1000,broad_xyz,22.359644512058757,False,0.1516461026103243,0.332320938090082,0.840028714780657,0.487868671421521,0.0697601168243657,0.5282298300645294,0.1871988083824244,0.07046761281201,1.9855741241031457e-15,17.592496054248183,0
27,0.7,4,144,1,1,1000,broad_xyz,22.359644512058757,False,0.2085029291354848,0.4547296853200563,0.7719078780091833,0.5788086106752166,0.3823888433022065,0.2304970410327392,0.2001237293144183,0.0761547885798989,1.9855741241031457e-15,17.592496054248183,0
28,0.725,4,144,1,1,1000,broad_xyz,22.359644512058757,False,0.1842231810659775,0.5090102862216278,0.731421830297914,0.6283825330584389,0.4808317797323358,0.0886061989160521,0.2091180755097398,0.0792367303771981,1.9855741241031457e-15,17.592496054248183,0
29,0.75,4,144,1,1,1000,broad_xyz,22.359644512058757,False,0.1332561182703975,0.5533151007877852,0.6928460739498582,0.6761034229718715,0.5461001158607995,-0.0261199867418796,0.2179040838255274,0.0822892321794076,1.9855741241031457e-15,17.592496054248183,0
30,0.775,4,144,1,1,1000,broad_xyz,22.359644512058757,False,0.0847714968208979,0.5862848252889932,0.6604323299398103,0.7194143954300407,0.5875663703334599,-0.1121890742599428,0.2259611991794771,0.0851125510769757,1.9855741241031457e-15,17.592496054248183,0
31,0.8,4,144,1,1,1000,broad_xyz,22.359644512058757,False,0.0404452167286626,0.6077963422936244,0.6357749313015931,0.7563609176132049,0.6069620616166191,-0.1693729302600076,0.2327467605317226,0.0874805645593957,1.9855741241031457e-15,17.592496054248183,0
32,0.825,4,144,1,1,1000,broad_xyz,22.359644512058757,False,9.33830091039768e-05,0.6188811193267623,0.6173599504318856,0.7853724471863933,0.6090640219225706,-0.1983620592222363,0.237786717639355,0.0891988335818458,1.9855741241031457e-15,17.592496054248183,0
33,0.85,4,144,1,1,1000,broad_xyz,22.359644512058757,False,-0.0350296425251252,0.6233575307607485,0.6014594055547451,0.8054820864164446,0.5909226022469654,-0.2036011769397382,0.2407656692965135,0.0901720580455755,1.9855741241031457e-15,17.592496054248183,0
34,0.875,4,144,1,1,1000,broad_xyz,22.359644512058757,False,-0.0563220269641622,0.6263594180460438,0.5799337868638385,0.8132990440927504,0.5484459718708387,-0.1985111199047327,0.2415923576882365,0.0904916997297251,1.9855741241031457e-15,17.592496054248183,0
35,0.9,4,144,1,1,1000,broad_xyz,22.359644512058757,False,-0.0711458307435283,0.6208086452440618,0.5541380319054912,0.8044390760656991,0.4662938971045089,-0.1841420830810727,0.2441515668708385,0.0900272986827287,1.9855741241031457e-15,17.592496054248183,0
36,0.95,4,144,1,1,1000,broad_xyz,22.359644512058757,False,-0.1072924181892611,0.5624162469447348,0.5467043801825852,0.7199303453480054,0.2133076476565095,-0.0847392354943896,0.2442691797212709,0.0886738722636837,1.9855741241031457e-15,17.592496054248183,0
37,1.0,4,144,1,1,1000,broad_xyz,22.359644512058757,False,-0.1126399594194221,0.4773116069022263,0.590523529903462,0.5450772537590942,0.0102405835367699,0.0618988053757652,0.2844938226503659,0.089716838308721,1.9855741241031457e-15,17.592496054248183,0
38,0.05,4,144,1,1,1001,broad_xyz,22.359644512058757,False,-0.542704828199045,0.1455187838721366,-0.5038023029601955,-0.1954492111658837,0.0018795975969565,-0.3818116796812444,0.0004156564949553,9.501789130219312e-05,1.9855741241031457e-15,17.592496054248183,1
39,0.075,4,144,1,1,1001,broad_xyz,22.359644512058757,False,-0.5179003575458776,0.1667194613504401,-0.4723353886534955,-0.1339009050770596,0.0895754914167567,-0.3293356274478801,0.0010303066567392,0.0002370210336287,1.9855741241031457e-15,17.592496054248183,1
40,0.1,4,144,1,1,1001,broad_xyz,22.359644512058757,False,-0.4856069876206073,0.1860633032812286,-0.4348923897440772,-0.0596940444305793,0.1916469213534475,-0.2724384974939487,0.0020139149623895,0.0004775186453678,1.9855741241031457e-15,17.592496054248183,1
41,0.125,4,144,1,1,1001,broad_xyz,22.359644512058757,False,-0.4329781237338275,0.2015255778098512,-0.3896390801346311,0.0258345792315826,0.2985118947599396,-0.2139473430395553,0.00344858742004,0.0008569263324083,1.9855741241031457e-15,17.592496054248183,1
42,0.15,4,144,1,1,1001,broad_xyz,22.359644512058757,False,-0.3561635397814527,0.2119924784279177,-0.3322310469063399,0.1272120979309643,0.4087636586634466,-0.1517866197785212,0.0055896316463351,0.0014432932530061,1.9855741241031457e-15,17.592496054248183,1
43,0.1625,4,144,1,1,1001,broad_xyz,22.359644512058757,False,-0.3077037931989989,0.2131986095618784,-0.3006867839973901,0.1783420591276737,0.453959647313445,-0.122001068056104,0.0069511374028886,0.0018343212256567,1.9855741241031457e-15,17.592496054248183,1
44,0.175,4,144,1,1,1001,broad_xyz,22.359644512058757,False,-0.2548577170332968,0.2133191485913202,-0.2659393493525858,0.230682547766462,0.489146230317656,-0.0917055071061055,0.0085199406132432,0.0023095815865601,1.9855741241031457e-15,17.592496054248183,1
45,0.1875,4,144,1,1,1001,broad_xyz,22.359644512058757,False,-0.2002821312811347,0.2133264828634087,-0.2244047560040231,0.2875985997423536,0.5103908335553711,-0.0571740915991497,0.0103081349379475,0.0028975539431778,1.9855741241031457e-15,17.592496054248183,1
46,0.2,4,144,1,1,1001,broad_xyz,22.359644512058757,False,-0.1447230290612776,0.2120491093527436,-0.1822745607241038,0.3394308040971633,0.5039684105850146,-0.0243286905469323,0.0123256330681678,0.0035962226478968,1.9855741241031457e-15,17.592496054248183,1
47,0.2125,4,144,1,1,1001,broad_xyz,22.359644512058757,False,-0.0948048130736762,0.2102741471566736,-0.1353148041377668,0.387642313248545,0.4623923803983122,0.0112944096140477,0.0146321859706018,0.0044328232240845,1.9855741241031457e-15,17.592496054248183,1
48,0.225,4,144,1,1,1001,broad_xyz,22.359644512058757,False,-0.0491124188681184,0.2087869853125321,-0.0873059481165143,0.4278072430799563,0.3812047134895597,0.0465040765625345,0.0173487085856836,0.0054140534393179,1.9855741241031457e-15,17.592496054248183,1
49,0.2375,4,144,1,1,1001,broad_xyz,22.359644512058757,False,-0.007103970695753,0.2079286052101508,-0.0400062849322153,0.4587478209877815,0.2664048525307941,0.0795972465417204,0.0203585838438698,0.0065507406708221,1.9855741241031457e-15,17.592496054248183,1
50,0.25,4,144,1,1,1001,broad_xyz,22.359644512058757,False,0.0309581735884607,0.2094709820429808,0.0073325666320104,0.480617255483768,0.1295862260420757,0.1113899485628175,0.0239566493089529,0.0078616540223359,1.9855741241031457e-15,17.592496054248183,1
51,0.27,4,144,1,1,1001,broad_xyz,22.359644512058757,False,0.0868906690032639,0.2110364586671074,0.0725688356948389,0.4913710806658966,-0.0985285466131404,0.1498154697770526,0.0305025961544137,0.0102923462079153,1.9855741241031457e-15,17.592496054248183,1
52,0.29,4,144,1,1,1001,broad_xyz,22.359644512058757,False,0.1358528314922154,0.2158609476376625,0.129409052015218,0.4800830432870023,-0.2893584255014353,0.1756563546430656,0.0378573073471325,0.0131787523057245,1.9855741241031457e-15,17.592496054248183,1
53,0.31,4,144,1,1,1001,broad_xyz,22.359644512058757,False,0.1752970412380405,0.2184023183296531,0.1735525904585115,0.4481187430541972,-0.4117545980994636,0.1835555680886564,0.0464823886325873,0.0164759104724953,1.9855741241031457e-15,17.592496054248183,1
54,0.33,4,144,1,1,1001,broad_xyz,22.359644512058757,False,0.204516825196513,0.2218001767137689,0.2092527829736918,0.4016327521186196,-0.4660390886975101,0.1738707535143795,0.0559896314143892,0.0201597140473412,1.9855741241031457e-15,17.592496054248183,1
55,0.35,4,144,1,1,1001,broad_xyz,22.359644512058757,False,0.2249675839060137,0.2261390700454496,0.2371316148406892,0.3450961063665212,-0.4721120637654876,0.144101171087617,0.0658900848054873,0.0241629021953906,1.9855741241031457e-15,17.592496054248183,1
56,0.37,4,144,1,1,1001,broad_xyz,22.359644512058757,False,0.238021496877871,0.2290230306233269,0.25499095719861,0.2830580342446696,-0.4567614571662959,0.0909098126990949,0.0764583242229682,0.0283306422795468,1.9855741241031457e-15,17.592496054248183,1
57,0.39,4,144,1,1,1001,broad_xyz,22.359644512058757,False,0.246869778295891,0.2336624329917438,0.2686267011180143,0.221277199829768,-0.4366011446430491,0.0198113746040193,0.0869010237501312,0.0326159651290014,1.9855741241031457e-15,17.592496054248183,1
58,0.41,4,144,1,1,1001,broad_xyz,22.359644512058757,False,0.2548478739289266,0.2406784748466461,0.2830211496770952,0.1607504517592633,-0.4247864945659166,-0.0582440510529558,0.0966050274355729,0.0369907209449213,1.9855741241031457e-15,17.592496054248183,1
59,0.43,4,144,1,1,1001,broad_xyz,22.359644512058757,False,0.2640909353431534,0.2468017098921233,0.2974587965696369,0.1041643049144857,-0.4334992952661718,-0.1322817254504224,0.1051437583975268,0.0413492750956092,1.9855741241031457e-15,17.592496054248183,1
60,0.45,4,144,1,1,1001,broad_xyz,22.359644512058757,False,0.2787712327700081,0.2548116051329654,0.3149213819667311,0.0527629858857129,-0.4657753649832565,-0.1890467633311568,0.1121321075035045,0.0456166707337968,1.9855741241031457e-15,17.592496054248183,1
61,0.5,4,144,1,1,1001,broad_xyz,22.359644512058757,False,0.3356222811276471,0.3011289641970542,0.4553518989739495,-0.0563130818618475,-0.6076945834825356,-0.1309695280553469,0.121014592496866,0.0572229177504181,1.9855741241031457e-15,17.592496054248183,1
62,0.55,4,144,1,1,1001,broad_xyz,22.359644512058757,False,0.365549211783677,0.4131771991829673,0.7378623062121682,-0.1379703268603098,-0.6348747078755987,0.2130072731575014,0.1197239080623822,0.0695777215669508,1.9855741241031457e-15,17.592496054248183,1
63,0.6,4,144,1,1,1001,broad_xyz,22.359644512058757,False,0.340555700902605,0.4494291917881336,0.8850897909761791,-0.1101515590693019,-0.45473220909557,0.5255653915685051,0.1430577518735707,0.0805376046406374,1.9855741241031457e-15,17.592496054248183,1
64,0.6499999999999999,4,144,1,1,1001,broad_xyz,22.359644512058757,False,0.2802378736257769,0.4124606511007699,0.8188232766003058,0.0351775985528817,-0.2848416651064311,0.5538454398466852,0.1968066764878919,0.0893383536629136,1.9855741241031457e-15,17.592496054248183,1
65,0.7,4,144,1,1,1001,broad_xyz,22.359644512058757,False,0.2337100467039853,0.4046544508065354,0.7343795350370059,0.203393706693406,-0.165785742187431,0.4763263202417411,0.2446681931551685,0.0951686153588417,1.9855741241031457e-15,17.592496054248183,1
66,0.725,4,144,1,1,1001,broad_xyz,22.359644512058757,False,0.2147335043018505,0.4170959524301972,0.6998871995640155,0.2821951986874342,-0.0742347510495512,0.4304462374087493,0.2644930715905298,0.0967165586980791,1.9855741241031457e-15,17.592496054248183,1
67,0.75,4,144,1,1,1001,broad_xyz,22.359644512058757,False,0.195103776353587,0.4376762657483151,0.6662573040395832,0.3560804529504095,0.0555594258588614,0.3835512056152073,0.2799984086109232,0.0971369385789588,1.9855741241031457e-15,17.592496054248183,1
68,0.775,4,144,1,1,1001,broad_xyz,22.359644512058757,False,0.1764977489559228,0.4629721478368813,0.6293462206170021,0.4248758767697667,0.1905564606350618,0.3355886335907319,0.2916295068124872,0.09634671956573,1.9855741241031457e-15,17.592496054248183,1
69,0.8,4,144,1,1,1001,broad_xyz,22.359644512058757,False,0.159277311347842,0.4880500209208062,0.588284569041397,0.4858842886515629,0.2999359459920072,0.288776474308641,0.3002612220025916,0.0945490437503194,1.9855741241031457e-15,17.592496054248183,1
70,0.825,4,144,1,1,1001,broad_xyz,22.359644512058757,False,0.1439348666988228,0.5058981743622687,0.5478173893342515,0.5330876383892499,0.3810250254035632,0.2507030385352057,0.3070538417123811,0.0923563793620385,1.9855741241031457e-15,17.592496054248183,1
71,0.85,4,144,1,1,1001,broad_xyz,22.359644512058757,False,0.1250115863356442,0.5079345778121157,0.5237444150947302,0.5554723256584272,0.4250692698527629,0.2379320993534336,0.3132315277482478,0.0910453130865844,1.9855741241031457e-15,17.592496054248183,1
72,0.875,4,144,1,1,1001,broad_xyz,22.359644512058757,False,0.0915246532570061,0.4905266935497545,0.5305386841938365,0.5462430615261625,0.4198708878085314,0.2611267986454967,0.3198074388983976,0.0920407924753762,1.9855741241031457e-15,17.592496054248183,1
73,0.9,4,144,1,1,1001,broad_xyz,22.359644512058757,False,0.0397729706128561,0.4595676224113446,0.5595357961698707,0.5121395680890998,0.3536739827880335,0.3035681869128911,0.3273178776704676,0.0956906765420258,1.9855741241031457e-15,17.592496054248183,1
74,0.95,4,144,1,1,1001,broad_xyz,22.359644512058757,False,-0.0867657594465477,0.3952462585636385,0.623928141437751,0.4101897907372913,0.0884697776100512,0.3543298123692625,0.3887555193828315,0.1089617713849792,1.9855741241031457e-15,17.592496054248183,1
75,1.0,4,144,1,1,1001,broad_xyz,22.359644512058757,False,-0.1718773975338823,0.3658421455731289,0.6550513746495549,0.2835785007056296,-0.2192857780931672,0.3094024553808097,0.4564744979076501,0.1254528565781859,1.9855741241031457e-15,17.592496054248183,1
76,0.05,4,144,1,1,1002,broad_xyz,22.359644512058757,False,0.7720130548625486,0.3121817444476256,0.4487533969608977,-0.2713951554908658,-0.2459412255518246,0.5656422240778786,0.0004066909884908,5.267392933955598e-05,1.9855741241031457e-15,17.592496054248183,2
77,0.075,4,144,1,1,1002,broad_xyz,22.359644512058757,False,0.7465142148799533,0.3236454194638746,0.4333348339576198,-0.2838723390622369,-0.2615718168532879,0.5767513145968504,0.0009341169481805,0.0001249454542475,1.9855741241031457e-15,17.592496054248183,2
78,0.1,4,144,1,1,1002,broad_xyz,22.359644512058757,False,0.7110207415381518,0.3354115680833881,0.4140624982915218,-0.300359657963148,-0.282854979040835,0.5863894869107322,0.001706528576001,0.0002363157282066,1.9855741241031457e-15,17.592496054248183,2
79,0.125,4,144,1,1,1002,broad_xyz,22.359644512058757,False,0.6542494168804243,0.3470845061826038,0.3915495378804512,-0.322316284713276,-0.3125430781311369,0.595312138924114,0.0027522110619324,0.0003951405556356,1.9855741241031457e-15,17.592496054248183,2
80,0.15,4,144,1,1,1002,broad_xyz,22.359644512058757,False,0.5604892970114169,0.3604441175008592,0.366370529504045,-0.3505431660379036,-0.3523775447355147,0.6044416120804271,0.0040940107365737,0.0006113922682661,1.9855741241031457e-15,17.592496054248183,2
81,0.1625,4,144,1,1,1002,broad_xyz,22.359644512058757,False,0.4953397551236957,0.3685212717084489,0.3529770713029959,-0.366601076471783,-0.3757959497234491,0.6091281837880451,0.0048766097512241,0.0007448317579119,1.9855741241031457e-15,17.592496054248183,2
82,0.175,4,144,1,1,1002,broad_xyz,22.359644512058757,False,0.4192109337226753,0.377975506173874,0.3392145094324424,-0.3836137063872497,-0.4010482967447648,0.6138845055174708,0.0057275430198137,0.0008978909094577,1.9855741241031457e-15,17.592496054248183,2
83,0.1875,4,144,1,1,1002,broad_xyz,22.359644512058757,False,0.3322507233125562,0.3862558252004897,0.3246267531078428,-0.399854087675594,-0.4268913709754758,0.6179054449060987,0.0066353328511695,0.0010681887674648,1.9855741241031457e-15,17.592496054248183,2
84,0.2,4,144,1,1,1002,broad_xyz,22.359644512058757,False,0.245906959387246,0.3936482033661291,0.3132368714062163,-0.4172229733473491,-0.4544975137994603,0.6247265247808957,0.0076901702119024,0.0012611517307564,1.9855741241031457e-15,17.592496054248183,2
85,0.2125,4,144,1,1,1002,broad_xyz,22.359644512058757,False,0.1652160221670753,0.3997356101876649,0.3008926969044237,-0.4327081870306727,-0.4806128058559445,0.6298094236812328,0.0088562609821072,0.0014725584667792,1.9855741241031457e-15,17.592496054248183,2
86,0.225,4,144,1,1,1002,broad_xyz,22.359644512058757,False,0.0987563491996823,0.4049098104540666,0.2889654970562788,-0.4469375196264938,-0.5042905568566021,0.6345453410933515,0.0100797156952428,0.0017029948267598,1.9855741241031457e-15,17.592496054248183,2
87,0.2375,4,144,1,1,1002,broad_xyz,22.359644512058757,False,0.0549290625508475,0.4075864214646478,0.2797080371304181,-0.4599282622950489,-0.5240018655523793,0.6396634600636718,0.011328567110443,0.0019541348892391,1.9855741241031457e-15,17.592496054248183,2
88,0.25,4,144,1,1,1002,broad_xyz,22.359644512058757,False,0.036260194081382,0.4079255490210906,0.2706123306403678,-0.4697105970491611,-0.5345494487594803,0.6417337967915969,0.0125581942239813,0.0022227436379241,1.9855741241031457e-15,17.592496054248183,2
89,0.27,4,144,1,1,1002,broad_xyz,22.359644512058757,False,0.0543609232523306,0.3996881840450329,0.2600794784070154,-0.4765297215085605,-0.5208160508367076,0.6379744705164466,0.0143402692480708,0.0026815015080572,1.9855741241031457e-15,17.592496054248183,2
90,0.29,4,144,1,1,1002,broad_xyz,22.359644512058757,False,0.1090782908284929,0.3746791236505431,0.2668959166866725,-0.4724672765324514,-0.4832548881713777,0.626120030360687,0.0159357168513276,0.0031859270295188,1.9855741241031457e-15,17.592496054248183,2
91,0.31,4,144,1,1,1002,broad_xyz,22.359644512058757,False,0.1782973141656233,0.3417031331649261,0.2724930470046465,-0.453709334684319,-0.4288955001980967,0.5937541775475131,0.0179183489440384,0.0037206060362704,1.9855741241031457e-15,17.592496054248183,2
92,0.33,4,144,1,1,1002,broad_xyz,22.359644512058757,False,0.2443298099676267,0.3025554745759383,0.2764061887584105,-0.4209448000655273,-0.3757062551596138,0.5401492003939135,0.0195065113147883,0.004290607353187,1.9855741241031457e-15,17.592496054248183,2
93,0.35,4,144,1,1,1002,broad_xyz,22.359644512058757,False,0.2987343804267702,0.2649089492611599,0.2807173130867525,-0.3827981450385112,-0.3413022645050597,0.4729663465602879,0.020631414425975,0.0049330452733752,1.9855741241031457e-15,17.592496054248183,2
94,0.37,4,144,1,1,1002,broad_xyz,22.359644512058757,False,0.3377423288436404,0.2330540837958329,0.2877595151632497,-0.3450527949251052,-0.3344706795141723,0.4017744284765911,0.0214233408110459,0.0056687302859425,1.9855741241031457e-15,17.592496054248183,2
95,0.39,4,144,1,1,1002,broad_xyz,22.359644512058757,False,0.3678463551833512,0.211531967071757,0.2996456102540075,-0.3123598215607198,-0.3485709230391134,0.3359605920534583,0.0232585908927843,0.0065193417056621,1.9855741241031457e-15,17.592496054248183,2
96,0.41,4,144,1,1,1002,broad_xyz,22.359644512058757,False,0.392133293952252,0.2011852149769353,0.3161764120935545,-0.285900558328004,-0.3705439104053822,0.2805138827839342,0.0249525675832932,0.0074971834564029,1.9855741241031457e-15,17.592496054248183,2
97,0.43,4,144,1,1,1002,broad_xyz,22.359644512058757,False,0.4172595770858754,0.2041508570428729,0.3363498181089809,-0.2639758393604888,-0.3882164677498529,0.2360917633714865,0.0296546579529613,0.0086228181576093,1.9855741241031457e-15,17.592496054248183,2
98,0.45,4,144,1,1,1002,broad_xyz,22.359644512058757,False,0.4404268717284434,0.2153626860180516,0.3567432417219206,-0.2412221076999427,-0.3891254058774802,0.199596481771298,0.0346414654401794,0.0098800993516998,1.9855741241031457e-15,17.592496054248183,2
99,0.5,4,144,1,1,1002,broad_xyz,22.359644512058757,False,0.4827594928122297,0.2685099417503966,0.4023763602579122,-0.160751896861297,-0.2993762272775821,0.1268760594510199,0.0477177044490197,0.0135984173924994,1.9855741241031457e-15,17.592496054248183,2
100,0.55,4,144,1,1,1002,broad_xyz,22.359644512058757,False,0.5214236803123767,0.3286149957578086,0.4363547871656436,-0.0404190694870398,-0.0963647755403896,0.0430208356486728,0.0602360753666168,0.0181494520833511,1.9855741241031457e-15,17.592496054248183,2
101,0.6,4,144,1,1,1002,broad_xyz,22.359644512058757,False,0.4863479602508096,0.3951361002999998,0.4693190685847673,0.0994793218251274,0.1482714454467228,-0.0147593683277015,0.0704344926134426,0.0237362578780469,1.9855741241031457e-15,17.592496054248183,2
102,0.6499999999999999,4,144,1,1,1002,broad_xyz,22.359644512058757,False,0.3613485284200156,0.4476478855200997,0.5037727023716135,0.2147400319690156,0.2162783152664077,-0.0048627644902454,0.0831293584783257,0.030661917198599,1.9855741241031457e-15,17.592496054248183,2
103,0.7,4,144,1,1,1002,broad_xyz,22.359644512058757,False,0.3565889242563464,0.4634519947706761,0.5000965346243977,0.3287350943168676,0.0790350967469959,0.0101120344273808,0.1220037670339331,0.0384862081892755,1.9855741241031457e-15,17.592496054248183,2
104,0.725,4,144,1,1,1002,broad_xyz,22.359644512058757,False,0.3698292496389987,0.4627131738551042,0.485987876522127,0.3874425691427081,-0.0237857569731258,0.0072330912055153,0.1418503602302228,0.0425478294361328,1.9855741241031457e-15,17.592496054248183,2
105,0.75,4,144,1,1,1002,broad_xyz,22.359644512058757,False,0.3797734028456871,0.4616745323801458,0.4687940386095449,0.4424334944961404,-0.1146885392799709,-0.0005426434883703,0.1607122449385199,0.0466145329913159,1.9855741241031457e-15,17.592496054248183,2
106,0.775,4,144,1,1,1002,broad_xyz,22.359644512058757,False,0.3861794312804882,0.4641508205039673,0.4526916540240829,0.4886235152102091,-0.1661962497270815,-0.0096645808860645,0.1775708677202163,0.0506349425299817,1.9855741241031457e-15,17.592496054248183,2
107,0.8,4,144,1,1,1002,broad_xyz,22.359644512058757,False,0.3868621157464853,0.4708148211284411,0.4386697684256965,0.5217963139692987,-0.164226266818227,-0.0190148550335034,0.191458200432182,0.0544712312187595,1.9855741241031457e-15,17.592496054248183,2
108,0.825,4,144,1,1,1002,broad_xyz,22.359644512058757,False,0.3823729744468999,0.4815781262298914,0.4270775033895354,0.5393623457241186,-0.1072809328882793,-0.0276595930831672,0.2015656639893632,0.0579813426353285,1.9855741241031457e-15,17.592496054248183,2
109,0.85,4,144,1,1,1002,broad_xyz,22.359644512058757,False,0.3742682040614145,0.4974100071862439,0.4189802764479166,0.5424896282507748,-0.0059960937427336,-0.0364391002329976,0.2073428382293192,0.061089786707984,1.9855741241031457e-15,17.592496054248183,2
110,0.875,4,144,1,1,1002,broad_xyz,22.359644512058757,False,0.3645600494838885,0.5180808472722035,0.4132534010579822,0.533951283379998,0.0996534270959831,-0.0462765516300767,0.2085703743852417,0.0637238073080004,1.9855741241031457e-15,17.592496054248183,2
111,0.9,4,144,1,1,1002,broad_xyz,22.359644512058757,False,0.3529779416826919,0.5423230248780196,0.4090132216495905,0.5156920511988223,0.1940292387841143,-0.056548697759349,0.2054021812964911,0.0658789219218087,1.9855741241031457e-15,17.592496054248183,2
112,0.95,4,144,1,1,1002,broad_xyz,22.359644512058757,False,0.3384797487545538,0.5984019429674274,0.4106721729552428,0.4576489046613909,0.2860829713586157,-0.070841917351073,0.2021986427127855,0.0692055526205832,1.9855741241031457e-15,17.592496054248183,2
113,1.0,4,144,1,1,1002,broad_xyz,22.359644512058757,False,0.380577399751142,0.6529909497984202,0.438308788137181,0.3809731827512114,0.260734232388894,-0.063489868530924,0.2019411953657532,0.0719563796975426,1.9855741241031457e-15,17.592496054248183,2
114,0.05,4,144,1,1,1003,broad_xyz,22.359644512058757,False,0.732206516005009,0.3281920654941259,0.8841852219887779,0.5306552652329252,0.5009787531197142,0.916494343654644,0.0005807486852736,0.0001526002689492,1.9855741241031457e-15,17.592496054248183,3
115,0.075,4,144,1,1,1003,broad_xyz,22.359644512058757,False,0.693987965035483,0.3148635908977124,0.8947049671048513,0.5428982142131157,0.5204774617770687,0.9249366306842992,0.001321156108871,0.0003594788583367,1.9855741241031457e-15,17.592496054248183,3
116,0.1,4,144,1,1,1003,broad_xyz,22.359644512058757,False,0.6382810316848483,0.2942556816715764,0.9069962302732424,0.5560399730884164,0.5402683071542868,0.9238258119311176,0.0023833121708268,0.0006757393004668,1.9855741241031457e-15,17.592496054248183,3
117,0.125,4,144,1,1,1003,broad_xyz,22.359644512058757,False,0.5528280802299851,0.2675853150534393,0.9193724740269742,0.5685441648401612,0.5593952527554965,0.9109091956324012,0.0037966312409907,0.0011238224899452,1.9855741241031457e-15,17.592496054248183,3
118,0.15,4,144,1,1,1003,broad_xyz,22.359644512058757,False,0.4245560140638909,0.2360744514314356,0.9311308151244844,0.5780969452910528,0.5722537706453825,0.8866719667221308,0.0057879669879244,0.0017308194855844,1.9855741241031457e-15,17.592496054248183,3
119,0.1625,4,144,1,1,1003,broad_xyz,22.359644512058757,False,0.3474955112270997,0.2194511152287192,0.9365541390822006,0.5813030582221776,0.5745542767893153,0.8704654635770075,0.0069964966857023,0.0021040099783832,1.9855741241031457e-15,17.592496054248183,3
120,0.175,4,144,1,1,1003,broad_xyz,22.359644512058757,False,0.2700272903405864,0.202883510357747,0.941428355213945,0.5832335121783556,0.5743665278517297,0.8514917581873291,0.0084820186100951,0.0025293112640451,1.9855741241031457e-15,17.592496054248183,3
121,0.1875,4,144,1,1,1003,broad_xyz,22.359644512058757,False,0.2002538969691439,0.1863085504209856,0.9454987862067256,0.5833155020797081,0.5695332132791877,0.8297925359071119,0.0101855851508901,0.0030098144692744,1.9855741241031457e-15,17.592496054248183,3
122,0.2,4,144,1,1,1003,broad_xyz,22.359644512058757,False,0.1439523386979805,0.169591586459075,0.9486149127741176,0.5808763657878877,0.5581495439828863,0.8055574316951047,0.0122465698321815,0.0035481888987076,1.9855741241031457e-15,17.592496054248183,3
123,0.2125,4,144,1,1,1003,broad_xyz,22.359644512058757,False,0.1036351743493775,0.1530733135291723,0.950837576638833,0.5756613086786353,0.5390347976594169,0.7791306900314234,0.0146212155103078,0.0041479179338137,1.9855741241031457e-15,17.592496054248183,3
124,0.225,4,144,1,1,1003,broad_xyz,22.359644512058757,False,0.0776333755459439,0.1367905568508983,0.9523197337233452,0.5671490686719202,0.5106351848903787,0.751007343475111,0.0173945293653489,0.0048116701504107,1.9855741241031457e-15,17.592496054248183,3
125,0.2375,4,144,1,1,1003,broad_xyz,22.359644512058757,False,0.0624488698629627,0.1209912945350747,0.9531719447873148,0.554909129357781,0.4717817356974102,0.72161980942181,0.0205935869218826,0.0055413223291833,1.9855741241031457e-15,17.592496054248183,3
126,0.25,4,144,1,1,1003,broad_xyz,22.359644512058757,False,0.0541268079603341,0.1057013018501363,0.953292600445236,0.5388765422622874,0.4219208966040774,0.6910121967146319,0.0241700773688989,0.0063373949194021,1.9855741241031457e-15,17.592496054248183,3
127,0.27,4,144,1,1,1003,broad_xyz,22.359644512058757,False,0.047330202301867,0.0827878740613851,0.9524266014655453,0.5050235162825265,0.3180614583085484,0.6406388029777178,0.0306882330851506,0.007748658716381,1.9855741241031457e-15,17.592496054248183,3
128,0.29,4,144,1,1,1003,broad_xyz,22.359644512058757,False,0.0436586464409619,0.0621475484168156,0.9507813359582544,0.461298684271843,0.1841960599885961,0.58985115780328,0.0382696070368383,0.0093230422479469,1.9855741241031457e-15,17.592496054248183,3
129,0.31,4,144,1,1,1003,broad_xyz,22.359644512058757,False,0.0417585603414028,0.0443201405090197,0.9490379702477958,0.4089807398331573,0.0298158182479109,0.5401980581707847,0.0470961989799912,0.0110479883885402,1.9855741241031457e-15,17.592496054248183,3
130,0.33,4,144,1,1,1003,broad_xyz,22.359644512058757,False,0.0414793570485815,0.0301034219766282,0.9480537568600096,0.3502714511056935,-0.1287949393459116,0.4933288093052659,0.0569594726533354,0.0129115385741694,1.9855741241031457e-15,17.592496054248183,3
131,0.35,4,144,1,1,1003,broad_xyz,22.359644512058757,False,0.0425552633332418,0.0183694239729061,0.946816665097041,0.2892573946358549,-0.2709095038474365,0.4489505524686176,0.0682713231025773,0.0148733502974444,1.9855741241031457e-15,17.592496054248183,3
132,0.37,4,144,1,1,1003,broad_xyz,22.359644512058757,False,0.0454118801124094,0.0078612735600865,0.9434624946121488,0.2307712956113517,-0.3807897843192759,0.4071920791676443,0.0801687466729856,0.0168444682417641,1.9855741241031457e-15,17.592496054248183,3
133,0.39,4,144,1,1,1003,broad_xyz,22.359644512058757,False,0.0487387041454951,-0.0026467621670778,0.9361343035565806,0.1799694116303148,-0.4538369624996036,0.3719153412421083,0.0922635999309391,0.018725438925117,1.9855741241031457e-15,17.592496054248183,3
134,0.41,4,144,1,1,1003,broad_xyz,22.359644512058757,False,0.050531470358977,-0.0140486060938344,0.922994122153501,0.1415018251814325,-0.4926352485476745,0.3536551404441349,0.1041024895585384,0.0204221973075145,1.9855741241031457e-15,17.592496054248183,3
135,0.43,4,144,1,1,1003,broad_xyz,22.359644512058757,False,0.0499416875997561,-0.0261414556350756,0.9020458909135668,0.1185569091453112,-0.5051382722354888,0.3512852595011786,0.1151976225647128,0.0218445473643187,1.9855741241031457e-15,17.592496054248183,3
136,0.45,4,144,1,1,1003,broad_xyz,22.359644512058757,False,0.0463013462388131,-0.0384420680151158,0.8712373015828778,0.1126285740122581,-0.5002697677606164,0.368343633330648,0.1250649702857527,0.0229358168203419,1.9855741241031457e-15,17.592496054248183,3
137,0.5,4,144,1,1,1003,broad_xyz,22.359644512058757,False,0.0235046923826052,-0.0601218479634509,0.7574452720987749,0.1514381039073493,-0.4352455652643711,0.4675138924302593,0.1416795494547064,0.0243625659026188,1.9855741241031457e-15,17.592496054248183,3
138,0.55,4,144,1,1,1003,broad_xyz,22.359644512058757,False,0.0003202443946861,-0.0484803504691885,0.6448293845171219,0.1843226357325392,-0.3188113018438167,0.4965481762192237,0.1438918120588099,0.0249588741138081,1.9855741241031457e-15,17.592496054248183,3
139,0.6,4,144,1,1,1003,broad_xyz,22.359644512058757,False,0.0402565348800253,0.0022465329420993,0.5362537240526263,0.1653224095112682,-0.1400510172527632,0.5034754611373045,0.1320041958640224,0.0251516453146784,1.9855741241031457e-15,17.592496054248183,3
140,0.6499999999999999,4,144,1,1,1003,broad_xyz,22.359644512058757,False,0.189625155071835,0.0986332286790187,0.4376642572605518,0.1398996866964951,0.0838566255219901,0.4661125953012189,0.1099693481071473,0.0253582731842931,1.9855741241031457e-15,17.592496054248183,3
141,0.7,4,144,1,1,1003,broad_xyz,22.359644512058757,False,0.3428096881903897,0.2609792897479024,0.4421062143979374,0.1628073684399242,0.232525821730456,0.4123380157457302,0.0832144317045667,0.0270696853250549,1.9855741241031457e-15,17.592496054248183,3
142,0.725,4,144,1,1,1003,broad_xyz,22.359644512058757,False,0.3563601747309072,0.3576165439016655,0.5319681926786474,0.192614944519027,0.2371572747460192,0.4190061626142816,0.0733583027155367,0.0290461927007856,1.9855741241031457e-15,17.592496054248183,3
143,0.75,4,144,1,1,1003,broad_xyz,22.359644512058757,False,0.3160554216750014,0.4120707882820276,0.6098067597862009,0.2048116064103314,0.217665103901399,0.4233430875647027,0.0863000030246132,0.0313524698218828,1.9855741241031457e-15,17.592496054248183,3
144,0.775,4,144,1,1,1003,broad_xyz,22.359644512058757,False,0.2519785861286803,0.4142485170614076,0.6489525984151737,0.1970567084505727,0.1980059862399624,0.4227973623837018,0.1131237964640894,0.0338838725850279,1.9855741241031457e-15,17.592496054248183,3
145,0.8,4,144,1,1,1003,broad_xyz,22.359644512058757,False,0.1986026263008543,0.3921719301446137,0.662284349520472,0.1849374930391857,0.191039545095597,0.4254596967750005,0.1436723413278336,0.0365428690917043,1.9855741241031457e-15,17.592496054248183,3
146,0.825,4,144,1,1,1003,broad_xyz,22.359644512058757,False,0.1685229458157925,0.370204597051167,0.6655159663819281,0.1803248119313814,0.1980191072960974,0.4325256939305316,0.1718593177829682,0.0392669122967917,1.9855741241031457e-15,17.592496054248183,3
147,0.85,4,144,1,1,1003,broad_xyz,22.359644512058757,False,0.1592290586036364,0.357791294943878,0.6636241097757571,0.188150337237065,0.2134469432717213,0.4393655497598579,0.1951095741571624,0.041978572185701,1.9855741241031457e-15,17.592496054248183,3
148,0.875,4,144,1,1,1003,broad_xyz,22.359644512058757,False,0.1609416424854486,0.3551132036154472,0.6571873310110654,0.2136400288638712,0.2364234439292441,0.4418154130510514,0.2123451148855153,0.0444890332783103,1.9855741241031457e-15,17.592496054248183,3
149,0.9,4,144,1,1,1003,broad_xyz,22.359644512058757,False,0.1634605388203839,0.357748601805046,0.6452621817865755,0.2590066457527044,0.2689921448292682,0.4369310288031831,0.2231899036898794,0.0466381983895068,1.9855741241031457e-15,17.592496054248183,3
150,0.95,4,144,1,1,1003,broad_xyz,22.359644512058757,False,0.1442813580622867,0.3708299138837103,0.6132658249620124,0.3908377473757812,0.3622851477009794,0.4129990130369685,0.227380853107287,0.0508316309542013,1.9855741241031457e-15,17.592496054248183,3
151,1.0,4,144,1,1,1003,broad_xyz,22.359644512058757,False,0.0548285420072489,0.3713736553852741,0.6494693676849355,0.5040750996660942,0.4333326634389716,0.4575766354806655,0.220739987702056,0.0581921712524138,1.9855741241031457e-15,17.592496054248183,3
152,0.05,4,144,1,1,1004,broad_xyz,22.359644512058757,False,0.2180197068516036,0.1509630773593599,0.5701297680144816,0.1201266322392806,0.0215659754011703,0.6067948345174035,0.0007638860797342,0.000108319612149,1.9855741241031457e-15,17.592496054248183,4
153,0.075,4,144,1,1,1004,broad_xyz,22.359644512058757,False,0.2463897608742481,0.1598292413049367,0.6001964998282947,0.146558734839051,0.0465511386090032,0.6591418848714284,0.0018173077351084,0.0002763097865072,1.9855741241031457e-15,17.592496054248183,4
154,0.1,4,144,1,1,1004,broad_xyz,22.359644512058757,False,0.2720580247708483,0.1669637835692311,0.6423271737025121,0.1864724442551324,0.0843657452877121,0.7071021555250405,0.0034517382763333,0.0005734086037379,1.9855741241031457e-15,17.592496054248183,4
155,0.125,4,144,1,1,1004,broad_xyz,22.359644512058757,False,0.3017700767344518,0.1702723400003304,0.6940439555242065,0.2409409981877162,0.1360436835406623,0.7476859227274526,0.0058522381670062,0.0010683609400087,1.9855741241031457e-15,17.592496054248183,4
156,0.15,4,144,1,1,1004,broad_xyz,22.359644512058757,False,0.3447322040029861,0.1727874404555792,0.7517070073565816,0.3092147548203843,0.1998713098236216,0.7782080099424438,0.0092372652509685,0.0018624682792185,1.9855741241031457e-15,17.592496054248183,4
157,0.1625,4,144,1,1,1004,broad_xyz,22.359644512058757,False,0.3724668057992603,0.1754275504350583,0.7806561508593521,0.346368550814799,0.2329507740302195,0.7887759649795076,0.0113617196401713,0.0024123814323806,1.9855741241031457e-15,17.592496054248183,4
158,0.175,4,144,1,1,1004,broad_xyz,22.359644512058757,False,0.4047462945306429,0.1789032440688054,0.8085374120752402,0.384786486251922,0.2647628341022947,0.7957965420331753,0.013810408672558,0.0030893871794523,1.9855741241031457e-15,17.592496054248183,4
159,0.1875,4,144,1,1,1004,broad_xyz,22.359644512058757,False,0.437540501488292,0.1823102537408416,0.8333507394742069,0.4212474836068031,0.2906284986156754,0.7985127154381255,0.0166089619567015,0.0039048635503047,1.9855741241031457e-15,17.592496054248183,4
160,0.2,4,144,1,1,1004,broad_xyz,22.359644512058757,False,0.4697952318391161,0.1869919763949737,0.8552666676902958,0.4567031139606705,0.3085622104590468,0.7971976438216626,0.0197804164675527,0.0048818264887971,1.9855741241031457e-15,17.592496054248183,4
161,0.2125,4,144,1,1,1004,broad_xyz,22.359644512058757,False,0.4956304938714062,0.1903866530561747,0.8728431524939303,0.4875621691076437,0.3101007804510892,0.7918136403131859,0.0233439532403814,0.0060241517121574,1.9855741241031457e-15,17.592496054248183,4
162,0.225,4,144,1,1,1004,broad_xyz,22.359644512058757,False,0.5135523620924894,0.1925270755418909,0.8866921952445724,0.5136067614794674,0.2870973634519242,0.7834002565231216,0.0273997028862404,0.0073435753249117,1.9855741241031457e-15,17.592496054248183,4
163,0.2375,4,144,1,1,1004,broad_xyz,22.359644512058757,False,0.5256451152226975,0.1982510070521153,0.8996726796833685,0.5404502156415344,0.2342934221256531,0.7733953973980838,0.0320963319109336,0.0088940534216875,1.9855741241031457e-15,17.592496054248183,4
164,0.25,4,144,1,1,1004,broad_xyz,22.359644512058757,False,0.5255263998623856,0.2025525441367481,0.909453821485,0.5624488628278267,0.1341530541880504,0.761182295413197,0.0372931098600318,0.0106503383316911,1.9855741241031457e-15,17.592496054248183,4
165,0.27,4,144,1,1,1004,broad_xyz,22.359644512058757,False,0.5052525478581144,0.2067409073785034,0.919512390714522,0.5879905106164437,-0.1180096161562303,0.7381857366708663,0.0466384937755084,0.0138956010834162,1.9855741241031457e-15,17.592496054248183,4
166,0.29,4,144,1,1,1004,broad_xyz,22.359644512058757,False,0.4744356582395723,0.2096594917606987,0.924307866866622,0.6043267056081609,-0.3782603205726262,0.7115262991071186,0.0571785279214797,0.0176980452655574,1.9855741241031457e-15,17.592496054248183,4
167,0.31,4,144,1,1,1004,broad_xyz,22.359644512058757,False,0.4441244796812165,0.2125116083725237,0.925683401735804,0.6138810527681136,-0.5515181476106082,0.6818036030733098,0.0687422202016621,0.0220609770618468,1.9855741241031457e-15,17.592496054248183,4
168,0.33,4,144,1,1,1004,broad_xyz,22.359644512058757,False,0.4162358813147787,0.2148066926923207,0.9245315395365274,0.6166192614147464,-0.6489414064129527,0.6488609126838155,0.0817440894558394,0.0269270077182622,1.9855741241031457e-15,17.592496054248183,4
169,0.35,4,144,1,1,1004,broad_xyz,22.359644512058757,False,0.3907425162520131,0.2169027167131551,0.921418395262816,0.613527559442047,-0.70099644383082,0.6113113009360881,0.0958376138432769,0.0322126065198012,1.9855741241031457e-15,17.592496054248183,4
170,0.37,4,144,1,1,1004,broad_xyz,22.359644512058757,False,0.3677099611148035,0.219231316773044,0.9164063642886472,0.6060254600296086,-0.7271240899844541,0.5668545372541249,0.1101819729744578,0.037803429646902,1.9855741241031457e-15,17.592496054248183,4
171,0.39,4,144,1,1,1004,broad_xyz,22.359644512058757,False,0.3469746681543621,0.2222675330615199,0.909757838265601,0.596226022919948,-0.7346474945028322,0.5148295674637545,0.125490672537238,0.0435994265846491,1.9855741241031457e-15,17.592496054248183,4
172,0.41,4,144,1,1,1004,broad_xyz,22.359644512058757,False,0.328109197079292,0.226117100629089,0.9016757797412563,0.5850014368136957,-0.7298989991882469,0.4572599281276922,0.1404525097541247,0.0494214457701697,1.9855741241031457e-15,17.592496054248183,4
173,0.43,4,144,1,1,1004,broad_xyz,22.359644512058757,False,0.3105924578107034,0.2310093771659354,0.8921500169232004,0.573069039922165,-0.7161457750418995,0.400580765388995,0.1543562037197514,0.0550841373262414,1.9855741241031457e-15,17.592496054248183,4
174,0.45,4,144,1,1,1004,broad_xyz,22.359644512058757,False,0.2937111434845313,0.2373313765472735,0.8811369566250457,0.56123115824457,-0.6954760447884538,0.3406207095783876,0.1676789822937507,0.0604424804646186,1.9855741241031457e-15,17.592496054248183,4
175,0.5,4,144,1,1,1004,broad_xyz,22.359644512058757,False,0.2522711647621727,0.2635387375219351,0.8483853538192843,0.5312239119219725,-0.6197029060657251,0.1990726492787032,0.1950855273750651,0.0717170077923656,1.9855741241031457e-15,17.592496054248183,4
176,0.55,4,144,1,1,1004,broad_xyz,22.359644512058757,False,0.2102233292185079,0.3108501993985691,0.8088451260198106,0.4895848343947803,-0.4878179474608602,0.1536771173501148,0.2073731950976493,0.0793595413652163,1.9855741241031457e-15,17.592496054248183,4
177,0.6,4,144,1,1,1004,broad_xyz,22.359644512058757,False,0.1726278589786153,0.3785381436388132,0.7591006635102227,0.4226534994968592,-0.2558945697840528,0.1703912964148364,0.2059867473959457,0.0831882760121234,1.9855741241031457e-15,17.592496054248183,4
178,0.6499999999999999,4,144,1,1,1004,broad_xyz,22.359644512058757,False,0.1583662470209327,0.45905050925499,0.6963298958103654,0.321628852528049,0.0618474989153005,0.2021774040948079,0.199954597866908,0.0836596617463903,1.9855741241031457e-15,17.592496054248183,4
179,0.7,4,144,1,1,1004,broad_xyz,22.359644512058757,False,0.224570731826343,0.5397103332566231,0.6207526537857965,0.1944181091569999,0.2106336220476151,0.2128691007829255,0.1932829248977931,0.0816780320049261,1.9855741241031457e-15,17.592496054248183,4
180,0.725,4,144,1,1,1004,broad_xyz,22.359644512058757,False,0.2993256772340593,0.5756935834508906,0.5755408614271004,0.1318990635394245,0.1718754373908523,0.202691607459742,0.1916339316612778,0.079973203139641,1.9855741241031457e-15,17.592496054248183,4
181,0.75,4,144,1,1,1004,broad_xyz,22.359644512058757,False,0.3851165469841445,0.605456511779559,0.5233993393938312,0.0761778629029873,0.0962013535935314,0.1815743750193626,0.191214739437084,0.0778960972228846,1.9855741241031457e-15,17.592496054248183,4
182,0.775,4,144,1,1,1004,broad_xyz,22.359644512058757,False,0.4593194088797288,0.6254441953934179,0.4663177520801464,0.0273643625050153,0.0161036866549068,0.1543520386576929,0.1917491055751843,0.0756375239376346,1.9855741241031457e-15,17.592496054248183,4
183,0.8,4,144,1,1,1004,broad_xyz,22.359644512058757,False,0.4993863848346448,0.6307825930459876,0.4134512878068265,-0.0207551431878507,-0.0456638732423102,0.1332211977540851,0.1924623773387154,0.0735681040877632,1.9855741241031457e-15,17.592496054248183,4
184,0.825,4,144,1,1,1004,broad_xyz,22.359644512058757,False,0.5019925749121398,0.6207285342515894,0.370788365869012,-0.0657533890854736,-0.0901247980142463,0.1226068946613507,0.1922439050689468,0.0718150354557149,1.9855741241031457e-15,17.592496054248183,4
185,0.85,4,144,1,1,1004,broad_xyz,22.359644512058757,False,0.4826151353246433,0.6026009050185082,0.3347163040663645,-0.09304917706995,-0.1242275284101869,0.1124968070938441,0.1955308949791566,0.0700548919259922,1.9855741241031457e-15,17.592496054248183,4
186,0.875,4,144,1,1,1004,broad_xyz,22.359644512058757,False,0.457720906524019,0.5880636147252849,0.2987375100889263,-0.0896885198279443,-0.1316829056282236,0.0915470009901957,0.1980962003507252,0.067928101338302,1.9855741241031457e-15,17.592496054248183,4
187,0.9,4,144,1,1,1004,broad_xyz,22.359644512058757,False,0.4376550170368796,0.5863634025388993,0.2507376906986535,-0.0476312279224452,-0.1282078844885238,0.0480848297400067,0.1937642504863485,0.0651653519285693,1.9855741241031457e-15,17.592496054248183,4
188,0.95,4,144,1,1,1004,broad_xyz,22.359644512058757,False,0.4011308624567173,0.6076912526010708,0.1327442297065401,0.1240538747099917,-0.1451342629046802,-0.0714266548234753,0.1667445995630915,0.0591446846288672,1.9855741241031457e-15,17.592496054248183,4
189,1.0,4,144,1,1,1004,broad_xyz,22.359644512058757,False,0.3295421945701827,0.6029195492225965,0.0948126574958045,0.2643338308277442,-0.1845613826439353,-0.0756675008302608,0.1781260791909903,0.0575491737507911,1.9855741241031457e-15,17.592496054248183,4
190,0.05,4,144,1,1,1005,broad_xyz,22.359644512058757,False,0.2365606626170004,0.2797236685305126,0.7616438181944368,0.4674063647326046,0.5099076201693149,0.8592285400298254,0.0005552766514708,0.0001983611920617,1.9855741241031457e-15,17.592496054248183,5
191,0.075,4,144,1,1,1005,broad_xyz,22.359644512058757,False,0.2126573352350378,0.2712860088512347,0.7725938991781118,0.4292012790915747,0.5096632512436429,0.8662400170653718,0.0013038248507712,0.0004677125336956,1.9855741241031457e-15,17.592496054248183,5
192,0.1,4,144,1,1,1005,broad_xyz,22.359644512058757,False,0.1742312292078524,0.2570205838256902,0.7912198310683277,0.3762207841167283,0.5071958792366057,0.8735548781464817,0.0024557369830068,0.0008839560664043,1.9855741241031457e-15,17.592496054248183,5
193,0.125,4,144,1,1,1005,broad_xyz,22.359644512058757,False,0.1276956044098409,0.2384303675464798,0.8147039479825116,0.3095259229214986,0.4969435452164644,0.8795768025117958,0.0041140852900935,0.0014854567485642,1.9855741241031457e-15,17.592496054248183,5
194,0.15,4,144,1,1,1005,broad_xyz,22.359644512058757,False,0.0812370473190648,0.2175026548826897,0.8398152583693093,0.2332131227449278,0.4712523446004049,0.8825148619687445,0.0063997356288733,0.0023191094108171,1.9855741241031457e-15,17.592496054248183,5
195,0.1625,4,144,1,1,1005,broad_xyz,22.359644512058757,False,0.0604540083541444,0.2068114032451846,0.8520860789638778,0.1933264904081204,0.4485530587304673,0.882367658114367,0.0078154063941644,0.002838950030988,1.9855741241031457e-15,17.592496054248183,5
196,0.175,4,144,1,1,1005,broad_xyz,22.359644512058757,False,0.0425045268102216,0.1962834146248715,0.8638044443300443,0.1533851509768227,0.417678281838102,0.8809683141884659,0.0094298020063259,0.0034359220525711,1.9855741241031457e-15,17.592496054248183,5
197,0.1875,4,144,1,1,1005,broad_xyz,22.359644512058757,False,0.0281133940490842,0.1861159581567581,0.8747808591676826,0.1141777250058078,0.377160953087258,0.8782238486148982,0.0112512013370642,0.0041158591878266,1.9855741241031457e-15,17.592496054248183,5
198,0.2,4,144,1,1,1005,broad_xyz,22.359644512058757,False,0.0177347977319414,0.1764804991062344,0.8848850419198614,0.0764284846061621,0.3244965717086882,0.8740596696635133,0.0132824676232653,0.0048837726103457,1.9855741241031457e-15,17.592496054248183,5
199,0.2125,4,144,1,1,1005,broad_xyz,22.359644512058757,False,0.0115591753932615,0.1675090238158368,0.8940339007832558,0.0407678773012877,0.2568293771697061,0.8684045038238863,0.0155192328838393,0.0057435030377555,1.9855741241031457e-15,17.592496054248183,5
200,0.225,4,144,1,1,1005,broad_xyz,22.359644512058757,False,0.0097298443835094,0.1592990146906594,0.9021753539007968,0.0077329528405801,0.174553540952528,0.861176194567913,0.0179480059546847,0.0066973379676911,1.9855741241031457e-15,17.592496054248183,5
201,0.2375,4,144,1,1,1005,broad_xyz,22.359644512058757,False,0.0130315968425718,0.151922767283411,0.9092700732098874,-0.0222170654767419,0.0785468396638825,0.8522686113816885,0.0205443366691475,0.0077456224893992,1.9855741241031457e-15,17.592496054248183,5
202,0.25,4,144,1,1,1005,broad_xyz,22.359644512058757,False,0.0219526861313165,0.1454374145789814,0.9152723951909638,-0.0486767874469033,-0.0275361669186774,0.8415406884931652,0.0234997955560401,0.008886390766295,1.9855741241031457e-15,17.592496054248183,5
203,0.27,4,144,1,1,1005,broad_xyz,22.359644512058757,False,0.0425763410746821,0.1370031819625953,0.92241104082355,-0.0828398899962446,-0.2004486529406955,0.820109679748521,0.0285409503578014,0.010891649742874,1.9855741241031457e-15,17.592496054248183,5
204,0.29,4,144,1,1,1005,broad_xyz,22.359644512058757,False,0.0675383927061577,0.1310490888791419,0.925998577448938,-0.1056337063369363,-0.3539784109356704,0.7925139475081222,0.0337013305911528,0.0130878238712035,1.9855741241031457e-15,17.592496054248183,5
205,0.31,4,144,1,1,1005,broad_xyz,22.359644512058757,False,0.0930681899915124,0.1276515621256961,0.9249884673522336,-0.1153954715511495,-0.474596419625141,0.7574542843958771,0.0386578959984856,0.0154238675873931,1.9855741241031457e-15,17.592496054248183,5
206,0.33,4,144,1,1,1005,broad_xyz,22.359644512058757,False,0.1178340641133001,0.1268855197808823,0.9176842640378888,-0.1101700884510592,-0.5599259530070504,0.7135013152992931,0.0440808628895274,0.0178336911204434,1.9855741241031457e-15,17.592496054248183,5
207,0.35,4,144,1,1,1005,broad_xyz,22.359644512058757,False,0.1410904572618461,0.1288018905959289,0.9016972080924812,-0.087795640560918,-0.6106569532579166,0.6594298707942935,0.0517541520174107,0.0202418235180496,1.9855741241031457e-15,17.592496054248183,5
208,0.37,4,144,1,1,1005,broad_xyz,22.359644512058757,False,0.1623241582563102,0.1333727160361473,0.8741623443036629,-0.0463289570180398,-0.628093943272111,0.5948056599845142,0.0604681265658531,0.0225708288508975,1.9855741241031457e-15,17.592496054248183,5
209,0.39,4,144,1,1,1005,broad_xyz,22.359644512058757,False,0.1812758481008134,0.1404253260012862,0.8323615241249889,0.0149813839762168,-0.6122156205609034,0.5209282820007003,0.0695528223063327,0.024748527207141,1.9855741241031457e-15,17.592496054248183,5
210,0.41,4,144,1,1,1005,broad_xyz,22.359644512058757,False,0.1979055285615348,0.149591682875459,0.7747459349407041,0.0939484874418993,-0.561853744781144,0.4412485384434251,0.0787503034684739,0.0267136088803238,1.9855741241031457e-15,17.592496054248183,5
211,0.43,4,144,1,1,1005,broad_xyz,22.359644512058757,False,0.2125551921205512,0.1603281747876997,0.7019857996545301,0.1830182803520614,-0.4795255652706879,0.3605628264706601,0.0877483100657909,0.0284187466152539,1.9855741241031457e-15,17.592496054248183,5
212,0.45,4,144,1,1,1005,broad_xyz,22.359644512058757,False,0.2253952455169481,0.1720252741228329,0.6173788839110159,0.2677383486895452,-0.3762360519715677,0.2812790949571621,0.0961920729542185,0.0298315385704851,1.9855741241031457e-15,17.592496054248183,5
213,0.5,4,144,1,1,1005,broad_xyz,22.359644512058757,False,0.23601239331649,0.1876165677112061,0.4590801451801705,0.3576843131319838,-0.1607048658715438,0.1433611899515271,0.1124085102564684,0.0327908181288089,1.9855741241031457e-15,17.592496054248183,5
214,0.55,4,144,1,1,1005,broad_xyz,22.359644512058757,False,0.2478591932485011,0.2061938125182252,0.3548839020415341,0.3598689403260812,-0.0559708329953728,0.061429398508792,0.1175924709499147,0.0345765000204146,1.9855741241031457e-15,17.592496054248183,5
215,0.6,4,144,1,1,1005,broad_xyz,22.359644512058757,False,0.2625904059272886,0.2428222974603007,0.296249609249469,0.3623333235259018,0.0483415931555965,0.0274137815067229,0.1094358486386981,0.0354778567817461,1.9855741241031457e-15,17.592496054248183,5
216,0.6499999999999999,4,144,1,1,1005,broad_xyz,22.359644512058757,False,0.2761050388890974,0.3172502941306595,0.2695066868567674,0.3152073390259081,0.2252787229919528,0.0358708339554966,0.0996394169318139,0.0361957673464631,1.9855741241031457e-15,17.592496054248183,5
217,0.7,4,144,1,1,1005,broad_xyz,22.359644512058757,False,0.2286955916496376,0.4111564146809275,0.3735493761587096,0.2601200839624737,0.3277342280951508,0.1539876569078044,0.1036354936871971,0.0386820037351441,1.9855741241031457e-15,17.592496054248183,5
218,0.725,4,144,1,1,1005,broad_xyz,22.359644512058757,False,0.1774355906529516,0.4330059400213832,0.4766014847478563,0.251535031519266,0.2972756670155362,0.2558240651924032,0.1108289901330071,0.0409273407073556,1.9855741241031457e-15,17.592496054248183,5
219,0.75,4,144,1,1,1005,broad_xyz,22.359644512058757,False,0.1153104774826455,0.4194133799647787,0.5790964124106666,0.2531023729495524,0.2291554783418056,0.3546979410071175,0.1238553831404657,0.0437462622131601,1.9855741241031457e-15,17.592496054248183,5
220,0.775,4,144,1,1,1005,broad_xyz,22.359644512058757,False,0.0613917061640369,0.3910527628587774,0.6395548957664223,0.2721058178188101,0.171424817676538,0.4129312864349167,0.1505945088529046,0.0467205373187249,1.9855741241031457e-15,17.592496054248183,5
221,0.8,4,144,1,1,1005,broad_xyz,22.359644512058757,False,0.0178970781184071,0.3623398902889955,0.6768629923305913,0.2992796636520398,0.1403834507795718,0.4446457456488616,0.1777268299841932,0.0498599987819595,1.9855741241031457e-15,17.592496054248183,5
222,0.825,4,144,1,1,1005,broad_xyz,22.359644512058757,False,-0.0061003843770021,0.353740567278027,0.6890792999401576,0.3316657722502544,0.1339554239902525,0.4456752570172922,0.2000840737241259,0.053076591516935,1.9855741241031457e-15,17.592496054248183,5
223,0.85,4,144,1,1,1005,broad_xyz,22.359644512058757,False,-0.0205282292956616,0.3619798574923782,0.6870341375571578,0.3694184561178342,0.1458847207327882,0.4297589971757543,0.2166808953907153,0.0562591222399388,1.9855741241031457e-15,17.592496054248183,5
224,0.875,4,144,1,1,1005,broad_xyz,22.359644512058757,False,-0.0384793298759615,0.3759637090642421,0.6784472674981245,0.410342553561372,0.1642551697173559,0.4111952261373693,0.2272661802554441,0.0591810695733115,1.9855741241031457e-15,17.592496054248183,5
225,0.9,4,144,1,1,1005,broad_xyz,22.359644512058757,False,-0.0666834985416258,0.3857387384146292,0.6705789258040061,0.4479065411010011,0.1790352942635844,0.4022558539924586,0.2322996786775256,0.061752213464709,1.9855741241031457e-15,17.592496054248183,5
226,0.95,4,144,1,1,1005,broad_xyz,22.359644512058757,False,-0.1390889905521084,0.3824931992063209,0.6655399702432574,0.504590216500677,0.2124789597872449,0.4228469485334069,0.2303462462951214,0.0660066583495769,1.9855741241031457e-15,17.592496054248183,5
227,1.0,4,144,1,1,1005,broad_xyz,22.359644512058757,False,-0.2180111957875415,0.3300648160370831,0.6952912938156417,0.5120696085575469,0.2175758950206932,0.5090266375045749,0.2231131778492614,0.0710420914215128,1.9855741241031457e-15,17.592496054248183,5
228,0.05,4,144,1,1,1006,broad_xyz,22.359644512058757,False,-0.1380136264445631,-0.3929076021509063,0.2444395944527282,0.0698864632503711,0.0629819570884008,0.2611357367955017,0.0002549831367034,2.5467564022829504e-05,1.9855741241031457e-15,17.592496054248183,6
229,0.075,4,144,1,1,1006,broad_xyz,22.359644512058757,False,-0.1128919889492306,-0.389835036979073,0.2810008643364326,0.1327861533368312,0.1439955293695725,0.2699476009595329,0.0006269337034992,6.123904554368398e-05,1.9855741241031457e-15,17.592496054248183,6
230,0.1,4,144,1,1,1006,broad_xyz,22.359644512058757,False,-0.0993416184861942,-0.3865508805215357,0.3116938929625995,0.1901947464469466,0.2262315261510279,0.2641486956553643,0.0012564387607034,0.0001189198057492,1.9855741241031457e-15,17.592496054248183,6
231,0.125,4,144,1,1,1006,broad_xyz,22.359644512058757,False,-0.1030533087177232,-0.3824001788409016,0.3349274032737144,0.2424652366850929,0.3091467368823169,0.2458312887502562,0.0022570229401723,0.000207768711499,1.9855741241031457e-15,17.592496054248183,6
232,0.15,4,144,1,1,1006,broad_xyz,22.359644512058757,False,-0.1266156319649526,-0.3805859994015378,0.3449643335081104,0.2969090101950071,0.3922889278479802,0.2094012580693778,0.00377825977615,0.0003482388328032,1.9855741241031457e-15,17.592496054248183,6
233,0.1625,4,144,1,1,1006,broad_xyz,22.359644512058757,False,-0.1482116651849679,-0.3811928462453484,0.3442473908361094,0.3237334273827255,0.4280907023429866,0.1843774790577806,0.0047892207062801,0.0004468653792802,1.9855741241031457e-15,17.592496054248183,6
234,0.175,4,144,1,1,1006,broad_xyz,22.359644512058757,False,-0.1778811647287043,-0.3804415600755783,0.3425733813344171,0.3468426791599593,0.4571550205842237,0.1585669902905501,0.0059992708693164,0.0005671495502682,1.9855741241031457e-15,17.592496054248183,6
235,0.1875,4,144,1,1,1006,broad_xyz,22.359644512058757,False,-0.2112762117054076,-0.3776460176102846,0.3409548750658344,0.3675036029713452,0.4813800076262253,0.1324205069467366,0.0074334844483713,0.0007147491544938,1.9855741241031457e-15,17.592496054248183,6
236,0.2,4,144,1,1,1006,broad_xyz,22.359644512058757,False,-0.2472099707334636,-0.3743028836604946,0.3428912360432041,0.3856068869765702,0.502328744072871,0.1088600464316382,0.009116933913229,0.0008931293893416,1.9855741241031457e-15,17.592496054248183,6
237,0.2125,4,144,1,1,1006,broad_xyz,22.359644512058757,False,-0.2839892884377576,-0.3732094869716351,0.3547453038978867,0.402383646695424,0.5241847828912912,0.0915744308494569,0.0110739399527902,0.001113271022333,1.9855741241031457e-15,17.592496054248183,6
238,0.225,4,144,1,1,1006,broad_xyz,22.359644512058757,False,-0.3126621503628915,-0.3697529565745152,0.365606510311393,0.4147960150740971,0.5342886215984353,0.0736659980975963,0.013327216374284,0.0013751069306384,1.9855741241031457e-15,17.592496054248183,6
239,0.2375,4,144,1,1,1006,broad_xyz,22.359644512058757,False,-0.3317061807475795,-0.3648169965638858,0.375596064855637,0.4226101408833475,0.5310622655792323,0.055615736365656,0.0158969215879506,0.0016801330480195,1.9855741241031457e-15,17.592496054248183,6
240,0.25,4,144,1,1,1006,broad_xyz,22.359644512058757,False,-0.3416962400761202,-0.358865970787042,0.3849813916133492,0.4259102459402569,0.5158921942462114,0.0377517587060792,0.0187996350576342,0.0020308851549323,1.9855741241031457e-15,17.592496054248183,6
241,0.27,4,144,1,1,1006,broad_xyz,22.359644512058757,False,-0.3424977471804628,-0.3473995246487123,0.3982074946192584,0.4222189820396106,0.477025765692093,0.009248586505657,0.0241642898087313,0.0026995508011774,1.9855741241031457e-15,17.592496054248183,6
242,0.29,4,144,1,1,1006,broad_xyz,22.359644512058757,False,-0.3315017320482842,-0.3337246331570918,0.4100013541910527,0.4089292072379221,0.4195296332570697,-0.0189625847752959,0.0304266856778431,0.003520177631438,1.9855741241031457e-15,17.592496054248183,6
243,0.31,4,144,1,1,1006,broad_xyz,22.359644512058757,False,-0.3163406402306125,-0.3173558104555176,0.4219226024835027,0.3872748576155914,0.3525245906952238,-0.0463933714830313,0.0375551570077077,0.0045338964000562,1.9855741241031457e-15,17.592496054248183,6
244,0.33,4,144,1,1,1006,broad_xyz,22.359644512058757,False,-0.2991536591816066,-0.2978837828872682,0.4410297408866701,0.3572285143999152,0.2968195583389071,-0.0690797810199104,0.0454609890025811,0.005816585891744,1.9855741241031457e-15,17.592496054248183,6
245,0.35,4,144,1,1,1006,broad_xyz,22.359644512058757,False,-0.2809358348736356,-0.2743422151216513,0.463471686667101,0.3205781618697312,0.2401402969090043,-0.0896105338053679,0.0539932302497396,0.0074201549276262,1.9855741241031457e-15,17.592496054248183,6
246,0.37,4,144,1,1,1006,broad_xyz,22.359644512058757,False,-0.2653570079029426,-0.2473400309740571,0.4825516332993443,0.2811817440285546,0.1807243522244183,-0.1114498754442147,0.0629386805585963,0.0093571650125838,1.9855741241031457e-15,17.592496054248183,6
247,0.39,4,144,1,1,1006,broad_xyz,22.359644512058757,False,-0.2520677461483177,-0.2144959265548943,0.5026005327550616,0.2410287860803009,0.1196295374389113,-0.1312450851638197,0.0720282573858237,0.0117342814996981,1.9855741241031457e-15,17.592496054248183,6
248,0.41,4,144,1,1,1006,broad_xyz,22.359644512058757,False,-0.2390974054763978,-0.1758101907155076,0.5240039451447074,0.2033515237814651,0.0670362344128444,-0.1475029339845147,0.0811385858789619,0.0146088114222648,1.9855741241031457e-15,17.592496054248183,6
249,0.43,4,144,1,1,1006,broad_xyz,22.359644512058757,False,-0.2249676226198775,-0.1300123445174174,0.5506826003540627,0.1698312194927837,0.0286348060022499,-0.1537974367023388,0.0921096992605427,0.0180766524435338,1.9855741241031457e-15,17.592496054248183,6
250,0.45,4,144,1,1,1006,broad_xyz,22.359644512058757,False,-0.2089572028653844,-0.0803633843452715,0.5779188289363698,0.1469080524546439,0.0126676492323791,-0.1485897363007709,0.1026812535810275,0.0220489615094684,1.9855741241031457e-15,17.592496054248183,6
251,0.5,4,144,1,1,1006,broad_xyz,22.359644512058757,False,-0.1569416199729918,0.0580501929933486,0.6593464973724208,0.1485017319485493,0.0836872658266622,-0.0389638699217934,0.1248980436711066,0.0338545930976079,1.9855741241031457e-15,17.592496054248183,6
252,0.55,4,144,1,1,1006,broad_xyz,22.359644512058757,False,-0.0781765829723078,0.2036538151544347,0.7465054811705468,0.2501101516991748,0.2165052559575782,0.1859192818741918,0.1372340491166263,0.0467599585115986,1.9855741241031457e-15,17.592496054248183,6
253,0.6,4,144,1,1,1006,broad_xyz,22.359644512058757,False,0.0282005240715745,0.3457238216208166,0.8132587081918656,0.4127687172283147,0.3308084714687794,0.3413886465202801,0.1371529479624251,0.0588481670408434,1.9855741241031457e-15,17.592496054248183,6
254,0.6499999999999999,4,144,1,1,1006,broad_xyz,22.359644512058757,False,0.132794169972033,0.466380348472374,0.831325645466462,0.5679541162243121,0.4224916164629552,0.2992352975058808,0.1346674186123111,0.0689456329820982,1.9855741241031457e-15,17.592496054248183,6
255,0.7,4,144,1,1,1006,broad_xyz,22.359644512058757,False,0.1662148164836359,0.5411126832992085,0.7831690687238893,0.676109006945721,0.5284935841148072,0.1397022997481022,0.1509468334903368,0.0763947175878907,1.9855741241031457e-15,17.592496054248183,6
256,0.725,4,144,1,1,1006,broad_xyz,22.359644512058757,False,0.1495628249950999,0.5598047265238109,0.741181415669624,0.7076467231318985,0.5933703285295561,0.0506968557332511,0.1631457550387197,0.079078315367299,1.9855741241031457e-15,17.592496054248183,6
257,0.75,4,144,1,1,1006,broad_xyz,22.359644512058757,False,0.1210980001427603,0.5698072282996172,0.695708833200467,0.724553706051766,0.6515452513280542,-0.0307749744787346,0.1735767931891767,0.0811648103740037,1.9855741241031457e-15,17.592496054248183,6
258,0.775,4,144,1,1,1006,broad_xyz,22.359644512058757,False,0.0905743026373496,0.5759001139086197,0.653562211180658,0.7291973570790458,0.6797955828454404,-0.0949602695601511,0.1824400678139157,0.0828543686191207,1.9855741241031457e-15,17.592496054248183,6
259,0.8,4,144,1,1,1006,broad_xyz,22.359644512058757,False,0.0670628698909261,0.5839406682202969,0.6210590068952804,0.7253832668899353,0.672913763516802,-0.136274058009381,0.1942431573746708,0.0844451215878612,1.9855741241031457e-15,17.592496054248183,6
260,0.825,4,144,1,1,1006,broad_xyz,22.359644512058757,False,0.0648189141925836,0.6016876009061518,0.6035236359167091,0.7160803652554248,0.6610031880254386,-0.1501974944708449,0.2044994362900782,0.0863371229716864,1.9855741241031457e-15,17.592496054248183,6
261,0.85,4,144,1,1,1006,broad_xyz,22.359644512058757,False,0.0892861726829502,0.6303287573402685,0.5999436277549055,0.6965096329866293,0.6352165532414475,-0.1380798533442122,0.2131557276952079,0.0886856451645865,1.9855741241031457e-15,17.592496054248183,6
262,0.875,4,144,1,1,1006,broad_xyz,22.359644512058757,False,0.1303897376798163,0.6618375437111221,0.6031322231216684,0.65960895535314,0.5968440289290792,-0.1076590050884579,0.2202224212306117,0.0911762749352351,1.9855741241031457e-15,17.592496054248183,6
263,0.9,4,144,1,1,1006,broad_xyz,22.359644512058757,False,0.174313216758493,0.6890754050140668,0.6042441012420467,0.6056992761445565,0.5393145585679036,-0.0745364398669609,0.2257234317321691,0.093298004413364,1.9855741241031457e-15,17.592496054248183,6
264,0.95,4,144,1,1,1006,broad_xyz,22.359644512058757,False,0.2558308364715811,0.7261061478470867,0.5770005476783318,0.4706538243930005,0.3734653934021902,-0.0468697946144339,0.2319070139018104,0.0947846836057104,1.9855741241031457e-15,17.592496054248183,6
265,1.0,4,144,1,1,1006,broad_xyz,22.359644512058757,False,0.3272088156981495,0.7216578571879042,0.5244733637291384,0.2956399676391706,0.1662416221444261,-0.0428873076671187,0.2308765962728852,0.0928528937661262,1.9855741241031457e-15,17.592496054248183,6
266,0.05,4,144,1,1,1007,broad_xyz,22.359644512058757,False,0.0958651946379316,0.6027005906830394,0.7992156542428941,-0.3095254382964553,-0.3365440038437611,0.8307017718725911,0.0007468964026223,0.0003055345482965,1.9855741241031457e-15,17.592496054248183,7
267,0.075,4,144,1,1,1007,broad_xyz,22.359644512058757,False,0.095785574002805,0.603196573145833,0.802990046976382,-0.3069837201021289,-0.3399299005366057,0.8134790675598826,0.0016959908687228,0.0006975003307147,1.9855741241031457e-15,17.592496054248183,7
268,0.1,4,144,1,1,1007,broad_xyz,22.359644512058757,False,0.1023062422479804,0.602412890919196,0.8091814199943619,-0.3067093298744421,-0.3345691889498502,0.7988163840009647,0.0030942308134596,0.0012737353147465,1.9855741241031457e-15,17.592496054248183,7
269,0.125,4,144,1,1,1007,broad_xyz,22.359644512058757,False,0.1160128431479424,0.5985933731281523,0.8190223695436833,-0.310237030841098,-0.3125948094795172,0.7898018433377408,0.005019391666623,0.0020668410648589,1.9855741241031457e-15,17.592496054248183,7
270,0.15,4,144,1,1,1007,broad_xyz,22.359644512058757,False,0.1355958767020228,0.5910616136058708,0.8314603211804897,-0.3174112884872286,-0.2629776425244182,0.7863520935931041,0.007578123047493,0.0031179802399302,1.9855741241031457e-15,17.592496054248183,7
271,0.1625,4,144,1,1,1007,broad_xyz,22.359644512058757,False,0.1474276187328747,0.5859566821598191,0.8379928314348438,-0.3220118107578549,-0.221693395286596,0.7861914375388169,0.0091339870188546,0.003754642679665,1.9855741241031457e-15,17.592496054248183,7
272,0.175,4,144,1,1,1007,broad_xyz,22.359644512058757,False,0.1604652741541602,0.5799920687676416,0.8445526519421371,-0.3271890632158978,-0.1640623545540273,0.7869006390366036,0.010896508877632,0.0044734798353394,1.9855741241031457e-15,17.592496054248183,7
273,0.1875,4,144,1,1,1007,broad_xyz,22.359644512058757,False,0.1745379391490172,0.5732448820816195,0.8510155912684616,-0.3328479207496515,-0.0844565750460307,0.7883271690449193,0.0128826814589418,0.0052805781650828,1.9855741241031457e-15,17.592496054248183,7
274,0.2,4,144,1,1,1007,broad_xyz,22.359644512058757,False,0.1894078397444891,0.565829188464442,0.8572753195532749,-0.338882553446256,0.0231869636601592,0.790310819587755,0.0151090680553559,0.0061818180946062,1.9855741241031457e-15,17.592496054248183,7
275,0.2125,4,144,1,1,1007,broad_xyz,22.359644512058757,False,0.2047646215123061,0.5578885456912772,0.8632472449539867,-0.3451816481798859,0.1610665815962151,0.7926902147969677,0.0176417905583701,0.0071826791963692,1.9855741241031457e-15,17.592496054248183,7
276,0.225,4,144,1,1,1007,broad_xyz,22.359644512058757,False,0.2202388979586561,0.549586782772365,0.8688695978080907,-0.3516330510414179,0.3190641210664415,0.7953069979507513,0.0204977072628634,0.008288030386012,1.9855741241031457e-15,17.592496054248183,7
277,0.2375,4,144,1,1,1007,broad_xyz,22.359644512058757,False,0.2354397652514448,0.5410982400661112,0.8741020036508887,-0.3581273842786128,0.4706087710269543,0.7980077130713283,0.0236556130815544,0.0095019102336414,1.9855741241031457e-15,17.592496054248183,7
278,0.25,4,144,1,1,1007,broad_xyz,22.359644512058757,False,0.2500133207726361,0.5325986080266342,0.8789221501976376,-0.3645604130101819,0.5878281630500386,0.8006436556135623,0.0271231536684308,0.0108273042820751,1.9855741241031457e-15,17.592496054248183,7
279,0.27,4,144,1,1,1007,broad_xyz,22.359644512058757,False,0.2714588856578205,0.5193943732689347,0.885758456912612,-0.3744836171184045,0.6899417820678257,0.804363028378414,0.0335360210380923,0.0131836222806947,1.9855741241031457e-15,17.592496054248183,7
280,0.29,4,144,1,1,1007,broad_xyz,22.359644512058757,False,0.2905603236297104,0.5072136821655551,0.891522422915651,-0.3836340746211208,0.725219953021402,0.8069438211438668,0.0407393197548727,0.0158282654298638,1.9855741241031457e-15,17.592496054248183,7
281,0.31,4,144,1,1,1007,broad_xyz,22.359644512058757,False,0.3082890808574348,0.4965742018886263,0.8962267615152899,-0.3916689242439585,0.7333962205221511,0.8077539500202041,0.0486268434355699,0.0187489662674416,1.9855741241031457e-15,17.592496054248183,7
282,0.33,4,144,1,1,1007,broad_xyz,22.359644512058757,False,0.3263394873209186,0.4878999339420818,0.8998604109582354,-0.3982294601883021,0.7328144870726011,0.8060980831683873,0.0570330964642782,0.0219213220778995,1.9855741241031457e-15,17.592496054248183,7
283,0.35,4,144,1,1,1007,broad_xyz,22.359644512058757,False,0.3463293020759331,0.4815315672463826,0.9023644463048413,-0.4029485904399523,0.7300564097399604,0.8012147971019074,0.06573242215238,0.0253093449984064,1.9855741241031457e-15,17.592496054248183,7
284,0.37,4,144,1,1,1007,broad_xyz,22.359644512058757,False,0.3690252988097901,0.4777663985277044,0.9036236419769176,-0.405439250107514,0.7267159769155659,0.7922955690600897,0.0744471736589725,0.0288672387532221,1.9855741241031457e-15,17.592496054248183,7
285,0.39,4,144,1,1,1007,broad_xyz,22.359644512058757,False,0.3940656176197897,0.476902903685065,0.9034658225150464,-0.405314837906795,0.7221139706224224,0.7785385920621842,0.0830607259759766,0.0325426021832377,1.9855741241031457e-15,17.592496054248183,7
286,0.41,4,144,1,1,1007,broad_xyz,22.359644512058757,False,0.4204856976858147,0.4791570785226965,0.9018389385657504,-0.4024368581186624,0.7144503957960857,0.7594520018479989,0.0917961603684769,0.0362822706868769,1.9855741241031457e-15,17.592496054248183,7
287,0.43,4,144,1,1,1007,broad_xyz,22.359644512058757,False,0.4472432487880572,0.4846839573521381,0.898797468275247,-0.3969786379220594,0.7015751059855758,0.7349607921593612,0.0999796915185686,0.0400373818517781,1.9855741241031457e-15,17.592496054248183,7
288,0.45,4,144,1,1,1007,broad_xyz,22.359644512058757,False,0.4738110657767322,0.4943522530711439,0.893337646848665,-0.388186288186167,0.6824492954496767,0.704094642138268,0.1079563267974669,0.0437550112664981,1.9855741241031457e-15,17.592496054248183,7
289,0.5,4,144,1,1,1007,broad_xyz,22.359644512058757,False,0.5330812296950522,0.5387678800246163,0.8662440823657652,-0.350677488849745,0.6320937374863252,0.601583382044935,0.1290522436105414,0.0526165583902322,1.9855741241031457e-15,17.592496054248183,7
290,0.55,4,144,1,1,1007,broad_xyz,22.359644512058757,False,0.5697031533039192,0.6113172859698958,0.8132343594453959,-0.2798610151743807,0.6095080571377312,0.4753243652594184,0.146156345762615,0.0604061865013499,1.9855741241031457e-15,17.592496054248183,7
291,0.6,4,144,1,1,1007,broad_xyz,22.359644512058757,False,0.5811933911020944,0.7005261839500414,0.7301243849669323,-0.1488409437077982,0.5118841447199872,0.3467474951546147,0.1609931339228246,0.0667682338379104,1.9855741241031457e-15,17.592496054248183,7
292,0.6499999999999999,4,144,1,1,1007,broad_xyz,22.359644512058757,False,0.5670712008562973,0.7842887687203697,0.6308831383228098,0.0595907542349035,0.0727545615156211,0.2393373685271435,0.1701365655778758,0.071919607764793,1.9855741241031457e-15,17.592496054248183,7
293,0.7,4,144,1,1,1007,broad_xyz,22.359644512058757,False,0.5238826479528487,0.8350511807289943,0.5522956337141838,0.3179985475115784,-0.2903378056503564,0.17644598205969,0.1746922351365272,0.0764318533348847,1.9855741241031457e-15,17.592496054248183,7
294,0.725,4,144,1,1,1007,broad_xyz,22.359644512058757,False,0.4900569118697985,0.8416495398559266,0.5335066589849592,0.4404850910868787,-0.3055528568035974,0.1659576002156415,0.1761873222693416,0.0786194024259253,1.9855741241031457e-15,17.592496054248183,7
295,0.75,4,144,1,1,1007,broad_xyz,22.359644512058757,False,0.4478410255622276,0.8355854692493837,0.5322550523951576,0.5413762828703794,-0.2410412341432452,0.1686559847560555,0.1777095161136659,0.0808683616454904,1.9855741241031457e-15,17.592496054248183,7
296,0.775,4,144,1,1,1007,broad_xyz,22.359644512058757,False,0.3982811837758894,0.8189370950100262,0.5479257087245257,0.6129452686818179,-0.1391278165914827,0.1821662969837253,0.1796130131199914,0.0832701351437238,1.9855741241031457e-15,17.592496054248183,7
297,0.8,4,144,1,1,1007,broad_xyz,22.359644512058757,False,0.3441490035988953,0.7949432488961247,0.5762698708334626,0.6548096709685332,-0.0421213143751661,0.2028741333043031,0.1821505133357746,0.0859295846032116,1.9855741241031457e-15,17.592496054248183,7
298,0.825,4,144,1,1,1007,broad_xyz,22.359644512058757,False,0.2901507206755934,0.767485590917551,0.6100348938999222,0.6716084018278882,0.0268178420435111,0.2262118047113128,0.1854343432130309,0.0890031456448382,1.9855741241031457e-15,17.592496054248183,7
299,0.85,4,144,1,1,1007,broad_xyz,22.359644512058757,False,0.2421279659585835,0.7407358542328546,0.641103703771704,0.6684488849181889,0.0329662473712994,0.247401676732045,0.1894066734993735,0.0926490089399744,1.9855741241031457e-15,17.592496054248183,7
300,0.875,4,144,1,1,1007,broad_xyz,22.359644512058757,False,0.2021330901560173,0.7157062946908519,0.6645703892066669,0.6449489098587887,-0.0345489003864091,0.2638852355694697,0.1938338044217865,0.0968438336140253,1.9855741241031457e-15,17.592496054248183,7
301,0.9,4,144,1,1,1007,broad_xyz,22.359644512058757,False,0.1730606750531454,0.6957305479480423,0.6798085971799592,0.6005712984632371,-0.1510167557312161,0.2764008123912232,0.1991982761837709,0.1012450035670609,1.9855741241031457e-15,17.592496054248183,7
302,0.95,4,144,1,1,1007,broad_xyz,22.359644512058757,False,0.1457323325395288,0.6696396582775358,0.6830718379021693,0.4403116093698173,-0.3058180096919534,0.2859723982424395,0.2187257627747827,0.1096760849376746,1.9855741241031457e-15,17.592496054248183,7
303,1.0,4,144,1,1,1007,broad_xyz,22.359644512058757,False,0.1499271202603903,0.6441929397413145,0.6622838491215443,0.2041791227462638,-0.3274150294107578,0.2714334807645986,0.2292924388502124,0.1165413377216037,1.9855741241031457e-15,17.592496054248183,7
304,0.05,4,144,1,1,1008,broad_xyz,22.359644512058757,False,0.234895063368371,0.3966115274597411,0.2523799693148842,-0.1396350364824045,-0.2143834015650312,0.380015375430248,0.0005742056051176,0.0001821323591067,1.9855741241031457e-15,17.592496054248183,8
305,0.075,4,144,1,1,1008,broad_xyz,22.359644512058757,False,0.3321946841922641,0.3898059651226612,0.2271855188488864,-0.0996719596434489,-0.188010937039712,0.3525507116596369,0.0013239917614277,0.0004203864557603,1.9855741241031457e-15,17.592496054248183,8
306,0.1,4,144,1,1,1008,broad_xyz,22.359644512058757,False,0.4212233622544782,0.3812743867723711,0.1991895089682364,-0.0520018130422692,-0.1518266210334186,0.3110347299559971,0.0024174387188576,0.0007702942984967,1.9855741241031457e-15,17.592496054248183,8
307,0.125,4,144,1,1,1008,broad_xyz,22.359644512058757,False,0.5012759696578493,0.3713703759457459,0.1719387908010402,-0.0008354474325587,-0.1026096555138762,0.2623721609188252,0.0038851981690784,0.0012455450299308,1.9855741241031457e-15,17.592496054248183,8
308,0.15,4,144,1,1,1008,broad_xyz,22.359644512058757,False,0.571526114541111,0.3603842077556443,0.1479957392508093,0.0514480928712214,-0.0288209279732811,0.211484179472323,0.0057742056076367,0.0018620279055283,1.9855741241031457e-15,17.592496054248183,8
309,0.1625,4,144,1,1,1008,broad_xyz,22.359644512058757,False,0.6019431224978263,0.3544750848119071,0.1373004658292964,0.0779536843431882,0.0228277353656312,0.1857534231159026,0.0068871948185676,0.0022281092301763,1.9855741241031457e-15,17.592496054248183,8
310,0.175,4,144,1,1,1008,broad_xyz,22.359644512058757,False,0.6285356181191604,0.3484268386340271,0.1276287770824785,0.1045426513778993,0.0866575944663784,0.1602131762254896,0.0081180264788639,0.00263563176071,1.9855741241031457e-15,17.592496054248183,8
311,0.1875,4,144,1,1,1008,broad_xyz,22.359644512058757,False,0.6505391138414336,0.3420915615455652,0.1186129001002019,0.1311779690775916,0.1626566878297176,0.1346939232390657,0.0094707367588131,0.0030857756741543,1.9855741241031457e-15,17.592496054248183,8
312,0.2,4,144,1,1,1008,broad_xyz,22.359644512058757,False,0.6673765035747056,0.3356140276090914,0.110394664956114,0.1576286426524661,0.247658961912852,0.1094655537355517,0.0109939626058041,0.0035804692575044,1.9855741241031457e-15,17.592496054248183,8
313,0.2125,4,144,1,1,1008,broad_xyz,22.359644512058757,False,0.6784478593646633,0.3291064801375326,0.1029704606731979,0.1836863157688832,0.334841862552547,0.0846502906586159,0.0127202475529924,0.0041215462579125,1.9855741241031457e-15,17.592496054248183,8
314,0.225,4,144,1,1,1008,broad_xyz,22.359644512058757,False,0.6833560661683871,0.3225549786428561,0.096274211889483,0.209069863614092,0.4152243995790396,0.0603268090774168,0.0146103917075361,0.0047100624324491,1.9855741241031457e-15,17.592496054248183,8
315,0.2375,4,144,1,1,1008,broad_xyz,22.359644512058757,False,0.6818590613895771,0.3160588434246384,0.0903411864129108,0.2334735486225287,0.4812064969605241,0.0366331663263303,0.0166686784727248,0.0053473280747927,1.9855741241031457e-15,17.592496054248183,8
316,0.25,4,144,1,1,1008,broad_xyz,22.359644512058757,False,0.6741030775129162,0.3097209339155966,0.0851871758516261,0.2565621965413183,0.5293602443204399,0.0136747105572731,0.0188976551112213,0.0060344981496441,1.9855741241031457e-15,17.592496054248183,8
317,0.27,4,144,1,1,1008,broad_xyz,22.359644512058757,False,0.6511012762662879,0.3001389615923178,0.078502048271714,0.2898377207653944,0.5717818055553123,-0.0213941533707238,0.0228191471339882,0.0072404337570025,1.9855741241031457e-15,17.592496054248183,8
318,0.29,4,144,1,1,1008,broad_xyz,22.359644512058757,False,0.622522751369565,0.2902047022134923,0.0746019230666996,0.3151995761530477,0.5810184542465943,-0.0529066275097498,0.0271653924094097,0.0085851271267431,1.9855741241031457e-15,17.592496054248183,8
319,0.31,4,144,1,1,1008,broad_xyz,22.359644512058757,False,0.5938921490282767,0.2863802582425149,0.0777880782079532,0.3300828824026326,0.5648024622698034,-0.0791061704719663,0.031903415938132,0.0101347412068617,1.9855741241031457e-15,17.592496054248183,8
320,0.33,4,144,1,1,1008,broad_xyz,22.359644512058757,False,0.5562155413168891,0.2889965322730667,0.1088287895423058,0.3121152143825955,0.5264490576520378,-0.079633741980678,0.0369764232189944,0.0121457320164258,1.9855741241031457e-15,17.592496054248183,8
321,0.35,4,144,1,1,1008,broad_xyz,22.359644512058757,False,0.5164857468508733,0.2939353119116332,0.1530838262604543,0.27486724950154,0.4619022591751592,-0.0657676352030202,0.0424994034375274,0.0145321805989243,1.9855741241031457e-15,17.592496054248183,8
322,0.37,4,144,1,1,1008,broad_xyz,22.359644512058757,False,0.477526296069544,0.3019134167408032,0.2115976567293242,0.2229825153743805,0.3704892674457506,-0.0344419909700731,0.0486812651122235,0.0173160691369317,1.9855741241031457e-15,17.592496054248183,8
323,0.39,4,144,1,1,1008,broad_xyz,22.359644512058757,False,0.4405094228359829,0.3121073295547196,0.2800353730508222,0.1644519217100831,0.2590242166653672,0.0104158023093616,0.0550302709914938,0.0204766551554362,1.9855741241031457e-15,17.592496054248183,8
324,0.41,4,144,1,1,1008,broad_xyz,22.359644512058757,False,0.4035773788255306,0.3236052361235149,0.3589650126093365,0.1069316515073752,0.1402994455844486,0.0711557546905823,0.0613796517487139,0.0239927386640352,1.9855741241031457e-15,17.592496054248183,8
325,0.43,4,144,1,1,1008,broad_xyz,22.359644512058757,False,0.3663405391308599,0.3330728870246592,0.4397003978634364,0.0586497353739751,0.0329374003461212,0.1396234210252353,0.067535653818258,0.0277800841665825,1.9855741241031457e-15,17.592496054248183,8
326,0.45,4,144,1,1,1008,broad_xyz,22.359644512058757,False,0.3290312387245019,0.3391566713238231,0.5179850558894401,0.0247556511415488,-0.0511226383735264,0.2124194468687471,0.0732869920758995,0.0317694595141942,1.9855741241031457e-15,17.592496054248183,8
327,0.5,4,144,1,1,1008,broad_xyz,22.359644512058757,False,0.2469935717281018,0.3417796710630894,0.6797525344087356,0.006107163218709,-0.1566723948340709,0.387571576453183,0.0903000466504267,0.0421006461069914,1.9855741241031457e-15,17.592496054248183,8
328,0.55,4,144,1,1,1008,broad_xyz,22.359644512058757,False,0.2238925838731699,0.3465098073920847,0.7845623399276013,0.0585684037586557,-0.2233868267660814,0.521911562539284,0.119890504161216,0.0520079984298935,1.9855741241031457e-15,17.592496054248183,8
329,0.6,4,144,1,1,1008,broad_xyz,22.359644512058757,False,0.2719948309135164,0.3619665868216477,0.8444795111501762,0.1783740985683631,-0.2790514340188136,0.5959717304894278,0.1403812140925337,0.0600079460162825,1.9855741241031457e-15,17.592496054248183,8
330,0.6499999999999999,4,144,1,1,1008,broad_xyz,22.359644512058757,False,0.3324735419297248,0.37863541096423,0.8556630747719838,0.3556326486055851,-0.3170732639529533,0.5971713134424581,0.1625132892240578,0.0645903584738692,1.9855741241031457e-15,17.592496054248183,8
331,0.7,4,144,1,1,1008,broad_xyz,22.359644512058757,False,0.2555840280160558,0.3971898926819964,0.8145878539761047,0.5422349744769738,-0.2739298857420443,0.518926061965841,0.1768869421622348,0.0655939262272127,1.9855741241031457e-15,17.592496054248183,8
332,0.725,4,144,1,1,1008,broad_xyz,22.359644512058757,False,0.1581481654770838,0.410331837842484,0.7785590791519025,0.6203409990238825,-0.1714068238292493,0.4567747716184031,0.1808861327292011,0.0651760904367731,1.9855741241031457e-15,17.592496054248183,8
333,0.75,4,144,1,1,1008,broad_xyz,22.359644512058757,False,0.0578375183016695,0.4286802238080358,0.7393345157173682,0.6824105382929995,-0.0021177979677269,0.3910093302142166,0.1841650608095472,0.0646198572394417,1.9855741241031457e-15,17.592496054248183,8
334,0.775,4,144,1,1,1008,broad_xyz,22.359644512058757,False,-0.0126717421718441,0.4538464019267004,0.705659221358072,0.7286433311084216,0.2049136294564019,0.3361272006330604,0.1871101930663641,0.0644402916543922,1.9855741241031457e-15,17.592496054248183,8
335,0.8,4,144,1,1,1008,broad_xyz,22.359644512058757,False,-0.0596167737696593,0.4843860630216883,0.6853924313359324,0.761067243334347,0.3855744985229175,0.3056150226883933,0.1903380790408411,0.0651610478523592,1.9855741241031457e-15,17.592496054248183,8
336,0.825,4,144,1,1,1008,broad_xyz,22.359644512058757,False,-0.0949579063051106,0.5136189805173947,0.6797041340858546,0.7774200637714885,0.4981193668125523,0.3031315300357324,0.1941662072000949,0.0671244172584252,1.9855741241031457e-15,17.592496054248183,8
337,0.85,4,144,1,1,1008,broad_xyz,22.359644512058757,False,-0.1255881049912256,0.5315773547046871,0.6821954901216992,0.7698362108410001,0.5364769597215937,0.320349770186549,0.1984883353451196,0.0703635709642643,1.9855741241031457e-15,17.592496054248183,8
338,0.875,4,144,1,1,1008,broad_xyz,22.359644512058757,False,-0.1529482912416002,0.5327615012730265,0.6860612024554893,0.7330904891507901,0.517015051709039,0.3439711710531199,0.2027539022319648,0.0746537321632077,1.9855741241031457e-15,17.592496054248183,8
339,0.9,4,144,1,1,1008,broad_xyz,22.359644512058757,False,-0.1730361835003079,0.5215989147017484,0.6865919375462896,0.6697300402098664,0.4525602733029883,0.3605404212353215,0.2151756360459372,0.0795036666640374,1.9855741241031457e-15,17.592496054248183,8
340,0.95,4,144,1,1,1008,broad_xyz,22.359644512058757,False,-0.1829930052880467,0.4959057610379631,0.6779865241166568,0.4889166956569413,0.2779914725905869,0.3482155053045532,0.2453339805883023,0.0885207843497826,1.9855741241031457e-15,17.592496054248183,8
341,1.0,4,144,1,1,1008,broad_xyz,22.359644512058757,False,-0.1339752487505934,0.5019926789070073,0.6702584906033382,0.2697165254699939,0.1041361936813892,0.2871248636606275,0.2497228386165613,0.0934952360973849,1.9855741241031457e-15,17.592496054248183,8
342,0.05,4,144,1,1,1009,broad_xyz,22.359644512058757,False,0.3303495849556891,-0.0216656373306729,0.3365412802332395,-0.0688987391103946,-0.0721955348158209,0.4340633263401093,0.0002707886541093,3.766700957837441e-05,1.9855741241031457e-15,17.592496054248183,9
343,0.075,4,144,1,1,1009,broad_xyz,22.359644512058757,False,0.4147669475698677,-0.0224143536668109,0.3073101823803673,-0.0188324656983936,-0.0334176819940543,0.4150298062159461,0.0005953559657754,9.04391262884005e-05,1.9855741241031457e-15,17.592496054248183,9
344,0.1,4,144,1,1,1009,broad_xyz,22.359644512058757,False,0.4823707711986776,-0.0264375316557894,0.3030351090803596,0.0347803573107918,0.0044496448883471,0.4033847833920147,0.0010524608666642,0.0001770138071765,1.9855741241031457e-15,17.592496054248183,9
345,0.125,4,144,1,1,1009,broad_xyz,22.359644512058757,False,0.5307115343504938,-0.0429526438033377,0.3236239353688869,0.099100424840238,0.0506181146661677,0.3922404687907508,0.0017766035389173,0.0003085560791164,1.9855741241031457e-15,17.592496054248183,9
346,0.15,4,144,1,1,1009,broad_xyz,22.359644512058757,False,0.5610044226497167,-0.0673124575918062,0.3665327806227498,0.1730505061795786,0.109440432770798,0.3803213560290691,0.0027424601699331,0.0005014786594645,1.9855741241031457e-15,17.592496054248183,9
347,0.1625,4,144,1,1,1009,broad_xyz,22.359644512058757,False,0.5647147335053323,-0.0826728531076218,0.3951326944495547,0.2094493783030383,0.1406364786590535,0.375104575023936,0.0033320756443945,0.0006257772056957,1.9855741241031457e-15,17.592496054248183,9
348,0.175,4,144,1,1,1009,broad_xyz,22.359644512058757,False,0.5593023969437187,-0.0988638694489117,0.4278325473381201,0.2430504764332884,0.1703830516006843,0.3713874556163801,0.0039968654079916,0.0007725541687232,1.9855741241031457e-15,17.592496054248183,9
349,0.1875,4,144,1,1,1009,broad_xyz,22.359644512058757,False,0.5438845015017116,-0.1151500706408171,0.46409338144123,0.2738673941747689,0.1986931979260362,0.369098614643181,0.0047281387355051,0.0009446603910568,1.9855741241031457e-15,17.592496054248183,9
350,0.2,4,144,1,1,1009,broad_xyz,22.359644512058757,False,0.516651152648336,-0.1312790461659153,0.501860819815751,0.2997116292808872,0.2235120237480462,0.3677242568626578,0.0058231682466362,0.0011436507218364,1.9855741241031457e-15,17.592496054248183,9
351,0.2125,4,144,1,1,1009,broad_xyz,22.359644512058757,False,0.4758902528847962,-0.1460508915056154,0.5407961373022327,0.3205065591987205,0.2447560759739391,0.3669056140783993,0.0073745156894606,0.0013754141821067,1.9855741241031457e-15,17.592496054248183,9
352,0.225,4,144,1,1,1009,broad_xyz,22.359644512058757,False,0.4263713649533937,-0.1582440873916866,0.5814787312762802,0.3336136801903624,0.2591429149891257,0.3689364928705014,0.009202395471751,0.0016489044919181,1.9855741241031457e-15,17.592496054248183,9
353,0.2375,4,144,1,1,1009,broad_xyz,22.359644512058757,False,0.3708237904437867,-0.1664477174651287,0.623343614680252,0.3377501163066865,0.2640978773494626,0.3739631364869539,0.0113280419196248,0.001975117915396,1.9855741241031457e-15,17.592496054248183,9
354,0.25,4,144,1,1,1009,broad_xyz,22.359644512058757,False,0.3097331184170301,-0.1719127960922297,0.664641086416877,0.3313662484021417,0.2569895070251589,0.381723744451921,0.0137692397981542,0.0023598945039991,1.9855741241031457e-15,17.592496054248183,9
355,0.27,4,144,1,1,1009,broad_xyz,22.359644512058757,False,0.2029054617266059,-0.1770213586295337,0.7271096386462775,0.3000951845586659,0.2188084150517307,0.3985114782550601,0.0183624995308743,0.0031196095671604,1.9855741241031457e-15,17.592496054248183,9
356,0.29,4,144,1,1,1009,broad_xyz,22.359644512058757,False,0.1081146112821854,-0.1747582197937986,0.7802500772030474,0.2468866520389106,0.1552410691730219,0.4233150866482048,0.0238181093999022,0.00405620915171,1.9855741241031457e-15,17.592496054248183,9
357,0.31,4,144,1,1,1009,broad_xyz,22.359644512058757,False,0.0421214585942583,-0.1690697693074176,0.8186203603440515,0.1829118956207677,0.0804062386655645,0.4486047920089267,0.0301105213050077,0.005162406898996,1.9855741241031457e-15,17.592496054248183,9
358,0.33,4,144,1,1,1009,broad_xyz,22.359644512058757,False,0.0169536150386231,-0.1589985536432459,0.8455122133701779,0.113544621095769,0.0005860858203138,0.4754745826092583,0.0371568931898318,0.006459142280908,1.9855741241031457e-15,17.592496054248183,9
359,0.35,4,144,1,1,1009,broad_xyz,22.359644512058757,False,0.0264642992145079,-0.1450012014803807,0.8616325936529077,0.0443103046279561,-0.0795534233926118,0.5025210810886614,0.044811445017835,0.0079511497267446,1.9855741241031457e-15,17.592496054248183,9
360,0.37,4,144,1,1,1009,broad_xyz,22.359644512058757,False,0.0586194703876195,-0.1278529907952935,0.8686575447541572,-0.0194778343475882,-0.1560379176581668,0.5271621586287192,0.0528652268358753,0.0096423223151297,1.9855741241031457e-15,17.592496054248183,9
361,0.39,4,144,1,1,1009,broad_xyz,22.359644512058757,False,0.1015990005649004,-0.1088900515115124,0.8675551265622574,-0.0753921829299916,-0.2284279977229593,0.5482165399966968,0.0610527269105243,0.011519757610826,1.9855741241031457e-15,17.592496054248183,9
362,0.41,4,144,1,1,1009,broad_xyz,22.359644512058757,False,0.1514253240271232,-0.087837741234276,0.8608659526954908,-0.1209551398869086,-0.293968407773108,0.5647781846348447,0.0690658801291314,0.0135909123446354,1.9855741241031457e-15,17.592496054248183,9
363,0.43,4,144,1,1,1009,broad_xyz,22.359644512058757,False,0.2028132915388664,-0.0636733837754772,0.8528971456517287,-0.1545955056682333,-0.3507825275290054,0.5763185375286931,0.0765747500673753,0.0158873631161018,1.9855741241031457e-15,17.592496054248183,9
364,0.45,4,144,1,1,1009,broad_xyz,22.359644512058757,False,0.2481028724645371,-0.0374189685330171,0.8422872630252,-0.176755876573987,-0.4004154484338834,0.5820739837063909,0.0832527303757862,0.018380050671435,1.9855741241031457e-15,17.592496054248183,9
365,0.5,4,144,1,1,1009,broad_xyz,22.359644512058757,False,0.3162840337895792,0.0346862591167975,0.8084081808012905,-0.1863199079832842,-0.4992536486120605,0.5591565125441177,0.0945012311521109,0.0253628669780953,1.9855741241031457e-15,17.592496054248183,9
366,0.55,4,144,1,1,1009,broad_xyz,22.359644512058757,False,0.3115068215242426,0.1145558552679526,0.7730211603280305,-0.1623962697870853,-0.5540560063910909,0.4697758809988325,0.1030490693588445,0.0331898284123108,1.9855741241031457e-15,17.592496054248183,9
367,0.6,4,144,1,1,1009,broad_xyz,22.359644512058757,False,0.2372816688682756,0.2164259286574086,0.7566130427232847,-0.1446470796527737,-0.5217576903831708,0.3478312370668686,0.1209491141798111,0.0418288953967342,1.9855741241031457e-15,17.592496054248183,9
368,0.6499999999999999,4,144,1,1,1009,broad_xyz,22.359644512058757,False,0.1678692920555827,0.3169714363917141,0.7347814005369967,-0.1287795623614552,-0.427072432507678,0.239971836347889,0.1411102182496277,0.0496246910550709,1.9855741241031457e-15,17.592496054248183,9
369,0.7,4,144,1,1,1009,broad_xyz,22.359644512058757,False,0.2040271910923767,0.4053014034861449,0.6928740258951881,-0.074876889407083,-0.2794043961094699,0.1593053184373066,0.1542407327867322,0.0550011458122216,1.9855741241031457e-15,17.592496054248183,9
370,0.725,4,144,1,1,1009,broad_xyz,22.359644512058757,False,0.2514830635463785,0.4435048234885538,0.6620695456552435,-0.0210441408628015,-0.1963903305804643,0.1237083202534593,0.1576566113503802,0.0565563855479304,1.9855741241031457e-15,17.592496054248183,9
371,0.75,4,144,1,1,1009,broad_xyz,22.359644512058757,False,0.2985852285954122,0.4764661494321108,0.6239359197537988,0.0531230812910369,-0.1107703461667713,0.0872355239178338,0.1589987334864461,0.0573604370591158,1.9855741241031457e-15,17.592496054248183,9
372,0.775,4,144,1,1,1009,broad_xyz,22.359644512058757,False,0.3395020311562625,0.5035287439429339,0.579697051807735,0.1437334566575114,-0.014306287676502,0.0480499887781821,0.1584677437154323,0.0575156883441489,1.9855741241031457e-15,17.592496054248183,9
373,0.8,4,144,1,1,1009,broad_xyz,22.359644512058757,False,0.3738998049422349,0.5253735205289776,0.5326417813118406,0.2425007032230646,0.0980686165575819,0.0057400308206475,0.1563779054759071,0.0571904152415147,1.9855741241031457e-15,17.592496054248183,9
374,0.825,4,144,1,1,1009,broad_xyz,22.359644512058757,False,0.4049811739218563,0.5444664134505802,0.4873447030203272,0.3396947379506894,0.2128407784208999,-0.0385449974999523,0.1531186765465517,0.0565968524441306,1.9855741241031457e-15,17.592496054248183,9
375,0.85,4,144,1,1,1009,broad_xyz,22.359644512058757,False,0.4384737646845104,0.5637603058752201,0.4476958221296234,0.4274308839371762,0.3194804329577816,-0.0831634181269109,0.152489026843941,0.0559589846958987,1.9855741241031457e-15,17.592496054248183,9
376,0.875,4,144,1,1,1009,broad_xyz,22.359644512058757,False,0.4764331310652574,0.5840904100043952,0.4152057600947195,0.5007549701574063,0.4095594922531694,-0.1260003205771288,0.1538416664870861,0.0554718470160459,1.9855741241031457e-15,17.592496054248183,9
377,0.9,4,144,1,1,1009,broad_xyz,22.359644512058757,False,0.5161159787217167,0.6044675221414884,0.390907039005578,0.5556602740581578,0.4768536981673992,-0.1628276176074682,0.1548138756074289,0.055346474070928,1.9855741241031457e-15,17.592496054248183,9
378,0.95,4,144,1,1,1009,broad_xyz,22.359644512058757,False,0.5803889632258714,0.6392526840138435,0.3716508564554584,0.6029971412727564,0.5357943727920823,-0.1973872745801911,0.1605520298805986,0.0571048541125181,1.9855741241031457e-15,17.592496054248183,9
379,1.0,4,144,1,1,1009,broad_xyz,22.359644512058757,False,0.5741727101441984,0.6579118135795214,0.3893475592164135,0.5920769523745354,0.4966544084754232,-0.1752311171238515,0.1677457537325908,0.0618360378471787,1.9855741241031457e-15,17.592496054248183,9
380,0.05,4,144,1,1,1010,broad_xyz,22.359644512058757,False,0.6410269952137655,0.1886554041202958,0.8257491602435596,0.3793352678868766,0.3867104949521542,0.7364853703348576,0.0004500559726635,0.0001540679076012,1.9855741241031457e-15,17.592496054248183,10
381,0.075,4,144,1,1,1010,broad_xyz,22.359644512058757,False,0.6330105773583646,0.1817152745297977,0.8408002597110267,0.4003796985690722,0.4055241089300724,0.7075112352171427,0.0010624497365646,0.0003670469769651,1.9855741241031457e-15,17.592496054248183,10
382,0.1,4,144,1,1,1010,broad_xyz,22.359644512058757,False,0.6185983487608789,0.1797934433889426,0.8614812623728507,0.4109366758936785,0.4047883730120478,0.6812732035075757,0.0019916096993747,0.0007074157643845,1.9855741241031457e-15,17.592496054248183,10
383,0.125,4,144,1,1,1010,broad_xyz,22.359644512058757,False,0.5937502283111493,0.1815420269793774,0.8844534966176495,0.408345035254866,0.3832918244289872,0.6591943093949499,0.0032885163887726,0.0012198799681209,1.9855741241031457e-15,17.592496054248183,10
384,0.15,4,144,1,1,1010,broad_xyz,22.359644512058757,False,0.542615831789276,0.1822146475056191,0.9027816492287212,0.3988577963303358,0.3493820397789285,0.6315102614457024,0.0052991261551857,0.0019516908917601,1.9855741241031457e-15,17.592496054248183,10
385,0.1625,4,144,1,1,1010,broad_xyz,22.359644512058757,False,0.5035461283919785,0.1798410801215325,0.9090832947679112,0.3933523681462747,0.3297018311206722,0.6134065405438079,0.0066742293036009,0.0024104921304007,1.9855741241031457e-15,17.592496054248183,10
386,0.175,4,144,1,1,1010,broad_xyz,22.359644512058757,False,0.4528435939403272,0.1770089098994507,0.9137083240823684,0.3877650974591935,0.3084231984284055,0.5923446371610195,0.0083123688659287,0.002941258717111,1.9855741241031457e-15,17.592496054248183,10
387,0.1875,4,144,1,1,1010,broad_xyz,22.359644512058757,False,0.3882861363910599,0.1732352183178837,0.91592921792249,0.3828233394161992,0.2860757668068319,0.5672915216915163,0.0102479008430418,0.003547827037692,1.9855741241031457e-15,17.592496054248183,10
388,0.2,4,144,1,1,1010,broad_xyz,22.359644512058757,False,0.3101745655113666,0.1670651434591731,0.9155666582180744,0.3784454631906696,0.262109408741724,0.5386226349711204,0.0125164348003956,0.0042323566455093,1.9855741241031457e-15,17.592496054248183,10
389,0.2125,4,144,1,1,1010,broad_xyz,22.359644512058757,False,0.2201691002105758,0.1580011508602845,0.9125971014137628,0.3735331876748994,0.2346071929125805,0.5075774745541272,0.0152410703588265,0.0049915417824157,1.9855741241031457e-15,17.592496054248183,10
390,0.225,4,144,1,1,1010,broad_xyz,22.359644512058757,False,0.1221862365641877,0.1464464952543684,0.9068494721074138,0.3676477552375497,0.2025675026105086,0.4746536560190202,0.0185757202107506,0.005823696024606,1.9855741241031457e-15,17.592496054248183,10
391,0.2375,4,144,1,1,1010,broad_xyz,22.359644512058757,False,0.0243335116867797,0.1326008829769456,0.8980952683041356,0.3606430048983438,0.1653991671476396,0.4401144284617918,0.0224177327763478,0.0067264969649388,1.9855741241031457e-15,17.592496054248183,10
392,0.25,4,144,1,1,1010,broad_xyz,22.359644512058757,False,-0.0604417723295666,0.1166634178704706,0.8861126339932694,0.3524394165567493,0.1227541738894112,0.4042230704179727,0.026798720766624,0.0076959311355521,1.9855741241031457e-15,17.592496054248183,10
393,0.27,4,144,1,1,1010,broad_xyz,22.359644512058757,False,-0.1412205851855765,0.0873357038982903,0.8597426513598116,0.3368347185906225,0.0433025890490171,0.3446696897861134,0.0349869685545076,0.0093705095373526,1.9855741241031457e-15,17.592496054248183,10
394,0.29,4,144,1,1,1010,broad_xyz,22.359644512058757,False,-0.1666869435448857,0.0541608162429835,0.824064796899273,0.3185556803910937,-0.0464642242419631,0.2835878155090914,0.0446622125180524,0.0111673585676135,1.9855741241031457e-15,17.592496054248183,10
395,0.31,4,144,1,1,1010,broad_xyz,22.359644512058757,False,-0.1490439545445946,0.0183811218751746,0.7791276698974452,0.2984392715486835,-0.1374510092610013,0.2224500149218088,0.0557905581429113,0.013044212844075,1.9855741241031457e-15,17.592496054248183,10
396,0.33,4,144,1,1,1010,broad_xyz,22.359644512058757,False,-0.1092660016170908,-0.0181943456433741,0.7261013242363192,0.2774054893722651,-0.2176727266031739,0.1633109852850151,0.0682375994289551,0.0149565776837628,1.9855741241031457e-15,17.592496054248183,10
397,0.35,4,144,1,1,1010,broad_xyz,22.359644512058757,False,-0.0647354013065462,-0.0533951329974557,0.6674236815863499,0.256412479806763,-0.2769123910401304,0.1084798083897011,0.081755422541938,0.0168653408035265,1.9855741241031457e-15,17.592496054248183,10
398,0.37,4,144,1,1,1010,broad_xyz,22.359644512058757,False,-0.0237025401969756,-0.0850492886074374,0.6068137443170929,0.2365762933218063,-0.310297742915965,0.0599594705535364,0.0959794299079442,0.0187445281812475,1.9855741241031457e-15,17.592496054248183,10
399,0.39,4,144,1,1,1010,broad_xyz,22.359644512058757,False,0.0090287028549781,-0.1100861480926443,0.551227199349183,0.2183629877421861,-0.3171526610009983,0.0202044609921036,0.1104384216791795,0.0206236282485801,1.9855741241031457e-15,17.592496054248183,10
400,0.41,4,144,1,1,1010,broad_xyz,22.359644512058757,False,0.0309070203285755,-0.1246367881344127,0.5118425440360169,0.2016015125678084,-0.2997671016280344,-0.0089220701072259,0.1245796921764706,0.0226445306876301,1.9855741241031457e-15,17.592496054248183,10
401,0.43,4,144,1,1,1010,broad_xyz,22.359644512058757,False,0.0485330970318183,-0.1288433652501888,0.4894412313266112,0.1864423032386327,-0.2676882811998011,-0.0280481623800154,0.1378081027873927,0.0248678946214807,1.9855741241031457e-15,17.592496054248183,10
402,0.45,4,144,1,1,1010,broad_xyz,22.359644512058757,False,0.0654872866987032,-0.1248202326453119,0.4780231102840984,0.1710946050971392,-0.2323458853105121,-0.0373051792279794,0.149534791308613,0.0272575236867188,1.9855741241031457e-15,17.592496054248183,10
403,0.5,4,144,1,1,1010,broad_xyz,22.359644512058757,False,0.089923526599991,-0.0846144840183837,0.4853717856197614,0.1327002833571703,-0.1770169388342207,-0.0309010656170229,0.1742271088005646,0.0338670820562988,1.9855741241031457e-15,17.592496054248183,10
404,0.55,4,144,1,1,1010,broad_xyz,22.359644512058757,False,0.048893521877599,-0.0122316910784723,0.5149476474267041,0.100850242061702,-0.1687268994096445,0.0052360431625704,0.1865884125507596,0.04070801441227,1.9855741241031457e-15,17.592496054248183,10
405,0.6,4,144,1,1,1010,broad_xyz,22.359644512058757,False,0.0479657617800491,0.082907164673527,0.5501388592791885,0.0791503228142875,-0.0852560724591748,0.0871189588426656,0.1830334544001427,0.0472101282748536,1.9855741241031457e-15,17.592496054248183,10
406,0.6499999999999999,4,144,1,1,1010,broad_xyz,22.359644512058757,False,0.2578752236804748,0.1869951713698632,0.5869013626768536,0.072336116671617,0.0642985100311806,0.1844207885765337,0.1964857382694912,0.0534680161070812,1.9855741241031457e-15,17.592496054248183,10
407,0.7,4,144,1,1,1010,broad_xyz,22.359644512058757,False,0.5039952275187123,0.2771255226376972,0.6109174737957339,0.0766444622652984,0.1838195747004876,0.243826791762153,0.240022120235772,0.0598950703370817,1.9855741241031457e-15,17.592496054248183,10
408,0.725,4,144,1,1,1010,broad_xyz,22.359644512058757,False,0.5735244302459269,0.3117412927837224,0.6169072576264131,0.0810501000019342,0.2026175479503175,0.2522994060968574,0.2602791464234629,0.0633501158253179,1.9855741241031457e-15,17.592496054248183,10
409,0.75,4,144,1,1,1010,broad_xyz,22.359644512058757,False,0.6167285527391322,0.341978344192291,0.6239122680087964,0.0885612060392413,0.2016327300810041,0.2536380750479958,0.2782041023620881,0.0671384067357405,1.9855741241031457e-15,17.592496054248183,10
410,0.775,4,144,1,1,1010,broad_xyz,22.359644512058757,False,0.6447926825463307,0.3677079955423332,0.6259130181407235,0.0994040143577631,0.1927998739735323,0.2502198564179373,0.2924047127349861,0.0710441418363487,1.9855741241031457e-15,17.592496054248183,10
411,0.8,4,144,1,1,1010,broad_xyz,22.359644512058757,False,0.6545518828507484,0.388697936807844,0.6202353131915342,0.1159520778973506,0.1769674630701687,0.2431414884487212,0.3012722939405037,0.0747383122500329,1.9855741241031457e-15,17.592496054248183,10
412,0.825,4,144,1,1,1010,broad_xyz,22.359644512058757,False,0.644520910638928,0.4068004111150929,0.6077953440666445,0.1417811341418244,0.1619214763278322,0.2322091625374659,0.3032033559803178,0.0779521714168467,1.9855741241031457e-15,17.592496054248183,10
413,0.85,4,144,1,1,1010,broad_xyz,22.359644512058757,False,0.61773442820955,0.4230367452914265,0.5876266929910139,0.177754944822759,0.1565377300233976,0.2155703872781938,0.2982686315584016,0.0804153514683171,1.9855741241031457e-15,17.592496054248183,10
414,0.875,4,144,1,1,1010,broad_xyz,22.359644512058757,False,0.5787537900970011,0.4370646227372436,0.5597665822543385,0.223838735656051,0.1665420346827362,0.1930174725979553,0.3201258477156712,0.0819255509723907,1.9855741241031457e-15,17.592496054248183,10
415,0.9,4,144,1,1,1010,broad_xyz,22.359644512058757,False,0.5311364955255203,0.4482160978269464,0.5260333788248956,0.2766437216276081,0.1959029249705718,0.1659182186992451,0.3352871248192339,0.0824711884417989,1.9855741241031457e-15,17.592496054248183,10
416,0.95,4,144,1,1,1010,broad_xyz,22.359644512058757,False,0.4224888741193831,0.4610777364904183,0.4632016374350243,0.3787502353142636,0.2781815647149965,0.1182707318473526,0.3450565376003469,0.0817694546919132,1.9855741241031457e-15,17.592496054248183,10
417,1.0,4,144,1,1,1010,broad_xyz,22.359644512058757,False,0.2987928496361944,0.452204521359963,0.4457384811297214,0.4454882349826879,0.3447373339097498,0.1208282090010874,0.3355604700310133,0.0804799202019096,1.9855741241031457e-15,17.592496054248183,10
418,0.05,4,144,1,1,1011,broad_xyz,22.359644512058757,False,0.7174096320426689,0.3724561844343352,0.8997059468748654,0.4249162222204293,0.4690992739032562,0.8975227729825785,0.0005127453304854,0.0001864565147332,1.9855741241031457e-15,17.592496054248183,11
419,0.075,4,144,1,1,1011,broad_xyz,22.359644512058757,False,0.7213900122667883,0.3508638649342358,0.9074070369034984,0.4753293930298441,0.5289427869157273,0.8781700680815685,0.001190849998345,0.0004328729548507,1.9855741241031457e-15,17.592496054248183,11
420,0.1,4,144,1,1,1011,broad_xyz,22.359644512058757,False,0.7160317881313089,0.3262695347357017,0.9162643138066952,0.5177452019276528,0.5763976564682602,0.8448554414691087,0.0022042998370856,0.0008051731040535,1.9855741241031457e-15,17.592496054248183,11
421,0.125,4,144,1,1,1011,broad_xyz,22.359644512058757,False,0.6910550603468721,0.3008039660477209,0.9263405278334554,0.5501550658802823,0.607411506543649,0.8010032040111851,0.0036672063746907,0.0013341491447821,1.9855741241031457e-15,17.592496054248183,11
422,0.15,4,144,1,1,1011,broad_xyz,22.359644512058757,False,0.6355666895537135,0.2745239950836604,0.936477566452486,0.5711971120612174,0.6193193060417546,0.748750064393308,0.0058128103005939,0.0020573449477297,1.9855741241031457e-15,17.592496054248183,11
423,0.1625,4,144,1,1,1011,broad_xyz,22.359644512058757,False,0.5962359933565107,0.260939273362348,0.9410127766982896,0.5770733689399559,0.6167525912821523,0.719751108009331,0.0071964565152196,0.0025051335748877,1.9855741241031457e-15,17.592496054248183,11
424,0.175,4,144,1,1,1011,broad_xyz,22.359644512058757,False,0.5511101751337759,0.2470648460604215,0.9449634607924954,0.579636407490187,0.6075944140982786,0.6891310663281669,0.008853933645545,0.0030168888232453,1.9855741241031457e-15,17.592496054248183,11
425,0.1875,4,144,1,1,1011,broad_xyz,22.359644512058757,False,0.5025148589783646,0.233225181152494,0.9485758760935316,0.5784846267426166,0.5904379384581706,0.6576755141733106,0.0108937719005204,0.0035997615628916,1.9855741241031457e-15,17.592496054248183,11
426,0.2,4,144,1,1,1011,broad_xyz,22.359644512058757,False,0.4522571143802526,0.2194409984621582,0.9517480641729622,0.5734374847838466,0.5641669184911886,0.6255879163130866,0.0132746450505047,0.0042592223873567,1.9855741241031457e-15,17.592496054248183,11
427,0.2125,4,144,1,1,1011,broad_xyz,22.359644512058757,False,0.402174284530127,0.2059630726230823,0.9544213321403412,0.5644138098316598,0.5277310961627815,0.593018833222324,0.0160297344243318,0.0050010664692363,1.9855741241031457e-15,17.592496054248183,11
428,0.225,4,144,1,1,1011,broad_xyz,22.359644512058757,False,0.3534713103904702,0.192788097810287,0.95648239235429,0.5513914056485856,0.4804799422194553,0.5600964104313276,0.0191904737787138,0.0058282393951168,1.9855741241031457e-15,17.592496054248183,11
429,0.2375,4,144,1,1,1011,broad_xyz,22.359644512058757,False,0.3069249933813527,0.1802942082078361,0.9582831616847858,0.5339920672807172,0.4215217056120648,0.5276899668704755,0.0227853088435501,0.0067462604641286,1.9855741241031457e-15,17.592496054248183,11
430,0.25,4,144,1,1,1011,broad_xyz,22.359644512058757,False,0.2633242388237988,0.1683713238069846,0.9596382362550192,0.5123637405623114,0.3516495253393655,0.4956352707791647,0.0268383241345325,0.0077565722634014,1.9855741241031457e-15,17.592496054248183,11
431,0.27,4,144,1,1,1011,broad_xyz,22.359644512058757,False,0.2009701617793097,0.1510575162616186,0.9613637593160772,0.4687293198177336,0.2212149701523634,0.4462849444243482,0.0343189685858629,0.0095728183169569,1.9855741241031457e-15,17.592496054248183,11
432,0.29,4,144,1,1,1011,broad_xyz,22.359644512058757,False,0.1486809050279725,0.1349802851345367,0.962001075203786,0.414916506065165,0.0817025567618981,0.3990190968875083,0.0430495549635066,0.0116200272672259,1.9855741241031457e-15,17.592496054248183,11
433,0.31,4,144,1,1,1011,broad_xyz,22.359644512058757,False,0.1060744476268453,0.1196420776676011,0.9615816002110787,0.3524445040442944,-0.049264161481457,0.3543812769292968,0.0531012983885285,0.0138705606081227,1.9855741241031457e-15,17.592496054248183,11
434,0.33,4,144,1,1,1011,broad_xyz,22.359644512058757,False,0.0727629138844101,0.1050219155194131,0.9600590318205856,0.2852689682991536,-0.1572245957576954,0.3122642159080386,0.0644360593147203,0.0162854227268931,1.9855741241031457e-15,17.592496054248183,11
435,0.35,4,144,1,1,1011,broad_xyz,22.359644512058757,False,0.0470290679780595,0.0906950792132823,0.9573004976616558,0.2173003824542862,-0.2370763333735854,0.273103933287287,0.0768112591141355,0.0187925169132913,1.9855741241031457e-15,17.592496054248183,11
436,0.37,4,144,1,1,1011,broad_xyz,22.359644512058757,False,0.0273310178435642,0.0763838163413196,0.9529804144588618,0.1535675860268551,-0.2888241106090504,0.2370027501653515,0.0899468644055538,0.0213047829390003,1.9855741241031457e-15,17.592496054248183,11
437,0.39,4,144,1,1,1011,broad_xyz,22.359644512058757,False,0.0121527151209177,0.0617899087938221,0.9465421163764952,0.0987218521040446,-0.3163938028575668,0.2046970346425398,0.1034546684640478,0.0237200408132507,1.9855741241031457e-15,17.592496054248183,11
438,0.41,4,144,1,1,1011,broad_xyz,22.359644512058757,False,0.0001322068978647,0.0466923474879108,0.9371540656386051,0.0562672486094972,-0.3231844057829031,0.1798024521643418,0.1168478008124573,0.025931973174656,1.9855741241031457e-15,17.592496054248183,11
439,0.43,4,144,1,1,1011,broad_xyz,22.359644512058757,False,-0.0097384240685943,0.0311957510515428,0.9237567504871416,0.0279215279372273,-0.3161212792170361,0.1632267748521995,0.1295661346918568,0.0278432696494295,1.9855741241031457e-15,17.592496054248183,11
440,0.45,4,144,1,1,1011,broad_xyz,22.359644512058757,False,-0.0178028731537633,0.0159006815808551,0.905235088017752,0.0134420041109824,-0.3052378583583661,0.1541286680131323,0.1410180673447424,0.0293860826664834,1.9855741241031457e-15,17.592496054248183,11
441,0.5,4,144,1,1,1011,broad_xyz,22.359644512058757,False,-0.0247631086937599,-0.013427995689686,0.8328884071336761,0.0203765292298079,-0.2739581284624098,0.1588264767078189,0.160589753002505,0.0316124994002351,1.9855741241031457e-15,17.592496054248183,11
442,0.55,4,144,1,1,1011,broad_xyz,22.359644512058757,False,0.0065667806046564,-0.0087747888313308,0.7521081349445263,0.0303164867484496,-0.214471286473163,0.2389029221242921,0.163203280703549,0.0325383786017837,1.9855741241031457e-15,17.592496054248183,11
443,0.6,4,144,1,1,1011,broad_xyz,22.359644512058757,False,0.0832446094665962,0.0405143787087867,0.6952576617200152,-0.0021106257220021,-0.0975358823687502,0.4168283245056186,0.1493492688312147,0.0332261951989917,1.9855741241031457e-15,17.592496054248183,11
444,0.6499999999999999,4,144,1,1,1011,broad_xyz,22.359644512058757,False,0.1938210074635488,0.1207697415616207,0.6444077469228531,-0.0736040135932147,0.0322143461719043,0.6051096363673184,0.1322053649407154,0.0336023561848011,1.9855741241031457e-15,17.592496054248183,11
445,0.7,4,144,1,1,1011,broad_xyz,22.359644512058757,False,0.3299357205982135,0.2390737150108366,0.6297854760548789,-0.176354011617715,0.0266121575125956,0.6828677705991939,0.1189704727497095,0.0348773998776074,1.9855741241031457e-15,17.592496054248183,11
446,0.725,4,144,1,1,1011,broad_xyz,22.359644512058757,False,0.3916977965131762,0.3057403247964331,0.6289115397807196,-0.2187391674335886,-0.0264094510642895,0.6611421942904878,0.1138588414423634,0.0362218714010242,1.9855741241031457e-15,17.592496054248183,11
447,0.75,4,144,1,1,1011,broad_xyz,22.359644512058757,False,0.4268458259868224,0.3592166766659748,0.6191234294619883,-0.2316170859559982,-0.0828820430884631,0.6020185357015039,0.1271127749568342,0.0379493459067874,1.9855741241031457e-15,17.592496054248183,11
448,0.775,4,144,1,1,1011,broad_xyz,22.359644512058757,False,0.4296413668134359,0.3931441655922386,0.6060463219763462,-0.2056002275056012,-0.1250899994308524,0.5272105647088557,0.1431274551870965,0.0400503624571893,1.9855741241031457e-15,17.592496054248183,11
449,0.8,4,144,1,1,1011,broad_xyz,22.359644512058757,False,0.4055656478308561,0.4048340573043765,0.5866546448354468,-0.1500261567026811,-0.1375754623397651,0.4531223436932126,0.1588745899201603,0.0423002929568342,1.9855741241031457e-15,17.592496054248183,11
450,0.825,4,144,1,1,1011,broad_xyz,22.359644512058757,False,0.3674132316934737,0.4035330628614147,0.5715624852100343,-0.0768851980599468,-0.1143365974922249,0.3946796755610357,0.1826194743708641,0.0445926529220609,1.9855741241031457e-15,17.592496054248183,11
451,0.85,4,144,1,1,1011,broad_xyz,22.359644512058757,False,0.3235079103009933,0.3947992132487207,0.554569041812077,0.0046379397118793,-0.0604320732601141,0.3478137317085302,0.2045518493655125,0.0466554521632489,1.9855741241031457e-15,17.592496054248183,11
452,0.875,4,144,1,1,1011,broad_xyz,22.359644512058757,False,0.2792787344765931,0.3852421629320154,0.5367838160611511,0.0884838387890703,0.017442771086567,0.3101788231152193,0.2210105542398897,0.0483914148551471,1.9855741241031457e-15,17.592496054248183,11
453,0.9,4,144,1,1,1011,broad_xyz,22.359644512058757,False,0.2379303473181901,0.3786748252004333,0.5196167156406327,0.171743798079886,0.1080982067680259,0.2793203910911614,0.2313173618478755,0.0498134414891936,1.9855741241031457e-15,17.592496054248183,11
454,0.95,4,144,1,1,1011,broad_xyz,22.359644512058757,False,0.1596954810882784,0.3765106015172517,0.5029610942589068,0.3199611989654121,0.2723650106559375,0.2469277356165884,0.2339416540332187,0.0525456472705159,1.9855741241031457e-15,17.592496054248183,11
455,1.0,4,144,1,1,1011,broad_xyz,22.359644512058757,False,0.0602935629576048,0.3762271950352466,0.558005794463656,0.4108540249806847,0.3964755454458545,0.3032729079504129,0.2183252280201976,0.05724930841359,1.9855741241031457e-15,17.592496054248183,11
456,0.05,4,144,1,1,1012,broad_xyz,22.359644512058757,False,0.1110579994575433,-0.0210096666205039,0.8457487094258277,0.6035595524561536,0.6405077313627178,0.8400554070098861,0.0004780713342725,0.000107943004165,1.9855741241031457e-15,17.592496054248183,12
457,0.075,4,144,1,1,1012,broad_xyz,22.359644512058757,False,0.0828608592006957,-0.0319997184688782,0.8631949573625708,0.6127279141664715,0.6382733289416278,0.8256070948758905,0.0011366690048199,0.0002548587416566,1.9855741241031457e-15,17.592496054248183,12
458,0.1,4,144,1,1,1012,broad_xyz,22.359644512058757,False,0.0461048222317972,-0.0482877218927826,0.8852316668876475,0.6237925070966467,0.6337966579236534,0.804384063784891,0.0021711737709584,0.0004828112528816,1.9855741241031457e-15,17.592496054248183,12
459,0.125,4,144,1,1,1012,broad_xyz,22.359644512058757,False,-0.0011896587082875,-0.0653699869587309,0.9097461041876058,0.6352013118421754,0.6266762775317368,0.7762156190265944,0.0036924250763735,0.0008151226814039,1.9855741241031457e-15,17.592496054248183,12
460,0.15,4,144,1,1,1012,broad_xyz,22.359644512058757,False,-0.0508604930571993,-0.0829370485354355,0.9325961514395052,0.6468257549560111,0.6164746291555696,0.7379496837752322,0.0058740561542651,0.0012788919568943,1.9855741241031457e-15,17.592496054248183,12
461,0.1625,4,144,1,1,1012,broad_xyz,22.359644512058757,False,-0.0724794863272042,-0.0919763774070584,0.9422988343020904,0.6527805105786401,0.609346128093624,0.7142552718621593,0.0073207641162311,0.0015689630015525,1.9855741241031457e-15,17.592496054248183,12
462,0.175,4,144,1,1,1012,broad_xyz,22.359644512058757,False,-0.0890681614140865,-0.1012492444930655,0.9506001598059228,0.6588106178810897,0.6000806606497419,0.6875308207187021,0.0090207348024024,0.0019025252083197,1.9855741241031457e-15,17.592496054248183,12
463,0.1875,4,144,1,1,1012,broad_xyz,22.359644512058757,False,-0.0981768906040766,-0.1108710815743835,0.9573632633941104,0.6648076720502377,0.5879062432221719,0.6578296882081422,0.011001476480155,0.0022829345979524,1.9855741241031457e-15,17.592496054248183,12
464,0.2,4,144,1,1,1012,broad_xyz,22.359644512058757,False,-0.0975180818156383,-0.120609535218918,0.9626391428519148,0.6707041411919109,0.5720539031133082,0.6254519453676676,0.0132900494900668,0.0027130406799467,1.9855741241031457e-15,17.592496054248183,12
465,0.2125,4,144,1,1,1012,broad_xyz,22.359644512058757,False,-0.0853039673691098,-0.1302708304767445,0.966409876596435,0.6762638973867142,0.5515975169103684,0.5905978483740746,0.0160648239794345,0.0031946978766686,1.9855741241031457e-15,17.592496054248183,12
466,0.225,4,144,1,1,1012,broad_xyz,22.359644512058757,False,-0.061570352219099,-0.1399326792290676,0.9688334457037768,0.6814406566367738,0.5260870734662737,0.5534899672898329,0.0192687741539601,0.0037312009305397,1.9855741241031457e-15,17.592496054248183,12
467,0.2375,4,144,1,1,1012,broad_xyz,22.359644512058757,False,-0.0274928576420128,-0.1494260854866524,0.9700139000781304,0.6860763167594774,0.4950844110488975,0.5143397881915928,0.0229136882678608,0.0043246676009602,1.9855741241031457e-15,17.592496054248183,12
468,0.25,4,144,1,1,1012,broad_xyz,22.359644512058757,False,0.0142787175505275,-0.1582729030927262,0.9702348982954426,0.6904073857146367,0.45890008810225,0.4732315733078212,0.0271650479507593,0.0049778123776106,1.9855741241031457e-15,17.592496054248183,12
469,0.27,4,144,1,1,1012,broad_xyz,22.359644512058757,False,0.0860955144631137,-0.1709683921216535,0.9688911832283542,0.6960526031176625,0.3901206746278052,0.4037943268964186,0.0352084228480241,0.0061508396213015,1.9855741241031457e-15,17.592496054248183,12
470,0.29,4,144,1,1,1012,broad_xyz,22.359644512058757,False,0.148772440763523,-0.1816071890529938,0.9662981686202972,0.6996104909585499,0.3089499428609066,0.3303611103676013,0.0447558521225248,0.0074882453578659,1.9855741241031457e-15,17.592496054248183,12
471,0.31,4,144,1,1,1012,broad_xyz,22.359644512058757,False,0.1944869708363486,-0.1903866041321704,0.9622903957056256,0.6992201286399226,0.2152145162882636,0.2543005120004527,0.0559302886302591,0.008981259581691,1.9855741241031457e-15,17.592496054248183,12
472,0.33,4,144,1,1,1012,broad_xyz,22.359644512058757,False,0.224388394428642,-0.1972393489833331,0.9573457460989372,0.6943003819037401,0.1101248750382542,0.1775628418844392,0.0684316266698638,0.010620910865736,1.9855741241031457e-15,17.592496054248183,12
473,0.35,4,144,1,1,1012,broad_xyz,22.359644512058757,False,0.2435423520907197,-0.2025260524783701,0.9518707532511684,0.6846350575545656,-0.0048849816074262,0.1028193253273712,0.082010588363814,0.0123902504886285,1.9855741241031457e-15,17.592496054248183,12
474,0.37,4,144,1,1,1012,broad_xyz,22.359644512058757,False,0.2572325928255605,-0.205779183354449,0.945538060812161,0.6703095244980273,-0.1260506106169453,0.0339530833432776,0.0963002969453837,0.0142576217136965,1.9855741241031457e-15,17.592496054248183,12
475,0.39,4,144,1,1,1012,broad_xyz,22.359644512058757,False,0.2690302279748646,-0.2066705325204018,0.9385069625360626,0.6519218942980098,-0.242014341005625,-0.021693109240602,0.1108264039077117,0.0161903131130677,1.9855741241031457e-15,17.592496054248183,12
476,0.41,4,144,1,1,1012,broad_xyz,22.359644512058757,False,0.2808608568844557,-0.2051484725305823,0.9308590188517476,0.6297505061991112,-0.3368283304910072,-0.0539754266585047,0.1250323837007377,0.0181462016168188,1.9855741241031457e-15,17.592496054248183,12
477,0.43,4,144,1,1,1012,broad_xyz,22.359644512058757,False,0.2937651637863688,-0.2008964716222727,0.922890261474138,0.6041025740901678,-0.3957569581162007,-0.0498505764554945,0.1383189564180259,0.0200908292607076,1.9855741241031457e-15,17.592496054248183,12
478,0.45,4,144,1,1,1012,broad_xyz,22.359644512058757,False,0.3084460302135893,-0.19388643946324,0.914517739118822,0.5749068647728987,-0.4141598482343877,-0.0215969772015879,0.1500932543927902,0.0219782051804014,1.9855741241031457e-15,17.592496054248183,12
479,0.5,4,144,1,1,1012,broad_xyz,22.359644512058757,False,0.353980821096747,-0.1618324014575825,0.8947482566194268,0.4907733180707492,-0.3923436983326768,0.1168395556371661,0.1702920912622757,0.0262599307984611,1.9855741241031457e-15,17.592496054248183,12
480,0.55,4,144,1,1,1012,broad_xyz,22.359644512058757,False,0.4034090491760948,-0.1052736808154782,0.8782645968727208,0.4020397170541349,-0.3528543754789556,0.2890078094429701,0.1737634276620937,0.0296020249947093,1.9855741241031457e-15,17.592496054248183,12
481,0.6,4,144,1,1,1012,broad_xyz,22.359644512058757,False,0.4257190561710102,-0.0167355912844666,0.866932965799297,0.3289608042024706,-0.2439401687684063,0.4183266664559575,0.1587552687658629,0.032010373282702,1.9855741241031457e-15,17.592496054248183,12
482,0.6499999999999999,4,144,1,1,1012,broad_xyz,22.359644512058757,False,0.3806146388049369,0.1168075457193706,0.8482491371255563,0.2853100846712512,-0.0563661185660845,0.4661073978171459,0.1305969792387625,0.0338350172998456,1.9855741241031457e-15,17.592496054248183,12
483,0.7,4,144,1,1,1012,broad_xyz,22.359644512058757,False,0.3450165014308076,0.2883478491357908,0.7849218030051895,0.2621939009789704,0.0811110720237457,0.3925574314571982,0.121597455920287,0.0357778663720664,1.9855741241031457e-15,17.592496054248183,12
484,0.725,4,144,1,1,1012,broad_xyz,22.359644512058757,False,0.3719023030664742,0.36884459296968,0.7280834483665066,0.2530101707648876,0.119238523415597,0.308279604047604,0.1175598204750218,0.0370612125973829,1.9855741241031457e-15,17.592496054248183,12
485,0.75,4,144,1,1,1012,broad_xyz,22.359644512058757,False,0.4091799177351575,0.4309992509126143,0.6616079918171625,0.2463752645177069,0.1336786572058818,0.2084170346912379,0.1127797497670188,0.0386721577327186,1.9855741241031457e-15,17.592496054248183,12
486,0.775,4,144,1,1,1012,broad_xyz,22.359644512058757,False,0.4431122650170516,0.468172216640934,0.5975807996037408,0.2443504174222884,0.1307386493941753,0.1125428723293505,0.1216033800836202,0.040678558358463,1.9855741241031457e-15,17.592496054248183,12
487,0.8,4,144,1,1,1012,broad_xyz,22.359644512058757,False,0.4665244772876071,0.4825155763114973,0.544721414600026,0.2486925573293394,0.111195411320219,0.0326471798029906,0.1369437147495099,0.0430879042073552,1.9855741241031457e-15,17.592496054248183,12
488,0.825,4,144,1,1,1012,broad_xyz,22.359644512058757,False,0.4783385942370269,0.4798162930826595,0.5082908262289013,0.2559469200376509,0.0702793263533759,-0.0236814273957355,0.1621085031410065,0.0459192335554531,1.9855741241031457e-15,17.592496054248183,12
489,0.85,4,144,1,1,1012,broad_xyz,22.359644512058757,False,0.4811877010670952,0.4694599700558042,0.4866265727561978,0.2673916959053392,0.017985883958754,-0.0610873940557476,0.1872665865832545,0.0490129006310317,1.9855741241031457e-15,17.592496054248183,12
490,0.875,4,144,1,1,1012,broad_xyz,22.359644512058757,False,0.4796616120252521,0.457763732971321,0.4769923300995944,0.2845768776315743,-0.03624553641633,-0.0838967544515383,0.2098805608099147,0.0520859317396635,1.9855741241031457e-15,17.592496054248183,12
491,0.9,4,144,1,1,1012,broad_xyz,22.359644512058757,False,0.4779738300181641,0.4477795348105756,0.4762414137045067,0.3059807052845609,-0.0888135362433009,-0.0939748782948382,0.2283493012128002,0.0548753311037043,1.9855741241031457e-15,17.592496054248183,12
492,0.95,4,144,1,1,1012,broad_xyz,22.359644512058757,False,0.4765223087920752,0.436757720268581,0.4845046226752986,0.3543841456238896,-0.1557837036831002,-0.0866264462947759,0.2492185266990866,0.0589192613834403,1.9855741241031457e-15,17.592496054248183,12
493,1.0,4,144,1,1,1012,broad_xyz,22.359644512058757,False,0.4550885057806703,0.4236137771900125,0.5111174131784371,0.3941467778420358,-0.1177699446062272,-0.0359692684042743,0.2487974424021164,0.0612257838305207,1.9855741241031457e-15,17.592496054248183,12
494,0.05,4,144,1,1,1013,broad_xyz,22.359644512058757,False,-0.0060743076903119,-0.1262928602008473,0.1665935610392942,0.4857029760434508,0.3917527790655702,0.2865724441845256,0.000466632954894,6.610969635482778e-05,1.9855741241031457e-15,17.592496054248183,13
495,0.075,4,144,1,1,1013,broad_xyz,22.359644512058757,False,-0.1143897098125661,-0.1401036530498008,0.1285385434631721,0.4522428783775502,0.338681084893988,0.2889568954505719,0.0010656742738262,0.0001495594539663,1.9855741241031457e-15,17.592496054248183,13
496,0.1,4,144,1,1,1013,broad_xyz,22.359644512058757,False,-0.235247163751256,-0.1502907333629648,0.0906853086873286,0.4122594588977735,0.2831639268328075,0.2847226142829884,0.0019463597704748,0.0002765240881115,1.9855741241031457e-15,17.592496054248183,13
497,0.125,4,144,1,1,1013,broad_xyz,22.359644512058757,False,-0.3481606340070152,-0.1581649472307857,0.055899139506006,0.3543217535476916,0.2059398831340385,0.2746343909008607,0.0031613493342318,0.0004614243578481,1.9855741241031457e-15,17.592496054248183,13
498,0.15,4,144,1,1,1013,broad_xyz,22.359644512058757,False,-0.4284783697402752,-0.1645920762639342,0.0258194303417446,0.2727546426345937,0.111586009941422,0.2598674805700044,0.0048355970154117,0.0007246525191914,1.9855741241031457e-15,17.592496054248183,13
499,0.1625,4,144,1,1,1013,broad_xyz,22.359644512058757,False,-0.4528363538195184,-0.1670122220753747,0.0136954498736735,0.223958715678695,0.0599282631500111,0.2521370055595868,0.0058786893208288,0.0008928312691334,1.9855741241031457e-15,17.592496054248183,13
500,0.175,4,144,1,1,1013,broad_xyz,22.359644512058757,False,-0.4677397452925199,-0.1693161470344091,0.0037350562110142,0.1711418101713491,0.0131729378339644,0.2448683249343104,0.0070715446322684,0.001089070271708,1.9855741241031457e-15,17.592496054248183,13
501,0.1875,4,144,1,1,1013,broad_xyz,22.359644512058757,False,-0.474151100738637,-0.1716299443618181,-0.0040990962166174,0.1166181267436189,-0.0228100957205755,0.2384520113254105,0.0084499247506523,0.0013167486225474,1.9855741241031457e-15,17.592496054248183,13
502,0.2,4,144,1,1,1013,broad_xyz,22.359644512058757,False,-0.4737166266740001,-0.1745021684480958,-0.0090342434476074,0.0615801423011546,-0.0484541543893749,0.2341311978791318,0.0100948486224415,0.0015793652445916,1.9855741241031457e-15,17.592496054248183,13
503,0.2125,4,144,1,1,1013,broad_xyz,22.359644512058757,False,-0.4682758036617532,-0.1788355215212978,-0.0105051850579664,0.0066740424935257,-0.0637941894048612,0.2328028616398438,0.0119629451128044,0.0018809030159742,1.9855741241031457e-15,17.592496054248183,13
504,0.225,4,144,1,1,1013,broad_xyz,22.359644512058757,False,-0.4574761651513893,-0.1832099935416506,-0.0097897584086201,-0.0444099304046426,-0.067996102574712,0.2334044322443318,0.0140690685802932,0.00222274467178,1.9855741241031457e-15,17.592496054248183,13
505,0.2375,4,144,1,1,1013,broad_xyz,22.359644512058757,False,-0.4417664051648878,-0.1869951798229918,-0.0067130557605506,-0.0899713781823614,-0.0616716449562811,0.2361811600346966,0.0164259044023648,0.0026086589453626,1.9855741241031457e-15,17.592496054248183,13
506,0.25,4,144,1,1,1013,broad_xyz,22.359644512058757,False,-0.424584868614572,-0.1897586082907281,-0.0003308141877537,-0.1324411839961744,-0.0468765267823717,0.2439204422143297,0.0190432651213091,0.0030450583473651,1.9855741241031457e-15,17.592496054248183,13
507,0.27,4,144,1,1,1013,broad_xyz,22.359644512058757,False,-0.3971059240221513,-0.1932639338500152,0.0166001579313238,-0.193471223532955,-0.0070316008941081,0.2649758273970087,0.0237868980515666,0.0038511228017279,1.9855741241031457e-15,17.592496054248183,13
508,0.29,4,144,1,1,1013,broad_xyz,22.359644512058757,False,-0.3755173308285429,-0.1993556120193195,0.0439318749353321,-0.2491411800510291,0.0515316193429157,0.2965106199676941,0.0292137011671908,0.0048150598721394,1.9855741241031457e-15,17.592496054248183,13
509,0.31,4,144,1,1,1013,broad_xyz,22.359644512058757,False,-0.3588811877066312,-0.2047059891686133,0.0766993975837456,-0.2977836416787911,0.1127366339767062,0.332515014902931,0.0352909853636027,0.0059377899310185,1.9855741241031457e-15,17.592496054248183,13
510,0.33,4,144,1,1,1013,broad_xyz,22.359644512058757,False,-0.3482732837063923,-0.2089541828185675,0.1133625798197852,-0.3407403230589427,0.156934444867939,0.370591122313398,0.04194689168519,0.0072300106254489,1.9855741241031457e-15,17.592496054248183,13
511,0.35,4,144,1,1,1013,broad_xyz,22.359644512058757,False,-0.3428795343654597,-0.2128916085347095,0.152979252625008,-0.3767114220386969,0.1705151114518507,0.4079888331444771,0.0490681327621734,0.0086970277167009,1.9855741241031457e-15,17.592496054248183,13
512,0.37,4,144,1,1,1013,broad_xyz,22.359644512058757,False,-0.3444133441215523,-0.2157059270446958,0.1967313571215011,-0.4087744151775871,0.1534723868803787,0.4457609176855454,0.0565009445010021,0.0103923552970591,1.9855741241031457e-15,17.592496054248183,13
513,0.39,4,144,1,1,1013,broad_xyz,22.359644512058757,False,-0.3504265042090866,-0.2159160404999452,0.2417674007641409,-0.4352925205084374,0.1150473465908315,0.4810545684557345,0.064055634901945,0.0123165877333336,1.9855741241031457e-15,17.592496054248183,13
514,0.41,4,144,1,1,1013,broad_xyz,22.359644512058757,False,-0.3579079420056043,-0.2143032213538762,0.2869043660335253,-0.4495321862379911,0.063385109880089,0.5108636673153985,0.0715146847127271,0.0144852399598547,1.9855741241031457e-15,17.592496054248183,13
515,0.43,4,144,1,1,1013,broad_xyz,22.359644512058757,False,-0.367503656926389,-0.2085113856507444,0.3327508551894667,-0.4558505003850944,0.0132348408988488,0.5399407620186557,0.0786438741442868,0.0169205508773579,1.9855741241031457e-15,17.592496054248183,13
516,0.45,4,144,1,1,1013,broad_xyz,22.359644512058757,False,-0.3793522149411479,-0.1983181890257034,0.3815694738078638,-0.4497560894612513,-0.030916646094587,0.5699643628175437,0.0852054824506113,0.0196601000379627,1.9855741241031457e-15,17.592496054248183,13
517,0.5,4,144,1,1,1013,broad_xyz,22.359644512058757,False,-0.40918282983819,-0.1406864780171342,0.5245522593483205,-0.3658602889699492,-0.1037440901807509,0.6529164437936936,0.105949315467054,0.0283068806697655,1.9855741241031457e-15,17.592496054248183,13
518,0.55,4,144,1,1,1013,broad_xyz,22.359644512058757,False,-0.4189192070716374,-0.0193557389085525,0.6989987966739029,-0.1683874842196057,-0.133364389938684,0.7385973433482741,0.1250619773344732,0.0400067352859513,1.9855741241031457e-15,17.592496054248183,13
519,0.6,4,144,1,1,1013,broad_xyz,22.359644512058757,False,-0.3680153168232924,0.1346185166705115,0.8214164346515789,0.1295322231617943,-0.1496731323790575,0.7199467064524201,0.1515384730424843,0.0532383393416527,1.9855741241031457e-15,17.592496054248183,13
520,0.6499999999999999,4,144,1,1,1013,broad_xyz,22.359644512058757,False,-0.2773950760246464,0.2734448806021806,0.842725720887412,0.4581998374754749,-0.2191162674902954,0.514150732173151,0.1793995015232413,0.0659133193165337,1.9855741241031457e-15,17.592496054248183,13
521,0.7,4,144,1,1,1013,broad_xyz,22.359644512058757,False,-0.2026389742418017,0.3861294842577816,0.8114169950176687,0.6913352693719973,-0.2724925547776233,0.2931857339766073,0.207487552296322,0.0769612682962463,1.9855741241031457e-15,17.592496054248183,13
522,0.725,4,144,1,1,1013,broad_xyz,22.359644512058757,False,-0.1676090157002036,0.4412313241161283,0.7927839000209206,0.7621221943250392,-0.2271714100153681,0.2112520231202641,0.2169014590518578,0.0821216364778568,1.9855741241031457e-15,17.592496054248183,13
523,0.75,4,144,1,1,1013,broad_xyz,22.359644512058757,False,-0.1270672186157988,0.4978194905251286,0.7763330830130507,0.8080173216568112,-0.106728133832237,0.1491171625357135,0.2228824563656342,0.0871779095729173,1.9855741241031457e-15,17.592496054248183,13
524,0.775,4,144,1,1,1013,broad_xyz,22.359644512058757,False,-0.076938843340413,0.5543192704153241,0.7628129905620127,0.8347709871219053,0.074934236021326,0.1026237716475155,0.229648962359651,0.0920995491979313,1.9855741241031457e-15,17.592496054248183,13
525,0.8,4,144,1,1,1013,broad_xyz,22.359644512058757,False,-0.0182761861928121,0.6083136065817561,0.7528328034854502,0.8474565484126194,0.2554293961284418,0.0707205414279258,0.2360428105325188,0.0967883165370817,1.9855741241031457e-15,17.592496054248183,13
526,0.825,4,144,1,1,1013,broad_xyz,22.359644512058757,False,0.0478975706118662,0.6558545478748661,0.7466360302689339,0.8486213657652784,0.3899338928394809,0.0535171214758814,0.2441101549616271,0.1010525123386855,1.9855741241031457e-15,17.592496054248183,13
527,0.85,4,144,1,1,1013,broad_xyz,22.359644512058757,False,0.1218231686324489,0.6935734247144296,0.7439270975413587,0.8369354564322009,0.4814479546872267,0.0490171382686595,0.249318239480817,0.1047607487423285,1.9855741241031457e-15,17.592496054248183,13
528,0.875,4,144,1,1,1013,broad_xyz,22.359644512058757,False,0.2039039117495792,0.7196617276608581,0.7437947853921726,0.8082271700232704,0.5326798017782045,0.0570248521226876,0.2512343449673633,0.1078997444354973,1.9855741241031457e-15,17.592496054248183,13
529,0.9,4,144,1,1,1013,broad_xyz,22.359644512058757,False,0.2925318736108215,0.7336638544454352,0.7445438267342387,0.7584170081127669,0.54128316772849,0.0750791363920782,0.250964447923833,0.11049203420689,1.9855741241031457e-15,17.592496054248183,13
530,0.95,4,144,1,1,1013,broad_xyz,22.359644512058757,False,0.4690403768191611,0.7301993860890619,0.7371189940997459,0.5943840548676061,0.4593597126809532,0.1208808456429225,0.2636272564616174,0.1141068502739972,1.9855741241031457e-15,17.592496054248183,13
531,1.0,4,144,1,1,1013,broad_xyz,22.359644512058757,False,0.5850668707722139,0.7073925773274691,0.6915712043026191,0.3912300432547985,0.2204957756629811,0.1319939407469529,0.2783185236599789,0.1149945181837685,1.9855741241031457e-15,17.592496054248183,13
532,0.05,4,144,1,1,1014,broad_xyz,22.359644512058757,False,-0.2729961070627198,0.1587242818018173,0.6337433376544596,-0.1941648256025453,-0.1806610093602395,0.5292444094623064,0.0005071980839339,0.0001090960781501,1.9855741241031457e-15,17.592496054248183,14
533,0.075,4,144,1,1,1014,broad_xyz,22.359644512058757,False,-0.3138575269401877,0.152298306086188,0.6507974247227909,-0.2105714530267502,-0.1792322846825922,0.5346366767446538,0.0011419801375993,0.00025281667939,1.9855741241031457e-15,17.592496054248183,14
534,0.1,4,144,1,1,1014,broad_xyz,22.359644512058757,False,-0.360605460032659,0.1398825008213787,0.665030859442872,-0.2237644136904437,-0.1722566415642568,0.5367559866201945,0.0020613816617445,0.000468486372605,1.9855741241031457e-15,17.592496054248183,14
535,0.125,4,144,1,1,1014,broad_xyz,22.359644512058757,False,-0.3921381699336538,0.1256707144330646,0.6739979829219405,-0.2324440152520117,-0.1630626985264713,0.5312602743075436,0.0032943794170143,0.0007716288418399,1.9855741241031457e-15,17.592496054248183,14
536,0.15,4,144,1,1,1014,broad_xyz,22.359644512058757,False,-0.3914276808828874,0.1094936514093856,0.678579555188048,-0.2352919824909407,-0.1525939684784961,0.5159801272654447,0.0049131385712564,0.0011771800974968,1.9855741241031457e-15,17.592496054248183,14
537,0.1625,4,144,1,1,1014,broad_xyz,22.359644512058757,False,-0.3773804522562779,0.0998015340340436,0.6792535794542327,-0.2330577646269669,-0.1453968025668285,0.5030597640880453,0.0059176100789193,0.0014200833583299,1.9855741241031457e-15,17.592496054248183,14
538,0.175,4,144,1,1,1014,broad_xyz,22.359644512058757,False,-0.3558509141212456,0.0888379362288906,0.6791021255994972,-0.2278683356502297,-0.1362839833549372,0.4860568568786864,0.0070577889052746,0.0016893825417954,1.9855741241031457e-15,17.592496054248183,14
539,0.1875,4,144,1,1,1014,broad_xyz,22.359644512058757,False,-0.3295585207754909,0.0764604872092883,0.6784670647221792,-0.2196742565673551,-0.1249231662361386,0.4648319173643975,0.0084213999194433,0.0019835120147823,1.9855741241031457e-15,17.592496054248183,14
540,0.2,4,144,1,1,1014,broad_xyz,22.359644512058757,False,-0.3012521401690876,0.0626414219436796,0.6774268615099966,-0.2081087478642578,-0.1104319935983539,0.4390813036791384,0.0099981185983253,0.0023009342370467,1.9855741241031457e-15,17.592496054248183,14
541,0.2125,4,144,1,1,1014,broad_xyz,22.359644512058757,False,-0.2736743997265338,0.0473609247777456,0.6761806137747571,-0.1931895471219779,-0.0922034624824353,0.4088910476229203,0.0118547439474685,0.0026391582120229,1.9855741241031457e-15,17.592496054248183,14
542,0.225,4,144,1,1,1014,broad_xyz,22.359644512058757,False,-0.2484335510773654,0.030850180895327,0.6746468233860832,-0.1745793085037448,-0.0694644873332109,0.3742135735817332,0.0140797908334794,0.0029967992803843,1.9855741241031457e-15,17.592496054248183,14
543,0.2375,4,144,1,1,1014,broad_xyz,22.359644512058757,False,-0.2266557738727096,0.0134327177963316,0.67269244125487,-0.1522340064877048,-0.0419773837061757,0.335339839706621,0.0165921137913996,0.0033744143628833,1.9855741241031457e-15,17.592496054248183,14
544,0.25,4,144,1,1,1014,broad_xyz,22.359644512058757,False,-0.2080228155986049,-0.0038279108109686,0.6707543953949662,-0.1267940160579994,-0.010795493046039,0.2935320729945775,0.019404998889307,0.0037733963592054,1.9855741241031457e-15,17.592496054248183,14
545,0.27,4,144,1,1,1014,broad_xyz,22.359644512058757,False,-0.1801986274035653,-0.0246577507620861,0.6693391980027175,-0.0821703629479879,0.0473808054942387,0.2225079536367272,0.0245516784599669,0.0045077491032049,1.9855741241031457e-15,17.592496054248183,14
546,0.29,4,144,1,1,1014,broad_xyz,22.359644512058757,False,-0.1438032817421779,-0.0296565476122286,0.6723820934179638,-0.0361651374570703,0.1184692802954458,0.1474028072716451,0.0304984639526649,0.0054564261727916,1.9855741241031457e-15,17.592496054248183,14
547,0.31,4,144,1,1,1014,broad_xyz,22.359644512058757,False,-0.097462685994031,-0.030235679556757,0.6758734002931074,0.0110992737938757,0.196494062014944,0.0723776745555304,0.037212536891977,0.0065757844555092,1.9855741241031457e-15,17.592496054248183,14
548,0.33,4,144,1,1,1014,broad_xyz,22.359644512058757,False,-0.0486348629275958,-0.0308340717429436,0.6792667990359,0.0528011473438912,0.2678936522230982,0.0058311281342484,0.0446124070029053,0.0078691837902486,1.9855741241031457e-15,17.592496054248183,14
549,0.35,4,144,1,1,1014,broad_xyz,22.359644512058757,False,-0.007880732136361,-0.0338216948197227,0.6795099454171872,0.0847966267757932,0.3181552130718736,-0.0476149494434266,0.0525641465892277,0.0093263115502938,1.9855741241031457e-15,17.592496054248183,14
550,0.37,4,144,1,1,1014,broad_xyz,22.359644512058757,False,0.0228005121678337,-0.0380417635491377,0.6746825458679877,0.1065888938459433,0.3394799626155483,-0.0871429281419087,0.0608818545901317,0.0109261337673184,1.9855741241031457e-15,17.592496054248183,14
551,0.39,4,144,1,1,1014,broad_xyz,22.359644512058757,False,0.0403481569687679,-0.0447091688540245,0.6665185058683243,0.1168060596571464,0.32890602387376,-0.1101732705566532,0.0693331447295355,0.0126597078833127,1.9855741241031457e-15,17.592496054248183,14
552,0.41,4,144,1,1,1014,broad_xyz,22.359644512058757,False,0.0455781210399239,-0.0498578999244865,0.653627855151369,0.1176846714192796,0.2968081331376656,-0.1201164356404937,0.0776498430316748,0.0144920608187666,1.9855741241031457e-15,17.592496054248183,14
553,0.43,4,144,1,1,1014,broad_xyz,22.359644512058757,False,0.0373606338947301,-0.0529805670417693,0.6369663556799977,0.1109949506257923,0.2575647808042764,-0.1163342227355373,0.0855432942708509,0.0163960299229223,1.9855741241031457e-15,17.592496054248183,14
554,0.45,4,144,1,1,1014,broad_xyz,22.359644512058757,False,0.0136401261091592,-0.0549628940675582,0.6191371037983587,0.0978479089581942,0.2170719771321274,-0.1037372976782177,0.0927228757676519,0.018353658472607,1.9855741241031457e-15,17.592496054248183,14
555,0.5,4,144,1,1,1014,broad_xyz,22.359644512058757,False,-0.1080560272343575,-0.0471128817347697,0.5718427222046942,0.0572946407239181,0.1404252361935262,-0.0611277512080387,0.112210399686795,0.0232869044994613,1.9855741241031457e-15,17.592496054248183,14
556,0.55,4,144,1,1,1014,broad_xyz,22.359644512058757,False,-0.2353658050808341,-0.0223697167007053,0.5338772602430678,0.0282810980339977,0.1190779243583746,-0.0356994684827918,0.126465552645975,0.0280245588138613,1.9855741241031457e-15,17.592496054248183,14
557,0.6,4,144,1,1,1014,broad_xyz,22.359644512058757,False,-0.1762030190628745,0.0187914351926006,0.515926661808388,0.0225424660346259,0.1089802161022824,-0.0203278666806029,0.1370562440479871,0.032430272724946,1.9855741241031457e-15,17.592496054248183,14
558,0.6499999999999999,4,144,1,1,1014,broad_xyz,22.359644512058757,False,0.0072483120389742,0.083299803872422,0.5245340957706273,0.046215626921607,0.0536537552677449,0.0230728557982985,0.1426639087221614,0.0365973237839819,1.9855741241031457e-15,17.592496054248183,14
559,0.7,4,144,1,1,1014,broad_xyz,22.359644512058757,False,0.1275506372822672,0.1672050442565453,0.5549054626797683,0.104366603148202,-0.0255004098129009,0.0888331295473305,0.1500183235633947,0.0408913262585116,1.9855741241031457e-15,17.592496054248183,14
560,0.725,4,144,1,1,1014,broad_xyz,22.359644512058757,False,0.171619931305864,0.2158114692814858,0.5743750736051069,0.147601845762665,-0.0315651646872919,0.1190795173168368,0.1602727180415463,0.043367676209608,1.9855741241031457e-15,17.592496054248183,14
561,0.75,4,144,1,1,1014,broad_xyz,22.359644512058757,False,0.2086816638740405,0.2676819121861905,0.5963131229720554,0.2011200270455195,-0.0152031662724945,0.1430065026165583,0.1755147767461482,0.0462490198750867,1.9855741241031457e-15,17.592496054248183,14
562,0.775,4,144,1,1,1014,broad_xyz,22.359644512058757,False,0.2400465289423088,0.3175528339579084,0.6165179172439524,0.259404536219301,0.0132489591222186,0.1601437445155096,0.1909338492954672,0.0495363652527915,1.9855741241031457e-15,17.592496054248183,14
563,0.8,4,144,1,1,1014,broad_xyz,22.359644512058757,False,0.2747574644827166,0.3645750001370124,0.6376349330736011,0.3203663012816614,0.0559617585637552,0.1704558276363641,0.205857831293869,0.0533205711178492,1.9855741241031457e-15,17.592496054248183,14
564,0.825,4,144,1,1,1014,broad_xyz,22.359644512058757,False,0.3162909994847269,0.4071357563752476,0.6573882482892676,0.3776507065455651,0.1115982133376555,0.171516006528177,0.2195280697857364,0.0575113169222779,1.9855741241031457e-15,17.592496054248183,14
565,0.85,4,144,1,1,1014,broad_xyz,22.359644512058757,False,0.361724849343981,0.4416275564841531,0.6705671853250141,0.4250806608420192,0.1729446878880788,0.1637867329151346,0.231163943721296,0.0618089928513566,1.9855741241031457e-15,17.592496054248183,14
566,0.875,4,144,1,1,1014,broad_xyz,22.359644512058757,False,0.4081531571629314,0.4688379897056471,0.6760326698102812,0.4609819055711148,0.2365302616338441,0.1490624303348409,0.2400364324487668,0.0659770781778493,1.9855741241031457e-15,17.592496054248183,14
567,0.9,4,144,1,1,1014,broad_xyz,22.359644512058757,False,0.4484972738752986,0.490564593060707,0.674254134412447,0.4861082867161701,0.2973402933675661,0.1317144843029352,0.2455433796935086,0.0698167183109188,1.9855741241031457e-15,17.592496054248183,14
568,0.95,4,144,1,1,1014,broad_xyz,22.359644512058757,False,0.4717267818333514,0.5212336989339806,0.6527442555931561,0.5092828196124899,0.3667520091706212,0.1082817679895444,0.2533067778266154,0.0759988637432165,1.9855741241031457e-15,17.592496054248183,14
569,1.0,4,144,1,1,1014,broad_xyz,22.359644512058757,False,0.4164094103948858,0.5410616924287609,0.6191099106031703,0.5059399925949062,0.3913122209707838,0.1034132595653629,0.2656866983615517,0.0796532516246613,1.9855741241031457e-15,17.592496054248183,14
570,0.05,4,144,1,1,1015,broad_xyz,22.359644512058757,False,0.0951354075348912,0.1725445365915322,0.680776547762537,0.0122008470511261,-0.0398276787593276,0.8296151906836254,0.0004691117560463,9.659752916750048e-05,1.9855741241031457e-15,17.592496054248183,15
571,0.075,4,144,1,1,1015,broad_xyz,22.359644512058757,False,0.0106846180132104,0.1575086120878741,0.7108885023323943,0.0143653218574913,-0.035181584230084,0.8709493249160677,0.0010702256073718,0.0002308553860219,1.9855741241031457e-15,17.592496054248183,15
572,0.1,4,144,1,1,1015,broad_xyz,22.359644512058757,False,-0.0757664078228639,0.1334525504247517,0.7451992433685601,0.0305444601286681,-0.0230356416344919,0.9028514156705354,0.0019444280801558,0.0004426242956217,1.9855741241031457e-15,17.592496054248183,15
573,0.125,4,144,1,1,1015,broad_xyz,22.359644512058757,False,-0.1549926942190281,0.1011602529746037,0.779778328785012,0.0576008908743177,-0.0086225566267363,0.9219803723644469,0.0031242771975083,0.0007541798523322,1.9855741241031457e-15,17.592496054248183,15
574,0.15,4,144,1,1,1015,broad_xyz,22.359644512058757,False,-0.2173357990300262,0.0625123713575884,0.8112197442795824,0.0904772532613088,0.0021690073876917,0.926197577577992,0.0046474399461868,0.0011923527538981,1.9855741241031457e-15,17.592496054248183,15
575,0.1625,4,144,1,1,1015,broad_xyz,22.359644512058757,False,-0.2393574677431767,0.041923985279922,0.8250012768079165,0.1075930788659023,0.0047270758074428,0.9226136997414268,0.005550058860701,0.0014685741007074,1.9855741241031457e-15,17.592496054248183,15
576,0.175,4,144,1,1,1015,broad_xyz,22.359644512058757,False,-0.254503872690367,0.0211240629037317,0.8373823267627012,0.124540731373141,0.0049524663622359,0.9155577398266944,0.0065650144438152,0.0017886106382017,1.9855741241031457e-15,17.592496054248183,15
577,0.1875,4,144,1,1,1015,broad_xyz,22.359644512058757,False,-0.2629040433831142,0.0003346530779093,0.84824676843654,0.1407050445979077,0.0024587198286702,0.9052914990954348,0.0077682710687332,0.0021564666051708,1.9855741241031457e-15,17.592496054248183,15
578,0.2,4,144,1,1,1015,broad_xyz,22.359644512058757,False,-0.2649221789904371,-0.0199831444612838,0.8576746930801942,0.1558670932975041,-0.0026564413998225,0.8922330742340778,0.0091144838480229,0.002576908254367,1.9855741241031457e-15,17.592496054248183,15
579,0.2125,4,144,1,1,1015,broad_xyz,22.359644512058757,False,-0.261415458642456,-0.0396150300854747,0.8656556721640173,0.1696923390713751,-0.010076991102862,0.8767542802931774,0.0106218557144166,0.0030540687316262,1.9855741241031457e-15,17.592496054248183,15
580,0.225,4,144,1,1,1015,broad_xyz,22.359644512058757,False,-0.2534836603316964,-0.0583638081502952,0.8722115901104527,0.1818806486355051,-0.0189700972270121,0.8592761953295317,0.0124811037058432,0.0035919875954181,1.9855741241031457e-15,17.592496054248183,15
581,0.2375,4,144,1,1,1015,broad_xyz,22.359644512058757,False,-0.2422427338038694,-0.0760901325184707,0.8774374190749339,0.1923661474113268,-0.0281122245713857,0.8402565956667156,0.0146855245163494,0.0041943678179136,1.9855741241031457e-15,17.592496054248183,15
582,0.25,4,144,1,1,1015,broad_xyz,22.359644512058757,False,-0.2284601543050064,-0.0924791624982293,0.8815822937658773,0.2013940421651187,-0.0356245895584821,0.8202218848877719,0.0174229388226609,0.0048662657231284,1.9855741241031457e-15,17.592496054248183,15
583,0.27,4,144,1,1,1015,broad_xyz,22.359644512058757,False,-0.2031736374029711,-0.1159663152825288,0.8861552729822929,0.2128601438530701,-0.0411227257904881,0.7870585361708795,0.0230144086049237,0.0060929866273339,1.9855741241031457e-15,17.592496054248183,15
584,0.29,4,144,1,1,1015,broad_xyz,22.359644512058757,False,-0.1764816250497219,-0.1355988152511143,0.8901828408295537,0.2224490731573213,-0.0382510392310825,0.7540690605333884,0.02963767699633,0.0075297429893718,1.9855741241031457e-15,17.592496054248183,15
585,0.31,4,144,1,1,1015,broad_xyz,22.359644512058757,False,-0.1492996412544442,-0.1513301299951525,0.8929061797558229,0.2299250964715089,-0.0293429812101492,0.7222655423898535,0.03726402094134,0.0091848173219208,1.9855741241031457e-15,17.592496054248183,15
586,0.33,4,144,1,1,1015,broad_xyz,22.359644512058757,False,-0.1217636621757902,-0.1617531165152393,0.8949911746747812,0.2372702714217442,-0.0207755405360391,0.69339141993298,0.045796032778696,0.0110741937903015,1.9855741241031457e-15,17.592496054248183,15
587,0.35,4,144,1,1,1015,broad_xyz,22.359644512058757,False,-0.0935034794494388,-0.1641327931682005,0.8999481094786647,0.249514523136011,-0.0236341583497998,0.6692677786327278,0.0550602523644304,0.0132525584096205,1.9855741241031457e-15,17.592496054248183,15
588,0.37,4,144,1,1,1015,broad_xyz,22.359644512058757,False,-0.0641181620305594,-0.1600271893418065,0.9053226901654252,0.2646124137243888,-0.0351866785837191,0.6519045446250886,0.0648063205746853,0.0157038476845154,1.9855741241031457e-15,17.592496054248183,15
589,0.39,4,144,1,1,1015,broad_xyz,22.359644512058757,False,-0.0322153736106607,-0.1494620315596694,0.9102481175187768,0.2820685671819334,-0.0572740803269976,0.6433492558133577,0.0747145246767111,0.0184157467449955,1.9855741241031457e-15,17.592496054248183,15
590,0.41,4,144,1,1,1015,broad_xyz,22.359644512058757,False,0.0041385868738383,-0.1320608297935129,0.914067133855588,0.3021106383068606,-0.091857571912194,0.6439480806931948,0.0844125489073813,0.0213740373600248,1.9855741241031457e-15,17.592496054248183,15
591,0.43,4,144,1,1,1015,broad_xyz,22.359644512058757,False,0.047108486920428,-0.1073243123106253,0.9162945842482118,0.3253234948505963,-0.138063357224222,0.6512007823751742,0.0935006252104146,0.0245615053968557,1.9855741241031457e-15,17.592496054248183,15
592,0.45,4,144,1,1,1015,broad_xyz,22.359644512058757,False,0.0975967965826504,-0.0754357854146339,0.9152767289306,0.350610804121219,-0.1923422545403809,0.6618278494411759,0.1015824467285015,0.0279363265775501,1.9855741241031457e-15,17.592496054248183,15
593,0.5,4,144,1,1,1015,broad_xyz,22.359644512058757,False,0.2546699377100523,0.0340570721648062,0.8937371603179318,0.4200163121651764,-0.3201297485902355,0.6678871407676432,0.1151870483143791,0.0369679353643581,1.9855741241031457e-15,17.592496054248183,15
594,0.55,4,144,1,1,1015,broad_xyz,22.359644512058757,False,0.4125620242724226,0.1657881854088437,0.8351891951392619,0.4677807630617474,-0.395585943597692,0.5814348776193653,0.1169783259816545,0.0460893219778509,1.9855741241031457e-15,17.592496054248183,15
595,0.6,4,144,1,1,1015,broad_xyz,22.359644512058757,False,0.4635019093790402,0.287639216182902,0.7512100099776081,0.4578109446428076,-0.4371434548711777,0.4245619102067379,0.135733071848478,0.054322729276245,1.9855741241031457e-15,17.592496054248183,15
596,0.6499999999999999,4,144,1,1,1015,broad_xyz,22.359644512058757,False,0.3574460795061269,0.3859352539751015,0.6696806626440057,0.3964704208066781,-0.3642740291003394,0.2741966387007417,0.1575613404054854,0.0610026588173459,1.9855741241031457e-15,17.592496054248183,15
597,0.7,4,144,1,1,1015,broad_xyz,22.359644512058757,False,0.1910340247931204,0.4652398220836942,0.6058257561783567,0.3124025025401519,-0.1041765724565148,0.1713587374241428,0.1691984990766988,0.0658981462569005,1.9855741241031457e-15,17.592496054248183,15
598,0.725,4,144,1,1,1015,broad_xyz,22.359644512058757,False,0.1262155740486004,0.5016055731065882,0.5806414240400315,0.2683306956987739,0.0339583326359821,0.1383602839645515,0.1706509218060995,0.0677352710302034,1.9855741241031457e-15,17.592496054248183,15
599,0.75,4,144,1,1,1015,broad_xyz,22.359644512058757,False,0.0873654582730559,0.5388236020481153,0.5583284129568326,0.2257858232359396,0.1357955566857791,0.1153721572298978,0.1693544379867913,0.0692305406465948,1.9855741241031457e-15,17.592496054248183,15
600,0.775,4,144,1,1,1015,broad_xyz,22.359644512058757,False,0.0774355183968313,0.5782591652597427,0.5353579740976463,0.1879700613301003,0.1900614891180215,0.0964727636801727,0.1660167655778075,0.0703722626570632,1.9855741241031457e-15,17.592496054248183,15
601,0.8,4,144,1,1,1015,broad_xyz,22.359644512058757,False,0.0936966482926706,0.6189281562204085,0.5066420595294561,0.1576314135841196,0.2168168720527169,0.0760587625291336,0.1602039915394142,0.0711269267392075,1.9855741241031457e-15,17.592496054248183,15
602,0.825,4,144,1,1,1015,broad_xyz,22.359644512058757,False,0.1319724165112194,0.6560913143957278,0.4714433814627147,0.1324483119476169,0.2290811917929062,0.0532153877450693,0.153660899627267,0.0715822353267506,1.9855741241031457e-15,17.592496054248183,15
603,0.85,4,144,1,1,1015,broad_xyz,22.359644512058757,False,0.1860819953955859,0.6839633283660943,0.4375877831770524,0.1051771049010107,0.2186176376269661,0.0350389589132833,0.1553768986763401,0.0720069570513269,1.9855741241031457e-15,17.592496054248183,15
604,0.875,4,144,1,1,1015,broad_xyz,22.359644512058757,False,0.248885714772496,0.6976081330529558,0.4190176865464698,0.0679774637385035,0.1908308259745084,0.0342630147279064,0.1617172136076515,0.0727538648087843,1.9855741241031457e-15,17.592496054248183,15
605,0.9,4,144,1,1,1015,broad_xyz,22.359644512058757,False,0.3148133392290375,0.6943523888231039,0.4240526608830568,0.0183498062024336,0.15522618246903,0.0594835071741385,0.1686620286363803,0.0740589407791354,1.9855741241031457e-15,17.592496054248183,15
606,0.95,4,144,1,1,1015,broad_xyz,22.359644512058757,False,0.4426373621452601,0.6454776394299935,0.4528635038215195,-0.0752133229662677,0.1202072124347081,0.1395232775912137,0.1828932914371893,0.0779369715303379,1.9855741241031457e-15,17.592496054248183,15
607,1.0,4,144,1,1,1015,broad_xyz,22.359644512058757,False,0.5178817519849935,0.5645511540645184,0.4676534657163043,-0.1035836647966765,0.1433205391440746,0.1939812859054041,0.1995008112283965,0.0834508259294585,1.9855741241031457e-15,17.592496054248183,15
608,0.05,4,144,1,1,1016,broad_xyz,22.359644512058757,False,0.7366506048317553,0.317278399174543,0.5615954813150258,0.0535187658916643,0.0737127107911788,0.6875522414235001,0.0004773840819397,9.19561782276726e-05,1.9855741241031457e-15,17.592496054248183,16
609,0.075,4,144,1,1,1016,broad_xyz,22.359644512058757,False,0.6604807507952511,0.2995323480841048,0.6145872524442785,0.0820825017345849,0.1045414503928515,0.760254321502397,0.0010726190605386,0.0002159042055064,1.9855741241031457e-15,17.592496054248183,16
610,0.1,4,144,1,1,1016,broad_xyz,22.359644512058757,False,0.5591378453806292,0.2758266558536684,0.6789844471100613,0.1318951553835937,0.151684496233161,0.8189056060384798,0.0019165651397811,0.0004094778578397,1.9855741241031457e-15,17.592496054248183,16
611,0.125,4,144,1,1,1016,broad_xyz,22.359644512058757,False,0.4361886131328252,0.2466936353561444,0.7450638683433942,0.1963974790361279,0.2068728724102688,0.849582357267232,0.0030269679594933,0.0006945875644381,1.9855741241031457e-15,17.592496054248183,16
612,0.15,4,144,1,1,1016,broad_xyz,22.359644512058757,False,0.3009166193519809,0.2117078130846661,0.8026298105284174,0.2657330354226545,0.2579485728271965,0.8440647211832447,0.0044250944950021,0.0010978724431614,1.9855741241031457e-15,17.592496054248183,16
613,0.1625,4,144,1,1,1016,broad_xyz,22.359644512058757,False,0.232645989126695,0.1920077269489507,0.8259741090563467,0.2987702655765363,0.2777626262083011,0.8279581248763886,0.0052381709904766,0.0013525865926313,1.9855741241031457e-15,17.592496054248183,16
614,0.175,4,144,1,1,1016,broad_xyz,22.359644512058757,False,0.1665129825719259,0.1712452144049863,0.8452778638029343,0.32942531378537,0.2922649921293429,0.8042852700598198,0.0061294478998369,0.0016476345530739,1.9855741241031457e-15,17.592496054248183,16
615,0.1875,4,144,1,1,1016,broad_xyz,22.359644512058757,False,0.1045878887434922,0.1500710509540447,0.860882099578034,0.3576763464780444,0.3010519058358461,0.7744099958891044,0.0070993599268059,0.001987780124458,1.9855741241031457e-15,17.592496054248183,16
616,0.2,4,144,1,1,1016,broad_xyz,22.359644512058757,False,0.0488594975524572,0.1292412033309694,0.8731460268307131,0.3838999165036535,0.3041469977066429,0.7394812542459781,0.0087713913947419,0.002377479609416,1.9855741241031457e-15,17.592496054248183,16
617,0.2125,4,144,1,1,1016,broad_xyz,22.359644512058757,False,0.0002759769249785,0.109205009581252,0.8823697842622017,0.4079834113497612,0.3012237647762528,0.7007297020324789,0.0108659330156836,0.0028205885898579,1.9855741241031457e-15,17.592496054248183,16
618,0.225,4,144,1,1,1016,broad_xyz,22.359644512058757,False,-0.0407409959404808,0.0902592803045169,0.8889140176292382,0.4298064174236525,0.2917797070757308,0.6593412977737164,0.0133509156504137,0.0033209504861367,1.9855741241031457e-15,17.592496054248183,16
619,0.2375,4,144,1,1,1016,broad_xyz,22.359644512058757,False,-0.074066118043613,0.072871734090916,0.8932670077210314,0.4493491493197277,0.274735856542705,0.616512085226763,0.0162264974395535,0.0038834369992396,1.9855741241031457e-15,17.592496054248183,16
620,0.25,4,144,1,1,1016,broad_xyz,22.359644512058757,False,-0.0999593860219883,0.0572878027811302,0.8957782538439301,0.4669700106246006,0.2494571359715841,0.5728707084506592,0.0195203060660257,0.004512341196522,1.9855741241031457e-15,17.592496054248183,16
621,0.27,4,144,1,1,1016,broad_xyz,22.359644512058757,False,-0.1277411995747558,0.036543683700575,0.89666042312868,0.4919790466799739,0.1908599261863261,0.5024042505341303,0.0257162839858169,0.0056678889154652,1.9855741241031457e-15,17.592496054248183,16
622,0.29,4,144,1,1,1016,broad_xyz,22.359644512058757,False,-0.142155639822339,0.0213618512442977,0.8950183906453963,0.5137037204638272,0.1100318272740417,0.4331453142072569,0.0331026214015408,0.0070305379381404,1.9855741241031457e-15,17.592496054248183,16
623,0.31,4,144,1,1,1016,broad_xyz,22.359644512058757,False,-0.1477338133038351,0.0104448023097865,0.8929119574660025,0.5329681346118396,0.0137998624058163,0.3664826778968396,0.0416874834804859,0.0086393471415573,1.9855741241031457e-15,17.592496054248183,16
624,0.33,4,144,1,1,1016,broad_xyz,22.359644512058757,False,-0.1457047114183658,0.0043786386576305,0.8875095675847714,0.5518623133585192,-0.083861294789715,0.2986289302423551,0.0514100541612682,0.0104863363004017,1.9855741241031457e-15,17.592496054248183,16
625,0.35,4,144,1,1,1016,broad_xyz,22.359644512058757,False,-0.1398456682195689,0.0028342011087857,0.8792007179535215,0.57025002752712,-0.1681668011998229,0.2314972725626123,0.0621283038098423,0.0125712336245861,1.9855741241031457e-15,17.592496054248183,16
626,0.37,4,144,1,1,1016,broad_xyz,22.359644512058757,False,-0.1330570940605572,0.0053680836605115,0.8682889771865675,0.5868553236243107,-0.2366922931739403,0.1681303986924865,0.07361224995077,0.0148863134701677,1.9855741241031457e-15,17.592496054248183,16
627,0.39,4,144,1,1,1016,broad_xyz,22.359644512058757,False,-0.1276324702114909,0.0118525696031745,0.8556541098791278,0.6003680001545154,-0.2836015543444032,0.1129164683201691,0.0855452861150145,0.0174186058083328,1.9855741241031457e-15,17.592496054248183,16
628,0.41,4,144,1,1,1016,broad_xyz,22.359644512058757,False,-0.1249218418158387,0.0219948377618949,0.8418352055907802,0.6083730977831886,-0.3116809305203409,0.0705993968183702,0.0975354604237597,0.0201436756716304,1.9855741241031457e-15,17.592496054248183,16
629,0.43,4,144,1,1,1016,broad_xyz,22.359644512058757,False,-0.1254423752867081,0.0355037800758836,0.8272899506823506,0.6080907390169772,-0.3193074412233869,0.0458853895485822,0.1091371762125215,0.0230274896932605,1.9855741241031457e-15,17.592496054248183,16
630,0.45,4,144,1,1,1016,broad_xyz,22.359644512058757,False,-0.1296070451991038,0.0521364481026039,0.812703430778378,0.5971328731301606,-0.2998353209088896,0.0384566069438851,0.1198818597097698,0.0260174936404845,1.9855741241031457e-15,17.592496054248183,16
631,0.5,4,144,1,1,1016,broad_xyz,22.359644512058757,False,-0.1549897682951623,0.1025389121040474,0.77813027898498,0.5190040558397505,-0.2012469216760564,0.0832061918276848,0.1401376277394766,0.033340519096576,1.9855741241031457e-15,17.592496054248183,16
632,0.55,4,144,1,1,1016,broad_xyz,22.359644512058757,False,-0.1836155730551115,0.1586200256669551,0.7474712367340511,0.4020567542176475,-0.183663002219747,0.1636886374761672,0.1532162927829961,0.0391688308976467,1.9855741241031457e-15,17.592496054248183,16
633,0.6,4,144,1,1,1016,broad_xyz,22.359644512058757,False,-0.1812085285492744,0.2192062979661405,0.7191472607536429,0.2928245099436157,-0.2580501518798874,0.2363224326878143,0.1614934698992382,0.0426572023888679,1.9855741241031457e-15,17.592496054248183,16
634,0.6499999999999999,4,144,1,1,1016,broad_xyz,22.359644512058757,False,-0.1126138931049545,0.2914644511911616,0.6961089595850946,0.1888756963236385,-0.3628411953462491,0.2865406940520658,0.1652513908687791,0.0446354809933309,1.9855741241031457e-15,17.592496054248183,16
635,0.7,4,144,1,1,1016,broad_xyz,22.359644512058757,False,0.0474204080452545,0.3780287335514684,0.6777043779571026,0.0810708124383599,-0.4540871437971915,0.2990059485180012,0.1687894740812756,0.0467755120146618,1.9855741241031457e-15,17.592496054248183,16
636,0.725,4,144,1,1,1016,broad_xyz,22.359644512058757,False,0.1331491995647185,0.4239962893854173,0.6651820240556943,0.034955151720433,-0.4594437640587587,0.2820268130168885,0.1703164749508005,0.0483235539305638,1.9855741241031457e-15,17.592496054248183,16
637,0.75,4,144,1,1,1016,broad_xyz,22.359644512058757,False,0.2121198112863044,0.4691343229394789,0.6479547005692224,0.004179603164353,-0.4327457953543387,0.2465956346751113,0.1751614711004292,0.0503683606373918,1.9855741241031457e-15,17.592496054248183,16
638,0.775,4,144,1,1,1016,broad_xyz,22.359644512058757,False,0.2749000593887477,0.5104862891472072,0.6251477909230939,-0.0093460299283633,-0.3676623459973781,0.1971324098260979,0.1796921221901283,0.0529866361927971,1.9855741241031457e-15,17.592496054248183,16
639,0.8,4,144,1,1,1016,broad_xyz,22.359644512058757,False,0.3162489353695955,0.546619316111423,0.5968808565140223,-0.0066936439313479,-0.2606387111876735,0.1412059698574009,0.1874657788902728,0.0562204017966675,1.9855741241031457e-15,17.592496054248183,16
640,0.825,4,144,1,1,1016,broad_xyz,22.359644512058757,False,0.3411898564467308,0.5763871781653497,0.5641929179636436,0.0087765599302966,-0.1369984657549551,0.0860279434874521,0.195675967385939,0.0599836289875638,1.9855741241031457e-15,17.592496054248183,16
641,0.85,4,144,1,1,1016,broad_xyz,22.359644512058757,False,0.3622006932790174,0.601811505070332,0.527105355640622,0.0361482005517672,-0.0266958396279745,0.0330130879740291,0.2015608243473821,0.064023366579409,1.9855741241031457e-15,17.592496054248183,16
642,0.875,4,144,1,1,1016,broad_xyz,22.359644512058757,False,0.3850100757217961,0.6241633368342926,0.4886951985402995,0.0710290928755312,0.0654078812340676,-0.0130182938409145,0.2041353425359954,0.0681526813239853,1.9855741241031457e-15,17.592496054248183,16
643,0.9,4,144,1,1,1016,broad_xyz,22.359644512058757,False,0.4084572644865761,0.6433608228253137,0.4521273281811454,0.1092892285464217,0.1448473388340716,-0.0509199411468057,0.2058704825203063,0.0721951995470705,1.9855741241031457e-15,17.592496054248183,16
644,0.95,4,144,1,1,1016,broad_xyz,22.359644512058757,False,0.434767123215572,0.6681889303744583,0.4017117384796586,0.182920289685656,0.230064852010401,-0.0938458514982721,0.2169754696663761,0.0798791894846308,1.9855741241031457e-15,17.592496054248183,16
645,1.0,4,144,1,1,1016,broad_xyz,22.359644512058757,False,0.4060200458660966,0.6701958830166495,0.3962317361058146,0.2428287225621704,0.2532015468592328,-0.0883809846781009,0.2319700400106528,0.0875804409784699,1.9855741241031457e-15,17.592496054248183,16
646,0.05,4,144,1,1,1017,broad_xyz,22.359644512058757,False,0.4132072053362862,0.1677665477077072,0.4713738893760177,0.0436792437487119,0.1430837905694107,0.5280363816439487,0.0005506674104447,5.0958438952525135e-05,1.9855741241031457e-15,17.592496054248183,17
647,0.075,4,144,1,1,1017,broad_xyz,22.359644512058757,False,0.3843214554978897,0.1559290441496977,0.4796653021697766,0.0436017135750078,0.139484998565074,0.5535778702708424,0.0012624549787758,0.0001142393357589,1.9855741241031457e-15,17.592496054248183,17
648,0.1,4,144,1,1,1017,broad_xyz,22.359644512058757,False,0.3497330236870455,0.1423956117980294,0.4875448781324065,0.0399406344045415,0.1376672832098905,0.573980282715922,0.0022934519050447,0.0002056746524756,1.9855741241031457e-15,17.592496054248183,17
649,0.125,4,144,1,1,1017,broad_xyz,22.359644512058757,False,0.3078420611740992,0.1258317639367853,0.4941339683402608,0.0319147576225085,0.1381795516543775,0.5897472476054014,0.0036710599901303,0.0003296706118042,1.9855741241031457e-15,17.592496054248183,17
650,0.15,4,144,1,1,1017,broad_xyz,22.359644512058757,False,0.2539456560503055,0.1030245267546605,0.5014847933322426,0.0145662669026313,0.1396829765299695,0.6038283861358903,0.0054266841401345,0.0004967434972846,1.9855741241031457e-15,17.592496054248183,17
651,0.1625,4,144,1,1,1017,broad_xyz,22.359644512058757,False,0.2221936363611214,0.0893127046910069,0.5069251774771932,0.0019333233678858,0.1415281017526782,0.6114957571836199,0.0064567436016828,0.0006015960396018,1.9855741241031457e-15,17.592496054248183,17
652,0.175,4,144,1,1,1017,broad_xyz,22.359644512058757,False,0.1871440450917744,0.074054750456068,0.5140625872510641,-0.014130061880444,0.1433082783936997,0.6201867144712087,0.0075949997426255,0.000724505529655,1.9855741241031457e-15,17.592496054248183,17
653,0.1875,4,144,1,1,1017,broad_xyz,22.359644512058757,False,0.1495595158029525,0.0590291152058398,0.5214204739733825,-0.0331876609522867,0.1455687654782342,0.6284636335644305,0.0088798592074396,0.0008688779815163,1.9855741241031457e-15,17.592496054248183,17
654,0.2,4,144,1,1,1017,broad_xyz,22.359644512058757,False,0.1053456769183414,0.046743525000535,0.5321491049387852,-0.0604363113619426,0.144616115030244,0.6398689877619541,0.0102876825448135,0.0010494577802331,1.9855741241031457e-15,17.592496054248183,17
655,0.2125,4,144,1,1,1017,broad_xyz,22.359644512058757,False,0.0379626731924907,0.0413121732343089,0.5623981473036728,-0.1116978744615828,0.1262442972333852,0.6715795291549459,0.0118213052798991,0.0013085115016704,1.9855741241031457e-15,17.592496054248183,17
656,0.225,4,144,1,1,1017,broad_xyz,22.359644512058757,False,-0.0405204629650089,0.0419623307800317,0.5986762037736779,-0.1760205821106445,0.0967798541833529,0.7102353037438593,0.013482367737176,0.0016425834168518,1.9855741241031457e-15,17.592496054248183,17
657,0.2375,4,144,1,1,1017,broad_xyz,22.359644512058757,False,-0.1140125225737332,0.0445933209689365,0.6298533060433275,-0.2387210516803916,0.0698702250069565,0.7430760628536094,0.0152709678871064,0.0020359550240873,1.9855741241031457e-15,17.592496054248183,17
658,0.25,4,144,1,1,1017,broad_xyz,22.359644512058757,False,-0.1787717588174639,0.0485468807144805,0.6556630200795807,-0.2968814481647149,0.0499496219019182,0.7694338371815092,0.0171852728379359,0.0024907153619241,1.9855741241031457e-15,17.592496054248183,17
659,0.27,4,144,1,1,1017,broad_xyz,22.359644512058757,False,-0.2598687980145607,0.0547511127374802,0.6854424707842326,-0.3723270528540499,0.0430530189312089,0.7958950707660649,0.0204981271127788,0.0033341580235199,1.9855741241031457e-15,17.592496054248183,17
660,0.29,4,144,1,1,1017,broad_xyz,22.359644512058757,False,-0.3165056443191299,0.060579987389597,0.7069888943289043,-0.4306206222686791,0.0657866115686222,0.8083353773943442,0.024088189000091,0.0043332086710619,1.9855741241031457e-15,17.592496054248183,17
661,0.31,4,144,1,1,1017,broad_xyz,22.359644512058757,False,-0.3508476699053279,0.0684180300608143,0.7218972205219487,-0.4739362150560847,0.1147107701999914,0.8076958594221788,0.0278989940005709,0.0054860659754091,1.9855741241031457e-15,17.592496054248183,17
662,0.33,4,144,1,1,1017,broad_xyz,22.359644512058757,False,-0.366340387785797,0.0783934913589952,0.7325515311514202,-0.5040743016976851,0.181520178631707,0.7961114798066905,0.031845651691029,0.0067785177174483,1.9855741241031457e-15,17.592496054248183,17
663,0.35,4,144,1,1,1017,broad_xyz,22.359644512058757,False,-0.3646677841656448,0.0914246731607135,0.7417100775147403,-0.5248282892855444,0.2531873641366753,0.7759473314412193,0.035810994565694,0.0082147655456637,1.9855741241031457e-15,17.592496054248183,17
664,0.37,4,144,1,1,1017,broad_xyz,22.359644512058757,False,-0.3490930945276199,0.1069467114280924,0.7513669886848594,-0.5399455799193358,0.3254602124511249,0.7466784648962714,0.0396443593695837,0.0098048227039025,1.9855741241031457e-15,17.592496054248183,17
665,0.39,4,144,1,1,1017,broad_xyz,22.359644512058757,False,-0.3121845884053315,0.1331889700618425,0.7622998447396891,-0.5556936098500231,0.3996556846029311,0.7090567913601148,0.043165649655307,0.0116483509048041,1.9855741241031457e-15,17.592496054248183,17
666,0.41,4,144,1,1,1017,broad_xyz,22.359644512058757,False,-0.2532115117592929,0.1703047238336882,0.7727122409017502,-0.5706317226003226,0.4746462995427739,0.6596479723799128,0.0461787230993855,0.0137373132400724,1.9855741241031457e-15,17.592496054248183,17
667,0.43,4,144,1,1,1017,broad_xyz,22.359644512058757,False,-0.1771635855045258,0.2203408276558912,0.7866732932469142,-0.5917833420072183,0.5504304240495891,0.5994544103005078,0.0488416845711447,0.0161676339519894,1.9855741241031457e-15,17.592496054248183,17
668,0.45,4,144,1,1,1017,broad_xyz,22.359644512058757,False,-0.0875406852862606,0.2839313471252064,0.8022690379484642,-0.6217492750659809,0.6194961948826312,0.5357090932240871,0.0523904740545592,0.0189210927364273,1.9855741241031457e-15,17.592496054248183,17
669,0.5,4,144,1,1,1017,broad_xyz,22.359644512058757,False,0.1662376187772705,0.4890583977844452,0.8224566702900122,-0.7371892599843783,0.6936816358819542,0.4674454248796258,0.065026053626465,0.026946336095663,1.9855741241031457e-15,17.592496054248183,17
670,0.55,4,144,1,1,1017,broad_xyz,22.359644512058757,False,0.3520289685561006,0.6354139308977644,0.7084112856431175,-0.7459621325802271,0.5294716555931612,0.4669906383370152,0.0735609617215536,0.0353625546508544,1.9855741241031457e-15,17.592496054248183,17
671,0.6,4,144,1,1,1017,broad_xyz,22.359644512058757,False,0.3578619323204468,0.6615613982917191,0.5284700927724629,-0.5335847102539621,0.2034127522146929,0.3605961067982682,0.0826490708026916,0.0431018832983792,1.9855741241031457e-15,17.592496054248183,17
672,0.6499999999999999,4,144,1,1,1017,broad_xyz,22.359644512058757,False,0.2726633039292033,0.622527414999071,0.3838319612289257,-0.1934034015205504,-0.0269811590309456,0.1762612106494821,0.0976405754747694,0.049381958482335,1.9855741241031457e-15,17.592496054248183,17
673,0.7,4,144,1,1,1017,broad_xyz,22.359644512058757,False,0.2436501308009293,0.5926627400288911,0.3083612353155613,0.1219129037713742,-0.0292077771672895,0.0019861380351962,0.1078572253429544,0.0538532636932625,1.9855741241031457e-15,17.592496054248183,17
674,0.725,4,144,1,1,1017,broad_xyz,22.359644512058757,False,0.2761077296527879,0.5981791884116181,0.297040258575748,0.2492812663619588,0.018159027915758,-0.066854434884667,0.1151877626448243,0.0554508470007027,1.9855741241031457e-15,17.592496054248183,17
675,0.75,4,144,1,1,1017,broad_xyz,22.359644512058757,False,0.3437421346442216,0.619772209636725,0.3006915070683093,0.35524085049839,0.0760829058253362,-0.1162534707030847,0.1207266634129242,0.0567000936745499,1.9855741241031457e-15,17.592496054248183,17
676,0.775,4,144,1,1,1017,broad_xyz,22.359644512058757,False,0.4365871133722735,0.6517411140640073,0.3147005937842817,0.4385389338191338,0.149324718023369,-0.1462203772950354,0.1240443486403455,0.0576961696083207,1.9855741241031457e-15,17.592496054248183,17
677,0.8,4,144,1,1,1017,broad_xyz,22.359644512058757,False,0.5271981860395998,0.6842335722586658,0.3339141677116063,0.4981260373582617,0.2561459375553745,-0.1573563982536686,0.1249345872770871,0.0585841480619886,1.9855741241031457e-15,17.592496054248183,17
678,0.825,4,144,1,1,1017,broad_xyz,22.359644512058757,False,0.586182099744958,0.7071630514919582,0.354079052859175,0.5367720904554244,0.3797684783989384,-0.1525580158632327,0.1239582019581798,0.0594880899835875,1.9855741241031457e-15,17.592496054248183,17
679,0.85,4,144,1,1,1017,broad_xyz,22.359644512058757,False,0.5950253165579172,0.7139344998230177,0.3743663225065604,0.5587224403821306,0.4701063039031263,-0.1334161845654462,0.1276214680247069,0.0605750102355198,1.9855741241031457e-15,17.592496054248183,17
680,0.875,4,144,1,1,1017,broad_xyz,22.359644512058757,False,0.5536308383585565,0.702619735262261,0.3993668112703488,0.5675979790911561,0.5040846169424948,-0.0977004282337811,0.143634665236147,0.0620960835325162,1.9855741241031457e-15,17.592496054248183,17
681,0.9,4,144,1,1,1017,broad_xyz,22.359644512058757,False,0.4788141490350796,0.6779827894011178,0.4269348587797281,0.567800690864853,0.4970234433191943,-0.0519310106423157,0.1611219783406771,0.0642189780924204,1.9855741241031457e-15,17.592496054248183,17
682,0.95,4,144,1,1,1017,broad_xyz,22.359644512058757,False,0.3112739720313685,0.6136552688947978,0.4840122229464815,0.5419924303546068,0.3576764061947128,0.0474863470836547,0.1969807506761444,0.0709373521760101,1.9855741241031457e-15,17.592496054248183,17
683,1.0,4,144,1,1,1017,broad_xyz,22.359644512058757,False,0.2220413594671423,0.5568595010277759,0.5418399105516692,0.4605726678716254,0.0014240377141353,0.1436292785421313,0.2445838759039713,0.0810625875646433,1.9855741241031457e-15,17.592496054248183,17
684,0.05,4,144,1,1,1018,broad_xyz,22.359644512058757,False,-0.3762489495939697,-0.0229470822926429,0.4822758494615323,0.296194319635002,0.303753087140846,0.4536671420670052,0.0004700891914715,5.575806745354541e-05,1.9855741241031457e-15,17.592496054248183,18
685,0.075,4,144,1,1,1018,broad_xyz,22.359644512058757,False,-0.4114409551716826,0.0057599197853781,0.5148824712108783,0.2112359912239364,0.2082023343568,0.4931266744214553,0.0012495505330713,0.0001540560753846,1.9855741241031457e-15,17.592496054248183,18
686,0.1,4,144,1,1,1018,broad_xyz,22.359644512058757,False,-0.4457519516139918,0.0226870293006765,0.5327366602738026,0.1576890936220345,0.1355243503135477,0.5242333066700195,0.0025661378385356,0.0003268186982175,1.9855741241031457e-15,17.592496054248183,18
687,0.125,4,144,1,1,1018,broad_xyz,22.359644512058757,False,-0.4821360636273508,0.0319165539379335,0.5430085801833935,0.1245049903260859,0.0779061043892253,0.5476002976046827,0.0045004484639193,0.0005955444301352,1.9855741241031457e-15,17.592496054248183,18
688,0.15,4,144,1,1,1018,broad_xyz,22.359644512058757,False,-0.5204574190196419,0.0298061672736417,0.5518305121466168,0.1100242321869885,0.0488149539038929,0.5624950142911996,0.007114619363515,0.0009780465756449,1.9855741241031457e-15,17.592496054248183,18
689,0.1625,4,144,1,1,1018,broad_xyz,22.359644512058757,False,-0.5376245165147941,0.0252241133981703,0.5555578996166084,0.1090946168157491,0.0453640089131486,0.5655975205205949,0.0086916782860202,0.0012172257375451,1.9855741241031457e-15,17.592496054248183,18
690,0.175,4,144,1,1,1018,broad_xyz,22.359644512058757,False,-0.5501263728182318,0.0196094858325651,0.5575669519847845,0.1120744280575071,0.0472052368904244,0.5642705208715305,0.0104516754611482,0.0014908076051935,1.9855741241031457e-15,17.592496054248183,18
691,0.1875,4,144,1,1,1018,broad_xyz,22.359644512058757,False,-0.5537163276262005,0.0128976946971142,0.5581418022171164,0.1190408938580437,0.053687899956745,0.5584289321393726,0.0123918856168627,0.0017998645036236,1.9855741241031457e-15,17.592496054248183,18
692,0.2,4,144,1,1,1018,broad_xyz,22.359644512058757,False,-0.5398737673871379,0.0052206972585454,0.557432349052456,0.1298175770443056,0.063940923817128,0.5479426977140445,0.0145046102888522,0.0021456951570264,1.9855741241031457e-15,17.592496054248183,18
693,0.2125,4,144,1,1,1018,broad_xyz,22.359644512058757,False,-0.5139811624625115,-0.0032409307787347,0.5556273956299738,0.1443960008497613,0.0772043132029063,0.5327050151305386,0.016776727198367,0.0025296871430937,1.9855741241031457e-15,17.592496054248183,18
694,0.225,4,144,1,1,1018,broad_xyz,22.359644512058757,False,-0.4780695015638881,-0.0124258114914136,0.5529402479013933,0.1627333385706763,0.0927550190897683,0.5126495460716681,0.0192137467780426,0.0029525252739904,1.9855741241031457e-15,17.592496054248183,18
695,0.2375,4,144,1,1,1018,broad_xyz,22.359644512058757,False,-0.4325243460170405,-0.0224012953060899,0.5493759133948235,0.1844906184479999,0.1097747232955084,0.4875390841755916,0.021840461512982,0.0034135842811364,1.9855741241031457e-15,17.592496054248183,18
696,0.25,4,144,1,1,1018,broad_xyz,22.359644512058757,False,-0.3776186830601145,-0.0331825422763761,0.5448881711188132,0.209489011176409,0.1274479459503313,0.4571385894268787,0.0245795506760411,0.0039121782692859,1.9855741241031457e-15,17.592496054248183,18
697,0.27,4,144,1,1,1018,broad_xyz,22.359644512058757,False,-0.2731410140971756,-0.0518933479983879,0.5359019377537072,0.2557241350379123,0.1551970517978688,0.397568895344309,0.029117997423845,0.0047859366210234,1.9855741241031457e-15,17.592496054248183,18
698,0.29,4,144,1,1,1018,broad_xyz,22.359644512058757,False,-0.1579634913455345,-0.0720358226337346,0.5248600599059667,0.3089165985467486,0.1777835836420207,0.3253741900366411,0.0338804628647426,0.0057463454364163,1.9855741241031457e-15,17.592496054248183,18
699,0.31,4,144,1,1,1018,broad_xyz,22.359644512058757,False,-0.0472052108659161,-0.0915603412498884,0.5137484695069217,0.369534896736557,0.1888248051518387,0.2432039742239324,0.0414794220686189,0.0068140939595832,1.9855741241031457e-15,17.592496054248183,18
700,0.33,4,144,1,1,1018,broad_xyz,22.359644512058757,False,0.0533821576543599,-0.1035231235585663,0.5102555883478503,0.4425524405638254,0.1906112232704777,0.1576189979269851,0.0498734888422996,0.0081292624033555,1.9855741241031457e-15,17.592496054248183,18
701,0.35,4,144,1,1,1018,broad_xyz,22.359644512058757,False,0.131156416900839,-0.1102697537500905,0.513154901121501,0.5181287823474418,0.1734419896070032,0.0782925186876099,0.0589079272817452,0.0097130347013124,1.9855741241031457e-15,17.592496054248183,18
702,0.37,4,144,1,1,1018,broad_xyz,22.359644512058757,False,0.180970150829152,-0.1127342144844232,0.5214476257211755,0.58608016919666,0.1355605271954826,0.0158191290050617,0.0683660818060061,0.0115703652678199,1.9855741241031457e-15,17.592496054248183,18
703,0.39,4,144,1,1,1018,broad_xyz,22.359644512058757,False,0.2041293596420869,-0.1104897625830361,0.5307278125690269,0.6365241293996705,0.0826646871892402,-0.0249544846795666,0.0779758092839399,0.0136814451617315,1.9855741241031457e-15,17.592496054248183,18
704,0.41,4,144,1,1,1018,broad_xyz,22.359644512058757,False,0.2013974756147231,-0.1067882963211637,0.5428362872270223,0.6591597990510654,0.0350317720272607,-0.037117834719474,0.0881435584432079,0.0160425429532297,1.9855741241031457e-15,17.592496054248183,18
705,0.43,4,144,1,1,1018,broad_xyz,22.359644512058757,False,0.1786132392698452,-0.0982509540662156,0.5518813047961175,0.6522241187960174,0.0056320896887765,-0.0299308688437858,0.098139448434008,0.0186006656418431,1.9855741241031457e-15,17.592496054248183,18
706,0.45,4,144,1,1,1018,broad_xyz,22.359644512058757,False,0.1388478344529102,-0.0869241687009586,0.5604041101731092,0.6164532749041719,-0.010709911599388,-0.0059275347959646,0.1075987889029487,0.0213567705082541,1.9855741241031457e-15,17.592496054248183,18
707,0.5,4,144,1,1,1018,broad_xyz,22.359644512058757,False,0.0061845249986118,-0.045715529346815,0.5811142759948275,0.4552611884167812,-0.0387764750525466,0.0799570669749885,0.1269812328724902,0.0289345665461345,1.9855741241031457e-15,17.592496054248183,18
708,0.55,4,144,1,1,1018,broad_xyz,22.359644512058757,False,-0.1004702574036963,0.0135943907214301,0.5983223413838527,0.3029923217509599,-0.1023660382188498,0.1294610024572558,0.1408743361077316,0.0371331739682797,1.9855741241031457e-15,17.592496054248183,18
709,0.6,4,144,1,1,1018,broad_xyz,22.359644512058757,False,-0.0692985906249422,0.1009838136786975,0.6260007885952824,0.2127852061805776,-0.1793153209202183,0.1387926171141518,0.1549693140104555,0.0461373133937422,1.9855741241031457e-15,17.592496054248183,18
710,0.6499999999999999,4,144,1,1,1018,broad_xyz,22.359644512058757,False,0.1361800057932377,0.214360940452656,0.6546925149443784,0.1455017570952113,-0.1883042502553455,0.1453151577972412,0.1617990730208052,0.0556361438831356,1.9855741241031457e-15,17.592496054248183,18
711,0.7,4,144,1,1,1018,broad_xyz,22.359644512058757,False,0.3622477094759678,0.3314496818221683,0.644202939271081,0.0705242975762191,-0.0594675983220512,0.1633268805481721,0.1730419473914521,0.063873396508106,1.9855741241031457e-15,17.592496054248183,18
712,0.725,4,144,1,1,1018,broad_xyz,22.359644512058757,False,0.4259534725225804,0.3837627912215873,0.6188925390129588,0.0350436772965426,0.0275539890700472,0.1717225382826131,0.175338496426747,0.0668610989223878,1.9855741241031457e-15,17.592496054248183,18
713,0.75,4,144,1,1,1018,broad_xyz,22.359644512058757,False,0.4557542716665489,0.4305769316836044,0.5807169268883027,0.0092309612451513,0.1062199772413877,0.1733168978240241,0.1794248370591391,0.0687810611048061,1.9855741241031457e-15,17.592496054248183,18
714,0.775,4,144,1,1,1018,broad_xyz,22.359644512058757,False,0.4626970764650955,0.4724681712567429,0.5330581806163338,-0.0023306348553916,0.1740201562345852,0.165773519085948,0.1799213368291527,0.0695749574046867,1.9855741241031457e-15,17.592496054248183,18
715,0.8,4,144,1,1,1018,broad_xyz,22.359644512058757,False,0.4580412395324892,0.5120718021317047,0.4769351965359017,0.0053507426141942,0.2235128493633585,0.1453900828270328,0.1763482148712185,0.0692847441763682,1.9855741241031457e-15,17.592496054248183,18
716,0.825,4,144,1,1,1018,broad_xyz,22.359644512058757,False,0.4496182539802417,0.5511846736081182,0.4139922189305556,0.0341291444156265,0.2595506180128057,0.1102261419940874,0.1717311377988537,0.068088697911149,1.9855741241031457e-15,17.592496054248183,18
717,0.85,4,144,1,1,1018,broad_xyz,22.359644512058757,False,0.4434010106384988,0.5905007392870362,0.345606028172335,0.081845826069744,0.2873994215523771,0.0590771364291205,0.1682447109353889,0.066241993099041,1.9855741241031457e-15,17.592496054248183,18
718,0.875,4,144,1,1,1018,broad_xyz,22.359644512058757,False,0.4427359533929917,0.627750042855289,0.276551071283604,0.1387733649867993,0.3046111619194416,-0.0038715888576825,0.1635656210711348,0.0641091734990239,1.9855741241031457e-15,17.592496054248183,18
719,0.9,4,144,1,1,1018,broad_xyz,22.359644512058757,False,0.449806931206307,0.6590551298510985,0.2136065965021698,0.1907443271540365,0.3117189965316059,-0.0700816704705676,0.1655081538439577,0.0621152751848528,1.9855741241031457e-15,17.592496054248183,18
720,0.95,4,144,1,1,1018,broad_xyz,22.359644512058757,False,0.4763930617648317,0.6787072575620811,0.1290639848249691,0.2276366947597715,0.2684819542615667,-0.1663861004613011,0.1700452025635795,0.0600249402640639,1.9855741241031457e-15,17.592496054248183,18
721,1.0,4,144,1,1,1018,broad_xyz,22.359644512058757,False,0.4908217429068521,0.6520039023022515,0.1144761869357413,0.1915908931952653,0.1446828073304437,-0.1858615875422249,0.1817366322808832,0.0621633687536247,1.9855741241031457e-15,17.592496054248183,18
722,0.05,4,144,1,1,1019,broad_xyz,22.359644512058757,False,-0.0026896257283555,0.0726462254439205,-0.3094890350548717,-0.2362301087003585,-0.25552493085725,-0.1852529367079534,0.000258827068747,6.28244390624682e-05,1.9855741241031457e-15,17.592496054248183,19
723,0.075,4,144,1,1,1019,broad_xyz,22.359644512058757,False,0.0365618260998399,0.0910760240874536,-0.2922606002648997,-0.2409860463717439,-0.2497735342831948,-0.1442564277076828,0.0006227793229087,0.0001558573658135,1.9855741241031457e-15,17.592496054248183,19
724,0.1,4,144,1,1,1019,broad_xyz,22.359644512058757,False,0.0927249189739171,0.1000203858116302,-0.2493603997698754,-0.2368241727167489,-0.2371337710566702,-0.0817619638340632,0.0011887444407788,0.0003111529904315,1.9855741241031457e-15,17.592496054248183,19
725,0.125,4,144,1,1,1019,broad_xyz,22.359644512058757,False,0.131342716585452,0.0924429616744372,-0.1695115150449578,-0.2150498010845508,-0.2132572784569292,-0.0003585127700222,0.0019994908410566,0.0005597208391506,1.9855741241031457e-15,17.592496054248183,19
726,0.15,4,144,1,1,1019,broad_xyz,22.359644512058757,False,0.1427258076050083,0.0918042289422505,-0.0271402288851415,-0.1674390374592347,-0.1719176186318091,0.102216091063425,0.0031063499893239,0.0009651961785597,1.9855741241031457e-15,17.592496054248183,19
727,0.1625,4,144,1,1,1019,broad_xyz,22.359644512058757,False,0.1415802047987836,0.1048549066597664,0.0660437209211222,-0.1420030120206071,-0.1505782596960243,0.1626496693279862,0.0038582118103559,0.0012577054238767,1.9855741241031457e-15,17.592496054248183,19
728,0.175,4,144,1,1,1019,broad_xyz,22.359644512058757,False,0.1330273984398474,0.1250505837663406,0.1644182405316043,-0.1246436576439651,-0.1384520226887425,0.2278959676256976,0.0047704280851394,0.0016274828632295,1.9855741241031457e-15,17.592496054248183,19
729,0.1875,4,144,1,1,1019,broad_xyz,22.359644512058757,False,0.1204523483366794,0.1505286395157564,0.2648085749549616,-0.108750108525113,-0.127433931259544,0.2907649892224079,0.0058347714615435,0.0020852406414841,1.9855741241031457e-15,17.592496054248183,19
730,0.2,4,144,1,1,1019,broad_xyz,22.359644512058757,False,0.1037779782835643,0.17696563519297,0.362697440570077,-0.0918765020324497,-0.1128688260422017,0.3457165267444592,0.0070666899731213,0.0026374403009302,1.9855741241031457e-15,17.592496054248183,19
731,0.2125,4,144,1,1,1019,broad_xyz,22.359644512058757,False,0.0886444110233199,0.197793855535358,0.4501976269070909,-0.071494921139575,-0.0930188271964474,0.3845788413718675,0.0084815054378267,0.0032801675508181,1.9855741241031457e-15,17.592496054248183,19
732,0.225,4,144,1,1,1019,broad_xyz,22.359644512058757,False,0.077227010580197,0.213217907457526,0.5267302098477274,-0.0488294556069575,-0.0685471678199485,0.4086343111821007,0.0100940528510038,0.0040172743549959,1.9855741241031457e-15,17.592496054248183,19
733,0.2375,4,144,1,1,1019,broad_xyz,22.359644512058757,False,0.0690903080061775,0.2270639173927746,0.5967932729374152,-0.0239683253063432,-0.0385308164120193,0.4218085884278337,0.0119182867598117,0.0048626780193879,1.9855741241031457e-15,17.592496054248183,19
734,0.25,4,144,1,1,1019,broad_xyz,22.359644512058757,False,0.0670441699621441,0.2367000501919149,0.6572219107822194,0.0033444161183647,-0.0037521104227118,0.4219594710523719,0.0139668640701537,0.0058093503975538,1.9855741241031457e-15,17.592496054248183,19
735,0.27,4,144,1,1,1019,broad_xyz,22.359644512058757,False,0.0744818645594895,0.2407603618000748,0.732885969560137,0.0506565375088845,0.0590397772917762,0.3994278604257043,0.0184143499342692,0.0075153281089103,1.9855741241031457e-15,17.592496054248183,19
736,0.29,4,144,1,1,1019,broad_xyz,22.359644512058757,False,0.0931409037931782,0.2342821713668612,0.7868127910058627,0.098953116062224,0.1262342546399609,0.3580938817940928,0.0243464616132293,0.0094413940738914,1.9855741241031457e-15,17.592496054248183,19
737,0.31,4,144,1,1,1019,broad_xyz,22.359644512058757,False,0.1184070811412335,0.2223063615406573,0.8242363629928976,0.144214811511411,0.1919777283107801,0.307443868369294,0.0315167770515069,0.0115760525901837,1.9855741241031457e-15,17.592496054248183,19
738,0.33,4,144,1,1,1019,broad_xyz,22.359644512058757,False,0.1491618018954069,0.2097429778082755,0.8517632328296366,0.1830876955081878,0.2508901157420606,0.2557877458274994,0.0398238843433895,0.013936288954935,1.9855741241031457e-15,17.592496054248183,19
739,0.35,4,144,1,1,1019,broad_xyz,22.359644512058757,False,0.1781250969478812,0.1967357645029054,0.8699755358205138,0.2132814874323644,0.2945735616677346,0.2075092666141726,0.0491963975227063,0.016496971759629,1.9855741241031457e-15,17.592496054248183,19
740,0.37,4,144,1,1,1019,broad_xyz,22.359644512058757,False,0.2010023442834944,0.1840699389332829,0.8797152019285577,0.2356221302434668,0.3206097546015669,0.1627884753414368,0.0595048176947879,0.0192195861784254,1.9855741241031457e-15,17.592496054248183,19
741,0.39,4,144,1,1,1019,broad_xyz,22.359644512058757,False,0.2133607588697642,0.172077253397397,0.883016271008925,0.2498320431857352,0.3276545216461873,0.1216942937758697,0.0705444450793707,0.0220807948563604,1.9855741241031457e-15,17.592496054248183,19
742,0.41,4,144,1,1,1019,broad_xyz,22.359644512058757,False,0.2138418619737198,0.1622441946545183,0.8814737842114243,0.2573152619508169,0.3202844409452864,0.0830625791584197,0.082067049984732,0.0250359917245681,1.9855741241031457e-15,17.592496054248183,19
743,0.43,4,144,1,1,1019,broad_xyz,22.359644512058757,False,0.2027797690644617,0.1549855296481757,0.8765363503937257,0.2587892392850901,0.3063661304973263,0.0457857199311957,0.0937627843843588,0.0280418470887291,1.9855741241031457e-15,17.592496054248183,19
744,0.45,4,144,1,1,1019,broad_xyz,22.359644512058757,False,0.1830074348119554,0.1511718526260154,0.8698726133825089,0.2541658694612201,0.2883190081450341,0.0098447954081042,0.1052685502412054,0.031070873625362,1.9855741241031457e-15,17.592496054248183,19
745,0.5,4,144,1,1,1019,broad_xyz,22.359644512058757,False,0.1252687616778027,0.15646937116386,0.8468393422285949,0.2229538830409344,0.3241675142610844,-0.0750643767430617,0.1313791569955316,0.0383726941899693,1.9855741241031457e-15,17.592496054248183,19
746,0.55,4,144,1,1,1019,broad_xyz,22.359644512058757,False,0.1028108793343923,0.1844407930548218,0.8152362076162492,0.1689935774341101,0.3949684289211462,-0.1324113293812539,0.1498334875050172,0.0448505218143503,1.9855741241031457e-15,17.592496054248183,19
747,0.6,4,144,1,1,1019,broad_xyz,22.359644512058757,False,0.1572206727248619,0.2397245194179439,0.7713711819614429,0.0950867892748168,0.3959270481347203,-0.11972755904014,0.15579405316788,0.0502358373031048,1.9855741241031457e-15,17.592496054248183,19
748,0.6499999999999999,4,144,1,1,1019,broad_xyz,22.359644512058757,False,0.2686865030488583,0.3232614436631694,0.7077440736280238,0.0148177244211874,0.3180895339673189,-0.0380421980738317,0.1504496617786631,0.0542967653524189,1.9855741241031457e-15,17.592496054248183,19
749,0.7,4,144,1,1,1019,broad_xyz,22.359644512058757,False,0.3841814968064336,0.4319753981934466,0.6196657899694206,-0.0364779166289705,0.1678404940301837,0.0205110012567441,0.1389086339678808,0.0569158096217905,1.9855741241031457e-15,17.592496054248183,19
750,0.725,4,144,1,1,1019,broad_xyz,22.359644512058757,False,0.4285642821117528,0.4922501427325508,0.5666974737504624,-0.0326629385089753,0.0909954880500582,0.0274365633879218,0.1295712745681185,0.057694918747726,1.9855741241031457e-15,17.592496054248183,19
751,0.75,4,144,1,1,1019,broad_xyz,22.359644512058757,False,0.4575010782310849,0.5531465743166573,0.5104683778141095,-0.0002536560698666,0.0320164353803233,0.0202897357428476,0.1220982024414268,0.0581579606148988,1.9855741241031457e-15,17.592496054248183,19
752,0.775,4,144,1,1,1019,broad_xyz,22.359644512058757,False,0.4683602454706718,0.611767440578689,0.4546257458693293,0.0624064218484989,0.0010110452791408,0.0021386146064695,0.1242334525997304,0.0583505395229998,1.9855741241031457e-15,17.592496054248183,19
753,0.8,4,144,1,1,1019,broad_xyz,22.359644512058757,False,0.4612826301014889,0.6649567988455254,0.4029359885941792,0.1504166758267754,0.0059673025990884,-0.0230815106519034,0.1268896760116835,0.0583270371316499,1.9855741241031457e-15,17.592496054248183,19
754,0.825,4,144,1,1,1019,broad_xyz,22.359644512058757,False,0.4373922820332787,0.7093685718973278,0.3585054400329458,0.2523749535836143,0.0607190151697215,-0.0515208302366463,0.1282163474360931,0.0581550774124033,1.9855741241031457e-15,17.592496054248183,19
755,0.85,4,144,1,1,1019,broad_xyz,22.359644512058757,False,0.3992098729171968,0.7420427356652133,0.3234655803483149,0.3532167816661661,0.1595634836360105,-0.0792655817376427,0.1281077867883119,0.0579163708308198,1.9855741241031457e-15,17.592496054248183,19
756,0.875,4,144,1,1,1019,broad_xyz,22.359644512058757,False,0.3498523707417633,0.761949329477432,0.2992312776875656,0.4395990630295463,0.2722533882360853,-0.1028717313602563,0.126335357847597,0.0576979870103865,1.9855741241031457e-15,17.592496054248183,19
757,0.9,4,144,1,1,1019,broad_xyz,22.359644512058757,False,0.2931522761832123,0.770403967197413,0.2867719715148017,0.5042207070293644,0.3729452024934139,-0.1197023999862024,0.1315849555681425,0.0575738114267932,1.9855741241031457e-15,17.592496054248183,19
758,0.95,4,144,1,1,1019,broad_xyz,22.359644512058757,False,0.1879164854079399,0.7595718826583276,0.2944614596840986,0.5696578127162182,0.4954566796268919,-0.127452152825109,0.1510663198860067,0.0576405164012197,1.9855741241031457e-15,17.592496054248183,19
759,1.0,4,144,1,1,1019,broad_xyz,22.359644512058757,False,0.1048259212476448,0.7102550227744244,0.35837178520148,0.5620519274710741,0.4852452820487795,-0.0695615044023875,0.1655006169896679,0.0584955803374632,1.9855741241031457e-15,17.592496054248183,19
760,0.05,4,144,1,1,1020,broad_xyz,22.359644512058757,False,-0.4390929810857732,-0.0493940843239501,0.3145910583689355,0.1542389297322976,0.2307189438815403,0.443199339397775,0.0003631020018452,4.481084664272206e-05,1.9855741241031457e-15,17.592496054248183,20
761,0.075,4,144,1,1,1020,broad_xyz,22.359644512058757,False,-0.4433885315699491,-0.0748782418581968,0.3394015568556845,0.2291156221040796,0.3118343769525931,0.474218736420207,0.0008034873755089,0.0001060523239715,1.9855741241031457e-15,17.592496054248183,20
762,0.1,4,144,1,1,1020,broad_xyz,22.359644512058757,False,-0.4516663321658137,-0.1091892066739597,0.3703613854674558,0.3152103562230787,0.3927135396990482,0.4822877333504186,0.0016294133165983,0.0002040375373931,1.9855741241031457e-15,17.592496054248183,20
763,0.125,4,144,1,1,1020,broad_xyz,22.359644512058757,False,-0.4640264763834044,-0.1494041383721653,0.4115890220610006,0.4128670974026927,0.4691957481499205,0.471918983657989,0.0030094854651248,0.0003537995170491,1.9855741241031457e-15,17.592496054248183,20
764,0.15,4,144,1,1,1020,broad_xyz,22.359644512058757,False,-0.4780851601801632,-0.1867515370017703,0.4511249638722954,0.5003324510622212,0.5211953755035764,0.4449979962937824,0.0051726589669985,0.0005783564533203,1.9855741241031457e-15,17.592496054248183,20
765,0.1625,4,144,1,1,1020,broad_xyz,22.359644512058757,False,-0.4852897203975785,-0.2051559103066779,0.4707799859145937,0.5378071933178061,0.5365271314497128,0.4278978823036551,0.0066380502167378,0.0007271588916446,1.9855741241031457e-15,17.592496054248183,20
766,0.175,4,144,1,1,1020,broad_xyz,22.359644512058757,False,-0.4891359496176214,-0.223319369547524,0.4901668295385852,0.5705260279580395,0.5448045571554572,0.4076958660132227,0.0084128127756016,0.0009036162712798,1.9855741241031457e-15,17.592496054248183,20
767,0.1875,4,144,1,1,1020,broad_xyz,22.359644512058757,False,-0.4864303842833545,-0.2381576341533975,0.5082810037514921,0.597587678139226,0.5455299925455773,0.3851490281494557,0.0105392798986945,0.0011141761101148,1.9855741241031457e-15,17.592496054248183,20
768,0.2,4,144,1,1,1020,broad_xyz,22.359644512058757,False,-0.4774954609283042,-0.2497665852770832,0.5277198418414595,0.6211472312992432,0.5409629784956722,0.3639808270791471,0.0130604270384703,0.0013690437821838,1.9855741241031457e-15,17.592496054248183,20
769,0.2125,4,144,1,1,1020,broad_xyz,22.359644512058757,False,-0.4645513829883176,-0.2603725532066408,0.5495145147781427,0.6434948003799452,0.5326778730455799,0.3415870626002638,0.0160186922815865,0.0016718163041463,1.9855741241031457e-15,17.592496054248183,20
770,0.225,4,144,1,1,1020,broad_xyz,22.359644512058757,False,-0.4488937677937805,-0.2693823700577206,0.568673716355742,0.6602856195966692,0.5178700288540634,0.3150836325555468,0.0194545839838956,0.0020202192133319,1.9855741241031457e-15,17.592496054248183,20
771,0.2375,4,144,1,1,1020,broad_xyz,22.359644512058757,False,-0.4427307543872952,-0.2758476731672105,0.5879382558736704,0.6740825785399492,0.4992471969256979,0.2887518252758923,0.0234050817272554,0.002425864140661,1.9855741241031457e-15,17.592496054248183,20
772,0.25,4,144,1,1,1020,broad_xyz,22.359644512058757,False,-0.4444106616517135,-0.2813961750342877,0.6044361016161373,0.6833707389588589,0.4752275291313787,0.2596071416638625,0.027901848669972,0.0028862257545625,1.9855741241031457e-15,17.592496054248183,20
773,0.27,4,144,1,1,1020,broad_xyz,22.359644512058757,False,-0.4485137834523994,-0.2837154164835006,0.6299579357143062,0.6906276588962101,0.427053048163009,0.2218955486938222,0.0362904057516822,0.0037774392183877,1.9855741241031457e-15,17.592496054248183,20
774,0.29,4,144,1,1,1020,broad_xyz,22.359644512058757,False,-0.4471887750817918,-0.2802358646396125,0.6544783576171092,0.6916474382084719,0.3683297741625781,0.1941195855479349,0.0461838781807701,0.0048853279323261,1.9855741241031457e-15,17.592496054248183,20
775,0.31,4,144,1,1,1020,broad_xyz,22.359644512058757,False,-0.4374915565998654,-0.271793613515518,0.681449195264256,0.6920414059306216,0.3038638233934076,0.1798424051487722,0.0575469746026247,0.0062440240742825,1.9855741241031457e-15,17.592496054248183,20
776,0.33,4,144,1,1,1020,broad_xyz,22.359644512058757,False,-0.4196177275876991,-0.2613302858152544,0.7068179372310881,0.6918363904026473,0.2343854866953617,0.1725465199540333,0.0702430630387526,0.0078604254659081,1.9855741241031457e-15,17.592496054248183,20
777,0.35,4,144,1,1,1020,broad_xyz,22.359644512058757,False,-0.3971128714963457,-0.2487551232619219,0.729859821334216,0.6909658744844197,0.1638218430436498,0.1712524468433233,0.084021167808419,0.0097469112657724,1.9855741241031457e-15,17.592496054248183,20
778,0.37,4,144,1,1,1020,broad_xyz,22.359644512058757,False,-0.3734592801577389,-0.2356222167041211,0.750286433947849,0.6911396906647302,0.1028337716253497,0.1730712030197442,0.0985128639345713,0.0118893530732627,1.9855741241031457e-15,17.592496054248183,20
779,0.39,4,144,1,1,1020,broad_xyz,22.359644512058757,False,-0.3508567230590542,-0.2237764383894376,0.7697659148516808,0.6951458958722824,0.0701259497522136,0.1753253903008846,0.1132424901489542,0.014283298339581,1.9855741241031457e-15,17.592496054248183,20
780,0.41,4,144,1,1,1020,broad_xyz,22.359644512058757,False,-0.3307184931535357,-0.211609927215324,0.7862110757634251,0.6995943652724205,0.0594249937074976,0.1808766855295245,0.1276524029468919,0.0169091638674053,1.9855741241031457e-15,17.592496054248183,20
781,0.43,4,144,1,1,1020,broad_xyz,22.359644512058757,False,-0.3136809777403686,-0.1994468201177886,0.798292653209305,0.7034588024405801,0.0660530677764097,0.1868907532529058,0.1411421922091286,0.0197124572714782,1.9855741241031457e-15,17.592496054248183,20
782,0.45,4,144,1,1,1020,broad_xyz,22.359644512058757,False,-0.2996152567766391,-0.186341723478043,0.8074005736254483,0.7063680163018187,0.0838522454434018,0.1929804490289023,0.1531174935473232,0.0226812661968304,1.9855741241031457e-15,17.592496054248183,20
783,0.5,4,144,1,1,1020,broad_xyz,22.359644512058757,False,-0.2731483301765312,-0.1496136287054721,0.8234581921571519,0.7128736949582792,0.1493713760796487,0.1967554354087632,0.1731683949729034,0.0306066015122389,1.9855741241031457e-15,17.592496054248183,20
784,0.55,4,144,1,1,1020,broad_xyz,22.359644512058757,False,-0.2058571991067765,-0.1064046393431388,0.8229259380871092,0.7076479129466088,0.2171062254003656,0.1899034329300425,0.1874051933438457,0.0383454543162204,1.9855741241031457e-15,17.592496054248183,20
785,0.6,4,144,1,1,1020,broad_xyz,22.359644512058757,False,-0.0082814203078072,-0.0572019843563511,0.8124990466833841,0.7004188457797188,0.2904539513738203,0.2166054603769965,0.1941806952698886,0.0450050947486437,1.9855741241031457e-15,17.592496054248183,20
786,0.6499999999999999,4,144,1,1,1020,broad_xyz,22.359644512058757,False,0.1913417594690543,-0.0043207421007413,0.7926610344320852,0.6898818139976307,0.3447700154407351,0.3064781362140313,0.194297986664595,0.0496324814614151,1.9855741241031457e-15,17.592496054248183,20
787,0.7,4,144,1,1,1020,broad_xyz,22.359644512058757,False,0.2947124723314947,0.0547025848926219,0.7637082254917158,0.658799084977281,0.4110440248069331,0.3925669651193017,0.1902245751449658,0.0520057868921733,1.9855741241031457e-15,17.592496054248183,20
788,0.725,4,144,1,1,1020,broad_xyz,22.359644512058757,False,0.3270211415445315,0.0880763988320878,0.7451948168545985,0.6362813462705079,0.4307226523370561,0.410126898586657,0.1877024483119747,0.052459913472981,1.9855741241031457e-15,17.592496054248183,20
789,0.75,4,144,1,1,1020,broad_xyz,22.359644512058757,False,0.3546210545182269,0.1247729630742629,0.7228219765430677,0.6152789856964267,0.431432452057687,0.4055096765380215,0.181324118001547,0.0525288794664757,1.9855741241031457e-15,17.592496054248183,20
790,0.775,4,144,1,1,1020,broad_xyz,22.359644512058757,False,0.3801216432262396,0.1649713438998627,0.695081793246617,0.6009113393330628,0.4177900462050509,0.3794855393958848,0.1767502688107846,0.0523108136403452,1.9855741241031457e-15,17.592496054248183,20
791,0.8,4,144,1,1,1020,broad_xyz,22.359644512058757,False,0.4044774858261088,0.2082509591295897,0.6604063367795798,0.5957639387781751,0.3992588126012098,0.334690093801878,0.1748564443382894,0.0519288481233269,1.9855741241031457e-15,17.592496054248183,20
792,0.825,4,144,1,1,1020,broad_xyz,22.359644512058757,False,0.4285841665087982,0.2534020404557604,0.6182544719824214,0.5992256387972801,0.392814037034117,0.275387381109706,0.1893969583988763,0.0515408859937617,1.9855741241031457e-15,17.592496054248183,20
793,0.85,4,144,1,1,1020,broad_xyz,22.359644512058757,False,0.4547452372462868,0.299193539206038,0.5711170486759003,0.6092330810027639,0.3969595831178299,0.2090302330139054,0.2033689293222196,0.0513623060821047,1.9855741241031457e-15,17.592496054248183,20
794,0.875,4,144,1,1,1020,broad_xyz,22.359644512058757,False,0.4818971919079784,0.3402596739006773,0.5243995693188988,0.6214586985481877,0.401149890393344,0.1473140028385881,0.2165825607694787,0.0515116972501752,1.9855741241031457e-15,17.592496054248183,20
795,0.9,4,144,1,1,1020,broad_xyz,22.359644512058757,False,0.5087764358196578,0.372189718147493,0.4838051112180853,0.6316689455676179,0.3992676716722856,0.0990356629868132,0.2287967220268122,0.052067897805396,1.9855741241031457e-15,17.592496054248183,20
796,0.95,4,144,1,1,1020,broad_xyz,22.359644512058757,False,0.5506103686234984,0.4023470880743598,0.4373349512854176,0.6384583089999505,0.3874273440194976,0.0560931678512752,0.2489734811356531,0.0542112290382689,1.9855741241031457e-15,17.592496054248183,20
797,1.0,4,144,1,1,1020,broad_xyz,22.359644512058757,False,0.5487041096117014,0.4030849399593779,0.4218181373226843,0.6322284028171284,0.4029634533670901,0.0497808575829903,0.2610105924089853,0.0565515053468052,1.9855741241031457e-15,17.592496054248183,20
798,0.05,4,144,1,1,1021,broad_xyz,22.359644512058757,False,0.4262411699138319,0.2819805993548477,0.4672998217203691,0.2522145875554748,0.285722396264834,0.5560076723638017,0.0002823742474616,7.77803086011827e-05,1.9855741241031457e-15,17.592496054248183,21
799,0.075,4,144,1,1,1021,broad_xyz,22.359644512058757,False,0.5581519581455917,0.2429866422963659,0.4866873282291025,0.2297444644540086,0.2626906922339425,0.5591977900572218,0.0006174424597779,0.0001811833412623,1.9855741241031457e-15,17.592496054248183,21
800,0.1,4,144,1,1,1021,broad_xyz,22.359644512058757,False,0.6425564605403492,0.1918635557642723,0.5113198598219277,0.216694268839551,0.2448565797806895,0.5649821422552709,0.001213894126599,0.0003367285408596,1.9855741241031457e-15,17.592496054248183,21
801,0.125,4,144,1,1,1021,broad_xyz,22.359644512058757,False,0.6829144207809299,0.1346872111808896,0.5335249216279816,0.2093022747707963,0.2266858132465797,0.5671629866568494,0.0021782735699544,0.0005552253683997,1.9855741241031457e-15,17.592496054248183,21
802,0.15,4,144,1,1,1021,broad_xyz,22.359644512058757,False,0.6896002335297968,0.0819572994787719,0.5572459716938682,0.2038732104165532,0.2046294288692061,0.571232018144383,0.0035848417602473,0.0008556279224433,1.9855741241031457e-15,17.592496054248183,21
803,0.1625,4,144,1,1,1021,broad_xyz,22.359644512058757,False,0.683823267887647,0.0582972921580078,0.5696338476707012,0.2018779066379228,0.1918956997134779,0.5731763572560207,0.0044865879052167,0.0010437226019733,1.9855741241031457e-15,17.592496054248183,21
804,0.175,4,144,1,1,1021,broad_xyz,22.359644512058757,False,0.6723884333952589,0.0358442454379746,0.5816154928771275,0.2002810545267005,0.1784567118503603,0.573916011437773,0.0055384843168937,0.0012603546274179,1.9855741241031457e-15,17.592496054248183,21
805,0.1875,4,144,1,1,1021,broad_xyz,22.359644512058757,False,0.6559552040572865,0.0148042993964371,0.5933097348997098,0.1991099958714459,0.1644021009899152,0.5733944817256085,0.006753858949694,0.0015086916183599,1.9855741241031457e-15,17.592496054248183,21
806,0.2,4,144,1,1,1021,broad_xyz,22.359644512058757,False,0.6351449811056047,-0.004682494091236,0.6048163715235624,0.1983636041837182,0.1489449155357686,0.5715692253533547,0.0081457096310484,0.0017919622456424,1.9855741241031457e-15,17.592496054248183,21
807,0.2125,4,144,1,1,1021,broad_xyz,22.359644512058757,False,0.6104391505080726,-0.0224781853223848,0.6161424707130926,0.1978939370277191,0.1313454203646781,0.5683439478052005,0.0099579255813042,0.0021137536985365,1.9855741241031457e-15,17.592496054248183,21
808,0.225,4,144,1,1,1021,broad_xyz,22.359644512058757,False,0.5823646060166582,-0.0385401867864277,0.6272779011266312,0.19790750771333,0.1113438906837448,0.5636450430325027,0.012291602176009,0.002477659601341,1.9855741241031457e-15,17.592496054248183,21
809,0.2375,4,144,1,1,1021,broad_xyz,22.359644512058757,False,0.5512094479036371,-0.0529646844222549,0.63818117905476,0.1983219023723926,0.0879916004212657,0.557492426644875,0.0149944362249772,0.0028869867593988,1.9855741241031457e-15,17.592496054248183,21
810,0.25,4,144,1,1,1021,broad_xyz,22.359644512058757,False,0.517675989849524,-0.0658661305212361,0.6490128236025746,0.1992089966607984,0.061060853396728,0.5500490001305443,0.0180888273382926,0.003345492113299,1.9855741241031457e-15,17.592496054248183,21
811,0.27,4,144,1,1,1021,broad_xyz,22.359644512058757,False,0.4592641022311781,-0.0837223917978568,0.6666472029115583,0.2020757953568774,0.0113524063210112,0.5359198872249028,0.0238940351292022,0.0041938086919798,1.9855741241031457e-15,17.592496054248183,21
812,0.29,4,144,1,1,1021,broad_xyz,22.359644512058757,False,0.3967736158627435,-0.0977869996940457,0.6829079285350572,0.2058489735310301,-0.0447683662210252,0.5185526170661379,0.0307732049922787,0.0051896029193237,1.9855741241031457e-15,17.592496054248183,21
813,0.31,4,144,1,1,1021,broad_xyz,22.359644512058757,False,0.3384266604269481,-0.1079115798389415,0.6976298200774633,0.2111385786863235,-0.0968259833368295,0.4983716342899258,0.0386973756743803,0.0063469105826044,1.9855741241031457e-15,17.592496054248183,21
814,0.33,4,144,1,1,1021,broad_xyz,22.359644512058757,False,0.296492092731622,-0.1147043829670308,0.7103360986704021,0.2175017662577875,-0.144218331897143,0.475603435374925,0.0475657657788203,0.0076656638098929,1.9855741241031457e-15,17.592496054248183,21
815,0.35,4,144,1,1,1021,broad_xyz,22.359644512058757,False,0.2633899275779742,-0.117763787110422,0.7221169350074111,0.2262343972685382,-0.1840837360570892,0.4503754767896714,0.057197810761108,0.0091521469630145,1.9855741241031457e-15,17.592496054248183,21
816,0.37,4,144,1,1,1021,broad_xyz,22.359644512058757,False,0.2353945422272327,-0.1178937935852825,0.7321541034672439,0.2366928326667162,-0.217258145265882,0.4230807365808206,0.0673320624932615,0.0107984847219206,1.9855741241031457e-15,17.592496054248183,21
817,0.39,4,144,1,1,1021,broad_xyz,22.359644512058757,False,0.2067875187234923,-0.1158270600645579,0.7401920994632082,0.2483744051232951,-0.2456795716313632,0.3951237680664668,0.0776340009381868,0.0125832163394425,1.9855741241031457e-15,17.592496054248183,21
818,0.41,4,144,1,1,1021,broad_xyz,22.359644512058757,False,0.178918880066656,-0.1114226422372591,0.7471314013635729,0.2616457664765796,-0.2700598579106117,0.3678477247599558,0.0877136834167042,0.0144962585624218,1.9855741241031457e-15,17.592496054248183,21
819,0.43,4,144,1,1,1021,broad_xyz,22.359644512058757,False,0.1542891089290718,-0.10368221067993,0.7513178260520526,0.2758273546419491,-0.2916704106776991,0.3423305857123893,0.097152402817153,0.0165137060810983,1.9855741241031457e-15,17.592496054248183,21
820,0.45,4,144,1,1,1021,broad_xyz,22.359644512058757,False,0.1362486621148677,-0.0933332482278068,0.7521979499240462,0.2901604941951194,-0.3160003588393271,0.3204360718156136,0.1055355194231629,0.0185836615594457,1.9855741241031457e-15,17.592496054248183,21
821,0.5,4,144,1,1,1021,broad_xyz,22.359644512058757,False,0.132490539652568,-0.0565617518345928,0.7435220069857382,0.3137912741285537,-0.3981006993531862,0.3054528256068817,0.1195848361359116,0.0238762300681445,1.9855741241031457e-15,17.592496054248183,21
822,0.55,4,144,1,1,1021,broad_xyz,22.359644512058757,False,0.183478670142572,-0.0053481284904296,0.7274478033562762,0.3085580632318504,-0.4539950522910921,0.3258664798419237,0.1243411762209942,0.0290908043027292,1.9855741241031457e-15,17.592496054248183,21
823,0.6,4,144,1,1,1021,broad_xyz,22.359644512058757,False,0.2741422287015428,0.0633649317733525,0.7032916496408383,0.2754251341601195,-0.4072536000755098,0.3543587609629593,0.1189085131144872,0.0339338928030984,1.9855741241031457e-15,17.592496054248183,21
824,0.6499999999999999,4,144,1,1,1021,broad_xyz,22.359644512058757,False,0.3830977268618635,0.1503368387366521,0.6612869832377175,0.2357447075262495,-0.2313959621093575,0.366198253301736,0.1199658475986482,0.0380784477831766,1.9855741241031457e-15,17.592496054248183,21
825,0.7,4,144,1,1,1021,broad_xyz,22.359644512058757,False,0.4670670592178934,0.254446348429185,0.5987027213281787,0.2232711998486801,-0.0218788286055415,0.3303415170542236,0.1319339936014882,0.0416615519576256,1.9855741241031457e-15,17.592496054248183,21
826,0.725,4,144,1,1,1021,broad_xyz,22.359644512058757,False,0.4814212706585408,0.3110476622151061,0.5604454424350993,0.2337430871064747,0.0637222756807551,0.2893409654119977,0.1384801976386689,0.0433315889251156,1.9855741241031457e-15,17.592496054248183,21
827,0.75,4,144,1,1,1021,broad_xyz,22.359644512058757,False,0.4790387326526868,0.3714855984672107,0.5202468161850671,0.258392359933552,0.134554581739412,0.2309233357743011,0.1461587526828773,0.0450717438774046,1.9855741241031457e-15,17.592496054248183,21
828,0.775,4,144,1,1,1021,broad_xyz,22.359644512058757,False,0.4651747627507566,0.437324315945663,0.4825235296213972,0.3020260212155323,0.2006335470313253,0.1571734531190968,0.1532040701953868,0.0470245689951407,1.9855741241031457e-15,17.592496054248183,21
829,0.8,4,144,1,1,1021,broad_xyz,22.359644512058757,False,0.4592351023089185,0.4978730326451588,0.4410088489714128,0.3543629738867425,0.2610098749941512,0.075582274826366,0.1587283541994332,0.0489222244417197,1.9855741241031457e-15,17.592496054248183,21
830,0.825,4,144,1,1,1021,broad_xyz,22.359644512058757,False,0.4752161076027172,0.5495652786013817,0.3971837704499639,0.409151276305708,0.3195811004775359,-0.0060978297161927,0.1621986713947706,0.0507723693525205,1.9855741241031457e-15,17.592496054248183,21
831,0.85,4,144,1,1,1021,broad_xyz,22.359644512058757,False,0.5272001081668213,0.5897331131573762,0.3542798881541711,0.4622444495514017,0.384138912589727,-0.0808917479702975,0.1630725128380517,0.0525680593459024,1.9855741241031457e-15,17.592496054248183,21
832,0.875,4,144,1,1,1021,broad_xyz,22.359644512058757,False,0.5842301856096014,0.6168427323323853,0.3206117730059437,0.5123641591572338,0.4457972837985197,-0.1408404053951377,0.1659220837465204,0.0543925909247539,1.9855741241031457e-15,17.592496054248183,21
833,0.9,4,144,1,1,1021,broad_xyz,22.359644512058757,False,0.6391519699079524,0.633711627319124,0.29358106464557,0.557143374887046,0.4954039014524292,-0.1882216070414173,0.1805505246208647,0.0561734104700578,1.9855741241031457e-15,17.592496054248183,21
834,0.95,4,144,1,1,1021,broad_xyz,22.359644512058757,False,0.7198949986953904,0.639839918687527,0.2651011982791523,0.6238158252196996,0.5457581365052473,-0.2407582108617331,0.2070937207641427,0.0596388088721337,1.9855741241031457e-15,17.592496054248183,21
835,1.0,4,144,1,1,1021,broad_xyz,22.359644512058757,False,0.7550957354039666,0.6176491107045758,0.2683565637622667,0.6641046596074306,0.5487061833837049,-0.2481687008009422,0.2283628442401556,0.0628455809287793,1.9855741241031457e-15,17.592496054248183,21
836,0.05,4,144,1,1,1022,broad_xyz,22.359644512058757,False,-0.3179652888945408,0.0516045173865582,-0.5996904875147897,-0.5057505510875137,-0.4606918431776216,-0.4445685452089419,0.0004025992400337,9.067946299403504e-05,1.9855741241031457e-15,17.592496054248183,22
837,0.075,4,144,1,1,1022,broad_xyz,22.359644512058757,False,-0.3740776380956592,0.0882076935406406,-0.5620797455412434,-0.5343378415713438,-0.4917609395456381,-0.3269785682275269,0.0010256851254921,0.0002302190149631,1.9855741241031457e-15,17.592496054248183,22
838,0.1,4,144,1,1,1022,broad_xyz,22.359644512058757,False,-0.420530998624278,0.1139703085012094,-0.5223271522488202,-0.5524036760640676,-0.5176324934636559,-0.194357225938494,0.0021219973602021,0.0004639789121532,1.9855741241031457e-15,17.592496054248183,22
839,0.125,4,144,1,1,1022,broad_xyz,22.359644512058757,False,-0.4483832344183387,0.1232547938278338,-0.4897031252929678,-0.5545331686701552,-0.5370027631018894,-0.0738542442795548,0.0037535770784494,0.0008176489622264,1.9855741241031457e-15,17.592496054248183,22
840,0.15,4,144,1,1,1022,broad_xyz,22.359644512058757,False,-0.466950135398145,0.1232543113226757,-0.4674285658289184,-0.5467970252209425,-0.5555046815460187,0.0218799153658047,0.0060244309158799,0.001321780816651,1.9855741241031457e-15,17.592496054248183,22
841,0.1625,4,144,1,1,1022,broad_xyz,22.359644512058757,False,-0.4742351188257764,0.1200735121639505,-0.4596731402793366,-0.5392839703483618,-0.5638021364927778,0.0580265727185438,0.0073584536132451,0.0016351715701802,1.9855741241031457e-15,17.592496054248183,22
842,0.175,4,144,1,1,1022,broad_xyz,22.359644512058757,False,-0.4798813018459351,0.1138868213331799,-0.4539623862781661,-0.5263585843500467,-0.567016783324916,0.0836637386130949,0.0087940290139967,0.0019901621223055,1.9855741241031457e-15,17.592496054248183,22
843,0.1875,4,144,1,1,1022,broad_xyz,22.359644512058757,False,-0.4843766014510022,0.1067874304612981,-0.4496185881083298,-0.5111850533188695,-0.566604801013585,0.1016223639275155,0.0102975924236473,0.0023882012585876,1.9855741241031457e-15,17.592496054248183,22
844,0.2,4,144,1,1,1022,broad_xyz,22.359644512058757,False,-0.4861736910785658,0.0978865155820876,-0.4468713149559752,-0.4911873400526416,-0.5583716256283777,0.1093975888329686,0.0118296015549581,0.0028230395393859,1.9855741241031457e-15,17.592496054248183,22
845,0.2125,4,144,1,1,1022,broad_xyz,22.359644512058757,False,-0.4852341306407072,0.0871046484908993,-0.445487932805063,-0.4655763606731758,-0.5416646579288682,0.1069164038368557,0.0134464402085999,0.0032903649879715,1.9855741241031457e-15,17.592496054248183,22
846,0.225,4,144,1,1,1022,broad_xyz,22.359644512058757,False,-0.4821342776542689,0.0727339121482931,-0.4452764970042907,-0.4316021942303278,-0.5149722122046477,0.0931310775781263,0.0150825452369612,0.0037932547849888,1.9855741241031457e-15,17.592496054248183,22
847,0.2375,4,144,1,1,1022,broad_xyz,22.359644512058757,False,-0.4750004371145355,0.056851078202489,-0.4455675634387216,-0.3908458031575872,-0.4795228720138141,0.0704247918609777,0.0166927639536916,0.004324842481696,1.9855741241031457e-15,17.592496054248183,22
848,0.25,4,144,1,1,1022,broad_xyz,22.359644512058757,False,-0.4640244639826701,0.03900376696353,-0.4457467538033594,-0.342998047674421,-0.4346502426482978,0.0401954032885611,0.0187671166468199,0.0048816005401992,1.9855741241031457e-15,17.592496054248183,22
849,0.27,4,144,1,1,1022,broad_xyz,22.359644512058757,False,-0.4379112106656169,0.0071651152310344,-0.4442057831485065,-0.2506890292344887,-0.339575086690031,-0.0205693195688953,0.0246262331070737,0.0058127438943117,1.9855741241031457e-15,17.592496054248183,22
850,0.29,4,144,1,1,1022,broad_xyz,22.359644512058757,False,-0.4010487413979586,-0.0281065122030884,-0.43678208305128,-0.1354707553004927,-0.2136423617918149,-0.0925702442347679,0.031546982078204,0.0068126032200943,1.9855741241031457e-15,17.592496054248183,22
851,0.31,4,144,1,1,1022,broad_xyz,22.359644512058757,False,-0.3557216062438228,-0.0669397219651885,-0.4207658165949529,0.0014526597301639,-0.0660445663423977,-0.1709234093311597,0.0394991744834131,0.0079004660452732,1.9855741241031457e-15,17.592496054248183,22
852,0.33,4,144,1,1,1022,broad_xyz,22.359644512058757,False,-0.3055563129922581,-0.1052428181590373,-0.3958501041932209,0.1428307410373868,0.0689877206955687,-0.2440577244685258,0.04838230586192,0.0090562269150886,1.9855741241031457e-15,17.592496054248183,22
853,0.35,4,144,1,1,1022,broad_xyz,22.359644512058757,False,-0.246962298063067,-0.1325696012106291,-0.3517532788556194,0.277066104744148,0.1502349339486705,-0.3068175515932267,0.0580180100124657,0.010410038980407,1.9855741241031457e-15,17.592496054248183,22
854,0.37,4,144,1,1,1022,broad_xyz,22.359644512058757,False,-0.1877878711247215,-0.1477921527668806,-0.2750667393259206,0.3701508300244874,0.1575437024461942,-0.3403335156636984,0.0681491671494463,0.0121896954271766,1.9855741241031457e-15,17.592496054248183,22
855,0.39,4,144,1,1,1022,broad_xyz,22.359644512058757,False,-0.1413286020428842,-0.1543571821304419,-0.1678384520017958,0.4116376926509792,0.1125733015037545,-0.3453804708576146,0.0784475654561634,0.0145856918642265,1.9855741241031457e-15,17.592496054248183,22
856,0.41,4,144,1,1,1022,broad_xyz,22.359644512058757,False,-0.1144027097003791,-0.1503310330270336,-0.0459910287744675,0.4052157547933561,0.042686559121494,-0.3351715433262678,0.0885309392245759,0.0176229541539862,1.9855741241031457e-15,17.592496054248183,22
857,0.43,4,144,1,1,1022,broad_xyz,22.359644512058757,False,-0.1067488633045246,-0.1355907475931689,0.067278737397282,0.3636253968836113,-0.0266863944497809,-0.3224455965535346,0.0979885672488399,0.0211362096322275,1.9855741241031457e-15,17.592496054248183,22
858,0.45,4,144,1,1,1022,broad_xyz,22.359644512058757,False,-0.1057065288290827,-0.114095483549172,0.1722936947536166,0.3174655678058335,-0.0827653174817102,-0.3174729706102983,0.1076187141548176,0.0252022098164335,1.9855741241031457e-15,17.592496054248183,22
859,0.5,4,144,1,1,1022,broad_xyz,22.359644512058757,False,-0.1072172067147648,-0.0345010389485423,0.3926423914361512,0.2330417249982936,-0.1198356583360249,-0.2937971434855749,0.1358455053703021,0.0379010774726301,1.9855741241031457e-15,17.592496054248183,22
860,0.55,4,144,1,1,1022,broad_xyz,22.359644512058757,False,-0.0900041765124835,0.0692832925559178,0.5621159911404384,0.1989583012393003,-0.047842356438477,-0.1856105624311526,0.175921714130042,0.053397666682089,1.9855741241031457e-15,17.592496054248183,22
861,0.6,4,144,1,1,1022,broad_xyz,22.359644512058757,False,-0.0234070599440617,0.1672987596154006,0.6531156608387889,0.1818818340607933,0.0119950627345566,-0.0209696845516057,0.2112344748482997,0.0692588892916365,1.9855741241031457e-15,17.592496054248183,22
862,0.6499999999999999,4,144,1,1,1022,broad_xyz,22.359644512058757,False,0.077993149371806,0.2537376552476252,0.6762579507217058,0.1689066231009521,-0.0061897067725601,0.1215084623936909,0.2464611821615808,0.0838049681979029,1.9855741241031457e-15,17.592496054248183,22
863,0.7,4,144,1,1,1022,broad_xyz,22.359644512058757,False,0.1741823889031891,0.3293154988891378,0.6500029475930137,0.1744339003142737,0.0077873772781483,0.2066244117186443,0.2712743978768782,0.0948200478855661,1.9855741241031457e-15,17.592496054248183,22
864,0.725,4,144,1,1,1022,broad_xyz,22.359644512058757,False,0.2104169174389539,0.3639322773942388,0.6225572935472702,0.1922620878474265,0.051232388416209,0.2262062003385011,0.2827321435378089,0.0982098516788536,1.9855741241031457e-15,17.592496054248183,22
865,0.75,4,144,1,1,1022,broad_xyz,22.359644512058757,False,0.2334075801733511,0.3971134328469328,0.5869749289129745,0.2222986600559477,0.1056916531796615,0.2322932437642167,0.2889598332288146,0.0999156284894733,1.9855741241031457e-15,17.592496054248183,22
866,0.775,4,144,1,1,1022,broad_xyz,22.359644512058757,False,0.2393721098589477,0.4290475257215336,0.5437379196970032,0.263969551867529,0.1582516157851561,0.2255952512877653,0.290415784581935,0.0999144337940361,1.9855741241031457e-15,17.592496054248183,22
867,0.8,4,144,1,1,1022,broad_xyz,22.359644512058757,False,0.2286581334475566,0.4600425108894688,0.4914320316001384,0.3164573969986805,0.2082723298071304,0.2041529371859844,0.2882226392892157,0.098296752106169,1.9855741241031457e-15,17.592496054248183,22
868,0.825,4,144,1,1,1022,broad_xyz,22.359644512058757,False,0.20542941827181,0.4883894787277236,0.4328952549370966,0.3758288793180865,0.2510971419096534,0.1703995689571378,0.2884793211868678,0.0954444310553293,1.9855741241031457e-15,17.592496054248183,22
869,0.85,4,144,1,1,1022,broad_xyz,22.359644512058757,False,0.1746910438225408,0.5108445241058512,0.3757622287787362,0.4367286898461915,0.2877456912308654,0.131585792972648,0.2885593444261903,0.0920214533300001,1.9855741241031457e-15,17.592496054248183,22
870,0.875,4,144,1,1,1022,broad_xyz,22.359644512058757,False,0.1376032909444926,0.5255800254216347,0.3341462832121741,0.4932253346869852,0.3158742541657534,0.1028480356571128,0.2877099814684273,0.0890214329041455,1.9855741241031457e-15,17.592496054248183,22
871,0.9,4,144,1,1,1022,broad_xyz,22.359644512058757,False,0.0850281651166409,0.5290074094563392,0.3284568973829229,0.5343036974543386,0.3399317587583654,0.107323267709587,0.2868381124163321,0.0877209596464993,1.9855741241031457e-15,17.592496054248183,22
872,0.95,4,144,1,1,1022,broad_xyz,22.359644512058757,False,-0.0321555193002204,0.5035511713949304,0.3897483737381654,0.5479175102060968,0.3996998985777615,0.1708205219642866,0.3119175856083537,0.0916892165815741,1.9855741241031457e-15,17.592496054248183,22
873,1.0,4,144,1,1,1022,broad_xyz,22.359644512058757,False,-0.0477126527010722,0.472381319131532,0.4224695534800474,0.5277229553403461,0.4416527034259843,0.1468870742686346,0.3923333554642154,0.1003100757497202,1.9855741241031457e-15,17.592496054248183,22
874,0.05,4,144,1,1,1023,broad_xyz,22.359644512058757,False,-0.1665916795937403,-0.3109633214173905,0.2928482375199547,0.398719771333992,0.3468065200459054,0.250416676698528,0.000265247420042,2.8146059425783655e-05,1.9855741241031457e-15,17.592496054248183,23
875,0.075,4,144,1,1,1023,broad_xyz,22.359644512058757,False,-0.1615787083362296,-0.3282912772345736,0.3596691747178528,0.458385878713188,0.4015390970594063,0.2805355564843517,0.0006758931329227,6.72795755662641e-05,1.9855741241031457e-15,17.592496054248183,23
876,0.1,4,144,1,1,1023,broad_xyz,22.359644512058757,False,-0.1689974330599934,-0.3349103738566459,0.4330405772815636,0.5240297379229379,0.4586184859191731,0.3094014359941117,0.0014061377876769,0.0001327228506785,1.9855741241031457e-15,17.592496054248183,23
877,0.125,4,144,1,1,1023,broad_xyz,22.359644512058757,False,-0.1869637108789438,-0.3350359754242298,0.4906180030821631,0.5735915192940534,0.4957973145942465,0.3206526020481802,0.0026223725982171,0.0002356790946265,1.9855741241031457e-15,17.592496054248183,23
878,0.15,4,144,1,1,1023,broad_xyz,22.359644512058757,False,-0.2153614508087885,-0.3400925423974711,0.5402601699583827,0.6124300408457473,0.5168985594937124,0.3214465554319897,0.0045445505315642,0.0003932772912658,1.9855741241031457e-15,17.592496054248183,23
879,0.1625,4,144,1,1,1023,broad_xyz,22.359644512058757,False,-0.2346551469398322,-0.346566750599289,0.5693386258302902,0.6337270693538626,0.5267934055552834,0.3234627409978438,0.0058523329909488,0.0005021856903876,1.9855741241031457e-15,17.592496054248183,23
880,0.175,4,144,1,1,1023,broad_xyz,22.359644512058757,False,-0.2517678619255639,-0.3511710546019024,0.5945406898894526,0.6506195708716596,0.5305947687908977,0.3228926950678036,0.0074397335631729,0.0006349755004144,1.9855741241031457e-15,17.592496054248183,23
881,0.1875,4,144,1,1,1023,broad_xyz,22.359644512058757,False,-0.2620987625120267,-0.3547544082473979,0.6162634768053776,0.6639582436678475,0.5289102252282679,0.3194861501283931,0.0093449980302109,0.0007941698826727,1.9855741241031457e-15,17.592496054248183,23
882,0.2,4,144,1,1,1023,broad_xyz,22.359644512058757,False,-0.2662286948695182,-0.3574836297742584,0.6351698142876758,0.674343804077795,0.5219419476960284,0.3138562873516174,0.0116068390264388,0.0009832892343676,1.9855741241031457e-15,17.592496054248183,23
883,0.2125,4,144,1,1,1023,broad_xyz,22.359644512058757,False,-0.2649020255359127,-0.3597427959102361,0.6510677661927764,0.6817457782654807,0.5092481542349178,0.3058441181139081,0.0142633574502376,0.0012051450340768,1.9855741241031457e-15,17.592496054248183,23
884,0.225,4,144,1,1,1023,broad_xyz,22.359644512058757,False,-0.2588769071220267,-0.3614413600029916,0.6644401429057459,0.6864455789997815,0.4906856999308042,0.296197643370965,0.0173507784589472,0.0014637907035423,1.9855741241031457e-15,17.592496054248183,23
885,0.2375,4,144,1,1,1023,broad_xyz,22.359644512058757,False,-0.2483651268194553,-0.3622404819289302,0.6758208103225883,0.6885596517588021,0.4659522025280993,0.2861703436201435,0.0209020101294709,0.0017651213363646,1.9855741241031457e-15,17.592496054248183,23
886,0.25,4,144,1,1,1023,broad_xyz,22.359644512058757,False,-0.2334313830685914,-0.3625460005319109,0.6862528725721777,0.6893282062685946,0.4361630991711048,0.2759144707704963,0.0249450436321997,0.0021134802500623,1.9855741241031457e-15,17.592496054248183,23
887,0.27,4,144,1,1,1023,broad_xyz,22.359644512058757,False,-0.2004912863499482,-0.362431222746525,0.7006684548483668,0.6882176132225678,0.3786237108361042,0.2578742553428194,0.0324870222116143,0.0027734077009426,1.9855741241031457e-15,17.592496054248183,23
888,0.29,4,144,1,1,1023,broad_xyz,22.359644512058757,False,-0.1590198435987735,-0.3609946507647035,0.7124216415852527,0.6832378138073224,0.3098289267688314,0.2400593522811145,0.041379418049814,0.0035742282633008,1.9855741241031457e-15,17.592496054248183,23
889,0.31,4,144,1,1,1023,broad_xyz,22.359644512058757,False,-0.1144845376271006,-0.3585119894938989,0.7224901541107779,0.6754117009113423,0.2356956515399719,0.2238361490738931,0.0515878087894187,0.0045250822655261,1.9855741241031457e-15,17.592496054248183,23
890,0.33,4,144,1,1,1023,broad_xyz,22.359644512058757,False,-0.0723185587264759,-0.355115618090241,0.7311505433374361,0.6651210375031111,0.1662001569485157,0.2098104089539412,0.0629875149444612,0.0056324143198203,1.9855741241031457e-15,17.592496054248183,23
891,0.35,4,144,1,1,1023,broad_xyz,22.359644512058757,False,-0.0371477081407416,-0.3505824492902118,0.7388684378549443,0.6527305996418977,0.1093206170072156,0.1992323691515193,0.0753527324520868,0.0069020747621219,1.9855741241031457e-15,17.592496054248183,23
892,0.37,4,144,1,1,1023,broad_xyz,22.359644512058757,False,-0.0102195932107572,-0.344870779442813,0.7461594238701186,0.6390423321752631,0.0693513938486175,0.1929563741358453,0.0883543713742964,0.0083326033955655,1.9855741241031457e-15,17.592496054248183,23
893,0.39,4,144,1,1,1023,broad_xyz,22.359644512058757,False,0.0093718051443381,-0.3378001457355124,0.7534678138126712,0.6246778958265019,0.0471405757711214,0.1948434091984708,0.1015693994814386,0.0099209727189164,1.9855741241031457e-15,17.592496054248183,23
894,0.41,4,144,1,1,1023,broad_xyz,22.359644512058757,False,0.0234514172087726,-0.3295051417993321,0.7603665878733564,0.6096162714697017,0.0373959955961299,0.2107183384096254,0.1145030291196337,0.0116460368514528,1.9855741241031457e-15,17.592496054248183,23
895,0.43,4,144,1,1,1023,broad_xyz,22.359644512058757,False,0.0330594039545692,-0.3197725495383677,0.7671867119432277,0.5942542694592685,0.0370690267952916,0.2325974691865827,0.1266227556130756,0.0134928531927637,1.9855741241031457e-15,17.592496054248183,23
896,0.45,4,144,1,1,1023,broad_xyz,22.359644512058757,False,0.0402582391723361,-0.3079428533522766,0.7737113188772834,0.5787488279147646,0.0388276322510344,0.2582202616566085,0.137400564274578,0.0154548479570121,1.9855741241031457e-15,17.592496054248183,23
897,0.5,4,144,1,1,1023,broad_xyz,22.359644512058757,False,0.0493245958340663,-0.2711327229494866,0.7893583574053842,0.5411614985196459,0.0291651558560898,0.333576449579961,0.1592428158092279,0.0206290150911169,1.9855741241031457e-15,17.592496054248183,23
898,0.55,4,144,1,1,1023,broad_xyz,22.359644512058757,False,0.0424727165537901,-0.2257040163323612,0.8027031761633331,0.503360305282025,-0.0098313599064765,0.399054853443228,0.1718135662807135,0.0257055791430385,1.9855741241031457e-15,17.592496054248183,23
899,0.6,4,144,1,1,1023,broad_xyz,22.359644512058757,False,0.0135809803121843,-0.1725169889718274,0.8136486049280148,0.4619382647187109,-0.0356910510591961,0.4520420981824389,0.1871194423352722,0.0301881392213162,1.9855741241031457e-15,17.592496054248183,23
900,0.6499999999999999,4,144,1,1,1023,broad_xyz,22.359644512058757,False,-0.0603268741828947,-0.1115270528191696,0.817992849245288,0.4098641347759872,-0.025571854781818,0.502644132192334,0.1938428482351524,0.0337756399130459,1.9855741241031457e-15,17.592496054248183,23
901,0.7,4,144,1,1,1023,broad_xyz,22.359644512058757,False,-0.1110915105663473,-0.0441542203921732,0.8121003974144995,0.3487474480827547,0.0177958629841921,0.5322959421495227,0.1996406917900591,0.036456735084586,1.9855741241031457e-15,17.592496054248183,23
902,0.725,4,144,1,1,1023,broad_xyz,22.359644512058757,False,-0.0925338105022463,-0.0090238758924888,0.8022259974984035,0.317240638053867,0.0350330463215956,0.5327502871893106,0.200862291713995,0.0374609563525766,1.9855741241031457e-15,17.592496054248183,23
903,0.75,4,144,1,1,1023,broad_xyz,22.359644512058757,False,-0.047398069684291,0.0270919968013985,0.78750097549516,0.2902006654565737,0.0496100442928059,0.5215843507611532,0.1997338088292718,0.0383007169981986,1.9855741241031457e-15,17.592496054248183,23
904,0.775,4,144,1,1,1023,broad_xyz,22.359644512058757,False,0.0117352981150154,0.0631432117465113,0.7660549535786799,0.2694935664380636,0.0635855780703468,0.4985274872935901,0.2050782619519042,0.0389394375813329,1.9855741241031457e-15,17.592496054248183,23
905,0.8,4,144,1,1,1023,broad_xyz,22.359644512058757,False,0.0697725026001008,0.0982447599822997,0.7370003254158187,0.2570650870010363,0.0752789537097215,0.4647406614909284,0.219702822472239,0.0393605696335004,1.9855741241031457e-15,17.592496054248183,23
906,0.825,4,144,1,1,1023,broad_xyz,22.359644512058757,False,0.1221003305134188,0.1320058676734949,0.7006443915941915,0.2544155042683939,0.0876102200825912,0.422582249715412,0.2314980471508927,0.0395817077583497,1.9855741241031457e-15,17.592496054248183,23
907,0.85,4,144,1,1,1023,broad_xyz,22.359644512058757,False,0.1685845033644042,0.164393785279806,0.6585126238239122,0.2622228488857333,0.105188027132688,0.3751436264493016,0.2397798118787349,0.0396591226292034,1.9855741241031457e-15,17.592496054248183,23
908,0.875,4,144,1,1,1023,broad_xyz,22.359644512058757,False,0.2095841382891276,0.1943683399932632,0.6130718335060611,0.2781684990152623,0.126836022506208,0.3263145939497851,0.2441049321895755,0.0396301755618211,1.9855741241031457e-15,17.592496054248183,23
909,0.9,4,144,1,1,1023,broad_xyz,22.359644512058757,False,0.2468773680550451,0.2207142118853232,0.5688161670805568,0.2991713928457958,0.1511406821750804,0.2813863571610384,0.2515638007792132,0.0395971499181429,1.9855741241031457e-15,17.592496054248183,23
910,0.95,4,144,1,1,1023,broad_xyz,22.359644512058757,False,0.310774467732923,0.2548866409954887,0.5079093434920293,0.3403107100943828,0.1870777292073387,0.228159079406065,0.261997766020325,0.0400292912674564,1.9855741241031457e-15,17.592496054248183,23
911,1.0,4,144,1,1,1023,broad_xyz,22.359644512058757,False,0.3603799644848298,0.2636437562066873,0.4947199122550857,0.3665424309624448,0.2086001208404183,0.2291813706266415,0.2556700511641931,0.0414857583962703,1.9855741241031457e-15,17.592496054248183,23
912,0.05,4,144,1,1,1024,broad_xyz,22.359644512058757,False,-0.2069967222444083,-0.1585437530542499,0.2129042166998113,0.3103637936730238,0.3505157635424927,0.3249476876864575,0.0004293091986574,5.2250941503948456e-05,1.9855741241031457e-15,17.592496054248183,24
913,0.075,4,144,1,1,1024,broad_xyz,22.359644512058757,False,-0.1930826270465981,-0.1507412552749156,0.2065748868753621,0.3533983682262676,0.3995826613592291,0.3226027824661031,0.0010086784388626,0.0001291758989304,1.9855741241031457e-15,17.592496054248183,24
914,0.1,4,144,1,1,1024,broad_xyz,22.359644512058757,False,-0.1795846606268434,-0.1511920661391795,0.2092435070693963,0.4068131636828627,0.4547166437908296,0.3064346586253156,0.00190262802435,0.0002550348457354,1.9855741241031457e-15,17.592496054248183,24
915,0.125,4,144,1,1,1024,broad_xyz,22.359644512058757,False,-0.166156015830791,-0.1623127614211506,0.2258136909312051,0.4690959976651715,0.5128859069081326,0.2828254278917532,0.0031932158873801,0.0004455090794287,1.9855741241031457e-15,17.592496054248183,24
916,0.15,4,144,1,1,1024,broad_xyz,22.359644512058757,False,-0.1583436075790969,-0.1804367739544199,0.249513399590785,0.5305778210777002,0.5625892321105277,0.2479579262772718,0.0049795071519554,0.0007154335958636,1.9855741241031457e-15,17.592496054248183,24
917,0.1625,4,144,1,1,1024,broad_xyz,22.359644512058757,False,-0.1587742842133032,-0.1915553934316005,0.2627808154503473,0.5588824809257916,0.5814399375021944,0.2259728337428997,0.0060925364797392,0.0008842014323553,1.9855741241031457e-15,17.592496054248183,24
918,0.175,4,144,1,1,1024,broad_xyz,22.359644512058757,False,-0.1627708593444607,-0.2036520009190677,0.276623025894876,0.5846756824291829,0.5955217862030844,0.2012613479038343,0.0073709430710536,0.0010778507851682,1.9855741241031457e-15,17.592496054248183,24
919,0.1875,4,144,1,1,1024,broad_xyz,22.359644512058757,False,-0.1708244313277613,-0.2164776096769484,0.2909076016061279,0.6073510937665377,0.604209473385826,0.17434786976378,0.0088288007578089,0.0012980021856352,1.9855741241031457e-15,17.592496054248183,24
920,0.2,4,144,1,1,1024,broad_xyz,22.359644512058757,False,-0.1830900182986081,-0.2296995499224844,0.3053724295956679,0.6265428845376386,0.6072028477591002,0.1455381589685848,0.0104798583644373,0.0015465406568327,1.9855741241031457e-15,17.592496054248183,24
921,0.2125,4,144,1,1,1024,broad_xyz,22.359644512058757,False,-0.1998595855497281,-0.2432470725712275,0.3198235024633301,0.6420443959343186,0.6041870809328874,0.1151059817677085,0.012337265964782,0.0018243991124066,1.9855741241031457e-15,17.592496054248183,24
922,0.225,4,144,1,1,1024,broad_xyz,22.359644512058757,False,-0.2206209731209929,-0.2569065267457121,0.3341245529063865,0.6538492016632921,0.5951828768902613,0.0834754371115114,0.0144611278587138,0.0021325097362003,1.9855741241031457e-15,17.592496054248183,24
923,0.2375,4,144,1,1,1024,broad_xyz,22.359644512058757,False,-0.244539155712985,-0.2704695445250394,0.3481024976268053,0.6620695705185867,0.5802841679640146,0.0510222314909838,0.0169943129746051,0.0024718744635487,1.9855741241031457e-15,17.592496054248183,24
924,0.25,4,144,1,1,1024,broad_xyz,22.359644512058757,False,-0.2709101448037191,-0.2836803214605053,0.361751632777543,0.6666738104187159,0.5590882432134369,0.0187113129146741,0.0202968540046872,0.0028439270296179,1.9855741241031457e-15,17.592496054248183,24
925,0.27,4,144,1,1,1024,broad_xyz,22.359644512058757,False,-0.3152544837812517,-0.3042422467609924,0.3828999238085802,0.6677410541394094,0.5129119691501236,-0.0319869049410433,0.0264523258345294,0.0035064977789253,1.9855741241031457e-15,17.592496054248183,24
926,0.29,4,144,1,1,1024,broad_xyz,22.359644512058757,False,-0.3576731921878009,-0.3230678885451256,0.4027235604747543,0.6616899219842495,0.451972547265997,-0.0788371714598527,0.0337006845485417,0.0042560579010876,1.9855741241031457e-15,17.592496054248183,24
927,0.31,4,144,1,1,1024,broad_xyz,22.359644512058757,False,-0.3906524803744759,-0.3376925603213451,0.4233986186798644,0.6500892323503035,0.3791731972836346,-0.1125941593999644,0.0420100467936727,0.0051460504131274,1.9855741241031457e-15,17.592496054248183,24
928,0.33,4,144,1,1,1024,broad_xyz,22.359644512058757,False,-0.404848183485104,-0.3460356492002021,0.445114378924225,0.6311985242948612,0.2921876768741361,-0.1288662792739577,0.0512765562658285,0.0062305871684815,1.9855741241031457e-15,17.592496054248183,24
929,0.35,4,144,1,1,1024,broad_xyz,22.359644512058757,False,-0.3946073382435128,-0.3504532628739499,0.4650352780743271,0.6077878090921885,0.1994339287474804,-0.1368215804630815,0.0613166658699737,0.0074795664112399,1.9855741241031457e-15,17.592496054248183,24
930,0.37,4,144,1,1,1024,broad_xyz,22.359644512058757,False,-0.362596361294706,-0.3535988210908212,0.4826842039050729,0.5846523551129916,0.115154181132572,-0.1435516423256539,0.0718662112336793,0.0088533656339555,1.9855741241031457e-15,17.592496054248183,24
931,0.39,4,144,1,1,1024,broad_xyz,22.359644512058757,False,-0.3273703653889584,-0.3558324346027302,0.4995842939804644,0.5644385600056631,0.0487974024906501,-0.1446124274681099,0.0825882012514135,0.0103303148277624,1.9855741241031457e-15,17.592496054248183,24
932,0.41,4,144,1,1,1024,broad_xyz,22.359644512058757,False,-0.2996529545452135,-0.3566073968710709,0.5183867222234364,0.5496336750257552,0.0107532590766575,-0.1340815704237774,0.093090154990977,0.0119092440382415,1.9855741241031457e-15,17.592496054248183,24
933,0.43,4,144,1,1,1024,broad_xyz,22.359644512058757,False,-0.2834901639168771,-0.3564418066401534,0.5363838803756877,0.5393053356341363,-0.0073941896317317,-0.1146505756107901,0.1029501517320639,0.0135417956445779,1.9855741241031457e-15,17.592496054248183,24
934,0.45,4,144,1,1,1024,broad_xyz,22.359644512058757,False,-0.2758155480055666,-0.3554101858436009,0.5527759109579052,0.5324486340530078,-0.0131672191076052,-0.0837425731633721,0.1117488885475113,0.0151874007053725,1.9855741241031457e-15,17.592496054248183,24
935,0.5,4,144,1,1,1024,broad_xyz,22.359644512058757,False,-0.2374702456666862,-0.3432689817494997,0.5990294930292275,0.5357779765208698,0.0002793771602367,0.0679918760779806,0.126761775234119,0.0194541894744972,1.9855741241031457e-15,17.592496054248183,24
936,0.55,4,144,1,1,1024,broad_xyz,22.359644512058757,False,-0.1492396753814368,-0.3095608980842906,0.6441001313023174,0.5530903376101993,0.0200410420665546,0.322070087615112,0.1326876694426241,0.0238987286668975,1.9855741241031457e-15,17.592496054248183,24
937,0.6,4,144,1,1,1024,broad_xyz,22.359644512058757,False,-0.036340222719906,-0.2508192168388407,0.7052411128941064,0.5834178082415683,0.0902175129032621,0.5364615014689911,0.1367283252758553,0.0288682180417153,1.9855741241031457e-15,17.592496054248183,24
938,0.6499999999999999,4,144,1,1,1024,broad_xyz,22.359644512058757,False,0.0783498929709569,-0.1666241206454347,0.777794252100492,0.5950888699163057,0.2196077011425589,0.6161129472918042,0.141477972456369,0.0343087724236124,1.9855741241031457e-15,17.592496054248183,24
939,0.7,4,144,1,1,1024,broad_xyz,22.359644512058757,False,0.175291896145588,-0.0635702692655858,0.826123520192596,0.541677151976153,0.3430896363358948,0.6237973918816955,0.1439052098965917,0.0394864592279755,1.9855741241031457e-15,17.592496054248183,24
940,0.725,4,144,1,1,1024,broad_xyz,22.359644512058757,False,0.2125014017980515,-0.0090433707070536,0.8360517307746893,0.5020257166981487,0.3796746783520053,0.6112252109423114,0.15481470002018,0.0418035759353469,1.9855741241031457e-15,17.592496054248183,24
941,0.75,4,144,1,1,1024,broad_xyz,22.359644512058757,False,0.2390645524932766,0.0456229999734953,0.8332000307824947,0.4653387894117455,0.3955987871678114,0.5883255762750075,0.1639581242174433,0.0438125598623827,1.9855741241031457e-15,17.592496054248183,24
942,0.775,4,144,1,1,1024,broad_xyz,22.359644512058757,False,0.2580650282250931,0.1012281021247907,0.8208782215331428,0.4427816368285465,0.3986479656566308,0.5546295971763822,0.1685899119196318,0.0455551701972054,1.9855741241031457e-15,17.592496054248183,24
943,0.8,4,144,1,1,1024,broad_xyz,22.359644512058757,False,0.2658303124730043,0.1556968130599322,0.7978483787788075,0.4361659675174791,0.3984644877704065,0.5098066373918833,0.1766526242141776,0.046923415477388,1.9855741241031457e-15,17.592496054248183,24
944,0.825,4,144,1,1,1024,broad_xyz,22.359644512058757,False,0.2626124989736522,0.2085995851081293,0.7649540889782709,0.444928049463122,0.4018059092267853,0.455223470674192,0.1815148562893036,0.0479574601717422,1.9855741241031457e-15,17.592496054248183,24
945,0.85,4,144,1,1,1024,broad_xyz,22.359644512058757,False,0.2509955555084123,0.2593818059987904,0.7242366841364847,0.4652259409022663,0.4101878393795817,0.3955823366765075,0.1817995438770936,0.048806907523627,1.9855741241031457e-15,17.592496054248183,24
946,0.875,4,144,1,1,1024,broad_xyz,22.359644512058757,False,0.2331791749608484,0.3063084642199526,0.6797719785488718,0.4914622949724074,0.4166741268074448,0.3365148269115398,0.1786912842889205,0.04968707405785,1.9855741241031457e-15,17.592496054248183,24
947,0.9,4,144,1,1,1024,broad_xyz,22.359644512058757,False,0.2075343706672934,0.3453633592948773,0.6389802914241571,0.5181051517347744,0.418944604299989,0.2887373410002616,0.1776885762430652,0.0508280605816196,1.9855741241031457e-15,17.592496054248183,24
948,0.95,4,144,1,1,1024,broad_xyz,22.359644512058757,False,0.121621502092587,0.3787543313000048,0.6050431223372804,0.5521031830859483,0.4121619673131967,0.2646633028827932,0.1850383524532713,0.0547124825076103,1.9855741241031457e-15,17.592496054248183,24
949,1.0,4,144,1,1,1024,broad_xyz,22.359644512058757,False,-0.003824879619484,0.3602815221500549,0.6252739597491954,0.554567168038034,0.3835708802575402,0.3154807410087815,0.2042582483780415,0.0604176584901501,1.9855741241031457e-15,17.592496054248183,24
950,0.05,4,144,1,1,1025,broad_xyz,22.359644512058757,False,-0.2495551027577685,-0.2184591827237329,0.2182763299063415,0.7415410697661328,0.7014781773626924,0.2009260035552148,0.0004204818136507,8.785535863180635e-05,1.9855741241031457e-15,17.592496054248183,25
951,0.075,4,144,1,1,1025,broad_xyz,22.359644512058757,False,-0.2481133381409893,-0.2453090020992292,0.1699163181201421,0.7000554650881455,0.6523171888246118,0.129317658315824,0.0009989664749199,0.0001959775625299,1.9855741241031457e-15,17.592496054248183,25
952,0.1,4,144,1,1,1025,broad_xyz,22.359644512058757,False,-0.2471654072399702,-0.2724563855599646,0.1367980561310141,0.660761331313325,0.5985189885820951,0.0707658491096249,0.0019174890793429,0.0003516352402559,1.9855741241031457e-15,17.592496054248183,25
953,0.125,4,144,1,1,1025,broad_xyz,22.359644512058757,False,-0.2413081065729027,-0.2981892113699215,0.1138566447276415,0.624094424526204,0.5396684716264469,0.0206308731944358,0.0032890712577771,0.0005647491528565,1.9855741241031457e-15,17.592496054248183,25
954,0.15,4,144,1,1,1025,broad_xyz,22.359644512058757,False,-0.2264224285287764,-0.3198511687498092,0.0994301289966586,0.5923038214497299,0.4801062123022661,-0.0228082293375388,0.0052623595209524,0.0008536536932884,1.9855741241031457e-15,17.592496054248183,25
955,0.1625,4,144,1,1,1025,broad_xyz,22.359644512058757,False,-0.2187893670776364,-0.3289800773797675,0.094682606311068,0.5781916115188085,0.4517130491859849,-0.042974251820162,0.006529188314673,0.0010331440827291,1.9855741241031457e-15,17.592496054248183,25
956,0.175,4,144,1,1,1025,broad_xyz,22.359644512058757,False,-0.2118403792741919,-0.3372475344760327,0.0917762621278188,0.5656367562660476,0.425555200584481,-0.0626847048889982,0.0080145219178354,0.001239654859899,1.9855741241031457e-15,17.592496054248183,25
957,0.1875,4,144,1,1,1025,broad_xyz,22.359644512058757,False,-0.2055090583063045,-0.3447387658174981,0.0910574847229437,0.5550477322622572,0.4027640630670839,-0.0820291322481355,0.0097429215495569,0.0014765102011882,1.9855741241031457e-15,17.592496054248183,25
958,0.2,4,144,1,1,1025,broad_xyz,22.359644512058757,False,-0.1998331060999789,-0.3518268713118161,0.0924793242021522,0.5464416575789683,0.3839053238570978,-0.1016282420642022,0.011738799081847,0.0017458520444901,1.9855741241031457e-15,17.592496054248183,25
959,0.2125,4,144,1,1,1025,broad_xyz,22.359644512058757,False,-0.1948600515799618,-0.3585497624494467,0.0960599570368078,0.5398814825659504,0.3695532458711205,-0.1216142362192193,0.0140256506782045,0.0020497965676135,1.9855741241031457e-15,17.592496054248183,25
960,0.225,4,144,1,1,1025,broad_xyz,22.359644512058757,False,-0.190674741118925,-0.3648996013158858,0.1017308150321382,0.5352956051077701,0.359605244924476,-0.1419557046583942,0.0166251920948156,0.0023903679663752,1.9855741241031457e-15,17.592496054248183,25
961,0.2375,4,144,1,1,1025,broad_xyz,22.359644512058757,False,-0.1867958993017372,-0.3708466269415619,0.1096698455226162,0.5328028110313239,0.3535828507366287,-0.1624460398119327,0.0195564100723566,0.0027707397267948,1.9855741241031457e-15,17.592496054248183,25
962,0.25,4,144,1,1,1025,broad_xyz,22.359644512058757,False,-0.18286120063327,-0.37700939036556,0.1208865046661209,0.5331195495476844,0.3514285971414599,-0.1832939679234499,0.0228345509508516,0.0031986376991435,1.9855741241031457e-15,17.592496054248183,25
963,0.27,4,144,1,1,1025,broad_xyz,22.359644512058757,False,-0.1780737181381723,-0.3855431820606703,0.1422033705567551,0.5354286863432554,0.3499426610584,-0.2160953753792986,0.0288251324365255,0.0039769844336132,1.9855741241031457e-15,17.592496054248183,25
964,0.29,4,144,1,1,1025,broad_xyz,22.359644512058757,False,-0.1762637232265063,-0.3906404727358472,0.168078574617825,0.5398722246502299,0.3496012556639407,-0.246204693411917,0.035738883959857,0.004894782401553,1.9855741241031457e-15,17.592496054248183,25
965,0.31,4,144,1,1,1025,broad_xyz,22.359644512058757,False,-0.177129158908998,-0.3950919044696254,0.1992322633432249,0.5448416144705116,0.3442538992876064,-0.2751598169674352,0.0435378291452305,0.0059511834440476,1.9855741241031457e-15,17.592496054248183,25
966,0.33,4,144,1,1,1025,broad_xyz,22.359644512058757,False,-0.1779893484907562,-0.3979079815513667,0.2339093384532837,0.5473152984253916,0.3285324596342949,-0.3020618859789681,0.0521279041601722,0.0071367180509081,1.9855741241031457e-15,17.592496054248183,25
967,0.35,4,144,1,1,1025,broad_xyz,22.359644512058757,False,-0.1735868923021147,-0.3992608895582717,0.2718806414099837,0.5463416930931788,0.2991297010547249,-0.3267108256164585,0.0613546747008942,0.0084432001139445,1.9855741241031457e-15,17.592496054248183,25
968,0.37,4,144,1,1,1025,broad_xyz,22.359644512058757,False,-0.1643423302882211,-0.3994081817364984,0.3126491322401536,0.5402849044849821,0.2564054386662023,-0.3464797950642677,0.0710039962345064,0.0098716725197844,1.9855741241031457e-15,17.592496054248183,25
969,0.39,4,144,1,1,1025,broad_xyz,22.359644512058757,False,-0.1506355725541475,-0.3988820161432404,0.3564215558762731,0.5290152843707374,0.2043542674759917,-0.3579682471302031,0.0821335572936245,0.0114251993330069,1.9855741241031457e-15,17.592496054248183,25
970,0.41,4,144,1,1,1025,broad_xyz,22.359644512058757,False,-0.129685669523405,-0.3945148864319775,0.4010124287019611,0.5113286856190554,0.1497735243736811,-0.3511886934974436,0.0944480814385788,0.0131067412635929,1.9855741241031457e-15,17.592496054248183,25
971,0.43,4,144,1,1,1025,broad_xyz,22.359644512058757,False,-0.1033713983089532,-0.386730261152589,0.4452808271016847,0.489695496336285,0.1045616376209203,-0.3162770807029804,0.107054245558902,0.0148717104477305,1.9855741241031457e-15,17.592496054248183,25
972,0.45,4,144,1,1,1025,broad_xyz,22.359644512058757,False,-0.0688608217942136,-0.3725286289523493,0.4987912245389289,0.4706438874291012,0.0633419612556318,-0.2434310186954567,0.1196029046956626,0.0169001350984086,1.9855741241031457e-15,17.592496054248183,25
973,0.5,4,144,1,1,1025,broad_xyz,22.359644512058757,False,0.0130780706916421,-0.3122007763243698,0.6352190701799912,0.4381559193657917,-0.0345404938149055,0.0308904612430917,0.150807170954331,0.0228881270818819,1.9855741241031457e-15,17.592496054248183,25
974,0.55,4,144,1,1,1025,broad_xyz,22.359644512058757,False,0.0727586757251313,-0.2243389725885445,0.7848576294024847,0.4501155366529484,-0.0481736322770548,0.368402973547668,0.1852711567483287,0.0305740034392514,1.9855741241031457e-15,17.592496054248183,25
975,0.6,4,144,1,1,1025,broad_xyz,22.359644512058757,False,0.1071678239738951,-0.1305994388616969,0.8920062668341868,0.4969721493065882,0.0344725247757306,0.5809345085871087,0.2204005675839506,0.0388638446665016,1.9855741241031457e-15,17.592496054248183,25
976,0.6499999999999999,4,144,1,1,1025,broad_xyz,22.359644512058757,False,0.1257175417080273,-0.0484755330369215,0.942558050936815,0.558858095547438,0.149736088124905,0.6020528903274383,0.2581834571882087,0.0464150289881124,1.9855741241031457e-15,17.592496054248183,25
977,0.7,4,144,1,1,1025,broad_xyz,22.359644512058757,False,0.1109936695312863,0.027429653108007,0.9594690353703302,0.6206644043999366,0.2603217479877132,0.5878072157044502,0.2823268678770538,0.0529619881354784,1.9855741241031457e-15,17.592496054248183,25
978,0.725,4,144,1,1,1025,broad_xyz,22.359644512058757,False,0.1032908017203792,0.0626194205757621,0.9582044360571478,0.6449806145082053,0.3129082339549484,0.5842045125288695,0.2880696482840756,0.0555170480237436,1.9855741241031457e-15,17.592496054248183,25
979,0.75,4,144,1,1,1025,broad_xyz,22.359644512058757,False,0.1045327689716311,0.0943991674687211,0.9505615529597058,0.661238912888821,0.356775322298471,0.5817000122283927,0.291382616924867,0.0573459655809581,1.9855741241031457e-15,17.592496054248183,25
980,0.775,4,144,1,1,1025,broad_xyz,22.359644512058757,False,0.1163867180160103,0.1240114152181526,0.9371169294769006,0.6681846292019138,0.3885025007878899,0.5763549271003496,0.2987280232201123,0.0584619569982403,1.9855741241031457e-15,17.592496054248183,25
981,0.8,4,144,1,1,1025,broad_xyz,22.359644512058757,False,0.1304995330595495,0.1526870696178071,0.918079711879924,0.6666989636315376,0.3994514808001274,0.5644192675581639,0.3021481103114779,0.05891090483983,1.9855741241031457e-15,17.592496054248183,25
982,0.825,4,144,1,1,1025,broad_xyz,22.359644512058757,False,0.1435349989029303,0.1821470212485435,0.8934204502005544,0.6590229642186037,0.382006021867518,0.5442764582625618,0.3018594412406298,0.0588342107824311,1.9855741241031457e-15,17.592496054248183,25
983,0.85,4,144,1,1,1025,broad_xyz,22.359644512058757,False,0.1557615241407655,0.2140493646141929,0.8632562610311632,0.6481617994014578,0.3419770540259325,0.5161667082518958,0.2984368172944716,0.0584586647054891,1.9855741241031457e-15,17.592496054248183,25
984,0.875,4,144,1,1,1025,broad_xyz,22.359644512058757,False,0.1667909535050135,0.2476326681831233,0.828572986423162,0.6382840479559926,0.3013579375171995,0.4824059936768832,0.292876162961364,0.0579977551565704,1.9855741241031457e-15,17.592496054248183,25
985,0.9,4,144,1,1,1025,broad_xyz,22.359644512058757,False,0.1763739152641791,0.2798862738055352,0.793962328603176,0.6294931065686195,0.2668867496318415,0.4494836772979539,0.2865260030936171,0.0578309359335276,1.9855741241031457e-15,17.592496054248183,25
986,0.95,4,144,1,1,1025,broad_xyz,22.359644512058757,False,0.1834633361932382,0.3222319361426197,0.7550400750992281,0.6076497920195557,0.2304562229237972,0.4228545360635051,0.2853199755198515,0.0598791127031078,1.9855741241031457e-15,17.592496054248183,25
987,1.0,4,144,1,1,1025,broad_xyz,22.359644512058757,False,0.1421210311355071,0.3444208225849195,0.7394431587209086,0.5769690831048775,0.2537200761967641,0.4169536814624948,0.3029239111301997,0.0662931070431954,1.9855741241031457e-15,17.592496054248183,25
988,0.05,4,144,1,1,1026,broad_xyz,22.359644512058757,False,-0.4926640866130063,-0.001410232156615,-0.2433970375068154,-0.0914747799299378,-0.0835337057864709,-0.0737608428934587,0.0003951943251436,8.615548285699577e-05,1.9855741241031457e-15,17.592496054248183,26
989,0.075,4,144,1,1,1026,broad_xyz,22.359644512058757,False,-0.4793307697094372,0.0199592781550815,-0.2399830217275591,-0.1496932885478412,-0.1513552644863222,-0.0377268366596436,0.0009495253397759,0.0002139147267749,1.9855741241031457e-15,17.592496054248183,26
990,0.1,4,144,1,1,1026,broad_xyz,22.359644512058757,False,-0.4507000170400004,0.0303014719155604,-0.2258795679220057,-0.1844939461550764,-0.1840371988067393,0.0041231049604786,0.0018439305654868,0.0004130144553699,1.9855741241031457e-15,17.592496054248183,26
991,0.125,4,144,1,1,1026,broad_xyz,22.359644512058757,False,-0.4126466044387606,0.0312695490309728,-0.2024740404194645,-0.1964929541756334,-0.1900789429004547,0.0420294344043384,0.0032044955926429,0.0006908606717288,1.9855741241031457e-15,17.592496054248183,26
992,0.15,4,144,1,1,1026,broad_xyz,22.359644512058757,False,-0.3738258181440834,0.0261425840033517,-0.1707627150473903,-0.1903047036764419,-0.1825793463510166,0.0710762602628734,0.0051965029291128,0.0010522894405325,1.9855741241031457e-15,17.592496054248183,26
993,0.1625,4,144,1,1,1026,broad_xyz,22.359644512058757,False,-0.3557181107902976,0.020412437389849,-0.1529006579645916,-0.1790013838884321,-0.1730981217435054,0.078889284792932,0.0064902457334791,0.0012627955814565,1.9855741241031457e-15,17.592496054248183,26
994,0.175,4,144,1,1,1026,broad_xyz,22.359644512058757,False,-0.3397375589822556,0.0126792414917125,-0.1340579529079493,-0.1626719858630318,-0.1604398909149821,0.0817268379768598,0.0080181053839578,0.0014919299831781,1.9855741241031457e-15,17.592496054248183,26
995,0.1875,4,144,1,1,1026,broad_xyz,22.359644512058757,False,-0.3267420014596228,0.0030526379321285,-0.1145263758990302,-0.1418658214271686,-0.1451843615459904,0.0795647690444993,0.0098078196671971,0.0017384103648382,1.9855741241031457e-15,17.592496054248183,26
996,0.2,4,144,1,1,1026,broad_xyz,22.359644512058757,False,-0.3173450154483112,-0.0079477253406678,-0.094144358334653,-0.1180597041258764,-0.1288614375761791,0.0736219855588062,0.011887104233099,0.0020022989162636,1.9855741241031457e-15,17.592496054248183,26
997,0.2125,4,144,1,1,1026,broad_xyz,22.359644512058757,False,-0.3137634327390929,-0.0226423071044259,-0.0743689618838312,-0.0957771344612097,-0.1159271229313614,0.0661300652017691,0.0142828080322145,0.0022920976670123,1.9855741241031457e-15,17.592496054248183,26
998,0.225,4,144,1,1,1026,broad_xyz,22.359644512058757,False,-0.3143844933236531,-0.03985224325387,-0.054420955520756,-0.073192813258974,-0.1044283568890209,0.056558236551518,0.0170199506027268,0.002605136609814,1.9855741241031457e-15,17.592496054248183,26
999,0.2375,4,144,1,1,1026,broad_xyz,22.359644512058757,False,-0.3172542367436889,-0.058542150942793,-0.0355080886328726,-0.0500457524256522,-0.0936328784650939,0.0438115352689257,0.0201206547996471,0.0029400337325522,1.9855741241031457e-15,17.592496054248183,26
1000,0.25,4,144,1,1,1026,broad_xyz,22.359644512058757,False,-0.3223334993331814,-0.0790124611202296,-0.0172630535361715,-0.0273265664991059,-0.0843691630681927,0.0292885012206454,0.0236029963013927,0.0032977109663887,1.9855741241031457e-15,17.592496054248183,26
1001,0.27,4,144,1,1,1026,broad_xyz,22.359644512058757,False,-0.3287128186171301,-0.1121393255241327,0.0103629108421442,0.0053805364232047,-0.073939382728408,0.0044573914592414,0.0299981735504218,0.0039340246598524,1.9855741241031457e-15,17.592496054248183,26
1002,0.29,4,144,1,1,1026,broad_xyz,22.359644512058757,False,-0.3331762664590389,-0.147169814550921,0.0403527915853299,0.0324023683678261,-0.069099353472445,-0.017875388733559,0.037417228211085,0.0046764857295599,1.9855741241031457e-15,17.592496054248183,26
1003,0.31,4,144,1,1,1026,broad_xyz,22.359644512058757,False,-0.3341782988304316,-0.1817362662733053,0.0759509035607119,0.0544296388341046,-0.0681579860929894,-0.0355095033013439,0.0458220861571716,0.005549380209174,1.9855741241031457e-15,17.592496054248183,26
1004,0.33,4,144,1,1,1026,broad_xyz,22.359644512058757,False,-0.3254979595962261,-0.2104311186641751,0.1156715573343808,0.070418070156504,-0.0718547008858987,-0.0481887387751931,0.05511069483146,0.0065843103904504,1.9855741241031457e-15,17.592496054248183,26
1005,0.35,4,144,1,1,1026,broad_xyz,22.359644512058757,False,-0.3073423388179824,-0.2310221322667202,0.1575265339150765,0.0804424582549512,-0.0792872445501408,-0.0561087520229363,0.0651113924807278,0.0078077966749339,1.9855741241031457e-15,17.592496054248183,26
1006,0.37,4,144,1,1,1026,broad_xyz,22.359644512058757,False,-0.2837375288349289,-0.2444048466534993,0.2003368571222391,0.0845265627595521,-0.0890909630937488,-0.0588520270347536,0.0755830733980952,0.0092356326820789,1.9855741241031457e-15,17.592496054248183,26
1007,0.39,4,144,1,1,1026,broad_xyz,22.359644512058757,False,-0.2531675958815004,-0.2496601222711236,0.2458789058882406,0.0870914921689645,-0.0961099000051285,-0.0600884388364348,0.0862224003617249,0.0109014909715556,1.9855741241031457e-15,17.592496054248183,26
1008,0.41,4,144,1,1,1026,broad_xyz,22.359644512058757,False,-0.2161788153699009,-0.2500017284867914,0.2872641041840419,0.084492896825101,-0.1006975339603548,-0.0584734100682165,0.0966784150472857,0.0127623384528937,1.9855741241031457e-15,17.592496054248183,26
1009,0.43,4,144,1,1,1026,broad_xyz,22.359644512058757,False,-0.1816484993722061,-0.2464295252227852,0.3250897319200155,0.0786552692467753,-0.1080194381493144,-0.0543326024588402,0.1065736957330069,0.014805780269582,1.9855741241031457e-15,17.592496054248183,26
1010,0.45,4,144,1,1,1026,broad_xyz,22.359644512058757,False,-0.1580854417247762,-0.2376699386134688,0.3650247980978001,0.0778620252929892,-0.1141912847808518,-0.0543896490023444,0.1155299767260153,0.0170704124813734,1.9855741241031457e-15,17.592496054248183,26
1011,0.5,4,144,1,1,1026,broad_xyz,22.359644512058757,False,-0.0789251458443516,-0.2095178909747357,0.4500700430624726,0.0855006252975446,-0.1105953777417795,-0.0646651448539353,0.1385734121794637,0.0231694779373578,1.9855741241031457e-15,17.592496054248183,26
1012,0.55,4,144,1,1,1026,broad_xyz,22.359644512058757,False,0.0182841090225809,-0.157597765015615,0.5616392891100721,0.126138716329504,-0.0342046985571482,-0.0731121682130191,0.1706752796956542,0.0305196293142786,1.9855741241031457e-15,17.592496054248183,26
1013,0.6,4,144,1,1,1026,broad_xyz,22.359644512058757,False,0.1190205911180821,-0.0756916314363287,0.6946855581888471,0.1793221862489221,0.0823817467822813,-0.0107731378299204,0.1980352831790232,0.0395982257023786,1.9855741241031457e-15,17.592496054248183,26
1014,0.6499999999999999,4,144,1,1,1026,broad_xyz,22.359644512058757,False,0.1992673108802698,0.0205539380066246,0.794621719821851,0.2165086915907366,0.15404407420764,0.1418233185977078,0.2138289309592955,0.0488848971442074,1.9855741241031457e-15,17.592496054248183,26
1015,0.7,4,144,1,1,1026,broad_xyz,22.359644512058757,False,0.2581816309192759,0.1083943307759099,0.8445839117878715,0.2430202333269779,0.1884191465568082,0.2965243911935384,0.2309643982847747,0.0565742900054338,1.9855741241031457e-15,17.592496054248183,26
1016,0.725,4,144,1,1,1026,broad_xyz,22.359644512058757,False,0.2791400160473884,0.1452925696572647,0.8545049418829288,0.2553845728700578,0.2106882316110644,0.3515141129282022,0.2409016626694144,0.0593618678940472,1.9855741241031457e-15,17.592496054248183,26
1017,0.75,4,144,1,1,1026,broad_xyz,22.359644512058757,False,0.2934155964145247,0.177791098876045,0.8565622933742282,0.2688091189185064,0.2286719808689293,0.3891803977829361,0.2463450544031894,0.0613271541616636,1.9855741241031457e-15,17.592496054248183,26
1018,0.775,4,144,1,1,1026,broad_xyz,22.359644512058757,False,0.301257088314935,0.2070968469242284,0.8515763866448411,0.2842453855199114,0.2446310424666305,0.4100659492331142,0.2527594041179946,0.062493060289727,1.9855741241031457e-15,17.592496054248183,26
1019,0.8,4,144,1,1,1026,broad_xyz,22.359644512058757,False,0.3045316914107495,0.2347228319525532,0.8396900459989588,0.3023697857872691,0.2578615144812485,0.4147232963244333,0.2585508968730962,0.0629666035082483,1.9855741241031457e-15,17.592496054248183,26
1020,0.825,4,144,1,1,1026,broad_xyz,22.359644512058757,False,0.3061949341314633,0.2621181625283457,0.8206923285411979,0.3233477494441585,0.2696366756750508,0.4041483344406204,0.2601912021388434,0.0629303520187661,1.9855741241031457e-15,17.592496054248183,26
1021,0.85,4,144,1,1,1026,broad_xyz,22.359644512058757,False,0.3099525363579445,0.2905315007118829,0.7943473936660691,0.3474253454639249,0.2830584642002207,0.3798313073251579,0.2579734376642069,0.0625987065828974,1.9855741241031457e-15,17.592496054248183,26
1022,0.875,4,144,1,1,1026,broad_xyz,22.359644512058757,False,0.3200519239138357,0.3201359983622294,0.7614560147624109,0.3741118282151847,0.2984820225883514,0.3440961400545129,0.2524571353294527,0.0622040915234784,1.9855741241031457e-15,17.592496054248183,26
1023,0.9,4,144,1,1,1026,broad_xyz,22.359644512058757,False,0.3379593999353236,0.3490172216749698,0.7253542599508928,0.4008764583404505,0.3134811167132589,0.3025520612881479,0.2444142834762817,0.0619989807484595,1.9855741241031457e-15,17.592496054248183,26
1024,0.95,4,144,1,1,1026,broad_xyz,22.359644512058757,False,0.3985148083874188,0.3915234140634534,0.669736217870252,0.4431950195813374,0.3319748674253784,0.2363373940805513,0.2310932499580935,0.06281945835625,1.9855741241031457e-15,17.592496054248183,26
1025,1.0,4,144,1,1,1026,broad_xyz,22.359644512058757,False,0.490411692403166,0.409052886207376,0.6458407588578983,0.4575392504345738,0.3166747809001456,0.2040366433339116,0.2339089207968029,0.0654575909046894,1.9855741241031457e-15,17.592496054248183,26
1026,0.05,4,144,1,1,1027,broad_xyz,22.359644512058757,False,0.8996748115499147,0.6751445283233388,0.5422099433891727,0.4552767811462639,0.346089448281679,0.5469456325270585,0.0009868083988487,0.0004951379619351,1.9855741241031457e-15,17.592496054248183,27
1027,0.075,4,144,1,1,1027,broad_xyz,22.359644512058757,False,0.8998859533308493,0.6651745380232662,0.5236064258812746,0.4592452395914483,0.3437534624107674,0.4879566171642817,0.0022990609771102,0.0011553571797183,1.9855741241031457e-15,17.592496054248183,27
1028,0.1,4,144,1,1,1027,broad_xyz,22.359644512058757,False,0.8871385757163645,0.656212486629703,0.5154692804784491,0.4593981893172303,0.3402549613417445,0.4339814686065102,0.0042752242514856,0.002161713238405,1.9855741241031457e-15,17.592496054248183,27
1029,0.125,4,144,1,1,1027,broad_xyz,22.359644512058757,False,0.8571059146921697,0.6482190067588369,0.5173500491621777,0.4524794468664296,0.3319369826934957,0.3860142347667353,0.0070936068644053,0.003597018286334,1.9855741241031457e-15,17.592496054248183,27
1030,0.15,4,144,1,1,1027,broad_xyz,22.359644512058757,False,0.8090453003289049,0.6407695438351054,0.5276843994588414,0.4359140299355757,0.3104469944819923,0.3438440915799369,0.0109778129784639,0.0055619805747311,1.9855741241031457e-15,17.592496054248183,27
1031,0.1625,4,144,1,1,1027,broad_xyz,22.359644512058757,False,0.7792122546725458,0.6370784661207701,0.5353168518702976,0.4235409407387847,0.2914968239901757,0.3246784261775502,0.0134196970049808,0.006777217627388,1.9855741241031457e-15,17.592496054248183,27
1032,0.175,4,144,1,1,1027,broad_xyz,22.359644512058757,False,0.7464944743645218,0.6333326476840562,0.5441645169692221,0.4083923472221301,0.2656492245692744,0.3066223999568975,0.0162090323934729,0.008165730239641,1.9855741241031457e-15,17.592496054248183,27
1033,0.1875,4,144,1,1,1027,broad_xyz,22.359644512058757,False,0.7118217329272712,0.6294974444864151,0.5539011936520822,0.3905753098065422,0.2328061007124159,0.2895485588174769,0.0193671309739661,0.0097400991636728,1.9855741241031457e-15,17.592496054248183,27
1034,0.2,4,144,1,1,1027,broad_xyz,22.359644512058757,False,0.6761891306716385,0.6255635713183633,0.5642150920878493,0.3703116397007153,0.194079876192003,0.2733393121170035,0.0229109298872294,0.0115113409336839,1.9855741241031457e-15,17.592496054248183,27
1035,0.2125,4,144,1,1,1027,broad_xyz,22.359644512058757,False,0.6405338283464942,0.6214158955982496,0.5750087871402578,0.3477478707216411,0.1515522652524541,0.2580953569926487,0.0268514589585565,0.01348933535036,1.9855741241031457e-15,17.592496054248183,27
1036,0.225,4,144,1,1,1027,broad_xyz,22.359644512058757,False,0.6058065122900601,0.6171848150597523,0.585921633851055,0.3234096689614001,0.1080920042285223,0.2435949355204359,0.0311922294896769,0.0156794546415508,1.9855741241031457e-15,17.592496054248183,27
1037,0.2375,4,144,1,1,1027,broad_xyz,22.359644512058757,False,0.5728575744276141,0.6130004959501184,0.5966667842019704,0.2978641725189628,0.0658368230312485,0.2296797912658529,0.0359275980689846,0.0180831682930488,1.9855741241031457e-15,17.592496054248183,27
1038,0.25,4,144,1,1,1027,broad_xyz,22.359644512058757,False,0.5422974685327374,0.6088861070589376,0.6072652697611933,0.2715276905621578,0.0261701793194939,0.2164779767393307,0.0410411750449988,0.0206988574133258,1.9855741241031457e-15,17.592496054248183,27
1039,0.27,4,144,1,1,1027,broad_xyz,22.359644512058757,False,0.4997943054291403,0.6027615096007616,0.6235023612133166,0.2292215940252781,-0.0299079987063582,0.1966176875800135,0.0499331964564695,0.025302898575082,1.9855741241031457e-15,17.592496054248183,27
1040,0.29,4,144,1,1,1027,broad_xyz,22.359644512058757,False,0.4667407296981277,0.5977355158455473,0.6382470072292297,0.1889391875143302,-0.0743541966703061,0.1779176759617505,0.0598916503396553,0.0303610824062217,1.9855741241031457e-15,17.592496054248183,27
1041,0.31,4,144,1,1,1027,broad_xyz,22.359644512058757,False,0.4441084479523138,0.5942356807246123,0.6513699877197132,0.152814681379304,-0.1066320615412741,0.160430400291395,0.0703359998490346,0.0357673806569828,1.9855741241031457e-15,17.592496054248183,27
1042,0.33,4,144,1,1,1027,broad_xyz,22.359644512058757,False,0.4320931740733762,0.5922786717913028,0.6631141353112578,0.1224688420920228,-0.1280688513104854,0.1445654934374527,0.0808285026665845,0.0413790778701688,1.9855741241031457e-15,17.592496054248183,27
1043,0.35,4,144,1,1,1027,broad_xyz,22.359644512058757,False,0.4310140350512482,0.5923088076258373,0.6731520733366072,0.0997000598691382,-0.1395991879854543,0.1303512739931628,0.0908787143071363,0.047011928401721,1.9855741241031457e-15,17.592496054248183,27
1044,0.37,4,144,1,1,1027,broad_xyz,22.359644512058757,False,0.440960241010281,0.5945812557622889,0.6809918107992187,0.0860080971638861,-0.141458241881148,0.1178521670144139,0.1007230698537445,0.0524565908919482,1.9855741241031457e-15,17.592496054248183,27
1045,0.39,4,144,1,1,1027,broad_xyz,22.359644512058757,False,0.4616814050351134,0.599007240576325,0.6860039567056246,0.0824295338932174,-0.1331857388776849,0.1072045813552458,0.1102690671643921,0.0574981110151746,1.9855741241031457e-15,17.592496054248183,27
1046,0.41,4,144,1,1,1027,broad_xyz,22.359644512058757,False,0.4926120543406009,0.605304678578135,0.6871855843961289,0.089567969233931,-0.1138305841454751,0.0983698222377783,0.1185391099191367,0.061934904590629,1.9855741241031457e-15,17.592496054248183,27
1047,0.43,4,144,1,1,1027,broad_xyz,22.359644512058757,False,0.532660539626277,0.6129948453570063,0.6831532948937605,0.1074209374404975,-0.0822993129427994,0.091011889923346,0.1252009009669572,0.0656012993769481,1.9855741241031457e-15,17.592496054248183,27
1048,0.45,4,144,1,1,1027,broad_xyz,22.359644512058757,False,0.5799689095773032,0.6214288806204853,0.6722610471437729,0.1352144888858462,-0.0378521311794017,0.0844029887410457,0.1324961343864801,0.0683877526131799,1.9855741241031457e-15,17.592496054248183,27
1049,0.5,4,144,1,1,1027,broad_xyz,22.359644512058757,False,0.7098014467780842,0.6406118091860183,0.6059584103401721,0.236693404425083,0.1212088383590073,0.0623204081413429,0.1449468229773549,0.0714237145445842,1.9855741241031457e-15,17.592496054248183,27
1050,0.55,4,144,1,1,1027,broad_xyz,22.359644512058757,False,0.8088137510011515,0.6469290973275452,0.4913086820100931,0.3583809860503063,0.3065809461851427,0.0164823184360345,0.1536990240356928,0.0701778499876582,1.9855741241031457e-15,17.592496054248183,27
1051,0.6,4,144,1,1,1027,broad_xyz,22.359644512058757,False,0.8407434312107659,0.6401340592053855,0.3672136162778948,0.5082312556657355,0.3791214990377179,-0.0700800199021119,0.1603764593840926,0.0672272835863784,1.9855741241031457e-15,17.592496054248183,27
1052,0.6499999999999999,4,144,1,1,1027,broad_xyz,22.359644512058757,False,0.8243794358420867,0.6346657337916187,0.3025387516555899,0.7026446433644339,0.3124405029839795,-0.1458756645491069,0.166017797089565,0.065452182274116,1.9855741241031457e-15,17.592496054248183,27
1053,0.7,4,144,1,1,1027,broad_xyz,22.359644512058757,False,0.7786661518443512,0.6358099844943627,0.3053828849181697,0.8502796384243233,0.3084007804179502,-0.1548291372178886,0.1763722210885914,0.065562623686254,1.9855741241031457e-15,17.592496054248183,27
1054,0.725,4,144,1,1,1027,broad_xyz,22.359644512058757,False,0.746363375747566,0.635394498049939,0.3329382717609343,0.8718212603998607,0.3584384029044551,-0.1277287618782552,0.1805475948869162,0.0662870473774857,1.9855741241031457e-15,17.592496054248183,27
1055,0.75,4,144,1,1,1027,broad_xyz,22.359644512058757,False,0.7084882517355305,0.6323715526617986,0.3898944074760634,0.8533421094233886,0.4275939342237772,-0.0653857731303646,0.1836467405023978,0.067671897632664,1.9855741241031457e-15,17.592496054248183,27
1056,0.775,4,144,1,1,1027,broad_xyz,22.359644512058757,False,0.6554101012026968,0.6179162495020118,0.4653772123468983,0.7915423748934299,0.4805394421810927,0.0256308021227477,0.1853826218554622,0.0692964009073838,1.9855741241031457e-15,17.592496054248183,27
1057,0.8,4,144,1,1,1027,broad_xyz,22.359644512058757,False,0.5785244308558307,0.5820787606524572,0.5443441029169606,0.6974403998380042,0.4855751887269665,0.1315312855097656,0.1905843562906504,0.0706587893961262,1.9855741241031457e-15,17.592496054248183,27
1058,0.825,4,144,1,1,1027,broad_xyz,22.359644512058757,False,0.4804953277154132,0.5302691835104413,0.6059307154408156,0.597752129562028,0.4329946359954618,0.2257443537909382,0.1950688773872286,0.0711171703917739,1.9855741241031457e-15,17.592496054248183,27
1059,0.85,4,144,1,1,1027,broad_xyz,22.359644512058757,False,0.3696081335459469,0.4715909589480748,0.6390870221748405,0.5118367212133027,0.3179165350452598,0.2911570575866187,0.1981241590997232,0.0705076031730094,1.9855741241031457e-15,17.592496054248183,27
1060,0.875,4,144,1,1,1027,broad_xyz,22.359644512058757,False,0.2554460270221119,0.4132956966912983,0.6478123357073438,0.4401362236598198,0.15250441350141,0.3289519847781987,0.1998137816949126,0.0695479504592249,1.9855741241031457e-15,17.592496054248183,27
1061,0.9,4,144,1,1,1027,broad_xyz,22.359644512058757,False,0.1444093372510667,0.3626002601689622,0.6395402699605586,0.3795479477624343,-0.0139263072014594,0.3443372220749619,0.2002613007400255,0.0689534780245461,1.9855741241031457e-15,17.592496054248183,27
1062,0.95,4,144,1,1,1027,broad_xyz,22.359644512058757,False,-0.0651499584425643,0.2862386142137396,0.6287487942443134,0.2646451438085916,-0.265214978650008,0.3618564804329241,0.2077382352992769,0.0714665755032167,1.9855741241031457e-15,17.592496054248183,27
1063,1.0,4,144,1,1,1027,broad_xyz,22.359644512058757,False,-0.2102884047878929,0.2571870712633681,0.6677850572120201,0.0821853141069704,-0.3638047104337522,0.404821442351439,0.2146554593398202,0.082081964023003,1.9855741241031457e-15,17.592496054248183,27
1064,0.05,4,144,1,1,1028,broad_xyz,22.359644512058757,False,0.1191344429260368,-0.2161268188969368,0.4652981236756687,-0.1202160983485094,-0.2095797430888644,0.5452631637683378,0.0001493503511631,1.5643078013290007e-05,1.9855741241031457e-15,17.592496054248183,28
1065,0.075,4,144,1,1,1028,broad_xyz,22.359644512058757,False,-0.3205482445877637,-0.2202784621383298,0.3562139535386516,-0.3330215462140276,-0.3562828108951326,0.5149566259670437,0.0003817996519296,4.400400645760224e-05,1.9855741241031457e-15,17.592496054248183,28
1066,0.1,4,144,1,1,1028,broad_xyz,22.359644512058757,False,-0.4015067191741139,-0.125737319873477,0.3950720894996192,-0.2867718929069643,-0.2934658542479545,0.5635107349180928,0.0010126741660624,0.0001250660096184,1.9855741241031457e-15,17.592496054248183,28
1067,0.125,4,144,1,1,1028,broad_xyz,22.359644512058757,False,-0.4855847888688899,-0.0747972794113678,0.441351288796218,-0.2382452270908203,-0.244238953705422,0.6037550653355694,0.0021562098985749,0.0002895861899015,1.9855741241031457e-15,17.592496054248183,28
1068,0.15,4,144,1,1,1028,broad_xyz,22.359644512058757,False,-0.5688777736441731,-0.0486781841891116,0.4815367754415845,-0.2004726478307257,-0.2134962756798898,0.6311303865456599,0.003994728959319,0.0005738623161767,1.9855741241031457e-15,17.592496054248183,28
1069,0.1625,4,144,1,1,1028,broad_xyz,22.359644512058757,False,-0.59762944810053,-0.0412045222302887,0.501390613896117,-0.1839126556849311,-0.2025805397913845,0.6428502852651115,0.0052320228074654,0.0007736646247882,1.9855741241031457e-15,17.592496054248183,28
1070,0.175,4,144,1,1,1028,broad_xyz,22.359644512058757,False,-0.6113259715578454,-0.0353190797776247,0.522430371232798,-0.1679216613812257,-0.1934499679350547,0.654702281669856,0.0067102418918972,0.001021346279093,1.9855741241031457e-15,17.592496054248183,28
1071,0.1875,4,144,1,1,1028,broad_xyz,22.359644512058757,False,-0.6027248314579048,-0.0308893917229076,0.5454742493194046,-0.152669844434146,-0.1857827774018034,0.6676571202792075,0.0084486614522445,0.0013252924957249,1.9855741241031457e-15,17.592496054248183,28
1072,0.2,4,144,1,1,1028,broad_xyz,22.359644512058757,False,-0.5667649361286962,-0.0284146560759451,0.5676043988171964,-0.1390424300971672,-0.178264047100077,0.6792914079643196,0.0104635623204679,0.0016875771712423,1.9855741241031457e-15,17.592496054248183,28
1073,0.2125,4,144,1,1,1028,broad_xyz,22.359644512058757,False,-0.5117987001879662,-0.0272752725075396,0.5896436185626918,-0.1266782294572557,-0.168660945496,0.6904044794878725,0.0127672308799775,0.0021145980855783,1.9855741241031457e-15,17.592496054248183,28
1074,0.225,4,144,1,1,1028,broad_xyz,22.359644512058757,False,-0.4445654659827278,-0.0271534813914068,0.6114552099434711,-0.1156367933099553,-0.1538021060424862,0.700940091064167,0.0153668875368532,0.0026117121734836,1.9855741241031457e-15,17.592496054248183,28
1075,0.2375,4,144,1,1,1028,broad_xyz,22.359644512058757,False,-0.3710854803588325,-0.0279604859705732,0.6319233993650811,-0.1063328681308945,-0.1296596025996199,0.7099819541422413,0.0182635695194024,0.0031815548539758,1.9855741241031457e-15,17.592496054248183,28
1076,0.25,4,144,1,1,1028,broad_xyz,22.359644512058757,False,-0.2998448276593866,-0.0290290820197324,0.6531111355639647,-0.0983718926499748,-0.0944177748131948,0.7192651978579856,0.0214510037050314,0.0038336089751069,1.9855741241031457e-15,17.592496054248183,28
1077,0.27,4,144,1,1,1028,broad_xyz,22.359644512058757,False,-0.2009730708902729,-0.0315971659112944,0.6850487155216785,-0.0894238865682167,-0.0305896385804613,0.7311351808514728,0.0271155474475878,0.005049253780861,1.9855741241031457e-15,17.592496054248183,28
1078,0.29,4,144,1,1,1028,broad_xyz,22.359644512058757,False,-0.1198115844348356,-0.0322282758468646,0.7173277686641015,-0.0844720294362213,-0.0055806777658378,0.7402131457113754,0.033372302502013,0.0065060038730678,1.9855741241031457e-15,17.592496054248183,28
1079,0.31,4,144,1,1,1028,broad_xyz,22.359644512058757,False,-0.0522540973336384,-0.0267634288669451,0.755459757962362,-0.0828685396522917,-0.0338847894891313,0.7483298075266405,0.0400409577160167,0.0082646236645639,1.9855741241031457e-15,17.592496054248183,28
1080,0.33,4,144,1,1,1028,broad_xyz,22.359644512058757,False,0.0041186707198837,-0.0202713754475008,0.7872573938822588,-0.0892567322865188,-0.0843715050285155,0.7406087827180108,0.0468699622649627,0.0102691860664719,1.9855741241031457e-15,17.592496054248183,28
1081,0.35,4,144,1,1,1028,broad_xyz,22.359644512058757,False,0.0459540859355859,-0.0047709461457267,0.8212053345940975,-0.101053445814964,-0.1322210856064697,0.7147429930052868,0.0535419995543039,0.0126017728064305,1.9855741241031457e-15,17.592496054248183,28
1082,0.37,4,144,1,1,1028,broad_xyz,22.359644512058757,False,0.0756814193353844,0.0161136510687947,0.8495619262351505,-0.1216003198186038,-0.1647327228162207,0.6578070527730971,0.0596894920358456,0.0152360860557762,1.9855741241031457e-15,17.592496054248183,28
1083,0.39,4,144,1,1,1028,broad_xyz,22.359644512058757,False,0.0938328219601277,0.0492984470784346,0.8763899648967475,-0.1472009045833585,-0.1898788349304053,0.5704698430080267,0.0649211642131393,0.0182924061248971,1.9855741241031457e-15,17.592496054248183,28
1084,0.41,4,144,1,1,1028,broad_xyz,22.359644512058757,False,0.1014668210646244,0.0919135052574069,0.8959659489289349,-0.1791627448763432,-0.2162699607113504,0.4670991806066026,0.0726543752208991,0.0217585083583474,1.9855741241031457e-15,17.592496054248183,28
1085,0.43,4,144,1,1,1028,broad_xyz,22.359644512058757,False,0.0925043245955968,0.1431961111787485,0.9060924669937064,-0.2090409407563025,-0.2467072855642813,0.3699545183625727,0.0851875884192331,0.0256727700766362,1.9855741241031457e-15,17.592496054248183,28
1086,0.45,4,144,1,1,1028,broad_xyz,22.359644512058757,False,0.0708148865823175,0.197840461836676,0.9022138431860544,-0.2333614456110201,-0.2871404021749902,0.3030188551783625,0.0973494784850749,0.0298686423460866,1.9855741241031457e-15,17.592496054248183,28
1087,0.5,4,144,1,1,1028,broad_xyz,22.359644512058757,False,-0.0205728371743269,0.3363566835267351,0.8375674482669242,-0.2412127284076175,-0.4310654172865878,0.3162164670716844,0.1292899635901636,0.041066472812096,1.9855741241031457e-15,17.592496054248183,28
1088,0.55,4,144,1,1,1028,broad_xyz,22.359644512058757,False,-0.0801332025132428,0.4717489292210388,0.7354049428122365,-0.1818948803426355,-0.5582404122675109,0.3640098389320929,0.1522394422481104,0.0523396759370128,1.9855741241031457e-15,17.592496054248183,28
1089,0.6,4,144,1,1,1028,broad_xyz,22.359644512058757,False,0.0475910171910596,0.6065340034948232,0.6523881669167444,-0.111866997609076,-0.5094657584807164,0.2880639792077677,0.1667729303719221,0.0632202123991958,1.9855741241031457e-15,17.592496054248183,28
1090,0.6499999999999999,4,144,1,1,1028,broad_xyz,22.359644512058757,False,0.3412475389138088,0.7251631935900723,0.6025811311391785,-0.0544124021676891,-0.2464320879933735,0.1715558758182366,0.1678624213137838,0.0732752879451802,1.9855741241031457e-15,17.592496054248183,28
1091,0.7,4,144,1,1,1028,broad_xyz,22.359644512058757,False,0.5310099743557934,0.7949655994990473,0.5618360713719378,0.0313877650663554,-0.0459305504161604,0.0801569893382977,0.1680646024177458,0.081287520161509,1.9855741241031457e-15,17.592496054248183,28
1092,0.725,4,144,1,1,1028,broad_xyz,22.359644512058757,False,0.5438289577514446,0.8061817318892991,0.5371827271503582,0.0973748118103195,0.0232039711062223,0.0435616444374897,0.1864722116698506,0.0839999962283537,1.9855741241031457e-15,17.592496054248183,28
1093,0.75,4,144,1,1,1028,broad_xyz,22.359644512058757,False,0.5157118313575492,0.8024313116948862,0.5076658182391242,0.1756391847643461,0.0828965528556137,0.0088821867299124,0.2013611031207899,0.0856271815203259,1.9855741241031457e-15,17.592496054248183,28
1094,0.775,4,144,1,1,1028,broad_xyz,22.359644512058757,False,0.4617547454370613,0.7851633934903836,0.4724713852211504,0.2595322049605136,0.1432622783288516,-0.0264312840592285,0.2118202509795388,0.086109218768351,1.9855741241031457e-15,17.592496054248183,28
1095,0.8,4,144,1,1,1028,broad_xyz,22.359644512058757,False,0.3962420668656324,0.7567636404149373,0.4314648834449603,0.3419202162036849,0.2156578657137863,-0.0652156209660463,0.2172163611932878,0.0855527898272032,1.9855741241031457e-15,17.592496054248183,28
1096,0.825,4,144,1,1,1028,broad_xyz,22.359644512058757,False,0.33625727113342,0.7239416926296729,0.3865738831012314,0.4151592138641053,0.3093093098394391,-0.1075512763654214,0.2173591911967797,0.0844031498689509,1.9855741241031457e-15,17.592496054248183,28
1097,0.85,4,144,1,1,1028,broad_xyz,22.359644512058757,False,0.314002341997869,0.705590717023194,0.3460453328114001,0.468820234210153,0.3863480574403407,-0.1498616570190249,0.217387192034151,0.08370791846243,1.9855741241031457e-15,17.592496054248183,28
1098,0.875,4,144,1,1,1028,broad_xyz,22.359644512058757,False,0.3475621683176066,0.7098088349317601,0.3177922029886453,0.4951142506235898,0.425464965298779,-0.184021101520921,0.2170778376123158,0.0838549393545646,1.9855741241031457e-15,17.592496054248183,28
1099,0.9,4,144,1,1,1028,broad_xyz,22.359644512058757,False,0.4163531342031228,0.7211052056312142,0.2895328915156996,0.4986229826362868,0.4373561578432755,-0.2153986002103212,0.2212691573918451,0.0841411379418769,1.9855741241031457e-15,17.592496054248183,28
1100,0.95,4,144,1,1,1028,broad_xyz,22.359644512058757,False,0.5830092137070222,0.7158510373527465,0.212868348854321,0.4129796875819395,0.3878153322391552,-0.2563344979753797,0.2259069224045685,0.0849228694195682,1.9855741241031457e-15,17.592496054248183,28
1101,1.0,4,144,1,1,1028,broad_xyz,22.359644512058757,False,0.6478519654278977,0.6467111588068364,0.1739763746105919,0.2060772180868124,0.1786817389804462,-0.2029797413201394,0.2457233121293132,0.0883613861623619,1.9855741241031457e-15,17.592496054248183,28
1102,0.05,4,144,1,1,1029,broad_xyz,22.359644512058757,False,0.7784834013419706,0.586418672460277,0.3600791349644212,0.6528115711470686,0.542452938217655,0.3385339961038047,0.0009191132391471,0.0004333152411071,1.9855741241031457e-15,17.592496054248183,29
1103,0.075,4,144,1,1,1029,broad_xyz,22.359644512058757,False,0.774924111086625,0.5877139568190026,0.3934974477662831,0.6560776762446296,0.5453055591302184,0.2927400339876587,0.0021707154909886,0.0010229415605802,1.9855741241031457e-15,17.592496054248183,29
1104,0.1,4,144,1,1,1029,broad_xyz,22.359644512058757,False,0.7705058395563263,0.5843686881231386,0.4310937154741922,0.6587339728199608,0.5466368116529886,0.2445423360104975,0.0041096990303403,0.0019366468660193,1.9855741241031457e-15,17.592496054248183,29
1105,0.125,4,144,1,1,1029,broad_xyz,22.359644512058757,False,0.7662927976146944,0.5764416642495407,0.4703147555508541,0.6581105334723094,0.5407146477576997,0.1942299460536622,0.006961902640383,0.0032598160467682,1.9855741241031457e-15,17.592496054248183,29
1106,0.15,4,144,1,1,1029,broad_xyz,22.359644512058757,False,0.76331744054773,0.5632420824097077,0.5069322187808007,0.6521205063527815,0.5229616899669096,0.1412727880494856,0.0110248003418291,0.0050933711712264,1.9855741241031457e-15,17.592496054248183,29
1107,0.1625,4,144,1,1,1029,broad_xyz,22.359644512058757,False,0.7621754204639865,0.5547652618919819,0.5230025890943777,0.6469704754505559,0.507720233319555,0.1136152668983153,0.0135745808961718,0.0062346442194451,1.9855741241031457e-15,17.592496054248183,29
1108,0.175,4,144,1,1,1029,broad_xyz,22.359644512058757,False,0.760588329043894,0.5454653408395342,0.5377479772873807,0.6403058285255498,0.4871343183771116,0.0857906712068701,0.0165086379605889,0.0075438891982896,1.9855741241031457e-15,17.592496054248183,29
1109,0.1875,4,144,1,1,1029,broad_xyz,22.359644512058757,False,0.757518847324471,0.5355076464714162,0.5508923353556082,0.6322462146222948,0.4604144344768365,0.0577890227448739,0.0199210020085586,0.0090332264867949,1.9855741241031457e-15,17.592496054248183,29
1110,0.2,4,144,1,1,1029,broad_xyz,22.359644512058757,False,0.7514166050362564,0.5250060783455733,0.5623303184453144,0.6228073114574953,0.4275221812571157,0.029801672943732,0.0238824563667765,0.0107136697508172,1.9855741241031457e-15,17.592496054248183,29
1111,0.2125,4,144,1,1,1029,broad_xyz,22.359644512058757,False,0.7403943704843259,0.514356043926623,0.5724417902607345,0.6120796292040895,0.3886183303301624,0.0022844503444608,0.0283400424472078,0.0125949609548759,1.9855741241031457e-15,17.592496054248183,29
1112,0.225,4,144,1,1,1029,broad_xyz,22.359644512058757,False,0.7228393043083523,0.5038114635099771,0.5810989714937095,0.6003245919927648,0.3446316698376057,-0.0248805031176032,0.0333005868694143,0.0146828536255582,1.9855741241031457e-15,17.592496054248183,29
1113,0.2375,4,144,1,1,1029,broad_xyz,22.359644512058757,False,0.6978043524603921,0.4935920422846572,0.5884725414188678,0.587631723907066,0.2982096536775773,-0.0514779959367859,0.0387579593727806,0.0169807965214478,1.9855741241031457e-15,17.592496054248183,29
1114,0.25,4,144,1,1,1029,broad_xyz,22.359644512058757,False,0.6656097550041753,0.4838821862504992,0.5947681578275054,0.574058457425446,0.250612747842362,-0.0772739673368806,0.0446906285826022,0.0194887262369699,1.9855741241031457e-15,17.592496054248183,29
1115,0.27,4,144,1,1,1029,broad_xyz,22.359644512058757,False,0.6037895100461654,0.4697781922747261,0.6030964180301853,0.5506340644184818,0.1750257446636962,-0.1163573705027602,0.0550661651060898,0.0239258647781185,1.9855741241031457e-15,17.592496054248183,29
1116,0.29,4,144,1,1,1029,broad_xyz,22.359644512058757,False,0.5389207887398486,0.4577459901588547,0.6100985899047534,0.525085228764054,0.1090776573628005,-0.1518046309873525,0.0666128571589346,0.0288470150038095,1.9855741241031457e-15,17.592496054248183,29
1117,0.31,4,144,1,1,1029,broad_xyz,22.359644512058757,False,0.4820199990530986,0.4482496675714735,0.6163092468739977,0.4979323756354158,0.0595556122754965,-0.1832272923397091,0.0788081618624122,0.0341734268621678,1.9855741241031457e-15,17.592496054248183,29
1118,0.33,4,144,1,1,1029,broad_xyz,22.359644512058757,False,0.4414111922698776,0.4416243602582178,0.6222477559778689,0.4698411069251151,0.0250564871507159,-0.210187123817623,0.0909911333676301,0.0397896406936734,1.9855741241031457e-15,17.592496054248183,29
1119,0.35,4,144,1,1,1029,broad_xyz,22.359644512058757,False,0.4160812977884329,0.4381324436425494,0.6283719095302555,0.4417174483392263,0.0043468887582224,-0.2322253534906422,0.1024825819551616,0.0455445094027771,1.9855741241031457e-15,17.592496054248183,29
1120,0.37,4,144,1,1,1029,broad_xyz,22.359644512058757,False,0.4003347109177003,0.4380092698034311,0.6350158635340626,0.4147220750228116,-0.0036830121746123,-0.2488924827772948,0.1125156119973713,0.0512557262121442,1.9855741241031457e-15,17.592496054248183,29
1121,0.39,4,144,1,1,1029,broad_xyz,22.359644512058757,False,0.3905880865802785,0.4414576671506632,0.6423518603615681,0.3900675677764993,-1.468888351993032e-05,-0.2596869232528238,0.1209138266707789,0.0567195572790346,1.9855741241031457e-15,17.592496054248183,29
1122,0.41,4,144,1,1,1029,broad_xyz,22.359644512058757,False,0.384638099460021,0.4486167055753758,0.6503129035042604,0.3686526950030028,0.012130967049705,-0.264001181963224,0.1277069607563703,0.0617253098858834,1.9855741241031457e-15,17.592496054248183,29
1123,0.43,4,144,1,1,1029,broad_xyz,22.359644512058757,False,0.3808679318960367,0.4594895710681213,0.6584538460643632,0.3505797318026802,0.0273043963917875,-0.2610914604049457,0.1323730103301166,0.0660734460783622,1.9855741241031457e-15,17.592496054248183,29
1124,0.45,4,144,1,1,1029,broad_xyz,22.359644512058757,False,0.3777388442460956,0.4738000534005465,0.665719055099988,0.3346515723181157,0.0426931662731878,-0.2500322049622352,0.1396200664477253,0.0695950813003216,1.9855741241031457e-15,17.592496054248183,29
1125,0.5,4,144,1,1,1029,broad_xyz,22.359644512058757,False,0.3598348252094323,0.5166758359481185,0.6633456515654755,0.2811181117345047,0.074124089735508,-0.1771640915286144,0.1582243146387204,0.0741444908584877,1.9855741241031457e-15,17.592496054248183,29
1126,0.55,4,144,1,1,1029,broad_xyz,22.359644512058757,False,0.3015866991760599,0.5272564599121631,0.5733983257727664,0.1466913394223467,0.0480957438378886,-0.0276216755713161,0.1671074347377005,0.0728131489367505,1.9855741241031457e-15,17.592496054248183,29
1127,0.6,4,144,1,1,1029,broad_xyz,22.359644512058757,False,0.2222899220900833,0.4654036707350436,0.3924046724325256,-0.0414146459025367,-0.0704062679500233,0.1247147672560827,0.185125427369953,0.0681221308718443,1.9855741241031457e-15,17.592496054248183,29
1128,0.6499999999999999,4,144,1,1,1029,broad_xyz,22.359644512058757,False,0.210380336135171,0.4145054975596989,0.2976861454688237,-0.1188344664263718,-0.2062680898574957,0.1805751824765535,0.2068063178493721,0.0656204136512662,1.9855741241031457e-15,17.592496054248183,29
1129,0.7,4,144,1,1,1029,broad_xyz,22.359644512058757,False,0.1806458252176542,0.3869839980426259,0.2867047358305018,-0.0629453415052064,-0.2853204034811563,0.1600819457227575,0.2320866627989696,0.0655669689072044,1.9855741241031457e-15,17.592496054248183,29
1130,0.725,4,144,1,1,1029,broad_xyz,22.359644512058757,False,0.1575268145527026,0.3828328840601388,0.3076774908250026,0.0250991902087269,-0.291997091410181,0.1322606776153851,0.2438528970459874,0.0665197043381741,1.9855741241031457e-15,17.592496054248183,29
1131,0.75,4,144,1,1,1029,broad_xyz,22.359644512058757,False,0.1321102813335445,0.3821728129756534,0.339511656350529,0.1413653728789282,-0.2492315815606645,0.0999242519047884,0.2544926033207617,0.0680265765574973,1.9855741241031457e-15,17.592496054248183,29
1132,0.775,4,144,1,1,1029,broad_xyz,22.359644512058757,False,0.1010292762124813,0.3802990468927713,0.3827420446287459,0.2612418712778988,-0.1503905622511806,0.0735942101632666,0.2638868986724019,0.0703652139777501,1.9855741241031457e-15,17.592496054248183,29
1133,0.8,4,144,1,1,1029,broad_xyz,22.359644512058757,False,0.0687316761851529,0.3780207224160442,0.4392347073084723,0.3616428296214294,-0.007594235324828,0.0644590672255564,0.2719795590944996,0.0740673129284087,1.9855741241031457e-15,17.592496054248183,29
1134,0.825,4,144,1,1,1029,broad_xyz,22.359644512058757,False,0.0467512539429183,0.3701226936887739,0.5076346143364056,0.4171955711333918,0.1087682436787373,0.0888377636300637,0.2820769531938555,0.0794802231512278,1.9855741241031457e-15,17.592496054248183,29
1135,0.85,4,144,1,1,1029,broad_xyz,22.359644512058757,False,0.0513710275817987,0.3677684164740312,0.5671790786018761,0.4248985395774035,0.1385087414406353,0.1291559267200687,0.2971478680802316,0.0861303181461339,1.9855741241031457e-15,17.592496054248183,29
1136,0.875,4,144,1,1,1029,broad_xyz,22.359644512058757,False,0.0683232762726692,0.3742703885219863,0.6082324244003394,0.4104406264831186,0.0857525800591877,0.1590477513463051,0.3106897809019655,0.0929263483217055,1.9855741241031457e-15,17.592496054248183,29
1137,0.9,4,144,1,1,1029,broad_xyz,22.359644512058757,False,0.0867362456900822,0.3865954575905801,0.635068613221695,0.3826766862821423,-0.0144011086842157,0.1760747389971811,0.3222574821422633,0.0992270853318789,1.9855741241031457e-15,17.592496054248183,29
1138,0.95,4,144,1,1,1029,broad_xyz,22.359644512058757,False,0.1366467237211085,0.3996903220760035,0.6937358968913985,0.253922191022016,-0.2890752837180197,0.2378996172898,0.338624503562523,0.1129450702564112,1.9855741241031457e-15,17.592496054248183,29
1139,1.0,4,144,1,1,1029,broad_xyz,22.359644512058757,False,0.208632122066427,0.3861981011595292,0.7560666208896043,0.0814631307930401,-0.4411237301808133,0.331159719224552,0.3470231501579599,0.1295438534986607,1.9855741241031457e-15,17.592496054248183,29
1140,0.05,4,144,1,1,1030,broad_xyz,22.359644512058757,False,0.2072540424450386,0.1516703860601239,0.1423831708188188,0.6016717334709609,0.5741254798057679,0.1999756049089517,0.0006299396827806,0.0001434206251943,1.9855741241031457e-15,17.592496054248183,30
1141,0.075,4,144,1,1,1030,broad_xyz,22.359644512058757,False,0.2134796909197276,0.1574360541507294,0.1814203523983715,0.627148754800414,0.5996992851245948,0.2254632819905347,0.0015199573140231,0.0003628125954086,1.9855741241031457e-15,17.592496054248183,30
1142,0.1,4,144,1,1,1030,broad_xyz,22.359644512058757,False,0.2122364026218225,0.1599403323831598,0.2283197459363838,0.6564811733079358,0.6302450850550649,0.2552345980579387,0.0029281020655951,0.0007353388949852,1.9855741241031457e-15,17.592496054248183,30
1143,0.125,4,144,1,1,1030,broad_xyz,22.359644512058757,False,0.2060882569681488,0.1595854588442434,0.2841136705788423,0.6908794360677597,0.6664720318989288,0.2891201317538237,0.0050046172509051,0.0013249361048469,1.9855741241031457e-15,17.592496054248183,30
1144,0.15,4,144,1,1,1030,broad_xyz,22.359644512058757,False,0.1973809538585827,0.1576204642820819,0.3435720964696803,0.7250275759768349,0.7021222193101171,0.3227980607478595,0.0079438009010699,0.0022104191063065,1.9855741241031457e-15,17.592496054248183,30
1145,0.1625,4,144,1,1,1030,broad_xyz,22.359644512058757,False,0.1931266154538292,0.1559247992435373,0.3739193049963066,0.74137584011098,0.7179707653026264,0.3390562529240074,0.009837789301565,0.0027948390970679,1.9855741241031457e-15,17.592496054248183,30
1146,0.175,4,144,1,1,1030,broad_xyz,22.359644512058757,False,0.1892502930899117,0.1541053741274941,0.4025562847863799,0.7557465143286516,0.7292415369184759,0.3532546594154098,0.0121196241987031,0.0034903152465826,1.9855741241031457e-15,17.592496054248183,30
1147,0.1875,4,144,1,1,1030,broad_xyz,22.359644512058757,False,0.1879223508657168,0.1520265360045992,0.429699258531766,0.76849166012965,0.7339721480544266,0.3653772157548358,0.0147751036733863,0.0043083854181704,1.9855741241031457e-15,17.592496054248183,30
1148,0.2,4,144,1,1,1030,broad_xyz,22.359644512058757,False,0.1904171713278461,0.1489946499347965,0.4539096301695047,0.7785340185720313,0.7273223294707315,0.3744421550604253,0.0178410449231736,0.0052575841757551,1.9855741241031457e-15,17.592496054248183,30
1149,0.2125,4,144,1,1,1030,broad_xyz,22.359644512058757,False,0.1993015999245669,0.1457895236526593,0.4758818797961432,0.7866574309424017,0.703366245683015,0.3807867523768271,0.0213530520511469,0.0063519800620231,1.9855741241031457e-15,17.592496054248183,30
1150,0.225,4,144,1,1,1030,broad_xyz,22.359644512058757,False,0.2175247864813551,0.1434416232924378,0.4976688002147086,0.794647481966861,0.6529360096809991,0.3856755195335966,0.0253441970098859,0.0076118633802226,1.9855741241031457e-15,17.592496054248183,30
1151,0.2375,4,144,1,1,1030,broad_xyz,22.359644512058757,False,0.2436501063008835,0.1406767181452236,0.5171661572256729,0.8006873218606165,0.560826461348066,0.3877294454031201,0.0298435162129844,0.0090398608032142,1.9855741241031457e-15,17.592496054248183,30
1152,0.25,4,144,1,1,1030,broad_xyz,22.359644512058757,False,0.2750953382972334,0.1376517896695919,0.5340468725962134,0.8046359745350095,0.4171711884190574,0.3863374338209698,0.0350309314631757,0.0106421267410175,1.9855741241031457e-15,17.592496054248183,30
1153,0.27,4,144,1,1,1030,broad_xyz,22.359644512058757,False,0.3260064409048013,0.1338634887427478,0.5561897933994799,0.8059160041015788,0.1099582233493134,0.3778315801231082,0.0448612613216511,0.0136023816999294,1.9855741241031457e-15,17.592496054248183,30
1154,0.29,4,144,1,1,1030,broad_xyz,22.359644512058757,False,0.3637972065994208,0.131141317631629,0.5733116318454051,0.8027077768886484,-0.1746002051115492,0.3598739042156404,0.0563175700127115,0.0170526764703842,1.9855741241031457e-15,17.592496054248183,30
1155,0.31,4,144,1,1,1030,broad_xyz,22.359644512058757,False,0.3829681191155023,0.1288821395542565,0.5880033781533532,0.7980240737754607,-0.3656038208841458,0.3320002266370871,0.0693442742200538,0.0209774968340623,1.9855741241031457e-15,17.592496054248183,30
1156,0.33,4,144,1,1,1030,broad_xyz,22.359644512058757,False,0.3853380371181464,0.1266292701588261,0.5997750456681132,0.7910003282029023,-0.4808278932079456,0.2933045278392085,0.0837786675532694,0.0253193739744837,1.9855741241031457e-15,17.592496054248183,30
1157,0.35,4,144,1,1,1030,broad_xyz,22.359644512058757,False,0.3765921963036445,0.1239291279955349,0.6092008736638693,0.7816829544863857,-0.5560736815728818,0.2441392369433898,0.099479605161684,0.0299862908616896,1.9855741241031457e-15,17.592496054248183,30
1158,0.37,4,144,1,1,1030,broad_xyz,22.359644512058757,False,0.3613266760081266,0.121146716823509,0.6176390241500257,0.7698972981608387,-0.6080671219236632,0.1875340720001971,0.1165325751347334,0.034893612642887,1.9855741241031457e-15,17.592496054248183,30
1159,0.39,4,144,1,1,1030,broad_xyz,22.359644512058757,False,0.3417383708283802,0.1178099998959788,0.6270904488830319,0.7552374739702474,-0.6488058955196444,0.1296698539957137,0.1339157221790783,0.0399701481438192,1.9855741241031457e-15,17.592496054248183,30
1160,0.41,4,144,1,1,1030,broad_xyz,22.359644512058757,False,0.3185064143995513,0.112940162219962,0.6372269555605963,0.7355532195238875,-0.6854507877413649,0.0765288388499896,0.151011486104544,0.0450933427237107,1.9855741241031457e-15,17.592496054248183,30
1161,0.43,4,144,1,1,1030,broad_xyz,22.359644512058757,False,0.2922123514780693,0.1084253603776185,0.6465082635299993,0.7116585774110595,-0.7137467458791359,0.0279387316987327,0.1671515596963186,0.0500169602602354,1.9855741241031457e-15,17.592496054248183,30
1162,0.45,4,144,1,1,1030,broad_xyz,22.359644512058757,False,0.2627747885665693,0.1049966292593569,0.6564203280370614,0.6850038630127459,-0.7313221902897807,-0.0119324735090961,0.1816689161034506,0.0546310376271959,1.9855741241031457e-15,17.592496054248183,30
1163,0.5,4,144,1,1,1030,broad_xyz,22.359644512058757,False,0.1578910694028104,0.1025088514297876,0.7077417477296745,0.6238975028852786,-0.7353577236830143,-0.0326613086217224,0.2071392517293382,0.0650128703243122,1.9855741241031457e-15,17.592496054248183,30
1164,0.55,4,144,1,1,1030,broad_xyz,22.359644512058757,False,0.0059075126276308,0.1230836078271307,0.8077970362728982,0.5938508598704747,-0.6885582709186048,0.0848930165453225,0.2130952466381277,0.0732426158046989,1.9855741241031457e-15,17.592496054248183,30
1165,0.6,4,144,1,1,1030,broad_xyz,22.359644512058757,False,-0.1532802776878268,0.1744274804635248,0.905808805921304,0.5813141926095727,-0.5674896585616671,0.2788409034697267,0.2007051019558466,0.0785896059047622,1.9855741241031457e-15,17.592496054248183,30
1166,0.6499999999999999,4,144,1,1,1030,broad_xyz,22.359644512058757,False,-0.2332811504025104,0.2550509536282146,0.9240470078354096,0.5819431593039484,-0.2897636221095813,0.4316171355061447,0.1820501457881258,0.0815970844875244,1.9855741241031457e-15,17.592496054248183,30
1167,0.7,4,144,1,1,1030,broad_xyz,22.359644512058757,False,-0.1713717409692231,0.348910347611478,0.8425830074836033,0.6183721993779007,0.2480950330788451,0.4521450252264999,0.1926648532934709,0.082936218788729,1.9855741241031457e-15,17.592496054248183,30
1168,0.725,4,144,1,1,1030,broad_xyz,22.359644512058757,False,-0.1105336623396426,0.3988422295318419,0.786944473617809,0.6498196520715094,0.4811868153064179,0.4188345726883681,0.2038594363170817,0.0832118763908836,1.9855741241031457e-15,17.592496054248183,30
1169,0.75,4,144,1,1,1030,broad_xyz,22.359644512058757,False,-0.0518235786548996,0.4506279270180238,0.7328451146780696,0.6797831449406031,0.6075260389597019,0.3694212539367668,0.2108707900419236,0.0834304875669069,1.9855741241031457e-15,17.592496054248183,30
1170,0.775,4,144,1,1,1030,broad_xyz,22.359644512058757,False,-0.0041290488883482,0.5017713439099608,0.6843831970977089,0.6975817478770866,0.6490169356391245,0.3134589873675669,0.2150363094392895,0.0838119310249185,1.9855741241031457e-15,17.592496054248183,30
1171,0.8,4,144,1,1,1030,broad_xyz,22.359644512058757,False,0.0302374877128281,0.5467824255383036,0.6432034941433741,0.696034895559328,0.6341386699006106,0.2589817514450406,0.2182371616023329,0.0845890730724596,1.9855741241031457e-15,17.592496054248183,30
1172,0.825,4,144,1,1,1030,broad_xyz,22.359644512058757,False,0.052109293837426,0.5791586731631839,0.6093054946504729,0.6755555697744936,0.5860170971748393,0.2115399126582402,0.2230840724158229,0.0859274952160398,1.9855741241031457e-15,17.592496054248183,30
1173,0.85,4,144,1,1,1030,broad_xyz,22.359644512058757,False,0.0642600209279083,0.5951420508657025,0.5832393173599977,0.6425235589505004,0.5141021688860528,0.1740710499174809,0.2320974238153155,0.0879145380728269,1.9855741241031457e-15,17.592496054248183,30
1174,0.875,4,144,1,1,1030,broad_xyz,22.359644512058757,False,0.0704588074775068,0.5948639048526817,0.5657047396018546,0.6014939567602142,0.4235718621694042,0.147166387797729,0.2466837119053173,0.0905128916220427,1.9855741241031457e-15,17.592496054248183,30
1175,0.9,4,144,1,1,1030,broad_xyz,22.359644512058757,False,0.0717670578695917,0.5791723622412758,0.5608093484718515,0.5491814544481245,0.3244055550586482,0.1344865268623638,0.2682699371486141,0.0936437479480575,1.9855741241031457e-15,17.592496054248183,30
1176,0.95,4,144,1,1,1030,broad_xyz,22.359644512058757,False,0.0547868260301895,0.5126568875962928,0.59090404930536,0.4013285874884192,0.1021651518725534,0.148137101565084,0.3266520698278381,0.1005554522317106,1.9855741241031457e-15,17.592496054248183,30
1177,1.0,4,144,1,1,1030,broad_xyz,22.359644512058757,False,0.0141503826740724,0.4426122219374623,0.6103913023319788,0.2380700294681772,-0.0195414795496614,0.1317359904633832,0.3817981744535807,0.1047622570440921,1.9855741241031457e-15,17.592496054248183,30
1178,0.05,4,144,1,1,1031,broad_xyz,22.359644512058757,False,0.0793219714281965,0.2014473128136018,0.68521314116451,0.447822053451372,0.5904084429924681,0.7610017009590746,0.0003554598987857,0.0001203679874905,1.9855741241031457e-15,17.592496054248183,31
1179,0.075,4,144,1,1,1031,broad_xyz,22.359644512058757,False,0.0376179185062339,0.1496999335039235,0.725393327535745,0.4440289402824268,0.5997409361880754,0.7707041637431873,0.000839883938141,0.000276111012672,1.9855741241031457e-15,17.592496054248183,31
1180,0.1,4,144,1,1,1031,broad_xyz,22.359644512058757,False,-0.0031367560716697,0.0955253003896867,0.7719898437513933,0.4444883837287773,0.6094728266683576,0.7804490776571614,0.0016593844350426,0.000513124779291,1.9855741241031457e-15,17.592496054248183,31
1181,0.125,4,144,1,1,1031,broad_xyz,22.359644512058757,False,-0.041464255022797,0.0416263781151977,0.8172214995175539,0.4450670005266058,0.6080964031167319,0.783223531058736,0.0029516572955736,0.0008575569698698,1.9855741241031457e-15,17.592496054248183,31
1182,0.15,4,144,1,1,1031,broad_xyz,22.359644512058757,False,-0.0731328413032965,-0.0077390636831397,0.8548209784162317,0.4447112322294872,0.5905396349590208,0.7734121167493158,0.0049150353821458,0.0013474081186406,1.9855741241031457e-15,17.592496054248183,31
1183,0.1625,4,144,1,1,1031,broad_xyz,22.359644512058757,False,-0.0852020504345399,-0.0296186035648379,0.8697662380065686,0.4443995792577896,0.5742418942560071,0.7629742701198731,0.0062252210412303,0.0016620722827835,1.9855741241031457e-15,17.592496054248183,31
1184,0.175,4,144,1,1,1031,broad_xyz,22.359644512058757,False,-0.0943375078266731,-0.0493347048885793,0.8820609539759631,0.4441965281667415,0.5529857722253121,0.7488580403046922,0.007801009340884,0.0020325525478378,1.9855741241031457e-15,17.592496054248183,31
1185,0.1875,4,144,1,1,1031,broad_xyz,22.359644512058757,False,-0.1000475384193346,-0.0666005259808435,0.891942704280166,0.4446002819044397,0.5266694301059263,0.7311959217706785,0.0096798689352948,0.0024671648610035,1.9855741241031457e-15,17.592496054248183,31
1186,0.2,4,144,1,1,1031,broad_xyz,22.359644512058757,False,-0.1022380411439206,-0.0814165816906337,0.8996488744879673,0.4457664327948253,0.494918009536998,0.7102028515103191,0.0119002695010365,0.0029745772488183,1.9855741241031457e-15,17.592496054248183,31
1187,0.2125,4,144,1,1,1031,broad_xyz,22.359644512058757,False,-0.1011246318329559,-0.0940368303239541,0.905408477694192,0.4476207125369256,0.4575708955052281,0.6861917998754384,0.0145005879692728,0.0035629874743719,1.9855741241031457e-15,17.592496054248183,31
1188,0.225,4,144,1,1,1031,broad_xyz,22.359644512058757,False,-0.0969443163569149,-0.1047518814322735,0.9094147270844132,0.450044458967858,0.4149683751903761,0.6594351688385445,0.0175177978525986,0.0042406074796568,1.9855741241031457e-15,17.592496054248183,31
1189,0.2375,4,144,1,1,1031,broad_xyz,22.359644512058757,False,-0.0896828558185173,-0.1136840227392076,0.9119897608887388,0.4532922737026914,0.3681515773068358,0.6300857087765168,0.0209859515045731,0.005016451412198,1.9855741241031457e-15,17.592496054248183,31
1190,0.25,4,144,1,1,1031,broad_xyz,22.359644512058757,False,-0.0797073376522819,-0.1210042931962954,0.913320374833122,0.4572044724991007,0.3186221026704117,0.5985023241640369,0.0249344780161129,0.0058975523692186,1.9855741241031457e-15,17.592496054248183,31
1191,0.27,4,144,1,1,1031,broad_xyz,22.359644512058757,False,-0.0591217371389924,-0.1298372513844207,0.9132792537490872,0.4646715826684564,0.2354997589679904,0.5440639252174463,0.0323055087758947,0.0075415635359633,1.9855741241031457e-15,17.592496054248183,31
1192,0.29,4,144,1,1,1031,broad_xyz,22.359644512058757,False,-0.0346733289288378,-0.1354979779891083,0.9110937019043914,0.4734772965338821,0.1514847879038874,0.4858651688934084,0.041008411762972,0.0094893042267734,1.9855741241031457e-15,17.592496054248183,31
1193,0.31,4,144,1,1,1031,broad_xyz,22.359644512058757,False,-0.0091389489311364,-0.1378436389786593,0.9077229201358896,0.4845228491603726,0.0741299152740951,0.424797229557068,0.0510142398297182,0.0117569832709038,1.9855741241031457e-15,17.592496054248183,31
1194,0.33,4,144,1,1,1031,broad_xyz,22.359644512058757,False,0.0138765030348505,-0.137400051034541,0.9033171701767986,0.4968826806345415,0.0084070396587183,0.3619671898206978,0.0622016325128273,0.0143370315531627,1.9855741241031457e-15,17.592496054248183,31
1195,0.35,4,144,1,1,1031,broad_xyz,22.359644512058757,False,0.0318485658708533,-0.1346030178784861,0.8979433147035489,0.5094871072326027,-0.049497483037058,0.299046159518874,0.0743455005482575,0.0172009641811066,1.9855741241031457e-15,17.592496054248183,31
1196,0.37,4,144,1,1,1031,broad_xyz,22.359644512058757,False,0.0437657153868403,-0.1296344794722795,0.8917363586492171,0.5213559765993491,-0.1002736882744395,0.2387417114022134,0.0871152218231255,0.0203002991151869,1.9855741241031457e-15,17.592496054248183,31
1197,0.39,4,144,1,1,1031,broad_xyz,22.359644512058757,False,0.0500479448486291,-0.1226066289685204,0.8847445141410956,0.531278772174126,-0.1461053634051815,0.1839765579999343,0.1000851622337752,0.0235656060694905,1.9855741241031457e-15,17.592496054248183,31
1198,0.41,4,144,1,1,1031,broad_xyz,22.359644512058757,False,0.051839458001192,-0.1137019195585158,0.8770834816652471,0.5380140967803553,-0.1860895428316074,0.1372396800511849,0.1127586531836208,0.0269060806007826,1.9855741241031457e-15,17.592496054248183,31
1199,0.43,4,144,1,1,1031,broad_xyz,22.359644512058757,False,0.05014082184801,-0.1031527726871025,0.8687792971113881,0.5402040966544672,-0.218912271426694,0.1006063716741341,0.1246040667236169,0.030208494838353,1.9855741241031457e-15,17.592496054248183,31
1200,0.45,4,144,1,1,1031,broad_xyz,22.359644512058757,False,0.0454117700989022,-0.0912175108982382,0.8598974338953964,0.5368167923011977,-0.2445118791663119,0.0766331331759312,0.1350989265431569,0.0333495077067134,1.9855741241031457e-15,17.592496054248183,31
1201,0.5,4,144,1,1,1031,broad_xyz,22.359644512058757,False,0.0198604030972769,-0.0488919783593389,0.843413547569867,0.513540263094354,-0.2825987896151994,0.0903801775248131,0.15307206478107,0.0401533000928771,1.9855741241031457e-15,17.592496054248183,31
1202,0.55,4,144,1,1,1031,broad_xyz,22.359644512058757,False,-0.0113930101057183,0.0048490295115835,0.8310722318078113,0.4634296124697347,-0.2799213451095387,0.192515518200399,0.1616903896493661,0.0441626683336365,1.9855741241031457e-15,17.592496054248183,31
1203,0.6,4,144,1,1,1031,broad_xyz,22.359644512058757,False,-0.0325627929974475,0.069149154601637,0.8098030190216966,0.3857941443985051,-0.2433893557426062,0.316407700978925,0.157762967919405,0.0447316218989021,1.9855741241031457e-15,17.592496054248183,31
1204,0.6499999999999999,4,144,1,1,1031,broad_xyz,22.359644512058757,False,-0.0184661115144392,0.1548954588512582,0.7654950379255294,0.2929876219272005,-0.181121341337388,0.3870746742817823,0.1438834897061796,0.0431840902104718,1.9855741241031457e-15,17.592496054248183,31
1205,0.7,4,144,1,1,1031,broad_xyz,22.359644512058757,False,0.0721061324395442,0.2715842290476795,0.6848451536368871,0.2084199149052935,-0.0939192857223545,0.373300947314363,0.124026619565584,0.0417513672582604,1.9855741241031457e-15,17.592496054248183,31
1206,0.725,4,144,1,1,1031,broad_xyz,22.359644512058757,False,0.1508921476764167,0.339929331969606,0.6325325577734926,0.178016258580894,-0.0398192620922853,0.3360474968278218,0.1211417426272879,0.0417447038620745,1.9855741241031457e-15,17.592496054248183,31
1207,0.75,4,144,1,1,1031,broad_xyz,22.359644512058757,False,0.2385006652583683,0.4117008606802054,0.5780095117310761,0.1570619403085763,0.0093362570131775,0.2870391436257319,0.1213372602386257,0.0424687085243201,1.9855741241031457e-15,17.592496054248183,31
1208,0.775,4,144,1,1,1031,broad_xyz,22.359644512058757,False,0.313920332383585,0.4832931927354692,0.5254854881995331,0.1435655103657642,0.0488437822574926,0.2335718104179276,0.128289253375687,0.0440012354246657,1.9855741241031457e-15,17.592496054248183,31
1209,0.8,4,144,1,1,1031,broad_xyz,22.359644512058757,False,0.3579867787464707,0.5494713876414102,0.4759472325941228,0.1350802261165331,0.0900133054976876,0.1809792908636059,0.1357683503879716,0.0463085855411154,1.9855741241031457e-15,17.592496054248183,31
1210,0.825,4,144,1,1,1031,broad_xyz,22.359644512058757,False,0.3651878414227063,0.6036165252481676,0.4300299637433173,0.1294092438217989,0.1295136422820135,0.1346456681708851,0.1429979868963087,0.0492857329289224,1.9855741241031457e-15,17.592496054248183,31
1211,0.85,4,144,1,1,1031,broad_xyz,22.359644512058757,False,0.3466684483424767,0.6417713325196307,0.3921919723135985,0.1239900464677334,0.1665214092177355,0.1015405409433125,0.1493629251257043,0.0528197974132503,1.9855741241031457e-15,17.592496054248183,31
1212,0.875,4,144,1,1,1031,broad_xyz,22.359644512058757,False,0.3177184068740749,0.6627670310916436,0.3729438686025947,0.1133222970180316,0.1952669850740414,0.0918609925664219,0.1543974353057456,0.0568917884991983,1.9855741241031457e-15,17.592496054248183,31
1213,0.9,4,144,1,1,1031,broad_xyz,22.359644512058757,False,0.2884719104443181,0.6681951753119754,0.3787552266036184,0.0939052360394911,0.2107461348663867,0.1100960323889944,0.1577951363857152,0.0615091626613816,1.9855741241031457e-15,17.592496054248183,31
1214,0.95,4,144,1,1,1031,broad_xyz,22.359644512058757,False,0.2549664901177231,0.6469315170035944,0.4428595428590511,0.0332968126270167,0.1844029602392268,0.2013702173582329,0.1642678064847467,0.0721684650207279,1.9855741241031457e-15,17.592496054248183,31
1215,1.0,4,144,1,1,1031,broad_xyz,22.359644512058757,False,0.2468113317193306,0.5952328366891741,0.528563732842223,-0.0192600149814481,0.1267710674364804,0.3171785463436339,0.1858852499365477,0.0840390295626917,1.9855741241031457e-15,17.592496054248183,31
1216,0.05,4,144,1,1,1032,broad_xyz,22.359644512058757,False,-0.0049193302348291,-0.0857972568901702,-0.1089561432287057,-0.4787275370017189,-0.4526294990655782,0.1970029812105399,0.0002526175060485,2.4887685222952588e-05,1.9855741241031457e-15,17.592496054248183,32
1217,0.075,4,144,1,1,1032,broad_xyz,22.359644512058757,False,0.0096271778349438,-0.0744566997721157,-0.1052081493435405,-0.4842801008829419,-0.4537303728552934,0.2581998364353357,0.0005934099166223,6.37514520634501e-05,1.9855741241031457e-15,17.592496054248183,32
1218,0.1,4,144,1,1,1032,broad_xyz,22.359644512058757,False,0.0283921139144545,-0.0611029895191468,-0.1028839304329705,-0.4866570508388871,-0.4506762580688655,0.3023279687835532,0.0011084369718859,0.0001319259072326,1.9855741241031457e-15,17.592496054248183,32
1219,0.125,4,144,1,1,1032,broad_xyz,22.359644512058757,False,0.0507886085941132,-0.0424054208854617,-0.0999091295160783,-0.4877490814033947,-0.445296893651427,0.3367177289972483,0.0018285084254611,0.0002443994326887,1.9855741241031457e-15,17.592496054248183,32
1220,0.15,4,144,1,1,1032,broad_xyz,22.359644512058757,False,0.0714518936053098,-0.0168582621282124,-0.0893032327674469,-0.495095338125314,-0.4447311550191541,0.3735247608363478,0.0027885438433915,0.0004259273948023,1.9855741241031457e-15,17.592496054248183,32
1221,0.1625,4,144,1,1,1032,broad_xyz,22.359644512058757,False,0.0812493265859427,-0.002672864465773,-0.0809584031222963,-0.4996642544027119,-0.4445013462821986,0.3923450519108548,0.0033699050155223,0.0005511323173704,1.9855741241031457e-15,17.592496054248183,32
1222,0.175,4,144,1,1,1032,broad_xyz,22.359644512058757,False,0.0899559444682771,0.0114948876039869,-0.0711743657815291,-0.5035762568356209,-0.4430337986465886,0.4103342428788287,0.0040246773121172,0.000702709184867,1.9855741241031457e-15,17.592496054248183,32
1223,0.1875,4,144,1,1,1032,broad_xyz,22.359644512058757,False,0.0972784025025812,0.0258307153043309,-0.0601641989571602,-0.5071557312883267,-0.4401001233704258,0.4278209823001568,0.0047568150387297,0.0008852930260054,1.9855741241031457e-15,17.592496054248183,32
1224,0.2,4,144,1,1,1032,broad_xyz,22.359644512058757,False,0.1001383221512087,0.0408977057988544,-0.0458892105945217,-0.5135562195755091,-0.4384948411890526,0.44866486846933,0.005588672183745,0.0011050821856888,1.9855741241031457e-15,17.592496054248183,32
1225,0.2125,4,144,1,1,1032,broad_xyz,22.359644512058757,False,0.0978299812419323,0.0562040047227383,-0.0288950944679708,-0.5220393525438126,-0.4360448704227965,0.4718550824954774,0.0066073609456272,0.001366282552671,1.9855741241031457e-15,17.592496054248183,32
1226,0.225,4,144,1,1,1032,broad_xyz,22.359644512058757,False,0.0909832540745341,0.0709188793702903,-0.0108410537080371,-0.5310331008396877,-0.4281529406936076,0.4953264370620096,0.0077428535406254,0.0016726083569488,1.9855741241031457e-15,17.592496054248183,32
1227,0.2375,4,144,1,1,1032,broad_xyz,22.359644512058757,False,0.0805287170453377,0.086728101922343,0.0095765678362746,-0.5410990056451185,-0.4092922720826119,0.5199680324857006,0.0089979723951735,0.0020325934865848,1.9855741241031457e-15,17.592496054248183,32
1228,0.25,4,144,1,1,1032,broad_xyz,22.359644512058757,False,0.0666282204368986,0.1029716837715851,0.0313453070398191,-0.5512475595365368,-0.371749881557072,0.5446638500473474,0.010373542502964,0.0024511840187203,1.9855741241031457e-15,17.592496054248183,32
1229,0.27,4,144,1,1,1032,broad_xyz,22.359644512058757,False,0.0368045485106347,0.1275647646411169,0.0658637373577921,-0.5655923985622461,-0.2661361947078808,0.5818989523549399,0.0130988479093334,0.0032474105029722,1.9855741241031457e-15,17.592496054248183,32
1230,0.29,4,144,1,1,1032,broad_xyz,22.359644512058757,False,0.0014794408673248,0.1493596968014272,0.0977779874208273,-0.5766549968609948,-0.1394622145138276,0.6152265380802566,0.0163203629337906,0.0042069371266333,1.9855741241031457e-15,17.592496054248183,32
1231,0.31,4,144,1,1,1032,broad_xyz,22.359644512058757,False,-0.0322661222576563,0.1690143105402881,0.1275338570774929,-0.5848757930136914,-0.043791983327502,0.6456265672329483,0.0199541879775616,0.0053412235083158,1.9855741241031457e-15,17.592496054248183,32
1232,0.33,4,144,1,1,1032,broad_xyz,22.359644512058757,False,-0.0614755680654843,0.1852792825761999,0.1576095684076398,-0.5919203283102578,0.0149258868059423,0.6747703709141207,0.0239649343426557,0.0066707775338824,1.9855741241031457e-15,17.592496054248183,32
1233,0.35,4,144,1,1,1032,broad_xyz,22.359644512058757,False,-0.0809560255986856,0.199469837209134,0.1853853270452635,-0.5945489560073344,0.0497000019941781,0.7004659796977685,0.0283897426703634,0.0081985103485896,1.9855741241031457e-15,17.592496054248183,32
1234,0.37,4,144,1,1,1032,broad_xyz,22.359644512058757,False,-0.0888540643833051,0.213807385628428,0.2125530722582838,-0.5921028282217126,0.071495924921906,0.7237357231472759,0.0340300969985155,0.0099405525557061,1.9855741241031457e-15,17.592496054248183,32
1235,0.39,4,144,1,1,1032,broad_xyz,22.359644512058757,False,-0.0879761767360051,0.2274662527006034,0.2393088804526096,-0.5832134093920324,0.0789590688259565,0.7435877915160728,0.0401834447813473,0.0118852689161188,1.9855741241031457e-15,17.592496054248183,32
1236,0.41,4,144,1,1,1032,broad_xyz,22.359644512058757,False,-0.0800219886668613,0.2418649838265963,0.2663167469842707,-0.5663496925586509,0.0725494601332176,0.7594722846102367,0.0467977966277264,0.0140394518490875,1.9855741241031457e-15,17.592496054248183,32
1237,0.43,4,144,1,1,1032,broad_xyz,22.359644512058757,False,-0.0675884839400209,0.2583103912075671,0.2952603881165899,-0.5418333010659818,0.062257217928837,0.7710239385118436,0.0538711512639857,0.0164609450864237,1.9855741241031457e-15,17.592496054248183,32
1238,0.45,4,144,1,1,1032,broad_xyz,22.359644512058757,False,-0.0454131229417501,0.2801682154682112,0.3256369570667695,-0.5088957305747752,0.0485448055081337,0.7767608312744475,0.063387672093519,0.0192186810564409,1.9855741241031457e-15,17.592496054248183,32
1239,0.5,4,144,1,1,1032,broad_xyz,22.359644512058757,False,0.0686060582552416,0.4028325148494947,0.4321084552298393,-0.3972173875176117,0.1068000568184336,0.7373778293690472,0.0908048388984866,0.029079987356392,1.9855741241031457e-15,17.592496054248183,32
1240,0.55,4,144,1,1,1032,broad_xyz,22.359644512058757,False,0.1810993749506493,0.5012923383849622,0.512376079692695,-0.2214136103190523,0.1323297059896439,0.5475499959266938,0.1228540730542233,0.0418445326080381,1.9855741241031457e-15,17.592496054248183,32
1241,0.6,4,144,1,1,1032,broad_xyz,22.359644512058757,False,0.2756475717526555,0.5350933405224265,0.5580927345131487,-0.0873038568593572,-0.1218440059355799,0.3266091745378361,0.1552215346823931,0.056028289590595,1.9855741241031457e-15,17.592496054248183,32
1242,0.6499999999999999,4,144,1,1,1032,broad_xyz,22.359644512058757,False,0.3321950858530553,0.5638849139500799,0.6035447696564492,0.0327426662463988,-0.4951836840158505,0.1892739690889914,0.1840824755254975,0.0699187525187948,1.9855741241031457e-15,17.592496054248183,32
1243,0.7,4,144,1,1,1032,broad_xyz,22.359644512058757,False,0.2538233275134512,0.6240276124373553,0.6927883729697764,0.2449679471720267,-0.5074274508211131,0.1439822376804157,0.2066980295663869,0.0826336116794042,1.9855741241031457e-15,17.592496054248183,32
1244,0.725,4,144,1,1,1032,broad_xyz,22.359644512058757,False,0.1661258546462998,0.6537128532754672,0.7364914756466303,0.4061040614800727,-0.3984457011021936,0.1264997850234042,0.215296417937385,0.0878743130155935,1.9855741241031457e-15,17.592496054248183,32
1245,0.75,4,144,1,1,1032,broad_xyz,22.359644512058757,False,0.0836632398335794,0.6760635121931499,0.7724301030651111,0.5693302020516586,-0.2445010134087717,0.1020940036404226,0.2222338717370872,0.0922305361256223,1.9855741241031457e-15,17.592496054248183,32
1246,0.775,4,144,1,1,1032,broad_xyz,22.359644512058757,False,0.0179766005209237,0.6853080602309368,0.7956901554375992,0.6972593980028432,-0.0763799484872608,0.0703925485314095,0.2278070013917524,0.0957643345692452,1.9855741241031457e-15,17.592496054248183,32
1247,0.8,4,144,1,1,1032,broad_xyz,22.359644512058757,False,-0.0332908830620216,0.6787824394319759,0.8043911624913382,0.7758115685803741,0.0680747138552236,0.0391313299932336,0.237499559831752,0.0987115762393959,1.9855741241031457e-15,17.592496054248183,32
1248,0.825,4,144,1,1,1032,broad_xyz,22.359644512058757,False,-0.0676563147848501,0.6604258774101868,0.8016747151421729,0.8102270812167408,0.1562482362989956,0.0107443436297093,0.2487470809864582,0.1015233809923431,1.9855741241031457e-15,17.592496054248183,32
1249,0.85,4,144,1,1,1032,broad_xyz,22.359644512058757,False,-0.080768241819176,0.6390142135055231,0.7940072172262643,0.812392598680713,0.198100602759146,-0.0079088769227366,0.2587400841039454,0.1047495287909106,1.9855741241031457e-15,17.592496054248183,32
1250,0.875,4,144,1,1,1032,broad_xyz,22.359644512058757,False,-0.0756043754591123,0.619361840210851,0.7876192548173728,0.7931626649180723,0.2129802660815835,-0.0085787871693305,0.2672195346081528,0.1086674473260864,1.9855741241031457e-15,17.592496054248183,32
1251,0.9,4,144,1,1,1032,broad_xyz,22.359644512058757,False,-0.059148503892575,0.6025014580203673,0.7833239881997136,0.7580221855726317,0.2317711294954688,0.0065580545019314,0.2839088971302204,0.113101292733298,1.9855741241031457e-15,17.592496054248183,32
1252,0.95,4,144,1,1,1032,broad_xyz,22.359644512058757,False,-0.0138452252106122,0.5816272169441626,0.769116695305178,0.6340174227497108,0.1613587488979589,0.0397002850279116,0.3129141512411452,0.1219010052896512,1.9855741241031457e-15,17.592496054248183,32
1253,1.0,4,144,1,1,1032,broad_xyz,22.359644512058757,False,0.0243170736892286,0.5830126549541215,0.7440974605190852,0.4093785263533522,-0.0984621538867735,0.0295018690932187,0.3266638900561636,0.128554874291574,1.9855741241031457e-15,17.592496054248183,32
1254,0.05,4,144,1,1,1033,broad_xyz,22.359644512058757,False,0.8396174615631826,0.4687102826044529,0.813589103075627,0.7303436613666272,0.6839484275840351,0.785957423571256,0.0010014849404337,0.0003258462137077,1.9855741241031457e-15,17.592496054248183,33
1255,0.075,4,144,1,1,1033,broad_xyz,22.359644512058757,False,0.8589753146678349,0.4566981674123549,0.8356756909913492,0.759485654428112,0.7074718645460814,0.7923832020287734,0.002429943570622,0.0007974607655644,1.9855741241031457e-15,17.592496054248183,33
1256,0.1,4,144,1,1,1033,broad_xyz,22.359644512058757,False,0.8785466547683142,0.4449893286801793,0.8585553439229142,0.7907776981513808,0.7312066695726599,0.7881837415294402,0.004691511968975,0.0015685419192087,1.9855741241031457e-15,17.592496054248183,33
1257,0.125,4,144,1,1,1033,broad_xyz,22.359644512058757,False,0.8958652979068586,0.4334561084474977,0.8806563258243518,0.8219537764034933,0.7514583339359414,0.7719903786712136,0.0080106116722415,0.0027419935093093,1.9855741241031457e-15,17.592496054248183,33
1258,0.15,4,144,1,1,1033,broad_xyz,22.359644512058757,False,0.907352768715516,0.4220942118411539,0.9009011097494096,0.8512048586212569,0.7639497237741911,0.742621487466375,0.0126552226481175,0.0044421446898739,1.9855741241031457e-15,17.592496054248183,33
1259,0.1625,4,144,1,1,1033,broad_xyz,22.359644512058757,False,0.9093041819165434,0.4164999849339694,0.9101077493395152,0.8646619912548387,0.7656516820548649,0.7225585584004258,0.0155400546757767,0.0055325408059479,1.9855741241031457e-15,17.592496054248183,33
1260,0.175,4,144,1,1,1033,broad_xyz,22.359644512058757,False,0.907419372134606,0.4109852215210675,0.9186380950136688,0.8771578442605552,0.7633855805720361,0.698644650057713,0.0188353244920265,0.0068065701641952,1.9855741241031457e-15,17.592496054248183,33
1261,0.1875,4,144,1,1,1033,broad_xyz,22.359644512058757,False,0.9002762721780889,0.4055617710639869,0.9264600037706516,0.8885741925104318,0.756825571332976,0.6706496202084054,0.0225637408424224,0.0082815116233087,1.9855741241031457e-15,17.592496054248183,33
1262,0.2,4,144,1,1,1033,broad_xyz,22.359644512058757,False,0.8861284269213826,0.4002524185500829,0.9335680333156596,0.8988266125860406,0.7463891168653801,0.638367669391868,0.0267436107919197,0.0099734026338266,1.9855741241031457e-15,17.592496054248183,33
1263,0.2125,4,144,1,1,1033,broad_xyz,22.359644512058757,False,0.862908707763544,0.3950792153034282,0.9399681287351888,0.9078457782196316,0.7323037510978648,0.6016204824345526,0.0313876836473907,0.0118965366651957,1.9855741241031457e-15,17.592496054248183,33
1264,0.225,4,144,1,1,1033,broad_xyz,22.359644512058757,False,0.8286897023190526,0.3900611578320456,0.9456738825382148,0.9155729394547016,0.714154366992015,0.560289420636353,0.0365487521952582,0.0140628310629842,1.9855741241031457e-15,17.592496054248183,33
1265,0.2375,4,144,1,1,1033,broad_xyz,22.359644512058757,False,0.7824313766680122,0.3852130988481017,0.950704715514093,0.9219573960614688,0.6915087926375119,0.5143621206708313,0.0422197875813653,0.0164811653713877,1.9855741241031457e-15,17.592496054248183,33
1266,0.25,4,144,1,1,1033,broad_xyz,22.359644512058757,False,0.7245918940123205,0.3805631582811996,0.9550917238374566,0.9269727798136996,0.6638803095938139,0.4639932650255367,0.0483704018424791,0.0191559331558215,1.9855741241031457e-15,17.592496054248183,33
1267,0.27,4,144,1,1,1033,broad_xyz,22.359644512058757,False,0.6143990900767203,0.3735758832836767,0.9608414341385482,0.9320792493606532,0.608038048064453,0.3751527482681774,0.0591544997108474,0.0239669400960187,1.9855741241031457e-15,17.592496054248183,33
1268,0.29,4,144,1,1,1033,broad_xyz,22.359644512058757,False,0.4983440246718504,0.3672168120172425,0.9651315931499648,0.9335401242516104,0.5394777394489647,0.2788152967327331,0.0709637428617133,0.0294023338529925,1.9855741241031457e-15,17.592496054248183,33
1269,0.31,4,144,1,1,1033,broad_xyz,22.359644512058757,False,0.4026572230227159,0.3615742552347846,0.9680599169549012,0.9313518737748028,0.4604000125584178,0.1796033375216931,0.0835628570598594,0.0353898773412836,1.9855741241031457e-15,17.592496054248183,33
1270,0.33,4,144,1,1,1033,broad_xyz,22.359644512058757,False,0.34507879439575,0.3567790109355354,0.9696863085997224,0.9256193728464972,0.3778450330381968,0.0834422267165364,0.0966238671914563,0.0418095530824828,1.9855741241031457e-15,17.592496054248183,33
1271,0.35,4,144,1,1,1033,broad_xyz,22.359644512058757,False,0.313743676924462,0.3529277110637051,0.9699944385567688,0.916513067925354,0.2999213762715793,-0.0033427378585635,0.1097288827867454,0.0484990983759873,1.9855741241031457e-15,17.592496054248183,33
1272,0.37,4,144,1,1,1033,broad_xyz,22.359644512058757,False,0.2955854112377624,0.3501087066092278,0.96888065211857,0.9043025610274362,0.2293109830769418,-0.0749140102162222,0.1223833700027109,0.055259109387503,1.9855741241031457e-15,17.592496054248183,33
1273,0.39,4,144,1,1,1033,broad_xyz,22.359644512058757,False,0.2854815475237355,0.3484482529813961,0.9661804660748272,0.8894813122616448,0.1741408795267396,-0.126264256249265,0.1340426794979731,0.061856310169061,1.9855741241031457e-15,17.592496054248183,33
1274,0.41,4,144,1,1,1033,broad_xyz,22.359644512058757,False,0.281400917741621,0.3480144984406065,0.9615748267353926,0.8725773437681138,0.1391427615476939,-0.1532063092636623,0.145193481356177,0.0680472899048246,1.9855741241031457e-15,17.592496054248183,33
1275,0.43,4,144,1,1,1033,broad_xyz,22.359644512058757,False,0.280436272764913,0.3488700225308459,0.954597759657137,0.8541180279895337,0.1248045746045811,-0.1521510102311895,0.1558653913085881,0.0735980322174705,1.9855741241031457e-15,17.592496054248183,33
1276,0.45,4,144,1,1,1033,broad_xyz,22.359644512058757,False,0.2815085798882256,0.3510641411510001,0.9446100537705744,0.8344885861794669,0.1279344747019954,-0.1215507368888236,0.1670099759330885,0.078305287323823,1.9855741241031457e-15,17.592496054248183,33
1277,0.5,4,144,1,1,1033,broad_xyz,22.359644512058757,False,0.2939119063636135,0.3626918855500737,0.9005871497339745,0.7802790785951017,0.192878280150879,0.0730183215891919,0.1872688846013178,0.0855563455609499,1.9855741241031457e-15,17.592496054248183,33
1278,0.55,4,144,1,1,1033,broad_xyz,22.359644512058757,False,0.3313615204971696,0.3835768736214395,0.8158474138915075,0.7127239074171978,0.3121384912453669,0.2582550573037511,0.1973717453322349,0.0864037383725987,1.9855741241031457e-15,17.592496054248183,33
1279,0.6,4,144,1,1,1033,broad_xyz,22.359644512058757,False,0.4281609775650057,0.4164872522429951,0.6821858646778282,0.6290732233065116,0.4364519044613813,0.2449260671270205,0.2000769514271585,0.0831689519184956,1.9855741241031457e-15,17.592496054248183,33
1280,0.6499999999999999,4,144,1,1,1033,broad_xyz,22.359644512058757,False,0.6616349185677984,0.467795579896513,0.5195251102868701,0.548583601918754,0.5184646961986451,0.1378850461517193,0.1967598296680328,0.0795142610605558,1.9855741241031457e-15,17.592496054248183,33
1281,0.7,4,144,1,1,1033,broad_xyz,22.359644512058757,False,0.7973718654808074,0.5455988682327975,0.3730144143809466,0.4982478852877661,0.552426177193435,0.0170916782742496,0.1919551750962612,0.0788169895978867,1.9855741241031457e-15,17.592496054248183,33
1282,0.725,4,144,1,1,1033,broad_xyz,22.359644512058757,False,0.7534545219826353,0.5948370758066284,0.3072966614830564,0.4796820600884655,0.5397608165854989,-0.0421476218696349,0.1899711585084432,0.0798253973939599,1.9855741241031457e-15,17.592496054248183,33
1283,0.75,4,144,1,1,1033,broad_xyz,22.359644512058757,False,0.6727714534268732,0.6457573483604606,0.2503416857386218,0.4626331748496372,0.5080250000419477,-0.0946987405850311,0.1882898116417271,0.081727962277749,1.9855741241031457e-15,17.592496054248183,33
1284,0.775,4,144,1,1,1033,broad_xyz,22.359644512058757,False,0.5801787438011384,0.6916953309548828,0.2045913106580069,0.4455992133045148,0.4602988318363349,-0.1367805492742679,0.1866286672302987,0.0843687611340983,1.9855741241031457e-15,17.592496054248183,33
1285,0.8,4,144,1,1,1033,broad_xyz,22.359644512058757,False,0.4863349419772162,0.7252835917136372,0.1741500001273362,0.4258425905885646,0.3973412840561433,-0.1621953391061268,0.1901640113406174,0.0876026209672167,1.9855741241031457e-15,17.592496054248183,33
1286,0.825,4,144,1,1,1033,broad_xyz,22.359644512058757,False,0.3994273384237884,0.741733664536121,0.1551852123748787,0.4031899367074006,0.351401029048134,-0.1733088726243943,0.1956619142021146,0.091074816219112,1.9855741241031457e-15,17.592496054248183,33
1287,0.85,4,144,1,1,1033,broad_xyz,22.359644512058757,False,0.3119553774216105,0.7373262226680004,0.136519942016099,0.3859901400685736,0.3338757958876002,-0.1818197623683807,0.2045572401777755,0.0941950332467403,1.9855741241031457e-15,17.592496054248183,33
1288,0.875,4,144,1,1,1033,broad_xyz,22.359644512058757,False,0.2217037788858889,0.7166598893238002,0.1068575807113872,0.3900660651380418,0.3507990971322853,-0.2026159444061874,0.2128469281919212,0.0962549157447924,1.9855741241031457e-15,17.592496054248183,33
1289,0.9,4,144,1,1,1033,broad_xyz,22.359644512058757,False,0.1357246600991573,0.68788221972888,0.0718331157046492,0.4187471230581931,0.3842432989948726,-0.2309979608389587,0.2159259099134332,0.0972425695420863,1.9855741241031457e-15,17.592496054248183,33
1290,0.95,4,144,1,1,1033,broad_xyz,22.359644512058757,False,0.0560447044778615,0.6447195967122046,0.0708480531954093,0.4954459825483432,0.3892742395916941,-0.2177116561025533,0.2055905711081511,0.0997177023523278,1.9855741241031457e-15,17.592496054248183,33
1291,1.0,4,144,1,1,1033,broad_xyz,22.359644512058757,False,0.1561264056679289,0.589020540536096,0.2327605349505999,0.4693176464235377,0.2769644145410784,-0.0099063522067193,0.222043517375554,0.10836553953168,1.9855741241031457e-15,17.592496054248183,33
1292,0.05,4,144,1,1,1034,broad_xyz,22.359644512058757,False,-0.4229473872034435,-0.1320290251475018,-0.1661110782739785,0.041708673249558,0.1207094376708405,-0.0308984727256499,0.0003708447277932,5.2530444586553465e-05,1.9855741241031457e-15,17.592496054248183,34
1293,0.075,4,144,1,1,1034,broad_xyz,22.359644512058757,False,-0.4229218062761448,-0.1836743685966725,-0.1385156719271208,0.0764104911262054,0.1553631509069595,0.0150255295726462,0.0008722986100186,0.0001115676432682,1.9855741241031457e-15,17.592496054248183,34
1294,0.1,4,144,1,1,1034,broad_xyz,22.359644512058757,False,-0.4180516242226943,-0.2499293564501641,-0.0906714156285998,0.1308785904544299,0.2096010792040888,0.0668218117845377,0.001654678317495,0.0001910353218862,1.9855741241031457e-15,17.592496054248183,34
1295,0.125,4,144,1,1,1034,broad_xyz,22.359644512058757,False,-0.4044144645716858,-0.322934517090407,-0.0227218697084162,0.2016804911683878,0.2770925762658939,0.1227575227833841,0.0027995736882306,0.000299407276035,1.9855741241031457e-15,17.592496054248183,34
1296,0.15,4,144,1,1,1034,broad_xyz,22.359644512058757,False,-0.3706141161200895,-0.3864573173812529,0.0533227668532374,0.2720062535594464,0.3344681902091512,0.1731770850580469,0.0044139215019658,0.0004475038187053,1.9855741241031457e-15,17.592496054248183,34
1297,0.1625,4,144,1,1,1034,broad_xyz,22.359644512058757,False,-0.347266000345544,-0.4123421036364689,0.0905097301333958,0.3028199541514014,0.3529501268389879,0.1945216067358413,0.0054360003855537,0.000541880200057,1.9855741241031457e-15,17.592496054248183,34
1298,0.175,4,144,1,1,1034,broad_xyz,22.359644512058757,False,-0.3214480631612388,-0.4339742465154932,0.127193901463161,0.3310500608086493,0.363424246186708,0.2140572005509409,0.0066237215246818,0.0006540433780467,1.9855741241031457e-15,17.592496054248183,34
1299,0.1875,4,144,1,1,1034,broad_xyz,22.359644512058757,False,-0.2956053785213194,-0.4557178465765651,0.1718100447820418,0.3640055190720256,0.3684703127609855,0.2368247434912118,0.008331872855528,0.000797771458048,1.9855741241031457e-15,17.592496054248183,34
1300,0.2,4,144,1,1,1034,broad_xyz,22.359644512058757,False,-0.2688121313335099,-0.4731527594971619,0.2227927102061876,0.4001025858490932,0.3662183114106962,0.2650221712731783,0.0103795638694252,0.0009861515712843,1.9855741241031457e-15,17.592496054248183,34
1301,0.2125,4,144,1,1,1034,broad_xyz,22.359644512058757,False,-0.2405520429288728,-0.4835786288790007,0.2689268469245703,0.4294091068911924,0.3469797335057191,0.2905626437630113,0.0127881196207667,0.0012150773752286,1.9855741241031457e-15,17.592496054248183,34
1302,0.225,4,144,1,1,1034,broad_xyz,22.359644512058757,False,-0.2120806299245073,-0.4891194410658976,0.3097675980677615,0.4535107290289153,0.3132322365468942,0.3117986691632872,0.0155905358930263,0.0015007061852216,1.9855741241031457e-15,17.592496054248183,34
1303,0.2375,4,144,1,1,1034,broad_xyz,22.359644512058757,False,-0.1848793292996504,-0.4908226094736658,0.34555599905565,0.4719192182250649,0.2654574937014243,0.328964071881377,0.0188166893780345,0.0018484894214551,1.9855741241031457e-15,17.592496054248183,34
1304,0.25,4,144,1,1,1034,broad_xyz,22.359644512058757,False,-0.1640958261167553,-0.4903664262718539,0.3836734631997254,0.4890898626781731,0.2079543603069747,0.3441654851609579,0.0224918825199428,0.0022765908048673,1.9855741241031457e-15,17.592496054248183,34
1305,0.27,4,144,1,1,1034,broad_xyz,22.359644512058757,False,-0.1451387716111241,-0.4838996409111812,0.4522937166741885,0.5148250649265392,0.1018953729887965,0.3639378145232834,0.0293511754044119,0.0031919597494977,1.9855741241031457e-15,17.592496054248183,34
1306,0.29,4,144,1,1,1034,broad_xyz,22.359644512058757,False,-0.135275516895376,-0.4706465926406067,0.508710388932514,0.5241092168561248,-0.0131131409243266,0.3620405665328282,0.0374410723830997,0.004376793950866,1.9855741241031457e-15,17.592496054248183,34
1307,0.31,4,144,1,1,1034,broad_xyz,22.359644512058757,False,-0.1274239294266349,-0.4545507256186551,0.553221004540818,0.5167860648527817,-0.1210221499643749,0.3295443470923555,0.0467286497348941,0.0058327778393504,1.9855741241031457e-15,17.592496054248183,34
1308,0.33,4,144,1,1,1034,broad_xyz,22.359644512058757,False,-0.128296796836478,-0.4342457928746719,0.6047758018557323,0.5032538549495706,-0.2015344521762285,0.25175618782414,0.0570990812103383,0.007749411031841,1.9855741241031457e-15,17.592496054248183,34
1309,0.35,4,144,1,1,1034,broad_xyz,22.359644512058757,False,-0.1278369213602108,-0.4115303866228347,0.6513992037359475,0.4767709431846983,-0.2453622115266956,0.1261857810499979,0.0683461911276163,0.01009368325713,1.9855741241031457e-15,17.592496054248183,34
1310,0.37,4,144,1,1,1034,broad_xyz,22.359644512058757,False,-0.1251195801637166,-0.3890905891619199,0.6877556847205794,0.4378961826814835,-0.2530394924613059,-0.0316181960741647,0.0801708429396624,0.0127858719616429,1.9855741241031457e-15,17.592496054248183,34
1311,0.39,4,144,1,1,1034,broad_xyz,22.359644512058757,False,-0.1263490267849817,-0.3609259015802845,0.7273464768090921,0.3921382284939054,-0.2600518314432885,-0.2088895134437732,0.092189574227208,0.0160195895368924,1.9855741241031457e-15,17.592496054248183,34
1312,0.41,4,144,1,1,1034,broad_xyz,22.359644512058757,False,-0.1277304565963441,-0.3283105508334316,0.7653521783525044,0.3412359216614709,-0.2854740974745769,-0.3610519058148324,0.1039545955887335,0.0197300088662308,1.9855741241031457e-15,17.592496054248183,34
1313,0.43,4,144,1,1,1034,broad_xyz,22.359644512058757,False,-0.1302536560771696,-0.2973180020281681,0.7940342184964709,0.2901694787376353,-0.3261455959955142,-0.4175492281061052,0.1149842399755244,0.0236812328161929,1.9855741241031457e-15,17.592496054248183,34
1314,0.45,4,144,1,1,1034,broad_xyz,22.359644512058757,False,-0.1335141483976807,-0.2693993676897551,0.813425657937281,0.2425487547573887,-0.3779259372183827,-0.2937960645089981,0.1248006193749224,0.0276860527109524,1.9855741241031457e-15,17.592496054248183,34
1315,0.5,4,144,1,1,1034,broad_xyz,22.359644512058757,False,-0.1529652146858348,-0.2071996331614295,0.8369065880104951,0.1457142823911336,-0.4701302449230345,0.4766743755123906,0.1413849788597309,0.0374726616036399,1.9855741241031457e-15,17.592496054248183,34
1316,0.55,4,144,1,1,1034,broad_xyz,22.359644512058757,False,-0.1716008129456349,-0.1404813005857119,0.8461118412591377,0.0803557764935634,-0.4265881016996677,0.6693343983354816,0.1517862073929577,0.0465912360775775,1.9855741241031457e-15,17.592496054248183,34
1317,0.6,4,144,1,1,1034,broad_xyz,22.359644512058757,False,-0.1729045964534055,-0.0519141445470348,0.8544231240986275,0.0047207471052188,-0.4099459895890215,0.7072326533440706,0.158387750478997,0.0545373232004359,1.9855741241031457e-15,17.592496054248183,34
1318,0.6499999999999999,4,144,1,1,1034,broad_xyz,22.359644512058757,False,-0.1874757352568098,0.054108778259846,0.8534291889751985,-0.11427024857024,-0.4050893554489902,0.7167751358325978,0.1640697339868188,0.0601795244788667,1.9855741241031457e-15,17.592496054248183,34
1319,0.7,4,144,1,1,1034,broad_xyz,22.359644512058757,False,-0.2158180059655944,0.1617616384975295,0.8292461439558805,-0.2049494170993791,-0.3299222828008255,0.6752168659195114,0.1647301301216896,0.0626111194707059,1.9855741241031457e-15,17.592496054248183,34
1320,0.725,4,144,1,1,1034,broad_xyz,22.359644512058757,False,-0.229234863975597,0.215247180543499,0.8037003448257635,-0.2103690775598135,-0.3133008209005644,0.6280913966859922,0.166287081529336,0.0626328544741295,1.9855741241031457e-15,17.592496054248183,34
1321,0.75,4,144,1,1,1034,broad_xyz,22.359644512058757,False,-0.2337661186393965,0.2678050073732003,0.7629749377680954,-0.1838031177867766,-0.2997155631162637,0.560603609061854,0.16632918120576,0.0619765679050426,1.9855741241031457e-15,17.592496054248183,34
1322,0.775,4,144,1,1,1034,broad_xyz,22.359644512058757,False,-0.2365100585051861,0.3172054950853702,0.7032895500069504,-0.1280847535912309,-0.2686397227838251,0.4732423224132217,0.1648816609785537,0.0608575696279529,1.9855741241031457e-15,17.592496054248183,34
1323,0.8,4,144,1,1,1034,broad_xyz,22.359644512058757,False,-0.2418738827203894,0.3595593014363873,0.628064791811506,-0.0532889047865129,-0.2147717012321311,0.3738994678143921,0.1652400829383915,0.0596230390420866,1.9855741241031457e-15,17.592496054248183,34
1324,0.825,4,144,1,1,1034,broad_xyz,22.359644512058757,False,-0.2437300589702973,0.3941256316847493,0.5532824396417054,0.0234344847732443,-0.1497005168199955,0.28251270796989,0.1693903444942522,0.0588823262705508,1.9855741241031457e-15,17.592496054248183,34
1325,0.85,4,144,1,1,1034,broad_xyz,22.359644512058757,False,-0.2323658524224229,0.4234970640054936,0.4983584747173209,0.0875692251635746,-0.0860451248314995,0.220675445573202,0.1760588469856462,0.0593264726668382,1.9855741241031457e-15,17.592496054248183,34
1326,0.875,4,144,1,1,1034,broad_xyz,22.359644512058757,False,-0.2086307820901828,0.4484026145338197,0.4683984263244587,0.1357762148153099,-0.0294720118638822,0.1938649112544708,0.1855901284766888,0.0611625551669892,1.9855741241031457e-15,17.592496054248183,34
1327,0.9,4,144,1,1,1034,broad_xyz,22.359644512058757,False,-0.1800288642016567,0.4694308543940062,0.4474156118464838,0.1744474899603565,0.021586423334295,0.1832912603137094,0.1947445558035212,0.0638320783993835,1.9855741241031457e-15,17.592496054248183,34
1328,0.95,4,144,1,1,1034,broad_xyz,22.359644512058757,False,-0.1298771745071808,0.5036082920525993,0.3858622465942938,0.2388125719763631,0.0796060453985486,0.1359371968440322,0.2108005396192127,0.0686551185339452,1.9855741241031457e-15,17.592496054248183,34
1329,1.0,4,144,1,1,1034,broad_xyz,22.359644512058757,False,-0.1137266741755688,0.5150676161650148,0.3570433472175549,0.2831262549105698,0.0599821664654323,0.081527955880122,0.228054764652647,0.0716869040234051,1.9855741241031457e-15,17.592496054248183,34
1330,0.05,4,144,1,1,1035,broad_xyz,22.359644512058757,False,0.3498006130735803,0.5498347773306759,0.3597392393674503,-0.5852508182008829,-0.5893105194408769,0.5376910075338591,0.0003676499568705,0.000167951765025,1.9855741241031457e-15,17.592496054248183,35
1331,0.075,4,144,1,1,1035,broad_xyz,22.359644512058757,False,0.3715331617915572,0.5356842943661155,0.3347966549748219,-0.545625394579014,-0.5430086461143111,0.5206619696761979,0.0008704145605013,0.0003879554492801,1.9855741241031457e-15,17.592496054248183,35
1332,0.1,4,144,1,1,1035,broad_xyz,22.359644512058757,False,0.402090331623226,0.5212000530947816,0.3147894376794641,-0.5135021034104945,-0.5034882339943998,0.504591104943277,0.0016418793749928,0.0007132159202556,1.9855741241031457e-15,17.592496054248183,35
1333,0.125,4,144,1,1,1035,broad_xyz,22.359644512058757,False,0.4447087083833133,0.5052948169363884,0.2949475553336706,-0.4856549648435936,-0.4692193336694594,0.4863282357303017,0.0027207184093133,0.0011578062311662,1.9855741241031457e-15,17.592496054248183,35
1334,0.15,4,144,1,1,1035,broad_xyz,22.359644512058757,False,0.4987160927284877,0.4887037533078557,0.2769410165202229,-0.4644716281440114,-0.441504729232615,0.468434943803063,0.0041337960553816,0.0017392769536364,1.9855741241031457e-15,17.592496054248183,35
1335,0.1625,4,144,1,1,1035,broad_xyz,22.359644512058757,False,0.5286376067084796,0.4813701262906176,0.2704519940111822,-0.4581771456508712,-0.4315218311885632,0.4616719344324109,0.004967051702281,0.002088415792701,1.9855741241031457e-15,17.592496054248183,35
1336,0.175,4,144,1,1,1035,broad_xyz,22.359644512058757,False,0.5583632995513161,0.47411129830667,0.2642920085399368,-0.4534001818270553,-0.4229465513230921,0.4550132822990511,0.0058811451846241,0.0024785430055519,1.9855741241031457e-15,17.592496054248183,35
1337,0.1875,4,144,1,1,1035,broad_xyz,22.359644512058757,False,0.5853332875147115,0.468619309679515,0.2604828431309128,-0.4520001197444165,-0.4174682260715912,0.4505614220471623,0.0068944720702837,0.0029137528322185,1.9855741241031457e-15,17.592496054248183,35
1338,0.2,4,144,1,1,1035,broad_xyz,22.359644512058757,False,0.6041523449328664,0.4630070002351609,0.256588983406767,-0.4517348960266326,-0.4124352872953206,0.4459102536875101,0.0080277226987719,0.0033932745969742,1.9855741241031457e-15,17.592496054248183,35
1339,0.2125,4,144,1,1,1035,broad_xyz,22.359644512058757,False,0.6100042803046384,0.457326109497663,0.2526430321206128,-0.4526227883769028,-0.4083764112399975,0.4411497098396271,0.0092498979580567,0.0039180561534456,1.9855741241031457e-15,17.592496054248183,35
1340,0.225,4,144,1,1,1035,broad_xyz,22.359644512058757,False,0.5993956328919874,0.4521420586595076,0.2489779868116021,-0.4550275108598202,-0.4052400507858192,0.4366564242531993,0.0105533065124859,0.0044895745261734,1.9855741241031457e-15,17.592496054248183,35
1341,0.2375,4,144,1,1,1035,broad_xyz,22.359644512058757,False,0.5726957439616507,0.4485361071297694,0.2463423551486797,-0.4598534095067277,-0.4021698199644588,0.4333544047881242,0.0119276243633882,0.0051108118784403,1.9855741241031457e-15,17.592496054248183,35
1342,0.25,4,144,1,1,1035,broad_xyz,22.359644512058757,False,0.5355487822970785,0.4450185601476791,0.2437520257522819,-0.4657845594760542,-0.3974652715419137,0.4302214651401219,0.0133600248907543,0.0057779473125008,1.9855741241031457e-15,17.592496054248183,35
1343,0.27,4,144,1,1,1035,broad_xyz,22.359644512058757,False,0.469980240632994,0.4398454876190693,0.2399910133371379,-0.4777390256315534,-0.3807080487737862,0.4260540100106803,0.0157344435199801,0.0069366387711133,1.9855741241031457e-15,17.592496054248183,35
1344,0.29,4,144,1,1,1035,broad_xyz,22.359644512058757,False,0.4139735471114499,0.4355506754288497,0.2371633982635472,-0.4928764078333975,-0.3411214828116775,0.4236789838643158,0.0181482846820624,0.0081970846157957,1.9855741241031457e-15,17.592496054248183,35
1345,0.31,4,144,1,1,1035,broad_xyz,22.359644512058757,False,0.3766700868228377,0.4321455475137976,0.2363850336748708,-0.5114038443269936,-0.2617041670005406,0.4241883831558014,0.0206809453309651,0.0095421008167518,1.9855741241031457e-15,17.592496054248183,35
1346,0.33,4,144,1,1,1035,broad_xyz,22.359644512058757,False,0.3568649216965019,0.4307213795721495,0.2391384496255338,-0.5336743602418559,-0.1426942786593453,0.4289630629697258,0.0232744550434261,0.0109528033397673,1.9855741241031457e-15,17.592496054248183,35
1347,0.35,4,144,1,1,1035,broad_xyz,22.359644512058757,False,0.3486138114462647,0.4293585515820841,0.2444957364312975,-0.5570077905610864,-0.0183096845751229,0.4375471925323209,0.0256802251878658,0.0123855565526898,1.9855741241031457e-15,17.592496054248183,35
1348,0.37,4,144,1,1,1035,broad_xyz,22.359644512058757,False,0.3485205692374956,0.4273283027568025,0.2527952302439234,-0.5795048281454689,0.0755614215059068,0.4501172015831335,0.0294396155265073,0.0137992037517394,1.9855741241031457e-15,17.592496054248183,35
1349,0.39,4,144,1,1,1035,broad_xyz,22.359644512058757,False,0.3526122281715764,0.4251260153876704,0.266132686934541,-0.600573906724797,0.1312874083427985,0.4684234882722332,0.033560699293621,0.0151638307857612,1.9855741241031457e-15,17.592496054248183,35
1350,0.41,4,144,1,1,1035,broad_xyz,22.359644512058757,False,0.3599870189075111,0.4210417383117661,0.2839260627418881,-0.6170695228292717,0.1468021902790304,0.4903310858429291,0.0376221169163919,0.0164497014901391,1.9855741241031457e-15,17.592496054248183,35
1351,0.43,4,144,1,1,1035,broad_xyz,22.359644512058757,False,0.3683592738609569,0.4120413324481269,0.3049907115009125,-0.6267033835423076,0.1195693959119727,0.5113249435475086,0.0414873699708615,0.0176506549922874,1.9855741241031457e-15,17.592496054248183,35
1352,0.45,4,144,1,1,1035,broad_xyz,22.359644512058757,False,0.3725534235241901,0.3994847473129832,0.3480547444577351,-0.6390023833224103,0.0660138314208311,0.5408121681474236,0.045018546605789,0.0188971359416505,1.9855741241031457e-15,17.592496054248183,35
1353,0.5,4,144,1,1,1035,broad_xyz,22.359644512058757,False,0.3575868990721594,0.3570506729533568,0.5113859127150349,-0.6442955371378026,-0.0601715726973587,0.609260521289096,0.0537410084357662,0.0224953514025903,1.9855741241031457e-15,17.592496054248183,35
1354,0.55,4,144,1,1,1035,broad_xyz,22.359644512058757,False,0.3228417040814861,0.320674221606355,0.6702304773232949,-0.6074533013521223,-0.088621018898952,0.623350380055369,0.064831144155925,0.0274888753289032,1.9855741241031457e-15,17.592496054248183,35
1355,0.6,4,144,1,1,1035,broad_xyz,22.359644512058757,False,0.2090876359782514,0.3090815699909542,0.7735944464356079,-0.5092058552669669,-0.0594878155997958,0.6001238986681297,0.0915398782112122,0.0343692922374758,1.9855741241031457e-15,17.592496054248183,35
1356,0.6499999999999999,4,144,1,1,1035,broad_xyz,22.359644512058757,False,0.0732901429790808,0.3111599887361451,0.8100943394225115,-0.3525597801977406,-0.0726711283614014,0.5525313860298448,0.1331330781595605,0.0425545140539162,1.9855741241031457e-15,17.592496054248183,35
1357,0.7,4,144,1,1,1035,broad_xyz,22.359644512058757,False,0.0219613944058514,0.3222282391691619,0.8054484783455607,-0.1755292629321298,-0.1102647480775124,0.4857756909059091,0.1717269747457903,0.0509215873748759,1.9855741241031457e-15,17.592496054248183,35
1358,0.725,4,144,1,1,1035,broad_xyz,22.359644512058757,False,0.0262285180023946,0.3300655609309353,0.7957964625777215,-0.0881205914821959,-0.1081376011905518,0.449330100068556,0.1877852719418303,0.0547205878626557,1.9855741241031457e-15,17.592496054248183,35
1359,0.75,4,144,1,1,1035,broad_xyz,22.359644512058757,False,0.0415878077938106,0.338704312873421,0.7834927632560703,-0.0049728501776018,-0.0880162730845563,0.4133556486820302,0.208148761515263,0.0580182671530332,1.9855741241031457e-15,17.592496054248183,35
1360,0.775,4,144,1,1,1035,broad_xyz,22.359644512058757,False,0.0622174406903328,0.3477531945420334,0.76922739274157,0.0698065281349542,-0.0473403762885446,0.3795369245458918,0.2261784765925779,0.0606499826016507,1.9855741241031457e-15,17.592496054248183,35
1361,0.8,4,144,1,1,1035,broad_xyz,22.359644512058757,False,0.0859296739939556,0.3570911862312468,0.7533625003920646,0.1324672256109218,0.0124640193122637,0.3493227228542249,0.2409343746642507,0.0624867083103505,1.9855741241031457e-15,17.592496054248183,35
1362,0.825,4,144,1,1,1035,broad_xyz,22.359644512058757,False,0.1101005443216863,0.3671139498432321,0.7365393716419664,0.1817305273630544,0.0823766962222843,0.3237101854159926,0.2518800425162692,0.0634914688288283,1.9855741241031457e-15,17.592496054248183,35
1363,0.85,4,144,1,1,1035,broad_xyz,22.359644512058757,False,0.1322446306956067,0.3782249256177384,0.7193800913957739,0.2197722378260625,0.1510271493789425,0.3030614694437349,0.2587534378584465,0.0637187099934567,1.9855741241031457e-15,17.592496054248183,35
1364,0.875,4,144,1,1,1035,broad_xyz,22.359644512058757,False,0.1538398635644318,0.3907305592628534,0.7025050203585432,0.2504008144361295,0.2050177502661648,0.2871043465889518,0.2616035469792607,0.0633369979092374,1.9855741241031457e-15,17.592496054248183,35
1365,0.9,4,144,1,1,1035,broad_xyz,22.359644512058757,False,0.1805815238046288,0.4043538472746023,0.6863514138934016,0.2766208494195183,0.2407935959936094,0.2749319378830316,0.2607867912652474,0.0626207367095296,1.9855741241031457e-15,17.592496054248183,35
1366,0.95,4,144,1,1,1035,broad_xyz,22.359644512058757,False,0.2526519738893616,0.4247626968073102,0.6534999607813358,0.308617042747791,0.2182565848234978,0.2617395791648886,0.250790107162527,0.0617885965696027,1.9855741241031457e-15,17.592496054248183,35
1367,1.0,4,144,1,1,1035,broad_xyz,22.359644512058757,False,0.3463967947990158,0.4324495593211905,0.6248021649148223,0.2972368056960665,0.1307778217559993,0.2708334701681191,0.2350686983356211,0.063299274687993,1.9855741241031457e-15,17.592496054248183,35
1368,0.05,4,144,1,1,1036,broad_xyz,22.359644512058757,False,0.8067617837277218,0.3875357196794712,0.6609453125007249,0.4360536819330928,0.2837929621685864,0.6969749856765172,0.0004232771028294,0.000137464940905,1.9855741241031457e-15,17.592496054248183,36
1369,0.075,4,144,1,1,1036,broad_xyz,22.359644512058757,False,0.7846241613289143,0.4131026130138148,0.6974682821897805,0.3733994013055273,0.2486925103831201,0.7287752349954608,0.0009235173969756,0.0003361672736075,1.9855741241031457e-15,17.592496054248183,36
1370,0.1,4,144,1,1,1036,broad_xyz,22.359644512058757,False,0.7533628268192797,0.4286083100645476,0.7452824855996737,0.303848824002373,0.2259226060199269,0.7774579809567674,0.0016281484582247,0.0006553143979818,1.9855741241031457e-15,17.592496054248183,36
1371,0.125,4,144,1,1,1036,broad_xyz,22.359644512058757,False,0.7076531284831028,0.4292238248183721,0.7874448593869373,0.2271764197120328,0.2128927011254621,0.8225342858836884,0.0026487489226946,0.001122272136441,1.9855741241031457e-15,17.592496054248183,36
1372,0.15,4,144,1,1,1036,broad_xyz,22.359644512058757,False,0.6387083117897723,0.4157913079214421,0.817636835959453,0.1458782386078181,0.203194396674466,0.8546660445024946,0.0040801247763912,0.0017624055669018,1.9855741241031457e-15,17.592496054248183,36
1373,0.1625,4,144,1,1,1036,broad_xyz,22.359644512058757,False,0.5911970144088935,0.4049932225713759,0.8280646615091853,0.1044405753504564,0.1974633105418742,0.8651372490398366,0.004969225494737,0.0021540995671286,1.9855741241031457e-15,17.592496054248183,36
1374,0.175,4,144,1,1,1036,broad_xyz,22.359644512058757,False,0.5335845634701301,0.3922162177826285,0.8355830286186703,0.0629735526568655,0.1898462182235565,0.8719220361293868,0.0060196873104376,0.0025961012770632,1.9855741241031457e-15,17.592496054248183,36
1375,0.1875,4,144,1,1,1036,broad_xyz,22.359644512058757,False,0.4676522120055736,0.3780129477838219,0.8404548183276573,0.0218328244642779,0.1788624868239123,0.8752285723351072,0.007347279211948,0.0030894847019369,1.9855741241031457e-15,17.592496054248183,36
1376,0.2,4,144,1,1,1036,broad_xyz,22.359644512058757,False,0.3983868785414181,0.3629001477838784,0.8429816395922255,-0.0186325228971699,0.1629011540462386,0.8753365269642809,0.0091887612450253,0.0036345160552055,1.9855741241031457e-15,17.592496054248183,36
1377,0.2125,4,144,1,1,1036,broad_xyz,22.359644512058757,False,0.3319282651698397,0.3473451664081065,0.8434701684775586,-0.0580705944732985,0.1407773485682092,0.8725512370485263,0.0113588273139968,0.0042305591636711,1.9855741241031457e-15,17.592496054248183,36
1378,0.225,4,144,1,1,1036,broad_xyz,22.359644512058757,False,0.273657561514771,0.3317490956139683,0.8422093477952172,-0.0961058396819426,0.1114739269439894,0.8671712108213833,0.0138873795434809,0.0048760762983542,1.9855741241031457e-15,17.592496054248183,36
1379,0.2375,4,144,1,1,1036,broad_xyz,22.359644512058757,False,0.2339086720560961,0.3164771944024045,0.8394422878646456,-0.1323730163308905,0.0747903799883507,0.8594666265183545,0.0168013796707467,0.0055684461492376,1.9855741241031457e-15,17.592496054248183,36
1380,0.25,4,144,1,1,1036,broad_xyz,22.359644512058757,False,0.2031266070228285,0.3018466486290506,0.8353515276653954,-0.1665189153615635,0.0318381103486349,0.8496656522124418,0.0201235326400371,0.0063039504071998,1.9855741241031457e-15,17.592496054248183,36
1381,0.27,4,144,1,1,1036,broad_xyz,22.359644512058757,False,0.1719484941359855,0.2804234905756233,0.8262844070219201,-0.2159309702283719,-0.03684743832177,0.830026760829836,0.026327859664636,0.0075582801229637,1.9855741241031457e-15,17.592496054248183,36
1382,0.29,4,144,1,1,1036,broad_xyz,22.359644512058757,False,0.1461311168999295,0.2621557509782221,0.813931690406444,-0.2580624549048312,-0.0917610943436933,0.8056977185682853,0.0336479832387645,0.0088856800592273,1.9855741241031457e-15,17.592496054248183,36
1383,0.31,4,144,1,1,1036,broad_xyz,22.359644512058757,False,0.1255166970596661,0.2474713374428703,0.7971819460098721,-0.2924054339134362,-0.1307793961826463,0.7761107178291516,0.0420522954864675,0.0102543876696327,1.9855741241031457e-15,17.592496054248183,36
1384,0.33,4,144,1,1,1036,broad_xyz,22.359644512058757,False,0.1082909061052926,0.2362044179158537,0.77368957758634,-0.3187447630192525,-0.1446276810345895,0.7395109845939811,0.0514354115379268,0.0116250884333361,1.9855741241031457e-15,17.592496054248183,36
1385,0.35,4,144,1,1,1036,broad_xyz,22.359644512058757,False,0.0928861824151037,0.2274827136318012,0.7400509711844291,-0.3367252907327847,-0.1460514446059836,0.6930175074620225,0.0616101884616133,0.012950283770591,1.9855741241031457e-15,17.592496054248183,36
1386,0.37,4,144,1,1,1036,broad_xyz,22.359644512058757,False,0.0786162232543792,0.2199184620099728,0.6927676111945616,-0.3458076284084414,-0.1422759142809322,0.6337528083965871,0.0723067214426126,0.0141764770606496,1.9855741241031457e-15,17.592496054248183,36
1387,0.39,4,144,1,1,1036,broad_xyz,22.359644512058757,False,0.0642465539081065,0.2121077444348096,0.6296774544417165,-0.3459532375779058,-0.1485076005751897,0.5610494838259259,0.0831803083105925,0.0152519706368462,1.9855741241031457e-15,17.592496054248183,36
1388,0.41,4,144,1,1,1036,broad_xyz,22.359644512058757,False,0.0468939497580219,0.2032296115428778,0.558725233450821,-0.3383722430082954,-0.1731700726570602,0.4850453337246992,0.0938292455163374,0.0161775851156348,1.9855741241031457e-15,17.592496054248183,36
1389,0.43,4,144,1,1,1036,broad_xyz,22.359644512058757,False,0.0256446085232228,0.1942628086835781,0.4941517578753043,-0.3254856125592622,-0.205617396388366,0.4246525027097544,0.1038216068179125,0.017016644275328,1.9855741241031457e-15,17.592496054248183,36
1390,0.45,4,144,1,1,1036,broad_xyz,22.359644512058757,False,-0.0005325999489706,0.1843243390727048,0.4381986971744842,-0.3081330442406412,-0.2317706190612838,0.3881021819879034,0.1127282268055888,0.0177978321647091,1.9855741241031457e-15,17.592496054248183,36
1391,0.5,4,144,1,1,1036,broad_xyz,22.359644512058757,False,-0.0473740955946576,0.1729524354958138,0.3132175534547563,-0.2637934594828727,-0.2485419585245694,0.423932483994747,0.1278517901248388,0.0196122179683223,1.9855741241031457e-15,17.592496054248183,36
1392,0.55,4,144,1,1,1036,broad_xyz,22.359644512058757,False,0.0145832738345917,0.1880077274159506,0.1932534593238019,-0.2189527794864212,-0.1852717356820504,0.5229766812763006,0.1301317160259135,0.0215111873010056,1.9855741241031457e-15,17.592496054248183,36
1393,0.6,4,144,1,1,1036,broad_xyz,22.359644512058757,False,0.2639219823695052,0.2238379868562993,0.1054752055489797,-0.1403431360189194,-0.0582011048867025,0.4973385406218915,0.1197210116219374,0.0240824116005391,1.9855741241031457e-15,17.592496054248183,36
1394,0.6499999999999999,4,144,1,1,1036,broad_xyz,22.359644512058757,False,0.3531685891412865,0.2766910448252574,0.0697590376109304,0.0273727858129347,0.0263443183132688,0.3309428037846743,0.1000555324789624,0.0277682608912433,1.9855741241031457e-15,17.592496054248183,36
1395,0.7,4,144,1,1,1036,broad_xyz,22.359644512058757,False,0.2913790968231456,0.3312622629153144,0.2369598115076486,0.2998584953381876,0.0535863762984968,0.2410970199459071,0.1234060041540219,0.0345509487618992,1.9855741241031457e-15,17.592496054248183,36
1396,0.725,4,144,1,1,1036,broad_xyz,22.359644512058757,False,0.2488266449270763,0.3388611192964227,0.3804651531864781,0.3785860732225005,0.0453309357272671,0.2560617505106733,0.1356241261128509,0.0391628697863625,1.9855741241031457e-15,17.592496054248183,36
1397,0.75,4,144,1,1,1036,broad_xyz,22.359644512058757,False,0.210414363125416,0.3295833145673965,0.48779663078196,0.3893146578734183,0.0092313146434414,0.281164136324121,0.147249546651779,0.0438552576494333,1.9855741241031457e-15,17.592496054248183,36
1398,0.775,4,144,1,1,1036,broad_xyz,22.359644512058757,False,0.1816708541778502,0.3156562386738279,0.5486770278690325,0.3713599510342825,-0.0016424148981304,0.3012202535147614,0.1579508317018442,0.0481690499425134,1.9855741241031457e-15,17.592496054248183,36
1399,0.8,4,144,1,1,1036,broad_xyz,22.359644512058757,False,0.1639259715751066,0.3087862107706985,0.5731897738628815,0.3576885648459709,0.0367300071829693,0.3079378740825291,0.1673807785835416,0.0517840181024979,1.9855741241031457e-15,17.592496054248183,36
1400,0.825,4,144,1,1,1036,broad_xyz,22.359644512058757,False,0.1550322183569001,0.3125537609829944,0.5707559510994502,0.3605815022871134,0.1051212688597132,0.2976042238979938,0.1815942159543071,0.0544924323583435,1.9855741241031457e-15,17.592496054248183,36
1401,0.85,4,144,1,1,1036,broad_xyz,22.359644512058757,False,0.1580629850571355,0.3259087561601304,0.5526820245757325,0.3745574366336303,0.1715041850070478,0.2789529827687871,0.194446856516687,0.0563702054393543,1.9855741241031457e-15,17.592496054248183,36
1402,0.875,4,144,1,1,1036,broad_xyz,22.359644512058757,False,0.1819672398111911,0.3480195850429818,0.5354647590677477,0.3887106981406311,0.2172707231587009,0.2689941198771949,0.200049951308289,0.0578878362015916,1.9855741241031457e-15,17.592496054248183,36
1403,0.9,4,144,1,1,1036,broad_xyz,22.359644512058757,False,0.2252273198434005,0.3725057465712655,0.532845652445133,0.3975930361741997,0.2385415068992926,0.281567657770801,0.205052969662418,0.0594391271359667,1.9855741241031457e-15,17.592496054248183,36
1404,0.95,4,144,1,1,1036,broad_xyz,22.359644512058757,False,0.3029589390631815,0.3881614679805518,0.5962869137434101,0.3964783435818189,0.2089547611113521,0.3864089087670145,0.2139567439081445,0.064429618407736,1.9855741241031457e-15,17.592496054248183,36
1405,1.0,4,144,1,1,1036,broad_xyz,22.359644512058757,False,0.1916442173902547,0.3448969480833124,0.6905622877141333,0.3912362831795151,0.131904763358594,0.5003818260184469,0.2568610039673393,0.0738511209404656,1.9855741241031457e-15,17.592496054248183,36
1406,0.05,4,144,1,1,1037,broad_xyz,22.359644512058757,False,0.3792421227813374,0.3507301192025284,0.484740512440403,0.09701143332639,0.0477274218044685,0.5611832062485247,0.0003740004039993,7.51977734370781e-05,1.9855741241031457e-15,17.592496054248183,37
1407,0.075,4,144,1,1,1037,broad_xyz,22.359644512058757,False,0.3954218237245737,0.3696618311922433,0.4891998630206315,0.1499288041024089,0.0987410961650704,0.5644033335732116,0.0008248699898463,0.0001777498360491,1.9855741241031457e-15,17.592496054248183,37
1408,0.1,4,144,1,1,1037,broad_xyz,22.359644512058757,False,0.4009530661150972,0.3786586465086464,0.5204847268725568,0.2234674552359686,0.1724617571220389,0.5704744463371443,0.0014293629900716,0.0003396524252676,1.9855741241031457e-15,17.592496054248183,37
1409,0.125,4,144,1,1,1037,broad_xyz,22.359644512058757,False,0.3777887499969259,0.3621366598920813,0.5716881105358963,0.2911968781269358,0.231692224471823,0.5749824163804977,0.0021606583889209,0.0005736884265043,1.9855741241031457e-15,17.592496054248183,37
1410,0.15,4,144,1,1,1037,broad_xyz,22.359644512058757,False,0.3192756179949236,0.312811206102522,0.6273577378117251,0.3297370226580168,0.2378631200216934,0.5718034433199525,0.0029839388820851,0.0008900619736601,1.9855741241031457e-15,17.592496054248183,37
1411,0.1625,4,144,1,1,1037,broad_xyz,22.359644512058757,False,0.2801037162894128,0.2769565533509009,0.6528691905008474,0.3345244337136605,0.213487839736474,0.5674974835149701,0.0035264082206862,0.0010818751153706,1.9855741241031457e-15,17.592496054248183,37
1412,0.175,4,144,1,1,1037,broad_xyz,22.359644512058757,False,0.2386911774177296,0.2360521776922013,0.6753391962176647,0.3297900853410221,0.171368852151788,0.562251481575952,0.0045142268299774,0.0012971876683904,1.9855741241031457e-15,17.592496054248183,37
1413,0.1875,4,144,1,1,1037,broad_xyz,22.359644512058757,False,0.1992680124583449,0.1924674457486185,0.6944394515954976,0.3168772588284683,0.1152951856151777,0.5569985454523191,0.0057032713679297,0.0015366037155088,1.9855741241031457e-15,17.592496054248183,37
1414,0.2,4,144,1,1,1037,broad_xyz,22.359644512058757,False,0.1658643284522649,0.148463232002098,0.7103941755776029,0.2976562810683666,0.0506776410988078,0.5525446873274762,0.0071173851584089,0.0018007115159604,1.9855741241031457e-15,17.592496054248183,37
1415,0.2125,4,144,1,1,1037,broad_xyz,22.359644512058757,False,0.1416884127422684,0.1056910960045205,0.723688708598355,0.2741962121255007,-0.0165441772051304,0.5493364741130742,0.0087797242542486,0.002089802544817,1.9855741241031457e-15,17.592496054248183,37
1416,0.225,4,144,1,1,1037,broad_xyz,22.359644512058757,False,0.1277753306713873,0.0655918353633931,0.7350384269462923,0.248342906498796,-0.0814006680212813,0.5473981051466417,0.0107119582384064,0.0024047480913231,1.9855741241031457e-15,17.592496054248183,37
1417,0.2375,4,144,1,1,1037,broad_xyz,22.359644512058757,False,0.1251138719098114,0.0285737298170067,0.744696361938651,0.2216677411028312,-0.1398486557982417,0.5460746563601443,0.0129333829404165,0.0027463746284044,1.9855741241031457e-15,17.592496054248183,37
1418,0.25,4,144,1,1,1037,broad_xyz,22.359644512058757,False,0.1369798430459893,-0.0041337038564102,0.7531750685406804,0.1965301012417094,-0.1883978105811498,0.5442281432223287,0.0154599618708048,0.0031199386702614,1.9855741241031457e-15,17.592496054248183,37
1419,0.27,4,144,1,1,1037,broad_xyz,22.359644512058757,False,0.1777916340964137,-0.0506274234543263,0.7666721901915858,0.1587357986252148,-0.2471691372128523,0.5390932059232111,0.0201642498079901,0.0037906619726151,1.9855741241031457e-15,17.592496054248183,37
1420,0.29,4,144,1,1,1037,broad_xyz,22.359644512058757,False,0.2284784417556821,-0.0888271035609237,0.7803904835230777,0.1263566258973943,-0.2843844232526867,0.5264443082083012,0.0256952045931076,0.0045667117631762,1.9855741241031457e-15,17.592496054248183,37
1421,0.31,4,144,1,1,1037,broad_xyz,22.359644512058757,False,0.2702161004085371,-0.1213966643443418,0.7938205607762774,0.0945330302860117,-0.3090931536159564,0.5049300665444365,0.0320251510324903,0.0054613365540548,1.9855741241031457e-15,17.592496054248183,37
1422,0.33,4,144,1,1,1037,broad_xyz,22.359644512058757,False,0.2999630405116545,-0.1464844612082287,0.8071925677093198,0.0646730346546205,-0.31827707765999,0.4739261672550874,0.0390729679669048,0.0065096106133698,1.9855741241031457e-15,17.592496054248183,37
1423,0.35,4,144,1,1,1037,broad_xyz,22.359644512058757,False,0.3206993409390285,-0.1628698643072311,0.8210853343665887,0.036623541703723,-0.3010422257489185,0.4375328725515158,0.0466991843454806,0.0077553566302096,1.9855741241031457e-15,17.592496054248183,37
1424,0.37,4,144,1,1,1037,broad_xyz,22.359644512058757,False,0.3297408578323883,-0.1701493666229195,0.8355712737279967,0.0098817867914285,-0.2541410189279706,0.4015056419298519,0.0547059862068116,0.0092529210155446,1.9855741241031457e-15,17.592496054248183,37
1425,0.39,4,144,1,1,1037,broad_xyz,22.359644512058757,False,0.3288921798774173,-0.167443762572792,0.8494172118571057,-0.0144661517850794,-0.167435894273759,0.3691630769647259,0.062843311459948,0.0110394326394322,1.9855741241031457e-15,17.592496054248183,37
1426,0.41,4,144,1,1,1037,broad_xyz,22.359644512058757,False,0.3192404214753893,-0.1516474912534609,0.8642431057698605,-0.0319060560402148,-0.0611000997349742,0.3407863107613288,0.0708214518368189,0.0132048510468404,1.9855741241031457e-15,17.592496054248183,37
1427,0.43,4,144,1,1,1037,broad_xyz,22.359644512058757,False,0.3076318579083202,-0.1236053993147362,0.8767081371527802,-0.044361692097326,0.0181675747973882,0.3195057123847221,0.0783295034400831,0.0157684009200457,1.9855741241031457e-15,17.592496054248183,37
1428,0.45,4,144,1,1,1037,broad_xyz,22.359644512058757,False,0.2961981833288388,-0.0828018117952869,0.885309578764899,-0.0521134661329666,0.0685883058897302,0.3042628794081088,0.0850578358307671,0.0187973171382384,1.9855741241031457e-15,17.592496054248183,37
1429,0.5,4,144,1,1,1037,broad_xyz,22.359644512058757,False,0.2644346976113841,0.0510689108173468,0.8756564942131408,-0.0719703272515958,0.1395144981415044,0.2620512170897801,0.0967191152989017,0.0282810837156174,1.9855741241031457e-15,17.592496054248183,37
1430,0.55,4,144,1,1,1037,broad_xyz,22.359644512058757,False,0.2257484286134941,0.1847978581681049,0.8370235367601881,-0.1289604007775069,0.1395978486355114,0.2251452948043064,0.1188627123474944,0.0393660489709367,1.9855741241031457e-15,17.592496054248183,37
1431,0.6,4,144,1,1,1037,broad_xyz,22.359644512058757,False,0.1796223274795633,0.3001198337065905,0.8038990294851763,-0.2327302860698936,-0.0065868475496175,0.2221857790460906,0.1464389258492931,0.0502515517831427,1.9855741241031457e-15,17.592496054248183,37
1432,0.6499999999999999,4,144,1,1,1037,broad_xyz,22.359644512058757,False,0.1550003259748594,0.4067751713124491,0.7867623777641493,-0.3410864308559744,-0.2564193053790889,0.2561871866648178,0.1591518163210823,0.0592097546747552,1.9855741241031457e-15,17.592496054248183,37
1433,0.7,4,144,1,1,1037,broad_xyz,22.359644512058757,False,0.2568513992830339,0.5150269165419615,0.7710490123390048,-0.3743820291185759,-0.4179766107976936,0.3027781210364988,0.1541147207735405,0.0649130357582463,1.9855741241031457e-15,17.592496054248183,37
1434,0.725,4,144,1,1,1037,broad_xyz,22.359644512058757,False,0.363535089086221,0.5672798668024366,0.7518382085029208,-0.3440014009177459,-0.4390611364601992,0.3064782633270332,0.148158260256199,0.0664297141061994,1.9855741241031457e-15,17.592496054248183,37
1435,0.75,4,144,1,1,1037,broad_xyz,22.359644512058757,False,0.4544024363699415,0.6113393456531542,0.7170833859630582,-0.282359118142681,-0.4123219166431704,0.2748207099450813,0.1451932191898345,0.0672728574370618,1.9855741241031457e-15,17.592496054248183,37
1436,0.775,4,144,1,1,1037,broad_xyz,22.359644512058757,False,0.494716463648077,0.6376346216948418,0.6618796204612335,-0.1986286491405072,-0.3416976927685244,0.2027504493896078,0.1587610170936514,0.0676683922318958,1.9855741241031457e-15,17.592496054248183,37
1437,0.8,4,144,1,1,1037,broad_xyz,22.359644512058757,False,0.4465589199068037,0.6420177003128196,0.5845769165385741,-0.1024399517555692,-0.2431109048897456,0.1050224323999729,0.1747106442935169,0.0675861091542864,1.9855741241031457e-15,17.592496054248183,37
1438,0.825,4,144,1,1,1037,broad_xyz,22.359644512058757,False,0.3380291858078717,0.6301542541161658,0.4990545380149807,-0.0078071744232565,-0.1303911042144873,0.0065436333160761,0.1879991937857438,0.0671700987437188,1.9855741241031457e-15,17.592496054248183,37
1439,0.85,4,144,1,1,1037,broad_xyz,22.359644512058757,False,0.2189190011051866,0.6138906004766536,0.4274196000343274,0.0724478903663789,-0.0129911614190459,-0.0705713275937729,0.1983146368502191,0.0669198500263755,1.9855741241031457e-15,17.592496054248183,37
1440,0.875,4,144,1,1,1037,broad_xyz,22.359644512058757,False,0.1167808912861972,0.6023317311556724,0.3922704511116162,0.1289820462360596,0.0924365515300554,-0.1095340156098224,0.2078929547520763,0.0676878015114852,1.9855741241031457e-15,17.592496054248183,37
1441,0.9,4,144,1,1,1037,broad_xyz,22.359644512058757,False,0.0376601894309589,0.5972624880795537,0.3969435748157689,0.1614758790232308,0.1657944197533137,-0.1109970594850819,0.2179111065478877,0.0699644926903301,1.9855741241031457e-15,17.592496054248183,37
1442,0.95,4,144,1,1,1037,broad_xyz,22.359644512058757,False,-0.057832642842939,0.605791043738661,0.4407905755537036,0.1876859780398212,0.1929467737482438,-0.0845122304331224,0.2392928670057363,0.0774941816060656,1.9855741241031457e-15,17.592496054248183,37
1443,1.0,4,144,1,1,1037,broad_xyz,22.359644512058757,False,-0.07424236921196,0.6138495681146,0.4742639705176252,0.1957825676161535,0.1155691016999311,-0.0601550778279478,0.2498459319916454,0.0859023615020624,1.9855741241031457e-15,17.592496054248183,37
1444,0.05,4,144,1,1,1038,broad_xyz,22.359644512058757,False,0.3417511815589282,0.4098353456927912,0.7300251425569453,0.266129467086741,0.21331095276507,0.671792789124467,0.0007783189835147,0.0002985929331833,1.9855741241031457e-15,17.592496054248183,38
1445,0.075,4,144,1,1,1038,broad_xyz,22.359644512058757,False,0.3269734785334818,0.3971705180421883,0.7135532964119926,0.2744371574003027,0.2302575438477509,0.6540784096376081,0.0017765135284185,0.0006836543578504,1.9855741241031457e-15,17.592496054248183,38
1446,0.1,4,144,1,1,1038,broad_xyz,22.359644512058757,False,0.3019238732655055,0.3817286127451377,0.6963493842086094,0.2810444463885219,0.2529918009613101,0.6364461782661153,0.0032315690934995,0.0012489658384967,1.9855741241031457e-15,17.592496054248183,38
1447,0.125,4,144,1,1,1038,broad_xyz,22.359644512058757,False,0.2637057364913105,0.3636489880656439,0.6787939067040333,0.2835520253091794,0.2790725911347887,0.6183369221362393,0.0052204449745834,0.0020242906364696,1.9855741241031457e-15,17.592496054248183,38
1448,0.15,4,144,1,1,1038,broad_xyz,22.359644512058757,False,0.2130420015231849,0.3435667750923433,0.6612800273555285,0.2794703028916908,0.3047875550201805,0.5996800106290654,0.007867756733152,0.0030513229402765,1.9855741241031457e-15,17.592496054248183,38
1449,0.1625,4,144,1,1,1038,broad_xyz,22.359644512058757,False,0.1787207096564133,0.3332648623385542,0.6528098418373864,0.2742480595810267,0.3149945202482133,0.5903034879950385,0.0095281220788446,0.0036748214628133,1.9855741241031457e-15,17.592496054248183,38
1450,0.175,4,144,1,1,1038,broad_xyz,22.359644512058757,False,0.1364747877962018,0.3225490021971792,0.6445600271988947,0.2665112810817299,0.3221553683990108,0.580881547532,0.0114270893152955,0.0043798954333073,1.9855741241031457e-15,17.592496054248183,38
1451,0.1875,4,144,1,1,1038,broad_xyz,22.359644512058757,False,0.0869108164730627,0.3118900159219936,0.6365628116549857,0.2563025903833617,0.3256148100680869,0.5713758720476445,0.0135902686655571,0.0051742649957356,1.9855741241031457e-15,17.592496054248183,38
1452,0.2,4,144,1,1,1038,broad_xyz,22.359644512058757,False,0.0325274495896483,0.3013948116442946,0.6288775569128098,0.2435061273944545,0.3246451914744401,0.5618099595959443,0.0160632037630567,0.0060641719815788,1.9855741241031457e-15,17.592496054248183,38
1453,0.2125,4,144,1,1,1038,broad_xyz,22.359644512058757,False,-0.0216329506598289,0.2910816425876156,0.6214445484420033,0.228149097896514,0.3189830453106443,0.5521103809243002,0.0188591484724466,0.0070555202003139,1.9855741241031457e-15,17.592496054248183,38
1454,0.225,4,144,1,1,1038,broad_xyz,22.359644512058757,False,-0.0703152810686345,0.2808893539958043,0.6142888539947499,0.210219799452998,0.3087639246848035,0.5422664421507066,0.0220014410087751,0.0081526829932384,1.9855741241031457e-15,17.592496054248183,38
1455,0.2375,4,144,1,1,1038,broad_xyz,22.359644512058757,False,-0.1093821849743687,0.2713538526013453,0.6076336374033438,0.190014738375294,0.2948369698741209,0.53236969798642,0.0255092258674968,0.009361846444671,1.9855741241031457e-15,17.592496054248183,38
1456,0.25,4,144,1,1,1038,broad_xyz,22.359644512058757,False,-0.1377981912378952,0.2626726863077357,0.6016754779336828,0.1678617829430867,0.2786072071876446,0.522469302365387,0.0293957865084685,0.0106877841952922,1.9855741241031457e-15,17.592496054248183,38
1457,0.27,4,144,1,1,1038,broad_xyz,22.359644512058757,False,-0.1633423188072699,0.2497818796059993,0.5931209936322447,0.129166704881349,0.2513538740565702,0.5061024447915816,0.0364134979873629,0.0130456545619565,1.9855741241031457e-15,17.592496054248183,38
1458,0.29,4,144,1,1,1038,broad_xyz,22.359644512058757,False,-0.165261299878332,0.2393431269544546,0.5861229594489987,0.0895104244704605,0.2303225599768278,0.4886864766601,0.0443887524925491,0.0156959744128456,1.9855741241031457e-15,17.592496054248183,38
1459,0.31,4,144,1,1,1038,broad_xyz,22.359644512058757,False,-0.1527157455440233,0.2305229728948852,0.5804854811827616,0.0506779070649197,0.2206224942173477,0.469929388582897,0.0532322546831759,0.0186098175961402,1.9855741241031457e-15,17.592496054248183,38
1460,0.33,4,144,1,1,1038,broad_xyz,22.359644512058757,False,-0.1350201771291575,0.2228197350725145,0.5769772118777163,0.0140223247111345,0.2239204670397786,0.4501785257589195,0.0627897410593945,0.0217665476744514,1.9855741241031457e-15,17.592496054248183,38
1461,0.35,4,144,1,1,1038,broad_xyz,22.359644512058757,False,-0.1123530232026443,0.2186142598088068,0.5756811055787567,-0.0144953800314566,0.2398623991016713,0.4283901352598895,0.0731108719828999,0.0251394486147788,1.9855741241031457e-15,17.592496054248183,38
1462,0.37,4,144,1,1,1038,broad_xyz,22.359644512058757,False,-0.0909774464888003,0.2158380196799315,0.5762580078614498,-0.0352681541595597,0.2606621214475561,0.4044276041860394,0.0840326988757931,0.0286773975881104,1.9855741241031457e-15,17.592496054248183,38
1463,0.39,4,144,1,1,1038,broad_xyz,22.359644512058757,False,-0.0743172944696719,0.2146068216916444,0.58458609531407,-0.0500806518366702,0.2775584356638966,0.3829491393335358,0.0951104349187276,0.0324842254341556,1.9855741241031457e-15,17.592496054248183,38
1464,0.41,4,144,1,1,1038,broad_xyz,22.359644512058757,False,-0.0604181407370405,0.2168611570949416,0.601126108315756,-0.0499538466027716,0.2824928827829409,0.3614955454275891,0.1060426552049574,0.0365911165254165,1.9855741241031457e-15,17.592496054248183,38
1465,0.43,4,144,1,1,1038,broad_xyz,22.359644512058757,False,-0.0483145121378483,0.2230087448030655,0.6211831770550582,-0.0343431224376974,0.2742050134159794,0.3377731943272611,0.1165262963901428,0.0409010310943326,1.9855741241031457e-15,17.592496054248183,38
1466,0.45,4,144,1,1,1038,broad_xyz,22.359644512058757,False,-0.0372596398296621,0.2342663550796082,0.6451796241982746,-0.0032047953210043,0.2583397207512711,0.3126558745516928,0.1263142770731678,0.0454138334681306,1.9855741241031457e-15,17.592496054248183,38
1467,0.5,4,144,1,1,1038,broad_xyz,22.359644512058757,False,-0.0082992899849819,0.279409059830199,0.7187409239683428,0.111403919489837,0.2360306918921978,0.2604990348630154,0.1473815908527032,0.0571906024523592,1.9855741241031457e-15,17.592496054248183,38
1468,0.55,4,144,1,1,1038,broad_xyz,22.359644512058757,False,0.0472717046126161,0.3421590011356176,0.8081367835873458,0.2278548481897102,0.2680993225147259,0.2613666937173833,0.162836518439593,0.0690328279407436,1.9855741241031457e-15,17.592496054248183,38
1469,0.6,4,144,1,1,1038,broad_xyz,22.359644512058757,False,0.1640876302670808,0.4054804969553537,0.8874910092458044,0.3361437485784007,0.2969653948869653,0.311860624761405,0.1752205653416892,0.0799122379788808,1.9855741241031457e-15,17.592496054248183,38
1470,0.6499999999999999,4,144,1,1,1038,broad_xyz,22.359644512058757,False,0.2229235533257113,0.4511658502061604,0.9210620405631053,0.4933219473447127,0.3464307222466875,0.306132721482286,0.1919164251590837,0.0889061752167561,1.9855741241031457e-15,17.592496054248183,38
1471,0.7,4,144,1,1,1038,broad_xyz,22.359644512058757,False,0.0789348400091293,0.4763984509570955,0.9028515205018164,0.6974067271084136,0.4781115199598688,0.1869158369503164,0.2267775445897115,0.0954468048980427,1.9855741241031457e-15,17.592496054248183,38
1472,0.725,4,144,1,1,1038,broad_xyz,22.359644512058757,False,-0.0047374281373688,0.4831893686209643,0.8813210714731116,0.7799162727847344,0.5665377344371719,0.1098439437954788,0.2397612753895703,0.0976883592349306,1.9855741241031457e-15,17.592496054248183,38
1473,0.75,4,144,1,1,1038,broad_xyz,22.359644512058757,False,-0.0761548582599214,0.4877543844521929,0.8565255353542951,0.8352136944569911,0.6477786244328894,0.0381284880531844,0.2491219560442693,0.0992557747795196,1.9855741241031457e-15,17.592496054248183,38
1474,0.775,4,144,1,1,1038,broad_xyz,22.359644512058757,False,-0.1317475439934431,0.4921633265366149,0.8315207518581633,0.8655372804353735,0.7031074812048063,-0.0207518836412772,0.255119140789738,0.1002814142857033,1.9855741241031457e-15,17.592496054248183,38
1475,0.8,4,144,1,1,1038,broad_xyz,22.359644512058757,False,-0.164264026497188,0.499661074253782,0.8087425400157814,0.877270015680019,0.7443220831113223,-0.063031103376151,0.2582776992919058,0.1010630903531901,1.9855741241031457e-15,17.592496054248183,38
1476,0.825,4,144,1,1,1038,broad_xyz,22.359644512058757,False,-0.1714479670074868,0.5135077440831263,0.789458852082945,0.8763610428534641,0.771071564895705,-0.087922046620969,0.2614242068766406,0.1019915476347685,1.9855741241031457e-15,17.592496054248183,38
1477,0.85,4,144,1,1,1038,broad_xyz,22.359644512058757,False,-0.1591892182117835,0.5323953556238845,0.7726820181976113,0.8665379864226653,0.7722520196919771,-0.0979848148997773,0.2637303613236107,0.1032340221893925,1.9855741241031457e-15,17.592496054248183,38
1478,0.875,4,144,1,1,1038,broad_xyz,22.359644512058757,False,-0.1394690297182405,0.5475737978389832,0.7554941003591716,0.8487757362627174,0.750968075066894,-0.0974420473751936,0.2742242240722943,0.104836471951579,1.9855741241031457e-15,17.592496054248183,38
1479,0.9,4,144,1,1,1038,broad_xyz,22.359644512058757,False,-0.1202548109027534,0.5529579724760129,0.7388189145054218,0.822640906006974,0.7078165022543516,-0.0843048257624475,0.2847713334336612,0.1067618088057772,1.9855741241031457e-15,17.592496054248183,38
1480,0.95,4,144,1,1,1038,broad_xyz,22.359644512058757,False,-0.078304279052985,0.5438040305690249,0.7109586409896567,0.7419645947825361,0.5653151369054035,-0.0161300667767283,0.2974705830831482,0.1105491164482195,1.9855741241031457e-15,17.592496054248183,38
1481,1.0,4,144,1,1,1038,broad_xyz,22.359644512058757,False,-0.007303047409234,0.5316921905753912,0.685120179677373,0.6079415054009993,0.3944253640804687,0.0770074296387682,0.2947743974605287,0.1138710015461321,1.9855741241031457e-15,17.592496054248183,38
1482,0.05,4,144,1,1,1039,broad_xyz,22.359644512058757,False,-0.1216417650750354,0.1576695351277989,0.4331001164791992,-0.0987540666495122,-0.0962920242474771,0.5331855555681952,0.0005341579584604,7.08567333794068e-05,1.9855741241031457e-15,17.592496054248183,39
1483,0.075,4,144,1,1,1039,broad_xyz,22.359644512058757,False,-0.1393057969310505,0.1685670823537247,0.4355419231181137,-0.079342907267706,-0.0702709379208322,0.5548017617217942,0.0012341209219761,0.0001723491990531,1.9855741241031457e-15,17.592496054248183,39
1484,0.1,4,144,1,1,1039,broad_xyz,22.359644512058757,False,-0.1628154741223816,0.1708363053892705,0.4429967256769758,-0.0527926711632401,-0.0339020151712757,0.5701630301777826,0.0022739952611726,0.0003348114332897,1.9855741241031457e-15,17.592496054248183,39
1485,0.125,4,144,1,1,1039,broad_xyz,22.359644512058757,False,-0.190946902159594,0.1570288869615555,0.4572600092021279,-0.0182091955533785,0.0146263509226637,0.5805847554060415,0.0037206972768745,0.0005757855850851,1.9855741241031457e-15,17.592496054248183,39
1486,0.15,4,144,1,1,1039,broad_xyz,22.359644512058757,False,-0.2076400610330026,0.131786638884732,0.4734977556471909,0.0191825890149175,0.0685690837864109,0.5841556058683139,0.0057348567523885,0.0009147273902698,1.9855741241031457e-15,17.592496054248183,39
1487,0.1625,4,144,1,1,1039,broad_xyz,22.359644512058757,False,-0.202977715222657,0.1138127305879361,0.4836099218201311,0.0418861202977952,0.0999618934863117,0.5837915326930196,0.0069960225103862,0.001131713714077,1.9855741241031457e-15,17.592496054248183,39
1488,0.175,4,144,1,1,1039,broad_xyz,22.359644512058757,False,-0.1817114432550876,0.0936684360129923,0.4937101927064638,0.0655821153678131,0.1320905734842837,0.5814224722164947,0.0084554156010381,0.0013851529535522,1.9855741241031457e-15,17.592496054248183,39
1489,0.1875,4,144,1,1,1039,broad_xyz,22.359644512058757,False,-0.1395869716986897,0.0719952549393987,0.5029641963907581,0.0887715695731701,0.1628588162118606,0.5769671607744793,0.0101369084445119,0.001677345547413,1.9855741241031457e-15,17.592496054248183,39
1490,0.2,4,144,1,1,1039,broad_xyz,22.359644512058757,False,-0.0786196126448108,0.0494761953096841,0.5121813591498335,0.1106941829384368,0.1903550033346515,0.5717865859575249,0.0120652132096313,0.0020129703774072,1.9855741241031457e-15,17.592496054248183,39
1491,0.2125,4,144,1,1,1039,broad_xyz,22.359644512058757,False,-0.0076833709580943,0.02653144528997,0.520492381232926,0.1310943746699538,0.212323331709802,0.565128951019684,0.014265163773754,0.0023949276074426,1.9855741241031457e-15,17.592496054248183,39
1492,0.225,4,144,1,1,1039,broad_xyz,22.359644512058757,False,0.0594424656521204,0.0036416193524057,0.5279414143795123,0.1500026610310803,0.2257583673226814,0.5572014909314905,0.0167608591209326,0.0028282957345355,1.9855741241031457e-15,17.592496054248183,39
1493,0.2375,4,144,1,1,1039,broad_xyz,22.359644512058757,False,0.1143673020423658,-0.0187030577903617,0.5340108156938184,0.1668470582245316,0.2259408007853882,0.5477764480046857,0.0197162731671277,0.0033153333785563,1.9855741241031457e-15,17.592496054248183,39
1494,0.25,4,144,1,1,1039,broad_xyz,22.359644512058757,False,0.1568459807838206,-0.0396432545867548,0.5395525244187029,0.1814342949951256,0.2075241661537969,0.5381881818745853,0.0231088749012994,0.003863183071097,1.9855741241031457e-15,17.592496054248183,39
1495,0.27,4,144,1,1,1039,broad_xyz,22.359644512058757,False,0.2039065145905837,-0.0702141664457853,0.5462602456035647,0.2005171694082167,0.1331030628864404,0.5211183678961178,0.0294021149763391,0.0048741623042021,1.9855741241031457e-15,17.592496054248183,39
1496,0.29,4,144,1,1,1039,broad_xyz,22.359644512058757,False,0.2309926747675608,-0.0970839031561048,0.5496741536440806,0.2139472403151086,0.0178062181093918,0.5022704315343075,0.036801512614467,0.0060557456252748,1.9855741241031457e-15,17.592496054248183,39
1497,0.31,4,144,1,1,1039,broad_xyz,22.359644512058757,False,0.2463793085715356,-0.1193394805525787,0.5508164481397149,0.2229162782025038,-0.1034319447797737,0.4835556691291555,0.0457079269796749,0.0074290529038003,1.9855741241031457e-15,17.592496054248183,39
1498,0.33,4,144,1,1,1039,broad_xyz,22.359644512058757,False,0.2552620916287437,-0.1366300333923057,0.550683442918804,0.2283318236471023,-0.2036038394704228,0.4658119528044643,0.0557935669928219,0.0090106613669776,1.9855741241031457e-15,17.592496054248183,39
1499,0.35,4,144,1,1,1039,broad_xyz,22.359644512058757,False,0.2604406568792922,-0.1491845316207962,0.5494572673259043,0.2299763081622482,-0.2825570610435443,0.4497571072337329,0.0668535064891655,0.0108012288265257,1.9855741241031457e-15,17.592496054248183,39
1500,0.37,4,144,1,1,1039,broad_xyz,22.359644512058757,False,0.2642487222359344,-0.1570147485915199,0.5470133991264272,0.2287272927032078,-0.3397111264006251,0.4357835269927199,0.0786366567809581,0.0128019606172162,1.9855741241031457e-15,17.592496054248183,39
1501,0.39,4,144,1,1,1039,broad_xyz,22.359644512058757,False,0.2666931217675143,-0.1606387244450503,0.5432354972815913,0.2255129675795484,-0.3744313215642981,0.4267475664214422,0.0908110064646317,0.014997158102756,1.9855741241031457e-15,17.592496054248183,39
1502,0.41,4,144,1,1,1039,broad_xyz,22.359644512058757,False,0.2678879039014864,-0.1601309095855916,0.5385369082779417,0.2211071599070812,-0.3854265757153671,0.421892468274482,0.1029834436310852,0.017367916511031,1.9855741241031457e-15,17.592496054248183,39
1503,0.43,4,144,1,1,1039,broad_xyz,22.359644512058757,False,0.2678618539691983,-0.1553149303728483,0.5329454153622192,0.2169212815414803,-0.3753895135866691,0.4187821161710744,0.1147299323530309,0.0199002012106787,1.9855741241031457e-15,17.592496054248183,39
1504,0.45,4,144,1,1,1039,broad_xyz,22.359644512058757,False,0.2651175780941346,-0.1467969511090686,0.528436981612596,0.2140869716558816,-0.3515375577161979,0.4181608695569387,0.1256320880101636,0.0226099037738248,1.9855741241031457e-15,17.592496054248183,39
1505,0.5,4,144,1,1,1039,broad_xyz,22.359644512058757,False,0.2395633201130783,-0.1051632372251275,0.5182182472676723,0.2150977487795232,-0.2735168117795614,0.4162005488582054,0.1469146972626589,0.0299876258463177,1.9855741241031457e-15,17.592496054248183,39
1506,0.55,4,144,1,1,1039,broad_xyz,22.359644512058757,False,0.1310653401151973,-0.0363781018727019,0.506931086343487,0.2241872406141061,-0.162292530568112,0.3884639712359545,0.1572320694250384,0.0379572520434736,1.9855741241031457e-15,17.592496054248183,39
1507,0.6,4,144,1,1,1039,broad_xyz,22.359644512058757,False,-0.0590022113087641,0.0583530889308197,0.5258824226763196,0.2241509322116932,0.0579007160390396,0.3657443794997226,0.1576409536223545,0.0472053611349529,1.9855741241031457e-15,17.592496054248183,39
1508,0.6499999999999999,4,144,1,1,1039,broad_xyz,22.359644512058757,False,-0.0492933957063397,0.172477299698433,0.5930554508511967,0.2019934227049047,0.2707378541042764,0.3762599526554596,0.153786601701287,0.0581952062000383,1.9855741241031457e-15,17.592496054248183,39
1509,0.7,4,144,1,1,1039,broad_xyz,22.359644512058757,False,0.1404028810992408,0.286424934928119,0.629977336728488,0.169164544304703,0.3125435860601302,0.3706215560536368,0.1565759813897566,0.0679598181898087,1.9855741241031457e-15,17.592496054248183,39
1510,0.725,4,144,1,1,1039,broad_xyz,22.359644512058757,False,0.2363937818427623,0.3399125826892938,0.6282259569688435,0.1671123418572176,0.3097695472000163,0.3551663947979905,0.1589593909692921,0.0715638443327929,1.9855741241031457e-15,17.592496054248183,39
1511,0.75,4,144,1,1,1039,broad_xyz,22.359644512058757,False,0.2982692298896806,0.3896604371166668,0.6121374416626826,0.1782960802354517,0.302703702899458,0.3280184578358848,0.1656974124925867,0.0739831494630755,1.9855741241031457e-15,17.592496054248183,39
1512,0.775,4,144,1,1,1039,broad_xyz,22.359644512058757,False,0.3317208987155691,0.4352665962792429,0.5844016469355396,0.1981751451348683,0.3063273044050095,0.2907135799795198,0.1737565541200054,0.0752560328403237,1.9855741241031457e-15,17.592496054248183,39
1513,0.8,4,144,1,1,1039,broad_xyz,22.359644512058757,False,0.348216266753217,0.47532264879126,0.5506054695470145,0.2164532147824564,0.3114302127782046,0.2478745795244259,0.1770496742977973,0.0757277947033898,1.9855741241031457e-15,17.592496054248183,39
1514,0.825,4,144,1,1,1039,broad_xyz,22.359644512058757,False,0.3576774879420892,0.507761162824358,0.5203772101179108,0.2213549001273325,0.3073961159956642,0.2106860515205674,0.1823715771828385,0.0760413113457007,1.9855741241031457e-15,17.592496054248183,39
1515,0.85,4,144,1,1,1039,broad_xyz,22.359644512058757,False,0.3722208487526639,0.532350742210369,0.504735305090963,0.2084871682067918,0.2766008687447357,0.1916036123242178,0.1830832844732933,0.0769831978112076,1.9855741241031457e-15,17.592496054248183,39
1516,0.875,4,144,1,1,1039,broad_xyz,22.359644512058757,False,0.3992177065124282,0.5498424753042535,0.5112816118349667,0.1857665364435314,0.2267870729444623,0.1994625632930241,0.1867341970992511,0.0791822042775029,1.9855741241031457e-15,17.592496054248183,39
1517,0.9,4,144,1,1,1039,broad_xyz,22.359644512058757,False,0.4327182251418527,0.5611390997015994,0.5296088481176974,0.1721479050886671,0.1589875027638599,0.2239549126871361,0.1995680531614728,0.0826542488185825,1.9855741241031457e-15,17.592496054248183,39
1518,0.95,4,144,1,1,1039,broad_xyz,22.359644512058757,False,0.451233327796865,0.5510366443702002,0.5384151645981481,0.1912309864348214,0.0495269396951044,0.2497493880080026,0.2419170891307939,0.0921253524848813,1.9855741241031457e-15,17.592496054248183,39
1519,1.0,4,144,1,1,1039,broad_xyz,22.359644512058757,False,0.3720502983359602,0.5069799884059062,0.5322024118552633,0.1955308898288153,-0.0321202941006018,0.2290521499586357,0.2955715462968375,0.1038336728314549,1.9855741241031457e-15,17.592496054248183,39
1520,0.05,4,144,1,1,1040,broad_xyz,22.359644512058757,False,0.4275585112934163,0.6559573717317122,0.5527834867825765,0.2832253018291329,0.1190717468469933,0.632390908071214,0.0009805308887142,0.0004547205876274,1.9855741241031457e-15,17.592496054248183,40
1521,0.075,4,144,1,1,1040,broad_xyz,22.359644512058757,False,0.4543971400200028,0.6571548372153221,0.5721402964026836,0.306201969630334,0.1243842868709834,0.6521305599077221,0.002233052741955,0.0010530330688242,1.9855741241031457e-15,17.592496054248183,40
1522,0.1,4,144,1,1,1040,broad_xyz,22.359644512058757,False,0.4877820771985208,0.6556640134691024,0.5891531388065114,0.3277396736800422,0.1281415622105612,0.6650822267124743,0.0040519847634974,0.0019475410038953,1.9855741241031457e-15,17.592496054248183,40
1523,0.125,4,144,1,1,1040,broad_xyz,22.359644512058757,False,0.5225774213589298,0.6515147188036868,0.6035088712464829,0.3462849222559974,0.136206707391034,0.6701795435811503,0.0065044563222646,0.0031918365304114,1.9855741241031457e-15,17.592496054248183,40
1524,0.15,4,144,1,1,1040,broad_xyz,22.359644512058757,False,0.5506497425622792,0.6452128789254017,0.6194253100237471,0.3614184520101817,0.1539020097174414,0.6705862543000326,0.0097278094391235,0.004853710946393,1.9855741241031457e-15,17.592496054248183,40
1525,0.1625,4,144,1,1,1040,broad_xyz,22.359644512058757,False,0.5593047964140878,0.6409833372544087,0.6268505084348568,0.3672688630336605,0.1679796378748603,0.667939672843717,0.0116823435737892,0.0058616681932453,1.9855741241031457e-15,17.592496054248183,40
1526,0.175,4,144,1,1,1040,broad_xyz,22.359644512058757,False,0.5636055309063205,0.6360402313584063,0.6341872459860346,0.3718684244465969,0.1822702043336913,0.6636669088016094,0.0138689444459434,0.0069991449090008,1.9855741241031457e-15,17.592496054248183,40
1527,0.1875,4,144,1,1,1040,broad_xyz,22.359644512058757,False,0.5636624546412573,0.6302525815766281,0.6437495410433576,0.3753172302659905,0.1878129546574975,0.6598669492110412,0.0162990813493964,0.0082793299651139,1.9855741241031457e-15,17.592496054248183,40
1528,0.2,4,144,1,1,1040,broad_xyz,22.359644512058757,False,0.561091718755062,0.6239728633190824,0.6538723741672733,0.3780347573568668,0.1885113354288531,0.654839026246475,0.0189827988214357,0.0097071635068183,1.9855741241031457e-15,17.592496054248183,40
1529,0.2125,4,144,1,1,1040,broad_xyz,22.359644512058757,False,0.5575418605841393,0.6171595701576691,0.6642230611236758,0.3798868696465821,0.1812014465957396,0.6483884201976362,0.0219281316381559,0.0112887303891794,1.9855741241031457e-15,17.592496054248183,40
1530,0.225,4,144,1,1,1040,broad_xyz,22.359644512058757,False,0.5550924992920687,0.609430453786667,0.6764462790478325,0.3810669105088193,0.1689153165993143,0.64189189256063,0.0251791328497921,0.0130348448347894,1.9855741241031457e-15,17.592496054248183,40
1531,0.2375,4,144,1,1,1040,broad_xyz,22.359644512058757,False,0.5605532628748615,0.601097490142448,0.6894306430846074,0.3814984159705305,0.1511533463505165,0.6344654856550109,0.0288581963751373,0.01494743996026,1.9855741241031457e-15,17.592496054248183,40
1532,0.25,4,144,1,1,1040,broad_xyz,22.359644512058757,False,0.5729021496700683,0.5922987188740951,0.7028210547288255,0.3811090993152234,0.1227699727699596,0.6259084884694057,0.033003921557744,0.0170281168341093,1.9855741241031457e-15,17.592496054248183,40
1533,0.27,4,144,1,1,1040,broad_xyz,22.359644512058757,False,0.5975834070543448,0.5772128252164855,0.7251885859313637,0.3784502472243881,0.0627340293799489,0.6102495801220189,0.0402876195679629,0.0207080020223343,1.9855741241031457e-15,17.592496054248183,40
1534,0.29,4,144,1,1,1040,broad_xyz,22.359644512058757,False,0.6132810567631028,0.5602548952041447,0.7494752108024836,0.3722294414887302,0.0133376869856083,0.5933931145471257,0.0482922288310309,0.0248140271927675,1.9855741241031457e-15,17.592496054248183,40
1535,0.31,4,144,1,1,1040,broad_xyz,22.359644512058757,False,0.6142834931829184,0.5426380137676892,0.7740131540548958,0.3620552027205531,-0.0118946906763497,0.5744734605571934,0.0568638357175889,0.0293083832403445,1.9855741241031457e-15,17.592496054248183,40
1536,0.33,4,144,1,1,1040,broad_xyz,22.359644512058757,False,0.5984094027789751,0.5245811941994615,0.7983369964047625,0.3468407215537751,-0.0181328234425305,0.5540174277234159,0.0657713391338144,0.0341350825760035,1.9855741241031457e-15,17.592496054248183,40
1537,0.35,4,144,1,1,1040,broad_xyz,22.359644512058757,False,0.5674071989066503,0.5062903202149729,0.8219973370835729,0.3256100777169332,-0.0064179047799065,0.5328450254714064,0.0750785648156924,0.0392123666892217,1.9855741241031457e-15,17.592496054248183,40
1538,0.37,4,144,1,1,1040,broad_xyz,22.359644512058757,False,0.525050729791519,0.487936022293699,0.8445857911137622,0.2978847656442213,0.022216954172175,0.5121601131017048,0.0841131698105471,0.0444326156623693,1.9855741241031457e-15,17.592496054248183,40
1539,0.39,4,144,1,1,1040,broad_xyz,22.359644512058757,False,0.4756090647790811,0.4696381214369245,0.8657226325991744,0.2641717394702365,0.0627258071830303,0.4935465554455253,0.0924697740606963,0.0496651026518297,1.9855741241031457e-15,17.592496054248183,40
1540,0.41,4,144,1,1,1040,broad_xyz,22.359644512058757,False,0.4230847225608726,0.451468765141387,0.8850239987733484,0.226408949274122,0.1043715497594586,0.4788223002617007,0.0997330667744516,0.0547620397419073,1.9855741241031457e-15,17.592496054248183,40
1541,0.43,4,144,1,1,1040,broad_xyz,22.359644512058757,False,0.3707882321895084,0.4334822823566382,0.9020784065910114,0.1880893571090389,0.1340606863860453,0.4697629525127286,0.1106987276255272,0.059567793685435,1.9855741241031457e-15,17.592496054248183,40
1542,0.45,4,144,1,1,1040,broad_xyz,22.359644512058757,False,0.3213368565069547,0.4157727839241447,0.9164609515168524,0.153813551490992,0.1426806461676042,0.467780629668122,0.1260394510919406,0.0639305798527416,1.9855741241031457e-15,17.592496054248183,40
1543,0.5,4,144,1,1,1040,broad_xyz,22.359644512058757,False,0.2232695823724969,0.3745693676876274,0.938625001834817,0.1149045845576245,0.0585353199889187,0.4996019392452216,0.1627098024173754,0.0720910809915936,1.9855741241031457e-15,17.592496054248183,40
1544,0.55,4,144,1,1,1040,broad_xyz,22.359644512058757,False,0.1795165412808917,0.3454797520997671,0.9409909361447392,0.1701742437042341,-0.0828863888994892,0.5626636687438336,0.1916859645763151,0.0756226793391445,1.9855741241031457e-15,17.592496054248183,40
1545,0.6,4,144,1,1,1040,broad_xyz,22.359644512058757,False,0.1934712787656047,0.3401280069048361,0.9272070074143812,0.2912122705117135,-0.0874591969178136,0.605382989939426,0.2046400677787423,0.075100654045183,1.9855741241031457e-15,17.592496054248183,40
1546,0.6499999999999999,4,144,1,1,1040,broad_xyz,22.359644512058757,False,0.2357988634508472,0.3652924506038517,0.8989714271548226,0.392842031100087,0.0185566676853372,0.60062734619884,0.2046456383620709,0.0724134018313739,1.9855741241031457e-15,17.592496054248183,40
1547,0.7,4,144,1,1,1040,broad_xyz,22.359644512058757,False,0.2780502967967959,0.4190720313348118,0.8565861022094028,0.4239540026820158,0.1107618857626596,0.5578434147682201,0.1940572845924315,0.0698185369585644,1.9855741241031457e-15,17.592496054248183,40
1548,0.725,4,144,1,1,1040,broad_xyz,22.359644512058757,False,0.2991470835894778,0.4512779159100997,0.8309666238389042,0.4136496831103241,0.1407736635374291,0.529461703418992,0.1846429461646084,0.0689863774488151,1.9855741241031457e-15,17.592496054248183,40
1549,0.75,4,144,1,1,1040,broad_xyz,22.359644512058757,False,0.3156641338656701,0.48244728645091,0.8036499082099343,0.388685644963022,0.158959321588016,0.5007533434631174,0.1790057686519084,0.068567406726307,1.9855741241031457e-15,17.592496054248183,40
1550,0.775,4,144,1,1,1040,broad_xyz,22.359644512058757,False,0.3234493442006299,0.5092281123456143,0.7769166525014948,0.3512186159770121,0.1683609107593658,0.4755186228915202,0.1837422007281991,0.0686399093012926,1.9855741241031457e-15,17.592496054248183,40
1551,0.8,4,144,1,1,1040,broad_xyz,22.359644512058757,False,0.3194899360423364,0.5291098564790901,0.7540979407960123,0.3028518071478115,0.1672649898826675,0.4577282562044203,0.1905418576261363,0.0693156462166632,1.9855741241031457e-15,17.592496054248183,40
1552,0.825,4,144,1,1,1040,broad_xyz,22.359644512058757,False,0.3026886906651829,0.5403186855148361,0.7377634426377416,0.244352894326788,0.1441006506884659,0.4499760748129021,0.1972272081863916,0.0706799898910344,1.9855741241031457e-15,17.592496054248183,40
1553,0.85,4,144,1,1,1040,broad_xyz,22.359644512058757,False,0.2741675665450054,0.5413081623221833,0.7288592610546676,0.177011991284045,0.1002321540971536,0.4524704183304954,0.2027855835095637,0.0727122323602909,1.9855741241031457e-15,17.592496054248183,40
1554,0.875,4,144,1,1,1040,broad_xyz,22.359644512058757,False,0.2371515908652604,0.5306183991160212,0.7282592933003806,0.1015206929320164,0.0299430792973265,0.4651252033690233,0.2063125635141992,0.0752556514670509,1.9855741241031457e-15,17.592496054248183,40
1555,0.9,4,144,1,1,1040,broad_xyz,22.359644512058757,False,0.1986613879186567,0.5112346271742427,0.7340681980333542,0.0213040232290699,-0.045596012858584,0.4834145012094223,0.2131180556486054,0.077925199377738,1.9855741241031457e-15,17.592496054248183,40
1556,0.95,4,144,1,1,1040,broad_xyz,22.359644512058757,False,0.1374022957339821,0.4612278213654996,0.7483812051281371,-0.1409785525372287,-0.1924420335612393,0.518398107859774,0.2470771381280826,0.0820888574309094,1.9855741241031457e-15,17.592496054248183,40
1557,1.0,4,144,1,1,1040,broad_xyz,22.359644512058757,False,0.1130466453109212,0.4129209123709237,0.7478307088150524,-0.2688101156843107,-0.310062588699507,0.5389430266659766,0.2617542707934891,0.0826750420174252,1.9855741241031457e-15,17.592496054248183,40
1558,0.05,4,144,1,1,1041,broad_xyz,22.359644512058757,False,0.9286319695981986,0.5218090383494312,0.9169962258825688,0.701831143957105,0.6198392997089109,0.897198508467534,0.0011500297302863,0.0004696444076037,1.9855741241031457e-15,17.592496054248183,41
1559,0.075,4,144,1,1,1041,broad_xyz,22.359644512058757,False,0.936446573411458,0.5071677906824997,0.9188642592473908,0.719997518351667,0.6408519785015914,0.8811973071900024,0.0027613376954858,0.0011050277130194,1.9855741241031457e-15,17.592496054248183,41
1560,0.1,4,144,1,1,1041,broad_xyz,22.359644512058757,False,0.938945720735331,0.4920457753272461,0.9228621335320044,0.7395852409127224,0.6634162452521206,0.8486579606553557,0.0052718358422243,0.0020724799579699,1.9855741241031457e-15,17.592496054248183,41
1561,0.125,4,144,1,1,1041,broad_xyz,22.359644512058757,False,0.9338830431940204,0.4757801409260607,0.928542380940427,0.7599452762246903,0.6877785118425426,0.7972557359559888,0.0088569195870775,0.0034387657675499,1.9855741241031457e-15,17.592496054248183,41
1562,0.15,4,144,1,1,1041,broad_xyz,22.359644512058757,False,0.9185979331231492,0.4573999894714411,0.935207248887822,0.7805856965150988,0.7143304196177636,0.7267341621354693,0.0137007335480866,0.0052777579491247,1.9855741241031457e-15,17.592496054248183,41
1563,0.1625,4,144,1,1,1041,broad_xyz,22.359644512058757,False,0.9061466040503544,0.4472270306373183,0.9386627417160824,0.7908799784988146,0.7286928115109885,0.6848290513019264,0.0166483509577919,0.0063974099244018,1.9855741241031457e-15,17.592496054248183,41
1564,0.175,4,144,1,1,1041,broad_xyz,22.359644512058757,False,0.8896268433678544,0.4363093422358157,0.942087184836232,0.8010700558974932,0.7433269149402192,0.6390694261324723,0.0199705837536747,0.0076610551948561,1.9855741241031457e-15,17.592496054248183,41
1565,0.1875,4,144,1,1,1041,broad_xyz,22.359644512058757,False,0.8681196330024711,0.4246875412386496,0.9454037746955662,0.8110685907833511,0.7578807627484337,0.5900041934504195,0.023680978573308,0.0090753939904988,1.9855741241031457e-15,17.592496054248183,41
1566,0.2,4,144,1,1,1041,broad_xyz,22.359644512058757,False,0.8406663964524717,0.4124940936940311,0.9485498767257032,0.8207740736253084,0.7726188698732743,0.5382456571181797,0.0277880922003851,0.0106457822636277,1.9855741241031457e-15,17.592496054248183,41
1567,0.2125,4,144,1,1,1041,broad_xyz,22.359644512058757,False,0.8065654020592935,0.4000271235812409,0.951481082387304,0.8300655959061762,0.7873882056281248,0.4844312808839812,0.0322942884068672,0.0123771203344262,1.9855741241031457e-15,17.592496054248183,41
1568,0.225,4,144,1,1,1041,broad_xyz,22.359644512058757,False,0.7651004856882064,0.387425977283453,0.9541683041401772,0.8388301830989838,0.8018572424289457,0.4291961214259326,0.0371944789224123,0.0142713137931387,1.9855741241031457e-15,17.592496054248183,41
1569,0.2375,4,144,1,1,1041,broad_xyz,22.359644512058757,False,0.7161111203472751,0.3748988133702803,0.9566113555184614,0.8469511824507514,0.8154067762685228,0.3731768398137455,0.0424748258207358,0.0163280445884884,1.9855741241031457e-15,17.592496054248183,41
1570,0.25,4,144,1,1,1041,broad_xyz,22.359644512058757,False,0.6600669997560956,0.3626290319061731,0.9588235902760404,0.8543118090588627,0.8272249599400344,0.3169278653021221,0.0481114248402271,0.0185464880422857,1.9855741241031457e-15,17.592496054248183,41
1571,0.27,4,144,1,1,1041,broad_xyz,22.359644512058757,False,0.5585582477154047,0.3438591823219651,0.9619651570489932,0.8642455100366793,0.8403702910615295,0.2276163806272048,0.0577782116213502,0.0224239344979037,1.9855741241031457e-15,17.592496054248183,41
1572,0.29,4,144,1,1,1041,broad_xyz,22.359644512058757,False,0.4485691627047173,0.3262552291719655,0.9647391976588436,0.8717058962444477,0.8442828798036192,0.140405242592808,0.0680485075565929,0.0266651428162844,1.9855741241031457e-15,17.592496054248183,41
1573,0.31,4,144,1,1,1041,broad_xyz,22.359644512058757,False,0.3383792662473269,0.3098510386061617,0.9672337988059404,0.8764729144659659,0.835981907807776,0.0562433424104521,0.0786128105150525,0.0312002393676471,1.9855741241031457e-15,17.592496054248183,41
1574,0.33,4,144,1,1,1041,broad_xyz,22.359644512058757,False,0.2358617732036132,0.2945494354467659,0.9694625052500112,0.8783870386572353,0.8129116641232036,-0.0242681004527393,0.0890552428460868,0.0359234798001439,1.9855741241031457e-15,17.592496054248183,41
1575,0.35,4,144,1,1,1041,broad_xyz,22.359644512058757,False,0.1474461730318509,0.2802200185942975,0.97138900989975,0.8773834225637579,0.773329659392104,-0.1006217344372625,0.0988459223694312,0.0406950287705223,1.9855741241031457e-15,17.592496054248183,41
1576,0.37,4,144,1,1,1041,broad_xyz,22.359644512058757,False,0.080889409571268,0.2667969801713963,0.9729334196150192,0.8735422077182715,0.7167301136504322,-0.1721364041243268,0.1073393485981623,0.0453510702286859,1.9855741241031457e-15,17.592496054248183,41
1577,0.39,4,144,1,1,1041,broad_xyz,22.359644512058757,False,0.0362814563777789,0.2541733824110578,0.9738964015371198,0.8673265279834105,0.6478403612632924,-0.2378574357416084,0.1196672150602429,0.0497076414068849,1.9855741241031457e-15,17.592496054248183,41
1578,0.41,4,144,1,1,1041,broad_xyz,22.359644512058757,False,0.0101039308099333,0.2423381519017425,0.9738323662620016,0.8595976736496781,0.5798343729671372,-0.296293292169981,0.131672578430996,0.0535832339080822,1.9855741241031457e-15,17.592496054248183,41
1579,0.43,4,144,1,1,1041,broad_xyz,22.359644512058757,False,0.004074300203018,0.2312125627916931,0.9718449565819424,0.8516322843565891,0.529425033541429,-0.3452615227980631,0.1442427294265865,0.0568140116716701,1.9855741241031457e-15,17.592496054248183,41
1580,0.45,4,144,1,1,1041,broad_xyz,22.359644512058757,False,0.0166196735590967,0.2210366402265111,0.9663884594744704,0.8443862769501033,0.4954132517311214,-0.3813767911607598,0.1552906854760443,0.0592897102781732,1.9855741241031457e-15,17.592496054248183,41
1581,0.5,4,144,1,1,1041,broad_xyz,22.359644512058757,False,0.1126329800476758,0.2045964920761536,0.922080108348473,0.8195271440070667,0.4060595748103975,-0.3857422159273785,0.1754670041422981,0.062308363543448,1.9855741241031457e-15,17.592496054248183,41
1582,0.55,4,144,1,1,1041,broad_xyz,22.359644512058757,False,0.2805893483157846,0.2270198926143473,0.8170485226323693,0.7138780186444171,0.2898931839428707,-0.2187990702273985,0.177118956686233,0.0623077541502534,1.9855741241031457e-15,17.592496054248183,41
1583,0.6,4,144,1,1,1041,broad_xyz,22.359644512058757,False,0.4917300407475496,0.3129889497505206,0.6645352012497513,0.4942965586168983,0.198021602993298,0.0555392208911113,0.1594125692678291,0.0617015682774084,1.9855741241031457e-15,17.592496054248183,41
1584,0.6499999999999999,4,144,1,1,1041,broad_xyz,22.359644512058757,False,0.6785497652231215,0.4561344064711078,0.4824233513748486,0.348287996915754,0.1331364667449895,0.0984415421993643,0.1287123807252684,0.0621788687777381,1.9855741241031457e-15,17.592496054248183,41
1585,0.7,4,144,1,1,1041,broad_xyz,22.359644512058757,False,0.7423996578111108,0.5892481807645621,0.2765625692782968,0.3738428797316119,0.2361781539972318,-0.1122609112356832,0.1232662635554311,0.063700310980391,1.9855741241031457e-15,17.592496054248183,41
1586,0.725,4,144,1,1,1041,broad_xyz,22.359644512058757,False,0.7192264639705455,0.6338325633147509,0.1874399871396406,0.4328919008265468,0.3491963762997694,-0.2250061992756577,0.1267201364362739,0.06492454051618,1.9855741241031457e-15,17.592496054248183,41
1587,0.75,4,144,1,1,1041,broad_xyz,22.359644512058757,False,0.6718916542204684,0.6620444820413157,0.1169240974743788,0.4954964155425692,0.455122011791831,-0.3126966548110999,0.135292401590039,0.0665537325337846,1.9855741241031457e-15,17.592496054248183,41
1588,0.775,4,144,1,1,1041,broad_xyz,22.359644512058757,False,0.6141295333569815,0.6782658023258288,0.0683400312858342,0.545220116596109,0.5358909074256984,-0.3672097552724101,0.1463774278238083,0.0686882211924582,1.9855741241031457e-15,17.592496054248183,41
1589,0.8,4,144,1,1,1041,broad_xyz,22.359644512058757,False,0.5571452677579098,0.6907615879079897,0.0439340352728415,0.5790273855059341,0.5937512953299883,-0.3910390525661958,0.1579150790352594,0.0713850525786622,1.9855741241031457e-15,17.592496054248183,41
1590,0.825,4,144,1,1,1041,broad_xyz,22.359644512058757,False,0.5065316798850502,0.7024039065904918,0.0397057039826316,0.5984355363971999,0.6314533225307157,-0.3916405091990491,0.167102758651526,0.0744043968083394,1.9855741241031457e-15,17.592496054248183,41
1591,0.85,4,144,1,1,1041,broad_xyz,22.359644512058757,False,0.4694860781048214,0.7189445636209879,0.0585692027109217,0.6052635424927539,0.6445871555201854,-0.3718649561206776,0.1734207511060578,0.0777314036206463,1.9855741241031457e-15,17.592496054248183,41
1592,0.875,4,144,1,1,1041,broad_xyz,22.359644512058757,False,0.4492807020756931,0.7396686292022686,0.0990417952295248,0.596814815469287,0.626907023022846,-0.3328706321415681,0.1773520546208201,0.0811631349478287,1.9855741241031457e-15,17.592496054248183,41
1593,0.9,4,144,1,1,1041,broad_xyz,22.359644512058757,False,0.4463449521822475,0.7614715807473131,0.1579574484636716,0.5702524931624519,0.5777469988158905,-0.2748057565062243,0.1832398501258298,0.0845468341239827,1.9855741241031457e-15,17.592496054248183,41
1594,0.95,4,144,1,1,1041,broad_xyz,22.359644512058757,False,0.4561316962072045,0.7723075985498522,0.2873508286485029,0.4714418141263791,0.4142763576111374,-0.1201321830050376,0.1920665742093126,0.0906054100254912,1.9855741241031457e-15,17.592496054248183,41
1595,1.0,4,144,1,1,1041,broad_xyz,22.359644512058757,False,0.4197242803977992,0.695357398224435,0.4143295519563598,0.3729647749975362,0.289111038872944,0.0718590445494479,0.1933520500240601,0.0966131900196452,1.9855741241031457e-15,17.592496054248183,41
1596,0.05,4,144,1,1,1042,broad_xyz,22.359644512058757,False,0.5256339461061776,0.2899573003094939,0.1821605638185649,-0.367875222758916,-0.212254385310899,0.3752889651399026,0.0004497638511436,6.621955007047793e-05,1.9855741241031457e-15,17.592496054248183,42
1597,0.075,4,144,1,1,1042,broad_xyz,22.359644512058757,False,0.592138027114124,0.2822623358278222,0.1509961986150202,-0.3474736207660275,-0.1687807075511187,0.3762691154385547,0.0009386091887654,0.0001447906458543,1.9855741241031457e-15,17.592496054248183,42
1598,0.1,4,144,1,1,1042,broad_xyz,22.359644512058757,False,0.5924314343389566,0.2703082133670503,0.1171433276263713,-0.3206951039507748,-0.1195080738226315,0.3615513808900861,0.0015711759404859,0.0002519334759872,1.9855741241031457e-15,17.592496054248183,42
1599,0.125,4,144,1,1,1042,broad_xyz,22.359644512058757,False,0.550127958774196,0.2537752991233636,0.0795251314390257,-0.2859495714135003,-0.0671143600231796,0.3319010809820837,0.0025564387237102,0.0003872163806387,1.9855741241031457e-15,17.592496054248183,42
1600,0.15,4,144,1,1,1042,broad_xyz,22.359644512058757,False,0.4929851734330326,0.2384732432237916,0.0561461137724204,-0.2486870404301575,-0.0180762590855288,0.3079590865290149,0.0038326555847587,0.0005624211627239,1.9855741241031457e-15,17.592496054248183,42
1601,0.1625,4,144,1,1,1042,broad_xyz,22.359644512058757,False,0.4535936169301817,0.2277411800956839,0.0458245787310449,-0.2288974651681617,0.0041412405233293,0.2936274781043656,0.0045728639647507,0.0006657536291028,1.9855741241031457e-15,17.592496054248183,42
1602,0.175,4,144,1,1,1042,broad_xyz,22.359644512058757,False,0.4098512031421555,0.2163941944027574,0.0355481613007096,-0.2082452892318115,0.0255854599192065,0.2770135408902046,0.0053785843972318,0.0007812869056389,1.9855741241031457e-15,17.592496054248183,42
1603,0.1875,4,144,1,1,1042,broad_xyz,22.359644512058757,False,0.3634279807385798,0.2034823501213087,0.0318320606500676,-0.1898072437573721,0.0440530934348049,0.2648304266072449,0.0062469520558083,0.0009146489020924,1.9855741241031457e-15,17.592496054248183,42
1604,0.2,4,144,1,1,1042,broad_xyz,22.359644512058757,False,0.3164468075554467,0.1908429961813134,0.0318824693938124,-0.1725799300048996,0.0620863443798068,0.2547895850152533,0.0071745045323474,0.001065770292554,1.9855741241031457e-15,17.592496054248183,42
1605,0.2125,4,144,1,1,1042,broad_xyz,22.359644512058757,False,0.2657552157488158,0.1765711606674535,0.0333407002176023,-0.1566957445372168,0.0802061951060544,0.2439188681098048,0.0081573706949454,0.0012330748255022,1.9855741241031457e-15,17.592496054248183,42
1606,0.225,4,144,1,1,1042,broad_xyz,22.359644512058757,False,0.2071165717993342,0.1556439343431972,0.0416324573896612,-0.145886785341945,0.0951240253688642,0.2369165551479349,0.0091915078799749,0.0014258065638594,1.9855741241031457e-15,17.592496054248183,42
1607,0.2375,4,144,1,1,1042,broad_xyz,22.359644512058757,False,0.1441288646978345,0.130400412856686,0.0552035425314682,-0.1392142197921038,0.1104189708238075,0.2334603473018644,0.0102729893831204,0.0016408108645152,1.9855741241031457e-15,17.592496054248183,42
1608,0.25,4,144,1,1,1042,broad_xyz,22.359644512058757,False,0.0792957007169625,0.1024641694432888,0.0733136117108248,-0.1365763298562914,0.1281194761394706,0.2333402846302883,0.0113983447688428,0.0018831517653347,1.9855741241031457e-15,17.592496054248183,42
1609,0.27,4,144,1,1,1042,broad_xyz,22.359644512058757,False,-0.0222322891093278,0.0555206933535615,0.11139561524775,-0.1405708194198573,0.1670828341006564,0.2421723802614188,0.0132841115765619,0.0023316071428015,1.9855741241031457e-15,17.592496054248183,42
1610,0.29,4,144,1,1,1042,broad_xyz,22.359644512058757,False,-0.1208916909157448,0.0085453077219211,0.1550915721166832,-0.1494275609424588,0.2267616360869594,0.2540983484711173,0.0152730045233226,0.0028576020068294,1.9855741241031457e-15,17.592496054248183,42
1611,0.31,4,144,1,1,1042,broad_xyz,22.359644512058757,False,-0.208202169017946,-0.0332668257772913,0.203413506740671,-0.1593135804486425,0.303526193603423,0.2641756396479986,0.0178071608266305,0.003488818386187,1.9855741241031457e-15,17.592496054248183,42
1612,0.33,4,144,1,1,1042,broad_xyz,22.359644512058757,False,-0.280333031474131,-0.0743996644691874,0.2650241526462402,-0.1740347329671364,0.3699064663256274,0.273755551425251,0.0206948027938706,0.0042742381295901,1.9855741241031457e-15,17.592496054248183,42
1613,0.35,4,144,1,1,1042,broad_xyz,22.359644512058757,False,-0.321686701384809,-0.1051522445824014,0.329375888570547,-0.1861787539254218,0.4177009909994034,0.2666213655542202,0.0241812214008514,0.0052336201866564,1.9855741241031457e-15,17.592496054248183,42
1614,0.37,4,144,1,1,1042,broad_xyz,22.359644512058757,False,-0.3214208843936631,-0.1294465124667481,0.3992983215393148,-0.1996019799731087,0.4424574891924141,0.239276150857265,0.0288730897798062,0.0064149424777475,1.9855741241031457e-15,17.592496054248183,42
1615,0.39,4,144,1,1,1042,broad_xyz,22.359644512058757,False,-0.2745993483277346,-0.1423682398739057,0.4729556338390046,-0.2150026004683291,0.451931669971633,0.1948731065140459,0.0343347286414088,0.0078718871639134,1.9855741241031457e-15,17.592496054248183,42
1616,0.41,4,144,1,1,1042,broad_xyz,22.359644512058757,False,-0.1969331475736815,-0.1427172425762723,0.543652080193324,-0.2318406240617736,0.4462495498710085,0.150178879678081,0.0406095705812421,0.0096330285908942,1.9855741241031457e-15,17.592496054248183,42
1617,0.43,4,144,1,1,1042,broad_xyz,22.359644512058757,False,-0.1137702606176601,-0.1284957881963236,0.6045710933392929,-0.2488584069612306,0.4274934211468326,0.1401433585597863,0.0476801062874002,0.011725598324799,1.9855741241031457e-15,17.592496054248183,42
1618,0.45,4,144,1,1,1042,broad_xyz,22.359644512058757,False,-0.0376791789263995,-0.1001223533982397,0.6575590460126841,-0.2661517149885578,0.391246719274489,0.1813407952468578,0.0554465771231958,0.0142237100626358,1.9855741241031457e-15,17.592496054248183,42
1619,0.5,4,144,1,1,1042,broad_xyz,22.359644512058757,False,0.0635514224795344,0.0049249880061369,0.7327171788497278,-0.3054263345550665,0.2387149244105056,0.4279411349797821,0.0764423369285678,0.0220208696035241,1.9855741241031457e-15,17.592496054248183,42
1620,0.55,4,144,1,1,1042,broad_xyz,22.359644512058757,False,0.126758931085498,0.1430053398629515,0.7557706504839641,-0.337689862669349,0.0639299301345787,0.6455658694490667,0.0955843397191533,0.0319658685740054,1.9855741241031457e-15,17.592496054248183,42
1621,0.6,4,144,1,1,1042,broad_xyz,22.359644512058757,False,0.1596443146041174,0.2957677426628475,0.7356407127513447,-0.311902406161373,-0.0922039783363381,0.7361954856668037,0.118376622965955,0.0429728734813559,1.9855741241031457e-15,17.592496054248183,42
1622,0.6499999999999999,4,144,1,1,1042,broad_xyz,22.359644512058757,False,0.1756599637127524,0.4263074780051471,0.6708961419437558,-0.1935731464362841,-0.1892193866973766,0.6876796199232904,0.1387366124110143,0.0526556409279589,1.9855741241031457e-15,17.592496054248183,42
1623,0.7,4,144,1,1,1042,broad_xyz,22.359644512058757,False,0.1864788494716038,0.5341629812877677,0.5810950406240508,-0.024886069984592,-0.2324052396251578,0.5434954061296215,0.1586685533136107,0.0599382569779863,1.9855741241031457e-15,17.592496054248183,42
1624,0.725,4,144,1,1,1042,broad_xyz,22.359644512058757,False,0.1906851031619792,0.5821900380644521,0.5339104179913372,0.0534885460117333,-0.2219860370038321,0.4527640355887952,0.1661921396529994,0.0626579253280821,1.9855741241031457e-15,17.592496054248183,42
1625,0.75,4,144,1,1,1042,broad_xyz,22.359644512058757,False,0.1915072531657021,0.62474775668483,0.4870668833028934,0.1172960289261434,-0.1891721554616081,0.3580830229728579,0.1714813934334664,0.0647951777260254,1.9855741241031457e-15,17.592496054248183,42
1626,0.775,4,144,1,1,1042,broad_xyz,22.359644512058757,False,0.1841469941896871,0.657797429439981,0.4416516167828183,0.162314962921102,-0.1388466030055078,0.2668869831723913,0.1743911772333143,0.0663609774793541,1.9855741241031457e-15,17.592496054248183,42
1627,0.8,4,144,1,1,1042,broad_xyz,22.359644512058757,False,0.168673254131906,0.6768664389448036,0.4007804663815686,0.1875084582895727,-0.0765805925125193,0.1889355220831523,0.1761401101596475,0.0674257844874187,1.9855741241031457e-15,17.592496054248183,42
1628,0.825,4,144,1,1,1042,broad_xyz,22.359644512058757,False,0.1481149259649679,0.6780165532885867,0.3696182567035641,0.1956495818055759,-0.0049308826842047,0.1363306382874115,0.1772414675573879,0.0681571452463166,1.9855741241031457e-15,17.592496054248183,42
1629,0.85,4,144,1,1,1042,broad_xyz,22.359644512058757,False,0.1390231987698528,0.6577115027766228,0.3514378210608436,0.1911939799018134,0.058770397113619,0.1167391929709908,0.1758920886031168,0.0687873782759331,1.9855741241031457e-15,17.592496054248183,42
1630,0.875,4,144,1,1,1042,broad_xyz,22.359644512058757,False,0.15008216740164,0.6158207807217945,0.3471345426529871,0.1757913475881912,0.1011599876178277,0.1254514613327602,0.1722071429711912,0.069648618292967,1.9855741241031457e-15,17.592496054248183,42
1631,0.9,4,144,1,1,1042,broad_xyz,22.359644512058757,False,0.1395716185289208,0.5635802202190222,0.3559963546547767,0.1543073490881341,0.1065657096971444,0.1456348642722257,0.1892094643795824,0.071064875698502,1.9855741241031457e-15,17.592496054248183,42
1632,0.95,4,144,1,1,1042,broad_xyz,22.359644512058757,False,0.0857358257706775,0.4824436397661731,0.3852758788034172,0.1284401657173365,0.020185196944939,0.1545165271035933,0.2191651464074828,0.075714048766563,1.9855741241031457e-15,17.592496054248183,42
1633,1.0,4,144,1,1,1042,broad_xyz,22.359644512058757,False,0.0549455738557437,0.4548491906835589,0.3995829255668778,0.1306225198395701,-0.0473273447569086,0.1013131709533349,0.2317087824676434,0.081533722815675,1.9855741241031457e-15,17.592496054248183,42
1634,0.05,4,144,1,1,1043,broad_xyz,22.359644512058757,False,0.1615726096557492,0.1056549368988683,0.2577209161980323,-0.1011415365924935,-0.0872176210569928,0.3412784065272252,0.0005167176687527,0.000109218495953,1.9855741241031457e-15,17.592496054248183,43
1635,0.075,4,144,1,1,1043,broad_xyz,22.359644512058757,False,0.0147515766724251,0.1191807833775171,0.2923663550159034,-0.221027844441416,-0.1821943098274787,0.3865798880658949,0.0012866270084735,0.0002726229751296,1.9855741241031457e-15,17.592496054248183,43
1636,0.1,4,144,1,1,1043,broad_xyz,22.359644512058757,False,-0.13281758682046,0.1365752452855461,0.3452499702845593,-0.3313198134789847,-0.2745425151486503,0.4448442231932073,0.0025553489810012,0.0005502296651571,1.9855741241031457e-15,17.592496054248183,43
1637,0.125,4,144,1,1,1043,broad_xyz,22.359644512058757,False,-0.2576684910391845,0.1552661195118986,0.406604927011993,-0.4222860115137366,-0.3535405188203456,0.5053081360261759,0.0044706373155168,0.0009928590775614,1.9855741241031457e-15,17.592496054248183,43
1638,0.15,4,144,1,1,1043,broad_xyz,22.359644512058757,False,-0.3330851882523339,0.1669027209472625,0.4624325638332991,-0.484545472049602,-0.4073350305115847,0.5529443871100962,0.0071151884236268,0.0016489722056502,1.9855741241031457e-15,17.592496054248183,43
1639,0.1625,4,144,1,1,1043,broad_xyz,22.359644512058757,False,-0.3446893557301021,0.1716148612548077,0.4887492769044724,-0.5058879141886743,-0.4250735637296619,0.5719430312447824,0.0087400064794323,0.002076989761409,1.9855741241031457e-15,17.592496054248183,43
1640,0.175,4,144,1,1,1043,broad_xyz,22.359644512058757,False,-0.338427348987097,0.1754129589428393,0.5133106064649381,-0.5210802796119589,-0.4368034580005641,0.5871359611047982,0.0105798456531757,0.002581214338979,1.9855741241031457e-15,17.592496054248183,43
1641,0.1875,4,144,1,1,1043,broad_xyz,22.359644512058757,False,-0.3154028498155653,0.1795889250541499,0.5388580592616972,-0.5336953343905123,-0.4462235229734729,0.6017361820051021,0.0126432007022226,0.0031733634381536,1.9855741241031457e-15,17.592496054248183,43
1642,0.2,4,144,1,1,1043,broad_xyz,22.359644512058757,False,-0.2784708920326915,0.183219052630926,0.5663064942019611,-0.5451647609914487,-0.4544945422480343,0.6166849737100437,0.0149373869213481,0.0038620716871887,1.9855741241031457e-15,17.592496054248183,43
1643,0.2125,4,144,1,1,1043,broad_xyz,22.359644512058757,False,-0.2279200709894864,0.1907113344690698,0.6014467181792317,-0.5611411702268807,-0.4677554935344045,0.6384850357135089,0.0174686380042782,0.0046709431010289,1.9855741241031457e-15,17.592496054248183,43
1644,0.225,4,144,1,1,1043,broad_xyz,22.359644512058757,False,-0.1697908036239171,0.1976171699640545,0.6351083121204191,-0.5724038800917732,-0.4765196098428623,0.6571347770503635,0.0202422546573213,0.0055903168202404,1.9855741241031457e-15,17.592496054248183,43
1645,0.2375,4,144,1,1,1043,broad_xyz,22.359644512058757,False,-0.1086464997077144,0.2034772956178129,0.6664362891038415,-0.5778473257402805,-0.4798317891701473,0.6714430398465406,0.0232627798497506,0.0066217004428886,1.9855741241031457e-15,17.592496054248183,43
1646,0.25,4,144,1,1,1043,broad_xyz,22.359644512058757,False,-0.0467780190662993,0.2093895939555313,0.6985635838613629,-0.580081527199273,-0.4797411046217987,0.6844131580335202,0.0265341743616653,0.0077792134454943,1.9855741241031457e-15,17.592496054248183,43
1647,0.27,4,144,1,1,1043,broad_xyz,22.359644512058757,False,0.0429712799172404,0.2160931702137998,0.7467964475896034,-0.5746140705649435,-0.4703242956988113,0.6985370617317722,0.0322989001647876,0.0098680134786881,1.9855741241031457e-15,17.592496054248183,43
1648,0.29,4,144,1,1,1043,broad_xyz,22.359644512058757,False,0.1122863666926744,0.2202306624047668,0.7892590603220427,-0.5562322050445647,-0.4539360269046969,0.702974428982768,0.0387275756670666,0.0122206598529898,1.9855741241031457e-15,17.592496054248183,43
1649,0.31,4,144,1,1,1043,broad_xyz,22.359644512058757,False,0.1567140990785058,0.2217368349800113,0.8249403263636722,-0.5261821714980816,-0.4348886846662492,0.6980187338893636,0.045831008450703,0.014797989169158,1.9855741241031457e-15,17.592496054248183,43
1650,0.33,4,144,1,1,1043,broad_xyz,22.359644512058757,False,0.1770724816468874,0.2219003030919592,0.8499873195864048,-0.48459540732667,-0.4142854398985701,0.6819942551100082,0.053825158700357,0.017563012504657,1.9855741241031457e-15,17.592496054248183,43
1651,0.35,4,144,1,1,1043,broad_xyz,22.359644512058757,False,0.1795075791970566,0.2223636713458429,0.8630494770827792,-0.4371237899472695,-0.3954665241243353,0.6570446567967291,0.0630263651946326,0.0205071727503913,1.9855741241031457e-15,17.592496054248183,43
1652,0.37,4,144,1,1,1043,broad_xyz,22.359644512058757,False,0.1708194791865556,0.2238949286009144,0.8642654389426075,-0.3912047869211984,-0.3837077722864715,0.6272127162570764,0.0731034715109534,0.0236340663276137,1.9855741241031457e-15,17.592496054248183,43
1653,0.39,4,144,1,1,1043,broad_xyz,22.359644512058757,False,0.1570263915291504,0.2273609231127564,0.8556799329396835,-0.3538868380593072,-0.3811792326232279,0.59747781864923,0.0840516861775802,0.0269632256951791,1.9855741241031457e-15,17.592496054248183,43
1654,0.41,4,144,1,1,1043,broad_xyz,22.359644512058757,False,0.1428272536845725,0.2332068482310662,0.8402092256240498,-0.3307812061636446,-0.3879014705477149,0.5723275087214841,0.0958410183707722,0.0305148896891727,1.9855741241031457e-15,17.592496054248183,43
1655,0.43,4,144,1,1,1043,broad_xyz,22.359644512058757,False,0.1314646149916025,0.2414688266457847,0.8207535087240054,-0.325059592929464,-0.4027890012263496,0.5548027964444067,0.1084088665149867,0.0343023048621558,1.9855741241031457e-15,17.592496054248183,43
1656,0.45,4,144,1,1,1043,broad_xyz,22.359644512058757,False,0.1248468698118372,0.2517892404269292,0.7996150085301936,-0.3369442812683352,-0.4243754506183911,0.5465066585653636,0.1216527998780374,0.03831933399619,1.9855741241031457e-15,17.592496054248183,43
1657,0.5,4,144,1,1,1043,broad_xyz,22.359644512058757,False,0.1340380838974808,0.2845542824824361,0.7544829517946245,-0.425543581308187,-0.5045105995404154,0.5636736082231322,0.1566147331967781,0.0492234281488157,1.9855741241031457e-15,17.592496054248183,43
1658,0.55,4,144,1,1,1043,broad_xyz,22.359644512058757,False,0.159521455506392,0.318666203004215,0.7190821455750214,-0.5235392289743673,-0.5653533960553022,0.5979703450024078,0.1909186013289934,0.0602923805373325,1.9855741241031457e-15,17.592496054248183,43
1659,0.6,4,144,1,1,1043,broad_xyz,22.359644512058757,False,0.1546472588463419,0.3543401765285088,0.697775406581393,-0.5322823639563884,-0.6043706351402768,0.5588280512343472,0.2186446791570338,0.0706122830497914,1.9855741241031457e-15,17.592496054248183,43
1660,0.6499999999999999,4,144,1,1,1043,broad_xyz,22.359644512058757,False,0.1012067684642969,0.3976172904657144,0.6852443290420884,-0.3421593331507423,-0.5989159582538012,0.203403236480982,0.2326734849789258,0.0798684927876358,1.9855741241031457e-15,17.592496054248183,43
1661,0.7,4,144,1,1,1043,broad_xyz,22.359644512058757,False,0.0450819288639289,0.4546011519989998,0.6739133993803107,0.009386475186296,-0.4454397395637932,-0.1133936472128555,0.2276230726515825,0.0880987193868828,1.9855741241031457e-15,17.592496054248183,43
1662,0.725,4,144,1,1,1043,broad_xyz,22.359644512058757,False,0.0369943104033792,0.4901117842204814,0.6667729148444288,0.191090260851878,-0.2756832509533108,-0.1881396311890874,0.2211956701774524,0.0919136719844977,1.9855741241031457e-15,17.592496054248183,43
1663,0.75,4,144,1,1,1043,broad_xyz,22.359644512058757,False,0.0511697351691415,0.5321523717670988,0.6599347185744348,0.3558832418845038,-0.0666507902541859,-0.2242295322873626,0.2291102997802219,0.0956639162595857,1.9855741241031457e-15,17.592496054248183,43
1664,0.775,4,144,1,1,1043,broad_xyz,22.359644512058757,False,0.0848485257444088,0.5777196684058904,0.6527181783424643,0.4960587491712245,0.1425378464066956,-0.236245698414831,0.2366618411524897,0.0993283755943598,1.9855741241031457e-15,17.592496054248183,43
1665,0.8,4,144,1,1,1043,broad_xyz,22.359644512058757,False,0.1286560410032961,0.6213730327509782,0.6452117288006263,0.6077382420527827,0.3241707501278822,-0.2383433447588966,0.2473354247473333,0.1028286253443794,1.9855741241031457e-15,17.592496054248183,43
1666,0.825,4,144,1,1,1043,broad_xyz,22.359644512058757,False,0.170082834982691,0.6569325660448866,0.6375590133942748,0.6892133927757766,0.4531268574699353,-0.2354396488587026,0.2569958324813772,0.1060159179628216,1.9855741241031457e-15,17.592496054248183,43
1667,0.85,4,144,1,1,1043,broad_xyz,22.359644512058757,False,0.2004521694548048,0.680775021747409,0.6298160534701626,0.740995988005348,0.5259087221845055,-0.2285443351903012,0.2648042801582244,0.1087228410461797,1.9855741241031457e-15,17.592496054248183,43
1668,0.875,4,144,1,1,1043,broad_xyz,22.359644512058757,False,0.217820544584313,0.692286116650969,0.6218973007538567,0.7672313066774054,0.5587607501103016,-0.2144609315280743,0.2725707457077597,0.1107812437694438,1.9855741241031457e-15,17.592496054248183,43
1669,0.9,4,144,1,1,1043,broad_xyz,22.359644512058757,False,0.2239985292300817,0.6928745564104569,0.6144207516511898,0.7738574695612088,0.5614083789317743,-0.191210812333418,0.281163217317102,0.1121257718600989,1.9855741241031457e-15,17.592496054248183,43
1670,0.95,4,144,1,1,1043,broad_xyz,22.359644512058757,False,0.2155445901295164,0.6666167103908952,0.5993200199515298,0.7508686476194858,0.5340760019403513,-0.1241989627413681,0.3020271517287853,0.113405022781021,1.9855741241031457e-15,17.592496054248183,43
1671,1.0,4,144,1,1,1043,broad_xyz,22.359644512058757,False,0.2249110109620209,0.6229288968729855,0.5883152258788691,0.7111534942842409,0.5022664048288198,-0.0435521786847623,0.3281156623107847,0.1144610255709433,1.9855741241031457e-15,17.592496054248183,43
1672,0.05,4,144,1,1,1044,broad_xyz,22.359644512058757,False,0.8976671188774303,0.6299123450218014,0.6753077772639705,0.593482982191207,0.5019535704220228,0.6992348802854018,0.0012836114678613,0.0005409316140552,1.9855741241031457e-15,17.592496054248183,44
1673,0.075,4,144,1,1,1044,broad_xyz,22.359644512058757,False,0.907825350977381,0.6414357252625436,0.7030660971291973,0.6118344773649725,0.5256173683435008,0.7265249492542667,0.0030350640537875,0.0013045880142209,1.9855741241031457e-15,17.592496054248183,44
1674,0.1,4,144,1,1,1044,broad_xyz,22.359644512058757,False,0.9198164455661924,0.6488338112205112,0.7303952497680989,0.6364654034360423,0.5606858480982246,0.7457091837621843,0.0057078873702734,0.0025102819272994,1.9855741241031457e-15,17.592496054248183,44
1675,0.125,4,144,1,1,1044,broad_xyz,22.359644512058757,False,0.9346836968343984,0.6507246111525201,0.7585485888257518,0.6667526265102347,0.6099102051819597,0.7556449547257039,0.0094734819499417,0.0042717877303117,1.9855741241031457e-15,17.592496054248183,44
1676,0.15,4,144,1,1,1044,broad_xyz,22.359644512058757,False,0.9494726926932828,0.6456685897556712,0.7861462102165805,0.7001171202842676,0.6706886458652719,0.7534152025161113,0.0145142271640312,0.0067171962906336,1.9855741241031457e-15,17.592496054248183,44
1677,0.1625,4,144,1,1,1044,broad_xyz,22.359644512058757,False,0.9552765267612812,0.6411334960107178,0.7984666157052563,0.7162884288183342,0.7016194730108116,0.7463836007571056,0.0175677678154813,0.0082342937843608,1.9855741241031457e-15,17.592496054248183,44
1678,0.175,4,144,1,1,1044,broad_xyz,22.359644512058757,False,0.9589688201566208,0.6354251510633429,0.809749225464221,0.7315355929252061,0.7305947319101309,0.7354358815367953,0.0210026181121541,0.0099671229959437,1.9855741241031457e-15,17.592496054248183,44
1679,0.1875,4,144,1,1,1044,broad_xyz,22.359644512058757,False,0.9594705210302452,0.628690205973857,0.8200057526625452,0.7454769189965512,0.7553747802269962,0.7207366226822732,0.0248343814103373,0.0119285215657957,1.9855741241031457e-15,17.592496054248183,44
1680,0.2,4,144,1,1,1044,broad_xyz,22.359644512058757,False,0.9557023408738344,0.6207412168292322,0.8302086665124652,0.7583243384301435,0.7741257487454848,0.7032563975379542,0.0290743804489969,0.0141327728635784,1.9855741241031457e-15,17.592496054248183,44
1681,0.2125,4,144,1,1,1044,broad_xyz,22.359644512058757,False,0.94596818003146,0.6119941152564078,0.8396737637633468,0.7694535227446219,0.7837603572711557,0.6827078212013824,0.0337285505821798,0.0165859337955745,1.9855741241031457e-15,17.592496054248183,44
1682,0.225,4,144,1,1,1044,broad_xyz,22.359644512058757,False,0.9288321115686966,0.6024855279360887,0.8484628950665433,0.7787653998183222,0.7822208568656254,0.6594548588904409,0.0387962978668129,0.0192927223970385,1.9855741241031457e-15,17.592496054248183,44
1683,0.2375,4,144,1,1,1044,broad_xyz,22.359644512058757,False,0.9032435125137744,0.5922342263576688,0.856802172805095,0.7863592005974768,0.7688165373533571,0.6340210889251156,0.0442693494708881,0.0222542178046793,1.9855741241031457e-15,17.592496054248183,44
1684,0.25,4,144,1,1,1044,broad_xyz,22.359644512058757,False,0.8689162436848981,0.5817224191050568,0.8645115240097558,0.7921521659012265,0.7443127423506675,0.606772921027865,0.0501306294848019,0.0254628484795975,1.9855741241031457e-15,17.592496054248183,44
1685,0.27,4,144,1,1,1044,broad_xyz,22.359644512058757,False,0.7976079632494733,0.5646893724468833,0.8758446246717909,0.7983059444881735,0.689457371237179,0.56083075933626,0.060265002318873,0.0310787952726842,1.9855741241031457e-15,17.592496054248183,44
1686,0.29,4,144,1,1,1044,broad_xyz,22.359644512058757,False,0.7126880986738862,0.5477971611307069,0.8863462077994666,0.8018920129837124,0.6300316374791852,0.5140575315861261,0.0713104716207755,0.0372103469976412,1.9855741241031457e-15,17.592496054248183,44
1687,0.31,4,144,1,1,1044,broad_xyz,22.359644512058757,False,0.6243900614976056,0.5314194854776589,0.896324846432038,0.8045049261539369,0.581891968950156,0.4686688365293049,0.0834902106970888,0.0437257233314049,1.9855741241031457e-15,17.592496054248183,44
1688,0.33,4,144,1,1,1044,broad_xyz,22.359644512058757,False,0.5425194555275734,0.5158280153396947,0.9057980340952078,0.8074367062876573,0.5552685140560027,0.4266316541802207,0.0965775319685954,0.050447490691739,1.9855741241031457e-15,17.592496054248183,44
1689,0.35,4,144,1,1,1044,broad_xyz,22.359644512058757,False,0.4724516701846975,0.5011802937164731,0.9143609371388052,0.8111426168405745,0.552047054116752,0.3896436177259711,0.11005298720183,0.0571598131275274,1.9855741241031457e-15,17.592496054248183,44
1690,0.37,4,144,1,1,1044,broad_xyz,22.359644512058757,False,0.4138841275335506,0.4874949235929254,0.9210754729180612,0.8147683617935296,0.5691154890518916,0.3591938459445929,0.1235698227063062,0.063621244301944,1.9855741241031457e-15,17.592496054248183,44
1691,0.39,4,144,1,1,1044,broad_xyz,22.359644512058757,False,0.3655966849848164,0.4746184105094131,0.9244003774072724,0.8158575649141317,0.600043576744776,0.3366608823977166,0.1369237091879716,0.0695818310753145,1.9855741241031457e-15,17.592496054248183,44
1692,0.41,4,144,1,1,1044,broad_xyz,22.359644512058757,False,0.326703362164889,0.4622022935555104,0.9222010296648,0.8104062485359975,0.6350757673575061,0.323380728973979,0.1510616509576124,0.0748027948194734,1.9855741241031457e-15,17.592496054248183,44
1693,0.43,4,144,1,1,1044,broad_xyz,22.359644512058757,False,0.2964323619611987,0.4497249862926638,0.9119130700311192,0.7934714365021257,0.6622049127905046,0.3205998095616875,0.1644428197606293,0.0790769147180187,1.9855741241031457e-15,17.592496054248183,44
1694,0.45,4,144,1,1,1044,broad_xyz,22.359644512058757,False,0.2742414485352573,0.4366004304259115,0.8909565006093145,0.76044675203852,0.6687930327042669,0.3293053159042305,0.1766947151516751,0.0822476315091652,1.9855741241031457e-15,17.592496054248183,44
1695,0.5,4,144,1,1,1044,broad_xyz,22.359644512058757,False,0.2515425962882826,0.3992065123099506,0.7832734671591965,0.5992891569261487,0.557346064613389,0.4018587917379903,0.2003793287150608,0.0849438602963423,1.9855741241031457e-15,17.592496054248183,44
1696,0.55,4,144,1,1,1044,broad_xyz,22.359644512058757,False,0.2743984767092563,0.3682199522491683,0.6332776669425554,0.3968609555056094,0.3885783764176239,0.5187757826649763,0.2121948063856079,0.0816185627437097,1.9855741241031457e-15,17.592496054248183,44
1697,0.6,4,144,1,1,1044,broad_xyz,22.359644512058757,False,0.3551874102579468,0.3765482040469322,0.5282665871233478,0.285393615160844,0.2853501307855202,0.5790327325806937,0.2133610145511171,0.0770677862431618,1.9855741241031457e-15,17.592496054248183,44
1698,0.6499999999999999,4,144,1,1,1044,broad_xyz,22.359644512058757,False,0.502374476948105,0.4284440951134582,0.4376031470759203,0.2526637163084241,0.2377626944763877,0.4463624949070423,0.2092522326275961,0.0735955053380176,1.9855741241031457e-15,17.592496054248183,44
1699,0.7,4,144,1,1,1044,broad_xyz,22.359644512058757,False,0.6446648577503173,0.5216372720582164,0.3583164353532621,0.3100915541456617,0.2324774557434956,0.1774764909961684,0.2074565492097615,0.0742497110196327,1.9855741241031457e-15,17.592496054248183,44
1700,0.725,4,144,1,1,1044,broad_xyz,22.359644512058757,False,0.6843998842828131,0.5760171734653248,0.3277591489527045,0.3690670913183737,0.2369491176949942,0.0557862549695621,0.2093149541032651,0.0766874969380286,1.9855741241031457e-15,17.592496054248183,44
1701,0.75,4,144,1,1,1044,broad_xyz,22.359644512058757,False,0.7025867680054189,0.6306384353453662,0.3189922484216359,0.4407600076629801,0.2535870041535902,-0.0305772218583599,0.2131656835250038,0.0809856410697943,1.9855741241031457e-15,17.592496054248183,44
1702,0.775,4,144,1,1,1044,broad_xyz,22.359644512058757,False,0.7090534265995948,0.6828378485116551,0.3448148430824397,0.5047411271828242,0.2826622244025848,-0.0650577874902035,0.2183950675916142,0.0873603690545253,1.9855741241031457e-15,17.592496054248183,44
1703,0.8,4,144,1,1,1044,broad_xyz,22.359644512058757,False,0.7026935808291731,0.7226514689376029,0.3961331792082824,0.5263367929255363,0.3082187755489525,-0.045804290412035,0.2239092414272718,0.095173545507771,1.9855741241031457e-15,17.592496054248183,44
1704,0.825,4,144,1,1,1044,broad_xyz,22.359644512058757,False,0.6812856543105755,0.7417704409581416,0.4537024651750317,0.4975435256150813,0.2979172921130509,0.009716391429878,0.2283603299572271,0.1033381774913678,1.9855741241031457e-15,17.592496054248183,44
1705,0.85,4,144,1,1,1044,broad_xyz,22.359644512058757,False,0.6515176742987464,0.7452123535324887,0.4997479389647211,0.4413042234170873,0.2553695605835494,0.0718067578024441,0.2304450051403774,0.1106560470249552,1.9855741241031457e-15,17.592496054248183,44
1706,0.875,4,144,1,1,1044,broad_xyz,22.359644512058757,False,0.6217820913242319,0.7395595724882571,0.5325054174068065,0.3802694239725619,0.1910688692033793,0.1274747347442082,0.2391030748803894,0.1165769573373825,1.9855741241031457e-15,17.592496054248183,44
1707,0.9,4,144,1,1,1044,broad_xyz,22.359644512058757,False,0.5928396455589637,0.7272181266551205,0.5496091611679822,0.3284512449330097,0.1269475657450141,0.1684038847927682,0.2476005596094933,0.1207942674802497,1.9855741241031457e-15,17.592496054248183,44
1708,0.95,4,144,1,1,1044,broad_xyz,22.359644512058757,False,0.5102730881053347,0.6531931624119,0.568122102208358,0.2651334924086501,0.0170191302219247,0.2425066672288833,0.2727903056741855,0.1257964540372811,1.9855741241031457e-15,17.592496054248183,44
1709,1.0,4,144,1,1,1044,broad_xyz,22.359644512058757,False,0.3538169646497225,0.4765650842038054,0.5946286482907965,0.2464224602993913,-0.0199829451363458,0.3413183804847784,0.2985091513486045,0.1311020305761062,1.9855741241031457e-15,17.592496054248183,44
1710,0.05,4,144,1,1,1045,broad_xyz,22.359644512058757,False,0.7478679384244108,0.4871804724873099,0.6194294761103418,0.5414069998840262,0.4725918042972438,0.6961972051743257,0.000835503081922,0.0002839146207693,1.9855741241031457e-15,17.592496054248183,45
1711,0.075,4,144,1,1,1045,broad_xyz,22.359644512058757,False,0.7574517642199194,0.5047069806954936,0.6442960731009159,0.5958911885580841,0.5692255770345785,0.729597984337049,0.001975604048097,0.0006956290832559,1.9855741241031457e-15,17.592496054248183,45
1712,0.1,4,144,1,1,1045,broad_xyz,22.359644512058757,False,0.735564702050209,0.5225990652464954,0.6661498806965231,0.6475405037764734,0.6696941805343662,0.7551349315280746,0.0037210592161142,0.0013516324036216,1.9855741241031457e-15,17.592496054248183,45
1713,0.125,4,144,1,1,1045,broad_xyz,22.359644512058757,False,0.7177966604672678,0.5418731556312899,0.6971016554659546,0.6863830163094812,0.7526244192094016,0.7853105710767252,0.0061826288071381,0.0023206366139182,1.9855741241031457e-15,17.592496054248183,45
1714,0.15,4,144,1,1,1045,broad_xyz,22.359644512058757,False,0.7116215277938707,0.5632356823342092,0.7260770167922385,0.7168289806380478,0.8114311879379595,0.8121633008677491,0.0094642622682151,0.0036627229337628,1.9855741241031457e-15,17.592496054248183,45
1715,0.1625,4,144,1,1,1045,broad_xyz,22.359644512058757,False,0.710299146103216,0.5719217881176756,0.7375217965111662,0.7305661629569443,0.829055791001587,0.8223217601355981,0.0114451119336899,0.0044860875657877,1.9855741241031457e-15,17.592496054248183,45
1716,0.175,4,144,1,1,1045,broad_xyz,22.359644512058757,False,0.7099764713250262,0.5790881553442668,0.7471528783509498,0.7431416135611091,0.8386500006595852,0.8305916717581603,0.0136682887901422,0.0054163698761687,1.9855741241031457e-15,17.592496054248183,45
1717,0.1875,4,144,1,1,1045,broad_xyz,22.359644512058757,False,0.7103663513048079,0.5846894865368194,0.7551874990306986,0.754561635208736,0.8392053558651257,0.8371767425316684,0.0161438009507651,0.0064549286457153,1.9855741241031457e-15,17.592496054248183,45
1718,0.2,4,144,1,1,1045,broad_xyz,22.359644512058757,False,0.7116986203914865,0.5888462207053151,0.7619125154457481,0.7644715618424368,0.8310786892466882,0.8423414253678528,0.0188797897731282,0.007603246922189,1.9855741241031457e-15,17.592496054248183,45
1719,0.2125,4,144,1,1,1045,broad_xyz,22.359644512058757,False,0.7140835684565133,0.5917122611085139,0.7675833324726278,0.7726627937010273,0.8160337276593622,0.8462789345900116,0.0218820983662025,0.0088606288138014,1.9855741241031457e-15,17.592496054248183,45
1720,0.225,4,144,1,1,1045,broad_xyz,22.359644512058757,False,0.7176549645205024,0.593450243778339,0.7724206208419209,0.778967070844849,0.7950372833045779,0.849106002764077,0.0251795190135754,0.0102246923499684,1.9855741241031457e-15,17.592496054248183,45
1721,0.2375,4,144,1,1,1045,broad_xyz,22.359644512058757,False,0.7225665974954044,0.594191304325654,0.7766030588760993,0.7832681120237656,0.7689395626141219,0.8508503824059729,0.0287581574767169,0.0116916501985591,1.9855741241031457e-15,17.592496054248183,45
1722,0.25,4,144,1,1,1045,broad_xyz,22.359644512058757,False,0.7289607670257754,0.5940451443613721,0.7802704547396941,0.7855265444488545,0.7383826000442906,0.8514520931019696,0.0326044753307193,0.0132561348336589,1.9855741241031457e-15,17.592496054248183,45
1723,0.27,4,144,1,1,1045,broad_xyz,22.359644512058757,False,0.7425930734349687,0.5922832431909127,0.7853343680438725,0.7849761946134247,0.6806040094583438,0.8496587501610323,0.0392899294166102,0.015943448377802,1.9855741241031457e-15,17.592496054248183,45
1724,0.29,4,144,1,1,1045,broad_xyz,22.359644512058757,False,0.7607328030220828,0.5890177648794934,0.7896591655265345,0.7796589644671309,0.6123102551276456,0.8434736474244509,0.0465691104444576,0.0188230918830886,1.9855741241031457e-15,17.592496054248183,45
1725,0.31,4,144,1,1,1045,broad_xyz,22.359644512058757,False,0.7834788963781951,0.5846338228971706,0.7934021206022743,0.7701536859084376,0.5345163304605103,0.8311015176202472,0.0543393825503176,0.0218468395366322,1.9855741241031457e-15,17.592496054248183,45
1726,0.33,4,144,1,1,1045,broad_xyz,22.359644512058757,False,0.8104868866924639,0.579475734966087,0.7965952621230621,0.7571299647515916,0.4474317956641084,0.8098573867476806,0.0624572994614448,0.0249592438897315,1.9855741241031457e-15,17.592496054248183,45
1727,0.35,4,144,1,1,1045,broad_xyz,22.359644512058757,False,0.8405955494721483,0.5737897671932846,0.7991856765286247,0.7412194656813523,0.3513239540997567,0.7760960053021703,0.0707362625437618,0.0280991449962476,1.9855741241031457e-15,17.592496054248183,45
1728,0.37,4,144,1,1,1045,broad_xyz,22.359644512058757,False,0.8712511406896737,0.5677496782392332,0.8011198993580562,0.7229037285821963,0.2472724958257778,0.7257000914042769,0.0789600623850565,0.0311993460295102,1.9855741241031457e-15,17.592496054248183,45
1729,0.39,4,144,1,1,1045,broad_xyz,22.359644512058757,False,0.8974663771186341,0.5615772336488253,0.8022609442116136,0.70262665960264,0.1377228808703152,0.6540536723054582,0.0871916328321147,0.0341876041995378,1.9855741241031457e-15,17.592496054248183,45
1730,0.41,4,144,1,1,1045,broad_xyz,22.359644512058757,False,0.9109452490349216,0.5554346253841443,0.8023564208071658,0.680911721129438,0.0279358783258802,0.557117711091039,0.0950436049643503,0.0369945308762195,1.9855741241031457e-15,17.592496054248183,45
1731,0.43,4,144,1,1,1045,broad_xyz,22.359644512058757,False,0.9015196662498812,0.5494627163986306,0.8011005786754427,0.6584021473108759,-0.0750277586799617,0.4351987971269873,0.1023191698988363,0.0395555321260128,1.9855741241031457e-15,17.592496054248183,45
1732,0.45,4,144,1,1,1045,broad_xyz,22.359644512058757,False,0.8651232936244296,0.5438468084613054,0.7980416492137361,0.6359438312356662,-0.1651811520442306,0.2950844104220954,0.1088649979303105,0.0418176664355378,1.9855741241031457e-15,17.592496054248183,45
1733,0.5,4,144,1,1,1045,broad_xyz,22.359644512058757,False,0.6671210093292276,0.5329718418257909,0.7776719602824786,0.5872505306050161,-0.3277922028374108,-0.0473669959810479,0.1247194662877288,0.046018517692871,1.9855741241031457e-15,17.592496054248183,45
1734,0.55,4,144,1,1,1045,broad_xyz,22.359644512058757,False,0.3275802695763394,0.532698439336785,0.7248813056117888,0.5584959237565523,-0.4207872022128739,-0.2400914684011623,0.1432200629157232,0.0486081236821953,1.9855741241031457e-15,17.592496054248183,45
1735,0.6,4,144,1,1,1045,broad_xyz,22.359644512058757,False,0.1137326664974518,0.5543169030462174,0.6285316525327145,0.5393803530691855,-0.4952585633534085,-0.2435139344876412,0.1718373355994305,0.0511172411418083,1.9855741241031457e-15,17.592496054248183,45
1736,0.6499999999999999,4,144,1,1,1045,broad_xyz,22.359644512058757,False,0.0972751928013511,0.5972806528578386,0.5197089253395767,0.5201891466260832,-0.4031080178524696,-0.1538143761673728,0.1960694502616452,0.0552370973406747,1.9855741241031457e-15,17.592496054248183,45
1737,0.7,4,144,1,1,1045,broad_xyz,22.359644512058757,False,0.1468873486871583,0.6358190998088032,0.4475449408969891,0.5169638244756497,-0.1145963104111989,-0.0492575167600278,0.2128364169470503,0.061302774114806,1.9855741241031457e-15,17.592496054248183,45
1738,0.725,4,144,1,1,1045,broad_xyz,22.359644512058757,False,0.1578307044324404,0.6471652090604253,0.4342452124826909,0.5255369430251872,0.0083672283804888,-0.004554947293617,0.2228112874515508,0.06476596437056,1.9855741241031457e-15,17.592496054248183,45
1739,0.75,4,144,1,1,1045,broad_xyz,22.359644512058757,False,0.154218177894829,0.6527364575662654,0.4345098643356258,0.5394235839321248,0.1038705035949319,0.031457566063729,0.2321155184995295,0.0681964172888793,1.9855741241031457e-15,17.592496054248183,45
1740,0.775,4,144,1,1,1045,broad_xyz,22.359644512058757,False,0.1386451878548891,0.6543133496851905,0.4473075630795282,0.5559473348673248,0.1731405572020092,0.0593981168175277,0.2396719626255116,0.0714683554166318,1.9855741241031457e-15,17.592496054248183,45
1741,0.8,4,144,1,1,1045,broad_xyz,22.359644512058757,False,0.117835918996173,0.6530583020027997,0.4705471325534026,0.5706176535517001,0.2260028583962618,0.0832353518687874,0.2453959831048918,0.0745501894824821,1.9855741241031457e-15,17.592496054248183,45
1742,0.825,4,144,1,1,1045,broad_xyz,22.359644512058757,False,0.1010439614262085,0.6485166812363394,0.4995749014220363,0.5761169690160814,0.2679316401980651,0.1082430699273045,0.2491415843679669,0.0774958380804294,1.9855741241031457e-15,17.592496054248183,45
1743,0.85,4,144,1,1,1045,broad_xyz,22.359644512058757,False,0.0993570517394745,0.641296574080006,0.5286070466858486,0.5657714398071201,0.292148676960773,0.1386537593857952,0.2507080334225872,0.0805094358736587,1.9855741241031457e-15,17.592496054248183,45
1744,0.875,4,144,1,1,1045,broad_xyz,22.359644512058757,False,0.1305402540514256,0.635038442367258,0.5536142527380915,0.5386252401199927,0.2999971006135242,0.1700741205354494,0.2498892929468581,0.084166646077532,1.9855741241031457e-15,17.592496054248183,45
1745,0.9,4,144,1,1,1045,broad_xyz,22.359644512058757,False,0.2097351753993899,0.6290451076095002,0.5746455606247602,0.4948053798153548,0.2991102108964969,0.2044226836478199,0.2465729498471786,0.0887076988488308,1.9855741241031457e-15,17.592496054248183,45
1746,0.95,4,144,1,1,1045,broad_xyz,22.359644512058757,False,0.4418316068528068,0.5961460839198177,0.618277662529297,0.3701641728300742,0.2485173269850711,0.297855726273975,0.2352187560081122,0.0990331520953125,1.9855741241031457e-15,17.592496054248183,45
1747,1.0,4,144,1,1,1045,broad_xyz,22.359644512058757,False,0.5980351341379925,0.525516039660259,0.664093658637228,0.2293778391371559,0.12298276615528,0.3938694690412695,0.2687396632333138,0.1096100479542512,1.9855741241031457e-15,17.592496054248183,45
1748,0.05,4,144,1,1,1046,broad_xyz,22.359644512058757,False,0.7083019848457812,0.307005898988705,0.797723167662728,0.3180314518252227,0.3385327871336466,0.7337119405732566,0.0012857039557823,0.0003168834093561,1.9855741241031457e-15,17.592496054248183,46
1749,0.075,4,144,1,1,1046,broad_xyz,22.359644512058757,False,0.6457331046208705,0.3004929448755898,0.7875623433995258,0.331400098034258,0.3448407376106415,0.7344475191066177,0.0029720517544325,0.0007269430177805,1.9855741241031457e-15,17.592496054248183,46
1750,0.1,4,144,1,1,1046,broad_xyz,22.359644512058757,False,0.5456448509846181,0.2924424810833577,0.7749890010102872,0.3413018617081357,0.3519167270883911,0.7313973627409948,0.0054915429606543,0.0013380048063135,1.9855741241031457e-15,17.592496054248183,46
1751,0.125,4,144,1,1,1046,broad_xyz,22.359644512058757,False,0.4320604789846226,0.2826051934345278,0.7594214661168198,0.3457081014646066,0.3572459584908896,0.72465447948269,0.0090186255103481,0.002193548083279,1.9855741241031457e-15,17.592496054248183,46
1752,0.15,4,144,1,1,1046,broad_xyz,22.359644512058757,False,0.301159115772,0.2713738399138364,0.741444318685416,0.3425278205176822,0.3588470185398681,0.7152924276470577,0.0137800206054061,0.0033504023381412,1.9855741241031457e-15,17.592496054248183,46
1753,0.1625,4,144,1,1,1046,broad_xyz,22.359644512058757,False,0.2250366718205204,0.2653450482105363,0.7317606530903016,0.3377994138842852,0.357529475868333,0.709881297278697,0.0167033334550918,0.0040617659112688,1.9855741241031457e-15,17.592496054248183,46
1754,0.175,4,144,1,1,1046,broad_xyz,22.359644512058757,False,0.1443556709505385,0.2589865752107707,0.7216411467139409,0.3310295632097093,0.3543864922551598,0.7039728692290459,0.0200311283064635,0.0048718173179497,1.9855741241031457e-15,17.592496054248183,46
1755,0.1875,4,144,1,1,1046,broad_xyz,22.359644512058757,False,0.0651493944454331,0.2522140891812366,0.7117207036322875,0.3223329655991494,0.3492867323327053,0.6981380300531275,0.0237926856174738,0.0057898845105767,1.9855741241031457e-15,17.592496054248183,46
1756,0.2,4,144,1,1,1046,broad_xyz,22.359644512058757,False,-0.005906278220629,0.2451498570453195,0.7015192990753215,0.311959633715355,0.342168870907947,0.6918580035490901,0.0280126946913859,0.0068200274729466,1.9855741241031457e-15,17.592496054248183,46
1757,0.2125,4,144,1,1,1046,broad_xyz,22.359644512058757,False,-0.0626630338717585,0.2378438021862153,0.6910753329199343,0.3001574037898097,0.3327721676572553,0.6851337455199286,0.0327091152481576,0.0079667669419473,1.9855741241031457e-15,17.592496054248183,46
1758,0.225,4,144,1,1,1046,broad_xyz,22.359644512058757,False,-0.1019651256841054,0.2303994800740662,0.6804443725329896,0.2874631196454592,0.3225378155192372,0.6778733816105573,0.0378910218597015,0.0092329834329541,1.9855741241031457e-15,17.592496054248183,46
1759,0.2375,4,144,1,1,1046,broad_xyz,22.359644512058757,False,-0.1225018596491857,0.2247638360973261,0.6699689760927635,0.2777864589369105,0.3150376475371633,0.6690713700057106,0.0435565548075096,0.010639630311479,1.9855741241031457e-15,17.592496054248183,46
1760,0.25,4,144,1,1,1046,broad_xyz,22.359644512058757,False,-0.1289246664806229,0.2192832706901621,0.6596012831395319,0.2695470022160563,0.3101410081581542,0.6591179158482268,0.0496911076545021,0.0121786117910155,1.9855741241031457e-15,17.592496054248183,46
1761,0.27,4,144,1,1,1046,broad_xyz,22.359644512058757,False,-0.1202147232498462,0.2097063137322213,0.6428057214410839,0.2577995975059592,0.3072331711121737,0.6410794786913424,0.0604044052265648,0.0148924811708315,1.9855741241031457e-15,17.592496054248183,46
1762,0.29,4,144,1,1,1046,broad_xyz,22.359644512058757,False,-0.0996893537380137,0.2003247242404289,0.6256668705161851,0.2499017516720389,0.3130581950341489,0.6197535993607113,0.072040305480454,0.017902441624129,1.9855741241031457e-15,17.592496054248183,46
1763,0.31,4,144,1,1,1046,broad_xyz,22.359644512058757,False,-0.074808571071375,0.1925489219573148,0.6106942337852426,0.2507080110743022,0.3306825578485586,0.5949754753828504,0.0842991440825503,0.0212408685684507,1.9855741241031457e-15,17.592496054248183,46
1764,0.33,4,144,1,1,1046,broad_xyz,22.359644512058757,False,-0.0516301294697018,0.1847965830393318,0.5966398248346636,0.2587624666165833,0.355579321163998,0.5658040044652984,0.0967898321128751,0.0248234090420347,1.9855741241031457e-15,17.592496054248183,46
1765,0.35,4,144,1,1,1046,broad_xyz,22.359644512058757,False,-0.0268393165330266,0.1803953262090958,0.585576580791867,0.2785942075772097,0.3906348524155078,0.5313807749499234,0.1090496178408396,0.0287079793950701,1.9855741241031457e-15,17.592496054248183,46
1766,0.37,4,144,1,1,1046,broad_xyz,22.359644512058757,False,-0.005510461387082,0.1775926517238657,0.5757756788752169,0.3070478640215192,0.4266566877389673,0.4910011316933513,0.121464900893345,0.0327693917488578,1.9855741241031457e-15,17.592496054248183,46
1767,0.39,4,144,1,1,1046,broad_xyz,22.359644512058757,False,0.0123139143410445,0.1769859170662487,0.5674672734347025,0.3436508110124919,0.4568464255813595,0.443971937881524,0.1335332337028508,0.036998284001428,1.9855741241031457e-15,17.592496054248183,46
1768,0.41,4,144,1,1,1046,broad_xyz,22.359644512058757,False,0.0267541413362963,0.1787712626852188,0.5617933757245159,0.3868282150681327,0.4732110745181025,0.3912378461996392,0.1441652599977459,0.0413193230119749,1.9855741241031457e-15,17.592496054248183,46
1769,0.43,4,144,1,1,1046,broad_xyz,22.359644512058757,False,0.0386647400993972,0.1827650870349069,0.5584327102571912,0.4340017279196067,0.4712504988304499,0.3330149180842129,0.15285058102005,0.0456425845593069,1.9855741241031457e-15,17.592496054248183,46
1770,0.45,4,144,1,1,1046,broad_xyz,22.359644512058757,False,0.0489850601936286,0.1890481374069657,0.5559736799447904,0.4795219818759621,0.4492076295854844,0.269684642947932,0.1591501201945089,0.0498749583194133,1.9855741241031457e-15,17.592496054248183,46
1771,0.5,4,144,1,1,1046,broad_xyz,22.359644512058757,False,0.0739005152289368,0.2174853239710143,0.5582564725788944,0.5462173159906885,0.3336330946882125,0.1231488916780838,0.1684005371632481,0.0598229743724946,1.9855741241031457e-15,17.592496054248183,46
1772,0.55,4,144,1,1,1046,broad_xyz,22.359644512058757,False,0.1200242719084688,0.2694020051761829,0.5713027210049166,0.5090370551150999,0.2182117698128834,0.0958414971586266,0.1752745957008241,0.0683173344285335,1.9855741241031457e-15,17.592496054248183,46
1773,0.6,4,144,1,1,1046,broad_xyz,22.359644512058757,False,0.1796581877969261,0.3432666181917862,0.5921513364408699,0.4353250448171456,0.204783991696113,0.1709949303100869,0.1835815151585252,0.0747872118306668,1.9855741241031457e-15,17.592496054248183,46
1774,0.6499999999999999,4,144,1,1,1046,broad_xyz,22.359644512058757,False,0.2035697858220543,0.4332952944400355,0.6171249458471775,0.4210442366136492,0.2090836722400534,0.2556441306246753,0.1887722814194189,0.0791657697393524,1.9855741241031457e-15,17.592496054248183,46
1775,0.7,4,144,1,1,1046,broad_xyz,22.359644512058757,False,0.2065092789684722,0.5323101060551366,0.6389245654136876,0.4799819092218613,0.1755774760820222,0.3252391021255145,0.1915392388848562,0.0823583859981055,1.9855741241031457e-15,17.592496054248183,46
1776,0.725,4,144,1,1,1046,broad_xyz,22.359644512058757,False,0.2311103968846504,0.5802149334744169,0.6427531877527978,0.5104775921530155,0.1459514003613734,0.3482791962119839,0.1921080465702225,0.0838989044942528,1.9855741241031457e-15,17.592496054248183,46
1777,0.75,4,144,1,1,1046,broad_xyz,22.359644512058757,False,0.2767060725561216,0.623105373052114,0.6385261412724041,0.5235058806790754,0.1123422774808309,0.3587403906567025,0.1919627650258477,0.0855599211933571,1.9855741241031457e-15,17.592496054248183,46
1778,0.775,4,144,1,1,1046,broad_xyz,22.359644512058757,False,0.3377367084831538,0.6578479788943037,0.6248679866475179,0.51555713592834,0.0877019658331513,0.3544241934519538,0.1907498558585177,0.0873934877466594,1.9855741241031457e-15,17.592496054248183,46
1779,0.8,4,144,1,1,1046,broad_xyz,22.359644512058757,False,0.4034830125816568,0.6823002094943267,0.6030311835389238,0.4943915938119572,0.0835547531969119,0.335976177000707,0.2025589906908178,0.0893402112203462,1.9855741241031457e-15,17.592496054248183,46
1780,0.825,4,144,1,1,1046,broad_xyz,22.359644512058757,False,0.4627041231699824,0.696484036748613,0.5777273732504835,0.4719964936175194,0.1157519809454527,0.3075144121086521,0.2194109985873725,0.0913106276262621,1.9855741241031457e-15,17.592496054248183,46
1781,0.85,4,144,1,1,1046,broad_xyz,22.359644512058757,False,0.5076647655135704,0.702615587441836,0.5521926374979326,0.4554695140245838,0.1823695335156437,0.2728664835651954,0.2434363373599896,0.0931947720934938,1.9855741241031457e-15,17.592496054248183,46
1782,0.875,4,144,1,1,1046,broad_xyz,22.359644512058757,False,0.5357061510907201,0.704181282326498,0.5268357235435187,0.4450360367023944,0.2734861824369364,0.2341368163354568,0.2654612261175997,0.0949355435300964,1.9855741241031457e-15,17.592496054248183,46
1783,0.9,4,144,1,1,1046,broad_xyz,22.359644512058757,False,0.5451518329854558,0.703456460473178,0.5045758146808211,0.4372187722256774,0.3438565322173206,0.1959392717973783,0.2846973718140097,0.0966404554637838,1.9855741241031457e-15,17.592496054248183,46
1784,0.95,4,144,1,1,1046,broad_xyz,22.359644512058757,False,0.4945920419617938,0.6884834523820894,0.4767464532142892,0.4003718316727922,0.3743815873629712,0.1417468409014755,0.3123367287122771,0.0994473110104819,1.9855741241031457e-15,17.592496054248183,46
1785,1.0,4,144,1,1,1046,broad_xyz,22.359644512058757,False,0.3743566753987206,0.6645685170749314,0.4643180509984174,0.3452724906650342,0.348205976486449,0.1098563570380554,0.3241271680054817,0.1016914018269077,1.9855741241031457e-15,17.592496054248183,46
1786,0.05,4,144,1,1,1047,broad_xyz,22.359644512058757,False,0.8367254875711441,0.7302116259814887,0.8408679588937381,0.7996342833373509,0.744014591140585,0.8427396615212444,0.0014586788929205,0.0007401939198984,1.9855741241031457e-15,17.592496054248183,47
1787,0.075,4,144,1,1,1047,broad_xyz,22.359644512058757,False,0.8289752719677362,0.7245598667745738,0.8457551744336242,0.8037949674769492,0.7533994283024195,0.8364171840714614,0.0033575192901225,0.0017202553448835,1.9855741241031457e-15,17.592496054248183,47
1788,0.1,4,144,1,1,1047,broad_xyz,22.359644512058757,False,0.8269630046829566,0.7152115591218472,0.853665186528598,0.8101155899704329,0.7700970316259134,0.8236012098443181,0.006164948283211,0.003195314434159,1.9855741241031457e-15,17.592496054248183,47
1789,0.125,4,144,1,1,1047,broad_xyz,22.359644512058757,False,0.8280175055290296,0.7021236067363397,0.8633034573251654,0.8173564731051655,0.7918227430799941,0.8015561945253834,0.0100782309302036,0.0052631506948728,1.9855741241031457e-15,17.592496054248183,47
1790,0.15,4,144,1,1,1047,broad_xyz,22.359644512058757,False,0.8282698330414291,0.6853735915212277,0.8736536537418191,0.8242288778732098,0.8132991196602334,0.7685555057124795,0.0152570306617882,0.0080394941303099,1.9855741241031457e-15,17.592496054248183,47
1791,0.1625,4,144,1,1,1047,broad_xyz,22.359644512058757,False,0.8264865072905477,0.67576293834635,0.8787762337874611,0.82718994086001,0.8213587139275709,0.7476386922845634,0.0183780242011602,0.0097318890644761,1.9855741241031457e-15,17.592496054248183,47
1792,0.175,4,144,1,1,1047,broad_xyz,22.359644512058757,False,0.822404482027837,0.6654518527439102,0.8837132282037975,0.8297056854178987,0.8255986700977981,0.7237656610257535,0.021881848180311,0.0116473672062455,1.9855741241031457e-15,17.592496054248183,47
1793,0.1875,4,144,1,1,1047,broad_xyz,22.359644512058757,False,0.8152234875863811,0.6545589416592306,0.8883721916990334,0.8317183748097322,0.8247500688565662,0.6970417185351537,0.0257869252674893,0.0138000259606226,1.9855741241031457e-15,17.592496054248183,47
1794,0.2,4,144,1,1,1047,broad_xyz,22.359644512058757,False,0.804228236796684,0.643218344830897,0.892680001924462,0.8332024712113287,0.8162496019206454,0.6676696351683927,0.0301080359640486,0.0162023376093587,1.9855741241031457e-15,17.592496054248183,47
1795,0.2125,4,144,1,1,1047,broad_xyz,22.359644512058757,False,0.7889185295557664,0.6315745835746153,0.8965833988850486,0.8341634727007055,0.7963408615431952,0.6359482105952832,0.0348550977696353,0.0188644596384662,1.9855741241031457e-15,17.592496054248183,47
1796,0.225,4,144,1,1,1047,broad_xyz,22.359644512058757,False,0.7691425733849087,0.6197773576399007,0.9000481492363319,0.8346352890430293,0.7624109699106391,0.602264775062655,0.0400920017542188,0.0217934947094371,1.9855741241031457e-15,17.592496054248183,47
1797,0.2375,4,144,1,1,1047,broad_xyz,22.359644512058757,False,0.7451860225309382,0.6079766874321105,0.903057184771064,0.8346766147176259,0.7124810662082064,0.5670818344078046,0.0459517877793821,0.0249927144607831,1.9855741241031457e-15,17.592496054248183,47
1798,0.25,4,144,1,1,1047,broad_xyz,22.359644512058757,False,0.7177692275652489,0.5963186827926092,0.9056080935335266,0.834366735709129,0.6467245266003004,0.5309187173923499,0.0524614632742722,0.0284607665772046,1.9855741241031457e-15,17.592496054248183,47
1799,0.27,4,144,1,1,1047,broad_xyz,22.359644512058757,False,0.6693596378905284,0.578305250247377,0.9087636418630984,0.833383239798162,0.5132610536774188,0.4724074533937954,0.0639667341085839,0.0345496635052351,1.9855741241031457e-15,17.592496054248183,47
1800,0.29,4,144,1,1,1047,broad_xyz,22.359644512058757,False,0.6193759965901878,0.5614563570035912,0.9109276683713944,0.8321857455893393,0.3647710072005201,0.4151775396893225,0.0765933483565668,0.0412467107610281,1.9855741241031457e-15,17.592496054248183,47
1801,0.31,4,144,1,1,1047,broad_xyz,22.359644512058757,False,0.5710887377231627,0.5457324723687388,0.9127231191331472,0.8311622750446679,0.2259030418917613,0.3618659594176052,0.0900719751485414,0.0484508232586686,1.9855741241031457e-15,17.592496054248183,47
1802,0.33,4,144,1,1,1047,broad_xyz,22.359644512058757,False,0.5266146253506413,0.532040386969615,0.9136385059467478,0.8308402690477533,0.1108822285536738,0.3136440865297614,0.104089003132072,0.0559969982199306,1.9855741241031457e-15,17.592496054248183,47
1803,0.35,4,144,1,1,1047,broad_xyz,22.359644512058757,False,0.4863874874924353,0.5206277780118815,0.9137905121884032,0.83158488444408,0.0217738254665446,0.2719405220985287,0.1188984703238183,0.0636756192802675,1.9855741241031457e-15,17.592496054248183,47
1804,0.37,4,144,1,1,1047,broad_xyz,22.359644512058757,False,0.4502708620021259,0.5116439704576453,0.9132617906609825,0.8335705237419948,-0.0440737502720364,0.2377608442653844,0.1333108075256822,0.0712319246191997,1.9855741241031457e-15,17.592496054248183,47
1805,0.39,4,144,1,1,1047,broad_xyz,22.359644512058757,False,0.4182004901656519,0.5051407618656387,0.9120691078926708,0.836648078937168,-0.0900166327252176,0.2117341477265677,0.1466588692841782,0.0783782107761882,1.9855741241031457e-15,17.592496054248183,47
1806,0.41,4,144,1,1,1047,broad_xyz,22.359644512058757,False,0.3905487319625728,0.5010745661595575,0.9101174034097048,0.8402053295011418,-0.118852469116524,0.1941887223458627,0.1583648889514728,0.0848133396916169,1.9855741241031457e-15,17.592496054248183,47
1807,0.43,4,144,1,1,1047,broad_xyz,22.359644512058757,False,0.3682171221424443,0.4993110337645645,0.9071348698830792,0.8430898430183467,-0.1331810420011917,0.1852249952909336,0.1685697209819753,0.0902490943025387,1.9855741241031457e-15,17.592496054248183,47
1808,0.45,4,144,1,1,1047,broad_xyz,22.359644512058757,False,0.3525911296125381,0.4996346343308058,0.9025903367473808,0.8436724668340443,-0.1362743019510068,0.1847532274101995,0.1769876493287273,0.0944413473768221,1.9855741241031457e-15,17.592496054248183,47
1809,0.5,4,144,1,1,1047,broad_xyz,22.359644512058757,False,0.35530950953983,0.5076702364861738,0.8777213830439863,0.8222836283738506,-0.1211135202759417,0.2177845438752106,0.1853523411768054,0.0986351205390729,1.9855741241031457e-15,17.592496054248183,47
1810,0.55,4,144,1,1,1047,broad_xyz,22.359644512058757,False,0.4404780602202419,0.5221513977582466,0.8153373025741195,0.7459618837118713,-0.0529845109290596,0.2828824519140125,0.1908580750970623,0.0946110822143252,1.9855741241031457e-15,17.592496054248183,47
1811,0.6,4,144,1,1,1047,broad_xyz,22.359644512058757,False,0.5963145302397613,0.536576892532749,0.709100184159188,0.6186884674433232,0.1385105678933872,0.3524107319847023,0.1951903696493145,0.0860991819410607,1.9855741241031457e-15,17.592496054248183,47
1812,0.6499999999999999,4,144,1,1,1047,broad_xyz,22.359644512058757,False,0.7298865791059694,0.5496313966537156,0.5977256472516912,0.5074019054465047,0.2066622221626483,0.3978661057731334,0.2021339847061583,0.0774983108425693,1.9855741241031457e-15,17.592496054248183,47
1813,0.7,4,144,1,1,1047,broad_xyz,22.359644512058757,False,0.7513584694670863,0.570371829073305,0.5506158486347168,0.4781525749282635,0.0319183021613102,0.4117710634725366,0.2105084039974424,0.072880882299486,1.9855741241031457e-15,17.592496054248183,47
1814,0.725,4,144,1,1,1047,broad_xyz,22.359644512058757,False,0.7187832727843612,0.5725486904670916,0.5484283239379154,0.475472373653986,-0.0558558600115906,0.4120122623763464,0.2154086918790378,0.0720729874763698,1.9855741241031457e-15,17.592496054248183,47
1815,0.75,4,144,1,1,1047,broad_xyz,22.359644512058757,False,0.665074594650905,0.567102280482931,0.5598869701701376,0.470323868999351,-0.1026725457938653,0.4108984535104836,0.2208169179641109,0.0723316378064923,1.9855741241031457e-15,17.592496054248183,47
1816,0.775,4,144,1,1,1047,broad_xyz,22.359644512058757,False,0.595728798006597,0.5542025911754376,0.579075554525855,0.4518562311755973,-0.1064069182781839,0.4100867610278776,0.2304239177083729,0.0734632101440663,1.9855741241031457e-15,17.592496054248183,47
1817,0.8,4,144,1,1,1047,broad_xyz,22.359644512058757,False,0.5169040105803023,0.5342788869238108,0.604122282252861,0.4149207752599875,-0.0896848550297939,0.4109242933192765,0.2379474305871048,0.0753955559038353,1.9855741241031457e-15,17.592496054248183,47
1818,0.825,4,144,1,1,1047,broad_xyz,22.359644512058757,False,0.429818909359575,0.5085915318211391,0.6373734940970122,0.3568695369860221,-0.0800188049349763,0.41590628989025,0.2422608415194921,0.0783461285364927,1.9855741241031457e-15,17.592496054248183,47
1819,0.85,4,144,1,1,1047,broad_xyz,22.359644512058757,False,0.3377300016967045,0.4777558949566599,0.6689631518052243,0.2760248096759675,-0.0886555898968905,0.423839961210354,0.246664308573406,0.0817769304065228,1.9855741241031457e-15,17.592496054248183,47
1820,0.875,4,144,1,1,1047,broad_xyz,22.359644512058757,False,0.2420931009377727,0.4402182233152003,0.6956001292119828,0.1782932709135121,-0.1050917481696779,0.4377501456292866,0.2606102139234545,0.0849915778115531,1.9855741241031457e-15,17.592496054248183,47
1821,0.9,4,144,1,1,1047,broad_xyz,22.359644512058757,False,0.1506639270548285,0.4020437280016838,0.7057377508948945,0.0810408245255594,-0.1237306894949211,0.4477172028682299,0.2745623897369261,0.0868946363816215,1.9855741241031457e-15,17.592496054248183,47
1822,0.95,4,144,1,1,1047,broad_xyz,22.359644512058757,False,-0.0255894815575224,0.3162992415840852,0.6971860886220644,-0.0858312674232696,-0.2172091006921699,0.4652520962179179,0.2913119034937125,0.0870973227972643,1.9855741241031457e-15,17.592496054248183,47
1823,1.0,4,144,1,1,1047,broad_xyz,22.359644512058757,False,-0.212551132197165,0.1913690948842799,0.6755417434695218,-0.192067017031187,-0.2923708303926999,0.4911087659341077,0.2886969815416255,0.0855462135558575,1.9855741241031457e-15,17.592496054248183,47
1824,0.05,4,144,1,1,1048,broad_xyz,22.359644512058757,False,0.4123212389839182,0.533448734135062,0.1922853750459059,-0.4567227010184149,-0.4209315961449316,0.3580622887824051,0.0001757435922963,6.384728584301721e-05,1.9855741241031457e-15,17.592496054248183,48
1825,0.075,4,144,1,1,1048,broad_xyz,22.359644512058757,False,0.4802112170029836,0.5467894994626848,0.1963897158189367,-0.4108815970451084,-0.3812785745123139,0.3308018845248964,0.0004242988204116,0.0001598491058037,1.9855741241031457e-15,17.592496054248183,48
1826,0.1,4,144,1,1,1048,broad_xyz,22.359644512058757,False,0.5357861544676099,0.5613872184439438,0.2085698309769538,-0.3782358599951992,-0.3513455082047069,0.3139075876383914,0.0008940809795532,0.0003254610270477,1.9855741241031457e-15,17.592496054248183,48
1827,0.125,4,144,1,1,1048,broad_xyz,22.359644512058757,False,0.5786295660086149,0.5714065906983583,0.2337801734574203,-0.3623465460226484,-0.3338395112477269,0.3139086904610411,0.0016386386174165,0.0005893987895386,1.9855741241031457e-15,17.592496054248183,48
1828,0.15,4,144,1,1,1048,broad_xyz,22.359644512058757,False,0.6029254112471142,0.5766389850277689,0.2631803592857997,-0.3600831271118238,-0.3242736984109375,0.3239802760022184,0.0027437839849398,0.00098259319447,1.9855741241031457e-15,17.592496054248183,48
1829,0.1625,4,144,1,1,1048,broad_xyz,22.359644512058757,False,0.6072982216811668,0.5778859603022923,0.2821154181901167,-0.3669544122520548,-0.3243717165503728,0.3358326175508306,0.0034621085741172,0.0012384791942842,1.9855741241031457e-15,17.592496054248183,48
1830,0.175,4,144,1,1,1048,broad_xyz,22.359644512058757,False,0.6069875798075446,0.5771756256514176,0.3016851212229478,-0.3764605052239768,-0.3245520882475066,0.3495517274478366,0.0043087179401209,0.0015382186102479,1.9855741241031457e-15,17.592496054248183,48
1831,0.1875,4,144,1,1,1048,broad_xyz,22.359644512058757,False,0.6028116207261888,0.5737874270973983,0.3294893508805174,-0.3943737802183923,-0.3297258669437078,0.3725638894272097,0.0052976480738502,0.0018881047126067,1.9855741241031457e-15,17.592496054248183,48
1832,0.2,4,144,1,1,1048,broad_xyz,22.359644512058757,False,0.5932451002336308,0.568936523405623,0.3598852154504735,-0.4171759569960878,-0.3359377553569794,0.3995635694607929,0.0064432334379317,0.0022907541631171,1.9855741241031457e-15,17.592496054248183,48
1833,0.2125,4,144,1,1,1048,broad_xyz,22.359644512058757,False,0.5776688532063775,0.5618021069952429,0.3900963190839418,-0.4418476578788308,-0.3398658389735932,0.4275185592441901,0.0077598091175881,0.0027475610167942,1.9855741241031457e-15,17.592496054248183,48
1834,0.225,4,144,1,1,1048,broad_xyz,22.359644512058757,False,0.5566920394152345,0.5513683042035176,0.4287962794714612,-0.4744375330852542,-0.3468397915510793,0.4640928307643394,0.0092613351828457,0.003265820749766,1.9855741241031457e-15,17.592496054248183,48
1835,0.2375,4,144,1,1,1048,broad_xyz,22.359644512058757,False,0.5286699949554453,0.5380760817033612,0.4692973084013049,-0.5100212127190952,-0.3519297389698171,0.5031731891086264,0.0109609360462854,0.0038452979416343,1.9855741241031457e-15,17.592496054248183,48
1836,0.25,4,144,1,1,1048,broad_xyz,22.359644512058757,False,0.4922586390772877,0.5227879098747288,0.5075824223323798,-0.5456376318988518,-0.3524538832740543,0.5411532036973041,0.0128703481522604,0.0044854374831922,1.9855741241031457e-15,17.592496054248183,48
1837,0.27,4,144,1,1,1048,broad_xyz,22.359644512058757,False,0.4081005721098655,0.492862529814239,0.5711816614593572,-0.606206905493419,-0.3487394973160801,0.6045270339657839,0.0163850056937015,0.0056436789411667,1.9855741241031457e-15,17.592496054248183,48
1838,0.29,4,144,1,1,1048,broad_xyz,22.359644512058757,False,0.2933461609041181,0.4599520319984307,0.6259912856216125,-0.6620546704769702,-0.3364235403625252,0.6615529463777639,0.0205121697060359,0.0069593050922067,1.9855741241031457e-15,17.592496054248183,48
1839,0.31,4,144,1,1,1048,broad_xyz,22.359644512058757,False,0.1665405444703772,0.4264323395502005,0.6694625808871425,-0.7092841467466827,-0.3223728249020308,0.7096661852278248,0.0253700561595676,0.0084248668114457,1.9855741241031457e-15,17.592496054248183,48
1840,0.33,4,144,1,1,1048,broad_xyz,22.359644512058757,False,0.0592944697584265,0.3942643115334101,0.7014300085472578,-0.7456019608308425,-0.3154545884437169,0.7480960860264273,0.0307791028906199,0.01003005871643,1.9855741241031457e-15,17.592496054248183,48
1841,0.35,4,144,1,1,1048,broad_xyz,22.359644512058757,False,-0.0137852806186743,0.3644526470633693,0.7242150196421149,-0.7706023406583765,-0.3211104436241713,0.7777236400049806,0.0366343268996414,0.0117644755259121,1.9855741241031457e-15,17.592496054248183,48
1842,0.37,4,144,1,1,1048,broad_xyz,22.359644512058757,False,-0.0562039197449705,0.3382524638095873,0.7394545549287761,-0.7842687549223215,-0.3378798743415633,0.7990360482868039,0.042771111044882,0.0136162473284847,1.9855741241031457e-15,17.592496054248183,48
1843,0.39,4,144,1,1,1048,broad_xyz,22.359644512058757,False,-0.0738938315003882,0.3181404369637733,0.7461830438070658,-0.7860265653143117,-0.3589999620352029,0.811043856006115,0.0489622059831826,0.0155683227219724,1.9855741241031457e-15,17.592496054248183,48
1844,0.41,4,144,1,1,1048,broad_xyz,22.359644512058757,False,-0.0695208676582673,0.3050101030345508,0.7464766726575999,-0.7774560947755813,-0.379029839952973,0.8146327098329499,0.0549227040068834,0.0176106914069897,1.9855741241031457e-15,17.592496054248183,48
1845,0.43,4,144,1,1,1048,broad_xyz,22.359644512058757,False,-0.0413269460629749,0.2996004130727152,0.7422155455914744,-0.7601246287088997,-0.3961629341217685,0.8104797185481216,0.0603259150889202,0.0197377830829127,1.9855741241031457e-15,17.592496054248183,48
1846,0.45,4,144,1,1,1048,broad_xyz,22.359644512058757,False,-0.0054474303927524,0.3025649489091154,0.7349001825492515,-0.7350476359039404,-0.4120790713280943,0.7989131431171065,0.0648317256619801,0.0219478891466955,1.9855741241031457e-15,17.592496054248183,48
1847,0.5,4,144,1,1,1048,broad_xyz,22.359644512058757,False,0.0903827143555744,0.3493295857378544,0.7084478129453636,-0.6366346124108191,-0.4548606990249527,0.7364160946744359,0.0761261972757866,0.0278032942487568,1.9855741241031457e-15,17.592496054248183,48
1848,0.55,4,144,1,1,1048,broad_xyz,22.359644512058757,False,0.1768037442495343,0.4458652703545421,0.669406152934218,-0.4686164457532285,-0.4767407321815606,0.6235038733487458,0.0875893014705664,0.033746754132628,1.9855741241031457e-15,17.592496054248183,48
1849,0.6,4,144,1,1,1048,broad_xyz,22.359644512058757,False,0.229295929917772,0.5600375567805832,0.6127281631750964,-0.2184586451917964,-0.4264506946670515,0.4807134279932997,0.0933552852154695,0.0388574631057727,1.9855741241031457e-15,17.592496054248183,48
1850,0.6499999999999999,4,144,1,1,1048,broad_xyz,22.359644512058757,False,0.2434001363413209,0.6379462144350457,0.5488534536731581,0.0715055817578889,-0.2963679389529986,0.3682205656765542,0.0944986980269143,0.0423222405528674,1.9855741241031457e-15,17.592496054248183,48
1851,0.7,4,144,1,1,1048,broad_xyz,22.359644512058757,False,0.3045481194572524,0.6405993770186202,0.5017995957699031,0.3080296173022115,-0.1130113417034006,0.3266425141528969,0.1057990622048463,0.0441496944727961,1.9855741241031457e-15,17.592496054248183,48
1852,0.725,4,144,1,1,1048,broad_xyz,22.359644512058757,False,0.3618359853602613,0.6159060553304889,0.4903403007184282,0.3793366765189662,-0.0190648604712414,0.3208292397732146,0.116774460998265,0.0448652787494316,1.9855741241031457e-15,17.592496054248183,48
1853,0.75,4,144,1,1,1048,broad_xyz,22.359644512058757,False,0.4329229433174039,0.5808959517043429,0.4859312479526774,0.4194763210973201,0.0644530668167767,0.3114833806764841,0.1295441648259011,0.0457951637764771,1.9855741241031457e-15,17.592496054248183,48
1854,0.775,4,144,1,1,1048,broad_xyz,22.359644512058757,False,0.4871216790745837,0.5448861657828394,0.486494589933073,0.4339669929990616,0.1368078004643083,0.2916471616862442,0.1436173716023452,0.047211598101419,1.9855741241031457e-15,17.592496054248183,48
1855,0.8,4,144,1,1,1048,broad_xyz,22.359644512058757,False,0.5238341180962603,0.5192580826377311,0.4920169387386459,0.4299081503745993,0.1978382536275209,0.2595273014925454,0.1582962733394475,0.0493869157740116,1.9855741241031457e-15,17.592496054248183,48
1856,0.825,4,144,1,1,1048,broad_xyz,22.359644512058757,False,0.543173335703649,0.5032685715270679,0.5007295292864568,0.4202840356858099,0.2468712991550032,0.2184480882030456,0.174296240434736,0.0521495780318033,1.9855741241031457e-15,17.592496054248183,48
1857,0.85,4,144,1,1,1048,broad_xyz,22.359644512058757,False,0.5510592061951812,0.4936741304665406,0.5098498263340399,0.4115458082200787,0.2740698184788879,0.1731549715917216,0.1906311477166092,0.0552240927300577,1.9855741241031457e-15,17.592496054248183,48
1858,0.875,4,144,1,1,1048,broad_xyz,22.359644512058757,False,0.5568700779313623,0.4914370835830495,0.5172148065894323,0.4028739597591817,0.2640526784298831,0.1272026368978453,0.2042990242096922,0.0585121560729178,1.9855741241031457e-15,17.592496054248183,48
1859,0.9,4,144,1,1,1048,broad_xyz,22.359644512058757,False,0.5664212611469545,0.4977635855991153,0.5216192032677422,0.3921917211359722,0.2436206688031494,0.0841041253418228,0.2143625401193864,0.0619675208898263,1.9855741241031457e-15,17.592496054248183,48
1860,0.95,4,144,1,1,1048,broad_xyz,22.359644512058757,False,0.5906453919528655,0.531786247020569,0.5201914169525993,0.3480625758661518,0.2002998875070471,0.0182027790968215,0.2213553036042251,0.0693162431506761,1.9855741241031457e-15,17.592496054248183,48
1861,1.0,4,144,1,1,1048,broad_xyz,22.359644512058757,False,0.5852613073507702,0.5736365894592862,0.5070027389999311,0.2576776168168271,0.0444890818922974,-0.0195437898415684,0.2106790195586746,0.0768652841637577,1.9855741241031457e-15,17.592496054248183,48
1862,0.05,4,144,1,1,1049,broad_xyz,22.359644512058757,False,0.9270609470645826,0.4834966434802212,0.8151755209474871,0.5759975730456831,0.499135592646904,0.804859217371786,0.0013998356757644,0.000439256371446,1.9855741241031457e-15,17.592496054248183,49
1863,0.075,4,144,1,1,1049,broad_xyz,22.359644512058757,False,0.9259514474557692,0.5010597703505968,0.8317390938222912,0.5817982822262865,0.5150173833281079,0.836316126305027,0.0032494233309554,0.0010892331479205,1.9855741241031457e-15,17.592496054248183,49
1864,0.1,4,144,1,1,1049,broad_xyz,22.359644512058757,False,0.927043179704772,0.5131976093184889,0.8514673662304183,0.5952354045801744,0.5428674184284863,0.8587438601696984,0.0059776610083438,0.0021430067605416,1.9855741241031457e-15,17.592496054248183,49
1865,0.125,4,144,1,1,1049,broad_xyz,22.359644512058757,False,0.9306529386431432,0.5234742443348102,0.8739041442612524,0.6148888926174974,0.5822781533477454,0.8683099205148255,0.0096639019886616,0.0037126824903918,1.9855741241031457e-15,17.592496054248183,49
1866,0.15,4,144,1,1,1049,broad_xyz,22.359644512058757,False,0.9309188619728392,0.5334504509812183,0.8980085290926201,0.6383325898557012,0.6276711738105832,0.8616013482144977,0.0143688826308696,0.0059223965082544,1.9855741241031457e-15,17.592496054248183,49
1867,0.1625,4,144,1,1,1049,broad_xyz,22.359644512058757,False,0.9258453262837076,0.5390273739733661,0.9102506531614716,0.6504706609928662,0.6501895733602993,0.8516829470879509,0.0172623689848761,0.0073068106844649,1.9855741241031457e-15,17.592496054248183,49
1868,0.175,4,144,1,1,1049,broad_xyz,22.359644512058757,False,0.9124647841524476,0.5425535608789703,0.9216376258163088,0.6618600214318374,0.6709379707722182,0.8367515127117797,0.0205351995125377,0.0088882677050912,1.9855741241031457e-15,17.592496054248183,49
1869,0.1875,4,144,1,1,1049,broad_xyz,22.359644512058757,False,0.8875601687324509,0.5439214050051779,0.9319545801174158,0.6721677032157589,0.68898381557067,0.8170556890837263,0.0241952482120441,0.0106751192016153,1.9855741241031457e-15,17.592496054248183,49
1870,0.2,4,144,1,1,1049,broad_xyz,22.359644512058757,False,0.8482890177470203,0.5431059449602857,0.9410413336081052,0.6811252390182447,0.7036109672613835,0.7930396741644411,0.0282544028031332,0.0126729965435808,1.9855741241031457e-15,17.592496054248183,49
1871,0.2125,4,144,1,1,1049,broad_xyz,22.359644512058757,False,0.7933799869276956,0.5401649438517769,0.9487919361499992,0.6885323882877887,0.7140925746415973,0.7653095978910696,0.0326812506356296,0.0148843566285977,1.9855741241031457e-15,17.592496054248183,49
1872,0.225,4,144,1,1,1049,broad_xyz,22.359644512058757,False,0.7242453503861411,0.5352304041716502,0.9551478876678124,0.694254253178741,0.7199429231794828,0.7345867512010253,0.0374689399399379,0.0173080545785149,1.9855741241031457e-15,17.592496054248183,49
1873,0.2375,4,144,1,1,1049,broad_xyz,22.359644512058757,False,0.6451231475522229,0.5284939720606624,0.9600867351097646,0.6982129458928437,0.7211109816785778,0.7016545334163307,0.0426040016354771,0.0199389487428764,1.9855741241031457e-15,17.592496054248183,49
1874,0.25,4,144,1,1,1049,broad_xyz,22.359644512058757,False,0.5619001459958202,0.5201893689838585,0.9636081972316922,0.7003754554196746,0.717627434993959,0.6673061502378508,0.0480658240760217,0.0227675481517244,1.9855741241031457e-15,17.592496054248183,49
1875,0.27,4,144,1,1,1049,broad_xyz,22.359644512058757,False,0.4341163733960924,0.5042883624959859,0.9663115457234956,0.7000997670317216,0.7031377495013812,0.6112671686846842,0.0577268624585972,0.0276674456069977,1.9855741241031457e-15,17.592496054248183,49
1876,0.29,4,144,1,1,1049,broad_xyz,22.359644512058757,False,0.3314147065883275,0.4861220158909364,0.9653876736909474,0.6952752707212025,0.6798091396035295,0.5562003563020822,0.0687896492729931,0.0329518148640758,1.9855741241031457e-15,17.592496054248183,49
1877,0.31,4,144,1,1,1049,broad_xyz,22.359644512058757,False,0.2760453369278078,0.4667199338180987,0.9606759099681768,0.685906737296271,0.6519096926122153,0.5041224278245997,0.0804952960068398,0.0385047904205637,1.9855741241031457e-15,17.592496054248183,49
1878,0.33,4,144,1,1,1049,broad_xyz,22.359644512058757,False,0.2502220240394608,0.4469864289367513,0.9517958642655148,0.6718261940565352,0.6254313248394826,0.4563335518940113,0.0925379512698719,0.0441809198834518,1.9855741241031457e-15,17.592496054248183,49
1879,0.35,4,144,1,1,1049,broad_xyz,22.359644512058757,False,0.2338540264536315,0.4276635922622607,0.9381118566226606,0.6525988121128183,0.6044958391319535,0.4134837510455499,0.1045400231514584,0.0498111091335183,1.9855741241031457e-15,17.592496054248183,49
1880,0.37,4,144,1,1,1049,broad_xyz,22.359644512058757,False,0.2235474785385696,0.4093138001454726,0.918751309500456,0.6274851926434861,0.5893978644083129,0.3757079041629547,0.11606855828075,0.0552124699222948,1.9855741241031457e-15,17.592496054248183,49
1881,0.39,4,144,1,1,1049,broad_xyz,22.359644512058757,False,0.2201425795326188,0.392326849607811,0.8927118508746393,0.5955035447194088,0.5745635193585064,0.3428190445557489,0.1266642022585062,0.0602020750851466,1.9855741241031457e-15,17.592496054248183,49
1882,0.41,4,144,1,1,1049,broad_xyz,22.359644512058757,False,0.2221518638718154,0.3769539236543328,0.8590913699077178,0.5556436925629467,0.5515421765444928,0.3145903684283206,0.1358820636466895,0.0646135942382646,1.9855741241031457e-15,17.592496054248183,49
1883,0.43,4,144,1,1,1049,broad_xyz,22.359644512058757,False,0.2292571138626238,0.3633931404933134,0.8174277166177732,0.5072585378146027,0.5145882318475938,0.2912314029165966,0.1441890680074057,0.0683150898631383,1.9855741241031457e-15,17.592496054248183,49
1884,0.45,4,144,1,1,1049,broad_xyz,22.359644512058757,False,0.2417799969247102,0.3519174206487935,0.7680163868047674,0.4505635875955042,0.4626057802591338,0.2742751216235194,0.1505464192635213,0.071225133420723,1.9855741241031457e-15,17.592496054248183,49
1885,0.5,4,144,1,1,1049,broad_xyz,22.359644512058757,False,0.2992438903797015,0.3370129177123768,0.6244761566131152,0.2894030158316668,0.296854125092856,0.2672615076614965,0.1563762746995085,0.0751757271270881,1.9855741241031457e-15,17.592496054248183,49
1886,0.55,4,144,1,1,1049,broad_xyz,22.359644512058757,False,0.4085985453869325,0.3587951040126262,0.496106965149245,0.1631900992171424,0.1536760594761108,0.3029954691639788,0.155507230364316,0.0762231386745318,1.9855741241031457e-15,17.592496054248183,49
1887,0.6,4,144,1,1,1049,broad_xyz,22.359644512058757,False,0.5936482098311139,0.4214200676540355,0.3645064875907632,0.1007689751072108,0.1004262957031297,0.2678028053712993,0.1610343714224834,0.0763132579182382,1.9855741241031457e-15,17.592496054248183,49
1888,0.6499999999999999,4,144,1,1,1049,broad_xyz,22.359644512058757,False,0.7544384047665647,0.5251230128840734,0.2419313997687198,0.1294674375755528,0.1218943402703167,-0.0007356586367643,0.167626040698957,0.0781277957978401,1.9855741241031457e-15,17.592496054248183,49
1889,0.7,4,144,1,1,1049,broad_xyz,22.359644512058757,False,0.7308459522988826,0.6471823629516237,0.1801725685630329,0.2759296820367443,0.1523599242734415,-0.2671188555708771,0.1774563708035171,0.0836844403401638,1.9855741241031457e-15,17.592496054248183,49
1890,0.725,4,144,1,1,1049,broad_xyz,22.359644512058757,False,0.6771206750752643,0.709232135970062,0.1892819005122455,0.3742584923124818,0.1806586486155923,-0.3330595841394652,0.1863311790124181,0.0880718258300667,1.9855741241031457e-15,17.592496054248183,49
1891,0.75,4,144,1,1,1049,broad_xyz,22.359644512058757,False,0.6151530212710593,0.762104385469011,0.2173187512933019,0.4577921073130004,0.2176521808203519,-0.3535429345853471,0.1923740010850227,0.0931100004219409,1.9855741241031457e-15,17.592496054248183,49
1892,0.775,4,144,1,1,1049,broad_xyz,22.359644512058757,False,0.5564775693730953,0.7976308776929277,0.2510833303729889,0.5131054658685019,0.2576700128904743,-0.3389714307296851,0.1938792042927886,0.0982383352737639,1.9855741241031457e-15,17.592496054248183,49
1893,0.8,4,144,1,1,1049,broad_xyz,22.359644512058757,False,0.5082374196506253,0.8147759992353155,0.2816530890191933,0.542673068097385,0.289907037643592,-0.3021532491815132,0.189985380845336,0.1030168103678837,1.9855741241031457e-15,17.592496054248183,49
1894,0.825,4,144,1,1,1049,broad_xyz,22.359644512058757,False,0.4744098123579592,0.8171733187815946,0.3035698795721805,0.5546151595738943,0.3090558469430921,-0.2554079466485922,0.1849012681985967,0.1071174598513783,1.9855741241031457e-15,17.592496054248183,49
1895,0.85,4,144,1,1,1049,broad_xyz,22.359644512058757,False,0.4602339640920239,0.8115016759207345,0.3182615769567158,0.5534862315037202,0.3149493118842492,-0.2050388366613387,0.1913891678840394,0.1104829524529433,1.9855741241031457e-15,17.592496054248183,49
1896,0.875,4,144,1,1,1049,broad_xyz,22.359644512058757,False,0.4722867156637361,0.8038620645688168,0.3338002429182221,0.5397028573382123,0.312782800797606,-0.1501157845712833,0.1999093348365923,0.1133663836473713,1.9855741241031457e-15,17.592496054248183,49
1897,0.9,4,144,1,1,1049,broad_xyz,22.359644512058757,False,0.5074400893950852,0.792514368985988,0.3594900020276018,0.5174494375919654,0.3062972946058342,-0.0855019773482062,0.2061924657692588,0.1159682580088087,1.9855741241031457e-15,17.592496054248183,49
1898,0.95,4,144,1,1,1049,broad_xyz,22.359644512058757,False,0.5982808006643328,0.7275686071481268,0.4670496408580105,0.4592724797659871,0.2288472177703754,0.0985041891903326,0.228533147270797,0.1208042830787744,1.9855741241031457e-15,17.592496054248183,49
1899,1.0,4,144,1,1,1049,broad_xyz,22.359644512058757,False,0.5856697646378398,0.5692174773227971,0.633032147347801,0.3720587585291974,0.1309959604553905,0.3502205651461801,0.2548036696791934,0.1275257187474076,1.9855741241031457e-15,17.592496054248183,49
