t,N,n_points,base_seed_requested,effective_base_seed,state_seed,family,family_min_jtot,health_check,corr_J_rho,corr_J_tot,corr_SL,corr_P_pair,corr_N_pair,corr_N_env,target_max,target_mean,J_tot_min_grid,J_tot_mean_grid,state_idx
0.05,6,144,1,1,1000,broad_xyz,22.35964451205876,False,0.140354947918685,0.3534158147556286,-0.0533731858581944,-0.2890141748723955,-0.1483130539530202,-0.2427375088439639,0.0043684723411349,0.0009772666226854,2.3933636546129825e-15,17.618006918589536,0
0.075,6,144,1,1,1000,broad_xyz,22.35964451205876,False,0.1830658896403673,0.371357483863353,-0.0191934713254639,-0.3129519966058972,-0.1786860132900066,-0.2625507408122312,0.0109109245276946,0.0024673453368017,2.3933636546129825e-15,17.618006918589536,0
0.1,6,144,1,1,1000,broad_xyz,22.35964451205876,False,0.2656657404447135,0.4143718028696805,0.0466903086042154,-0.3104537124780487,-0.2007367668335727,-0.2899445948702933,0.0215982939917621,0.0051251309629887,2.3933636546129825e-15,17.618006918589536,0
0.125,6,144,1,1,1000,broad_xyz,22.35964451205876,False,0.3974580823381989,0.4821781915831364,0.1529099879298329,-0.2738339789230635,-0.2509828558675781,-0.3194538311326929,0.037259491874514,0.0099502983438748,2.3933636546129825e-15,17.618006918589536,0
0.15,6,144,1,1,1000,broad_xyz,22.35964451205876,False,0.5853227745761448,0.5893250680382922,0.3193983626723455,-0.1854253634204621,-0.3519660956379962,-0.3344188966377597,0.0632303637252959,0.0194955316060465,2.3933636546129825e-15,17.618006918589536,0
0.1625,6,144,1,1,1000,broad_xyz,22.35964451205876,False,0.6729828737340268,0.6485070470607215,0.4115905294854054,-0.1273300569514282,-0.4258570466940502,-0.3365937665345079,0.080158651582675,0.0275190573082142,2.3933636546129825e-15,17.618006918589536,0
0.175,6,144,1,1,1000,broad_xyz,22.35964451205876,False,0.7431524334195307,0.7094823415858484,0.494909475555081,-0.0720232253027211,-0.5038404596464736,-0.3385983970488672,0.1013418823868611,0.0385040780117733,2.3933636546129825e-15,17.618006918589536,0
0.1875,6,144,1,1,1000,broad_xyz,22.35964451205876,False,0.7945334889408088,0.7681917871619581,0.5656059567084586,-0.0248604631459876,-0.5618557283488933,-0.3395041070532933,0.1260439109469316,0.0528195811102964,2.3933636546129825e-15,17.618006918589536,0
0.2,6,144,1,1,1000,broad_xyz,22.35964451205876,False,0.823803375232286,0.8097394065727612,0.6234064988369277,0.0108198064555102,-0.5906203839627803,-0.3446344986241519,0.1524258111370455,0.0706527273385712,2.3933636546129825e-15,17.618006918589536,0
0.2125,6,144,1,1,1000,broad_xyz,22.35964451205876,False,0.8365077711576497,0.8371034931463943,0.6722344245225432,0.0324364859136494,-0.5992741641669891,-0.3442666550513897,0.1797838450525617,0.091367624758186,2.3933636546129825e-15,17.618006918589536,0
0.225,6,144,1,1,1000,broad_xyz,22.35964451205876,False,0.8385842043188488,0.8532717122620906,0.715026256912662,0.0367421282526044,-0.6004053685185813,-0.3370253016426978,0.2100061675903268,0.114049317062634,2.3933636546129825e-15,17.618006918589536,0
0.2375,6,144,1,1,1000,broad_xyz,22.35964451205876,False,0.8358632049007975,0.863455999471202,0.7528119202276059,0.0185479992807069,-0.6011920845528874,-0.3197837006044428,0.2411060190906495,0.1377399153247419,2.3933636546129825e-15,17.618006918589536,0
0.25,6,144,1,1,1000,broad_xyz,22.35964451205876,False,0.8328660115819697,0.8702831603856306,0.7878524651076126,-0.0254597123752554,-0.601212264158116,-0.2949762432549007,0.2708845641937477,0.1616965703960536,2.3933636546129825e-15,17.618006918589536,0
0.27,6,144,1,1,1000,broad_xyz,22.35964451205876,False,0.8326620177471104,0.8787583165802964,0.8346156101291394,-0.1688222742180904,-0.5961328338363384,-0.2457500818871823,0.3185701374881926,0.1985967817268268,2.3933636546129825e-15,17.618006918589536,0
0.29,6,144,1,1,1000,broad_xyz,22.35964451205876,False,0.8393594871054333,0.8872762889317727,0.8682339082079669,-0.3977063137250722,-0.5973224315007705,-0.1852141491096938,0.3696151792642018,0.2313162120175209,2.3933636546129825e-15,17.618006918589536,0
0.31,6,144,1,1,1000,broad_xyz,22.35964451205876,False,0.8487468349320639,0.8971417357559253,0.8896732156600585,-0.6331226156148926,-0.6011839715728915,-0.1168022381361595,0.4216679330951393,0.2576135020624563,2.3933636546129825e-15,17.618006918589536,0
0.33,6,144,1,1,1000,broad_xyz,22.35964451205876,False,0.8546205613424959,0.9077240572945032,0.901709743140838,-0.7910097740261545,-0.604720999612735,-0.0479295453713088,0.467840780575356,0.2761446019588128,2.3933636546129825e-15,17.618006918589536,0
0.35,6,144,1,1,1000,broad_xyz,22.35964451205876,False,0.8512066221254115,0.9154246691913026,0.910282209130472,-0.8707616098421811,-0.6199088774747041,0.0161669896561851,0.5060266188900754,0.2870793678690932,2.3933636546129825e-15,17.618006918589536,0
0.37,6,144,1,1,1000,broad_xyz,22.35964451205876,False,0.836789029953658,0.9162715150033476,0.918970315878008,-0.9033387558030728,-0.648222923656542,0.06197441172578,0.5343578822651336,0.2938190129020893,2.3933636546129825e-15,17.618006918589536,0
0.39,6,144,1,1,1000,broad_xyz,22.35964451205876,False,0.8150806826606549,0.9130352882897692,0.9240993548275128,-0.9109192519294862,-0.6731067819879295,0.0922284805024605,0.5529095059481575,0.2982597321633108,2.3933636546129825e-15,17.618006918589536,0
0.41,6,144,1,1,1000,broad_xyz,22.35964451205876,False,0.7926240282949978,0.9115420490570384,0.926648050344588,-0.9049031632237308,-0.6858766174253852,0.108944115677533,0.5624541057912965,0.3008948663679074,2.3933636546129825e-15,17.618006918589536,0
0.43,6,144,1,1,1000,broad_xyz,22.35964451205876,False,0.7697853329279124,0.9127365664672572,0.9259950202731564,-0.8930330608830055,-0.6905534540722346,0.107084410558564,0.5611694058737029,0.3021146965163579,2.3933636546129825e-15,17.618006918589536,0
0.45,6,144,1,1,1000,broad_xyz,22.35964451205876,False,0.7477757199271631,0.917122013138596,0.9224600682880396,-0.8807295884010475,-0.6871568185575349,0.0780921659748344,0.5496197652908756,0.3029682402387132,2.3933636546129825e-15,17.618006918589536,0
0.5,6,144,1,1,1000,broad_xyz,22.35964451205876,False,0.7147470504044046,0.9262947836987973,0.8996489262183065,-0.8632302320180832,-0.6376088407887479,-0.1580867503556269,0.4972983332401527,0.3105616084519663,2.3933636546129825e-15,17.618006918589536,0
0.55,6,144,1,1,1000,broad_xyz,22.35964451205876,False,0.677152357643611,0.869593019734766,0.856406751756361,-0.7966537549237506,-0.6122326921528816,-0.418448389582657,0.4705415891378234,0.3355073228853322,2.3933636546129825e-15,17.618006918589536,0
0.6,6,144,1,1,1000,broad_xyz,22.35964451205876,False,0.6440916414615669,0.810040366497553,0.8470527528299563,-0.6838753329851603,-0.7302708157994463,-0.4660286396511436,0.4872890088940781,0.3479133050872098,2.3933636546129825e-15,17.618006918589536,0
0.6499999999999999,6,144,1,1,1000,broad_xyz,22.35964451205876,False,0.7424234543165709,0.8707754872179488,0.8733176171307155,-0.6188417084750588,-0.8397624001507243,-0.5035350922519578,0.490161464687661,0.3357914292733561,2.3933636546129825e-15,17.618006918589536,0
0.7,6,144,1,1,1000,broad_xyz,22.35964451205876,False,0.8523398899674041,0.9189577505527972,0.8922056258477323,-0.479571133599793,-0.8898457053625706,-0.5425685544692372,0.491728279941532,0.3104849714259192,2.3933636546129825e-15,17.618006918589536,0
0.725,6,144,1,1,1000,broad_xyz,22.35964451205876,False,0.8752790148307918,0.9229233934342824,0.8923478113130727,-0.3631999011616074,-0.9005052986869918,-0.557737397553041,0.4941742373417474,0.2969939855661057,2.3933636546129825e-15,17.618006918589536,0
0.75,6,144,1,1,1000,broad_xyz,22.35964451205876,False,0.8759509551456832,0.919204918656242,0.8892475090932624,-0.2180348700117597,-0.9085202967980304,-0.5696306937860357,0.489817290722403,0.2844605431740351,2.3933636546129825e-15,17.618006918589536,0
0.775,6,144,1,1,1000,broad_xyz,22.35964451205876,False,0.8574699383366833,0.9109777122480228,0.8861886309380078,-0.0603108322463616,-0.9174668425397956,-0.5744676728410516,0.4782000586316391,0.2734774241953101,2.3933636546129825e-15,17.618006918589536,0
0.8,6,144,1,1,1000,broad_xyz,22.35964451205876,False,0.8268770365052088,0.9001032889205407,0.885501973481875,0.0791591034153719,-0.9263824244581212,-0.5688829652096459,0.46057174650101,0.2640287738588128,2.3933636546129825e-15,17.618006918589536,0
0.825,6,144,1,1,1000,broad_xyz,22.35964451205876,False,0.7947754364034727,0.8872067741013212,0.8885791125794437,0.1740709342367382,-0.9324563194906949,-0.5499579053173553,0.4437282487118683,0.255921756743066,2.3933636546129825e-15,17.618006918589536,0
0.85,6,144,1,1,1000,broad_xyz,22.35964451205876,False,0.7705272098015477,0.8714712379269436,0.8933490767786887,0.216270240469991,-0.927978047381971,-0.5231882366486377,0.4575887515068231,0.2492867226219435,2.3933636546129825e-15,17.618006918589536,0
0.875,6,144,1,1,1000,broad_xyz,22.35964451205876,False,0.7539784986110003,0.8484109414327299,0.8901660081030093,0.2071160503448775,-0.9075596534682496,-0.5107021330950581,0.4714922714475291,0.2459925372490769,2.3933636546129825e-15,17.618006918589536,0
0.9,6,144,1,1,1000,broad_xyz,22.35964451205876,False,0.737329416794468,0.819355206374465,0.8830983938282368,0.1739186723290769,-0.8728404420283093,-0.5116418547649227,0.4761507348245685,0.2461544474051865,2.3933636546129825e-15,17.618006918589536,0
0.95,6,144,1,1,1000,broad_xyz,22.35964451205876,False,0.6603717755951486,0.7383579241513731,0.8599691480418975,0.0305013989236251,-0.8835702131039221,-0.5314788838424122,0.4583010181967848,0.2586385704209799,2.3933636546129825e-15,17.618006918589536,0
1.0,6,144,1,1,1000,broad_xyz,22.35964451205876,False,0.5241864621469474,0.6350775302634746,0.8317573647091441,-0.2994795222458926,-0.8553626317428977,-0.5358262583108176,0.4636460699381595,0.2822344348921434,2.3933636546129825e-15,17.618006918589536,0
0.05,6,144,1,1,1001,broad_xyz,22.35964451205876,False,0.1641508261668126,0.5578574470076952,-0.1147834655604888,-0.4378555037820145,-0.10258649657796,0.0100938657596191,0.0077377032060578,0.0019583723464308,2.3933636546129825e-15,17.618006918589536,1
0.075,6,144,1,1,1001,broad_xyz,22.35964451205876,False,0.2461984749673351,0.6030157441826421,-0.0324359762700674,-0.4580124652666911,-0.1063586835324728,-0.0228843165045211,0.0191403014809732,0.0053962716294381,2.3933636546129825e-15,17.618006918589536,1
0.1,6,144,1,1,1001,broad_xyz,22.35964451205876,False,0.3656752993424587,0.6586787044959669,0.0837064366666071,-0.4649655836699205,-0.1154467381514317,-0.0513103165762909,0.0380436062620859,0.0121099082406,2.3933636546129825e-15,17.618006918589536,1
0.125,6,144,1,1,1001,broad_xyz,22.35964451205876,False,0.5037210535111202,0.7161464048585917,0.2271390957057305,-0.459809132166494,-0.1493257019096351,-0.0808369884042337,0.0670509190963175,0.0240706928152992,2.3933636546129825e-15,17.618006918589536,1
0.15,6,144,1,1,1001,broad_xyz,22.35964451205876,False,0.6499492954875198,0.7766423185540593,0.3837984943190839,-0.4502817406962595,-0.3007935499851765,-0.1048765193070932,0.1075200950722794,0.0437106342923115,2.3933636546129825e-15,17.618006918589536,1
0.1625,6,144,1,1,1001,broad_xyz,22.35964451205876,False,0.718305534579299,0.8052803699998424,0.461901373839267,-0.4463802560673567,-0.4465470904229961,-0.1161187548216023,0.132218813107749,0.0571670121169871,2.3933636546129825e-15,17.618006918589536,1
0.175,6,144,1,1,1001,broad_xyz,22.35964451205876,False,0.7782775024848027,0.8297536399179406,0.5357291190485098,-0.4462051449161689,-0.6018392028217812,-0.1273331293482529,0.1598629463675915,0.0733865468391773,2.3933636546129825e-15,17.618006918589536,1
0.1875,6,144,1,1,1001,broad_xyz,22.35964451205876,False,0.8296339003586813,0.8510503972367004,0.6043404677995444,-0.453005747458869,-0.6990004979600467,-0.1393527224502673,0.1903339717689934,0.0926627505078754,2.3933636546129825e-15,17.618006918589536,1
0.2,6,144,1,1,1001,broad_xyz,22.35964451205876,False,0.8724507537881598,0.8688853901783433,0.6677828526240621,-0.4689840551925224,-0.7308151804230685,-0.1516343740194728,0.2251113678848167,0.1148901815357538,2.3933636546129825e-15,17.618006918589536,1
0.2125,6,144,1,1,1001,broad_xyz,22.35964451205876,False,0.9060330871831674,0.8821802889174029,0.7227413853004487,-0.4996911101502371,-0.732714114602345,-0.1623445067483193,0.2625294766660118,0.1397593613336377,2.3933636546129825e-15,17.618006918589536,1
0.225,6,144,1,1,1001,broad_xyz,22.35964451205876,False,0.9296330440740912,0.8907167050689472,0.7685030699298652,-0.547565779734777,-0.725124067973123,-0.1679621010954552,0.3020338097016203,0.1665806385188166,2.3933636546129825e-15,17.618006918589536,1
0.2375,6,144,1,1,1001,broad_xyz,22.35964451205876,False,0.9443288779493728,0.8925396761560258,0.8109552601916458,-0.6057129435117135,-0.7218394588329534,-0.1790265727009246,0.3431070017391734,0.1953553534318184,2.3933636546129825e-15,17.618006918589536,1
0.25,6,144,1,1,1001,broad_xyz,22.35964451205876,False,0.9530875973790858,0.8924303174353914,0.8471597230703037,-0.6736638111597063,-0.7214312028417277,-0.1849313729474686,0.3851699638265191,0.2248365460622158,2.3933636546129825e-15,17.618006918589536,1
0.27,6,144,1,1,1001,broad_xyz,22.35964451205876,False,0.9578907699339432,0.893358682677091,0.8894595563306466,-0.7852422562270469,-0.7091346077115851,-0.1681640578096632,0.4529611806592384,0.2707501146103086,2.3933636546129825e-15,17.618006918589536,1
0.29,6,144,1,1,1001,broad_xyz,22.35964451205876,False,0.9549010751789128,0.8977573633747321,0.9166801472073414,-0.8699858802934339,-0.6853603012846323,-0.1143592080454136,0.5190073298588226,0.3121373916332065,2.3933636546129825e-15,17.618006918589536,1
0.31,6,144,1,1,1001,broad_xyz,22.35964451205876,False,0.9456760595593162,0.9054626330959415,0.933481061909098,-0.9205014321935928,-0.6701371554076078,-0.0214001968390724,0.5819471098369263,0.3458062905708357,2.3933636546129825e-15,17.618006918589536,1
0.33,6,144,1,1,1001,broad_xyz,22.35964451205876,False,0.9303706729556814,0.914439422182197,0.9436109520689616,-0.9479573376219834,-0.6621700250577023,0.0992763827639046,0.638054014193381,0.3692256580655204,2.3933636546129825e-15,17.618006918589536,1
0.35,6,144,1,1,1001,broad_xyz,22.35964451205876,False,0.9089820623166704,0.921158169605762,0.9501338504764544,-0.9627998401194684,-0.6673901315491583,0.2263992630665776,0.6847167075462831,0.3814851297505165,2.3933636546129825e-15,17.618006918589536,1
0.37,6,144,1,1,1001,broad_xyz,22.35964451205876,False,0.8809879237144717,0.9191155257900326,0.9572204940627108,-0.9683985991977394,-0.7169696061736635,0.3323528187082137,0.7195731626705648,0.3869988021329804,2.3933636546129825e-15,17.618006918589536,1
0.39,6,144,1,1,1001,broad_xyz,22.35964451205876,False,0.8517526400031602,0.9130350462512744,0.9608489149098832,-0.9683933400962726,-0.7851457910045804,0.4130806610454365,0.7406761402793512,0.3869640006088326,2.3933636546129825e-15,17.618006918589536,1
0.41,6,144,1,1,1001,broad_xyz,22.35964451205876,False,0.8285052133717953,0.9075853981986606,0.9623379914246152,-0.964324869393708,-0.8290966972948107,0.4646801904955397,0.747479075410463,0.3851028778051392,2.3933636546129825e-15,17.618006918589536,1
0.43,6,144,1,1,1001,broad_xyz,22.35964451205876,False,0.8172719709973134,0.905598068696962,0.9621957708445292,-0.9600804911207188,-0.8471772678607974,0.4959842842695231,0.7481994101405129,0.3834782232336638,2.3933636546129825e-15,17.618006918589536,1
0.45,6,144,1,1,1001,broad_xyz,22.35964451205876,False,0.8214899955898027,0.9083949944395966,0.961597849043938,-0.958624144475884,-0.8481975323617847,0.5099914624673182,0.7384628295813965,0.3838799272903627,2.3933636546129825e-15,17.618006918589536,1
0.5,6,144,1,1,1001,broad_xyz,22.35964451205876,False,0.8891665221436175,0.9265736788093252,0.964413500476541,-0.9631860734813936,-0.797085750534643,0.4006820408271683,0.6838228743498165,0.4058139403018704,2.3933636546129825e-15,17.618006918589536,1
0.55,6,144,1,1,1001,broad_xyz,22.35964451205876,False,0.9398614165929468,0.9050507562141128,0.9689884430652408,-0.9513429249125688,-0.8564539161392837,-0.0237471027266908,0.6435900577336284,0.4454338537624545,2.3933636546129825e-15,17.618006918589536,1
0.6,6,144,1,1,1001,broad_xyz,22.35964451205876,False,0.8972418384141967,0.8299605640851604,0.9600683530140016,-0.92859200563726,-0.9353966760856408,-0.4130836601152048,0.6325918747316929,0.45627394464989,2.3933636546129825e-15,17.618006918589536,1
0.6499999999999999,6,144,1,1,1001,broad_xyz,22.35964451205876,False,0.8390971049570115,0.7812002844240548,0.9465228332856972,-0.9050691445864488,-0.9354567991641728,-0.5318808663067838,0.620369575543612,0.4268910490924124,2.3933636546129825e-15,17.618006918589536,1
0.7,6,144,1,1,1001,broad_xyz,22.35964451205876,False,0.8107303407025912,0.763263771951106,0.9341317750599816,-0.8566496485480464,-0.9160858067733512,-0.5512065970292648,0.5760972861459887,0.3812305485061216,2.3933636546129825e-15,17.618006918589536,1
0.725,6,144,1,1,1001,broad_xyz,22.35964451205876,False,0.8053537211594427,0.7574070003345929,0.9234439542354312,-0.7864004411945493,-0.906162192787368,-0.5529718040603963,0.5512584543556346,0.358500784615271,2.3933636546129825e-15,17.618006918589536,1
0.75,6,144,1,1,1001,broad_xyz,22.35964451205876,False,0.7989239282912263,0.7523537812954625,0.9085191199246054,-0.632926778549028,-0.8980453747499753,-0.555897983896223,0.5477264937160369,0.3368747173742772,2.3933636546129825e-15,17.618006918589536,1
0.775,6,144,1,1,1001,broad_xyz,22.35964451205876,False,0.7865640323277735,0.7495723945163546,0.8908898658921255,-0.3701435253911254,-0.8939168615469255,-0.5611328921597297,0.544982139983389,0.3159781284824648,2.3933636546129825e-15,17.618006918589536,1
0.8,6,144,1,1,1001,broad_xyz,22.35964451205876,False,0.7662453526312605,0.7512145131210367,0.8734457642252951,-0.0881383513914846,-0.8923204544797614,-0.5676220249518636,0.5358484153073652,0.2951949824947066,2.3933636546129825e-15,17.618006918589536,1
0.825,6,144,1,1,1001,broad_xyz,22.35964451205876,False,0.7412812324717948,0.7590554142153887,0.8606705066490081,0.1084870644971846,-0.8947300403983744,-0.5707293712822329,0.518892804642371,0.2743783284451365,2.3933636546129825e-15,17.618006918589536,1
0.85,6,144,1,1,1001,broad_xyz,22.35964451205876,False,0.7193117541646108,0.7729019918347044,0.8582644871394183,0.2246170549168873,-0.8938981495687912,-0.5644022124041366,0.4970866097045857,0.2549596624530417,2.3933636546129825e-15,17.618006918589536,1
0.875,6,144,1,1,1001,broad_xyz,22.35964451205876,False,0.7049345191251785,0.7873132740604465,0.8671967149733566,0.3009206739734059,-0.8767059666544964,-0.5488297837844088,0.4674850476104344,0.2409267106769401,2.3933636546129825e-15,17.618006918589536,1
0.9,6,144,1,1,1001,broad_xyz,22.35964451205876,False,0.6952742944627817,0.792353773019073,0.8798910528089403,0.3600635744828688,-0.8347076261835413,-0.5369720008425134,0.4341971750877619,0.2373492022296471,2.3933636546129825e-15,17.618006918589536,1
0.95,6,144,1,1,1001,broad_xyz,22.35964451205876,False,0.6721534654001132,0.758237918040828,0.9029122306352944,0.3950595704691433,-0.8593955264743811,-0.5413395520760836,0.4434014431418429,0.2634542532563759,2.3933636546129825e-15,17.618006918589536,1
1.0,6,144,1,1,1001,broad_xyz,22.35964451205876,False,0.57237724414689,0.6671130784863001,0.9067435690058137,-0.0019140614965327,-0.8764007379805943,-0.5324508813961801,0.4957280343669484,0.3095657732682613,2.3933636546129825e-15,17.618006918589536,1
0.05,6,144,1,1,1002,broad_xyz,22.35964451205876,False,0.5130656415397297,0.5594552194542014,-0.2610240137676686,-0.3743995272711793,-0.2709105936722253,0.4319738951480971,0.0017547451929091,0.0003678582594004,2.3933636546129825e-15,17.618006918589536,2
0.075,6,144,1,1,1002,broad_xyz,22.35964451205876,False,0.6371409263906966,0.6634233040405139,-0.1073338474017439,-0.286916660397662,-0.1221974421995261,0.3995875366858558,0.0047793024023286,0.0013639432984006,2.3933636546129825e-15,17.618006918589536,2
0.1,6,144,1,1,1002,broad_xyz,22.35964451205876,False,0.6474956347799528,0.739486345243874,0.0013323621789672,-0.253730089910982,-0.0538179113830688,0.4006363094784659,0.0122071851937141,0.003919802453547,2.3933636546129825e-15,17.618006918589536,2
0.125,6,144,1,1,1002,broad_xyz,22.35964451205876,False,0.6330482840499136,0.7918321195918463,0.0766775251321608,-0.2671140699143685,-0.1224167699741801,0.4177292556138877,0.0239740425578447,0.0091332659830514,2.3933636546129825e-15,17.618006918589536,2
0.15,6,144,1,1,1002,broad_xyz,22.35964451205876,False,0.6370034270790713,0.82255676629957,0.1224644034023194,-0.3171108133246062,-0.3476932265365808,0.4411406734453927,0.0434710255124563,0.0184935742947068,2.3933636546129825e-15,17.618006918589536,2
0.1625,6,144,1,1,1002,broad_xyz,22.35964451205876,False,0.6542618705483008,0.832884129184266,0.1340106581934047,-0.3547936224632302,-0.4348033912499665,0.4553568653392906,0.0578370191997146,0.0253555565882687,2.3933636546129825e-15,17.618006918589536,2
0.175,6,144,1,1,1002,broad_xyz,22.35964451205876,False,0.6829033280802224,0.8382828279432248,0.14336642327483,-0.3978909132701941,-0.451714749570074,0.4719497765186466,0.0736682696991768,0.0342013950860491,2.3933636546129825e-15,17.618006918589536,2
0.1875,6,144,1,1,1002,broad_xyz,22.35964451205876,False,0.7213577944653874,0.8418224135457629,0.1612312662154826,-0.4381901190934864,-0.4387429932757185,0.4870061039507362,0.0911909328232173,0.0453860846905714,2.3933636546129825e-15,17.618006918589536,2
0.2,6,144,1,1,1002,broad_xyz,22.35964451205876,False,0.7578233828118018,0.8378464165657006,0.1982738753368518,-0.4656341006093184,-0.4160998848910024,0.4889114424680664,0.1118084644015748,0.0592858088412919,2.3933636546129825e-15,17.618006918589536,2
0.2125,6,144,1,1,1002,broad_xyz,22.35964451205876,False,0.7875372041298624,0.8278729764963846,0.2520133281399813,-0.4812926584945549,-0.3909572183184212,0.4807485409889162,0.1331338216247711,0.0757718751139801,2.3933636546129825e-15,17.618006918589536,2
0.225,6,144,1,1,1002,broad_xyz,22.35964451205876,False,0.8052131624093765,0.8099012850819843,0.3295729694255759,-0.475697982333105,-0.3697306903937466,0.4587139162152494,0.1547148104102962,0.0947218668081354,2.3933636546129825e-15,17.618006918589536,2
0.2375,6,144,1,1,1002,broad_xyz,22.35964451205876,False,0.8147671102773373,0.7930372540298628,0.4055343811106843,-0.4752424208311956,-0.3539575033181925,0.4406660928425939,0.1760382881298864,0.1149412071816932,2.3933636546129825e-15,17.618006918589536,2
0.25,6,144,1,1,1002,broad_xyz,22.35964451205876,False,0.8208255716418967,0.7842695650091235,0.471903193155225,-0.4883871205957694,-0.3365593635608193,0.4353332385564333,0.1965126932460425,0.1356428326286035,2.3933636546129825e-15,17.618006918589536,2
0.27,6,144,1,1,1002,broad_xyz,22.35964451205876,False,0.8316953196748698,0.7922979907524604,0.5606773055719682,-0.5364598438077474,-0.2921388598458423,0.4581524855160667,0.2400088114388649,0.1680533867491082,2.3933636546129825e-15,17.618006918589536,2
0.29,6,144,1,1,1002,broad_xyz,22.35964451205876,False,0.8515556073670415,0.8248054839788368,0.6366790971999837,-0.6114343531644068,-0.2537962423606895,0.5153056575130246,0.2861880198784615,0.1970293713957182,2.3933636546129825e-15,17.618006918589536,2
0.31,6,144,1,1,1002,broad_xyz,22.35964451205876,False,0.8748315738400092,0.866172301330033,0.7055769154141359,-0.705423621432639,-0.2490781016235144,0.5884985845844123,0.3344310043610522,0.2199427100224382,2.3933636546129825e-15,17.618006918589536,2
0.33,6,144,1,1,1002,broad_xyz,22.35964451205876,False,0.8879624373056858,0.898719738838604,0.7657989876331547,-0.799025309703328,-0.2874004510078333,0.6526444211368183,0.3788627912687367,0.2348576162780898,2.3933636546129825e-15,17.618006918589536,2
0.35,6,144,1,1,1002,broad_xyz,22.35964451205876,False,0.8815767544049471,0.9165033186164684,0.8129731780786984,-0.8710901157406052,-0.3514438156081303,0.6929095263296091,0.4164616985053319,0.2413731380618895,2.3933636546129825e-15,17.618006918589536,2
0.37,6,144,1,1,1002,broad_xyz,22.35964451205876,False,0.8524104470389432,0.9182586784517066,0.8538277829373636,-0.9124781346435894,-0.4264027393669351,0.6991315130680341,0.446033157841662,0.242318044296789,2.3933636546129825e-15,17.618006918589536,2
0.39,6,144,1,1,1002,broad_xyz,22.35964451205876,False,0.8098135908003475,0.9066396950260016,0.8940119918251064,-0.9247732653717748,-0.5457835519150305,0.6638166779339808,0.4738090135552563,0.243664741690925,2.3933636546129825e-15,17.618006918589536,2
0.41,6,144,1,1,1002,broad_xyz,22.35964451205876,False,0.7697468384198377,0.897525011367507,0.9175030697495687,-0.9278842408322204,-0.6472388703201034,0.5973498078478728,0.4948428112825835,0.2455296955142319,2.3933636546129825e-15,17.618006918589536,2
0.43,6,144,1,1,1002,broad_xyz,22.35964451205876,False,0.7406372501161615,0.895008399468601,0.9303648452553884,-0.9271567507768708,-0.7164824981611603,0.4926280500917849,0.5079745452386646,0.2494033821225377,2.3933636546129825e-15,17.618006918589536,2
0.45,6,144,1,1,1002,broad_xyz,22.35964451205876,False,0.725363951260035,0.8987829374847229,0.93641060301751,-0.9281156579487638,-0.755141731287529,0.3398485705309757,0.5120377917390961,0.2557947215140685,2.3933636546129825e-15,17.618006918589536,2
0.5,6,144,1,1,1002,broad_xyz,22.35964451205876,False,0.736409229950641,0.9104404665449306,0.9283595623480024,-0.9416445395294564,-0.7407617522358316,-0.1863870661738749,0.5089742765560443,0.2821889068223409,2.3933636546129825e-15,17.618006918589536,2
0.55,6,144,1,1,1002,broad_xyz,22.35964451205876,False,0.6582792199753789,0.8644852360992508,0.9138419270220218,-0.902512365832591,-0.7304414232445867,-0.4300678680946997,0.4992005719870013,0.3154874050755019,2.3933636546129825e-15,17.618006918589536,2
0.6,6,144,1,1,1002,broad_xyz,22.35964451205876,False,0.4628060583128062,0.7595048022279911,0.909451756072546,-0.8169574640748335,-0.7796431831202476,-0.5074098913227276,0.4997889112842525,0.3271212032017651,2.3933636546129825e-15,17.618006918589536,2
0.6499999999999999,6,144,1,1,1002,broad_xyz,22.35964451205876,False,0.5024402992677649,0.7598697939628168,0.9222689200423416,-0.7707928172783758,-0.8115528928493312,-0.5098076247324307,0.5001119872166155,0.3166099346636537,2.3933636546129825e-15,17.618006918589536,2
0.7,6,144,1,1,1002,broad_xyz,22.35964451205876,False,0.6747953336002869,0.8290496899535053,0.9384056117572006,-0.6946487827513225,-0.8587728362303082,-0.5061181894247849,0.4793770042510514,0.2981591238648372,2.3933636546129825e-15,17.618006918589536,2
0.725,6,144,1,1,1002,broad_xyz,22.35964451205876,False,0.7264374816478191,0.8530687019053736,0.9403075966134962,-0.5771886562677185,-0.8686598660344145,-0.5065635207241613,0.4958496268240931,0.2885892409452344,2.3933636546129825e-15,17.618006918589536,2
0.75,6,144,1,1,1002,broad_xyz,22.35964451205876,False,0.7517336749907592,0.8692011150614875,0.9371406370390448,-0.3513650217427885,-0.8689518285003456,-0.5105707021975894,0.5012320953252982,0.2783190470364001,2.3933636546129825e-15,17.618006918589536,2
0.775,6,144,1,1,1002,broad_xyz,22.35964451205876,False,0.7569143524029718,0.881344263997708,0.9316288691092068,-0.0250536331191236,-0.8665574629887978,-0.5150493754538455,0.488322781229269,0.2660455102031497,2.3933636546129825e-15,17.618006918589536,2
0.8,6,144,1,1,1002,broad_xyz,22.35964451205876,False,0.742830914177985,0.8911317972366645,0.924294093889912,0.2577815121519216,-0.8620106638482055,-0.5162058104134939,0.468116709583255,0.2514797238154863,2.3933636546129825e-15,17.618006918589536,2
0.825,6,144,1,1,1002,broad_xyz,22.35964451205876,False,0.7156312589688318,0.8967051831298094,0.9132102255782576,0.3982417325070108,-0.8499985274811747,-0.5117585385789074,0.4469689512110415,0.2355776589562001,2.3933636546129825e-15,17.618006918589536,2
0.85,6,144,1,1,1002,broad_xyz,22.35964451205876,False,0.6943307758298704,0.8961166166348474,0.8981015326430485,0.4382602947425715,-0.8268600148614993,-0.5067016970331206,0.4171680330667557,0.2209904964050724,2.3933636546129825e-15,17.618006918589536,2
0.875,6,144,1,1,1002,broad_xyz,22.35964451205876,False,0.7000185105709787,0.8888287841989108,0.88350463602543,0.44216876583787,-0.786688797306163,-0.5085431771156803,0.3814957490567051,0.2110401178657708,2.3933636546129825e-15,17.618006918589536,2
0.9,6,144,1,1,1002,broad_xyz,22.35964451205876,False,0.7314815492092372,0.8711270712526312,0.870872827586301,0.4274449741734829,-0.7391439050567307,-0.5182140673504314,0.3706102263384492,0.2079274250257048,2.3933636546129825e-15,17.618006918589536,2
0.95,6,144,1,1,1002,broad_xyz,22.35964451205876,False,0.7826474699697337,0.8095536283496838,0.852100984607532,0.289336339049893,-0.8238264360171615,-0.5275082004273851,0.3933533888262616,0.2184537493350158,2.3933636546129825e-15,17.618006918589536,2
1.0,6,144,1,1,1002,broad_xyz,22.35964451205876,False,0.7237358996661384,0.767661551320501,0.8508389322923054,0.0726639671159532,-0.8829740757305059,-0.53515054972347,0.4019590875909853,0.2353722781135535,2.3933636546129825e-15,17.618006918589536,2
0.05,6,144,1,1,1003,broad_xyz,22.35964451205876,False,-0.0908153516614771,0.4271794989060263,-0.3653977987223491,-0.5145214381305777,-0.4530668828595756,0.1674419043098037,0.0041310839384034,0.0009549727267342,2.3933636546129825e-15,17.618006918589536,3
0.075,6,144,1,1,1003,broad_xyz,22.35964451205876,False,-0.0622874651884671,0.4332099022919667,-0.3718485803877533,-0.5597854603313359,-0.494006820798803,0.1478993779431673,0.0113494956783905,0.0027772601414334,2.3933636546129825e-15,17.618006918589536,3
0.1,6,144,1,1,1003,broad_xyz,22.35964451205876,False,0.0152216369617796,0.4504015205029877,-0.3564320910735964,-0.5941230661201373,-0.5332142710355209,0.1330114091275452,0.024497530975383,0.0064800873429473,2.3933636546129825e-15,17.618006918589536,3
0.125,6,144,1,1,1003,broad_xyz,22.35964451205876,False,0.1306608502334109,0.4821268260605322,-0.31952886170418,-0.6168682694360779,-0.5617990087306517,0.1284412233201869,0.0453137948893732,0.0133632249967343,2.3933636546129825e-15,17.618006918589536,3
0.15,6,144,1,1,1003,broad_xyz,22.35964451205876,False,0.2892712174053957,0.5428328283913706,-0.2400709215771905,-0.6096905305095316,-0.5526519437909697,0.118385077606071,0.0774145053346237,0.0256402581473771,2.3933636546129825e-15,17.618006918589536,3
0.1625,6,144,1,1,1003,broad_xyz,22.35964451205876,False,0.389660278265607,0.5915814417462094,-0.1733701052198847,-0.5860405009177723,-0.523388365953112,0.1101545550588291,0.0976424861438031,0.0349741775797792,2.3933636546129825e-15,17.618006918589536,3
0.175,6,144,1,1,1003,broad_xyz,22.35964451205876,False,0.506457052481649,0.6587017056815544,-0.0814828853836398,-0.5437518391430834,-0.4662795292960213,0.0958037416274144,0.1196607098201483,0.0474205366870619,2.3933636546129825e-15,17.618006918589536,3
0.1875,6,144,1,1,1003,broad_xyz,22.35964451205876,False,0.6259551990153236,0.7349785018786743,0.0304691654081627,-0.4852746868274212,-0.3772535280410615,0.0683326705666898,0.1430128461851908,0.0637344833262027,2.3933636546129825e-15,17.618006918589536,3
0.2,6,144,1,1,1003,broad_xyz,22.35964451205876,False,0.731419194716393,0.8045701901902074,0.1513885577943874,-0.4156631296563904,-0.2562306712056784,0.0390590000209588,0.1699687439876666,0.0835263766836913,2.3933636546129825e-15,17.618006918589536,3
0.2125,6,144,1,1,1003,broad_xyz,22.35964451205876,False,0.8099705558569783,0.8524828063924369,0.2644594011037174,-0.3510395378376115,-0.1156123044885867,0.0042431989734198,0.19943338998946,0.1062679538163777,2.3933636546129825e-15,17.618006918589536,3
0.225,6,144,1,1,1003,broad_xyz,22.35964451205876,False,0.8684387855878175,0.8853599172064596,0.3696493931867959,-0.2957671657012031,0.0334321483220884,-0.0298093975571837,0.2293124721825249,0.1309691556400035,2.3933636546129825e-15,17.618006918589536,3
0.2375,6,144,1,1,1003,broad_xyz,22.35964451205876,False,0.9113724537598528,0.9078558663294332,0.4668477748822512,-0.2539805355338048,0.1267585752487858,-0.0541619825855436,0.258928190533369,0.1564956550647728,2.3933636546129825e-15,17.618006918589536,3
0.25,6,144,1,1,1003,broad_xyz,22.35964451205876,False,0.9406469895172108,0.9217887324365192,0.552440252347891,-0.234882686185176,0.1307948738977383,-0.0666235928995582,0.290805017604234,0.1819013889570438,2.3933636546129825e-15,17.618006918589536,3
0.27,6,144,1,1,1003,broad_xyz,22.35964451205876,False,0.9653470773027678,0.9330918697764492,0.6590038656306993,-0.2766344122088942,0.0222508758559295,-0.0633403524202348,0.340895748219617,0.2202337708791897,2.3933636546129825e-15,17.618006918589536,3
0.29,6,144,1,1,1003,broad_xyz,22.35964451205876,False,0.9695383660603538,0.9383284994318852,0.7296974520009772,-0.4185615781199382,-0.1119471704553072,-0.0338432184732225,0.3915401619861963,0.2531963074500815,2.3933636546129825e-15,17.618006918589536,3
0.31,6,144,1,1,1003,broad_xyz,22.35964451205876,False,0.9582738962795664,0.9425103261565128,0.7711190810505035,-0.6098706400478099,-0.2301665991138311,0.0149232202103775,0.4387671479184833,0.2782540281494518,2.3933636546129825e-15,17.618006918589536,3
0.33,6,144,1,1,1003,broad_xyz,22.35964451205876,False,0.934696064678539,0.9458778190807658,0.7916383301293799,-0.7618829045587077,-0.3339788307883719,0.0650312847157853,0.4816797275041343,0.2934301202598262,2.3933636546129825e-15,17.618006918589536,3
0.35,6,144,1,1,1003,broad_xyz,22.35964451205876,False,0.901729569005073,0.9444078118157772,0.8019099556498206,-0.8495433058422704,-0.4040568094227438,0.0856364059842892,0.5196275761516891,0.2980173221944315,2.3933636546129825e-15,17.618006918589536,3
0.37,6,144,1,1,1003,broad_xyz,22.35964451205876,False,0.8649121313917537,0.9301049879360174,0.8144651346923014,-0.8897267749500014,-0.4760361084806593,0.0439521801372591,0.5498883830076962,0.2961402816536045,2.3933636546129825e-15,17.618006918589536,3
0.39,6,144,1,1,1003,broad_xyz,22.35964451205876,False,0.8275159722054182,0.9050769570674972,0.8268427143822884,-0.902500664201875,-0.5545247981812511,-0.0417901856247003,0.5698686036347536,0.2908291124910918,2.3933636546129825e-15,17.618006918589536,3
0.41,6,144,1,1,1003,broad_xyz,22.35964451205876,False,0.7977042593524277,0.8763277780639515,0.8342562237818136,-0.9014260296807972,-0.6254081715345432,-0.1271435483729829,0.5770327956416758,0.2845341794000399,2.3933636546129825e-15,17.618006918589536,3
0.43,6,144,1,1,1003,broad_xyz,22.35964451205876,False,0.7821869736017942,0.8505157594831388,0.8353004448557706,-0.8955233132401428,-0.6735817278039893,-0.1834711573712527,0.5769676943268718,0.2788302000871987,2.3933636546129825e-15,17.618006918589536,3
0.45,6,144,1,1,1003,broad_xyz,22.35964451205876,False,0.7837958148902591,0.8327117384568669,0.8290460446858743,-0.8914647155649762,-0.678434917879548,-0.2082402049515109,0.567652757800751,0.275183222459981,2.3933636546129825e-15,17.618006918589536,3
0.5,6,144,1,1,1003,broad_xyz,22.35964451205876,False,0.8484041635213295,0.8419259478824219,0.8020553316415178,-0.8889542555835476,-0.5341559259041929,-0.1769596813081917,0.5544982603472188,0.2908997063422827,2.3933636546129825e-15,17.618006918589536,3
0.55,6,144,1,1,1003,broad_xyz,22.35964451205876,False,0.8512253040584431,0.8453842069466285,0.8073851624265729,-0.809271692863058,-0.6181831266904715,-0.1976661147353213,0.5414480059804123,0.3438441977663244,2.3933636546129825e-15,17.618006918589536,3
0.6,6,144,1,1,1003,broad_xyz,22.35964451205876,False,0.7659794336406358,0.8109216547255249,0.8484429526587538,-0.7380806725724457,-0.805527034500117,-0.3035614043019602,0.5463960237252776,0.3710600553545539,2.3933636546129825e-15,17.618006918589536,3
0.6499999999999999,6,144,1,1,1003,broad_xyz,22.35964451205876,False,0.7149382543145324,0.8024367710780232,0.8694766320632997,-0.7279217067265575,-0.8744433143976728,-0.4013395037585084,0.5521060730487118,0.3572284823318448,2.3933636546129825e-15,17.618006918589536,3
0.7,6,144,1,1,1003,broad_xyz,22.35964451205876,False,0.6920658027038138,0.8176491273539419,0.8881325674332939,-0.6578768887938269,-0.8884579181191745,-0.4665380582215411,0.5544037055647937,0.3258814950935762,2.3933636546129825e-15,17.618006918589536,3
0.725,6,144,1,1,1003,broad_xyz,22.35964451205876,False,0.6906398111535667,0.8308305681649698,0.8968496135353194,-0.5606004695206703,-0.8937566216474578,-0.4815409479405251,0.545488716677748,0.3097868515467907,2.3933636546129825e-15,17.618006918589536,3
0.75,6,144,1,1,1003,broad_xyz,22.35964451205876,False,0.6918236709441278,0.8440371657584149,0.9020153909796208,-0.3904574280569424,-0.9002850663778007,-0.4858237743635533,0.5295011067020228,0.2947507329950139,2.3933636546129825e-15,17.618006918589536,3
0.775,6,144,1,1,1003,broad_xyz,22.35964451205876,False,0.6915356214213207,0.8541134388629853,0.9005866298777411,-0.1581064862366844,-0.9057711464475854,-0.4799642523981749,0.4985137706425428,0.2805985671645403,2.3933636546129825e-15,17.618006918589536,3
0.8,6,144,1,1,1003,broad_xyz,22.35964451205876,False,0.6854006902705119,0.8580373947738618,0.89054579709123,0.0394593615050495,-0.9107825726472024,-0.4644036107067424,0.480008611653455,0.2662692476383356,2.3933636546129825e-15,17.618006918589536,3
0.825,6,144,1,1,1003,broad_xyz,22.35964451205876,False,0.6661966353062103,0.8540005414616494,0.8741363710019427,0.1289227055135152,-0.9115149926498028,-0.438678795858399,0.4522139128956016,0.2506458162575899,2.3933636546129825e-15,17.618006918589536,3
0.85,6,144,1,1,1003,broad_xyz,22.35964451205876,False,0.6309900710649232,0.8419846487144439,0.8567029455818912,0.1255138370651573,-0.9073071355975464,-0.4036900951819653,0.4348860856643359,0.2337852160452585,2.3933636546129825e-15,17.618006918589536,3
0.875,6,144,1,1,1003,broad_xyz,22.35964451205876,False,0.585981896372948,0.820263853950143,0.8364421768639462,0.0562982022698604,-0.8922104190714953,-0.3766582508901941,0.4371993606396215,0.2195370652226779,2.3933636546129825e-15,17.618006918589536,3
0.9,6,144,1,1,1003,broad_xyz,22.35964451205876,False,0.5502771784939597,0.7983408698778532,0.8163699499945166,-0.0387757127860004,-0.8651269897290934,-0.3625578222855268,0.4346173856345451,0.2127043053592728,2.3933636546129825e-15,17.618006918589536,3
0.95,6,144,1,1,1003,broad_xyz,22.35964451205876,False,0.5689494169410272,0.8039377079606425,0.8112455617592721,-0.2032258364011422,-0.8875109355756249,-0.346193757955069,0.4446022222019049,0.2241140519284205,2.3933636546129825e-15,17.618006918589536,3
1.0,6,144,1,1,1003,broad_xyz,22.35964451205876,False,0.6127156046284358,0.8236595548880127,0.8168078789849134,-0.4406691980969934,-0.8726474143343049,-0.3679030033569742,0.4156125254165547,0.2501680272007089,2.3933636546129825e-15,17.618006918589536,3
0.05,6,144,1,1,1004,broad_xyz,22.35964451205876,False,-0.0805872090535682,0.1800277763516576,-0.3395492642239052,-0.4073946326503972,-0.4516783531245242,0.3778472606925944,0.0018295631227385,0.0001984590387315,2.3933636546129825e-15,17.618006918589536,4
0.075,6,144,1,1,1004,broad_xyz,22.35964451205876,False,-0.0145501944236182,0.1682209637227363,-0.320237409586446,-0.4115956282421709,-0.4746510945443998,0.4471410590733172,0.0046969014543653,0.0005402179149248,2.3933636546129825e-15,17.618006918589536,4
0.1,6,144,1,1,1004,broad_xyz,22.35964451205876,False,0.0637154191627528,0.1883618983582993,-0.2951087318333381,-0.4221343562835924,-0.5163171354274226,0.5397152773862102,0.0099428535508632,0.0013181210140029,2.3933636546129825e-15,17.618006918589536,4
0.125,6,144,1,1,1004,broad_xyz,22.35964451205876,False,0.1412990566809567,0.2500972999112394,-0.2616819176005082,-0.4354347083093051,-0.576262903575906,0.6503520642973042,0.0194404864688046,0.0032093196072224,2.3933636546129825e-15,17.618006918589536,4
0.15,6,144,1,1,1004,broad_xyz,22.35964451205876,False,0.2354631562352278,0.3812460425522845,-0.2171941894494338,-0.4563222948329457,-0.6269598972381848,0.7554328988964492,0.0369704479401593,0.008545594694163,2.3933636546129825e-15,17.618006918589536,4
0.1625,6,144,1,1,1004,broad_xyz,22.35964451205876,False,0.319234193484422,0.4777450879334006,-0.1703600583288838,-0.4567449557037104,-0.6010934904566836,0.7885934611251288,0.0497280758251511,0.0144351974522998,2.3933636546129825e-15,17.618006918589536,4
0.175,6,144,1,1,1004,broad_xyz,22.35964451205876,False,0.417026200751152,0.5714295995162929,-0.098182865608101,-0.4360270137967685,-0.5308500041261875,0.7914730342197076,0.0686132685394104,0.0236008323910093,2.3933636546129825e-15,17.618006918589536,4
0.1875,6,144,1,1,1004,broad_xyz,22.35964451205876,False,0.5158875901456352,0.6539494128365225,-0.0018875149295506,-0.391935309515579,-0.4432431202643342,0.7651092028918586,0.0900667691761486,0.0361790043168936,2.3933636546129825e-15,17.618006918589536,4
0.2,6,144,1,1,1004,broad_xyz,22.35964451205876,False,0.6081766296577712,0.7262051550116728,0.1145009374500502,-0.3297891476887349,-0.3726261271700699,0.718986337269346,0.1174435620122179,0.0521630749177176,2.3933636546129825e-15,17.618006918589536,4
0.2125,6,144,1,1,1004,broad_xyz,22.35964451205876,False,0.6821762990620357,0.7838698675730241,0.2358086909112617,-0.2661451638669446,-0.3416303773509257,0.660811247515777,0.1471221030377987,0.0708777184486355,2.3933636546129825e-15,17.618006918589536,4
0.225,6,144,1,1,1004,broad_xyz,22.35964451205876,False,0.7344037569136235,0.8236999238991084,0.3495922726767268,-0.217160713133263,-0.3460957074536223,0.5949011407138359,0.1775581092627538,0.0917261412056823,2.3933636546129825e-15,17.618006918589536,4
0.2375,6,144,1,1,1004,broad_xyz,22.35964451205876,False,0.7673396350296489,0.8489480642590288,0.4501056926571238,-0.1934322114942327,-0.3644790331128249,0.5301203471243169,0.2087025375131571,0.1139600517176666,2.3933636546129825e-15,17.618006918589536,4
0.25,6,144,1,1,1004,broad_xyz,22.35964451205876,False,0.7862911345520034,0.8641044825484524,0.5329803601488621,-0.203178137110272,-0.3850051728611655,0.4727254424058397,0.2435609218485553,0.1366006719712517,2.3933636546129825e-15,17.618006918589536,4
0.27,6,144,1,1,1004,broad_xyz,22.35964451205876,False,0.798375851221771,0.8768128480361761,0.6261494093193406,-0.2909591337532713,-0.4086825777526419,0.4042421035889789,0.2960701938395697,0.171667222414133,2.3933636546129825e-15,17.618006918589536,4
0.29,6,144,1,1,1004,broad_xyz,22.35964451205876,False,0.8011191090794321,0.8875977549344086,0.6815963036853602,-0.4346142910580849,-0.4174633077742452,0.3659652329722028,0.346958472011267,0.2029078976552678,2.3933636546129825e-15,17.618006918589536,4
0.31,6,144,1,1,1004,broad_xyz,22.35964451205876,False,0.8004575411840041,0.901447482734286,0.7136759930607474,-0.5811247581120828,-0.4203342510450983,0.3528089578307316,0.3913323601001063,0.2280774384943515,2.3933636546129825e-15,17.618006918589536,4
0.33,6,144,1,1,1004,broad_xyz,22.35964451205876,False,0.7975044521415902,0.9173753517358584,0.7338106993829402,-0.6992986561126517,-0.4213088693463485,0.3570413444397478,0.4281496565055277,0.2454533504051217,2.3933636546129825e-15,17.618006918589536,4
0.35,6,144,1,1,1004,broad_xyz,22.35964451205876,False,0.7886215561989781,0.9286311517115812,0.756392049273121,-0.779193379602201,-0.4360819754002009,0.3660476275181323,0.4577422527366428,0.2548079783720213,2.3933636546129825e-15,17.618006918589536,4
0.37,6,144,1,1,1004,broad_xyz,22.35964451205876,False,0.7699837752025289,0.9281280856573276,0.7839085316367718,-0.8247816433050071,-0.4736141048289928,0.3633560941181912,0.4818080853823405,0.2589296833770607,2.3933636546129825e-15,17.618006918589536,4
0.39,6,144,1,1,1004,broad_xyz,22.35964451205876,False,0.742912106333235,0.9173462609782356,0.8107884479914722,-0.8415765085170133,-0.5325698324898132,0.3448352487078251,0.4958362733441107,0.2596639932984655,2.3933636546129825e-15,17.618006918589536,4
0.41,6,144,1,1,1004,broad_xyz,22.35964451205876,False,0.7180591228438591,0.903756813354452,0.8334962544705555,-0.8384773819238335,-0.6028248557138863,0.314290316930674,0.506962535326231,0.2583566233628139,2.3933636546129825e-15,17.618006918589536,4
0.43,6,144,1,1,1004,broad_xyz,22.35964451205876,False,0.7036501048407259,0.8922508822786029,0.8494123800788149,-0.825853225710758,-0.6604288973542951,0.2708695921120249,0.5105379842293629,0.2574328881662592,2.3933636546129825e-15,17.618006918589536,4
0.45,6,144,1,1,1004,broad_xyz,22.35964451205876,False,0.70626220244462,0.8869611367904982,0.8594557343007985,-0.8137322588563785,-0.6829648211060906,0.2135446766558141,0.514652771953658,0.2588045328034212,2.3933636546129825e-15,17.618006918589536,4
0.5,6,144,1,1,1004,broad_xyz,22.35964451205876,False,0.7761178660299949,0.9012224916651532,0.8747330121407543,-0.7965288982373983,-0.573655066423696,0.0002253253136761,0.5007914917149622,0.2821944714264219,2.3933636546129825e-15,17.618006918589536,4
0.55,6,144,1,1,1004,broad_xyz,22.35964451205876,False,0.8123769200300973,0.8776719984596901,0.8808465664471119,-0.7161329012606877,-0.5871749147249532,-0.2703037876123041,0.463521756258344,0.3228452058454082,2.3933636546129825e-15,17.618006918589536,4
0.6,6,144,1,1,1004,broad_xyz,22.35964451205876,False,0.8155606576421122,0.8149194853509999,0.8755201027521434,-0.6364706223719365,-0.6820581866227305,-0.3934838729215835,0.5213542254833508,0.336559345195491,2.3933636546129825e-15,17.618006918589536,4
0.6499999999999999,6,144,1,1,1004,broad_xyz,22.35964451205876,False,0.8409701521253717,0.791065878845713,0.8607255500734146,-0.5995558209957991,-0.7761730919780605,-0.3838754872380222,0.5097735999082539,0.3183945891801516,2.3933636546129825e-15,17.618006918589536,4
0.7,6,144,1,1,1004,broad_xyz,22.35964451205876,False,0.8536727312677378,0.7604077978789304,0.8458139643244453,-0.5310056343536889,-0.8300381899759184,-0.3670071671129663,0.4897458922559498,0.285388852964865,2.3933636546129825e-15,17.618006918589536,4
0.725,6,144,1,1,1004,broad_xyz,22.35964451205876,False,0.8541810109303086,0.7336712659269441,0.8282415970997677,-0.4841060746178021,-0.8334494502695423,-0.3628465058824641,0.4858322048833584,0.2678019601049521,2.3933636546129825e-15,17.618006918589536,4
0.75,6,144,1,1,1004,broad_xyz,22.35964451205876,False,0.8462223919566529,0.7019958725566566,0.8021941644259712,-0.4321106463260712,-0.8280027895105933,-0.3590816511464762,0.4845060253211417,0.2516388442609,2.3933636546129825e-15,17.618006918589536,4
0.775,6,144,1,1,1004,broad_xyz,22.35964451205876,False,0.8297471874373537,0.6732619591541462,0.7729829366207561,-0.3749682747140222,-0.8193876578028422,-0.3543640024735681,0.4825082547082556,0.2378371805042269,2.3933636546129825e-15,17.618006918589536,4
0.8,6,144,1,1,1004,broad_xyz,22.35964451205876,False,0.8117262007666731,0.6582628492535588,0.7504919621857561,-0.311067335618127,-0.8116814827104898,-0.3478989204132226,0.477380337799139,0.22621849483113,2.3933636546129825e-15,17.618006918589536,4
0.825,6,144,1,1,1004,broad_xyz,22.35964451205876,False,0.7984287057060768,0.6607620964229518,0.7403913781659955,-0.2449372882207338,-0.8044638087568479,-0.3388607819875962,0.4655870948619185,0.2155852597617819,2.3933636546129825e-15,17.618006918589536,4
0.85,6,144,1,1,1004,broad_xyz,22.35964451205876,False,0.7896133547557147,0.6777261911620759,0.7440173215458459,-0.1834327065420307,-0.7901053902822709,-0.3308516188555947,0.4445162901137586,0.2059571637039743,2.3933636546129825e-15,17.618006918589536,4
0.875,6,144,1,1,1004,broad_xyz,22.35964451205876,False,0.7795172216233277,0.6951842042891943,0.7516511238555177,-0.1386031782138495,-0.7490431343977084,-0.3343027561203825,0.415620437358566,0.2001275901975269,2.3933636546129825e-15,17.618006918589536,4
0.9,6,144,1,1,1004,broad_xyz,22.35964451205876,False,0.7750740357703081,0.7118009863791437,0.7647422589588887,-0.1091161733954236,-0.6946862773250254,-0.3442595403803745,0.4041890591900676,0.2006500662494605,2.3933636546129825e-15,17.618006918589536,4
0.95,6,144,1,1,1004,broad_xyz,22.35964451205876,False,0.7842764947491041,0.7354764243460195,0.8043595586780179,-0.1593627550460633,-0.6960958006977411,-0.3775244034015287,0.3999756419512505,0.2217581177931014,2.3933636546129825e-15,17.618006918589536,4
1.0,6,144,1,1,1004,broad_xyz,22.35964451205876,False,0.7504774078496957,0.7430257006334191,0.8576448615042186,-0.3718904597096341,-0.7082321560638795,-0.4419759388308656,0.4156115723397683,0.2527964646468901,2.3933636546129825e-15,17.618006918589536,4
0.05,6,144,1,1,1005,broad_xyz,22.35964451205876,False,0.0636511669962534,0.344409639365427,-0.3604521072995661,-0.5612069665858985,-0.3892645440717063,0.1859728399438385,0.0055339961357787,0.0009539749940065,2.3933636546129825e-15,17.618006918589536,5
0.075,6,144,1,1,1005,broad_xyz,22.35964451205876,False,0.1339890580176193,0.3578992329443088,-0.3318920984103897,-0.592920053286833,-0.4459087924762232,0.2136383170887142,0.0144124530846351,0.002680135208611,2.3933636546129825e-15,17.618006918589536,5
0.1,6,144,1,1,1005,broad_xyz,22.35964451205876,False,0.2307113505217143,0.3884377648333417,-0.2759633414800728,-0.6171916757420254,-0.5328238827327103,0.2369311339699741,0.0293372033114137,0.0061836639301363,2.3933636546129825e-15,17.618006918589536,5
0.125,6,144,1,1,1005,broad_xyz,22.35964451205876,False,0.3469446357868247,0.4397647638895753,-0.1836161325372777,-0.6284243700128659,-0.6456526090426646,0.2608572057873497,0.0513428274421741,0.0128760526255577,2.3933636546129825e-15,17.618006918589536,5
0.15,6,144,1,1,1005,broad_xyz,22.35964451205876,False,0.5063762555432038,0.5584331613188798,-0.0204559590537876,-0.6046180891196427,-0.7380492735065749,0.2766158748438824,0.080852739826917,0.0262487892367688,2.3933636546129825e-15,17.618006918589536,5
0.1625,6,144,1,1,1005,broad_xyz,22.35964451205876,False,0.6064432704625173,0.6516187998181087,0.1002471074343332,-0.5646081219616315,-0.7666786939090634,0.2815342112289028,0.0983957705505981,0.0372466191916272,2.3933636546129825e-15,17.618006918589536,5
0.175,6,144,1,1,1005,broad_xyz,22.35964451205876,False,0.6988344347414259,0.7398255728560215,0.2247309223761216,-0.513927888506944,-0.7839141118541388,0.285203703870209,0.1177289264317885,0.0515622900255419,2.3933636546129825e-15,17.618006918589536,5
0.1875,6,144,1,1,1005,broad_xyz,22.35964451205876,False,0.7751560458503974,0.8116750462834371,0.3402586047055272,-0.4613440518164493,-0.7937383950518674,0.2859236102468361,0.1387729324200707,0.0690170342332081,2.3933636546129825e-15,17.618006918589536,5
0.2,6,144,1,1,1005,broad_xyz,22.35964451205876,False,0.8322998203290414,0.8633063403823087,0.4396563922279697,-0.415808757888124,-0.8058733710436219,0.2796218455447197,0.1614231693188992,0.0892969255791271,2.3933636546129825e-15,17.618006918589536,5
0.2125,6,144,1,1,1005,broad_xyz,22.35964451205876,False,0.8732259932310953,0.8952764011262627,0.5226996430783498,-0.3826554553752554,-0.8131318859379261,0.2665091902705815,0.1855398002865807,0.1120098877227536,2.3933636546129825e-15,17.618006918589536,5
0.225,6,144,1,1,1005,broad_xyz,22.35964451205876,False,0.9032369365411216,0.9140411938760896,0.5927589964210234,-0.3641762237065404,-0.8011617023532649,0.2530273601197393,0.2130126777266609,0.1360468109500474,2.3933636546129825e-15,17.618006918589536,5
0.2375,6,144,1,1,1005,broad_xyz,22.35964451205876,False,0.9239571448102768,0.9241872072615134,0.6517278342286037,-0.3630477084209969,-0.7674783196405542,0.2458589441750578,0.2417142897627876,0.1603477631276604,2.3933636546129825e-15,17.618006918589536,5
0.25,6,144,1,1,1005,broad_xyz,22.35964451205876,False,0.936457430842662,0.9286136391357472,0.6998421451114223,-0.3830807395919844,-0.7227278881842275,0.2454211712956672,0.270985697317283,0.1840819525548663,2.3933636546129825e-15,17.618006918589536,5
0.27,6,144,1,1,1005,broad_xyz,22.35964451205876,False,0.9424225726026104,0.9291756455736008,0.7573984985252482,-0.4594005278429306,-0.6317827470249991,0.2570172346608879,0.3186793551799297,0.219134730227955,2.3933636546129825e-15,17.618006918589536,5
0.29,6,144,1,1,1005,broad_xyz,22.35964451205876,False,0.9365469525605684,0.9277697299079184,0.7959432878990392,-0.5757543852950794,-0.563558804504007,0.2805492229856659,0.3637552147921417,0.2484335319511234,2.3933636546129825e-15,17.618006918589536,5
0.31,6,144,1,1,1005,broad_xyz,22.35964451205876,False,0.9243152812884844,0.928980611432478,0.8210191235105346,-0.6997504014308368,-0.5269798581722412,0.3134712118836446,0.4022158113440691,0.2699586192358175,2.3933636546129825e-15,17.618006918589536,5
0.33,6,144,1,1,1005,broad_xyz,22.35964451205876,False,0.909205067758048,0.9336285226657272,0.8375446115211763,-0.8007660016977143,-0.5133090552502635,0.3490092220446511,0.4322819184134553,0.2825587954401538,2.3933636546129825e-15,17.618006918589536,5
0.35,6,144,1,1,1005,broad_xyz,22.35964451205876,False,0.896426195016206,0.9391273700996016,0.8510490004483672,-0.8665281063896138,-0.5109140733227049,0.3746663627480106,0.4535372141600233,0.2863974043998673,2.3933636546129825e-15,17.618006918589536,5
0.37,6,144,1,1,1005,broad_xyz,22.35964451205876,False,0.8877575454723305,0.9409800094409112,0.8654576316836086,-0.8998081256809913,-0.5325266440332613,0.3644737756990506,0.4668992463319522,0.2847741109859896,2.3933636546129825e-15,17.618006918589536,5
0.39,6,144,1,1,1005,broad_xyz,22.35964451205876,False,0.8735118740662166,0.9383798320190652,0.8784859167656828,-0.9106709496065052,-0.6032038306018696,0.2908819329020027,0.4762134089733948,0.2828493911385785,2.3933636546129825e-15,17.618006918589536,5
0.41,6,144,1,1,1005,broad_xyz,22.35964451205876,False,0.8541370164903315,0.9353533075351966,0.8852139132186908,-0.9094891036540896,-0.6730807235113961,0.1852435161179709,0.479034198884826,0.2806392569815232,2.3933636546129825e-15,17.618006918589536,5
0.43,6,144,1,1,1005,broad_xyz,22.35964451205876,False,0.8422732637310754,0.934761772687057,0.8867047426783792,-0.9049199584647868,-0.705635993455188,0.0747138673866155,0.4746793320533321,0.2802231309009873,2.3933636546129825e-15,17.618006918589536,5
0.45,6,144,1,1,1005,broad_xyz,22.35964451205876,False,0.8453929661897823,0.937129020583446,0.8856751834559187,-0.9026116135249656,-0.7082335635790523,-0.0154755222262056,0.4651007582822236,0.2832727990650042,2.3933636546129825e-15,17.618006918589536,5
0.5,6,144,1,1,1005,broad_xyz,22.35964451205876,False,0.8748805103852878,0.9346018253301942,0.8856073149737327,-0.9077842058954726,-0.648366945750916,-0.0975676603371598,0.4824815456708292,0.3097421472037313,2.3933636546129825e-15,17.618006918589536,5
0.55,6,144,1,1,1005,broad_xyz,22.35964451205876,False,0.8232669111297352,0.8742957074199251,0.8802929628354587,-0.889515047071317,-0.6946108919958894,-0.249229528343367,0.4944532621367633,0.3518960575376992,2.3933636546129825e-15,17.618006918589536,5
0.6,6,144,1,1,1005,broad_xyz,22.35964451205876,False,0.7550824467605016,0.7944045943271825,0.8737783785949748,-0.8061858284918023,-0.7618825282596865,-0.4642683403169797,0.5339996080041329,0.3643784106803471,2.3933636546129825e-15,17.618006918589536,5
0.6499999999999999,6,144,1,1,1005,broad_xyz,22.35964451205876,False,0.7323525791299943,0.7750899733512507,0.8830632977392189,-0.7039009857026417,-0.8094829161679256,-0.5277006235151226,0.5242243271096733,0.3437478901721384,2.3933636546129825e-15,17.618006918589536,5
0.7,6,144,1,1,1005,broad_xyz,22.35964451205876,False,0.7545787806245583,0.8128126248596014,0.9123972791755623,-0.4604997032355319,-0.8634468101633568,-0.5342527607722753,0.4837094167788011,0.3092461040363756,2.3933636546129825e-15,17.618006918589536,5
0.725,6,144,1,1,1005,broad_xyz,22.35964451205876,False,0.7711593606668871,0.8332222411239651,0.9223289303094548,-0.2028454889660506,-0.8797720967544174,-0.5320964597887942,0.4605259585834013,0.2915099240616178,2.3933636546129825e-15,17.618006918589536,5
0.75,6,144,1,1,1005,broad_xyz,22.35964451205876,False,0.785369327500007,0.8440539124267343,0.9221715385291424,0.0834956042972175,-0.8844161861649924,-0.5271012430667521,0.4472493589357154,0.2750523291684989,2.3933636546129825e-15,17.618006918589536,5
0.775,6,144,1,1,1005,broad_xyz,22.35964451205876,False,0.7906744121475291,0.8428463477485758,0.910096578696774,0.2555749342888397,-0.8780830021533514,-0.52052387581236,0.4383505191960019,0.2604034248880456,2.3933636546129825e-15,17.618006918589536,5
0.8,6,144,1,1,1005,broad_xyz,22.35964451205876,False,0.7848039247618319,0.8344989003184533,0.8901565761817777,0.3155043744438073,-0.8643120239986655,-0.5121013280784634,0.4301660001135973,0.2474095816901053,2.3933636546129825e-15,17.618006918589536,5
0.825,6,144,1,1,1005,broad_xyz,22.35964451205876,False,0.7720271280215399,0.828044569486363,0.8708269680691915,0.3313165778095867,-0.8515050490644733,-0.5055446543142831,0.4231826163381349,0.2352669236609245,2.3933636546129825e-15,17.618006918589536,5
0.85,6,144,1,1,1005,broad_xyz,22.35964451205876,False,0.7576723557346371,0.8303303445405883,0.8607874132595291,0.3444336385324266,-0.8391952482685711,-0.5046531143920596,0.4303073989627284,0.2237436918830813,2.3933636546129825e-15,17.618006918589536,5
0.875,6,144,1,1,1005,broad_xyz,22.35964451205876,False,0.7443464614242242,0.8381172735191257,0.8599697089132827,0.3596103127609966,-0.8239511138346879,-0.5103577750737707,0.4317116931452386,0.2141265164398296,2.3933636546129825e-15,17.618006918589536,5
0.9,6,144,1,1,1005,broad_xyz,22.35964451205876,False,0.7344549513196766,0.8432374521710003,0.8624705376609224,0.3648339069808785,-0.8054449077016481,-0.5192520882343887,0.425053619111146,0.209805135541108,2.3933636546129825e-15,17.618006918589536,5
0.95,6,144,1,1,1005,broad_xyz,22.35964451205876,False,0.7095692705499321,0.8329233191781203,0.872742973135698,0.2852802745131169,-0.8900087678154667,-0.5232685475517529,0.3975372801163399,0.2241490923276913,2.3933636546129825e-15,17.618006918589536,5
1.0,6,144,1,1,1005,broad_xyz,22.35964451205876,False,0.6155498300514384,0.788595195295737,0.8794775215207647,-0.1168579713325698,-0.9251646692371576,-0.4869125184733249,0.420145361564615,0.2562131803304414,2.3933636546129825e-15,17.618006918589536,5
0.05,6,144,1,1,1006,broad_xyz,22.35964451205876,False,0.1790885995303231,0.3197146100775944,-0.2489544652797154,-0.3558077024723271,-0.3296350308924259,0.3503959204573322,0.0021881584866226,0.000192900310246,2.3933636546129825e-15,17.618006918589536,6
0.075,6,144,1,1,1006,broad_xyz,22.35964451205876,False,0.2415099534489714,0.3624522645906479,-0.2335109813196406,-0.3796291092063405,-0.362343861453084,0.3860463866220511,0.0048864533344051,0.0004768295823971,2.3933636546129825e-15,17.618006918589536,6
0.1,6,144,1,1,1006,broad_xyz,22.35964451205876,False,0.3417744214195276,0.4568079685787433,-0.2455866201216275,-0.4563162733473724,-0.3857017097103651,0.4745336138785984,0.0092880207152661,0.0012891945444303,2.3933636546129825e-15,17.618006918589536,6
0.125,6,144,1,1,1006,broad_xyz,22.35964451205876,False,0.4330441529870014,0.5564808125411539,-0.2424527630802184,-0.5264883404062582,-0.3995093667984052,0.4935752666237982,0.0162706021320708,0.0037127590699227,2.3933636546129825e-15,17.618006918589536,6
0.15,6,144,1,1,1006,broad_xyz,22.35964451205876,False,0.5477344690217573,0.687775880827162,-0.1783355470503951,-0.5575750637185718,-0.4538431201028852,0.4259103791131799,0.0369214583855641,0.0103957902713145,2.3933636546129825e-15,17.618006918589536,6
0.1625,6,144,1,1,1006,broad_xyz,22.35964451205876,False,0.6083215959041227,0.7514259484221085,-0.1155211999662918,-0.5516728129113286,-0.4821766178264754,0.3646808585147996,0.050679757129874,0.0166473500899142,2.3933636546129825e-15,17.618006918589536,6
0.175,6,144,1,1,1006,broad_xyz,22.35964451205876,False,0.661232085299254,0.8016412742963366,-0.0478714024878868,-0.5406849382930468,-0.5098831164253842,0.2999427071075037,0.0661746947264395,0.0254176493895477,2.3933636546129825e-15,17.618006918589536,6
0.1875,6,144,1,1,1006,broad_xyz,22.35964451205876,False,0.6998974769042504,0.8383807001254293,0.019220546555853,-0.526395806622253,-0.5256178775128453,0.2522951227372352,0.0830047439905709,0.0367672003328635,2.3933636546129825e-15,17.618006918589536,6
0.2,6,144,1,1,1006,broad_xyz,22.35964451205876,False,0.7293925732084692,0.8638773555723618,0.0855608855539433,-0.5094317490003166,-0.5292833797489306,0.2185272158242522,0.1007182451625988,0.0505904698495155,2.3933636546129825e-15,17.618006918589536,6
0.2125,6,144,1,1,1006,broad_xyz,22.35964451205876,False,0.7485926395558412,0.877132867747064,0.1495759059957183,-0.4911235014328248,-0.5234832958653688,0.1898250498421911,0.1196216024793332,0.066781406375105,2.3933636546129825e-15,17.618006918589536,6
0.225,6,144,1,1,1006,broad_xyz,22.35964451205876,False,0.7573767069079609,0.8785822417122929,0.2140084904704411,-0.4697534639708952,-0.507652676113378,0.1589037218483402,0.1427944492730825,0.0850182296517597,2.3933636546129825e-15,17.618006918589536,6
0.2375,6,144,1,1,1006,broad_xyz,22.35964451205876,False,0.7587319572769895,0.8694571173306722,0.2966917846919869,-0.4322386751148327,-0.4894288664149847,0.1113528924243267,0.1748203161104862,0.1053112341923581,2.3933636546129825e-15,17.618006918589536,6
0.25,6,144,1,1,1006,broad_xyz,22.35964451205876,False,0.7566731360663856,0.8582283936823396,0.3762368048475331,-0.3987415093108941,-0.4566796964554944,0.0671436363167103,0.2084732432725566,0.1261813049093422,2.3933636546129825e-15,17.618006918589536,6
0.27,6,144,1,1,1006,broad_xyz,22.35964451205876,False,0.7559888821968006,0.8448531498771883,0.4814929218611376,-0.374727466854807,-0.3842869956781448,0.025730172275896,0.2603900352227943,0.1584518455942955,2.3933636546129825e-15,17.618006918589536,6
0.29,6,144,1,1,1006,broad_xyz,22.35964451205876,False,0.7720367594844558,0.8461367785485775,0.5622127564780928,-0.3969663928862871,-0.3179554653829453,0.0260617454704938,0.3068516127764741,0.1872566599732651,2.3933636546129825e-15,17.618006918589536,6
0.31,6,144,1,1,1006,broad_xyz,22.35964451205876,False,0.8092545789655239,0.8638606807854908,0.6228525956381376,-0.4742743794792159,-0.2586503018672244,0.0683458430045127,0.3462580551076442,0.2105719838181758,2.3933636546129825e-15,17.618006918589536,6
0.33,6,144,1,1,1006,broad_xyz,22.35964451205876,False,0.855779427103479,0.8903189292349549,0.667113905776445,-0.5984642954188651,-0.2531565030188114,0.1414041800040381,0.3780020443886199,0.2268760685579474,2.3933636546129825e-15,17.618006918589536,6
0.35,6,144,1,1,1006,broad_xyz,22.35964451205876,False,0.8963171856279424,0.9141470815320905,0.7026520362547126,-0.72717034256885,-0.2713338832807064,0.2219438584552685,0.4019181013756007,0.2362120635796575,2.3933636546129825e-15,17.618006918589536,6
0.37,6,144,1,1,1006,broad_xyz,22.35964451205876,False,0.9191112161123146,0.92449080730074,0.7410683709951228,-0.8148892152224142,-0.3299975137276476,0.2798630778556238,0.4176611384790761,0.2415414540189958,2.3933636546129825e-15,17.618006918589536,6
0.39,6,144,1,1,1006,broad_xyz,22.35964451205876,False,0.9223793146329302,0.9251571748351132,0.7798630418071757,-0.8568217261495253,-0.4192432262297471,0.3076258896179159,0.4344453625071107,0.2452518321640687,2.3933636546129825e-15,17.618006918589536,6
0.41,6,144,1,1,1006,broad_xyz,22.35964451205876,False,0.9065712910348566,0.9210805534852756,0.8093512360888656,-0.8717693271759227,-0.5024097687599512,0.3063029869135184,0.4456471163813831,0.2488405904593343,2.3933636546129825e-15,17.618006918589536,6
0.43,6,144,1,1,1006,broad_xyz,22.35964451205876,False,0.8812192361255081,0.9185577983438304,0.8275949999910861,-0.8774950562603708,-0.563765611985085,0.2807434806541214,0.4564108772073999,0.252541428903291,2.3933636546129825e-15,17.618006918589536,6
0.45,6,144,1,1,1006,broad_xyz,22.35964451205876,False,0.8579799479568777,0.9183672930429218,0.8376621010272769,-0.8828404824297049,-0.5985538514787927,0.2342537094616672,0.4666637410709698,0.2572268220110916,2.3933636546129825e-15,17.618006918589536,6
0.5,6,144,1,1,1006,broad_xyz,22.35964451205876,False,0.8436227187535357,0.9136667742521808,0.8365429012343861,-0.8898217458920529,-0.5977294050641216,0.0524053241007484,0.4611217882111731,0.276169786442,2.3933636546129825e-15,17.618006918589536,6
0.55,6,144,1,1,1006,broad_xyz,22.35964451205876,False,0.8365687446358422,0.8668710381578126,0.84385727440739,-0.80842263355748,-0.5741073728768695,-0.1963570048977707,0.4401387750822079,0.3097055584686066,2.3933636546129825e-15,17.618006918589536,6
0.6,6,144,1,1,1006,broad_xyz,22.35964451205876,False,0.7924557558729723,0.837911291924418,0.8617271225055242,-0.7391603017113901,-0.6910033158389086,-0.3795349983555841,0.5040107360376309,0.3355338603602648,2.3933636546129825e-15,17.618006918589536,6
0.6499999999999999,6,144,1,1,1006,broad_xyz,22.35964451205876,False,0.8165643431686997,0.8828732363536438,0.8703593886195038,-0.7592096027384514,-0.8014698965077567,-0.4564344232769083,0.555801157939461,0.3382288225906991,2.3933636546129825e-15,17.618006918589536,6
0.7,6,144,1,1,1006,broad_xyz,22.35964451205876,False,0.8510092663071137,0.9089779252652964,0.8937381838835112,-0.7502621631196308,-0.8748200056025565,-0.4820827495222211,0.5277819459814893,0.3210853983737587,2.3933636546129825e-15,17.618006918589536,6
0.725,6,144,1,1,1006,broad_xyz,22.35964451205876,False,0.8496518908069395,0.9103819159857364,0.9029140100578708,-0.7007057982400413,-0.889449525228757,-0.4928896721197205,0.5035848492470129,0.308877029478299,2.3933636546129825e-15,17.618006918589536,6
0.75,6,144,1,1,1006,broad_xyz,22.35964451205876,False,0.8394191449804652,0.9080977787847868,0.9071353237530848,-0.5836763995353805,-0.8932136404951347,-0.5096356623806069,0.4874386388679504,0.2966602948069724,2.3933636546129825e-15,17.618006918589536,6
0.775,6,144,1,1,1006,broad_xyz,22.35964451205876,False,0.8257199350121183,0.9052725696733264,0.9070025005758792,-0.3607706891008493,-0.8927972463620136,-0.5272660560774287,0.4686771450663444,0.2853644609581034,2.3933636546129825e-15,17.618006918589536,6
0.8,6,144,1,1,1006,broad_xyz,22.35964451205876,False,0.8142182302494388,0.903350474586009,0.9040364127873892,-0.0727147969144756,-0.8948989099361593,-0.5387688401522693,0.4503067853734265,0.2746575878984469,2.3933636546129825e-15,17.618006918589536,6
0.825,6,144,1,1,1006,broad_xyz,22.35964451205876,False,0.8086195503808079,0.9019986633016006,0.8991023580609675,0.1472646082048639,-0.8999998892047524,-0.5413093820055903,0.4463627725489698,0.2638773589249239,2.3933636546129825e-15,17.618006918589536,6
0.85,6,144,1,1,1006,broad_xyz,22.35964451205876,False,0.8013629620949223,0.8991663989257775,0.8915475392417012,0.2557595663533127,-0.9013107800651796,-0.5383930861362964,0.4535588728245768,0.2529457307877491,2.3933636546129825e-15,17.618006918589536,6
0.875,6,144,1,1,1006,broad_xyz,22.35964451205876,False,0.7868103261486714,0.8937772057466875,0.8842986376312393,0.3018539754680314,-0.8889487044855591,-0.5322056443284102,0.4505537497720582,0.2427581620831453,2.3933636546129825e-15,17.618006918589536,6
0.9,6,144,1,1,1006,broad_xyz,22.35964451205876,False,0.770067346056575,0.8845876288860255,0.8795950873547265,0.3253765651248436,-0.8588377489715868,-0.5286172248507449,0.4377493482173986,0.2353446015236687,2.3933636546129825e-15,17.618006918589536,6
0.95,6,144,1,1,1006,broad_xyz,22.35964451205876,False,0.7568629921268373,0.8512153432920759,0.8843062432168681,0.2806843575969155,-0.8818201803847564,-0.5136726720600685,0.416651688147179,0.2322600323101221,2.3933636546129825e-15,17.618006918589536,6
1.0,6,144,1,1,1006,broad_xyz,22.35964451205876,False,0.7418379484640464,0.805755898335219,0.8931210904312601,-0.0792178022741196,-0.88660102741432,-0.4756911172290723,0.4524629847394285,0.2415511318249199,2.3933636546129825e-15,17.618006918589536,6
0.05,6,144,1,1,1007,broad_xyz,22.35964451205876,False,-0.160456531941075,0.2984312148266632,-0.4039381939470716,-0.4762577932445374,-0.4376495177240048,0.670741871186769,0.0029920583244317,0.0006910239280654,2.3933636546129825e-15,17.618006918589536,7
0.075,6,144,1,1,1007,broad_xyz,22.35964451205876,False,-0.0990388179094086,0.3177737604754578,-0.394375581520714,-0.4967587865293855,-0.4655995098523843,0.6747028347326602,0.0071894511246384,0.0018502011224692,2.3933636546129825e-15,17.618006918589536,7
0.1,6,144,1,1,1007,broad_xyz,22.35964451205876,False,0.0031755914060982,0.356393337448201,-0.3750443779599248,-0.5180488977699219,-0.4842903568473154,0.6757056798331669,0.0140511528804193,0.0040741539574969,2.3933636546129825e-15,17.618006918589536,7
0.125,6,144,1,1,1007,broad_xyz,22.35964451205876,False,0.1573174085279451,0.4359352480876586,-0.3355076888687379,-0.5390710911491916,-0.4695975697676578,0.6853299485672938,0.024154379719889,0.0082587263394097,2.3933636546129825e-15,17.618006918589536,7
0.15,6,144,1,1,1007,broad_xyz,22.35964451205876,False,0.3749848948588933,0.587111411565815,-0.1993467157192888,-0.503592959749469,-0.315595484960455,0.6595939891625616,0.0448803189563542,0.0173686609930026,2.3933636546129825e-15,17.618006918589536,7
0.1625,6,144,1,1,1007,broad_xyz,22.35964451205876,False,0.4927311485116842,0.6805911441487843,-0.0932047683348275,-0.4577656948909455,-0.1663574903294089,0.6298150262149004,0.0623501067568356,0.0254551706534954,2.3933636546129825e-15,17.618006918589536,7
0.175,6,144,1,1,1007,broad_xyz,22.35964451205876,False,0.5921103804679417,0.7544484117287258,0.0129389988542041,-0.4070982425613596,0.0042476707616192,0.593117017336485,0.0828768681941561,0.0365630029367661,2.3933636546129825e-15,17.618006918589536,7
0.1875,6,144,1,1,1007,broad_xyz,22.35964451205876,False,0.675581980179552,0.8113428378535523,0.1192291608904433,-0.3567521905549848,0.1162625461113169,0.5521960124960901,0.1061200788112376,0.0512603785917798,2.3933636546129825e-15,17.618006918589536,7
0.2,6,144,1,1,1007,broad_xyz,22.35964451205876,False,0.7378821732650378,0.8424913782715744,0.2174969106724153,-0.3143297644980909,0.1203298299316344,0.5098239245071985,0.1316515797486797,0.0692150889601954,2.3933636546129825e-15,17.618006918589536,7
0.2125,6,144,1,1,1007,broad_xyz,22.35964451205876,False,0.7837779939240171,0.8545377246831674,0.3113443169431167,-0.2816990289004861,0.0633641271415213,0.4648741349347247,0.1596425727195848,0.0901636004424205,2.3933636546129825e-15,17.618006918589536,7
0.225,6,144,1,1,1007,broad_xyz,22.35964451205876,False,0.8123927887408139,0.8493024164743752,0.3923421693431871,-0.2657711463642405,-0.010791246858663,0.4238317514594455,0.1884220353289703,0.1130925582271473,2.3933636546129825e-15,17.618006918589536,7
0.2375,6,144,1,1,1007,broad_xyz,22.35964451205876,False,0.8298100120504589,0.8334781958994084,0.4731642154898908,-0.2536740543132214,-0.0821520029963712,0.3842892308289046,0.2171077205767972,0.1375175842870516,2.3933636546129825e-15,17.618006918589536,7
0.25,6,144,1,1,1007,broad_xyz,22.35964451205876,False,0.8418742706722886,0.8168176313998171,0.5452867139295811,-0.2588799811746993,-0.146928441866559,0.3553008876778165,0.2455883369696279,0.162335551910535,2.3933636546129825e-15,17.618006918589536,7
0.27,6,144,1,1,1007,broad_xyz,22.35964451205876,False,0.8565187320637481,0.7993577852635075,0.6358200129127736,-0.311357672269489,-0.2328802851939573,0.3387876103532348,0.2930899270684018,0.2006430011033732,2.3933636546129825e-15,17.618006918589536,7
0.29,6,144,1,1,1007,broad_xyz,22.35964451205876,False,0.8725217518707891,0.8060964617848693,0.688197954652082,-0.417525014848862,-0.2774919207949734,0.370356756747819,0.3379199701207828,0.2339910032914281,2.3933636546129825e-15,17.618006918589536,7
0.31,6,144,1,1,1007,broad_xyz,22.35964451205876,False,0.8926341905279032,0.8398577192388457,0.7112934851797623,-0.5499705945430095,-0.2753019129091312,0.448304687811531,0.3765179183601007,0.25929176057642,2.3933636546129825e-15,17.618006918589536,7
0.33,6,144,1,1,1007,broad_xyz,22.35964451205876,False,0.9068750397627312,0.88936274750457,0.7152122890413992,-0.6823146393493719,-0.2161395212040988,0.5596202995713905,0.4103881219082929,0.2738860283512122,2.3933636546129825e-15,17.618006918589536,7
0.35,6,144,1,1,1007,broad_xyz,22.35964451205876,False,0.8959614717634148,0.9318429653491044,0.7126733096915184,-0.792709834236504,-0.1238818590714132,0.6753358662121698,0.4405178874953458,0.2764839766923826,2.3933636546129825e-15,17.618006918589536,7
0.37,6,144,1,1,1007,broad_xyz,22.35964451205876,False,0.8592594362471407,0.9490572843954728,0.7467056485572163,-0.8428738495187356,-0.0862571563998877,0.7526005900420669,0.461556665779808,0.2722618101044953,2.3933636546129825e-15,17.618006918589536,7
0.39,6,144,1,1,1007,broad_xyz,22.35964451205876,False,0.8011584562099633,0.9364373922869836,0.7907981055657991,-0.855463820500886,-0.1487641701226001,0.7889821261712414,0.4774347331276802,0.2656444707488863,2.3933636546129825e-15,17.618006918589536,7
0.41,6,144,1,1,1007,broad_xyz,22.35964451205876,False,0.7398604807991164,0.9085769541644771,0.819848314310798,-0.8522947697004019,-0.2935235766162721,0.7863799280342639,0.4939140467331169,0.2583248678938539,2.3933636546129825e-15,17.618006918589536,7
0.43,6,144,1,1,1007,broad_xyz,22.35964451205876,False,0.697229325539991,0.8837828128768208,0.8375696655377259,-0.8454400038594814,-0.4461618254326334,0.748546060359917,0.5037057340414689,0.2544915576502695,2.3933636546129825e-15,17.618006918589536,7
0.45,6,144,1,1,1007,broad_xyz,22.35964451205876,False,0.6747202080224886,0.8719820737362508,0.8481904277938115,-0.8454944473717885,-0.524498184980781,0.6711345559932164,0.509446335288336,0.2563759500808444,2.3933636546129825e-15,17.618006918589536,7
0.5,6,144,1,1,1007,broad_xyz,22.35964451205876,False,0.6890420460869118,0.8880166812167454,0.8413203653032103,-0.8827759034595211,-0.3899546646198313,0.2094171500395452,0.5066258200752951,0.2870625403988379,2.3933636546129825e-15,17.618006918589536,7
0.55,6,144,1,1,1007,broad_xyz,22.35964451205876,False,0.738205469742008,0.8439096573250805,0.8145411089168997,-0.8514519996775124,-0.5572134110184818,-0.3448328292562038,0.5208694273731932,0.3385764463025241,2.3933636546129825e-15,17.618006918589536,7
0.6,6,144,1,1,1007,broad_xyz,22.35964451205876,False,0.6842964452353065,0.6961371281559123,0.7850520052879172,-0.7881922810363599,-0.7859728439732778,-0.4958791597547499,0.5461214966027725,0.3561788134253849,2.3933636546129825e-15,17.618006918589536,7
0.6499999999999999,6,144,1,1,1007,broad_xyz,22.35964451205876,False,0.6850303067294943,0.6360366555055057,0.7319947113712658,-0.7813671473732031,-0.8196153669893472,-0.4231060437797468,0.5284816800305512,0.3305469096375327,2.3933636546129825e-15,17.618006918589536,7
0.7,6,144,1,1,1007,broad_xyz,22.35964451205876,False,0.7214456764321117,0.6541717133718634,0.71725231935729,-0.7723448433809051,-0.7946352851919701,-0.3473794118991641,0.5063086332609682,0.2887194140870703,2.3933636546129825e-15,17.618006918589536,7
0.725,6,144,1,1,1007,broad_xyz,22.35964451205876,False,0.7273998174262245,0.6668683057021939,0.719436706838602,-0.7369924853363095,-0.7753860089961696,-0.3349191375992699,0.5120355514333379,0.2696460405829726,2.3933636546129825e-15,17.618006918589536,7
0.75,6,144,1,1,1007,broad_xyz,22.35964451205876,False,0.7273618355355492,0.6762518149596852,0.7173339768445585,-0.6608717815809717,-0.7504683942411555,-0.3412674190091992,0.5178989559282998,0.2541677708381847,2.3933636546129825e-15,17.618006918589536,7
0.775,6,144,1,1,1007,broad_xyz,22.35964451205876,False,0.7274171103314483,0.687489960337476,0.7116227026268354,-0.5253830817038863,-0.7256674489132217,-0.3595627002573905,0.52042345033244,0.2416580302177851,2.3933636546129825e-15,17.618006918589536,7
0.8,6,144,1,1,1007,broad_xyz,22.35964451205876,False,0.7297355277139986,0.7029446452061796,0.7058777026073644,-0.3352150481343585,-0.7098602271398569,-0.3851091994554695,0.5171094587040228,0.2312483870290567,2.3933636546129825e-15,17.618006918589536,7
0.825,6,144,1,1,1007,broad_xyz,22.35964451205876,False,0.7319444222818241,0.7254187634124242,0.7075358708972955,-0.1379644008820248,-0.7057988399885544,-0.4089323528948003,0.505464975906834,0.2213137227188215,2.3933636546129825e-15,17.618006918589536,7
0.85,6,144,1,1,1007,broad_xyz,22.35964451205876,False,0.7275279885601006,0.7551617868642039,0.7243776544211458,0.0222701940110431,-0.7112283749015961,-0.4194359708805534,0.4838011102961169,0.2109688180230181,2.3933636546129825e-15,17.618006918589536,7
0.875,6,144,1,1,1007,broad_xyz,22.35964451205876,False,0.7090541834857305,0.7846365198669829,0.7561136225061744,0.1295781840007712,-0.7220523706681422,-0.4078976238299295,0.4542087664854652,0.2014550256369727,2.3933636546129825e-15,17.618006918589536,7
0.9,6,144,1,1,1007,broad_xyz,22.35964451205876,False,0.683554987833183,0.8027548217550309,0.7879361998117015,0.1752352726684658,-0.7341257239727449,-0.3866689107887472,0.4249286994586212,0.1968542499725488,2.3933636546129825e-15,17.618006918589536,7
0.95,6,144,1,1,1007,broad_xyz,22.35964451205876,False,0.6351589651484981,0.8138818986414724,0.8347809405747618,0.0534531243673909,-0.8383695208133052,-0.3508784482393982,0.4126143376001978,0.2097798830988996,2.3933636546129825e-15,17.618006918589536,7
1.0,6,144,1,1,1007,broad_xyz,22.35964451205876,False,0.5269043537982764,0.8192841562982774,0.8637982076245211,-0.3559104292840166,-0.890657279006762,-0.2926743049810231,0.4459895796820451,0.2359126419985605,2.3933636546129825e-15,17.618006918589536,7
0.05,6,144,1,1,1008,broad_xyz,22.35964451205876,False,0.6643121633109714,0.6311486733185501,0.8380830201232994,-0.018953102948139,0.5168110758839284,0.6965801186592708,0.006241696231937,0.0018120942947591,2.3933636546129825e-15,17.618006918589536,8
0.075,6,144,1,1,1008,broad_xyz,22.35964451205876,False,0.7763727785870964,0.6714545190182244,0.8793807121032431,-0.1540430769267517,0.4465335844476001,0.7083803105190649,0.0167277480455305,0.0051190711345257,2.3933636546129825e-15,17.618006918589536,8
0.1,6,144,1,1,1008,broad_xyz,22.35964451205876,False,0.849854683589836,0.7137647465620326,0.8699882879344681,-0.2963958014835102,0.111534039224983,0.7270239799651792,0.03528100150754,0.0116729467273477,2.3933636546129825e-15,17.618006918589536,8
0.125,6,144,1,1,1008,broad_xyz,22.35964451205876,False,0.8971368862267326,0.7619192481147898,0.8395358911880563,-0.4186828164959639,-0.6288714819249223,0.7501768131819815,0.0639737440884407,0.0237163126476061,2.3933636546129825e-15,17.618006918589536,8
0.15,6,144,1,1,1008,broad_xyz,22.35964451205876,False,0.9248456090079114,0.8098101352276974,0.8064044510491073,-0.5007477045527249,-0.8577097559013676,0.7760480538781345,0.1037588061198781,0.0439406153551511,2.3933636546129825e-15,17.618006918589536,8
0.1625,6,144,1,1,1008,broad_xyz,22.35964451205876,False,0.9339329783948628,0.8323218545255824,0.7917943935975166,-0.531449333727321,-0.8848550503131406,0.7867599281973515,0.1278297984203923,0.0579149124364762,2.3933636546129825e-15,17.618006918589536,8
0.175,6,144,1,1,1008,broad_xyz,22.35964451205876,False,0.9391959054736582,0.8530211920212862,0.779003551961869,-0.55567527649886,-0.893945779709955,0.7965810523830595,0.1550081354178715,0.0746410996274152,2.3933636546129825e-15,17.618006918589536,8
0.1875,6,144,1,1,1008,broad_xyz,22.35964451205876,False,0.9413167724538932,0.8699413016521331,0.7694582186156743,-0.5746016697258083,-0.8908775905319237,0.8039531733781415,0.1842738933877993,0.0939653544119925,2.3933636546129825e-15,17.618006918589536,8
0.2,6,144,1,1,1008,broad_xyz,22.35964451205876,False,0.9402891731952788,0.8797518792554401,0.7680220909785939,-0.5864519150230314,-0.8818344092686836,0.798888303808672,0.215137113842848,0.116021318010061,2.3933636546129825e-15,17.618006918589536,8
0.2125,6,144,1,1,1008,broad_xyz,22.35964451205876,False,0.9369483414428414,0.8846334466146624,0.773066955055001,-0.5967807790340044,-0.868007231796603,0.7848619564637318,0.2470546669672018,0.1401686846037948,2.3933636546129825e-15,17.618006918589536,8
0.225,6,144,1,1,1008,broad_xyz,22.35964451205876,False,0.9321719244727058,0.8874970555621464,0.782770161532055,-0.6103492061516651,-0.8530758299668751,0.7658357257014843,0.2794644755349072,0.1654948373423046,2.3933636546129825e-15,17.618006918589536,8
0.2375,6,144,1,1,1008,broad_xyz,22.35964451205876,False,0.9265123989169128,0.8898094246924739,0.7951863173948867,-0.6313748500149929,-0.8404340925529367,0.7425861630368001,0.3118190042532487,0.1910521632552446,2.3933636546129825e-15,17.618006918589536,8
0.25,6,144,1,1,1008,broad_xyz,22.35964451205876,False,0.9204323437032866,0.8917674427174287,0.8095039824347183,-0.6611492800268587,-0.8283880761062812,0.7140927093189814,0.3436141241822816,0.2160708814881632,2.3933636546129825e-15,17.618006918589536,8
0.27,6,144,1,1,1008,broad_xyz,22.35964451205876,False,0.9108267836329592,0.8950660403413286,0.8341566701507065,-0.7263380355024341,-0.8085163261947363,0.6563371697815585,0.3922524218286539,0.2531922955300112,2.3933636546129825e-15,17.618006918589536,8
0.29,6,144,1,1,1008,broad_xyz,22.35964451205876,False,0.9014549713175396,0.898770489807083,0.858430746508707,-0.8038224962405923,-0.7812317651144539,0.5848932079524651,0.4374099546450083,0.2846491719486976,2.3933636546129825e-15,17.618006918589536,8
0.31,6,144,1,1,1008,broad_xyz,22.35964451205876,False,0.8902474901185884,0.9034357960813524,0.8805291664365897,-0.8753279708064291,-0.7488374655273852,0.501834973361455,0.4797931798349493,0.3087289863710251,2.3933636546129825e-15,17.618006918589536,8
0.33,6,144,1,1,1008,broad_xyz,22.35964451205876,False,0.8756251932775725,0.9094827830279656,0.8995475719577942,-0.9273490235803584,-0.720108587452156,0.4090048782325666,0.5169653202848619,0.3246740741959578,2.3933636546129825e-15,17.618006918589536,8
0.35,6,144,1,1,1008,broad_xyz,22.35964451205876,False,0.8570475002905311,0.9163689433084006,0.9153662312117452,-0.95890918704787,-0.7033228831498142,0.3085009941216553,0.5481040168608897,0.3329587842839452,2.3933636546129825e-15,17.618006918589536,8
0.37,6,144,1,1,1008,broad_xyz,22.35964451205876,False,0.8341989503973357,0.9211683844841552,0.9294328130572168,-0.975034469964154,-0.7008855297801877,0.2024199451696092,0.5722291393197187,0.3360321270857906,2.3933636546129825e-15,17.618006918589536,8
0.39,6,144,1,1,1008,broad_xyz,22.35964451205876,False,0.8090641365546543,0.9212488274924784,0.943391238811496,-0.9799439950212882,-0.7252318626941723,0.0881155554924598,0.5881426170814574,0.3389640535291257,2.3933636546129825e-15,17.618006918589536,8
0.41,6,144,1,1,1008,broad_xyz,22.35964451205876,False,0.783908999272333,0.9217051654569118,0.9526778475151428,-0.979314311039818,-0.7574397949749015,-0.0135314080892656,0.5963156923612243,0.3419982051807325,2.3933636546129825e-15,17.618006918589536,8
0.43,6,144,1,1,1008,broad_xyz,22.35964451205876,False,0.760887351375165,0.9243251641279444,0.9572812757968236,-0.9772989862756218,-0.7827496366847602,-0.1062393409868043,0.6012847515531707,0.3455981704312408,2.3933636546129825e-15,17.618006918589536,8
0.45,6,144,1,1,1008,broad_xyz,22.35964451205876,False,0.7419517145560441,0.92857992290537,0.958419916056896,-0.9766145600239916,-0.7939513931322385,-0.1946853872355931,0.5972496787104531,0.350229291213134,2.3933636546129825e-15,17.618006918589536,8
0.5,6,144,1,1,1008,broad_xyz,22.35964451205876,False,0.7428919207137672,0.9314169807924672,0.95228404309549,-0.9788284597160868,-0.7715477688311679,-0.4129319055822694,0.5514752318198709,0.3677839565035926,2.3933636546129825e-15,17.618006918589536,8
0.55,6,144,1,1,1008,broad_xyz,22.35964451205876,False,0.7485507128594143,0.8855943841604718,0.9394992311780032,-0.9561131712175778,-0.7770811425535624,-0.5405648281880837,0.5641803229831195,0.3911768804587128,2.3933636546129825e-15,17.618006918589536,8
0.6,6,144,1,1,1008,broad_xyz,22.35964451205876,False,0.7264353320213587,0.8250342301559984,0.9336365790299984,-0.8821773106101201,-0.8398451579718892,-0.4999508080344799,0.5389411146202072,0.392915797817566,2.3933636546129825e-15,17.618006918589536,8
0.6499999999999999,6,144,1,1,1008,broad_xyz,22.35964451205876,False,0.770535031976876,0.8232820529446904,0.938971524891126,-0.8035647498145294,-0.8743895354198464,-0.4792225615722005,0.5329919646292822,0.3679353243520852,2.3933636546129825e-15,17.618006918589536,8
0.7,6,144,1,1,1008,broad_xyz,22.35964451205876,False,0.8047559618390048,0.8335003954948539,0.9289719676771572,-0.6574938168165145,-0.8832607090874153,-0.4594829299015314,0.5144338808001147,0.3294414894856939,2.3933636546129825e-15,17.618006918589536,8
0.725,6,144,1,1,1008,broad_xyz,22.35964451205876,False,0.8056225679009443,0.8353935047885735,0.916827567448742,-0.5213399996186293,-0.8788263129253444,-0.4473476968666238,0.5019630747688633,0.3099526542883379,2.3933636546129825e-15,17.618006918589536,8
0.75,6,144,1,1,1008,broad_xyz,22.35964451205876,False,0.79714319263801,0.8364572375959802,0.9031880550950696,-0.3332621826576313,-0.8709918793787466,-0.440379556365377,0.4813948211001325,0.2915736260660633,2.3933636546129825e-15,17.618006918589536,8
0.775,6,144,1,1,1008,broad_xyz,22.35964451205876,False,0.7812912728515972,0.836346427865696,0.8908214137725867,-0.1174611178407234,-0.8642964673889263,-0.4392831849969311,0.4565324723336562,0.2745087288882249,2.3933636546129825e-15,17.618006918589536,8
0.8,6,144,1,1,1008,broad_xyz,22.35964451205876,False,0.7624319645120358,0.8340333001748275,0.881683932544361,0.0791979020693102,-0.8596752119548309,-0.4399619695301959,0.4400321603506096,0.2587987705828866,2.3933636546129825e-15,17.618006918589536,8
0.825,6,144,1,1,1008,broad_xyz,22.35964451205876,False,0.7458414013774508,0.8301822895035441,0.8779910713797578,0.2281118458680493,-0.8547566327538046,-0.4374024097945342,0.4274187284683203,0.2446736559573219,2.3933636546129825e-15,17.618006918589536,8
0.85,6,144,1,1,1008,broad_xyz,22.35964451205876,False,0.733262995338361,0.8263890238223914,0.8813745487855551,0.3309750063586574,-0.834466408255408,-0.4295285981042426,0.4243006512901662,0.2329187006407,2.3933636546129825e-15,17.618006918589536,8
0.875,6,144,1,1,1008,broad_xyz,22.35964451205876,False,0.7227494429032124,0.8214434009235334,0.8902544289989522,0.3980034725674607,-0.7979498340315592,-0.4170967591152965,0.4131450400682294,0.224977589883387,2.3933636546129825e-15,17.618006918589536,8
0.9,6,144,1,1,1008,broad_xyz,22.35964451205876,False,0.7030327921941937,0.8093019327385568,0.8990377342853728,0.4358179184390951,-0.7633198173994925,-0.4050007256048213,0.3931130731148902,0.2226473375117145,2.3933636546129825e-15,17.618006918589536,8
0.95,6,144,1,1,1008,broad_xyz,22.35964451205876,False,0.581834000142658,0.7393481657862261,0.9049926942064028,0.4393761991975948,-0.7976284510263507,-0.3831320546033679,0.4106845953227324,0.2366558501989748,2.3933636546129825e-15,17.618006918589536,8
1.0,6,144,1,1,1008,broad_xyz,22.35964451205876,False,0.3911771174228738,0.6025653422445018,0.8900831410299913,0.2284854843708896,-0.8055435894004571,-0.3562840873383135,0.4264040710031586,0.2645914372884505,2.3933636546129825e-15,17.618006918589536,8
0.05,6,144,1,1,1009,broad_xyz,22.35964451205876,False,0.4893477860626565,0.4702221000999159,-0.1890673007762596,-0.3400529497165401,-0.3124314638119916,0.4411005745577117,0.0029523446258854,0.0003643001304096,2.3933636546129825e-15,17.618006918589536,9
0.075,6,144,1,1,1009,broad_xyz,22.35964451205876,False,0.3638387602029963,0.4396278592685163,-0.252982027460958,-0.4197392000004569,-0.3864337208649132,0.4921061294202188,0.0077968045691552,0.0009794296493156,2.3933636546129825e-15,17.618006918589536,9
0.1,6,144,1,1,1009,broad_xyz,22.35964451205876,False,0.2496296658084305,0.4400495453117903,-0.3182714886114919,-0.5018054256275555,-0.4676901881083289,0.5250006933956906,0.0156256860166464,0.002127936960301,2.3933636546129825e-15,17.618006918589536,9
0.125,6,144,1,1,1009,broad_xyz,22.35964451205876,False,0.2162180392552488,0.4680347610758715,-0.3755457303681099,-0.5781265769829572,-0.5434975163033888,0.5745051035215558,0.0256614667668668,0.0040939222948144,2.3933636546129825e-15,17.618006918589536,9
0.15,6,144,1,1,1009,broad_xyz,22.35964451205876,False,0.2609429467094108,0.5264782707154996,-0.4324585919006509,-0.6523036281978091,-0.6158120901832909,0.6433958791243395,0.0369157681839313,0.0074432689642747,2.3933636546129825e-15,17.618006918589536,9
0.1625,6,144,1,1,1009,broad_xyz,22.35964451205876,False,0.3098638208100843,0.5668226726242074,-0.4572850262366382,-0.6849067189455499,-0.6435389674911246,0.6798419869327531,0.0428019340393685,0.0099718667755896,2.3933636546129825e-15,17.618006918589536,9
0.175,6,144,1,1,1009,broad_xyz,22.35964451205876,False,0.3763902121491226,0.6144830684026776,-0.4748004158096644,-0.7118709461924297,-0.6641133777838585,0.7123497289875691,0.0488762101704614,0.0134286393695939,2.3933636546129825e-15,17.618006918589536,9
0.1875,6,144,1,1,1009,broad_xyz,22.35964451205876,False,0.4587429721701904,0.6698866211132466,-0.4794980881208632,-0.7298073863262257,-0.6672858614953643,0.735502331778671,0.0585967845836912,0.0181825723868377,2.3933636546129825e-15,17.618006918589536,9
0.2,6,144,1,1,1009,broad_xyz,22.35964451205876,False,0.5412133985607359,0.7259157923737696,-0.4643751625511411,-0.7344643969494582,-0.6483619503846362,0.7484183023652358,0.0726590122849386,0.0245748884033306,2.3933636546129825e-15,17.618006918589536,9
0.2125,6,144,1,1,1009,broad_xyz,22.35964451205876,False,0.6006029587490457,0.7716901624055604,-0.4189341648403863,-0.7189192006812066,-0.6026868279358767,0.7429794271524891,0.0880913598550839,0.0326689990870886,2.3933636546129825e-15,17.618006918589536,9
0.225,6,144,1,1,1009,broad_xyz,22.35964451205876,False,0.6275832140454491,0.8042559523080136,-0.3426837223054645,-0.6859413653975677,-0.5396320856984421,0.7188268206176259,0.104594181366334,0.0425468563157919,2.3933636546129825e-15,17.618006918589536,9
0.2375,6,144,1,1,1009,broad_xyz,22.35964451205876,False,0.6201478820552029,0.8187224320940966,-0.2368628672568075,-0.6383484192577279,-0.4738696250358544,0.6682078957538409,0.1217736504088229,0.0539670682223191,2.3933636546129825e-15,17.618006918589536,9
0.25,6,144,1,1,1009,broad_xyz,22.35964451205876,False,0.5915247628479431,0.8193136928054546,-0.1151068375448491,-0.588373568218275,-0.4251711452234096,0.5960365585428259,0.139176724123945,0.0666155203930099,2.3933636546129825e-15,17.618006918589536,9
0.27,6,144,1,1,1009,broad_xyz,22.35964451205876,False,0.5316926596395039,0.8023673549774937,0.0824923567066066,-0.5338044821274682,-0.4184236313179631,0.4517798774601176,0.1959708540510868,0.0884106068279392,2.3933636546129825e-15,17.618006918589536,9
0.29,6,144,1,1,1009,broad_xyz,22.35964451205876,False,0.4917870321439347,0.7802937293538558,0.2492854115563655,-0.543878721973717,-0.4568549861142413,0.2855967593818521,0.2712224715029255,0.1109767794414211,2.3933636546129825e-15,17.618006918589536,9
0.31,6,144,1,1,1009,broad_xyz,22.35964451205876,False,0.521575164793779,0.7669358937968411,0.3687833920741203,-0.6251862608344994,-0.5002106599807572,0.1219750508278341,0.3457068753010253,0.1320142850955235,2.3933636546129825e-15,17.618006918589536,9
0.33,6,144,1,1,1009,broad_xyz,22.35964451205876,False,0.6162097334222993,0.7665484420593001,0.4384685169711109,-0.7349462554713628,-0.5170503231710094,-0.0167750879029801,0.4104469005808313,0.1498432965341715,2.3933636546129825e-15,17.618006918589536,9
0.35,6,144,1,1,1009,broad_xyz,22.35964451205876,False,0.7167998416193366,0.7749597491007265,0.4747198006788117,-0.8159568444934625,-0.5204402185942434,-0.1169571713462126,0.4579628216013486,0.1638018855222076,2.3933636546129825e-15,17.618006918589536,9
0.37,6,144,1,1,1009,broad_xyz,22.35964451205876,False,0.7843172382669572,0.7911105716352113,0.4944538144570409,-0.8552796834708399,-0.5308668683828452,-0.1785392782685838,0.4845595029969812,0.1742598530796587,2.3933636546129825e-15,17.618006918589536,9
0.39,6,144,1,1,1009,broad_xyz,22.35964451205876,False,0.8150098518660397,0.8121078247352946,0.5133643254596154,-0.8661963328868093,-0.546511477280555,-0.2182707412408335,0.4913109729881141,0.1824382094801528,2.3933636546129825e-15,17.618006918589536,9
0.41,6,144,1,1,1009,broad_xyz,22.35964451205876,False,0.8217020086445574,0.8338864644385744,0.5359235753674195,-0.8638306370036091,-0.5699647256000946,-0.251148709072049,0.4831177514220582,0.1896174211317918,2.3933636546129825e-15,17.618006918589536,9
0.43,6,144,1,1,1009,broad_xyz,22.35964451205876,False,0.8118198084976973,0.8546943812433362,0.5644185065135356,-0.8569266822402113,-0.6096466105738135,-0.2762233043109226,0.466110333326446,0.1964148551007402,2.3933636546129825e-15,17.618006918589536,9
0.45,6,144,1,1,1009,broad_xyz,22.35964451205876,False,0.7896382985764224,0.8716735686816622,0.5969787463898256,-0.8506793580414892,-0.6670855882213649,-0.2859367230444554,0.4506750100565639,0.2030836710598891,2.3933636546129825e-15,17.618006918589536,9
0.5,6,144,1,1,1009,broad_xyz,22.35964451205876,False,0.6959771794125986,0.8877714898176869,0.6657314196325677,-0.8531968104075509,-0.7830100025244868,-0.2370689299880384,0.4331421508546356,0.2194118227353348,2.3933636546129825e-15,17.618006918589536,9
0.55,6,144,1,1,1009,broad_xyz,22.35964451205876,False,0.5670964375584466,0.8558084403401118,0.7002713293688052,-0.8290072959265992,-0.7132180170218809,-0.1305999989501005,0.484189890769275,0.2348567851097507,2.3933636546129825e-15,17.618006918589536,9
0.6,6,144,1,1,1009,broad_xyz,22.35964451205876,False,0.5000560075649758,0.7966329969656674,0.7637518615145228,-0.8073310564844598,-0.7022251566807313,-0.0956250731900813,0.5154194934123423,0.251455509098202,2.3933636546129825e-15,17.618006918589536,9
0.6499999999999999,6,144,1,1,1009,broad_xyz,22.35964451205876,False,0.5776839053751391,0.8028561512408795,0.8371310075421132,-0.821496214682696,-0.7799619447581561,-0.2215620352622744,0.507849468480349,0.2645452884673007,2.3933636546129825e-15,17.618006918589536,9
0.7,6,144,1,1,1009,broad_xyz,22.35964451205876,False,0.6395003283387942,0.8588581697081066,0.8938225388148275,-0.8120823915130573,-0.8724856213700621,-0.3668508112701907,0.5357439597423361,0.2703442686590209,2.3933636546129825e-15,17.618006918589536,9
0.725,6,144,1,1,1009,broad_xyz,22.35964451205876,False,0.6520708769848624,0.8868632571346282,0.917353576577656,-0.7799137034940581,-0.9061600595506114,-0.4187752668765868,0.5105043474206334,0.2711063958969,2.3933636546129825e-15,17.618006918589536,9
0.75,6,144,1,1,1009,broad_xyz,22.35964451205876,False,0.6874635242659649,0.9077981991690453,0.934637252229286,-0.7125826871073639,-0.9294770870929804,-0.4583176306156969,0.4876722418889033,0.270776345911293,2.3933636546129825e-15,17.618006918589536,9
0.775,6,144,1,1,1009,broad_xyz,22.35964451205876,False,0.7377151997569941,0.9204380327476284,0.9422414545736052,-0.560305146620046,-0.9415972960384248,-0.4866844783358812,0.4600878135690808,0.2688882443518768,2.3933636546129825e-15,17.618006918589536,9
0.8,6,144,1,1,1009,broad_xyz,22.35964451205876,False,0.7677328132413676,0.925408896658952,0.9387660080654328,-0.2554496577155113,-0.9446961793483024,-0.5042167545601755,0.4813153276447807,0.2647976523629309,2.3933636546129825e-15,17.618006918589536,9
0.825,6,144,1,1,1009,broad_xyz,22.35964451205876,False,0.7597093851098504,0.924107345154603,0.92687120975963,0.0729785213031453,-0.9398883566033066,-0.5140076193332848,0.4885854700347107,0.2586098398028734,2.3933636546129825e-15,17.618006918589536,9
0.85,6,144,1,1,1009,broad_xyz,22.35964451205876,False,0.7415470395543476,0.9185549465518584,0.9138048250840228,0.2759677461855607,-0.9236702910913132,-0.5188485840480059,0.4749331661041063,0.2513221043374047,2.3933636546129825e-15,17.618006918589536,9
0.875,6,144,1,1,1009,broad_xyz,22.35964451205876,False,0.7395965857308234,0.9095774066759984,0.9055748882341776,0.3934894917966201,-0.8857770985043657,-0.523104750032246,0.441728537455971,0.2446380554649218,2.3933636546129825e-15,17.618006918589536,9
0.9,6,144,1,1,1009,broad_xyz,22.35964451205876,False,0.7510223393108337,0.8962274092982772,0.903635951660044,0.4682506844984288,-0.820324681392505,-0.5267791900218614,0.4334758843833665,0.2399310188529767,2.3933636546129825e-15,17.618006918589536,9
0.95,6,144,1,1,1009,broad_xyz,22.35964451205876,False,0.72220637415121,0.8553611055173339,0.90532383259759,0.5295904392918397,-0.8403781550353524,-0.5269224088159796,0.4346354103633426,0.2370105894551591,2.3933636546129825e-15,17.618006918589536,9
1.0,6,144,1,1,1009,broad_xyz,22.35964451205876,False,0.5438165750067586,0.8077944841198534,0.9031951103889104,0.4590691609337866,-0.8602078583469683,-0.5106465561178732,0.4468719510950087,0.2356436425244689,2.3933636546129825e-15,17.618006918589536,9
0.05,6,144,1,1,1010,broad_xyz,22.35964451205876,False,-0.1387325133350972,0.1174035805584799,-0.3929630346341821,-0.4114508939298439,-0.4212892622781588,-0.155461754286849,0.0015593088142539,0.0002089406166333,2.3933636546129825e-15,17.618006918589536,10
0.075,6,144,1,1,1010,broad_xyz,22.35964451205876,False,-0.1557009230242302,0.1364496862954975,-0.4334155328071674,-0.4511114759437351,-0.4676504456481818,-0.1040564942930935,0.0037261530080213,0.00062646140469,2.3933636546129825e-15,17.618006918589536,10
0.1,6,144,1,1,1010,broad_xyz,22.35964451205876,False,-0.1288515602442086,0.1283515446171676,-0.4622868519022324,-0.4820584946212307,-0.5143356356288409,-0.0721729163109722,0.0074954461614732,0.0014285729504898,2.3933636546129825e-15,17.618006918589536,10
0.125,6,144,1,1,1010,broad_xyz,22.35964451205876,False,-0.068001413918649,0.124326884951764,-0.484612646875435,-0.5159355408489145,-0.5687288449050724,-0.0819615854917877,0.013912593116479,0.0028452314944762,2.3933636546129825e-15,17.618006918589536,10
0.15,6,144,1,1,1010,broad_xyz,22.35964451205876,False,-0.0107026115848965,0.1394571738315221,-0.4955496342280541,-0.5504266632391639,-0.6252929695851942,-0.113635523766172,0.0230996515236605,0.0053627683486487,2.3933636546129825e-15,17.618006918589536,10
0.1625,6,144,1,1,1010,broad_xyz,22.35964451205876,False,0.0145200706025797,0.1665210452963846,-0.489368779968737,-0.5610232515532236,-0.6431070392215003,-0.1353398142608442,0.028787697075828,0.0074061239703056,2.3933636546129825e-15,17.618006918589536,10
0.175,6,144,1,1,1010,broad_xyz,22.35964451205876,False,0.0415825568067562,0.2142558005196166,-0.4559056644013587,-0.5540327013907275,-0.6480412985393359,-0.1451243737456558,0.0387029822324144,0.0106888795785578,2.3933636546129825e-15,17.618006918589536,10
0.1875,6,144,1,1,1010,broad_xyz,22.35964451205876,False,0.0750375364993555,0.2850423951481322,-0.3926820558923561,-0.5296189098684119,-0.6426462417714991,-0.145103331910312,0.0539980657506316,0.0161509042408954,2.3933636546129825e-15,17.618006918589536,10
0.2,6,144,1,1,1010,broad_xyz,22.35964451205876,False,0.1273645882807358,0.3659147700121842,-0.300324874606686,-0.4882033632495845,-0.6019534798221341,-0.1613704911531425,0.0733050081411787,0.0248430925893824,2.3933636546129825e-15,17.618006918589536,10
0.2125,6,144,1,1,1010,broad_xyz,22.35964451205876,False,0.2037265670973523,0.4512855074207866,-0.1692862545980655,-0.4133859201766534,-0.5050054472731624,-0.180576424300717,0.0953065847759714,0.0373968454358602,2.3933636546129825e-15,17.618006918589536,10
0.225,6,144,1,1,1010,broad_xyz,22.35964451205876,False,0.2931418087405425,0.533881710403185,-0.0190955154794577,-0.3176643360964071,-0.4166076435246656,-0.1673384903984209,0.1213942212835199,0.0530625500357959,2.3933636546129825e-15,17.618006918589536,10
0.2375,6,144,1,1,1010,broad_xyz,22.35964451205876,False,0.3732945729021732,0.6027126382818865,0.1203695133757648,-0.2302464012634877,-0.3686332349271656,-0.1243807016557681,0.1502780219210766,0.0710930600382987,2.3933636546129825e-15,17.618006918589536,10
0.25,6,144,1,1,1010,broad_xyz,22.35964451205876,False,0.4393719513232021,0.6535739688341983,0.2355004225880877,-0.1664391333899142,-0.3493954530192426,-0.061923619477752,0.1839536291730302,0.0904294390789045,2.3933636546129825e-15,17.618006918589536,10
0.27,6,144,1,1,1010,broad_xyz,22.35964451205876,False,0.5327165200498418,0.7189007753174101,0.3652144136560397,-0.1220163908182717,-0.3289649773375291,0.0416957965416593,0.2301736606983075,0.1219210068310747,2.3933636546129825e-15,17.618006918589536,10
0.29,6,144,1,1,1010,broad_xyz,22.35964451205876,False,0.6227426911385906,0.7796026243376893,0.450859003545635,-0.1308445178878001,-0.3020186841534888,0.1197039799949798,0.2647916018439653,0.1517862620343222,2.3933636546129825e-15,17.618006918589536,10
0.31,6,144,1,1,1010,broad_xyz,22.35964451205876,False,0.7104182787027117,0.8400886322115395,0.5019719850349085,-0.1928224603505876,-0.2589848996153264,0.1660097841013811,0.2877972286723129,0.17795709059576,2.3933636546129825e-15,17.618006918589536,10
0.33,6,144,1,1,1010,broad_xyz,22.35964451205876,False,0.7898765217858013,0.8948967699828978,0.5267184500536862,-0.3080864888413754,-0.1936674204485704,0.1916248122178799,0.3084524944426917,0.1989657404340238,2.3933636546129825e-15,17.618006918589536,10
0.35,6,144,1,1,1010,broad_xyz,22.35964451205876,False,0.8522139385327937,0.9354592386370928,0.5419058953823274,-0.4463987911172907,-0.1449717759680273,0.2058507475737565,0.3314036001680424,0.2139543244404408,2.3933636546129825e-15,17.618006918589536,10
0.37,6,144,1,1,1010,broad_xyz,22.35964451205876,False,0.8888869801205971,0.9571096059001422,0.560705242754476,-0.5616699732263872,-0.1347433996013818,0.2146670736013247,0.3499262709949174,0.2228333742015965,2.3933636546129825e-15,17.618006918589536,10
0.39,6,144,1,1,1010,broad_xyz,22.35964451205876,False,0.8923387792029984,0.9592830624469192,0.5883070739503607,-0.6325863866425812,-0.1720460900077914,0.2111934921042845,0.3643075031140139,0.2270677847784782,2.3933636546129825e-15,17.618006918589536,10
0.41,6,144,1,1,1010,broad_xyz,22.35964451205876,False,0.8629380358978117,0.9456267456526856,0.6177149254012467,-0.6709250779293017,-0.2453214910927455,0.1753875398741723,0.3745654841087542,0.228463869678725,2.3933636546129825e-15,17.618006918589536,10
0.43,6,144,1,1,1010,broad_xyz,22.35964451205876,False,0.8118851752029639,0.9250888882597664,0.6478137095098225,-0.6854603244681027,-0.3502123145919523,0.0938075476673006,0.4001441992964188,0.2275221145506834,2.3933636546129825e-15,17.618006918589536,10
0.45,6,144,1,1,1010,broad_xyz,22.35964451205876,False,0.7514468174963088,0.9019249684467254,0.6659029483319443,-0.6935985501824534,-0.4786786014532775,-0.0375674322764031,0.4195150666403103,0.2254827477098811,2.3933636546129825e-15,17.618006918589536,10
0.5,6,144,1,1,1010,broad_xyz,22.35964451205876,False,0.6574173277564458,0.8760215153203109,0.6365458392067177,-0.7389440446117257,-0.5643557382517477,-0.2681356883056418,0.4409019472915265,0.2281408722179622,2.3933636546129825e-15,17.618006918589536,10
0.55,6,144,1,1,1010,broad_xyz,22.35964451205876,False,0.6977982040381677,0.9020761908972889,0.6174952804420458,-0.7021780890082855,-0.6423612601435894,-0.2328197914621459,0.4542792907747973,0.2600498864664842,2.3933636546129825e-15,17.618006918589536,10
0.6,6,144,1,1,1010,broad_xyz,22.35964451205876,False,0.6762696011879602,0.824366874094336,0.6337759268965389,-0.6401115751249303,-0.736817193508463,-0.3011190158835357,0.4445024722907928,0.2821595679029653,2.3933636546129825e-15,17.618006918589536,10
0.6499999999999999,6,144,1,1,1010,broad_xyz,22.35964451205876,False,0.6494089805917994,0.7706583252736987,0.6691607682127805,-0.6333277809440377,-0.805696884457834,-0.3852836778259091,0.4858756668068385,0.2682912405663595,2.3933636546129825e-15,17.618006918589536,10
0.7,6,144,1,1,1010,broad_xyz,22.35964451205876,False,0.6610130994211261,0.7732741737323808,0.7324767473761717,-0.6083789374002607,-0.8660138792550263,-0.3984280670990811,0.5182345881297667,0.2410132275559903,2.3933636546129825e-15,17.618006918589536,10
0.725,6,144,1,1,1010,broad_xyz,22.35964451205876,False,0.6637860188767828,0.7772356436216994,0.7605812028606568,-0.5821718793026444,-0.8770445400207114,-0.4046983552572314,0.5139379427601389,0.2300069678363525,2.3933636546129825e-15,17.618006918589536,10
0.75,6,144,1,1,1010,broad_xyz,22.35964451205876,False,0.6650275935690758,0.7780185136738017,0.7807042377231704,-0.5391875743793586,-0.8752055621655493,-0.41843983926184,0.4991291183658505,0.2221279568767184,2.3933636546129825e-15,17.618006918589536,10
0.775,6,144,1,1,1010,broad_xyz,22.35964451205876,False,0.6734127608719501,0.7767133645889078,0.7943641895980971,-0.4630326279175147,-0.8703960629543829,-0.4352695009660368,0.4793044197537578,0.2164821052346153,2.3933636546129825e-15,17.618006918589536,10
0.8,6,144,1,1,1010,broad_xyz,22.35964451205876,False,0.6912938841756032,0.7757901250922979,0.8034878153989118,-0.3344563658977611,-0.8581294659216707,-0.4537956547359033,0.4570756725658941,0.2120272673588309,2.3933636546129825e-15,17.618006918589536,10
0.825,6,144,1,1,1010,broad_xyz,22.35964451205876,False,0.7151816377795392,0.7755777435266409,0.8086365153746798,-0.1599270000490076,-0.8380625997966175,-0.4720785664681264,0.4297167534082849,0.2078913725695783,2.3933636546129825e-15,17.618006918589536,10
0.85,6,144,1,1,1010,broad_xyz,22.35964451205876,False,0.7385061620856292,0.7741606670294398,0.8100366619526069,0.0080819061339944,-0.8122913251691986,-0.4834951345477918,0.4066036008211472,0.2037233468926848,2.3933636546129825e-15,17.618006918589536,10
0.875,6,144,1,1,1010,broad_xyz,22.35964451205876,False,0.7523271042524369,0.7692460454631849,0.8098128702875154,0.1244933334971341,-0.775357556066645,-0.4852183716884793,0.3817861800106242,0.1995377867890357,2.3933636546129825e-15,17.618006918589536,10
0.9,6,144,1,1,1010,broad_xyz,22.35964451205876,False,0.7487419279641748,0.757769150181251,0.8109284474368514,0.1857526291847673,-0.7324738742690151,-0.4826741162132718,0.371798792605659,0.1962935709617008,2.3933636546129825e-15,17.618006918589536,10
0.95,6,144,1,1,1010,broad_xyz,22.35964451205876,False,0.6690356950627381,0.7010291979319743,0.812237305372381,0.1345652240160701,-0.7842027783238606,-0.4628216946589285,0.3810588241007626,0.1955034707092013,2.3933636546129825e-15,17.618006918589536,10
1.0,6,144,1,1,1010,broad_xyz,22.35964451205876,False,0.5825151515499581,0.6367761212275475,0.8017616503506274,-0.1303647012313676,-0.8463467349180148,-0.4452792788427508,0.374582942789486,0.2029137248948173,2.3933636546129825e-15,17.618006918589536,10
0.05,6,144,1,1,1011,broad_xyz,22.35964451205876,False,-0.3814654326207866,0.1246468282047178,-0.6474081626851864,-0.639782879808294,-0.6197036189445982,0.2311371846213992,0.002696785409692,0.0002970940126911,2.3933636546129825e-15,17.618006918589536,11
0.075,6,144,1,1,1011,broad_xyz,22.35964451205876,False,-0.3661137672067266,0.1198460685159738,-0.6850505665947616,-0.6671393966220193,-0.6167224925200117,0.3301465030048507,0.0062415792197249,0.0007581100810105,2.3933636546129825e-15,17.618006918589536,11
0.1,6,144,1,1,1011,broad_xyz,22.35964451205876,False,-0.3469932837374939,0.1161199263765746,-0.7129058785995513,-0.686760556841672,-0.5810632141611695,0.4246283648618247,0.0111268959720618,0.0015427186133108,2.3933636546129825e-15,17.618006918589536,11
0.125,6,144,1,1,1011,broad_xyz,22.35964451205876,False,-0.3251305236497984,0.1217622294206598,-0.7234148323793657,-0.6973039494724593,-0.514848871723405,0.4976916833230077,0.0170756966957645,0.0027992856328449,2.3933636546129825e-15,17.618006918589536,11
0.15,6,144,1,1,1011,broad_xyz,22.35964451205876,False,-0.2855200299360708,0.1476943466934631,-0.7150593220983442,-0.7022796131626814,-0.4134540916332119,0.5272899780427591,0.0285406592688526,0.004857376541065,2.3933636546129825e-15,17.618006918589536,11
0.1625,6,144,1,1,1011,broad_xyz,22.35964451205876,False,-0.2531154709261062,0.1741714875894005,-0.7043728418373733,-0.7039402382033191,-0.3494624458022802,0.5211354923977087,0.0365687704757814,0.0064034421505368,2.3933636546129825e-15,17.618006918589536,11
0.175,6,144,1,1,1011,broad_xyz,22.35964451205876,False,-0.2113924174080161,0.2050712403724777,-0.691366465894524,-0.7073161156439673,-0.2733909256362257,0.4915692409450705,0.0460647795468464,0.0085501055856799,2.3933636546129825e-15,17.618006918589536,11
0.1875,6,144,1,1,1011,broad_xyz,22.35964451205876,False,-0.151111785143174,0.2500581823754571,-0.6709631634261993,-0.7070993623510663,-0.1753161408906435,0.4431672928008332,0.0563220622673221,0.0116191283911057,2.3933636546129825e-15,17.618006918589536,11
0.2,6,144,1,1,1011,broad_xyz,22.35964451205876,False,-0.0639940999174381,0.3124484875049735,-0.6400229503619456,-0.7005326027054835,-0.0483361500047234,0.36330891126897,0.0672357530031309,0.0162071011146021,2.3933636546129825e-15,17.618006918589536,11
0.2125,6,144,1,1,1011,broad_xyz,22.35964451205876,False,0.057588114540539,0.3883888673587883,-0.5803385306655828,-0.6718990100393725,0.091724560466043,0.2416807423695486,0.0787316667355071,0.0233961958563994,2.3933636546129825e-15,17.618006918589536,11
0.225,6,144,1,1,1011,broad_xyz,22.35964451205876,False,0.1883743039486649,0.4534636083013127,-0.4841344642564093,-0.6101365119340438,0.2005120575595469,0.0855324838196926,0.0907725354257529,0.0339153947829561,2.3933636546129825e-15,17.618006918589536,11
0.2375,6,144,1,1,1011,broad_xyz,22.35964451205876,False,0.3095958062779078,0.5055107478782064,-0.3516421842434555,-0.5180797617881527,0.227920853214386,-0.0903088584408041,0.1033581541346057,0.0479531944797838,2.3933636546129825e-15,17.618006918589536,11
0.25,6,144,1,1,1011,broad_xyz,22.35964451205876,False,0.4166896549537026,0.5524215155851986,-0.1900953844721635,-0.4027961515958512,0.1755478076819593,-0.2636705798137374,0.1201402870894294,0.0647423841741457,2.3933636546129825e-15,17.618006918589536,11
0.27,6,144,1,1,1011,broad_xyz,22.35964451205876,False,0.5446440940881482,0.6174600902159647,0.0683481462807704,-0.2200964982027853,0.0357718540523715,-0.4534240770319079,0.1502568554816448,0.0944726324837933,2.3933636546129825e-15,17.618006918589536,11
0.29,6,144,1,1,1011,broad_xyz,22.35964451205876,False,0.6209258251327447,0.6778213873128658,0.2538860020397388,-0.1192606323357751,-0.0718499993055919,-0.5159486482467798,0.1871846070983285,0.1251201441519534,2.3933636546129825e-15,17.618006918589536,11
0.31,6,144,1,1,1011,broad_xyz,22.35964451205876,False,0.6672251559751505,0.7438753233532934,0.3574600970506444,-0.1346968853920211,-0.1137050051539553,-0.4932230127404154,0.2329462780357873,0.1538456297343288,2.3933636546129825e-15,17.618006918589536,11
0.33,6,144,1,1,1011,broad_xyz,22.35964451205876,False,0.6951260107588302,0.806451056291892,0.3891289121039258,-0.2693048626226756,-0.0933761541993511,-0.409123234348861,0.278430882652871,0.1775497020963356,2.3933636546129825e-15,17.618006918589536,11
0.35,6,144,1,1,1011,broad_xyz,22.35964451205876,False,0.71211109811085,0.8538397912266512,0.3863521641868309,-0.44960790163571,-0.0411901437016054,-0.2783199434577145,0.3188660437076911,0.1941277806657309,2.3933636546129825e-15,17.618006918589536,11
0.37,6,144,1,1,1011,broad_xyz,22.35964451205876,False,0.7205145148210312,0.8785887047328587,0.3767701946118511,-0.599295966636779,0.0064722933044613,-0.1437916177496094,0.3493777535263916,0.202789656831024,2.3933636546129825e-15,17.618006918589536,11
0.39,6,144,1,1,1011,broad_xyz,22.35964451205876,False,0.7165873940510065,0.8788966309814215,0.3844974379291835,-0.6906593247370401,0.0205762317978861,-0.069784882826306,0.3685676054654652,0.2063113396111261,2.3933636546129825e-15,17.618006918589536,11
0.41,6,144,1,1,1011,broad_xyz,22.35964451205876,False,0.7004607248492799,0.8653289453347832,0.4052258212527803,-0.738403880978419,-0.0089171590464925,-0.044207903269109,0.3749675694328759,0.2061371805947351,2.3933636546129825e-15,17.618006918589536,11
0.43,6,144,1,1,1011,broad_xyz,22.35964451205876,False,0.6780939762115478,0.8480220920482707,0.4293944778121559,-0.7587459506156811,-0.0840028690947282,-0.0454346886122453,0.3830256539007152,0.2034843991565094,2.3933636546129825e-15,17.618006918589536,11
0.45,6,144,1,1,1011,broad_xyz,22.35964451205876,False,0.6580884653870185,0.8337137483602889,0.4465771512233875,-0.7666745290068865,-0.1917311913271031,-0.0566641039004236,0.3874435881076375,0.2006472225460989,2.3933636546129825e-15,17.618006918589536,11
0.5,6,144,1,1,1011,broad_xyz,22.35964451205876,False,0.6650426252473867,0.8449058599638058,0.4085036344200837,-0.77153072855502,-0.2500973001805985,-0.0459982302753522,0.3959486242640689,0.2017954478669275,2.3933636546129825e-15,17.618006918589536,11
0.55,6,144,1,1,1011,broad_xyz,22.35964451205876,False,0.6753876556339325,0.878345178781553,0.3826076918627826,-0.6433405582173161,-0.3352032535766974,-0.0910196715979347,0.441226517318567,0.2318070665789918,2.3933636546129825e-15,17.618006918589536,11
0.6,6,144,1,1,1011,broad_xyz,22.35964451205876,False,0.5551923522161459,0.7611827340372778,0.505905293667833,-0.4203182817331971,-0.5886540064852612,-0.4368132351026754,0.4625828567197739,0.2635820690939736,2.3933636546129825e-15,17.618006918589536,11
0.6499999999999999,6,144,1,1,1011,broad_xyz,22.35964451205876,False,0.5482622695006171,0.7198070215524043,0.5848403698266568,-0.4996661200303838,-0.7676761003632843,-0.6182181322933517,0.4745216254103074,0.264563309359494,2.3933636546129825e-15,17.618006918589536,11
0.7,6,144,1,1,1011,broad_xyz,22.35964451205876,False,0.6723777362003318,0.7947967179794064,0.6638035418715053,-0.6165377333714335,-0.8634864355912613,-0.583051492085005,0.50171339867869,0.2486982514982045,2.3933636546129825e-15,17.618006918589536,11
0.725,6,144,1,1,1011,broad_xyz,22.35964451205876,False,0.7347910600017908,0.8233796958628128,0.7125944517578628,-0.6312027688828613,-0.882076714990199,-0.5512725313202504,0.5000082585282821,0.240369228571451,2.3933636546129825e-15,17.618006918589536,11
0.75,6,144,1,1,1011,broad_xyz,22.35964451205876,False,0.7737542248735787,0.8388649911667545,0.7533670584793838,-0.6147346537072635,-0.8924857213489739,-0.5251928938617573,0.5112989174608839,0.2332699009348352,2.3933636546129825e-15,17.618006918589536,11
0.775,6,144,1,1,1011,broad_xyz,22.35964451205876,False,0.7841548906804813,0.8455599192890474,0.7774552537973811,-0.5667290473225984,-0.8990174075551695,-0.5012994420067026,0.5222128166765679,0.2265531645569052,2.3933636546129825e-15,17.618006918589536,11
0.8,6,144,1,1,1011,broad_xyz,22.35964451205876,False,0.7649026798427525,0.846683922126363,0.7841756483824683,-0.487685988507041,-0.8988326914065611,-0.4760609952115219,0.5348378477843466,0.2195275910810794,2.3933636546129825e-15,17.618006918589536,11
0.825,6,144,1,1,1011,broad_xyz,22.35964451205876,False,0.7199005842448069,0.8422096966970536,0.7750202386965912,-0.3938029629413179,-0.8917119601243058,-0.4529225360769041,0.5474726612667907,0.2124731198218643,2.3933636546129825e-15,17.618006918589536,11
0.85,6,144,1,1,1011,broad_xyz,22.35964451205876,False,0.6655262004923717,0.8330200411423063,0.7556829795598872,-0.3078040354088138,-0.8769456070279766,-0.4294674813748385,0.5537314133379193,0.2057178467836445,2.3933636546129825e-15,17.618006918589536,11
0.875,6,144,1,1,1011,broad_xyz,22.35964451205876,False,0.6271005480896616,0.8216526546735161,0.7398584348053165,-0.2283016891295138,-0.8517387294102464,-0.4151054107374397,0.5453958240264882,0.1998735227392785,2.3933636546129825e-15,17.618006918589536,11
0.9,6,144,1,1,1011,broad_xyz,22.35964451205876,False,0.6132958228055868,0.8116352329366789,0.7408771899199503,-0.1422146545445308,-0.8098856928542673,-0.4169627619857046,0.5457534672835495,0.1967646306937737,2.3933636546129825e-15,17.618006918589536,11
0.95,6,144,1,1,1011,broad_xyz,22.35964451205876,False,0.5822717597601191,0.7757447885631561,0.773070995729893,-0.0096035836233239,-0.8184908304297451,-0.4430760425916726,0.5302488635402608,0.1996811564207051,2.3933636546129825e-15,17.618006918589536,11
1.0,6,144,1,1,1011,broad_xyz,22.35964451205876,False,0.4957025572353168,0.6971665386415896,0.7747782363415134,-0.0952728974433709,-0.8421926953458628,-0.4718603940793722,0.5095521883870997,0.2098397319257292,2.3933636546129825e-15,17.618006918589536,11
0.05,6,144,1,1,1012,broad_xyz,22.35964451205876,False,0.3136491452673345,0.3949340593256585,-0.3899288720961517,-0.4490626850384399,-0.439881793766932,0.1819404758199055,0.0009464646230342,0.0001254891482285,2.3933636546129825e-15,17.618006918589536,12
0.075,6,144,1,1,1012,broad_xyz,22.35964451205876,False,0.4608764679036329,0.4586444159784624,-0.3134953252540527,-0.4190242329324831,-0.3978365026252323,0.2664038078254224,0.0024170930138622,0.0003898594334723,2.3933636546129825e-15,17.618006918589536,12
0.1,6,144,1,1,1012,broad_xyz,22.35964451205876,False,0.4187514509846453,0.5519740977209578,-0.0819076319722663,-0.2948179082249889,-0.2208952890538086,0.3741879401309319,0.0069872396802003,0.0012042107300112,2.3933636546129825e-15,17.618006918589536,12
0.125,6,144,1,1,1012,broad_xyz,22.35964451205876,False,0.1857725086796334,0.5319765806079053,0.0464913578901495,-0.2463047587364523,-0.1392372068644128,0.4220940982004119,0.0239424107878845,0.0034595941134995,2.3933636546129825e-15,17.618006918589536,12
0.15,6,144,1,1,1012,broad_xyz,22.35964451205876,False,0.0627087388590498,0.5067969392907911,0.0198308199321945,-0.3288769970206606,-0.2665128985925539,0.4651813870465331,0.0529112455976238,0.0081513062060751,2.3933636546129825e-15,17.618006918589536,12
0.1625,6,144,1,1,1012,broad_xyz,22.35964451205876,False,0.0444213307950852,0.5031995758263192,-0.0152805912477653,-0.3895602767238775,-0.3534005952324163,0.4908869456963186,0.0706238716139665,0.011679896352844,2.3933636546129825e-15,17.618006918589536,12
0.175,6,144,1,1,1012,broad_xyz,22.35964451205876,False,0.0518033386171196,0.5032112412311545,-0.0476187386338012,-0.4467855379423524,-0.4308119950184837,0.5127492589191374,0.089760615167755,0.0160568522335494,2.3933636546129825e-15,17.618006918589536,12
0.1875,6,144,1,1,1012,broad_xyz,22.35964451205876,False,0.0886221485105254,0.5045525235603173,-0.0739964346961933,-0.4968779546317719,-0.496752516262203,0.5265663593219817,0.1096483263555527,0.0212275849498816,2.3933636546129825e-15,17.618006918589536,12
0.2,6,144,1,1,1012,broad_xyz,22.35964451205876,False,0.1525163817264311,0.5095232571328451,-0.0886743726678354,-0.5358563818735338,-0.5383914672820186,0.5307097989709342,0.1295790520138011,0.027199647134886,2.3933636546129825e-15,17.618006918589536,12
0.2125,6,144,1,1,1012,broad_xyz,22.35964451205876,False,0.2260397609320741,0.5159701954505286,-0.0903133829850632,-0.5632401485078118,-0.5612400969127994,0.5226489107251876,0.1488633007001236,0.0339606091196467,2.3933636546129825e-15,17.618006918589536,12
0.225,6,144,1,1,1012,broad_xyz,22.35964451205876,False,0.2969866195789779,0.523775619099659,-0.0794162349834048,-0.5794772064809918,-0.5708256456155166,0.5005518734999402,0.166878463271945,0.0414424677624092,2.3933636546129825e-15,17.618006918589536,12
0.2375,6,144,1,1,1012,broad_xyz,22.35964451205876,False,0.3575195164619147,0.5325435501147026,-0.0522097067254674,-0.5817974724234162,-0.5631198038523269,0.4614253880948051,0.1831143446180697,0.0497711349222001,2.3933636546129825e-15,17.618006918589536,12
0.25,6,144,1,1,1012,broad_xyz,22.35964451205876,False,0.4029924643964526,0.5420067369726066,-0.0049050064484977,-0.5651816357724941,-0.5423813051645586,0.3990156199415605,0.1972162716584877,0.059122800429506,2.3933636546129825e-15,17.618006918589536,12
0.27,6,144,1,1,1012,broad_xyz,22.35964451205876,False,0.4530881522986539,0.5646432133464466,0.1273011360576468,-0.4847627811068637,-0.5003094966742867,0.2457075630369436,0.2150157084263859,0.0766889750477161,2.3933636546129825e-15,17.618006918589536,12
0.29,6,144,1,1,1012,broad_xyz,22.35964451205876,False,0.492679080529136,0.6064551843848048,0.2882962814548092,-0.3760227169877298,-0.478815667444397,0.077711792879549,0.2274999934545301,0.0952017209063436,2.3933636546129825e-15,17.618006918589536,12
0.31,6,144,1,1,1012,broad_xyz,22.35964451205876,False,0.525200134465302,0.6420552249747811,0.416259224170637,-0.3159358029043341,-0.4951105691914815,-0.0489074049447861,0.2686438615021709,0.1129555800826199,2.3933636546129825e-15,17.618006918589536,12
0.33,6,144,1,1,1012,broad_xyz,22.35964451205876,False,0.5544506030432217,0.6604855938609965,0.4708326442531244,-0.3727515702300351,-0.5384363938803014,-0.1073188643420998,0.3275377787309717,0.1286490917516276,2.3933636546129825e-15,17.618006918589536,12
0.35,6,144,1,1,1012,broad_xyz,22.35964451205876,False,0.5722328430889211,0.6791968632169341,0.4753903029014213,-0.5013763666799962,-0.5728464753724443,-0.1266328241207515,0.3752844631427328,0.1415162553862863,2.3933636546129825e-15,17.618006918589536,12
0.37,6,144,1,1,1012,broad_xyz,22.35964451205876,False,0.561978743909776,0.7035046174372767,0.4733181857431444,-0.6163374880583831,-0.599689505851475,-0.1423864395000656,0.4059181570817953,0.1518082228552053,2.3933636546129825e-15,17.618006918589536,12
0.39,6,144,1,1,1012,broad_xyz,22.35964451205876,False,0.5237462286193273,0.7230471545319322,0.4907776156900655,-0.6846333134938358,-0.6344619269817321,-0.1699001279802411,0.4220839227527518,0.1613547928352363,2.3933636546129825e-15,17.618006918589536,12
0.41,6,144,1,1,1012,broad_xyz,22.35964451205876,False,0.4851521069190271,0.7416542800579246,0.5246925617181752,-0.7145507997221099,-0.6731080663599437,-0.2015319885575118,0.4257849719007699,0.1706328684878202,2.3933636546129825e-15,17.618006918589536,12
0.43,6,144,1,1,1012,broad_xyz,22.35964451205876,False,0.4627562363064971,0.7595523906006174,0.5647515972971722,-0.725944721162849,-0.6979898623026185,-0.2225672537165721,0.4356678495434466,0.179773527134145,2.3933636546129825e-15,17.618006918589536,12
0.45,6,144,1,1,1012,broad_xyz,22.35964451205876,False,0.4686805386418061,0.7730138284180074,0.6031078566469094,-0.7312289865628325,-0.7098933569451973,-0.221374976108387,0.4476877235846263,0.1892746552065425,2.3933636546129825e-15,17.618006918589536,12
0.5,6,144,1,1,1012,broad_xyz,22.35964451205876,False,0.5614993009689296,0.7770482430242364,0.6520518538121357,-0.7522401106678077,-0.7064869936630294,-0.159658059702351,0.4713900990224745,0.2133410428217533,2.3933636546129825e-15,17.618006918589536,12
0.55,6,144,1,1,1012,broad_xyz,22.35964451205876,False,0.5274916247538033,0.7735415292742986,0.6427945393656848,-0.7657428594459382,-0.6572994430283864,-0.1634012472969577,0.4952217648693925,0.2331472857259756,2.3933636546129825e-15,17.618006918589536,12
0.6,6,144,1,1,1012,broad_xyz,22.35964451205876,False,0.4283501387736062,0.7571523645616625,0.6745399625945498,-0.7157141325728709,-0.7352084417949263,-0.2737572390537462,0.5039182436719392,0.254574693564347,2.3933636546129825e-15,17.618006918589536,12
0.6499999999999999,6,144,1,1,1012,broad_xyz,22.35964451205876,False,0.5383302370400227,0.7275134082583132,0.7689284519477849,-0.6191000447960147,-0.8577397716917959,-0.3924066625307716,0.5345377938543228,0.2743402563968229,2.3933636546129825e-15,17.618006918589536,12
0.7,6,144,1,1,1012,broad_xyz,22.35964451205876,False,0.6790792979807483,0.7370333529515357,0.8453159617005428,-0.557855766073495,-0.916166659350057,-0.4606320650229868,0.526692860524556,0.2788854694442345,2.3933636546129825e-15,17.618006918589536,12
0.725,6,144,1,1,1012,broad_xyz,22.35964451205876,False,0.6568790082919298,0.7428356767182154,0.8745254285425346,-0.5224286140151045,-0.9247546658565046,-0.4770029524753129,0.5163151492433827,0.2764399465661447,2.3933636546129825e-15,17.618006918589536,12
0.75,6,144,1,1,1012,broad_xyz,22.35964451205876,False,0.6279127554836522,0.7474969553619625,0.8976059240585188,-0.4665488961709241,-0.9273765826459548,-0.4888649075790272,0.5309576490419141,0.2720480752933241,2.3933636546129825e-15,17.618006918589536,12
0.775,6,144,1,1,1012,broad_xyz,22.35964451205876,False,0.6327098941881982,0.7521943900894342,0.913213127000356,-0.3757608314970653,-0.9242279067417324,-0.4991665009853618,0.563518364095937,0.2664038259601792,2.3933636546129825e-15,17.618006918589536,12
0.8,6,144,1,1,1012,broad_xyz,22.35964451205876,False,0.660739761861847,0.7573385952801955,0.9208760837565716,-0.2345433735369042,-0.9175600188861394,-0.5111113206033001,0.5830158045078593,0.2598885872557235,2.3933636546129825e-15,17.618006918589536,12
0.825,6,144,1,1,1012,broad_xyz,22.35964451205876,False,0.6732149755102896,0.7620801740392799,0.9223941215366624,-0.0398499332632185,-0.9062703621854958,-0.524261825635333,0.5801971607465723,0.2527697222769233,2.3933636546129825e-15,17.618006918589536,12
0.85,6,144,1,1,1012,broad_xyz,22.35964451205876,False,0.6563910421523477,0.765901270235182,0.9215966192374871,0.1765160946604289,-0.8880667944854959,-0.5385408606786982,0.5521022500261311,0.2452910108054486,2.3933636546129825e-15,17.618006918589536,12
0.875,6,144,1,1,1012,broad_xyz,22.35964451205876,False,0.6427916705639504,0.7671472203895422,0.9219880062341496,0.3633091360914847,-0.8546243454969434,-0.5550349235594889,0.5034232898725697,0.2379181803442482,2.3933636546129825e-15,17.618006918589536,12
0.9,6,144,1,1,1012,broad_xyz,22.35964451205876,False,0.64829314233146,0.7631849623187921,0.9229952976922896,0.4859022783126371,-0.8038347794225561,-0.571568942526326,0.4699883445034586,0.2313729548924659,2.3933636546129825e-15,17.618006918589536,12
0.95,6,144,1,1,1012,broad_xyz,22.35964451205876,False,0.6810649774938226,0.7411080250143925,0.9222295815826717,0.524211662757174,-0.8596869669626028,-0.5642510972312068,0.4775849454205811,0.2223753270823177,2.3933636546129825e-15,17.618006918589536,12
1.0,6,144,1,1,1012,broad_xyz,22.35964451205876,False,0.6104749896245305,0.7006598397183157,0.9217837635859112,0.373254755342124,-0.8919280422782074,-0.5397138442826845,0.4952836055278946,0.2219990807604369,2.3933636546129825e-15,17.618006918589536,12
0.05,6,144,1,1,1013,broad_xyz,22.35964451205876,False,-0.2504271273272274,0.0558851558689367,-0.6871045799065489,-0.6822468635477634,-0.6497420061906509,0.0029445297061406,0.0012794118011711,0.000176983722811,2.3933636546129825e-15,17.618006918589536,13
0.075,6,144,1,1,1013,broad_xyz,22.35964451205876,False,-0.1748177815630353,0.1799492484689151,-0.5995231858454348,-0.6276566563588378,-0.5585428074240407,0.2850790650986206,0.0036659360439672,0.0006189477739821,2.3933636546129825e-15,17.618006918589536,13
0.1,6,144,1,1,1013,broad_xyz,22.35964451205876,False,-0.1160687525271776,0.2649418134370843,-0.5133529209465657,-0.5813825293904802,-0.4813313435095668,0.491797337163565,0.0097873345519536,0.0017174555919058,2.3933636546129825e-15,17.618006918589536,13
0.125,6,144,1,1,1013,broad_xyz,22.35964451205876,False,-0.0880025863021098,0.311156833797918,-0.4889544395779907,-0.588712394535814,-0.4806294884088228,0.6247813486269636,0.0199551197390667,0.0037860951109364,2.3933636546129825e-15,17.618006918589536,13
0.15,6,144,1,1,1013,broad_xyz,22.35964451205876,False,-0.0613202861165423,0.339483679925899,-0.499660811477974,-0.6217816876683414,-0.5367750120296918,0.7238500440087015,0.0352685503962429,0.0071176079194839,2.3933636546129825e-15,17.618006918589536,13
0.1625,6,144,1,1,1013,broad_xyz,22.35964451205876,False,-0.0409453263701006,0.3522984426424457,-0.5083769238139313,-0.6397604790565644,-0.5794483448867292,0.7658954562664835,0.0443159977181391,0.0093974674215547,2.3933636546129825e-15,17.618006918589536,13
0.175,6,144,1,1,1013,broad_xyz,22.35964451205876,False,-0.013047790666247,0.3668919613021699,-0.5141919605948756,-0.656709975931458,-0.6321926058329944,0.8039110136417982,0.0545633474354425,0.0122591816751061,2.3933636546129825e-15,17.618006918589536,13
0.1875,6,144,1,1,1013,broad_xyz,22.35964451205876,False,0.0145088844623492,0.3811090152968263,-0.5077604737888539,-0.6696444602338192,-0.69211410681536,0.838128915684002,0.0648296247477115,0.0162140867838613,2.3933636546129825e-15,17.618006918589536,13
0.2,6,144,1,1,1013,broad_xyz,22.35964451205876,False,0.0395238787511112,0.3927376519054542,-0.4849514228053064,-0.6750569052507603,-0.7470288862375055,0.8584311212082892,0.0768455487349317,0.0217273010944056,2.3933636546129825e-15,17.618006918589536,13
0.2125,6,144,1,1,1013,broad_xyz,22.35964451205876,False,0.0520186693207328,0.3875289523409025,-0.4483530043741075,-0.6720378550685101,-0.7825777163082784,0.8518038536011625,0.0917301840825309,0.0290765241830681,2.3933636546129825e-15,17.618006918589536,13
0.225,6,144,1,1,1013,broad_xyz,22.35964451205876,False,0.06003770495364,0.3711741201600796,-0.3979810656382071,-0.6594551477149031,-0.7879572726393379,0.8191492111630754,0.1068231908669422,0.0385923589269862,2.3933636546129825e-15,17.618006918589536,13
0.2375,6,144,1,1,1013,broad_xyz,22.35964451205876,False,0.0813329313460051,0.3646934687739452,-0.3273810031261782,-0.6304933567076864,-0.7535281123862484,0.7670988090269306,0.1225846267957288,0.0504676402647865,2.3933636546129825e-15,17.618006918589536,13
0.25,6,144,1,1,1013,broad_xyz,22.35964451205876,False,0.1261480386252723,0.3792449368539706,-0.2242143678699236,-0.5729131746763533,-0.6887322299275049,0.6981777701762808,0.1439208473377048,0.0650311590927308,2.3933636546129825e-15,17.618006918589536,13
0.27,6,144,1,1,1013,broad_xyz,22.35964451205876,False,0.1964019540351954,0.4225840914599883,-0.0233199451331135,-0.4511213314846682,-0.5838383654963777,0.5641058442221261,0.179045290929778,0.0910758144024156,2.3933636546129825e-15,17.618006918589536,13
0.29,6,144,1,1,1013,broad_xyz,22.35964451205876,False,0.2624387923373948,0.4934602403419176,0.1725178218849414,-0.3414864349107384,-0.5036856022220254,0.4202676848560674,0.2105714536108531,0.1173939620749057,2.3933636546129825e-15,17.618006918589536,13
0.31,6,144,1,1,1013,broad_xyz,22.35964451205876,False,0.3240671807784949,0.575334536688878,0.3069494696194284,-0.315523726577015,-0.4271493502239892,0.3015080104254963,0.2823022584017261,0.1410757639838732,2.3933636546129825e-15,17.618006918589536,13
0.33,6,144,1,1,1013,broad_xyz,22.35964451205876,False,0.3977271202417693,0.6544059675022087,0.3535159618093594,-0.410505277188415,-0.3398361689873724,0.2368182470879801,0.3534623023190757,0.1595313195749391,2.3933636546129825e-15,17.618006918589536,13
0.35,6,144,1,1,1013,broad_xyz,22.35964451205876,False,0.4856462828987449,0.720516294629893,0.3435317996119391,-0.5618988325037694,-0.2413515137027031,0.2217927914437759,0.4065847255500993,0.1713988800928919,2.3933636546129825e-15,17.618006918589536,13
0.37,6,144,1,1,1013,broad_xyz,22.35964451205876,False,0.5612437971289611,0.7585927298985305,0.3483046635082486,-0.6607452897684178,-0.1627218934230407,0.2169896709546121,0.4374099217372483,0.1801924361409577,2.3933636546129825e-15,17.618006918589536,13
0.39,6,144,1,1,1013,broad_xyz,22.35964451205876,False,0.6258414219822164,0.7881973468161037,0.3591247659213482,-0.7132146722985475,-0.0988281884167932,0.2243459960794302,0.4465301925443716,0.185987520176522,2.3933636546129825e-15,17.618006918589536,13
0.41,6,144,1,1,1013,broad_xyz,22.35964451205876,False,0.6744003551834913,0.8160975973013803,0.3726564480191136,-0.7382512831341591,-0.0531342262533001,0.2408627069218234,0.4389376419617617,0.1894566197140111,2.3933636546129825e-15,17.618006918589536,13
0.43,6,144,1,1,1013,broad_xyz,22.35964451205876,False,0.7017243065568775,0.8393689440361781,0.3918635747018806,-0.7509398280116756,-0.0486573118028829,0.2610760643599098,0.4335894931317027,0.1922368624251684,2.3933636546129825e-15,17.618006918589536,13
0.45,6,144,1,1,1013,broad_xyz,22.35964451205876,False,0.7107129532512482,0.8580847838407341,0.4132745532621094,-0.7602254165897867,-0.0956205010430499,0.2754882117891553,0.4353048067735458,0.1949457529729129,2.3933636546129825e-15,17.618006918589536,13
0.5,6,144,1,1,1013,broad_xyz,22.35964451205876,False,0.6492351208626813,0.8758221940298757,0.4312842969557708,-0.7743488611694461,-0.1746512965230942,0.2302158375296794,0.449779136528684,0.2034996381076225,2.3933636546129825e-15,17.618006918589536,13
0.55,6,144,1,1,1013,broad_xyz,22.35964451205876,False,0.5260484176042537,0.8407093025642316,0.4978586864041556,-0.6872245301379944,-0.2924755670994829,0.0436016682029646,0.4784741414509629,0.2298812042328142,2.3933636546129825e-15,17.618006918589536,13
0.6,6,144,1,1,1013,broad_xyz,22.35964451205876,False,0.4040304008736202,0.7086454311790586,0.6261486752569816,-0.5651649186230315,-0.5562875684520997,-0.1489088528360204,0.5139145914261025,0.2604686131624462,2.3933636546129825e-15,17.618006918589536,13
0.6499999999999999,6,144,1,1,1013,broad_xyz,22.35964451205876,False,0.5093985426738071,0.7559112731454919,0.6797056885986758,-0.6112174667004906,-0.7045202674085808,-0.2560534957924494,0.5408232051019288,0.2700776622746014,2.3933636546129825e-15,17.618006918589536,13
0.7,6,144,1,1,1013,broad_xyz,22.35964451205876,False,0.6352431084775574,0.8423725227849439,0.7578808419183876,-0.6601895396809774,-0.8062888527453432,-0.3208407293981553,0.5336531054836845,0.2647651334274609,2.3933636546129825e-15,17.618006918589536,13
0.725,6,144,1,1,1013,broad_xyz,22.35964451205876,False,0.66195471664526,0.8672104688463503,0.8092463299848223,-0.6479385839172079,-0.8344570280999133,-0.3433799785525335,0.5186372073522291,0.2612404097768272,2.3933636546129825e-15,17.618006918589536,13
0.75,6,144,1,1,1013,broad_xyz,22.35964451205876,False,0.6834769967896906,0.8842859871823575,0.8509026205329844,-0.6119743550161642,-0.8537212287421141,-0.3528482862464634,0.49906708755368,0.2571255462201011,2.3933636546129825e-15,17.618006918589536,13
0.775,6,144,1,1,1013,broad_xyz,22.35964451205876,False,0.7070285806538361,0.8950603847155557,0.8795178360528715,-0.5352437404492544,-0.8653366029075692,-0.3554360412473102,0.4746782126230399,0.2522719222623583,2.3933636546129825e-15,17.618006918589536,13
0.8,6,144,1,1,1013,broad_xyz,22.35964451205876,False,0.7254418588706287,0.9000774218440832,0.8954803945701547,-0.3733911510815829,-0.8723881347733705,-0.3597727286864289,0.4475145440596158,0.2467815777522559,2.3933636546129825e-15,17.618006918589536,13
0.825,6,144,1,1,1013,broad_xyz,22.35964451205876,False,0.7238682455840265,0.8994604144679891,0.9001271551236857,-0.0964020672885933,-0.8771936465049902,-0.3701403238003535,0.4557426487290005,0.2409674503453821,2.3933636546129825e-15,17.618006918589536,13
0.85,6,144,1,1,1013,broad_xyz,22.35964451205876,False,0.7018764086979702,0.8920328175165074,0.8953713129168231,0.1776581247162078,-0.8674136039951182,-0.3864499545103447,0.4616981211952176,0.2358221413735561,2.3933636546129825e-15,17.618006918589536,13
0.875,6,144,1,1,1013,broad_xyz,22.35964451205876,False,0.6712183539994611,0.8772166747903986,0.8865791465121623,0.3251373382980791,-0.8442313243945287,-0.4009601013944943,0.457863562990086,0.2316822821658483,2.3933636546129825e-15,17.618006918589536,13
0.9,6,144,1,1,1013,broad_xyz,22.35964451205876,False,0.6412118844963128,0.8547360969620524,0.8800289990550293,0.369010380349316,-0.8065767305966687,-0.4034720003782673,0.4640718345203067,0.2287792204090967,2.3933636546129825e-15,17.618006918589536,13
0.95,6,144,1,1,1013,broad_xyz,22.35964451205876,False,0.572539403409174,0.7876406403217511,0.8588679061198746,0.2854812258948503,-0.8503614745381953,-0.3905746637878609,0.4804826225640045,0.2297502783039741,2.3933636546129825e-15,17.618006918589536,13
1.0,6,144,1,1,1013,broad_xyz,22.35964451205876,False,0.4946282124866732,0.7464989385737604,0.8632085186161246,0.1246597102997675,-0.874859518548707,-0.3598998471892443,0.4798131224537898,0.2348971727235417,2.3933636546129825e-15,17.618006918589536,13
0.05,6,144,1,1,1014,broad_xyz,22.35964451205876,False,-0.1557243946169661,0.0316586159306475,-0.5222424941390419,-0.5343152555239952,-0.3989797991242327,0.2923849913016191,0.0011847889221912,0.0001123973796033,2.3933636546129825e-15,17.618006918589536,14
0.075,6,144,1,1,1014,broad_xyz,22.35964451205876,False,-0.1100417525377022,0.0368320681173792,-0.4502520938979027,-0.499661952632865,-0.3690094849475496,0.3148659777350848,0.0030966650999235,0.0002814800426362,2.3933636546129825e-15,17.618006918589536,14
0.1,6,144,1,1,1014,broad_xyz,22.35964451205876,False,-0.0580639991926616,0.0537734982725167,-0.3727433494195838,-0.4789634872993087,-0.3893218039630977,0.3384655881403332,0.0064628966053312,0.0006004830976124,2.3933636546129825e-15,17.618006918589536,14
0.125,6,144,1,1,1014,broad_xyz,22.35964451205876,False,0.0012899586445794,0.0972617539825934,-0.2913764372517125,-0.4691870513524135,-0.4483249021065574,0.3718637003226626,0.0116145450174356,0.0012060921470689,2.3933636546129825e-15,17.618006918589536,14
0.15,6,144,1,1,1014,broad_xyz,22.35964451205876,False,0.0650172504383328,0.1996778045306528,-0.2009117335112268,-0.455323793633257,-0.5187589034310758,0.3979719802542645,0.0189486331284183,0.0025568352625454,2.3933636546129825e-15,17.618006918589536,14
0.1625,6,144,1,1,1014,broad_xyz,22.35964451205876,False,0.1138778707444148,0.2900345608177168,-0.1686400781092396,-0.4546974433304628,-0.5440068237348124,0.3902728707702979,0.0233436695602847,0.0041797298047277,2.3933636546129825e-15,17.618006918589536,14
0.175,6,144,1,1,1014,broad_xyz,22.35964451205876,False,0.1651561054447239,0.3781471312176609,-0.1345078941017557,-0.4438546096961967,-0.5363881923071967,0.3430505817215477,0.0284226474546498,0.0071361381531173,2.3933636546129825e-15,17.618006918589536,14
0.1875,6,144,1,1,1014,broad_xyz,22.35964451205876,False,0.1951009872417298,0.4176950216399277,-0.0871996589310772,-0.398480565793236,-0.4785920876369036,0.2406299061315112,0.0345587449057324,0.011990773594702,2.3933636546129825e-15,17.618006918589536,14
0.2,6,144,1,1,1014,broad_xyz,22.35964451205876,False,0.224520786509322,0.435570504264784,-0.0376394979836896,-0.3478879429471189,-0.4327084358248479,0.1481170072732032,0.0490790132845797,0.0192637151924589,2.3933636546129825e-15,17.618006918589536,14
0.2125,6,144,1,1,1014,broad_xyz,22.35964451205876,False,0.2498424722441385,0.4361263468175242,0.0358136768740883,-0.2763703372582016,-0.4029840989625777,0.052701888778367,0.0652334168047401,0.0294105176075587,2.3933636546129825e-15,17.618006918589536,14
0.225,6,144,1,1,1014,broad_xyz,22.35964451205876,False,0.3006777914718792,0.455228212749405,0.1330633451200405,-0.1850292699051366,-0.4024985161404357,0.000731345983181,0.0841824964969287,0.0419703959426134,2.3933636546129825e-15,17.618006918589536,14
0.2375,6,144,1,1,1014,broad_xyz,22.35964451205876,False,0.3631643068169283,0.4885253007657626,0.2434446637176867,-0.0826717071147323,-0.4144094628317037,-0.0166980973187955,0.1035841688647532,0.0566157764493568,2.3933636546129825e-15,17.618006918589536,14
0.25,6,144,1,1,1014,broad_xyz,22.35964451205876,False,0.4158827951447061,0.5191056682539079,0.3641869644465631,0.0256206641922643,-0.4327745370981751,-0.0188828611484062,0.1336041022321112,0.0729184261497761,2.3933636546129825e-15,17.618006918589536,14
0.27,6,144,1,1,1014,broad_xyz,22.35964451205876,False,0.4685810111214606,0.553447730705735,0.5500903069306419,0.1717411053963349,-0.4622902575163416,-0.0061415424300416,0.1882352601177333,0.1002993098336626,2.3933636546129825e-15,17.618006918589536,14
0.29,6,144,1,1,1014,broad_xyz,22.35964451205876,False,0.4962357689722451,0.5886058499621051,0.670258455904186,0.1932155990770354,-0.4544291715324204,0.0273341088574179,0.2400744861545348,0.1264352431724882,2.3933636546129825e-15,17.618006918589536,14
0.31,6,144,1,1,1014,broad_xyz,22.35964451205876,False,0.513839059967709,0.6326370235140533,0.7285168895294498,0.0562445455872636,-0.4363354819047759,0.0621826946080575,0.2845021891912122,0.1491883762082184,2.3933636546129825e-15,17.618006918589536,14
0.33,6,144,1,1,1014,broad_xyz,22.35964451205876,False,0.5258373616518556,0.6845652179582293,0.7454917561220964,-0.2072144874441817,-0.4228249401236986,0.0906658159726616,0.3188115412275604,0.1667762671955134,2.3933636546129825e-15,17.618006918589536,14
0.35,6,144,1,1,1014,broad_xyz,22.35964451205876,False,0.5261636690275072,0.7327210279329558,0.7454688457246843,-0.4748544729560205,-0.4053255086770473,0.10364933340697,0.3389956380825847,0.1786196092223081,2.3933636546129825e-15,17.618006918589536,14
0.37,6,144,1,1,1014,broad_xyz,22.35964451205876,False,0.5106884810439553,0.7672700206231313,0.7476402045600816,-0.6518241234682777,-0.4014984242579746,0.0928475653765216,0.3511072458929981,0.1859552473564457,2.3933636546129825e-15,17.618006918589536,14
0.39,6,144,1,1,1014,broad_xyz,22.35964451205876,False,0.4755918825216959,0.7811611165262347,0.7621497126505042,-0.7360652333257148,-0.4495653797279051,0.0437604817511378,0.3732689995048955,0.1926907032635318,2.3933636546129825e-15,17.618006918589536,14
0.41,6,144,1,1,1014,broad_xyz,22.35964451205876,False,0.4418092109258338,0.7885056976764445,0.7771097562801814,-0.7684531981965337,-0.5086111582655851,-0.0168980148561865,0.3931826121109784,0.1987565679503117,2.3933636546129825e-15,17.618006918589536,14
0.43,6,144,1,1,1014,broad_xyz,22.35964451205876,False,0.4204818762885241,0.7959834625909512,0.7829400749656568,-0.7781052408113247,-0.5593116651366672,-0.0737607611310154,0.4078325167632803,0.2039683444072742,2.3933636546129825e-15,17.618006918589536,14
0.45,6,144,1,1,1014,broad_xyz,22.35964451205876,False,0.4147701987501547,0.8019281879081719,0.778760656580538,-0.7791083105322296,-0.5884812505051306,-0.1220140610818727,0.4169975227736763,0.2088818625815705,2.3933636546129825e-15,17.618006918589536,14
0.5,6,144,1,1,1014,broad_xyz,22.35964451205876,False,0.419116995805516,0.7878911493689204,0.7479343859751,-0.7600590319264747,-0.5451640017448189,-0.2488931274526641,0.4315391608603551,0.2264032246085395,2.3933636546129825e-15,17.618006918589536,14
0.55,6,144,1,1,1014,broad_xyz,22.35964451205876,False,0.3915881399784312,0.7079158246165678,0.7636577441653233,-0.6194197412513879,-0.5186221360591615,-0.3832888560067262,0.44291666895866,0.252464365545023,2.3933636546129825e-15,17.618006918589536,14
0.6,6,144,1,1,1014,broad_xyz,22.35964451205876,False,0.3745666085046517,0.6200640378377364,0.8177517011354904,-0.5183519554556203,-0.6501739081248663,-0.4147299784215529,0.4819274188997092,0.2653113853226789,2.3933636546129825e-15,17.618006918589536,14
0.6499999999999999,6,144,1,1,1014,broad_xyz,22.35964451205876,False,0.4567808980031448,0.6351441497924651,0.8201224395475029,-0.5805697331997506,-0.7789233488743009,-0.4389498562109964,0.5056088330815436,0.2620466478022064,2.3933636546129825e-15,17.618006918589536,14
0.7,6,144,1,1,1014,broad_xyz,22.35964451205876,False,0.6090876789356383,0.7152183717904094,0.8432348210507572,-0.5702553203224239,-0.8309242854714346,-0.5001444616817611,0.5060423594692032,0.2553746319351621,2.3933636546129825e-15,17.618006918589536,14
0.725,6,144,1,1,1014,broad_xyz,22.35964451205876,False,0.6796211387298281,0.7537263347256995,0.8679324247839978,-0.5164762748122169,-0.8412629886747292,-0.5280817429083835,0.5035225364121547,0.2527242434219975,2.3933636546129825e-15,17.618006918589536,14
0.75,6,144,1,1,1014,broad_xyz,22.35964451205876,False,0.7314193792081046,0.7835950520263365,0.8940152199365584,-0.4149761822321076,-0.8505661633101304,-0.5498477990282775,0.492475237640274,0.2496103820064901,2.3933636546129825e-15,17.618006918589536,14
0.775,6,144,1,1,1014,broad_xyz,22.35964451205876,False,0.7588551861936512,0.801964066542949,0.9127994052702798,-0.2552538130642183,-0.8565952290731793,-0.5671412597509841,0.4734996570259643,0.2452242082038989,2.3933636546129825e-15,17.618006918589536,14
0.8,6,144,1,1,1014,broad_xyz,22.35964451205876,False,0.7661943922381768,0.8090291381869846,0.9184249651626372,-0.0642219321345624,-0.8529003050788765,-0.5774466316977183,0.4487276600331398,0.2391301408028864,2.3933636546129825e-15,17.618006918589536,14
0.825,6,144,1,1,1014,broad_xyz,22.35964451205876,False,0.7621304913937564,0.8079088624604956,0.9127728118455092,0.0956195760798371,-0.8364505090297218,-0.5781854019920674,0.4438900131920223,0.2318262076897835,2.3933636546129825e-15,17.618006918589536,14
0.85,6,144,1,1,1014,broad_xyz,22.35964451205876,False,0.752483836471961,0.8042241044867322,0.905519949510838,0.2026402445336842,-0.8136851196632722,-0.5696201719351478,0.452379672026784,0.224517588443087,2.3933636546129825e-15,17.618006918589536,14
0.875,6,144,1,1,1014,broad_xyz,22.35964451205876,False,0.7326006480674322,0.7995623816895571,0.903796014816642,0.2737563809111396,-0.7874340125314833,-0.5568182324673038,0.458036717405524,0.218875015458568,2.3933636546129825e-15,17.618006918589536,14
0.9,6,144,1,1,1014,broad_xyz,22.35964451205876,False,0.6921907167767709,0.792091645916235,0.9057531689204376,0.3219280013208056,-0.7587333468788197,-0.5504329874890984,0.4612350963517274,0.2160060105032339,2.3933636546129825e-15,17.618006918589536,14
0.95,6,144,1,1,1014,broad_xyz,22.35964451205876,False,0.5596387290511955,0.7691609895536042,0.9104921931372226,0.3468363743109542,-0.823299158975554,-0.5372495091899103,0.456525912095077,0.2162761139786481,2.3933636546129825e-15,17.618006918589536,14
1.0,6,144,1,1,1014,broad_xyz,22.35964451205876,False,0.4639339972217944,0.7359742461545092,0.9087784400774912,0.2023670285531671,-0.8727958023373407,-0.5130784608574767,0.4374386078419643,0.2217017658827057,2.3933636546129825e-15,17.618006918589536,14
0.05,6,144,1,1,1015,broad_xyz,22.35964451205876,False,0.0947789513689368,0.4853006595264154,-0.0145778047277063,-0.3586095190598203,-0.0692476025273734,-0.3118832998624876,0.0062820760421085,0.0011191422276309,2.3933636546129825e-15,17.618006918589536,15
0.075,6,144,1,1,1015,broad_xyz,22.35964451205876,False,0.1527326262500314,0.514817486593706,-0.0043767695457488,-0.4299287757187694,-0.1943551027059937,-0.3201624637152443,0.0159113684705482,0.0032162531630682,2.3933636546129825e-15,17.618006918589536,15
0.1,6,144,1,1,1015,broad_xyz,22.35964451205876,False,0.2470878160570718,0.555578412243958,0.0231370298537132,-0.4952316857515359,-0.3890135117283508,-0.3214971519138344,0.0330866207581106,0.0076413499204993,2.3933636546129825e-15,17.618006918589536,15
0.125,6,144,1,1,1015,broad_xyz,22.35964451205876,False,0.3693550903477399,0.6034868138852775,0.0642062221929729,-0.5592642565589561,-0.6229989219416746,-0.323182772118839,0.0598208856146916,0.0164599414980476,2.3933636546129825e-15,17.618006918589536,15
0.15,6,144,1,1,1015,broad_xyz,22.35964451205876,False,0.5014990739479386,0.661788314567505,0.1212421520548681,-0.6184350265465342,-0.7913826045213436,-0.3155890742840535,0.0967410965579398,0.0326224243082071,2.3933636546129825e-15,17.618006918589536,15
0.1625,6,144,1,1,1015,broad_xyz,22.35964451205876,False,0.564299348123238,0.6947592190530789,0.1632520937704882,-0.637583361174559,-0.8361232020437273,-0.3020513202598477,0.1189316516650649,0.0442116278373628,2.3933636546129825e-15,17.618006918589536,15
0.175,6,144,1,1,1015,broad_xyz,22.35964451205876,False,0.6231850355484658,0.7301478388189686,0.2139094309487739,-0.6500532747100608,-0.8590098377368971,-0.2815600522453151,0.1433993336047734,0.0585800981863297,2.3933636546129825e-15,17.618006918589536,15
0.1875,6,144,1,1,1015,broad_xyz,22.35964451205876,False,0.6754733271496827,0.7606750322926001,0.2681722695349119,-0.6584801202384026,-0.8673711802075856,-0.2669462809872727,0.169897522162404,0.0762445526626353,2.3933636546129825e-15,17.618006918589536,15
0.2,6,144,1,1,1015,broad_xyz,22.35964451205876,False,0.7241877201681619,0.7901090001942063,0.3285716398280719,-0.6626213901780355,-0.8667145075587259,-0.2512496797429132,0.1981225425817841,0.0969949714856203,2.3933636546129825e-15,17.618006918589536,15
0.2125,6,144,1,1,1015,broad_xyz,22.35964451205876,False,0.7699708023355213,0.8191393447620767,0.3963494363436752,-0.6626732626098948,-0.8610718334778241,-0.2284005771481284,0.2277316032494235,0.120129250165179,2.3933636546129825e-15,17.618006918589536,15
0.225,6,144,1,1,1015,broad_xyz,22.35964451205876,False,0.8088800086734358,0.844424806548712,0.4651811704957098,-0.6652824557844328,-0.8542908126267975,-0.198799554420434,0.2590941784689555,0.1449998668422786,2.3933636546129825e-15,17.618006918589536,15
0.2375,6,144,1,1,1015,broad_xyz,22.35964451205876,False,0.8402514110457903,0.8648236477920821,0.5330970786946208,-0.6734337492543917,-0.8473528148349693,-0.1660768228803703,0.2910504039642577,0.1708783163802351,2.3933636546129825e-15,17.618006918589536,15
0.25,6,144,1,1,1015,broad_xyz,22.35964451205876,False,0.8645686823284449,0.8808254003694106,0.5958287613463128,-0.6916760627893952,-0.8407368479649915,-0.1333439212322632,0.3231659181636035,0.1969333880455683,2.3933636546129825e-15,17.618006918589536,15
0.27,6,144,1,1,1015,broad_xyz,22.35964451205876,False,0.8919363749385255,0.8987912518841648,0.6823175143622328,-0.7429296203686008,-0.8263033773310282,-0.087820015549884,0.3791059209339954,0.2374627016149864,2.3933636546129825e-15,17.618006918589536,15
0.29,6,144,1,1,1015,broad_xyz,22.35964451205876,False,0.9093205063501264,0.9114846593306064,0.753556420451656,-0.8100939125861365,-0.814723173130051,-0.0419064710196461,0.4333034747984002,0.2737674743688172,2.3933636546129825e-15,17.618006918589536,15
0.31,6,144,1,1,1015,broad_xyz,22.35964451205876,False,0.9189895170235612,0.9214256904512312,0.8096957812652887,-0.8746480480975135,-0.8028815624885163,0.0091998017227618,0.4869883976006117,0.3029765351353563,2.3933636546129825e-15,17.618006918589536,15
0.33,6,144,1,1,1015,broad_xyz,22.35964451205876,False,0.9205149329027882,0.9286635965471745,0.8519066813248111,-0.921884491789104,-0.7918910795840406,0.0643092087310751,0.5338569470420662,0.3230075230112176,2.3933636546129825e-15,17.618006918589536,15
0.35,6,144,1,1,1015,broad_xyz,22.35964451205876,False,0.9091487579210312,0.9305964470685484,0.8819502194313821,-0.9498766910128268,-0.7891667931787861,0.1154017644597409,0.5717644870739388,0.333678848163269,2.3933636546129825e-15,17.618006918589536,15
0.37,6,144,1,1,1015,broad_xyz,22.35964451205876,False,0.8789077973805051,0.9260582713104396,0.9041762204760276,-0.9614364236863808,-0.8004902832393914,0.1537400545373382,0.5991133515311892,0.3365731960750766,2.3933636546129825e-15,17.618006918589536,15
0.39,6,144,1,1,1015,broad_xyz,22.35964451205876,False,0.830506890063699,0.915852075950832,0.9169465469328072,-0.9623058212751692,-0.8178051167999586,0.1692353341227326,0.6172314833476737,0.3341534509725755,2.3933636546129825e-15,17.618006918589536,15
0.41,6,144,1,1,1015,broad_xyz,22.35964451205876,False,0.771368190723127,0.9005819802451539,0.9196160004918976,-0.9574412290639,-0.8345953875710159,0.1603673222174986,0.6256945716703798,0.3288711125759262,2.3933636546129825e-15,17.618006918589536,15
0.43,6,144,1,1,1015,broad_xyz,22.35964451205876,False,0.7156280959156178,0.8854284706806711,0.9172947608106018,-0.951486358096892,-0.844831654193949,0.1344163556995873,0.6253434592747593,0.3230939087115711,2.3933636546129825e-15,17.618006918589536,15
0.45,6,144,1,1,1015,broad_xyz,22.35964451205876,False,0.671335953010751,0.8724793387579963,0.911603097838871,-0.9494426821216192,-0.8455532312986255,0.0936297943537619,0.6180614207092961,0.3193784147594704,2.3933636546129825e-15,17.618006918589536,15
0.5,6,144,1,1,1015,broad_xyz,22.35964451205876,False,0.6423266045098154,0.8635669687060746,0.8969715238886513,-0.9614407001724428,-0.8232941724277785,-0.0712077131386295,0.5752983282735378,0.3343981135849211,2.3933636546129825e-15,17.618006918589536,15
0.55,6,144,1,1,1015,broad_xyz,22.35964451205876,False,0.6797043129581416,0.8650743226497202,0.9006176866372315,-0.945115138067664,-0.8698311037342461,-0.3469672996665368,0.582522196830446,0.3905570380221891,2.3933636546129825e-15,17.618006918589536,15
0.6,6,144,1,1,1015,broad_xyz,22.35964451205876,False,0.7032900621996948,0.8333596200129361,0.9139009518294892,-0.9327176686246836,-0.9215344150056056,-0.5523958364790617,0.6065780114764273,0.4270857702284124,2.3933636546129825e-15,17.618006918589536,15
0.6499999999999999,6,144,1,1,1015,broad_xyz,22.35964451205876,False,0.7298272058846359,0.7960355269799513,0.9219065931464562,-0.924589108857448,-0.9234715871600868,-0.6340683803423557,0.6001175428276341,0.4156594817025123,2.3933636546129825e-15,17.618006918589536,15
0.7,6,144,1,1,1015,broad_xyz,22.35964451205876,False,0.7306930671826717,0.7699544409607753,0.9247942324707364,-0.8884492240061168,-0.916229080263002,-0.653905038424373,0.6085415526544296,0.3784681058702667,2.3933636546129825e-15,17.618006918589536,15
0.725,6,144,1,1,1015,broad_xyz,22.35964451205876,False,0.7284717207602929,0.7618093117195449,0.9222824914496334,-0.8384418330239798,-0.917828837899137,-0.6514930919800583,0.5960746686112073,0.3582223029040693,2.3933636546129825e-15,17.618006918589536,15
0.75,6,144,1,1,1015,broad_xyz,22.35964451205876,False,0.7213781830607074,0.757156668063418,0.9167084846523612,-0.7324169114069016,-0.9194609452804506,-0.6464121390846868,0.5768873521275095,0.3389263065820633,2.3933636546129825e-15,17.618006918589536,15
0.775,6,144,1,1,1015,broad_xyz,22.35964451205876,False,0.7032367903632398,0.7565016379165279,0.9090977690775276,-0.5295893520542128,-0.9218597886978418,-0.639815269511493,0.553387413452657,0.3206235447219061,2.3933636546129825e-15,17.618006918589536,15
0.8,6,144,1,1,1015,broad_xyz,22.35964451205876,False,0.6728305293857443,0.7607257034745557,0.9006095151585417,-0.251783368724188,-0.9244047088768876,-0.6310648078936767,0.5265335647025523,0.3026251482691423,2.3933636546129825e-15,17.618006918589536,15
0.825,6,144,1,1,1015,broad_xyz,22.35964451205876,False,0.6408029698292953,0.7706799956583102,0.8928655096593796,-0.0119084844660565,-0.9240223730195604,-0.6192200006715062,0.4989086920375226,0.2843889179030408,2.3933636546129825e-15,17.618006918589536,15
0.85,6,144,1,1,1015,broad_xyz,22.35964451205876,False,0.6202525361672411,0.7859754858358003,0.88886797476617,0.1392430777628951,-0.9164634752593482,-0.605021663238106,0.468891460731243,0.2667047775555964,2.3933636546129825e-15,17.618006918589536,15
0.875,6,144,1,1,1015,broad_xyz,22.35964451205876,False,0.6160862600446229,0.8020256469741094,0.8903911997123506,0.2265775069136877,-0.8973976652297178,-0.589796726971467,0.4399238915060321,0.2524262978808818,2.3933636546129825e-15,17.618006918589536,15
0.9,6,144,1,1,1015,broad_xyz,22.35964451205876,False,0.6221093049553529,0.80826016973407,0.8912314286386158,0.2649788519937324,-0.8597567677844534,-0.5770198626829275,0.4223140254697971,0.2459144471692192,2.3933636546129825e-15,17.618006918589536,15
0.95,6,144,1,1,1015,broad_xyz,22.35964451205876,False,0.6402202297519634,0.7741719062194337,0.8823933627080669,0.1901237421285913,-0.879919259575004,-0.5544840282522826,0.4247479554190357,0.2601465086818437,2.3933636546129825e-15,17.618006918589536,15
1.0,6,144,1,1,1015,broad_xyz,22.35964451205876,False,0.6564129985392451,0.7110198722884923,0.8700636636324006,-0.1501581093218771,-0.8967168901087496,-0.5432650848229634,0.4684566386656383,0.2941428590849096,2.3933636546129825e-15,17.618006918589536,15
0.05,6,144,1,1,1016,broad_xyz,22.35964451205876,False,-0.0456366305616405,-0.036375226848159,-0.5088576028171792,-0.5336530620597032,-0.5514472696273157,0.2549401194575075,0.0004700370384824,2.9441856379774523e-05,2.3933636546129825e-15,17.618006918589536,16
0.075,6,144,1,1,1016,broad_xyz,22.35964451205876,False,-0.0874902823974068,-0.0109667051160243,-0.5413877183757815,-0.594070197461459,-0.6081330522276813,0.2814294727099289,0.0012847975080975,0.0001215076241265,2.3933636546129825e-15,17.618006918589536,16
0.1,6,144,1,1,1016,broad_xyz,22.35964451205876,False,-0.00505234912664,0.1316510061746041,-0.5119289838531023,-0.647804419186287,-0.6338420614640847,0.3111696989349433,0.0033796103919899,0.0004748975716834,2.3933636546129825e-15,17.618006918589536,16
0.125,6,144,1,1,1016,broad_xyz,22.35964451205876,False,0.2377008165081801,0.3944039606860103,-0.3566662785455237,-0.6367934974113114,-0.5808925591219448,0.3572222490463945,0.0076030644684509,0.0018540470086041,2.3933636546129825e-15,17.618006918589536,16
0.15,6,144,1,1,1016,broad_xyz,22.35964451205876,False,0.5546299524304689,0.6502526136486578,-0.0380469469455882,-0.4970070989925408,-0.4408487549753256,0.3374717240856381,0.0214658998912633,0.0073018246878977,2.3933636546129825e-15,17.618006918589536,16
0.1625,6,144,1,1,1016,broad_xyz,22.35964451205876,False,0.678836349947469,0.7367447996942511,0.1263897503856815,-0.4098090404943579,-0.3910459758046803,0.2718165837887173,0.035432474546423,0.0141980055366385,2.3933636546129825e-15,17.618006918589536,16
0.175,6,144,1,1,1016,broad_xyz,22.35964451205876,False,0.7541970469108669,0.7902536155248233,0.2428724038039336,-0.3637715790946779,-0.3995316659218999,0.2233849419949609,0.0561970513030729,0.0249167027436719,2.3933636546129825e-15,17.618006918589536,16
0.1875,6,144,1,1,1016,broad_xyz,22.35964451205876,False,0.8044019713875199,0.8286562407345696,0.3319925035754978,-0.3420516204797477,-0.432616962221299,0.1921753491819834,0.0819793329520473,0.0393349565453242,2.3933636546129825e-15,17.618006918589536,16
0.2,6,144,1,1,1016,broad_xyz,22.35964451205876,False,0.8409858075676471,0.858599782699256,0.407633111822402,-0.3346819608192246,-0.4704911146299986,0.1853827638276964,0.1104800111108714,0.0571270737127662,2.3933636546129825e-15,17.618006918589536,16
0.2125,6,144,1,1,1016,broad_xyz,22.35964451205876,False,0.8655585080895115,0.8760954357544495,0.4821671556636547,-0.32835589419116,-0.4843822754675057,0.187148654233989,0.1409791586250379,0.0779677925804096,2.3933636546129825e-15,17.618006918589536,16
0.225,6,144,1,1,1016,broad_xyz,22.35964451205876,False,0.8828174747188282,0.8854555638431463,0.5582929897447687,-0.3259527553069288,-0.4731956616111982,0.1906618624545293,0.1727368891902243,0.1011215265527618,2.3933636546129825e-15,17.618006918589536,16
0.2375,6,144,1,1,1016,broad_xyz,22.35964451205876,False,0.8943909526724385,0.8896597205387294,0.6324671677058346,-0.3381536929023332,-0.4549596286167652,0.1999473983089515,0.2050554167866705,0.1256043125135639,2.3933636546129825e-15,17.618006918589536,16
0.25,6,144,1,1,1016,broad_xyz,22.35964451205876,False,0.902726839841286,0.8922380151414674,0.6983799221394833,-0.3758637982195835,-0.4381401442026381,0.2155531700370235,0.2377674962622051,0.1503825565644559,2.3933636546129825e-15,17.618006918589536,16
0.27,6,144,1,1,1016,broad_xyz,22.35964451205876,False,0.9108546393410636,0.897047864397726,0.7817878746645152,-0.5010985947790568,-0.4005688502666066,0.2552833641843355,0.2883623705953432,0.1884168357112391,2.3933636546129825e-15,17.618006918589536,16
0.29,6,144,1,1,1016,broad_xyz,22.35964451205876,False,0.9130711901200296,0.9053388348200578,0.8405789225507397,-0.6733501831821258,-0.3365404629481072,0.3070933018109172,0.3352604268284891,0.2217291171728277,2.3933636546129825e-15,17.618006918589536,16
0.31,6,144,1,1,1016,broad_xyz,22.35964451205876,False,0.9089060721511,0.9182995881727825,0.8806279058173577,-0.8151288516447005,-0.2788533453489461,0.3624296028154658,0.3807207892775371,0.2474094231356525,2.3933636546129825e-15,17.618006918589536,16
0.33,6,144,1,1,1016,broad_xyz,22.35964451205876,False,0.8962280495814636,0.9336927626701528,0.9078098641215352,-0.8952307503440065,-0.2474341535292135,0.4102406409929552,0.4190696823973383,0.2631172292504595,2.3933636546129825e-15,17.618006918589536,16
0.35,6,144,1,1,1016,broad_xyz,22.35964451205876,False,0.874795852724167,0.9462131275906668,0.9273618085327108,-0.9319172535792484,-0.2444158499420043,0.4343906455795731,0.4494607735479416,0.2683242431554,2.3933636546129825e-15,17.618006918589536,16
0.37,6,144,1,1,1016,broad_xyz,22.35964451205876,False,0.8474495432250414,0.945805698889132,0.943554419044916,-0.9423137735740192,-0.2935705136385207,0.4180793727457665,0.4797502362515545,0.2674852272032869,2.3933636546129825e-15,17.618006918589536,16
0.39,6,144,1,1,1016,broad_xyz,22.35964451205876,False,0.8173215033513961,0.933038668509286,0.9496643366258782,-0.9378830346606324,-0.3854871847707489,0.3633713628540614,0.5002074636036683,0.2630792023691237,2.3933636546129825e-15,17.618006918589536,16
0.41,6,144,1,1,1016,broad_xyz,22.35964451205876,False,0.7960878636156827,0.918571721166577,0.9466129929337618,-0.9272681512914116,-0.4753035973160446,0.2835020975691548,0.5147036297651626,0.2560852102176572,2.3933636546129825e-15,17.618006918589536,16
0.43,6,144,1,1,1016,broad_xyz,22.35964451205876,False,0.7902491366173636,0.9098615956144064,0.9405466937354722,-0.9175070984162416,-0.5340971549037179,0.1934208486349423,0.5239296973630518,0.2498834643949254,2.3933636546129825e-15,17.618006918589536,16
0.45,6,144,1,1,1016,broad_xyz,22.35964451205876,False,0.8001271973973073,0.9112829115040988,0.9368696481436676,-0.9134517022677754,-0.5484835981995146,0.0986034290592046,0.521573557893104,0.2472052747041245,2.3933636546129825e-15,17.618006918589536,16
0.5,6,144,1,1,1016,broad_xyz,22.35964451205876,False,0.8252847062181897,0.9365828135461768,0.9380918056216594,-0.9080839931933938,-0.443318547110906,-0.160611790484834,0.4795154882537046,0.2662494612531642,2.3933636546129825e-15,17.618006918589536,16
0.55,6,144,1,1,1016,broad_xyz,22.35964451205876,False,0.7613776609457112,0.8621350850601904,0.9191978296067912,-0.8002117367911411,-0.4530052174336491,-0.4744130030479724,0.449570339177444,0.3186049924577271,2.3933636546129825e-15,17.618006918589536,16
0.6,6,144,1,1,1016,broad_xyz,22.35964451205876,False,0.7489543217746053,0.7794337921180565,0.9124079216111036,-0.7368448343535615,-0.553589053668808,-0.6037814900872207,0.4969957785646176,0.3534490402607497,2.3933636546129825e-15,17.618006918589536,16
0.6499999999999999,6,144,1,1,1016,broad_xyz,22.35964451205876,False,0.7848849704302172,0.7900720701596086,0.9248406131041614,-0.7583054485370152,-0.6592187509770112,-0.6404030141102275,0.5068853228918664,0.3534006303632386,2.3933636546129825e-15,17.618006918589536,16
0.7,6,144,1,1,1016,broad_xyz,22.35964451205876,False,0.7707199746496974,0.8082039134198616,0.9325207718494924,-0.7145453759730321,-0.7599658696886387,-0.6334987869151288,0.5056688905250099,0.3313268943195056,2.3933636546129825e-15,17.618006918589536,16
0.725,6,144,1,1,1016,broad_xyz,22.35964451205876,False,0.7549840858961016,0.8148158030584041,0.935202834077764,-0.6104011360815011,-0.7994668623405962,-0.6257441615438731,0.4981918616376089,0.3171581144721906,2.3933636546129825e-15,17.618006918589536,16
0.75,6,144,1,1,1016,broad_xyz,22.35964451205876,False,0.7369651101344441,0.8196982499595614,0.9360044040640406,-0.3629833876028729,-0.8256133861391219,-0.6226780377733119,0.4854604950097795,0.3030709549695562,2.3933636546129825e-15,17.618006918589536,16
0.775,6,144,1,1,1016,broad_xyz,22.35964451205876,False,0.7200648322125648,0.8238884166089309,0.9339393585641615,0.0570904439820741,-0.8419797477919176,-0.6243548831488089,0.4684237778246998,0.2893166458189486,2.3933636546129825e-15,17.618006918589536,16
0.8,6,144,1,1,1016,broad_xyz,22.35964451205876,False,0.7054538437905088,0.8299286027967531,0.9294771416800692,0.3845149040614828,-0.850544918464634,-0.6255136444763522,0.4641722884767419,0.2750676345000711,2.3933636546129825e-15,17.618006918589536,16
0.825,6,144,1,1,1016,broad_xyz,22.35964451205876,False,0.6879594339595818,0.839395676915084,0.9252739238991546,0.5094620827237267,-0.8530121996997887,-0.6150474416747564,0.4687035245670112,0.2593231615483643,2.3933636546129825e-15,17.618006918589536,16
0.85,6,144,1,1,1016,broad_xyz,22.35964451205876,False,0.6590626876186638,0.8481203586792047,0.9226059084877262,0.5220441142399425,-0.8541633590285002,-0.586343141408261,0.4647959357130337,0.2427268092759502,2.3933636546129825e-15,17.618006918589536,16
0.875,6,144,1,1,1016,broad_xyz,22.35964451205876,False,0.6191167144472159,0.8469336139233212,0.91814345708121,0.47816036499737,-0.8437165087824982,-0.5496113796348215,0.4554541491642131,0.2289520101585311,2.3933636546129825e-15,17.618006918589536,16
0.9,6,144,1,1,1016,broad_xyz,22.35964451205876,False,0.5811381617427116,0.8345265268088822,0.9125400502897166,0.4016925461470148,-0.8292972759844698,-0.5106143931152396,0.4444621681919091,0.2215814137289629,2.3933636546129825e-15,17.618006918589536,16
0.95,6,144,1,1,1016,broad_xyz,22.35964451205876,False,0.5513665602400014,0.794081336738379,0.9007514170174488,0.0983350443298748,-0.8787596776646992,-0.443341041650182,0.4314416524586869,0.2290931621109256,2.3933636546129825e-15,17.618006918589536,16
1.0,6,144,1,1,1016,broad_xyz,22.35964451205876,False,0.5696904246300688,0.751006042124621,0.8815156954623844,-0.3542381899576854,-0.8888813988938424,-0.385134476371578,0.4367521656794975,0.2467338095875897,2.3933636546129825e-15,17.618006918589536,16
0.05,6,144,1,1,1017,broad_xyz,22.35964451205876,False,0.0845649472511747,0.4521645296495951,-0.2997663878837859,-0.501801868190315,-0.395184461977079,0.4400622921871598,0.0044105171213763,0.0009140755047314,2.3933636546129825e-15,17.618006918589536,17
0.075,6,144,1,1,1017,broad_xyz,22.35964451205876,False,0.081968550901843,0.4774125051872419,-0.3453009642223152,-0.567261928186064,-0.4706399417832828,0.4386668798347812,0.0112080506190721,0.002555175187738,2.3933636546129825e-15,17.618006918589536,17
0.1,6,144,1,1,1017,broad_xyz,22.35964451205876,False,0.1123275517359304,0.5181237511529192,-0.3768179655252161,-0.6301811980652956,-0.5646128387302305,0.4478824803067759,0.0231107427347721,0.0058789286458154,2.3933636546129825e-15,17.618006918589536,17
0.125,6,144,1,1,1017,broad_xyz,22.35964451205876,False,0.1754494331046626,0.5643032303052411,-0.3922081360463119,-0.6829002212164438,-0.6633462756744911,0.4533380624734135,0.0425523164358507,0.0121640401410278,2.3933636546129825e-15,17.618006918589536,17
0.15,6,144,1,1,1017,broad_xyz,22.35964451205876,False,0.2905063072172413,0.619949778250287,-0.3922053699185282,-0.7278362550023677,-0.7508222392475852,0.4482221591384458,0.071800885612421,0.0236100917429299,2.3933636546129825e-15,17.618006918589536,17
0.1625,6,144,1,1,1017,broad_xyz,22.35964451205876,False,0.3653604023820911,0.6520444351334937,-0.3835101824425523,-0.7467142963046466,-0.7894486878390164,0.4413229489541652,0.0900328669997655,0.0322313949629211,2.3933636546129825e-15,17.618006918589536,17
0.175,6,144,1,1,1017,broad_xyz,22.35964451205876,False,0.4451034105454214,0.6886699291106254,-0.3655233351900444,-0.7612554391581616,-0.8229984749886501,0.4322662707476983,0.1102237863122881,0.0433023383071001,2.3933636546129825e-15,17.618006918589536,17
0.1875,6,144,1,1,1017,broad_xyz,22.35964451205876,False,0.5238278649367615,0.7282061799977836,-0.3353753939480102,-0.7681891400683172,-0.8466423053968324,0.4189239541757143,0.1320874288269007,0.0570027963549288,2.3933636546129825e-15,17.618006918589536,17
0.2,6,144,1,1,1017,broad_xyz,22.35964451205876,False,0.6027576123464852,0.773096600749417,-0.2870430736679598,-0.7637955713487211,-0.8568149688192406,0.3982046039851261,0.1552769582125603,0.0735370644947965,2.3933636546129825e-15,17.618006918589536,17
0.2125,6,144,1,1,1017,broad_xyz,22.35964451205876,False,0.6764865058262325,0.8190770818910836,-0.2216443244071394,-0.7494848041835426,-0.8443708028939368,0.3692473656666428,0.1794037508263651,0.0926673350728866,2.3933636546129825e-15,17.618006918589536,17
0.225,6,144,1,1,1017,broad_xyz,22.35964451205876,False,0.7387548568504267,0.8585453916726303,-0.1426535427650363,-0.7289166275779783,-0.8033097226069714,0.3296461887885511,0.2048744867322806,0.1138977041783213,2.3933636546129825e-15,17.618006918589536,17
0.2375,6,144,1,1,1017,broad_xyz,22.35964451205876,False,0.7929933794922451,0.8913937983224698,-0.0480904213918668,-0.703370597116867,-0.7333874887348096,0.2779619791321817,0.2314114979859041,0.1366802959662739,2.3933636546129825e-15,17.618006918589536,17
0.25,6,144,1,1,1017,broad_xyz,22.35964451205876,False,0.8377023146911732,0.916524875098926,0.0547573375121914,-0.6804576273344175,-0.6336276014394444,0.2218902387909508,0.2576041565333685,0.1598297692723893,2.3933636546129825e-15,17.618006918589536,17
0.27,6,144,1,1,1017,broad_xyz,22.35964451205876,False,0.8896973259113222,0.9371524758186852,0.227583420462249,-0.6584057294874561,-0.4565815585995113,0.1264742799886847,0.3055736966977463,0.1960254842908241,2.3933636546129825e-15,17.618006918589536,17
0.29,6,144,1,1,1017,broad_xyz,22.35964451205876,False,0.917128237929179,0.9361422827699448,0.3867577271224314,-0.6725593019238997,-0.3668494489559501,0.0477740228873707,0.3563985313937129,0.2281750456070529,2.3933636546129825e-15,17.618006918589536,17
0.31,6,144,1,1,1017,broad_xyz,22.35964451205876,False,0.9239066265910916,0.9248035411715548,0.5122265679987122,-0.7268933490389675,-0.3545467831380564,0.0078746875623599,0.4088761413976042,0.2533746745957352,2.3933636546129825e-15,17.618006918589536,17
0.33,6,144,1,1,1017,broad_xyz,22.35964451205876,False,0.917298150939418,0.9149445650517668,0.6011084148339455,-0.798150899020521,-0.3643733991289745,0.0088762582644624,0.4574445104542664,0.2698389381468597,2.3933636546129825e-15,17.618006918589536,17
0.35,6,144,1,1,1017,broad_xyz,22.35964451205876,False,0.9065000584658196,0.9111586212640204,0.6684187005035735,-0.8538662609607449,-0.3741420262196538,0.0320075563749763,0.4970613536016298,0.2779010963592992,2.3933636546129825e-15,17.618006918589536,17
0.37,6,144,1,1,1017,broad_xyz,22.35964451205876,False,0.896424911101463,0.9066842631845792,0.7344621132158677,-0.8741314535758955,-0.4004984077000095,0.0529261498698936,0.5254422396321854,0.2818756997677321,2.3933636546129825e-15,17.618006918589536,17
0.39,6,144,1,1,1017,broad_xyz,22.35964451205876,False,0.8795658337142601,0.9017878488119058,0.7796220423492078,-0.8758911989943243,-0.4264238307841404,0.0784726025629191,0.5415788377627182,0.2820480763702908,2.3933636546129825e-15,17.618006918589536,17
0.41,6,144,1,1,1017,broad_xyz,22.35964451205876,False,0.8553421440533265,0.8991145893612994,0.8055882175631216,-0.8675454247735548,-0.4558872199638888,0.1061662333118174,0.544621537673494,0.2800308867901421,2.3933636546129825e-15,17.618006918589536,17
0.43,6,144,1,1,1017,broad_xyz,22.35964451205876,False,0.8238424460575291,0.8992501092431819,0.8185133672429599,-0.8565033000010861,-0.4895306720183934,0.1379691370669955,0.5374563944026566,0.277539064731991,2.3933636546129825e-15,17.618006918589536,17
0.45,6,144,1,1,1017,broad_xyz,22.35964451205876,False,0.7854528937172718,0.9008664962800976,0.819093292409608,-0.8501904307555498,-0.5128169049107858,0.1727207932243557,0.5188495452841573,0.2760706469779854,2.3933636546129825e-15,17.618006918589536,17
0.5,6,144,1,1,1017,broad_xyz,22.35964451205876,False,0.7160359784004108,0.9039325527685828,0.774651227481115,-0.8578623074733644,-0.4719394123281988,0.1822137256520707,0.4887621190969863,0.2867155624738189,2.3933636546129825e-15,17.618006918589536,17
0.55,6,144,1,1,1017,broad_xyz,22.35964451205876,False,0.6194218890036708,0.8439042475297479,0.7252881102948615,-0.8054464100227732,-0.5680232726069753,-0.0430882435549841,0.5095706074239219,0.3226624885050523,2.3933636546129825e-15,17.618006918589536,17
0.6,6,144,1,1,1017,broad_xyz,22.35964451205876,False,0.5445258053581578,0.7270974275330897,0.7855610156436332,-0.7122362755028198,-0.8227024464539217,-0.3572265197002346,0.5547079533195538,0.3511773829478476,2.3933636546129825e-15,17.618006918589536,17
0.6499999999999999,6,144,1,1,1017,broad_xyz,22.35964451205876,False,0.6094020504252503,0.7311104709471062,0.8400898673766667,-0.7002234383164654,-0.9235875969587076,-0.4579603538644513,0.5382030147336248,0.3425656389415437,2.3933636546129825e-15,17.618006918589536,17
0.7,6,144,1,1,1017,broad_xyz,22.35964451205876,False,0.6384015929330018,0.7784914035527872,0.8809550733996616,-0.6734777258333277,-0.9473428605582136,-0.4722427728450526,0.549002071126299,0.3143549978124856,2.3933636546129825e-15,17.618006918589536,17
0.725,6,144,1,1,1017,broad_xyz,22.35964451205876,False,0.6448018114566245,0.7959312128299799,0.8985659057026711,-0.6290813391307107,-0.950404930421878,-0.4736187511422475,0.5489712979626268,0.2996420956952054,2.3933636546129825e-15,17.618006918589536,17
0.75,6,144,1,1,1017,broad_xyz,22.35964451205876,False,0.6538155154693805,0.8068702311659374,0.9141817104161588,-0.5359377690175234,-0.951451544347314,-0.4815485548444136,0.5399685875596648,0.2863636312795835,2.3933636546129825e-15,17.618006918589536,17
0.775,6,144,1,1,1017,broad_xyz,22.35964451205876,False,0.6624937133023813,0.8115386176093318,0.923793073081932,-0.3522838179921807,-0.9532555225680648,-0.4970736248090407,0.5209724222891858,0.2742364344437086,2.3933636546129825e-15,17.618006918589536,17
0.8,6,144,1,1,1017,broad_xyz,22.35964451205876,False,0.6681678809176687,0.8102297457493793,0.9235357508191494,-0.04667747530359,-0.951942701350697,-0.5185923809628089,0.5030752515615524,0.2627081966882046,2.3933636546129825e-15,17.618006918589536,17
0.825,6,144,1,1,1017,broad_xyz,22.35964451205876,False,0.677023794840791,0.8045885470596387,0.9123296517589856,0.2407415580589623,-0.9426171083414848,-0.5422351635700778,0.4918472254783689,0.2517786297057336,2.3933636546129825e-15,17.618006918589536,17
0.85,6,144,1,1,1017,broad_xyz,22.35964451205876,False,0.6983261674672607,0.7995325983996198,0.8961786869805801,0.3873198239061395,-0.9189467241623152,-0.5598541406119556,0.4795621138070388,0.2418757208137774,2.3933636546129825e-15,17.618006918589536,17
0.875,6,144,1,1,1017,broad_xyz,22.35964451205876,False,0.7254403767141065,0.7998862136515378,0.8871794778818597,0.4602467922746168,-0.8784372799135393,-0.5610896407693842,0.4734091118273705,0.234331136089174,2.3933636546129825e-15,17.618006918589536,17
0.9,6,144,1,1,1017,broad_xyz,22.35964451205876,False,0.7305895926076617,0.800701893758118,0.8884543362078674,0.5096589640927408,-0.8151487880480949,-0.5476462838220733,0.4635833305212317,0.2314686660501898,2.3933636546129825e-15,17.618006918589536,17
0.95,6,144,1,1,1017,broad_xyz,22.35964451205876,False,0.6037607062133762,0.7605963098424313,0.8898898544500521,0.5270347032338749,-0.7785528403931483,-0.5278770564961878,0.4382114602046581,0.2438289492598563,2.3933636546129825e-15,17.618006918589536,17
1.0,6,144,1,1,1017,broad_xyz,22.35964451205876,False,0.427134929558111,0.6635662674214424,0.8793519733880529,0.1326889059964518,-0.750732967799798,-0.4965948104668095,0.4906409031106317,0.2651235416833953,2.3933636546129825e-15,17.618006918589536,17
0.05,6,144,1,1,1018,broad_xyz,22.35964451205876,False,-0.0542493181280663,0.4172244466825639,-0.1616714040071452,-0.2733524831807778,-0.2344878236933467,0.1995755440345086,0.0030187239377594,0.0003318795809696,2.3933636546129825e-15,17.618006918589536,18
0.075,6,144,1,1,1018,broad_xyz,22.35964451205876,False,-0.0829924790637911,0.4346634960091148,-0.1961863905244271,-0.3215465977282505,-0.3178281992142829,0.2559230745717396,0.0072740479469059,0.000922602825749,2.3933636546129825e-15,17.618006918589536,18
0.1,6,144,1,1,1018,broad_xyz,22.35964451205876,False,-0.0590524153257817,0.4599827802595305,-0.2146750493988143,-0.359545684342349,-0.416617488286153,0.3236124127715932,0.0134504610053581,0.0020903770088866,2.3933636546129825e-15,17.618006918589536,18
0.125,6,144,1,1,1018,broad_xyz,22.35964451205876,False,0.0422250620814121,0.4885332712387011,-0.1991205891346482,-0.3758285076492489,-0.5028239360014451,0.4017200548740146,0.0214569866550644,0.0043571510015833,2.3933636546129825e-15,17.618006918589536,18
0.15,6,144,1,1,1018,broad_xyz,22.35964451205876,False,0.1959922679959927,0.5191617638718463,-0.1612120033101392,-0.3830952532538735,-0.5825809330295955,0.4793753488314597,0.0348305217661955,0.0089290085618487,2.3933636546129825e-15,17.618006918589536,18
0.1625,6,144,1,1,1018,broad_xyz,22.35964451205876,False,0.2796530183963858,0.5440713643750187,-0.1336272858447173,-0.3837276108182981,-0.633641692397896,0.5157392137850758,0.0446455321849681,0.0128296052753651,2.3933636546129825e-15,17.618006918589536,18
0.175,6,144,1,1,1018,broad_xyz,22.35964451205876,False,0.3575908089582721,0.5803501956317352,-0.1058558053557636,-0.3856031578459464,-0.6931827394435713,0.5428770689631525,0.0565537991104332,0.0183608010681471,2.3933636546129825e-15,17.618006918589536,18
0.1875,6,144,1,1,1018,broad_xyz,22.35964451205876,False,0.4280847257086687,0.624763870858392,-0.0694447211624182,-0.381363796319936,-0.7482780028024136,0.5534738230984344,0.0725537321421561,0.0260222696253058,2.3933636546129825e-15,17.618006918589536,18
0.2,6,144,1,1,1018,broad_xyz,22.35964451205876,False,0.4908265556031888,0.6717405325427253,-0.0151421628661205,-0.3605631120750158,-0.7786645818945808,0.5413504310321492,0.0943091100774912,0.0358374962873061,2.3933636546129825e-15,17.618006918589536,18
0.2125,6,144,1,1,1018,broad_xyz,22.35964451205876,False,0.5527668359411004,0.7199434083539487,0.0614057298070624,-0.3197237304869322,-0.7640860799404534,0.4917002875288335,0.1223042846253529,0.0482305216402544,2.3933636546129825e-15,17.618006918589536,18
0.225,6,144,1,1,1018,broad_xyz,22.35964451205876,False,0.6059361641166918,0.758840881365313,0.1508972903158501,-0.2656399314516213,-0.7123015694850635,0.3991986276365445,0.1524480866063992,0.0627857488760944,2.3933636546129825e-15,17.618006918589536,18
0.2375,6,144,1,1,1018,broad_xyz,22.35964451205876,False,0.6574283941653002,0.790135810274563,0.258707410122415,-0.1927412796597691,-0.6611634218798786,0.274125060218335,0.1836099334251374,0.0791524866673349,2.3933636546129825e-15,17.618006918589536,18
0.25,6,144,1,1,1018,broad_xyz,22.35964451205876,False,0.7007982548364723,0.8073461171384723,0.3644864475537237,-0.1229075124236962,-0.6326095855435576,0.1283518278142789,0.2145353774583369,0.0965275649953056,2.3933636546129825e-15,17.618006918589536,18
0.27,6,144,1,1,1018,broad_xyz,22.35964451205876,False,0.7578987468232773,0.8159234862654513,0.5036479096957573,-0.0529459348693275,-0.6278159939804294,-0.09402130852929,0.2684103067758945,0.1246388263340608,2.3933636546129825e-15,17.618006918589536,18
0.29,6,144,1,1,1018,broad_xyz,22.35964451205876,False,0.8050646215102402,0.8192099531597815,0.5934970250892683,-0.0607736911862813,-0.6289657239629584,-0.2420716010883541,0.312292067383213,0.1508564763786714,2.3933636546129825e-15,17.618006918589536,18
0.31,6,144,1,1,1018,broad_xyz,22.35964451205876,False,0.8389214315508617,0.8314991384739944,0.638315102966129,-0.1502976765528084,-0.6115471903088885,-0.3063200756229775,0.3431405422653552,0.1730567506349635,2.3933636546129825e-15,17.618006918589536,18
0.33,6,144,1,1,1018,broad_xyz,22.35964451205876,False,0.8545054183114381,0.8538645167107205,0.6561403370290312,-0.2908512324815019,-0.5850856829937908,-0.3148205374189186,0.3617437275513303,0.1901238643834318,2.3933636546129825e-15,17.618006918589536,18
0.35,6,144,1,1,1018,broad_xyz,22.35964451205876,False,0.8514487609780914,0.8778745771924727,0.6636879194707048,-0.4383323617510283,-0.5585430913857693,-0.3003248743929715,0.3714161538547537,0.2018505070565667,2.3933636546129825e-15,17.618006918589536,18
0.37,6,144,1,1,1018,broad_xyz,22.35964451205876,False,0.8348755320324398,0.8947342751115642,0.6837451330742296,-0.5429424565141133,-0.5530321994437465,-0.3027997725144869,0.377417624080274,0.2094853022089816,2.3933636546129825e-15,17.618006918589536,18
0.39,6,144,1,1,1018,broad_xyz,22.35964451205876,False,0.8064377810690708,0.9018652357641156,0.7086863234550607,-0.6056781389661643,-0.5625203160881281,-0.3318320732037914,0.3901547012174728,0.2137954563223693,2.3933636546129825e-15,17.618006918589536,18
0.41,6,144,1,1,1018,broad_xyz,22.35964451205876,False,0.7597389613336806,0.8980397809754961,0.7354050070428294,-0.6333906718488166,-0.5843202502987446,-0.3717583850631573,0.41278968140578,0.215673465591091,2.3933636546129825e-15,17.618006918589536,18
0.43,6,144,1,1,1018,broad_xyz,22.35964451205876,False,0.6863581987475221,0.8829490679918004,0.7580248250724115,-0.640131846523657,-0.6132689083882092,-0.4021064614781548,0.4402661671239308,0.216223308168656,2.3933636546129825e-15,17.618006918589536,18
0.45,6,144,1,1,1018,broad_xyz,22.35964451205876,False,0.5973154053561355,0.8590056777510068,0.7706299600830971,-0.6393797491111678,-0.6376574846229179,-0.4087141874816632,0.4686802776217033,0.2163189656129567,2.3933636546129825e-15,17.618006918589536,18
0.5,6,144,1,1,1018,broad_xyz,22.35964451205876,False,0.4744901769972119,0.7984261154787787,0.7635055713539373,-0.6469585854333559,-0.6248408324618354,-0.3547686153148483,0.513111010154056,0.2244801628930734,2.3933636546129825e-15,17.618006918589536,18
0.55,6,144,1,1,1018,broad_xyz,22.35964451205876,False,0.5614565312608266,0.7900171219492075,0.7770173217733553,-0.6194011603462231,-0.6470357890274426,-0.2952189127031343,0.5100933345088506,0.2559435536191127,2.3933636546129825e-15,17.618006918589536,18
0.6,6,144,1,1,1018,broad_xyz,22.35964451205876,False,0.7001029054794919,0.8077768689517287,0.8270812147901196,-0.5930440753609957,-0.7711026185383372,-0.3411039533079986,0.5136479640155562,0.2885003180954648,2.3933636546129825e-15,17.618006918589536,18
0.6499999999999999,6,144,1,1,1018,broad_xyz,22.35964451205876,False,0.7505698895210652,0.8251960670255162,0.8380340481798603,-0.6298997911348354,-0.8393920021366548,-0.4465853508873858,0.5714335102969921,0.2947128973246165,2.3933636546129825e-15,17.618006918589536,18
0.7,6,144,1,1,1018,broad_xyz,22.35964451205876,False,0.7113128701716667,0.822727230549368,0.8543482884894232,-0.5928412475571316,-0.865621517045694,-0.5121661165952834,0.5901987810346099,0.2858198182938378,2.3933636546129825e-15,17.618006918589536,18
0.725,6,144,1,1,1018,broad_xyz,22.35964451205876,False,0.7221687242594412,0.8214599757097377,0.8733880664683653,-0.5212306136205449,-0.8619780715975587,-0.5371733915035124,0.5746608670088238,0.280995285832584,2.3933636546129825e-15,17.618006918589536,18
0.75,6,144,1,1,1018,broad_xyz,22.35964451205876,False,0.7482791206982479,0.823106462264835,0.8951005011375831,-0.3979799711797884,-0.851035821325127,-0.5597072657871867,0.5506090200260523,0.2761785628321854,2.3933636546129825e-15,17.618006918589536,18
0.775,6,144,1,1,1018,broad_xyz,22.35964451205876,False,0.770746038349237,0.8281250838908834,0.914393607210119,-0.2094776793465088,-0.8416302583263884,-0.575789424580597,0.5243764819245839,0.2706722712055094,2.3933636546129825e-15,17.618006918589536,18
0.8,6,144,1,1,1018,broad_xyz,22.35964451205876,False,0.7823711466456573,0.835963386564436,0.9274337046927368,0.0170211464628592,-0.8329161810093753,-0.5830611951720018,0.5004985511645945,0.2639647078560911,2.3933636546129825e-15,17.618006918589536,18
0.825,6,144,1,1,1018,broad_xyz,22.35964451205876,False,0.7874775128393283,0.8445222589199205,0.9325552047903816,0.1969200927349229,-0.821372007254954,-0.5812243056158725,0.4807873395287759,0.2561391057270214,2.3933636546129825e-15,17.618006918589536,18
0.85,6,144,1,1,1018,broad_xyz,22.35964451205876,False,0.7936740601861758,0.8507870479676123,0.9309291606002508,0.2913346739942638,-0.7981764703143494,-0.5746946352182613,0.4631842352590901,0.2478235094446738,2.3933636546129825e-15,17.618006918589536,18
0.875,6,144,1,1,1018,broad_xyz,22.35964451205876,False,0.8043284441310204,0.8510928527201879,0.9261908515831432,0.329630161930045,-0.7644524120073487,-0.5683244654531956,0.4418776301978496,0.2400791895164765,2.3933636546129825e-15,17.618006918589536,18
0.9,6,144,1,1,1018,broad_xyz,22.35964451205876,False,0.8096676434813286,0.8435769698895671,0.9221636418538212,0.3477388983735916,-0.7206369898849976,-0.566121055274874,0.4320604865822809,0.2337300040033026,2.3933636546129825e-15,17.618006918589536,18
0.95,6,144,1,1,1018,broad_xyz,22.35964451205876,False,0.7580865805679576,0.8025350716210281,0.9161881927181208,0.3786262865878581,-0.7653420343959898,-0.5511521950666473,0.4376911763207672,0.2264298221989124,2.3933636546129825e-15,17.618006918589536,18
1.0,6,144,1,1,1018,broad_xyz,22.35964451205876,False,0.6737784364460322,0.7003253294818471,0.8683518214331118,0.2556082286424972,-0.767524235264723,-0.5281481404110717,0.4791286829462837,0.2278716955054292,2.3933636546129825e-15,17.618006918589536,18
0.05,6,144,1,1,1019,broad_xyz,22.35964451205876,False,0.0678564042628977,0.5759304545718855,-0.5532295545137053,-0.5786932577302136,-0.5717302935953403,0.3842536667963676,0.0023670000300508,0.0005515653820666,2.3933636546129825e-15,17.618006918589536,19
0.075,6,144,1,1,1019,broad_xyz,22.35964451205876,False,0.1834441570395271,0.5779256755726315,-0.5561484376772217,-0.5807506787162864,-0.5754949000630522,0.3185167307501083,0.0056151975033899,0.0011858239036783,2.3933636546129825e-15,17.618006918589536,19
0.1,6,144,1,1,1019,broad_xyz,22.35964451205876,False,0.308789111515967,0.5704802693970392,-0.5576619314106064,-0.5795609366026792,-0.5648055317297088,0.2753685254755811,0.0105199109138847,0.0021301918544173,2.3933636546129825e-15,17.618006918589536,19
0.125,6,144,1,1,1019,broad_xyz,22.35964451205876,False,0.4224754910222084,0.5842687325330721,-0.5690502920396873,-0.5928244376375165,-0.5533632755801309,0.299261786005418,0.0171716416279981,0.0036449008966453,2.3933636546129825e-15,17.618006918589536,19
0.15,6,144,1,1,1019,broad_xyz,22.35964451205876,False,0.5120864439238453,0.619701175332535,-0.5744430610359835,-0.6124227576322405,-0.5304429501840124,0.3637628276294208,0.0254715490019294,0.0061556811737477,2.3933636546129825e-15,17.618006918589536,19
0.1625,6,144,1,1,1019,broad_xyz,22.35964451205876,False,0.5447582817125771,0.6457693517851866,-0.5636649744131467,-0.6184518402865121,-0.5098519373375825,0.3925753805462838,0.0304917278916725,0.0081039357139125,2.3933636546129825e-15,17.618006918589536,19
0.175,6,144,1,1,1019,broad_xyz,22.35964451205876,False,0.5548935642421556,0.6740514455725976,-0.5339015375834604,-0.6127768161492305,-0.4768742669637358,0.401235756000951,0.0383081623162484,0.0108462626955476,2.3933636546129825e-15,17.618006918589536,19
0.1875,6,144,1,1,1019,broad_xyz,22.35964451205876,False,0.5437735805301491,0.6939994568157763,-0.4946747955932669,-0.5994487324475845,-0.4393522151046695,0.3969041134977625,0.0546524332306823,0.014479066394507,2.3933636546129825e-15,17.618006918589536,19
0.2,6,144,1,1,1019,broad_xyz,22.35964451205876,False,0.5336824301988523,0.7118951879268822,-0.4467634708994626,-0.5807919066388298,-0.4022195472984668,0.383202094422862,0.0738160927737421,0.019313473178413,2.3933636546129825e-15,17.618006918589536,19
0.2125,6,144,1,1,1019,broad_xyz,22.35964451205876,False,0.5270167961536596,0.7227553829125967,-0.3926980047171814,-0.5583409272017901,-0.3691548836707247,0.3652612267503545,0.0951526222435695,0.0255467535244211,2.3933636546129825e-15,17.618006918589536,19
0.225,6,144,1,1,1019,broad_xyz,22.35964451205876,False,0.5126237388549812,0.7197261395574365,-0.3304416455329889,-0.5287975776615603,-0.3401439584906242,0.3474507185565401,0.1176472613054797,0.0330361555344032,2.3933636546129825e-15,17.618006918589536,19
0.2375,6,144,1,1,1019,broad_xyz,22.35964451205876,False,0.5016150569943654,0.7083692390600513,-0.253190826414823,-0.4870143275625099,-0.3121436230894069,0.3190062907019203,0.1454624962366201,0.0420857316364,2.3933636546129825e-15,17.618006918589536,19
0.25,6,144,1,1,1019,broad_xyz,22.35964451205876,False,0.4860397508647719,0.6879689814464724,-0.1668558473245006,-0.4386685600450131,-0.2970066387106286,0.2814701991328094,0.1724275828236277,0.0524043690667424,2.3933636546129825e-15,17.618006918589536,19
0.27,6,144,1,1,1019,broad_xyz,22.35964451205876,False,0.4377566346139231,0.6393858607232836,-0.0166665496206666,-0.3509683168303759,-0.2929826594492516,0.2083361902815578,0.2102272607578141,0.0706716230230201,2.3933636546129825e-15,17.618006918589536,19
0.29,6,144,1,1,1019,broad_xyz,22.35964451205876,False,0.3524200238895859,0.5733039521645046,0.1673417139142048,-0.2316706512733962,-0.341394424205968,0.0988757205841229,0.2383520335109235,0.0907719131707983,2.3933636546129825e-15,17.618006918589536,19
0.31,6,144,1,1,1019,broad_xyz,22.35964451205876,False,0.2727904180260113,0.5212612297388107,0.3286116915229035,-0.1391713792965481,-0.4144718044095488,-0.0084007200723553,0.2604479051126792,0.1103193993249087,2.3933636546129825e-15,17.618006918589536,19
0.33,6,144,1,1,1019,broad_xyz,22.35964451205876,False,0.2289680931991539,0.4986066334240058,0.4283156992627692,-0.1333531020126608,-0.4775340691058849,-0.0821151039401976,0.2980729603647319,0.1272009451431108,2.3933636546129825e-15,17.618006918589536,19
0.35,6,144,1,1,1019,broad_xyz,22.35964451205876,False,0.2356815478271867,0.5084266523525997,0.4620639547614238,-0.2332004711999095,-0.4971845148236558,-0.1078580533570538,0.3478502194866585,0.1402816744578172,2.3933636546129825e-15,17.618006918589536,19
0.37,6,144,1,1,1019,broad_xyz,22.35964451205876,False,0.2863678820015833,0.5359531427097384,0.4604077162228404,-0.3834802034600447,-0.4953035040174705,-0.0938530237445527,0.3990440935370327,0.149650251500211,2.3933636546129825e-15,17.618006918589536,19
0.39,6,144,1,1,1019,broad_xyz,22.35964451205876,False,0.3467687741916008,0.550557048900974,0.4910295733384103,-0.476678727846042,-0.524795783203951,-0.0836228673119286,0.4304154069663027,0.1580429861904237,2.3933636546129825e-15,17.618006918589536,19
0.41,6,144,1,1,1019,broad_xyz,22.35964451205876,False,0.4180223349358992,0.5704102135562547,0.532963070798176,-0.5208233034756143,-0.5585062357412776,-0.0663146484629913,0.4381645452571204,0.1647246099354516,2.3933636546129825e-15,17.618006918589536,19
0.43,6,144,1,1,1019,broad_xyz,22.35964451205876,False,0.4873788685438474,0.6034129733144467,0.565546782678343,-0.5415464064621724,-0.5729978820695006,-0.0446265635050334,0.435459558446677,0.1693050583779231,2.3933636546129825e-15,17.618006918589536,19
0.45,6,144,1,1,1019,broad_xyz,22.35964451205876,False,0.5397633412731969,0.641900109032443,0.5846638244125898,-0.55208679322082,-0.5823440830170601,-0.03619050831617,0.4422161678501771,0.1729349313475726,2.3933636546129825e-15,17.618006918589536,19
0.5,6,144,1,1,1019,broad_xyz,22.35964451205876,False,0.6197062417690263,0.7195275348674752,0.562136343530133,-0.5807248296927711,-0.5434266276122729,-0.0826507937330915,0.4184864957415637,0.1838164200456653,2.3933636546129825e-15,17.618006918589536,19
0.55,6,144,1,1,1019,broad_xyz,22.35964451205876,False,0.621779491107736,0.7365800486643334,0.5124272320593823,-0.6011075219424349,-0.4562999289239579,-0.1707455532662229,0.4621126934639593,0.198550941098818,2.3933636546129825e-15,17.618006918589536,19
0.6,6,144,1,1,1019,broad_xyz,22.35964451205876,False,0.4507142452544983,0.6474252123109884,0.5767260784176592,-0.4825995544306725,-0.5812294997455173,-0.3173542606365952,0.4742435472331558,0.2133638724139799,2.3933636546129825e-15,17.618006918589536,19
0.6499999999999999,6,144,1,1,1019,broad_xyz,22.35964451205876,False,0.3552008340019543,0.5511608896362526,0.6355934688810658,-0.4074022543038891,-0.6647513966600422,-0.4157118958993689,0.5129740884561969,0.2187121965569453,2.3933636546129825e-15,17.618006918589536,19
0.7,6,144,1,1,1019,broad_xyz,22.35964451205876,False,0.3668862996566682,0.5962073752094299,0.6737610100686658,-0.3488447267001994,-0.7492092757002957,-0.4844645233474596,0.4777511575712285,0.2178348694033938,2.3933636546129825e-15,17.618006918589536,19
0.725,6,144,1,1,1019,broad_xyz,22.35964451205876,False,0.3828693443534583,0.6390929717219846,0.703056300124093,-0.3048633019740134,-0.7939720098523807,-0.5109232852977559,0.485600539402493,0.2170449790497743,2.3933636546129825e-15,17.618006918589536,19
0.75,6,144,1,1,1019,broad_xyz,22.35964451205876,False,0.4076822766988437,0.6805272415518809,0.7379515670367118,-0.2450739720032857,-0.8258255289862502,-0.5260171768839714,0.5034225403196071,0.2154177362752199,2.3933636546129825e-15,17.618006918589536,19
0.775,6,144,1,1,1019,broad_xyz,22.35964451205876,False,0.4526134825328688,0.7180920205873623,0.7856128326410758,-0.146364655348841,-0.8479442902522094,-0.539043307900712,0.4994395031787754,0.2133376168708935,2.3933636546129825e-15,17.618006918589536,19
0.8,6,144,1,1,1019,broad_xyz,22.35964451205876,False,0.5103360305270235,0.7423403203517993,0.8377626416131556,-0.0075808445954533,-0.8564747169650435,-0.5512691515807565,0.475504529446795,0.2112300004371002,2.3933636546129825e-15,17.618006918589536,19
0.825,6,144,1,1,1019,broad_xyz,22.35964451205876,False,0.5577014464258085,0.7482914000990528,0.8768450634259362,0.1407309336903038,-0.8560435863610651,-0.5584911451979143,0.456818689726587,0.2092066371188085,2.3933636546129825e-15,17.618006918589536,19
0.85,6,144,1,1,1019,broad_xyz,22.35964451205876,False,0.5730254792190065,0.7407728716392314,0.8954054180096884,0.2648398999114456,-0.8490509699588915,-0.5580201339637698,0.4620850574028005,0.2072596517303839,2.3933636546129825e-15,17.618006918589536,19
0.875,6,144,1,1,1019,broad_xyz,22.35964451205876,False,0.5423848010190006,0.7284083693406005,0.8992363510722385,0.3606912614704621,-0.8281932337303465,-0.5557755745506682,0.4798413109830423,0.2052989284851207,2.3933636546129825e-15,17.618006918589536,19
0.9,6,144,1,1,1019,broad_xyz,22.35964451205876,False,0.4888506559005085,0.7179324564301525,0.8976347856386531,0.4427118404889563,-0.7905509995759356,-0.5563526663824665,0.4762852458013113,0.2030239804803019,2.3933636546129825e-15,17.618006918589536,19
0.95,6,144,1,1,1019,broad_xyz,22.35964451205876,False,0.4924394576897242,0.7027637696671528,0.8967270505525134,0.5709801845206854,-0.8015734508979947,-0.5555561322784356,0.461263564794625,0.1973229536738777,2.3933636546129825e-15,17.618006918589536,19
1.0,6,144,1,1,1019,broad_xyz,22.35964451205876,False,0.5395783338835103,0.6644510506185236,0.8872167017230905,0.5745566864943004,-0.8024664269768731,-0.5522671632033903,0.4726133940685172,0.1935972681808258,2.3933636546129825e-15,17.618006918589536,19
0.05,6,144,1,1,1020,broad_xyz,22.35964451205876,False,0.4798508762008573,0.4592539595878214,-0.0081914201253807,-0.1604586784760575,-0.0948210489579817,0.2622719972875477,0.0012579189568776,0.0001999177681323,2.3933636546129825e-15,17.618006918589536,20
0.075,6,144,1,1,1020,broad_xyz,22.35964451205876,False,0.1643475644868799,0.472628461900118,-0.0878564223860111,-0.2417059926218006,-0.1378246131189185,0.1331439776467913,0.0051705168314095,0.0006108640939138,2.3933636546129825e-15,17.618006918589536,20
0.1,6,144,1,1,1020,broad_xyz,22.35964451205876,False,-0.0217888576833993,0.4629522719814902,-0.2022455826890114,-0.3455907135683811,-0.2265722629096311,0.0444167865432007,0.0128270497343553,0.0015191230655265,2.3933636546129825e-15,17.618006918589536,20
0.125,6,144,1,1,1020,broad_xyz,22.35964451205876,False,-0.0382019318584024,0.4818406162937057,-0.3067518993023609,-0.4429354113256213,-0.3265714441297114,-0.0035276442401164,0.0230666031183022,0.0031843953371276,2.3933636546129825e-15,17.618006918589536,20
0.15,6,144,1,1,1020,broad_xyz,22.35964451205876,False,0.1250216615599438,0.5320813155103854,-0.3980937967162958,-0.5326246328673399,-0.399765101798858,-0.0413246954613317,0.035498385087187,0.0060613674372682,2.3933636546129825e-15,17.618006918589536,20
0.1625,6,144,1,1,1020,broad_xyz,22.35964451205876,False,0.2690642655967044,0.5611090717978294,-0.4291153834667242,-0.566262807845843,-0.3998862639878218,-0.0540787648456227,0.0422305997405652,0.0081141173260765,2.3933636546129825e-15,17.618006918589536,20
0.175,6,144,1,1,1020,broad_xyz,22.35964451205876,False,0.4175385625345325,0.5896634894683895,-0.4482539757223542,-0.5921214303116586,-0.3884575153183675,-0.0690680582593557,0.0492668903463289,0.0107837891921392,2.3933636546129825e-15,17.618006918589536,20
0.1875,6,144,1,1,1020,broad_xyz,22.35964451205876,False,0.5248703359427218,0.6150551877602322,-0.4384746395553979,-0.596693364928444,-0.3602867044066729,-0.0712813920119947,0.0565940332247692,0.0142046722369025,2.3933636546129825e-15,17.618006918589536,20
0.2,6,144,1,1,1020,broad_xyz,22.35964451205876,False,0.5661850756308338,0.633683735338581,-0.4018214014963702,-0.5822997966843038,-0.3156058062158342,-0.0604525679587869,0.064151688658181,0.0184632249302302,2.3933636546129825e-15,17.618006918589536,20
0.2125,6,144,1,1,1020,broad_xyz,22.35964451205876,False,0.5566521334409296,0.6443826506620559,-0.3487689712459397,-0.5576201285862283,-0.2603215622986597,-0.0419777774059358,0.07216719138934,0.0236787322354637,2.3933636546129825e-15,17.618006918589536,20
0.225,6,144,1,1,1020,broad_xyz,22.35964451205876,False,0.5138886599960863,0.6436159671881343,-0.2689093639313077,-0.5179557871576519,-0.2077700565617588,-0.0047779508478335,0.0816880419802239,0.0302381591347014,2.3933636546129825e-15,17.618006918589536,20
0.2375,6,144,1,1,1020,broad_xyz,22.35964451205876,False,0.4525508688010345,0.6261506248962646,-0.1599805605746907,-0.4610278042653047,-0.1867588842643632,0.049202396528265,0.1013257129803384,0.0382537224269119,2.3933636546129825e-15,17.618006918589536,20
0.25,6,144,1,1,1020,broad_xyz,22.35964451205876,False,0.398087528224898,0.6074198972636018,-0.033344143977297,-0.3925392084109308,-0.2280913750650036,0.122050478692102,0.1238457718193486,0.0474619104655293,2.3933636546129825e-15,17.618006918589536,20
0.27,6,144,1,1,1020,broad_xyz,22.35964451205876,False,0.3531347512628561,0.5760563895816557,0.159865599823496,-0.3021174513213888,-0.3571039085267479,0.2413583658421612,0.1719363894211918,0.0639647694398726,2.3933636546129825e-15,17.618006918589536,20
0.29,6,144,1,1,1020,broad_xyz,22.35964451205876,False,0.3664114694941946,0.5461768309999612,0.3040912294412035,-0.274767963240678,-0.4768536782575623,0.3330854807701365,0.2241178914883947,0.0811975291049826,2.3933636546129825e-15,17.618006918589536,20
0.31,6,144,1,1,1020,broad_xyz,22.35964451205876,False,0.425387574904109,0.5367691962112715,0.3972504763154377,-0.3076630996168702,-0.562395247247854,0.3954475703566267,0.2697031923111371,0.0969787918957737,2.3933636546129825e-15,17.618006918589536,20
0.33,6,144,1,1,1020,broad_xyz,22.35964451205876,False,0.4929059198689314,0.551874758518949,0.4579355731279929,-0.3680935577962203,-0.6029624626493029,0.4253349802717345,0.3124031384371754,0.1100444579106483,2.3933636546129825e-15,17.618006918589536,20
0.35,6,144,1,1,1020,broad_xyz,22.35964451205876,False,0.5375589144296297,0.5868779250902685,0.5022242861443534,-0.4326394328275589,-0.6166002515778558,0.4116408479762453,0.3391077163549303,0.1203506167595618,2.3933636546129825e-15,17.618006918589536,20
0.37,6,144,1,1,1020,broad_xyz,22.35964451205876,False,0.5442066453957176,0.6268324541054523,0.5502766470488084,-0.4848171032645375,-0.6240692240509175,0.3473201366528201,0.3504995630229208,0.1292727278765772,2.3933636546129825e-15,17.618006918589536,20
0.39,6,144,1,1,1020,broad_xyz,22.35964451205876,False,0.5262670937697369,0.6681967383394591,0.5998682579740358,-0.526662082970354,-0.6461398180795184,0.2370908753830735,0.3505078884930249,0.1379033449886052,2.3933636546129825e-15,17.618006918589536,20
0.41,6,144,1,1,1020,broad_xyz,22.35964451205876,False,0.4948501623758334,0.7069021352126507,0.6405992223276322,-0.5653492575530688,-0.6793836421588018,0.1100392005680881,0.3442931852221716,0.1471826109405007,2.3933636546129825e-15,17.618006918589536,20
0.43,6,144,1,1,1020,broad_xyz,22.35964451205876,False,0.4518998975150221,0.7356118890865937,0.6720890292273527,-0.5981075240444738,-0.7176931487315952,0.0014894717324114,0.3889356254683122,0.1577924240707965,2.3933636546129825e-15,17.618006918589536,20
0.45,6,144,1,1,1020,broad_xyz,22.35964451205876,False,0.4092116369869044,0.7569638615398161,0.690256193431024,-0.6239250888235625,-0.7382200174795206,-0.0736133254475657,0.4361921128991308,0.1691120587025903,2.3933636546129825e-15,17.618006918589536,20
0.5,6,144,1,1,1020,broad_xyz,22.35964451205876,False,0.3956020411028879,0.8042460423616332,0.692277309325997,-0.6610195868327937,-0.7131466854822731,-0.1601113900492467,0.4634935976997603,0.1971540053285766,2.3933636546129825e-15,17.618006918589536,20
0.55,6,144,1,1,1020,broad_xyz,22.35964451205876,False,0.5130965465874412,0.8455281248709813,0.6723826082656825,-0.6153305183019186,-0.6418734999013629,-0.188316880699924,0.4412941999817114,0.2228611996755104,2.3933636546129825e-15,17.618006918589536,20
0.6,6,144,1,1,1020,broad_xyz,22.35964451205876,False,0.6295491850338473,0.835368234952034,0.7191313589085021,-0.486830053985091,-0.6955147987629404,-0.2224356413115933,0.4339786001977433,0.2485702107547151,2.3933636546129825e-15,17.618006918589536,20
0.6499999999999999,6,144,1,1,1020,broad_xyz,22.35964451205876,False,0.7127330593011393,0.8290612737899011,0.784235853282543,-0.446237100970077,-0.8089872608022769,-0.2705304387618658,0.4688470736529965,0.2630353465475623,2.3933636546129825e-15,17.618006918589536,20
0.7,6,144,1,1,1020,broad_xyz,22.35964451205876,False,0.6723529583757598,0.8409996477604194,0.8314104575367284,-0.4183196364200904,-0.8540513327442681,-0.3301035846339167,0.5421538449545117,0.265384838615249,2.3933636546129825e-15,17.618006918589536,20
0.725,6,144,1,1,1020,broad_xyz,22.35964451205876,False,0.6575247980914124,0.8481390549386164,0.8534541754856334,-0.3591217470112252,-0.8574829917871377,-0.3487821750882142,0.5507147389265701,0.2646707704547476,2.3933636546129825e-15,17.618006918589536,20
0.75,6,144,1,1,1020,broad_xyz,22.35964451205876,False,0.6584980876750276,0.8546563467875157,0.8684332817782232,-0.2673287156419133,-0.864422929945669,-0.3644862574267571,0.5407769841845788,0.2630372706275434,2.3933636546129825e-15,17.618006918589536,20
0.775,6,144,1,1,1020,broad_xyz,22.35964451205876,False,0.6578443501778184,0.859927651947984,0.8748000165189336,-0.1511920692097581,-0.8779864415469184,-0.377856529917392,0.5409022777181611,0.2601955171611605,2.3933636546129825e-15,17.618006918589536,20
0.8,6,144,1,1,1020,broad_xyz,22.35964451205876,False,0.6276255660146248,0.8641911128954397,0.8759294516767315,-0.0225317307966745,-0.8904488326778021,-0.3869687278456041,0.5339522709850526,0.2557772321758524,2.3933636546129825e-15,17.618006918589536,20
0.825,6,144,1,1,1020,broad_xyz,22.35964451205876,False,0.573247725692387,0.867731319998766,0.8774727289486284,0.107968850498492,-0.8951256605071264,-0.3898432477357224,0.5002094335373408,0.2497214818463166,2.3933636546129825e-15,17.618006918589536,20
0.85,6,144,1,1,1020,broad_xyz,22.35964451205876,False,0.5291537596153661,0.8698868183755853,0.8837863968362439,0.2305510376629718,-0.8860820734010426,-0.3857812179667571,0.4827734825399446,0.2425981908473365,2.3933636546129825e-15,17.618006918589536,20
0.875,6,144,1,1,1020,broad_xyz,22.35964451205876,False,0.5143767785100732,0.8672603837152721,0.8926574756067881,0.3278851375946972,-0.8648159061146172,-0.3794229967518751,0.4797852586379728,0.2359768401784891,2.3933636546129825e-15,17.618006918589536,20
0.9,6,144,1,1,1020,broad_xyz,22.35964451205876,False,0.5170014849116853,0.8582745819863382,0.9008107031032982,0.3908717546314312,-0.8239269772896598,-0.37732511321043,0.4658771452608107,0.2313865806407161,2.3933636546129825e-15,17.618006918589536,20
0.95,6,144,1,1,1020,broad_xyz,22.35964451205876,False,0.5305822709827263,0.8298745667784934,0.9136994281459924,0.4436240628383984,-0.8789140297809352,-0.3874650897071443,0.4608839887626464,0.2290554654913778,2.3933636546129825e-15,17.618006918589536,20
1.0,6,144,1,1,1020,broad_xyz,22.35964451205876,False,0.5132723394450427,0.7992462277745283,0.925233131693738,0.4528106688070376,-0.8979257185244446,-0.3965358551425729,0.4897858473468094,0.2312414511282526,2.3933636546129825e-15,17.618006918589536,20
0.05,6,144,1,1,1021,broad_xyz,22.35964451205876,False,0.1013113205901615,0.3281982496944017,-0.5304388989474255,-0.5447185902669012,-0.6250834210093007,0.4247550600232682,0.0006730835082177,8.944597095511214e-05,2.3933636546129825e-15,17.618006918589536,21
0.075,6,144,1,1,1021,broad_xyz,22.35964451205876,False,0.1512104794862928,0.316887508644495,-0.5532671885058837,-0.5648880086750515,-0.6473302835425186,0.4645054605468546,0.001635070823562,0.0002356212097268,2.3933636546129825e-15,17.618006918589536,21
0.1,6,144,1,1,1021,broad_xyz,22.35964451205876,False,0.2133664359122221,0.3226960048934695,-0.5825376152591214,-0.5913794746102561,-0.6784126854924726,0.4884850333022614,0.0028399287061926,0.0004683890776457,2.3933636546129825e-15,17.618006918589536,21
0.125,6,144,1,1,1021,broad_xyz,22.35964451205876,False,0.2596401177321548,0.3400951560678043,-0.6154236855209186,-0.623274067196834,-0.7130742130928381,0.5077487526647989,0.0057876353658918,0.0008071361055117,2.3933636546129825e-15,17.618006918589536,21
0.15,6,144,1,1,1021,broad_xyz,22.35964451205876,False,0.2815691489081435,0.350278149849463,-0.6162403526265661,-0.6275601577583856,-0.6995544254484908,0.4987848487211364,0.0114595512554165,0.0013121140774312,2.3933636546129825e-15,17.618006918589536,21
0.1625,6,144,1,1,1021,broad_xyz,22.35964451205876,False,0.291710941584071,0.3456346701582968,-0.5984277249437793,-0.6133396210750058,-0.6646151577071235,0.4782213731776688,0.0153338703862395,0.0016546074448969,2.3933636546129825e-15,17.618006918589536,21
0.175,6,144,1,1,1021,broad_xyz,22.35964451205876,False,0.3092366788379035,0.3361826633101538,-0.5737491774330866,-0.5937083334659669,-0.6170560873629057,0.4475880240451184,0.0199657009714418,0.0020649153622471,2.3933636546129825e-15,17.618006918589536,21
0.1875,6,144,1,1,1021,broad_xyz,22.35964451205876,False,0.3365102530890869,0.3233276171263295,-0.5494329274460347,-0.5754325877337542,-0.5672869121607874,0.4147165390105286,0.025300599575674,0.0025264436149061,2.3933636546129825e-15,17.618006918589536,21
0.2,6,144,1,1,1021,broad_xyz,22.35964451205876,False,0.3646699307319728,0.3101145606916116,-0.5255630686360605,-0.5589190971580514,-0.515296861164256,0.3785905701456697,0.0308648508637474,0.0030241175478176,2.3933636546129825e-15,17.618006918589536,21
0.2125,6,144,1,1,1021,broad_xyz,22.35964451205876,False,0.3909928816077507,0.2961703294950595,-0.5030725421325695,-0.544515344561474,-0.460899268455188,0.3421991922560486,0.0362448412898246,0.0035217182432876,2.3933636546129825e-15,17.618006918589536,21
0.225,6,144,1,1,1021,broad_xyz,22.35964451205876,False,0.4133398673594233,0.2831981219097801,-0.4796447576433555,-0.5302917109618963,-0.4011216384032496,0.3048098984876483,0.0443627480016029,0.0040111107233843,2.3933636546129825e-15,17.618006918589536,21
0.2375,6,144,1,1,1021,broad_xyz,22.35964451205876,False,0.4190446722562235,0.2585575471712584,-0.4480239965592763,-0.5111730326019619,-0.3432163182222596,0.2646081298296847,0.0532686364501677,0.004564378790497,2.3933636546129825e-15,17.618006918589536,21
0.25,6,144,1,1,1021,broad_xyz,22.35964451205876,False,0.3872911876627858,0.2040264497828513,-0.3889041946735671,-0.473262298146304,-0.3072442925393839,0.2133926442812965,0.0618290616532713,0.0053925009624318,2.3933636546129825e-15,17.618006918589536,21
0.27,6,144,1,1,1021,broad_xyz,22.35964451205876,False,0.265690663046046,0.0891824759335357,-0.2144281538033797,-0.3517318452155284,-0.3389213646030942,0.1081158842404589,0.0742833660895301,0.0078512137581328,2.3933636546129825e-15,17.618006918589536,21
0.29,6,144,1,1,1021,broad_xyz,22.35964451205876,False,0.1508384632122553,0.0235664695719531,-0.0107893858970927,-0.2078658817078163,-0.4400818913922491,0.0103557770124849,0.0846217904534355,0.0122969341250072,2.3933636546129825e-15,17.618006918589536,21
0.31,6,144,1,1,1021,broad_xyz,22.35964451205876,False,0.1134954693881307,0.0211326736724227,0.1326612689011429,-0.1206353644908604,-0.5266009111376548,-0.0549408577365923,0.1327362078361647,0.0188909165383254,2.3933636546129825e-15,17.618006918589536,21
0.33,6,144,1,1,1021,broad_xyz,22.35964451205876,False,0.1703043070550621,0.0799810950820496,0.2003061014333415,-0.1051407171283454,-0.548122336893966,-0.0891182401015557,0.186603051828745,0.0267332687128012,2.3933636546129825e-15,17.618006918589536,21
0.35,6,144,1,1,1021,broad_xyz,22.35964451205876,False,0.2566073897899965,0.1626676360383969,0.2236019277367413,-0.130678482083817,-0.5387424959209091,-0.1003895858369342,0.2329350069577657,0.034638450362933,2.3933636546129825e-15,17.618006918589536,21
0.37,6,144,1,1,1021,broad_xyz,22.35964451205876,False,0.3353040764363992,0.2504784390343453,0.22309570866726,-0.174879611888061,-0.5141421271255122,-0.0959584756700339,0.2622770142640383,0.0419128417843196,2.3933636546129825e-15,17.618006918589536,21
0.39,6,144,1,1,1021,broad_xyz,22.35964451205876,False,0.3896317854508139,0.3250871349344153,0.2239795791926586,-0.2172704696280333,-0.5009371707506474,-0.0947520723168009,0.2709635754974314,0.0487345941634748,2.3933636546129825e-15,17.618006918589536,21
0.41,6,144,1,1,1021,broad_xyz,22.35964451205876,False,0.4084872749376127,0.3762857097329777,0.2368599324799263,-0.2460647403607537,-0.5057594276263176,-0.1037506170878646,0.267219229827114,0.0552417818782296,2.3933636546129825e-15,17.618006918589536,21
0.43,6,144,1,1,1021,broad_xyz,22.35964451205876,False,0.4130437947406433,0.4230461929454422,0.2452129649346335,-0.2740876531518756,-0.5034691674986514,-0.112167211655032,0.2938908003576229,0.0606310899607699,2.3933636546129825e-15,17.618006918589536,21
0.45,6,144,1,1,1021,broad_xyz,22.35964451205876,False,0.4161087586517122,0.4610503485689104,0.2461440011437833,-0.303827154742066,-0.4955502957713036,-0.1178790302553445,0.3254081097492735,0.0647779869584924,2.3933636546129825e-15,17.618006918589536,21
0.5,6,144,1,1,1021,broad_xyz,22.35964451205876,False,0.4485287115180759,0.4961437902111657,0.2507826500985032,-0.3619261233287624,-0.4305485082514491,-0.1433925692938328,0.3433744629418662,0.0727380888784222,2.3933636546129825e-15,17.618006918589536,21
0.55,6,144,1,1,1021,broad_xyz,22.35964451205876,False,0.450168130692703,0.4878681834484611,0.2631485513146217,-0.3676103390165749,-0.3576290631926804,-0.1996156567944614,0.3287672959921227,0.0798061411092819,2.3933636546129825e-15,17.618006918589536,21
0.6,6,144,1,1,1021,broad_xyz,22.35964451205876,False,0.4478120851088896,0.4542065800287131,0.294951557413555,-0.3202053048582458,-0.3598070212601902,-0.2732024956007595,0.3024315828281302,0.0888074882169691,2.3933636546129825e-15,17.618006918589536,21
0.6499999999999999,6,144,1,1,1021,broad_xyz,22.35964451205876,False,0.4764342045477632,0.4119551417877548,0.322321475989994,-0.2677488512599168,-0.480883101382379,-0.3351142262169746,0.3037596151805025,0.0985259639964032,2.3933636546129825e-15,17.618006918589536,21
0.7,6,144,1,1,1021,broad_xyz,22.35964451205876,False,0.5464141950959468,0.4211171114801157,0.3590647217773467,-0.249294945063013,-0.6471821642781311,-0.3696085584006026,0.3342143682520734,0.1067947749684377,2.3933636546129825e-15,17.618006918589536,21
0.725,6,144,1,1,1021,broad_xyz,22.35964451205876,False,0.596561491580355,0.4449196453465235,0.3851764629211207,-0.2564603411829056,-0.7012509580126794,-0.3635769959561611,0.3363693671889523,0.1094569761258285,2.3933636546129825e-15,17.618006918589536,21
0.75,6,144,1,1,1021,broad_xyz,22.35964451205876,False,0.6223367219075809,0.4578971811143368,0.429256868923369,-0.2491579579941846,-0.7327209198692385,-0.3600275938670659,0.3278662990418225,0.1118112726755102,2.3933636546129825e-15,17.618006918589536,21
0.775,6,144,1,1,1021,broad_xyz,22.35964451205876,False,0.6332804551660427,0.459446175579859,0.4780017812579485,-0.2268259887947842,-0.7418347572399778,-0.3551411778169523,0.3106168412256548,0.1130137693238286,2.3933636546129825e-15,17.618006918589536,21
0.8,6,144,1,1,1021,broad_xyz,22.35964451205876,False,0.6340349730001709,0.4555879851670766,0.5181301674171646,-0.1912994779480608,-0.7343123132759238,-0.3446665033957438,0.3167514316119074,0.112557749182125,2.3933636546129825e-15,17.618006918589536,21
0.825,6,144,1,1,1021,broad_xyz,22.35964451205876,False,0.625451475087734,0.453107487755428,0.549519758776239,-0.1361649930059944,-0.7111509511254652,-0.3355534676977323,0.3182844309444333,0.1112781821676748,2.3933636546129825e-15,17.618006918589536,21
0.85,6,144,1,1,1021,broad_xyz,22.35964451205876,False,0.6121665575260196,0.452758304666839,0.5712777060823457,-0.0621373151755744,-0.6825778708228518,-0.3318736945957642,0.3153031972609738,0.1097627625480908,2.3933636546129825e-15,17.618006918589536,21
0.875,6,144,1,1,1021,broad_xyz,22.35964451205876,False,0.6000729345326611,0.4505395799276661,0.5852826160919566,0.0245186814362837,-0.6462299209284255,-0.3311576451471826,0.3258768386509135,0.1082213405782276,2.3933636546129825e-15,17.618006918589536,21
0.9,6,144,1,1,1021,broad_xyz,22.35964451205876,False,0.5977851931927296,0.4442130949112779,0.5928347378515829,0.1072720827973968,-0.5951834420820302,-0.3331227333756698,0.3331523286632428,0.1064583666160954,2.3933636546129825e-15,17.618006918589536,21
0.95,6,144,1,1,1021,broad_xyz,22.35964451205876,False,0.6159165674112891,0.4157958514451154,0.5798802967416578,0.1751375967785294,-0.5390246107382541,-0.3485639479432239,0.3350118540242658,0.1031897949721386,2.3933636546129825e-15,17.618006918589536,21
1.0,6,144,1,1,1021,broad_xyz,22.35964451205876,False,0.6330423520894661,0.3982981829454676,0.5674990895467524,0.1364698215893255,-0.5527385494300066,-0.359697201369878,0.3265525631190107,0.1021867354056344,2.3933636546129825e-15,17.618006918589536,21
0.05,6,144,1,1,1022,broad_xyz,22.35964451205876,False,-0.0127709139240926,0.4341360562635564,-0.4021308609393225,-0.4762799652459698,-0.3912730852526654,0.2540936157815893,0.0044692338015321,0.0009027461934332,2.3933636546129825e-15,17.618006918589536,22
0.075,6,144,1,1,1022,broad_xyz,22.35964451205876,False,0.0025133244006736,0.4442917946568503,-0.4251708487865654,-0.5224909037057427,-0.4256429303631007,0.2412263224609142,0.0119772675485295,0.0028653303665412,2.3933636546129825e-15,17.618006918589536,22
0.1,6,144,1,1,1022,broad_xyz,22.35964451205876,False,0.0101128902417106,0.4578389457941195,-0.4416989308091019,-0.5694753050410896,-0.4764754576416491,0.2257868538052898,0.0248051794996107,0.0070731435872409,2.3933636546129825e-15,17.618006918589536,22
0.125,6,144,1,1,1022,broad_xyz,22.35964451205876,False,0.0458647695029002,0.4894931364000063,-0.4283235405816357,-0.6002601843320147,-0.5382189939323068,0.1944328569145512,0.04392012051634,0.0148261889724203,2.3933636546129825e-15,17.618006918589536,22
0.15,6,144,1,1,1022,broad_xyz,22.35964451205876,False,0.1243183411924123,0.5310787285823306,-0.3765792607661806,-0.6088939469989416,-0.6171364492275956,0.1325765374358717,0.0693147331645118,0.0277829737160906,2.3933636546129825e-15,17.618006918589536,22
0.1625,6,144,1,1,1022,broad_xyz,22.35964451205876,False,0.194395026181028,0.5687516679104319,-0.3234883518976287,-0.5934789505169202,-0.6584009745218029,0.0902472936267305,0.0840060624406623,0.0367422772489408,2.3933636546129825e-15,17.618006918589536,22
0.175,6,144,1,1,1022,broad_xyz,22.35964451205876,False,0.2871761440697373,0.619480321800348,-0.2482449201555907,-0.5604838053510759,-0.689803183267595,0.0412549734190103,0.099794121734022,0.0476808682380793,2.3933636546129825e-15,17.618006918589536,22
0.1875,6,144,1,1,1022,broad_xyz,22.35964451205876,False,0.3973530718696907,0.6793402923655351,-0.1513119499520915,-0.5092970477495726,-0.6997940329541611,-0.0157044513501575,0.1184143524325944,0.0608496884306037,2.3933636546129825e-15,17.618006918589536,22
0.2,6,144,1,1,1022,broad_xyz,22.35964451205876,False,0.5144331265555669,0.7388138110560438,-0.0380651096993221,-0.4444701115827043,-0.6594117723425589,-0.0836313143733272,0.1420850320986277,0.0766527037429051,2.3933636546129825e-15,17.618006918589536,22
0.2125,6,144,1,1,1022,broad_xyz,22.35964451205876,False,0.6273353061004425,0.7908825709330418,0.0864487919966352,-0.3697363586382582,-0.5523897512735525,-0.1545388769030908,0.1698148062480981,0.0948740294190607,2.3933636546129825e-15,17.618006918589536,22
0.225,6,144,1,1,1022,broad_xyz,22.35964451205876,False,0.7275020987862175,0.8316237469897221,0.2171916158797054,-0.2901278787385328,-0.4491449128227803,-0.2210229818712231,0.2033524237430633,0.114969687581447,2.3933636546129825e-15,17.618006918589536,22
0.2375,6,144,1,1,1022,broad_xyz,22.35964451205876,False,0.802981079614089,0.8559962423658477,0.3407873569021328,-0.2218629651357901,-0.4020823991925962,-0.2778851738004638,0.2387607560726027,0.1363211985740837,2.3933636546129825e-15,17.618006918589536,22
0.25,6,144,1,1,1022,broad_xyz,22.35964451205876,False,0.850678286526385,0.8656860945337441,0.4506856546501077,-0.1770329399363669,-0.4089746503007663,-0.3222738122175693,0.2750812390321115,0.1584077807118868,2.3933636546129825e-15,17.618006918589536,22
0.27,6,144,1,1,1022,broad_xyz,22.35964451205876,False,0.8769141639690455,0.8635956247934715,0.5844548059995098,-0.1870170919569285,-0.4668891623792725,-0.3624184377369729,0.3361065158691702,0.1936157625217535,2.3933636546129825e-15,17.618006918589536,22
0.29,6,144,1,1,1022,broad_xyz,22.35964451205876,False,0.8613979788210561,0.8573446957105242,0.6709909924068984,-0.3060073324688658,-0.5275618826181867,-0.3677896618926548,0.3949990380503047,0.2267428457786304,2.3933636546129825e-15,17.618006918589536,22
0.31,6,144,1,1,1022,broad_xyz,22.35964451205876,False,0.8211993216008213,0.8581805580961,0.7223261845611224,-0.489335148700145,-0.5447716924368435,-0.3457381587950422,0.4480684068717194,0.2558269223160787,2.3933636546129825e-15,17.618006918589536,22
0.33,6,144,1,1,1022,broad_xyz,22.35964451205876,False,0.7660439230050127,0.8677473950802793,0.75054626365432,-0.6547564328631215,-0.5188704317846907,-0.3050940749453925,0.4932358561021154,0.2793643568464779,2.3933636546129825e-15,17.618006918589536,22
0.35,6,144,1,1,1022,broad_xyz,22.35964451205876,False,0.7018852597286267,0.8806636686889092,0.7682784160544615,-0.7587369994557877,-0.4630315372292863,-0.2531715157034334,0.52893913049416,0.2968189294927152,2.3933636546129825e-15,17.618006918589536,22
0.37,6,144,1,1,1022,broad_xyz,22.35964451205876,False,0.6341931090563624,0.8902467293387016,0.7860920499985725,-0.8069302843275454,-0.3888628597696384,-0.1939405818743758,0.5538740290843518,0.3089865078048769,2.3933636546129825e-15,17.618006918589536,22
0.39,6,144,1,1,1022,broad_xyz,22.35964451205876,False,0.5672029348080849,0.8940062984820778,0.806082465082553,-0.820634883075568,-0.3311190390573437,-0.1335747689746602,0.5668528590298865,0.3171232403562745,2.3933636546129825e-15,17.618006918589536,22
0.41,6,144,1,1,1022,broad_xyz,22.35964451205876,False,0.5065435426238307,0.8899533698854167,0.8233392807285425,-0.8198715726638722,-0.3156583246804592,-0.0774756809259072,0.5749279670506102,0.3228183025004849,2.3933636546129825e-15,17.618006918589536,22
0.43,6,144,1,1,1022,broad_xyz,22.35964451205876,False,0.4611651492297282,0.8793041496737343,0.8350047653067936,-0.8163748285308497,-0.3299066932617955,-0.0317762339876028,0.5753322487999091,0.327459410920193,2.3933636546129825e-15,17.618006918589536,22
0.45,6,144,1,1,1022,broad_xyz,22.35964451205876,False,0.4360255875644178,0.8637758857370847,0.8378940250514283,-0.8176345713091544,-0.3437585589900211,0.0023891496918085,0.5688988272422347,0.3317642840109349,2.3933636546129825e-15,17.618006918589536,22
0.5,6,144,1,1,1022,broad_xyz,22.35964451205876,False,0.4928201103431046,0.835503744678345,0.8124861269315767,-0.8515588943061854,-0.2223580700819906,-0.0093097827119157,0.5790575319394187,0.3467394613803471,2.3933636546129825e-15,17.618006918589536,22
0.55,6,144,1,1,1022,broad_xyz,22.35964451205876,False,0.6260311298418951,0.846781660401809,0.8082850004014468,-0.8528994010771822,-0.388527807755565,-0.1964532328022342,0.6026052695277422,0.3731216183945087,2.3933636546129825e-15,17.618006918589536,22
0.6,6,144,1,1,1022,broad_xyz,22.35964451205876,False,0.6683864094843109,0.8200663680761248,0.8477435059709023,-0.808191824161,-0.7032248291454674,-0.3910127101416166,0.6217029543135995,0.3905024002347095,2.3933636546129825e-15,17.618006918589536,22
0.6499999999999999,6,144,1,1,1022,broad_xyz,22.35964451205876,False,0.6714503469021113,0.7956958407289955,0.8546151247001826,-0.7762428181164847,-0.819112194572885,-0.5153193004053449,0.6309013909457073,0.3850048702444871,2.3933636546129825e-15,17.618006918589536,22
0.7,6,144,1,1,1022,broad_xyz,22.35964451205876,False,0.6787931657839388,0.7830045300990193,0.858148157524642,-0.7239409651696078,-0.8627090881010484,-0.6076685977281485,0.6227451123158799,0.3624963709580809,2.3933636546129825e-15,17.618006918589536,22
0.725,6,144,1,1,1022,broad_xyz,22.35964451205876,False,0.6783326847979301,0.7756413190369953,0.8604742576762412,-0.6713121041521177,-0.8793709299885233,-0.6381119552539667,0.6120520464177275,0.3479362420245352,2.3933636546129825e-15,17.618006918589536,22
0.75,6,144,1,1,1022,broad_xyz,22.35964451205876,False,0.6800130663999981,0.7676738906210631,0.8598387799675117,-0.5871217000164,-0.8923432792714759,-0.6552345078410178,0.5961773783009494,0.3328311721964088,2.3933636546129825e-15,17.618006918589536,22
0.775,6,144,1,1,1022,broad_xyz,22.35964451205876,False,0.6879011368691044,0.7603414944177075,0.8544690987459957,-0.4634045869768632,-0.9012407840804086,-0.6583613690229074,0.5746753454427351,0.3179609138238101,2.3933636546129825e-15,17.618006918589536,22
0.8,6,144,1,1,1022,broad_xyz,22.35964451205876,False,0.7033615894998971,0.7561128185603783,0.8450254003831482,-0.31883536318798,-0.9075362975417772,-0.6478956729018015,0.5480025290729196,0.3035873541657747,2.3933636546129825e-15,17.618006918589536,22
0.825,6,144,1,1,1022,broad_xyz,22.35964451205876,False,0.7235839994023933,0.7563142057051611,0.8343894731922425,-0.1950170775498777,-0.9145628255011824,-0.6238314243499645,0.5230833299949559,0.289771354541063,2.3933636546129825e-15,17.618006918589536,22
0.85,6,144,1,1,1022,broad_xyz,22.35964451205876,False,0.7382352346307741,0.759688521521077,0.8263392992873327,-0.1113310375560344,-0.919014967830104,-0.5907384813465335,0.5067019188037734,0.2766355038181861,2.3933636546129825e-15,17.618006918589536,22
0.875,6,144,1,1,1022,broad_xyz,22.35964451205876,False,0.7365459721760774,0.7624972444412096,0.8237177863985008,-0.062671517625827,-0.909103765355324,-0.5589195423466069,0.4873467468747622,0.2651236656360671,2.3933636546129825e-15,17.618006918589536,22
0.9,6,144,1,1,1022,broad_xyz,22.35964451205876,False,0.7183437216671971,0.7587647088486427,0.8257635348048813,-0.0422212459480501,-0.8803647943030323,-0.5395887037130036,0.4785029762583595,0.257877809935654,2.3933636546129825e-15,17.618006918589536,22
0.95,6,144,1,1,1022,broad_xyz,22.35964451205876,False,0.6638870102115686,0.7279351542270585,0.8413979026772228,-0.0884608599368597,-0.9102120547288428,-0.5319358016526057,0.4797245838202711,0.2640503166225774,2.3933636546129825e-15,17.618006918589536,22
1.0,6,144,1,1,1022,broad_xyz,22.35964451205876,False,0.619947842092724,0.6916239117675215,0.8663120507087597,-0.2930832369239405,-0.9110444979286852,-0.5539300474868935,0.5130839304397342,0.2910678555814152,2.3933636546129825e-15,17.618006918589536,22
0.05,6,144,1,1,1023,broad_xyz,22.35964451205876,False,-0.0913365183517733,0.3807223989200898,-0.3354980090353912,-0.36934381047282,-0.1972632015628966,-0.3909666000281254,0.0017224933505852,0.0002244398774407,2.3933636546129825e-15,17.618006918589536,23
0.075,6,144,1,1,1023,broad_xyz,22.35964451205876,False,-0.1373087331248771,0.4112542903074515,-0.3641252487208759,-0.4085271315638115,-0.1847089706739574,-0.4369080663266053,0.0052235449468441,0.0007984416317598,2.3933636546129825e-15,17.618006918589536,23
0.1,6,144,1,1,1023,broad_xyz,22.35964451205876,False,-0.1026013232086635,0.4389302781952434,-0.3803948345609642,-0.4357994160330398,-0.177186645614117,-0.453046290856512,0.0120521852923107,0.0019008641817686,2.3933636546129825e-15,17.618006918589536,23
0.125,6,144,1,1,1023,broad_xyz,22.35964451205876,False,-0.0057502457909702,0.4701263013521575,-0.4023305153292228,-0.4655337040724914,-0.2006549830511397,-0.452873289975619,0.0208746594030504,0.0034202643743026,2.3933636546129825e-15,17.618006918589536,23
0.15,6,144,1,1,1023,broad_xyz,22.35964451205876,False,0.1265213700645007,0.5051575031673464,-0.4330717696336691,-0.497655606183787,-0.2368583285414089,-0.4381963463456644,0.0280306954107767,0.0050035990723851,2.3933636546129825e-15,17.618006918589536,23
0.1625,6,144,1,1,1023,broad_xyz,22.35964451205876,False,0.1939339649576982,0.5224393016503395,-0.4532340719501812,-0.5154917795932542,-0.2560830889696665,-0.4264091454234214,0.0302494792459375,0.0057304335255303,2.3933636546129825e-15,17.618006918589536,23
0.175,6,144,1,1,1023,broad_xyz,22.35964451205876,False,0.2614611289851242,0.5386312141305523,-0.4769288856595792,-0.5349560980583025,-0.2725626920802491,-0.4099548213319442,0.0314290978473766,0.0063996300476616,2.3933636546129825e-15,17.618006918589536,23
0.1875,6,144,1,1,1023,broad_xyz,22.35964451205876,False,0.3271865271877008,0.563141326497378,-0.5078120152119932,-0.5620334793961879,-0.2812309227777771,-0.3812674507004968,0.0316423824508514,0.0071574970486339,2.3933636546129825e-15,17.618006918589536,23
0.2,6,144,1,1,1023,broad_xyz,22.35964451205876,False,0.3764143297223295,0.599868059716487,-0.5420919203377457,-0.595685478033095,-0.2631476830117167,-0.3328318206703704,0.0334632219708456,0.0082243710684111,2.3933636546129825e-15,17.618006918589536,23
0.2125,6,144,1,1,1023,broad_xyz,22.35964451205876,False,0.3880999072800058,0.6294302092407341,-0.5598649110885029,-0.6210203250436547,-0.1984611379354622,-0.2555476589289271,0.0360059849912312,0.0098877182106162,2.3933636546129825e-15,17.618006918589536,23
0.225,6,144,1,1,1023,broad_xyz,22.35964451205876,False,0.3601048749168071,0.6377392516096896,-0.5221537160621128,-0.6053050786632798,-0.0765361344561087,-0.1345040310455324,0.0388995338013805,0.0123776553729068,2.3933636546129825e-15,17.618006918589536,23
0.2375,6,144,1,1,1023,broad_xyz,22.35964451205876,False,0.3164643993381461,0.6101780695377268,-0.4158727934762418,-0.5338796723543551,0.0532100417932203,0.0038686490056959,0.0548909277283665,0.0157771566804898,2.3933636546129825e-15,17.618006918589536,23
0.25,6,144,1,1,1023,broad_xyz,22.35964451205876,False,0.2919408396148426,0.5623009176014385,-0.290812028806405,-0.4491180617324481,0.128461150430251,0.1159140714363464,0.0752005302922907,0.0200477740311605,2.3933636546129825e-15,17.618006918589536,23
0.27,6,144,1,1,1023,broad_xyz,22.35964451205876,False,0.3000898885484371,0.4918499073608207,-0.0862217346468475,-0.3159398441560563,0.1368334664857909,0.2322737410353427,0.1109269795874415,0.0285627397629797,2.3933636546129825e-15,17.618006918589536,23
0.29,6,144,1,1,1023,broad_xyz,22.35964451205876,False,0.3360380170153205,0.4486780410704438,0.1012750494031695,-0.2030831101798274,0.0746009258358088,0.2930301488476741,0.1502943981020223,0.0386674757808302,2.3933636546129825e-15,17.618006918589536,23
0.31,6,144,1,1,1023,broad_xyz,22.35964451205876,False,0.3536908035349909,0.4331004337330543,0.2484932822848054,-0.1317311255126566,-0.0240258016839408,0.3338537062322926,0.1814921579323738,0.0495252362631654,2.3933636546129825e-15,17.618006918589536,23
0.33,6,144,1,1,1023,broad_xyz,22.35964451205876,False,0.3449198756304871,0.4479575614582007,0.3370696750954641,-0.121011814232271,-0.1192106437471676,0.3784318262265552,0.2062827704105822,0.0602689681999305,2.3933636546129825e-15,17.618006918589536,23
0.35,6,144,1,1,1023,broad_xyz,22.35964451205876,False,0.325417961487997,0.4803550178857098,0.3763177286696072,-0.168220371851156,-0.2241272292552327,0.4268284894628775,0.2378758688221298,0.0708893214793194,2.3933636546129825e-15,17.618006918589536,23
0.37,6,144,1,1,1023,broad_xyz,22.35964451205876,False,0.3150931243325838,0.5093062765512024,0.3923778318984411,-0.2455666318581369,-0.3443090707980163,0.4562648087799903,0.2615492696950275,0.0818611980278598,2.3933636546129825e-15,17.618006918589536,23
0.39,6,144,1,1,1023,broad_xyz,22.35964451205876,False,0.3458735217716094,0.5436022966346729,0.3897287223831923,-0.3343064402427357,-0.4563213089128332,0.444949451052323,0.3117257015355734,0.0925056286387691,2.3933636546129825e-15,17.618006918589536,23
0.41,6,144,1,1,1023,broad_xyz,22.35964451205876,False,0.4050480887045861,0.5755338605539879,0.3941771398346317,-0.401668837062361,-0.5511453175048006,0.4137068546918339,0.3540617954568879,0.1029021182275663,2.3933636546129825e-15,17.618006918589536,23
0.43,6,144,1,1,1023,broad_xyz,22.35964451205876,False,0.4729453856746398,0.6075718302099977,0.4093485741625249,-0.4432532241848689,-0.5967871160440067,0.3638225025016273,0.3808200222751962,0.1125441331754042,2.3933636546129825e-15,17.618006918589536,23
0.45,6,144,1,1,1023,broad_xyz,22.35964451205876,False,0.5332661281485768,0.6388274233629812,0.4306260500842891,-0.4660939447363124,-0.6062769258863985,0.3048114548372813,0.3896399574547536,0.1209439322658159,2.3933636546129825e-15,17.618006918589536,23
0.5,6,144,1,1,1023,broad_xyz,22.35964451205876,False,0.6084559221381897,0.7032562189158795,0.4928150326179896,-0.4707831424771783,-0.584571790838719,0.1830484807359811,0.4177510995548358,0.1385991465617571,2.3933636546129825e-15,17.618006918589536,23
0.55,6,144,1,1,1023,broad_xyz,22.35964451205876,False,0.6395355904722466,0.7469469199202897,0.5316419569984658,-0.4140399163478988,-0.5033869492484241,0.0975071379181294,0.4292368767412596,0.1546031252577518,2.3933636546129825e-15,17.618006918589536,23
0.6,6,144,1,1,1023,broad_xyz,22.35964451205876,False,0.6271844665139984,0.7251445334631047,0.5849854549183059,-0.311114877662728,-0.5435856680066871,-0.0066897563829964,0.4124169648134325,0.1682981348315873,2.3933636546129825e-15,17.618006918589536,23
0.6499999999999999,6,144,1,1,1023,broad_xyz,22.35964451205876,False,0.5547226470593614,0.6905945501343076,0.617700481150837,-0.2742720246689015,-0.6690027595143238,-0.1292097664860398,0.4267769088761015,0.1731780392673386,2.3933636546129825e-15,17.618006918589536,23
0.7,6,144,1,1,1023,broad_xyz,22.35964451205876,False,0.4841015996019831,0.7014105248269823,0.68676517391161,-0.1646020242641847,-0.7894695121804938,-0.2595246217155867,0.4376451683423612,0.174635584673871,2.3933636546129825e-15,17.618006918589536,23
0.725,6,144,1,1,1023,broad_xyz,22.35964451205876,False,0.4585713394987856,0.7180853453514008,0.7352926921029592,-0.0604835422700086,-0.8370593295236953,-0.2975336391078558,0.4370207096299215,0.1752039178170331,2.3933636546129825e-15,17.618006918589536,23
0.75,6,144,1,1,1023,broad_xyz,22.35964451205876,False,0.4427318371443525,0.7367446835877222,0.7746451582564999,0.0569834294665674,-0.8672717984621487,-0.3167482999155072,0.4380145379511789,0.1751566499175747,2.3933636546129825e-15,17.618006918589536,23
0.775,6,144,1,1,1023,broad_xyz,22.35964451205876,False,0.4422381706765156,0.7556140725447,0.8004910845635521,0.1769187609726834,-0.8761582720814297,-0.3280041810244606,0.4348913507752211,0.1743198186042585,2.3933636546129825e-15,17.618006918589536,23
0.8,6,144,1,1,1023,broad_xyz,22.35964451205876,False,0.4765342080084849,0.7727741372613104,0.8144601610583048,0.2893184328993363,-0.8747070368733468,-0.3384426106646274,0.4210163575262118,0.1724887657845538,2.3933636546129825e-15,17.618006918589536,23
0.825,6,144,1,1,1023,broad_xyz,22.35964451205876,False,0.5431826071073804,0.7865084417900208,0.817733963490338,0.3766046454075993,-0.8607186088670518,-0.3503705105964657,0.4020073939460727,0.1695559865951769,2.3933636546129825e-15,17.618006918589536,23
0.85,6,144,1,1,1023,broad_xyz,22.35964451205876,False,0.6224909481286582,0.7910732414488034,0.8123866799455184,0.42135311333391,-0.8320351904955323,-0.3606012102417992,0.4062784726607663,0.1660116066989322,2.3933636546129825e-15,17.618006918589536,23
0.875,6,144,1,1,1023,broad_xyz,22.35964451205876,False,0.6800384334194389,0.7822004751158611,0.7995091557302781,0.4188545733865947,-0.7840379672142419,-0.3639755942429262,0.3998781241158416,0.1621777432076515,2.3933636546129825e-15,17.618006918589536,23
0.9,6,144,1,1,1023,broad_xyz,22.35964451205876,False,0.6980735462374548,0.7604058987195632,0.7840776219272465,0.3876522868273701,-0.7065396994992159,-0.3622642561976262,0.3739324220676686,0.1585483973437579,2.3933636546129825e-15,17.618006918589536,23
0.95,6,144,1,1,1023,broad_xyz,22.35964451205876,False,0.6413348010462652,0.7096733327048246,0.7686593139282342,0.3366114168092726,-0.7299857838355615,-0.3721906838907262,0.3348648383033946,0.1550281022052549,2.3933636546129825e-15,17.618006918589536,23
1.0,6,144,1,1,1023,broad_xyz,22.35964451205876,False,0.6103875181020785,0.6986768459243768,0.7951576175983802,0.3707588233527059,-0.7434089430269436,-0.3932505177317369,0.3390185489949799,0.1574564445753967,2.3933636546129825e-15,17.618006918589536,23
0.05,6,144,1,1,1024,broad_xyz,22.35964451205876,False,0.2740006440003411,0.3024079572178434,-0.1277413843450877,-0.3032990199759193,-0.2716958647333787,-0.0508460337995091,0.0021790692506483,0.0003214460138534,2.3933636546129825e-15,17.618006918589536,24
0.075,6,144,1,1,1024,broad_xyz,22.35964451205876,False,0.2981096463301067,0.3394863970975621,-0.0983912721226161,-0.3120771486709216,-0.3221066921697374,-0.0510496191661366,0.0044713019179327,0.0007786823323737,2.3933636546129825e-15,17.618006918589536,24
0.1,6,144,1,1,1024,broad_xyz,22.35964451205876,False,0.3275110977419184,0.385028819530982,-0.0652015505053808,-0.3163619422286849,-0.4014727379933457,-0.0376982606772146,0.0073320246219455,0.0016392340689342,2.3933636546129825e-15,17.618006918589536,24
0.125,6,144,1,1,1024,broad_xyz,22.35964451205876,False,0.3693333934125364,0.440675255506326,-0.030302173749468,-0.3181294471392639,-0.4973418835885592,-0.0147277051502523,0.0131450148007649,0.0033131827949098,2.3933636546129825e-15,17.618006918589536,24
0.15,6,144,1,1,1024,broad_xyz,22.35964451205876,False,0.440803088258268,0.5246569880573468,0.0318300276849335,-0.2972663479477868,-0.5957809403449552,0.0209232360614846,0.0238236838037021,0.0066605892621742,2.3933636546129825e-15,17.618006918589536,24
0.1625,6,144,1,1,1024,broad_xyz,22.35964451205876,False,0.4922841711604185,0.5789913836548521,0.0821772104058772,-0.2683631157716817,-0.6505097378319437,0.044186758803342,0.0317308894407277,0.0095436271311721,2.3933636546129825e-15,17.618006918589536,24
0.175,6,144,1,1,1024,broad_xyz,22.35964451205876,False,0.5535591491403675,0.6357613877594473,0.1485888018285096,-0.2207759795860882,-0.7071108452274066,0.0780755892742942,0.0455478957462481,0.0138798746912327,2.3933636546129825e-15,17.618006918589536,24
0.1875,6,144,1,1,1024,broad_xyz,22.35964451205876,False,0.617589833532535,0.6945372990998838,0.2292487340791722,-0.1523272588512786,-0.7490862319952262,0.1203352134818468,0.0621594467122799,0.0204305374715443,2.3933636546129825e-15,17.618006918589536,24
0.2,6,144,1,1,1024,broad_xyz,22.35964451205876,False,0.6598757204908479,0.7433323029901091,0.279068998689935,-0.1070911398041651,-0.7683125405182122,0.1464895519082303,0.0810898708938668,0.0301193220449653,2.3933636546129825e-15,17.618006918589536,24
0.2125,6,144,1,1,1024,broad_xyz,22.35964451205876,False,0.7009868958572445,0.7975422033849279,0.3332973051078621,-0.053813427018708,-0.7655538997303951,0.1718975644112346,0.10553131836873,0.0435980201518476,2.3933636546129825e-15,17.618006918589536,24
0.225,6,144,1,1,1024,broad_xyz,22.35964451205876,False,0.7442548131742157,0.8481512979456806,0.4008253644862105,0.0131922082813229,-0.7676926606792852,0.2048181040821546,0.1316616696643714,0.0603712534806145,2.3933636546129825e-15,17.618006918589536,24
0.2375,6,144,1,1,1024,broad_xyz,22.35964451205876,False,0.7808569154674628,0.882636389533218,0.4741651256910715,0.0824201828505075,-0.7739539127321735,0.2470559245285509,0.157444130305221,0.0791909100205401,2.3933636546129825e-15,17.618006918589536,24
0.25,6,144,1,1,1024,broad_xyz,22.35964451205876,False,0.8056231210409711,0.9012446560910692,0.5445371043684923,0.1415423503503482,-0.7740917767664093,0.2901988747365719,0.1815720437473512,0.0990252052368668,2.3933636546129825e-15,17.618006918589536,24
0.27,6,144,1,1,1024,broad_xyz,22.35964451205876,False,0.8219060714229319,0.9060788770878352,0.6322960129828211,0.1855779772603088,-0.7545013443555438,0.3400995689329718,0.2164388589194638,0.1305636702563656,2.3933636546129825e-15,17.618006918589536,24
0.29,6,144,1,1,1024,broad_xyz,22.35964451205876,False,0.8215086307066988,0.8948316591460354,0.6870047000562627,0.1499814847916878,-0.726591741460577,0.3623220621881662,0.2463075179370371,0.1590457703689063,2.3933636546129825e-15,17.618006918589536,24
0.31,6,144,1,1,1024,broad_xyz,22.35964451205876,False,0.81389519697434,0.882309960328388,0.7151532824240228,0.0312713718098225,-0.7035222479108766,0.366007154377025,0.2898399554618374,0.1820076085307077,2.3933636546129825e-15,17.618006918589536,24
0.33,6,144,1,1,1024,broad_xyz,22.35964451205876,False,0.8032625447880162,0.8758819717867221,0.7265757074611132,-0.1506480678164812,-0.6809549504490997,0.3607643435328888,0.3314149448795195,0.1982227324468495,2.3933636546129825e-15,17.618006918589536,24
0.35,6,144,1,1,1024,broad_xyz,22.35964451205876,False,0.7907660708944197,0.8742586491155337,0.7302111400391808,-0.3489472967734889,-0.6607863309591836,0.3440424113941366,0.3658201845488017,0.2083716325507252,2.3933636546129825e-15,17.618006918589536,24
0.37,6,144,1,1,1024,broad_xyz,22.35964451205876,False,0.7747233424362612,0.8717135820411072,0.734624056176699,-0.5062946549647096,-0.6551730481047726,0.30635038140215,0.3913239998892936,0.2149609207818378,2.3933636546129825e-15,17.618006918589536,24
0.39,6,144,1,1,1024,broad_xyz,22.35964451205876,False,0.7633411568377625,0.8721698145517339,0.7345187883278348,-0.607001838565309,-0.6549405822601438,0.2565597646686851,0.4077675101889362,0.2189994015804633,2.3933636546129825e-15,17.618006918589536,24
0.41,6,144,1,1,1024,broad_xyz,22.35964451205876,False,0.7608592042295634,0.8763390952374844,0.7313818541905033,-0.6571093696778147,-0.659804014530946,0.2138955489891492,0.4168785213341776,0.2216379171819187,2.3933636546129825e-15,17.618006918589536,24
0.43,6,144,1,1,1024,broad_xyz,22.35964451205876,False,0.7664029477146794,0.8815425914841301,0.7190840689052916,-0.6788236707139494,-0.6608199211428576,0.1796638450102209,0.4275048153750892,0.223550109354337,2.3933636546129825e-15,17.618006918589536,24
0.45,6,144,1,1,1024,broad_xyz,22.35964451205876,False,0.7739894506548236,0.8854328045983678,0.6951546122302231,-0.6883824601736306,-0.6559335632723041,0.153649177182158,0.4360971763254249,0.2253104882843238,2.3933636546129825e-15,17.618006918589536,24
0.5,6,144,1,1,1024,broad_xyz,22.35964451205876,False,0.7940750155526556,0.8898612391109927,0.6143125363474387,-0.678038222848351,-0.612843338976462,0.1237513603604569,0.4305005819048244,0.2323654132981738,2.3933636546129825e-15,17.618006918589536,24
0.55,6,144,1,1,1024,broad_xyz,22.35964451205876,False,0.779029774505135,0.8556582142971226,0.6255858715602411,-0.5006603568561756,-0.6595791893684674,0.1086329333301765,0.4322043439358933,0.2516480120373034,2.3933636546129825e-15,17.618006918589536,24
0.6,6,144,1,1,1024,broad_xyz,22.35964451205876,False,0.6874663227095835,0.7510383920645386,0.7069564530980055,-0.344206151298604,-0.7775681372729705,0.0353527136569896,0.4604563533619474,0.2641580423365571,2.3933636546129825e-15,17.618006918589536,24
0.6499999999999999,6,144,1,1,1024,broad_xyz,22.35964451205876,False,0.7249512966684515,0.7456575845641489,0.7262519966947022,-0.3826954682232011,-0.8215417738069277,-0.1676508465201863,0.4855827466131354,0.2584927496338061,2.3933636546129825e-15,17.618006918589536,24
0.7,6,144,1,1,1024,broad_xyz,22.35964451205876,False,0.7818676039478792,0.798231394464777,0.7611537840203287,-0.3740300853822194,-0.8399175868009495,-0.3784897983064588,0.4692562903314637,0.2478523943160546,2.3933636546129825e-15,17.618006918589536,24
0.725,6,144,1,1,1024,broad_xyz,22.35964451205876,False,0.7841885358511035,0.8200554138886783,0.7836240346327321,-0.3348179250407996,-0.8482333811452615,-0.4395687250005941,0.4996683671958257,0.2443046469948563,2.3933636546129825e-15,17.618006918589536,24
0.75,6,144,1,1,1024,broad_xyz,22.35964451205876,False,0.776398474607002,0.8353639734363872,0.8008023574143761,-0.2738713848116856,-0.8558134168252621,-0.4795791577777877,0.5250498676769303,0.2412100886195528,2.3933636546129825e-15,17.618006918589536,24
0.775,6,144,1,1,1024,broad_xyz,22.35964451205876,False,0.7712423027337187,0.8433949563030819,0.8105735913382084,-0.1949356926118171,-0.8605707352402788,-0.5046272651322812,0.5299629205755803,0.2373322968541316,2.3933636546129825e-15,17.618006918589536,24
0.8,6,144,1,1,1024,broad_xyz,22.35964451205876,False,0.7779511170548917,0.8459081018436496,0.8163814666613345,-0.104127705119957,-0.8610326506330808,-0.5137628370410341,0.5158310601149674,0.2319356755796034,2.3933636546129825e-15,17.618006918589536,24
0.825,6,144,1,1,1024,broad_xyz,22.35964451205876,False,0.7973904710735753,0.8469975615601691,0.8239475696738559,-0.0103005956905399,-0.8598406000069484,-0.504957800067637,0.4890143219983938,0.2252608317862471,2.3933636546129825e-15,17.618006918589536,24
0.85,6,144,1,1,1024,broad_xyz,22.35964451205876,False,0.8258824393937773,0.851293167611542,0.8360945987351464,0.0770231618276995,-0.857251847256196,-0.4850966624588195,0.4625588862749802,0.2180786958940826,2.3933636546129825e-15,17.618006918589536,24
0.875,6,144,1,1,1024,broad_xyz,22.35964451205876,False,0.8553975042083912,0.8592193124741289,0.8505595229870604,0.1467858749870154,-0.8477972737612764,-0.4638465578575828,0.4349618991619861,0.2116986670959237,2.3933636546129825e-15,17.618006918589536,24
0.9,6,144,1,1,1024,broad_xyz,22.35964451205876,False,0.8749653444803629,0.8667288636056266,0.8633904922255591,0.1914687392092957,-0.8283370948520941,-0.446205751283537,0.4206600764160438,0.2073402870009257,2.3933636546129825e-15,17.618006918589536,24
0.95,6,144,1,1,1024,broad_xyz,22.35964451205876,False,0.8471571103416594,0.8618276844045497,0.8784566455925383,0.1940018887155886,-0.8983819374657043,-0.4054086331534509,0.4114950482806199,0.2038868701447297,2.3933636546129825e-15,17.618006918589536,24
1.0,6,144,1,1,1024,broad_xyz,22.35964451205876,False,0.7414106485258511,0.7917747807525426,0.8471406226163841,-0.0253472873761092,-0.9053102394659992,-0.3459479161036694,0.4224078606858145,0.2044391983178763,2.3933636546129825e-15,17.618006918589536,24
0.05,6,144,1,1,1025,broad_xyz,22.35964451205876,False,0.2443355963871158,0.6216154040048821,-0.0610192529458389,-0.2024591611519473,0.2197387120654939,-0.3586748643553883,0.0034751989769942,0.001003490815424,2.3933636546129825e-15,17.618006918589536,25
0.075,6,144,1,1,1025,broad_xyz,22.35964451205876,False,0.2537621860909516,0.620238746669216,-0.0942395046602903,-0.2596531285943045,0.2186585982419039,-0.3876653090810349,0.0090379123191618,0.0029236836938413,2.3933636546129825e-15,17.618006918589536,25
0.1,6,144,1,1,1025,broad_xyz,22.35964451205876,False,0.2688606150744149,0.6313622722505061,-0.149784426773497,-0.3269267742351872,0.1756947333916258,-0.3884325376712472,0.0182891532956121,0.0064178366631967,2.3933636546129825e-15,17.618006918589536,25
0.125,6,144,1,1,1025,broad_xyz,22.35964451205876,False,0.3015409485587431,0.6552015152752425,-0.2239265886537605,-0.3994200825151641,0.0675780311353855,-0.3593430816187825,0.0315425279739765,0.0120538308200653,2.3933636546129825e-15,17.618006918589536,25
0.15,6,144,1,1,1025,broad_xyz,22.35964451205876,False,0.3560685725749401,0.6818113065898445,-0.3092440302383628,-0.4746581952221145,-0.0245802723951505,-0.2980643599489929,0.0507545008663244,0.0206843366245909,2.3933636546129825e-15,17.618006918589536,25
0.1625,6,144,1,1,1025,broad_xyz,22.35964451205876,False,0.3928630507796591,0.6950835473013959,-0.3472519394117643,-0.5091561613964701,-0.030729064953738,-0.2543214600564601,0.0622760983273564,0.0263776812756441,2.3933636546129825e-15,17.618006918589536,25
0.175,6,144,1,1,1025,broad_xyz,22.35964451205876,False,0.4334922668530244,0.7081185822927532,-0.3764457526371019,-0.5403672734923815,-0.0190779267453041,-0.2070601521670591,0.0759035283111198,0.0331409579087271,2.3933636546129825e-15,17.618006918589536,25
0.1875,6,144,1,1,1025,broad_xyz,22.35964451205876,False,0.4767824758101157,0.7212798043883756,-0.3917898110905259,-0.5652131575331266,-0.0014466560864419,-0.1568091617495361,0.0913784658217477,0.0409598746260679,2.3933636546129825e-15,17.618006918589536,25
0.2,6,144,1,1,1025,broad_xyz,22.35964451205876,False,0.5216426791876437,0.7365930445246335,-0.3881860822217238,-0.5813354658542556,0.0118635382787914,-0.1065632289896578,0.1081273445914913,0.0499323677782162,2.3933636546129825e-15,17.618006918589536,25
0.2125,6,144,1,1,1025,broad_xyz,22.35964451205876,False,0.5713265524000415,0.7593819249937904,-0.3611264406059253,-0.5857249570070638,0.028144984938218,-0.0479637496698305,0.1259556602664365,0.0602008062729868,2.3933636546129825e-15,17.618006918589536,25
0.225,6,144,1,1,1025,broad_xyz,22.35964451205876,False,0.6195982801322044,0.7850980522048753,-0.2991511317945999,-0.5713248530157652,0.0448075005050144,0.0287961419471152,0.1446267281351802,0.0720076542278085,2.3933636546129825e-15,17.618006918589536,25
0.2375,6,144,1,1,1025,broad_xyz,22.35964451205876,False,0.6671793309681731,0.8116833756068416,-0.1881882372333938,-0.5293638574599131,0.0654923511864694,0.121737647109979,0.1638634507565088,0.0856664620500392,2.3933636546129825e-15,17.618006918589536,25
0.25,6,144,1,1,1025,broad_xyz,22.35964451205876,False,0.7047289808041202,0.8324027620006575,-0.0474550626762784,-0.4804144184484367,0.0648259849390656,0.2047847929780446,0.183351949985825,0.1005529299663281,2.3933636546129825e-15,17.618006918589536,25
0.27,6,144,1,1,1025,broad_xyz,22.35964451205876,False,0.7309579788434578,0.8463893352497608,0.178884677298681,-0.4431626901633944,0.0047122513280152,0.2780926824257633,0.2141922726366481,0.125164228727946,2.3933636546129825e-15,17.618006918589536,25
0.29,6,144,1,1,1025,broad_xyz,22.35964451205876,False,0.724150089416411,0.8451977355211266,0.361365600273236,-0.4861093067659931,-0.1102846865481132,0.2858602887683858,0.2655684535488559,0.1491141985833011,2.3933636546129825e-15,17.618006918589536,25
0.31,6,144,1,1,1025,broad_xyz,22.35964451205876,False,0.7053083110455498,0.8449197338664997,0.4896462868023491,-0.583945897138122,-0.2141692966672197,0.2643520941365528,0.3241985745722976,0.170880492928342,2.3933636546129825e-15,17.618006918589536,25
0.33,6,144,1,1,1025,broad_xyz,22.35964451205876,False,0.6926821547489838,0.8530538466650598,0.5736700348227943,-0.6856783173182794,-0.2647640180764086,0.2385081164278615,0.3761973546210935,0.1894124099968606,2.3933636546129825e-15,17.618006918589536,25
0.35,6,144,1,1,1025,broad_xyz,22.35964451205876,False,0.6985713593287796,0.8679669827988069,0.6272058617387023,-0.7625997348439834,-0.2581134635635755,0.2139360670464693,0.4172979515495526,0.2041720079184539,2.3933636546129825e-15,17.618006918589536,25
0.37,6,144,1,1,1025,broad_xyz,22.35964451205876,False,0.7210853677679006,0.8810318195986555,0.6641008001054419,-0.8098008132684984,-0.2270896855696862,0.1853788627585053,0.4454342562105259,0.2156487163260151,2.3933636546129825e-15,17.618006918589536,25
0.39,6,144,1,1,1025,broad_xyz,22.35964451205876,False,0.7505616697506348,0.8864042468880191,0.6966832013485844,-0.8289202880639173,-0.2064561346494368,0.1529060433425821,0.4609726549988767,0.2252475201042715,2.3933636546129825e-15,17.618006918589536,25
0.41,6,144,1,1,1025,broad_xyz,22.35964451205876,False,0.7800406958595809,0.8848000559724134,0.7253149293687291,-0.828612542104653,-0.2267713390449737,0.1138819868334226,0.4662982508773098,0.2338264405525507,2.3933636546129825e-15,17.618006918589536,25
0.43,6,144,1,1,1025,broad_xyz,22.35964451205876,False,0.79722728305448,0.8756877234134935,0.7511177068005778,-0.8200606401093848,-0.2786425672370934,0.075253976182951,0.4649266036845031,0.2420675180071992,2.3933636546129825e-15,17.618006918589536,25
0.45,6,144,1,1,1025,broad_xyz,22.35964451205876,False,0.7906542220903604,0.8593529862116409,0.7727506789389872,-0.8170494724386405,-0.3375752327500704,0.0438031024489071,0.4697919533060612,0.2505453674898562,2.3933636546129825e-15,17.618006918589536,25
0.5,6,144,1,1,1025,broad_xyz,22.35964451205876,False,0.7037502099404067,0.8093153591099456,0.8110398523592344,-0.8604629837741103,-0.4249146178929496,-0.0031037979058416,0.541001315022949,0.2726152724602493,2.3933636546129825e-15,17.618006918589536,25
0.55,6,144,1,1,1025,broad_xyz,22.35964451205876,False,0.6662027101741546,0.7864608062704795,0.8348139754656924,-0.9011951350283506,-0.5530566891389672,-0.0663364978060792,0.5847426017116893,0.2937353414433833,2.3933636546129825e-15,17.618006918589536,25
0.6,6,144,1,1,1025,broad_xyz,22.35964451205876,False,0.6821490896380277,0.786789279595997,0.8833372711210951,-0.8878709076904897,-0.7629657341102206,-0.1692937451159805,0.582254119931634,0.3159105840189167,2.3933636546129825e-15,17.618006918589536,25
0.6499999999999999,6,144,1,1,1025,broad_xyz,22.35964451205876,False,0.7232545618520858,0.8277105153982831,0.9126963171537588,-0.8692224473659355,-0.8742830223755379,-0.2846012651911003,0.5606076006684841,0.3297950155564085,2.3933636546129825e-15,17.618006918589536,25
0.7,6,144,1,1,1025,broad_xyz,22.35964451205876,False,0.7173899835196487,0.8653913184650625,0.9273696586511708,-0.8250880769692581,-0.903830902486003,-0.3793288528146444,0.6180642664225152,0.3301293872304857,2.3933636546129825e-15,17.618006918589536,25
0.725,6,144,1,1,1025,broad_xyz,22.35964451205876,False,0.7020468892375383,0.873598032418675,0.9306455293202918,-0.7638742426674959,-0.9132718643206352,-0.4029177814866785,0.6401501856302734,0.3257826662504192,2.3933636546129825e-15,17.618006918589536,25
0.75,6,144,1,1,1025,broad_xyz,22.35964451205876,False,0.6953000901091512,0.8769790720302781,0.9315046519524808,-0.644144760504016,-0.92042266191165,-0.410274566227205,0.6466704137566451,0.3192221975065551,2.3933636546129825e-15,17.618006918589536,25
0.775,6,144,1,1,1025,broad_xyz,22.35964451205876,False,0.6941883510118251,0.8782672370526378,0.9293094419795508,-0.4466181244210856,-0.927443487795004,-0.4089794489256558,0.636189799537008,0.310877330722508,2.3933636546129825e-15,17.618006918589536,25
0.8,6,144,1,1,1025,broad_xyz,22.35964451205876,False,0.6949386318502273,0.8788707536976982,0.924464324011244,-0.207248709466031,-0.9323127866876054,-0.4026156773897618,0.6326702043931849,0.3013552851855838,2.3933636546129825e-15,17.618006918589536,25
0.825,6,144,1,1,1025,broad_xyz,22.35964451205876,False,0.697672233730302,0.8796058782650784,0.9181685845861648,-0.0027954523639318,-0.9274618216214946,-0.3958773208967731,0.6126032670375382,0.2914697063507157,2.3933636546129825e-15,17.618006918589536,25
0.85,6,144,1,1,1025,broad_xyz,22.35964451205876,False,0.7000859671709729,0.8806732528123644,0.9128290072001044,0.1390139728901143,-0.9129592725943416,-0.392625427165023,0.5779682542173594,0.2824260600454329,2.3933636546129825e-15,17.618006918589536,25
0.875,6,144,1,1,1025,broad_xyz,22.35964451205876,False,0.698093667788839,0.8812044414878355,0.9112768137275116,0.2329317836079857,-0.8925221207461183,-0.3932388058763585,0.5330516911502647,0.2754717924412279,2.3933636546129825e-15,17.618006918589536,25
0.9,6,144,1,1,1025,broad_xyz,22.35964451205876,False,0.6874760727348409,0.8794267363826748,0.9155440028160068,0.2935375477833397,-0.8621623764857538,-0.3968218878335662,0.505778268732395,0.2710819987524313,2.3933636546129825e-15,17.618006918589536,25
0.95,6,144,1,1,1025,broad_xyz,22.35964451205876,False,0.6297252319568065,0.8602319197857277,0.9368157797679024,0.3197804087387643,-0.9083747097411434,-0.4008933247030594,0.4607648846329161,0.2685135594596964,2.3933636546129825e-15,17.618006918589536,25
1.0,6,144,1,1,1025,broad_xyz,22.35964451205876,False,0.5774051170596761,0.8152216924806578,0.9531995319882124,0.1649146926148432,-0.9329511925050966,-0.4033969656961483,0.4559400531856624,0.2690684696205952,2.3933636546129825e-15,17.618006918589536,25
0.05,6,144,1,1,1026,broad_xyz,22.35964451205876,False,-0.3125012857799287,0.0689635819298375,-0.5062669177903412,-0.4884189714442423,-0.3809494263083234,-0.0952360074127617,0.0017338337185599,0.0001068146826636,2.3933636546129825e-15,17.618006918589536,26
0.075,6,144,1,1,1026,broad_xyz,22.35964451205876,False,-0.3322934684043085,0.085135107978406,-0.5293569329543517,-0.5037320124981083,-0.3744266475559608,-0.0853331933161909,0.0042483640391934,0.000266353092129,2.3933636546129825e-15,17.618006918589536,26
0.1,6,144,1,1,1026,broad_xyz,22.35964451205876,False,-0.3470227752504725,0.1149469755393478,-0.5482753401265583,-0.5198832266775071,-0.3598982516063602,-0.0858440243136376,0.0079825491051582,0.0005464029767694,2.3933636546129825e-15,17.618006918589536,26
0.125,6,144,1,1,1026,broad_xyz,22.35964451205876,False,-0.3228798904279422,0.1618170941961779,-0.5678135254175555,-0.5463359897590905,-0.3448738584227954,-0.0866416274639941,0.0128601715330252,0.0010616117803331,2.3933636546129825e-15,17.618006918589536,26
0.15,6,144,1,1,1026,broad_xyz,22.35964451205876,False,-0.2532715374044687,0.2365892778813981,-0.5651944447091936,-0.5702373771600359,-0.3176383149345355,-0.0938985986755785,0.0198631333386324,0.0021662142066693,2.3933636546129825e-15,17.618006918589536,26
0.1625,6,144,1,1,1026,broad_xyz,22.35964451205876,False,-0.1900171855905069,0.2809864122705255,-0.5360252807057908,-0.5650053656257973,-0.2911051864018426,-0.1120363277845062,0.0242844179864581,0.0032369285803203,2.3933636546129825e-15,17.618006918589536,26
0.175,6,144,1,1,1026,broad_xyz,22.35964451205876,False,-0.0810073135358486,0.3352110339240476,-0.4721750846566958,-0.5384415082277902,-0.2653407907957203,-0.1333605785503797,0.0311609888456679,0.0051249941486194,2.3933636546129825e-15,17.618006918589536,26
0.1875,6,144,1,1,1026,broad_xyz,22.35964451205876,False,0.062302173325638,0.3895562751064796,-0.3799070862266483,-0.4904827514469913,-0.2535464338140872,-0.1396369727052412,0.0440537573477816,0.0082866608412635,2.3933636546129825e-15,17.618006918589536,26
0.2,6,144,1,1,1026,broad_xyz,22.35964451205876,False,0.1999890884127945,0.4273402302239587,-0.2602734911587587,-0.415587686628518,-0.2411681634097593,-0.1554785208809509,0.0582400387545036,0.0136757053267139,2.3933636546129825e-15,17.618006918589536,26
0.2125,6,144,1,1,1026,broad_xyz,22.35964451205876,False,0.3212414240753393,0.4640586809913645,-0.1362466538075295,-0.3292934543460893,-0.2516076740800323,-0.1373758403150979,0.0727004087101727,0.0215586234707013,2.3933636546129825e-15,17.618006918589536,26
0.225,6,144,1,1,1026,broad_xyz,22.35964451205876,False,0.4211625849601236,0.5045332553126061,-0.0019478912495019,-0.2187199171024137,-0.262538592224505,-0.1064868581248418,0.086877574534331,0.0321854183128337,2.3933636546129825e-15,17.618006918589536,26
0.2375,6,144,1,1,1026,broad_xyz,22.35964451205876,False,0.511570204172434,0.5554998347908109,0.166353734343283,-0.0627643934765708,-0.2995003154883699,-0.08106320647402,0.1004695784560032,0.0458257923192644,2.3933636546129825e-15,17.618006918589536,26
0.25,6,144,1,1,1026,broad_xyz,22.35964451205876,False,0.5688624073798901,0.5734001524363879,0.3425187922872895,0.1030106500749358,-0.403716223648993,-0.0692362553563149,0.1136205179177029,0.0616575239193722,2.3933636546129825e-15,17.618006918589536,26
0.27,6,144,1,1,1026,broad_xyz,22.35964451205876,False,0.587409703665045,0.5451956971949792,0.5445589082364374,0.2618965372210081,-0.583678931421291,-0.0492795819780947,0.1605002296170194,0.0892747596308688,2.3933636546129825e-15,17.618006918589536,26
0.29,6,144,1,1,1026,broad_xyz,22.35964451205876,False,0.5518219162451251,0.4942528873395862,0.6331848222611419,0.2522086244019716,-0.6716754169558999,-0.0423125134125459,0.2395332581566735,0.1174691484392194,2.3933636546129825e-15,17.618006918589536,26
0.31,6,144,1,1,1026,broad_xyz,22.35964451205876,False,0.5231121052597922,0.4799231262956887,0.6512403609768235,0.1286943407655413,-0.6792323979299861,-0.0334198697857987,0.3163284890483125,0.1430332072357639,2.3933636546129825e-15,17.618006918589536,26
0.33,6,144,1,1,1026,broad_xyz,22.35964451205876,False,0.5207866439387986,0.5156815638109524,0.6405077765476013,-0.0305626613753963,-0.6286073210130034,-0.0159734543538356,0.3737945209823823,0.1636281559798723,2.3933636546129825e-15,17.618006918589536,26
0.35,6,144,1,1,1026,broad_xyz,22.35964451205876,False,0.5394406128504052,0.5908022939969322,0.6157438571842044,-0.1930060151166618,-0.5371257938603067,0.007426436547199,0.4058119976939559,0.1779908786076537,2.3933636546129825e-15,17.618006918589536,26
0.37,6,144,1,1,1026,broad_xyz,22.35964451205876,False,0.5627630785988714,0.6781874227459639,0.586794718565629,-0.3450416513614515,-0.4333231791771404,0.0239531019369544,0.4105655801489116,0.1865053258254532,2.3933636546129825e-15,17.618006918589536,26
0.39,6,144,1,1,1026,broad_xyz,22.35964451205876,False,0.5777204979294439,0.7489851743520056,0.5650685178482167,-0.4698933263811538,-0.3509754234122814,0.0162470258752981,0.3909799072123902,0.1912521568699876,2.3933636546129825e-15,17.618006918589536,26
0.41,6,144,1,1,1026,broad_xyz,22.35964451205876,False,0.5855445562343295,0.7946848185255152,0.5515698482605105,-0.5545626720346315,-0.3159956123835261,-0.0132509463339999,0.3854111608355027,0.1942962398873049,2.3933636546129825e-15,17.618006918589536,26
0.43,6,144,1,1,1026,broad_xyz,22.35964451205876,False,0.5960092319972827,0.8191084382811522,0.5179414687881225,-0.6159274312630513,-0.3082431845083261,-0.0413221591432368,0.3958813656696591,0.1949999646794253,2.3933636546129825e-15,17.618006918589536,26
0.45,6,144,1,1,1026,broad_xyz,22.35964451205876,False,0.6050650581627582,0.8272591955783117,0.4707904463253722,-0.6556103182960366,-0.3048299076053058,-0.0650771936644538,0.4029486673742103,0.1948760709792253,2.3933636546129825e-15,17.618006918589536,26
0.5,6,144,1,1,1026,broad_xyz,22.35964451205876,False,0.5900978373130762,0.8298063272991504,0.3748297530275617,-0.6622985311899251,-0.2281353585437287,-0.136940960650014,0.4117779855587996,0.2000422413774426,2.3933636546129825e-15,17.618006918589536,26
0.55,6,144,1,1,1026,broad_xyz,22.35964451205876,False,0.4187039504384419,0.7291377814377934,0.4956577042942724,-0.3291485672639003,-0.3424766204039423,-0.3439482191366485,0.4120245417622419,0.2275007051464941,2.3933636546129825e-15,17.618006918589536,26
0.6,6,144,1,1,1026,broad_xyz,22.35964451205876,False,0.2394066296212729,0.5303322343051018,0.6783936017437466,0.0220314092220573,-0.6403685354589868,-0.4651564483836662,0.4033511023375759,0.2500842843304582,2.3933636546129825e-15,17.618006918589536,26
0.6499999999999999,6,144,1,1,1026,broad_xyz,22.35964451205876,False,0.2474046796016764,0.5199350295244737,0.7236314075708278,-0.0187756423070526,-0.7968338591018468,-0.4934088144084547,0.4517747179396929,0.2524082386048152,2.3933636546129825e-15,17.618006918589536,26
0.7,6,144,1,1,1026,broad_xyz,22.35964451205876,False,0.3762517471964627,0.6139682011779649,0.7386001047410985,-0.1846631385331135,-0.8441312007653459,-0.4891363338071091,0.4963148700371816,0.2428739952391464,2.3933636546129825e-15,17.618006918589536,26
0.725,6,144,1,1,1026,broad_xyz,22.35964451205876,False,0.4738783775605364,0.6593574177264842,0.7535617471815615,-0.2550472846240083,-0.8574798101276033,-0.4704411001318827,0.5075839056747828,0.2363802502734687,2.3933636546129825e-15,17.618006918589536,26
0.75,6,144,1,1,1026,broad_xyz,22.35964451205876,False,0.5837039471197814,0.7018525279740994,0.775032568396209,-0.2857175915158254,-0.8701488844041075,-0.4518244001027925,0.5031852833310345,0.2291376522884249,2.3933636546129825e-15,17.618006918589536,26
0.775,6,144,1,1,1026,broad_xyz,22.35964451205876,False,0.6823577103674158,0.7400957186199913,0.8010793647064993,-0.2597991504126831,-0.8759371656654789,-0.4442983814255877,0.4953338224592364,0.221735054744319,2.3933636546129825e-15,17.618006918589536,26
0.8,6,144,1,1,1026,broad_xyz,22.35964451205876,False,0.7538181371639896,0.7734087535646256,0.8264676707600955,-0.1681628731709203,-0.8785444953146012,-0.4477560144535288,0.4717703161838038,0.2148386307355773,2.3933636546129825e-15,17.618006918589536,26
0.825,6,144,1,1,1026,broad_xyz,22.35964451205876,False,0.7968684527294037,0.8020567291773745,0.8467335880045138,-0.0190888845523966,-0.8829635546946956,-0.4563633245028246,0.4415240295126336,0.2087832720798386,2.3933636546129825e-15,17.618006918589536,26
0.85,6,144,1,1,1026,broad_xyz,22.35964451205876,False,0.8181121017074959,0.8228271023185865,0.8604229830170149,0.1437920970264737,-0.8823948541414279,-0.4666414851137544,0.4197908390066061,0.2045844247305704,2.3933636546129825e-15,17.618006918589536,26
0.875,6,144,1,1,1026,broad_xyz,22.35964451205876,False,0.8217409994659005,0.8322500141279592,0.8666827102353873,0.2655374661214214,-0.8650479021427486,-0.4769644786789561,0.4232258247192961,0.2026528586232134,2.3933636546129825e-15,17.618006918589536,26
0.9,6,144,1,1,1026,broad_xyz,22.35964451205876,False,0.8076837302325234,0.8294506593137978,0.8655117349658494,0.3336167124545219,-0.830880636676062,-0.4875392350231246,0.42494060680136,0.2026989040813846,2.3933636546129825e-15,17.618006918589536,26
0.95,6,144,1,1,1026,broad_xyz,22.35964451205876,False,0.7053843465721547,0.7861570858349745,0.8529034821571136,0.3802428550374243,-0.8691620071584015,-0.5016460105854124,0.4176478250489855,0.2079631997881761,2.3933636546129825e-15,17.618006918589536,26
1.0,6,144,1,1,1026,broad_xyz,22.35964451205876,False,0.527235956476263,0.6951557808844898,0.8346893534010872,0.2591722021983453,-0.8918383420252357,-0.5026682103601515,0.4440709605449225,0.2176924313572111,2.3933636546129825e-15,17.618006918589536,26
0.05,6,144,1,1,1027,broad_xyz,22.35964451205876,False,0.3835207487478253,0.1994785836063272,0.048970363653593,-0.1808572495628183,-0.3984348645158139,0.3141209967747914,0.0003496056746977,1.6776056887078134e-05,2.3933636546129825e-15,17.618006918589536,27
0.075,6,144,1,1,1027,broad_xyz,22.35964451205876,False,0.3955340041483536,0.2129023481073207,0.0464730614461559,-0.2395906309379327,-0.4162733867692141,0.3605500837875982,0.0013056253924679,7.11554840844379e-05,2.3933636546129825e-15,17.618006918589536,27
0.1,6,144,1,1,1027,broad_xyz,22.35964451205876,False,0.469077049808922,0.2634897156917696,0.0832685784986038,-0.2995030975175402,-0.4322094710569933,0.4480154170993457,0.0037867286092897,0.0003137670564795,2.3933636546129825e-15,17.618006918589536,27
0.125,6,144,1,1,1027,broad_xyz,22.35964451205876,False,0.5661810785329028,0.3452892369896249,0.1610624207459258,-0.3489852542745364,-0.4368678689160693,0.5344956762604838,0.0087852064345402,0.0012168470626778,2.3933636546129825e-15,17.618006918589536,27
0.15,6,144,1,1,1027,broad_xyz,22.35964451205876,False,0.588446775100102,0.410785311023678,0.2259878341346883,-0.3944689202033963,-0.48301085600752,0.5930010911782829,0.0197516600046019,0.0038870613713811,2.3933636546129825e-15,17.618006918589536,27
0.1625,6,144,1,1,1027,broad_xyz,22.35964451205876,False,0.555600384577094,0.4289009960657025,0.251946680156671,-0.4040779836767128,-0.5088453036714302,0.6029891774637998,0.0281365519237685,0.0065217150868498,2.3933636546129825e-15,17.618006918589536,27
0.175,6,144,1,1,1027,broad_xyz,22.35964451205876,False,0.5110518810091191,0.4450221440259749,0.2767294135505415,-0.3994403662005807,-0.5036474255312896,0.6098865964845568,0.0402936158989397,0.0104288170154858,2.3933636546129825e-15,17.618006918589536,27
0.1875,6,144,1,1,1027,broad_xyz,22.35964451205876,False,0.4611458390235499,0.4660378439890991,0.2990325742689385,-0.3827313468339904,-0.4906959936595937,0.5904328269702196,0.0578525227030947,0.0163166121582472,2.3933636546129825e-15,17.618006918589536,27
0.2,6,144,1,1,1027,broad_xyz,22.35964451205876,False,0.399873008237958,0.4780261218955398,0.2948604076989597,-0.3839899063383836,-0.4796324380090075,0.5295118009660909,0.0779486448307913,0.0249164183207706,2.3933636546129825e-15,17.618006918589536,27
0.2125,6,144,1,1,1027,broad_xyz,22.35964451205876,False,0.3776389605877088,0.5174368538825762,0.319316742669852,-0.352927892473823,-0.474209633033479,0.4678220315448422,0.1022781201416619,0.036374252088823,2.3933636546129825e-15,17.618006918589536,27
0.225,6,144,1,1,1027,broad_xyz,22.35964451205876,False,0.3590251277774985,0.5482381239982497,0.3357859236436949,-0.3384548901835582,-0.4763768643901134,0.4124450648562267,0.1284711265224997,0.0495336365371197,2.3933636546129825e-15,17.618006918589536,27
0.2375,6,144,1,1,1027,broad_xyz,22.35964451205876,False,0.3606613271280808,0.5874304113534763,0.3631549608012394,-0.3296051528243388,-0.4877598949988235,0.3726030854347755,0.1556621666824037,0.0646045690253631,2.3933636546129825e-15,17.618006918589536,27
0.25,6,144,1,1,1027,broad_xyz,22.35964451205876,False,0.3756019596610455,0.6249301855144489,0.4065959729548958,-0.3296424707338028,-0.4975642181224467,0.3509345787165033,0.1832079280197838,0.0807439750372904,2.3933636546129825e-15,17.618006918589536,27
0.27,6,144,1,1,1027,broad_xyz,22.35964451205876,False,0.4101365409684422,0.6716250591937533,0.4991376540834775,-0.3621570763337814,-0.5218420384753235,0.3386291743271303,0.2263647518103166,0.1060566115902381,2.3933636546129825e-15,17.618006918589536,27
0.29,6,144,1,1,1027,broad_xyz,22.35964451205876,False,0.4643719268867516,0.7162771708151495,0.604737012270439,-0.4409132108041457,-0.5449651981534243,0.3411541147448073,0.2660566276161489,0.1275038166495536,2.3933636546129825e-15,17.618006918589536,27
0.31,6,144,1,1,1027,broad_xyz,22.35964451205876,False,0.5191410261728858,0.750891544462399,0.7020952269581477,-0.5773090331963564,-0.585206644103535,0.349340177469753,0.3028209828675816,0.1421526920959979,2.3933636546129825e-15,17.618006918589536,27
0.33,6,144,1,1,1027,broad_xyz,22.35964451205876,False,0.5719112790040572,0.7770666814266448,0.7840239929979566,-0.7312812224461723,-0.6360081321168795,0.3503707988681821,0.3341364548230525,0.1489731413980409,2.3933636546129825e-15,17.618006918589536,27
0.35,6,144,1,1,1027,broad_xyz,22.35964451205876,False,0.6099811417423592,0.7825995029851237,0.8412158866462477,-0.8535632204957183,-0.6935135254760132,0.3269595654695429,0.3578066508827769,0.1508378256576101,2.3933636546129825e-15,17.618006918589536,27
0.37,6,144,1,1,1027,broad_xyz,22.35964451205876,False,0.6322424383033509,0.7674157358524837,0.87077507350038,-0.9207394250134278,-0.7410325346198331,0.2742840118200708,0.3723510824663444,0.1516135957960623,2.3933636546129825e-15,17.618006918589536,27
0.39,6,144,1,1,1027,broad_xyz,22.35964451205876,False,0.6541992947222095,0.7518364738408797,0.8840617623669221,-0.9463765896763964,-0.7651066886215284,0.2104286588390669,0.3768479317464407,0.1508921893059807,2.3933636546129825e-15,17.618006918589536,27
0.41,6,144,1,1,1027,broad_xyz,22.35964451205876,False,0.6744674507939338,0.73791252304467,0.8848445390511543,-0.9536057591615964,-0.7754834220049368,0.1401863721255164,0.3712899276903438,0.1489081887617946,2.3933636546129825e-15,17.618006918589536,27
0.43,6,144,1,1,1027,broad_xyz,22.35964451205876,False,0.6869451951744512,0.7290698439653672,0.875880528466702,-0.952889618209902,-0.7744914265889324,0.0680537737133885,0.3573428958415624,0.1461902936304437,2.3933636546129825e-15,17.618006918589536,27
0.45,6,144,1,1,1027,broad_xyz,22.35964451205876,False,0.6795818515310563,0.7247882110512371,0.857921126943609,-0.949727376037292,-0.7634838440269438,0.0003096788763363,0.3568921185686634,0.1438626953015883,2.3933636546129825e-15,17.618006918589536,27
0.5,6,144,1,1,1027,broad_xyz,22.35964451205876,False,0.5455317628205496,0.7068886043055361,0.7664521907527148,-0.904544178707124,-0.6729655270704844,-0.1164640835211195,0.3371630163825415,0.1512595259750841,2.3933636546129825e-15,17.618006918589536,27
0.55,6,144,1,1,1027,broad_xyz,22.35964451205876,False,0.413841876017861,0.6037675216009004,0.6203382755461447,-0.6892414871630915,-0.596259137079417,-0.1601227710750814,0.3262712005711399,0.1837113772229158,2.3933636546129825e-15,17.618006918589536,27
0.6,6,144,1,1,1027,broad_xyz,22.35964451205876,False,0.5551979392519899,0.6751003566366209,0.7071343752870128,-0.4105860164016935,-0.7976297443043995,-0.1311444712199312,0.3255145337226411,0.2046353057340884,2.3933636546129825e-15,17.618006918589536,27
0.6499999999999999,6,144,1,1,1027,broad_xyz,22.35964451205876,False,0.6905052267260807,0.7968688428696367,0.8246575929649665,-0.3378643339620021,-0.8794524902635579,-0.1846784223781843,0.3656940568042756,0.2041568383001407,2.3933636546129825e-15,17.618006918589536,27
0.7,6,144,1,1,1027,broad_xyz,22.35964451205876,False,0.7060737109459527,0.8177121768133835,0.8672405765471654,-0.2377824271824622,-0.8856437776502828,-0.2722372517517485,0.3903264603858249,0.1925529410036233,2.3933636546129825e-15,17.618006918589536,27
0.725,6,144,1,1,1027,broad_xyz,22.35964451205876,False,0.6981855989390553,0.8168765720431644,0.87469474551051,-0.078249618081799,-0.8846673551885711,-0.3047690392730877,0.4057334369861681,0.1868386185894742,2.3933636546129825e-15,17.618006918589536,27
0.75,6,144,1,1,1027,broad_xyz,22.35964451205876,False,0.6846341313431089,0.8169866607393739,0.879390648990918,0.1209101134265242,-0.8837593821448742,-0.3274508029823508,0.4108189821049091,0.1831497767330055,2.3933636546129825e-15,17.618006918589536,27
0.775,6,144,1,1,1027,broad_xyz,22.35964451205876,False,0.6683420357215266,0.8147222095306644,0.8831153131751384,0.2815451414058706,-0.8839297585788778,-0.3381480369488067,0.4235757883100904,0.1813782762486692,2.3933636546129825e-15,17.618006918589536,27
0.8,6,144,1,1,1027,broad_xyz,22.35964451205876,False,0.6536761598599895,0.808589768913541,0.8853391304390194,0.3658341722157198,-0.883649197711073,-0.3383187759836526,0.4286108856289267,0.1798885190791588,2.3933636546129825e-15,17.618006918589536,27
0.825,6,144,1,1,1027,broad_xyz,22.35964451205876,False,0.6504837753175922,0.8048855467945012,0.8862226959883469,0.3902308677991916,-0.8857141821795534,-0.338382918457956,0.4177075342859516,0.17723636975518,2.3933636546129825e-15,17.618006918589536,27
0.85,6,144,1,1,1027,broad_xyz,22.35964451205876,False,0.660392655311809,0.8046921251230239,0.8802770936129619,0.374813649263935,-0.8931295627699025,-0.3542641123225487,0.3987432612730823,0.1745751550010583,2.3933636546129825e-15,17.618006918589536,27
0.875,6,144,1,1,1027,broad_xyz,22.35964451205876,False,0.685049656320763,0.8115479659224553,0.8741702367353388,0.3474542027199138,-0.8984906695753055,-0.3781773632484367,0.3748507655345405,0.1737288102685381,2.3933636546129825e-15,17.618006918589536,27
0.9,6,144,1,1,1027,broad_xyz,22.35964451205876,False,0.7131277342534869,0.818891559738809,0.8716443748658763,0.3072349200709664,-0.8779409747849656,-0.3936401562524984,0.3663124365509813,0.1752079757579898,2.3933636546129825e-15,17.618006918589536,27
0.95,6,144,1,1,1027,broad_xyz,22.35964451205876,False,0.7046474445442124,0.8122387342069806,0.8657687164413524,0.0499771248726565,-0.8767859177267293,-0.397017385915957,0.3658148056094737,0.1822377021388928,2.3933636546129825e-15,17.618006918589536,27
1.0,6,144,1,1,1027,broad_xyz,22.35964451205876,False,0.6352624021061537,0.7801692372197245,0.8313533555771383,-0.4521915742682791,-0.8393904792335265,-0.3533121800095658,0.3711053618777272,0.1840044063265342,2.3933636546129825e-15,17.618006918589536,27
0.05,6,144,1,1,1028,broad_xyz,22.35964451205876,False,0.0825358404555572,0.4889423397061316,-0.1759901119752231,-0.3001013536245643,-0.0206146060022049,0.3970485470952143,0.0062716620045763,0.0018918976349231,2.3933636546129825e-15,17.618006918589536,28
0.075,6,144,1,1,1028,broad_xyz,22.35964451205876,False,0.1609802934243474,0.4921159013622247,-0.1373590104740416,-0.308004949583342,-0.0231955301973861,0.462295878702852,0.0156737217808495,0.0047677098736061,2.3933636546129825e-15,17.618006918589536,28
0.1,6,144,1,1,1028,broad_xyz,22.35964451205876,False,0.2704606424571135,0.5047490212303584,-0.0718842218070428,-0.3019753046517761,-0.0513778058520221,0.5367257081064508,0.0318098797983373,0.0096757704347905,2.3933636546129825e-15,17.618006918589536,28
0.125,6,144,1,1,1028,broad_xyz,22.35964451205876,False,0.3832769853625947,0.5301432161241696,0.0098833948901236,-0.2912788036181377,-0.1392383550785681,0.6087044516109978,0.055067432047155,0.017563572021446,2.3933636546129825e-15,17.618006918589536,28
0.15,6,144,1,1,1028,broad_xyz,22.35964451205876,False,0.4928816882979361,0.5804691009386443,0.1142606889123372,-0.2701255524900388,-0.3325775789301409,0.671187714331027,0.0870787177157883,0.0299192527461068,2.3933636546129825e-15,17.618006918589536,28
0.1625,6,144,1,1,1028,broad_xyz,22.35964451205876,False,0.5462656242255721,0.6149603187036389,0.1775058683028269,-0.2528883350066325,-0.4718323923097273,0.6961691232289655,0.1053692880528125,0.0383911223984608,2.3933636546129825e-15,17.618006918589536,28
0.175,6,144,1,1,1028,broad_xyz,22.35964451205876,False,0.5955479287020521,0.6525165985745037,0.2480197589299075,-0.2306948304531652,-0.6073858882438,0.7121481262387542,0.1247580292662768,0.0487102735217485,2.3933636546129825e-15,17.618006918589536,28
0.1875,6,144,1,1,1028,broad_xyz,22.35964451205876,False,0.6314969193891533,0.6853664025111824,0.3180781948375913,-0.2109730677713857,-0.7066469108033809,0.712873410611381,0.1448785637185917,0.0610967190150878,2.3933636546129825e-15,17.618006918589536,28
0.2,6,144,1,1,1028,broad_xyz,22.35964451205876,False,0.6538709302255978,0.712533892503018,0.3918911672654129,-0.1910733282654783,-0.76611134514085,0.701619139774515,0.1672291320484019,0.075736222981297,2.3933636546129825e-15,17.618006918589536,28
0.2125,6,144,1,1,1028,broad_xyz,22.35964451205876,False,0.6600932179824728,0.7313567642499605,0.4617870313203774,-0.1797592189519671,-0.8004502763602357,0.6769383684563707,0.1907453806220866,0.0922666226961285,2.3933636546129825e-15,17.618006918589536,28
0.225,6,144,1,1,1028,broad_xyz,22.35964451205876,False,0.6540957650519844,0.742684130958629,0.526192978555943,-0.1816746608261455,-0.8230349413056195,0.6414410517721878,0.2141551949200889,0.1103586205494944,2.3933636546129825e-15,17.618006918589536,28
0.2375,6,144,1,1,1028,broad_xyz,22.35964451205876,False,0.6418987083783512,0.7458785147440513,0.5845120656222079,-0.1996308461248536,-0.8410159975687661,0.5994016423419618,0.2369723704406662,0.1296541304545028,2.3933636546129825e-15,17.618006918589536,28
0.25,6,144,1,1,1028,broad_xyz,22.35964451205876,False,0.6327630133778148,0.7452482747743576,0.6355164973497835,-0.2352737958626376,-0.8543861331458775,0.5552285389005599,0.2606503087115716,0.1495540052239208,2.3933636546129825e-15,17.618006918589536,28
0.27,6,144,1,1,1028,broad_xyz,22.35964451205876,False,0.6417948027327123,0.7506364511384589,0.6938315262860211,-0.3324759818452577,-0.8616778901790744,0.4929059824417931,0.3112122634891101,0.1808086401441934,2.3933636546129825e-15,17.618006918589536,28
0.29,6,144,1,1,1028,broad_xyz,22.35964451205876,False,0.6808706618619973,0.771409378050703,0.7292596631988673,-0.4528720563909171,-0.8438295594322506,0.4514256474526281,0.3591334123140924,0.2094649236115878,2.3933636546129825e-15,17.618006918589536,28
0.31,6,144,1,1,1028,broad_xyz,22.35964451205876,False,0.7405044128006446,0.8066742484556998,0.7495111993684672,-0.5674724880204787,-0.8001060974211887,0.4344304126037597,0.3995193845182929,0.2338098434716801,2.3933636546129825e-15,17.618006918589536,28
0.33,6,144,1,1,1028,broad_xyz,22.35964451205876,False,0.8020603649834939,0.8494130265017223,0.7577053151334746,-0.6646297551095945,-0.7284692001208304,0.4409391237334896,0.4328980074608793,0.2524449632644338,2.3933636546129825e-15,17.618006918589536,28
0.35,6,144,1,1,1028,broad_xyz,22.35964451205876,False,0.8436545237236263,0.8879915015258661,0.7582036406004314,-0.7396145988603097,-0.6486639827438521,0.4629383413343811,0.457930925040654,0.2648053922339243,2.3933636546129825e-15,17.618006918589536,28
0.37,6,144,1,1,1028,broad_xyz,22.35964451205876,False,0.8504346183225943,0.9110718443450252,0.7652094633398933,-0.7799824388905436,-0.5954869342749319,0.481053323767349,0.4762459138921786,0.2720174942595273,2.3933636546129825e-15,17.618006918589536,28
0.39,6,144,1,1,1028,broad_xyz,22.35964451205876,False,0.8242656796026268,0.9202447967398882,0.7782633560388905,-0.7919146082488924,-0.5834913133162012,0.4805701035491059,0.482619896523509,0.2753364266357649,2.3933636546129825e-15,17.618006918589536,28
0.41,6,144,1,1,1028,broad_xyz,22.35964451205876,False,0.7704775899908246,0.9173005515106776,0.7891029083202816,-0.7891740441551646,-0.5977840920104104,0.4528690195114682,0.4765177836825257,0.2757621711902308,2.3933636546129825e-15,17.618006918589536,28
0.43,6,144,1,1,1028,broad_xyz,22.35964451205876,False,0.7100846397218437,0.9061067867577464,0.7968480458806055,-0.7817445596259934,-0.6321776898377974,0.3929589194226944,0.4664004325991538,0.2750562103641269,2.3933636546129825e-15,17.618006918589536,28
0.45,6,144,1,1,1028,broad_xyz,22.35964451205876,False,0.6624191727333761,0.8919541961709024,0.8018172466309457,-0.7788383563283473,-0.6582218898545703,0.3103805867219255,0.4738259577239338,0.2748121308624443,2.3933636546129825e-15,17.618006918589536,28
0.5,6,144,1,1,1028,broad_xyz,22.35964451205876,False,0.6679088990077507,0.8704549671923217,0.8058334252374316,-0.8181682576152712,-0.6649133279494578,0.1050195247682532,0.4844047459394802,0.2834223019919258,2.3933636546129825e-15,17.618006918589536,28
0.55,6,144,1,1,1028,broad_xyz,22.35964451205876,False,0.7715013933161474,0.8647987797593933,0.8296889973929049,-0.8269891442151337,-0.748865744846213,-0.039223656836945,0.4852541246551366,0.3053743646703309,2.3933636546129825e-15,17.618006918589536,28
0.6,6,144,1,1,1028,broad_xyz,22.35964451205876,False,0.7742152437465825,0.8112765517072851,0.8654365387064084,-0.7165651410156736,-0.8268965774099789,-0.1975734633030125,0.4774806144569875,0.3149006984949782,2.3933636546129825e-15,17.618006918589536,28
0.6499999999999999,6,144,1,1,1028,broad_xyz,22.35964451205876,False,0.6686308137555839,0.7678681269820729,0.8581966727966864,-0.6330619673581329,-0.8331929815992118,-0.3501995550567464,0.4793697132003009,0.3038985710050077,2.3933636546129825e-15,17.618006918589536,28
0.7,6,144,1,1,1028,broad_xyz,22.35964451205876,False,0.6443446197690255,0.7745411851813124,0.8513265060501051,-0.5791572728114273,-0.8495741089816188,-0.4069540447106146,0.5125909274002648,0.2880283631746942,2.3933636546129825e-15,17.618006918589536,28
0.725,6,144,1,1,1028,broad_xyz,22.35964451205876,False,0.6598044855514018,0.7872276752233613,0.856255856283742,-0.5269199843453676,-0.8659709104955272,-0.4121182303943053,0.5084029320220098,0.2791896119327324,2.3933636546129825e-15,17.618006918589536,28
0.75,6,144,1,1,1028,broad_xyz,22.35964451205876,False,0.669460164909426,0.7972616413468363,0.862300800141982,-0.4462812008602569,-0.8813005165921874,-0.411845399681353,0.4924575393527656,0.2691762860784142,2.3933636546129825e-15,17.618006918589536,28
0.775,6,144,1,1,1028,broad_xyz,22.35964451205876,False,0.6696699994325463,0.8030977221975507,0.8659369740284074,-0.3342086367398901,-0.8984138891324952,-0.4075230168547179,0.4730083965267648,0.2581698652633528,2.3933636546129825e-15,17.618006918589536,28
0.8,6,144,1,1,1028,broad_xyz,22.35964451205876,False,0.6691043091885521,0.8092056035957796,0.8674218891824026,-0.196806485090809,-0.911516602344792,-0.4036227836346612,0.4648690051776262,0.2470141646630787,2.3933636546129825e-15,17.618006918589536,28
0.825,6,144,1,1,1028,broad_xyz,22.35964451205876,False,0.6796204327090085,0.8224649651297726,0.8713751198760195,-0.0486048213083245,-0.9137109546837934,-0.4046620582521552,0.4535738025807494,0.2367479592177039,2.3933636546129825e-15,17.618006918589536,28
0.85,6,144,1,1,1028,broad_xyz,22.35964451205876,False,0.6989917205583628,0.8420830808872262,0.8791027511352626,0.0860069818600536,-0.898927416527433,-0.410824735464233,0.4336166907703894,0.2279143738273296,2.3933636546129825e-15,17.618006918589536,28
0.875,6,144,1,1,1028,broad_xyz,22.35964451205876,False,0.7066742192340895,0.859269645921715,0.8891925538039418,0.1845241544173642,-0.8649566322324241,-0.4182327618979919,0.427006735357374,0.2211132079538801,2.3933636546129825e-15,17.618006918589536,28
0.9,6,144,1,1,1028,broad_xyz,22.35964451205876,False,0.690227119541902,0.8629092462703737,0.8969909426229767,0.231077132998784,-0.8283346041369,-0.4184815694011859,0.4219353005455845,0.2171559589909112,2.3933636546129825e-15,17.618006918589536,28
0.95,6,144,1,1,1028,broad_xyz,22.35964451205876,False,0.6452235673016496,0.8349533095490832,0.9027255920864086,0.1898433162971874,-0.8707552956638399,-0.3942306560857157,0.4436017727820696,0.2213104226951224,2.3933636546129825e-15,17.618006918589536,28
1.0,6,144,1,1,1028,broad_xyz,22.35964451205876,False,0.6096780993926515,0.7981383509954166,0.8938708688386796,-0.0017570818768364,-0.8625233016706781,-0.3846894485783783,0.4487292211697758,0.2389480901652826,2.3933636546129825e-15,17.618006918589536,28
0.05,6,144,1,1,1029,broad_xyz,22.35964451205876,False,0.0393685993745234,0.0519685219770613,-0.0565681543156913,-0.0795957116749418,-0.0678237437074215,0.0444890420145696,0.0002118752472967,2.875623305112244e-06,2.3933636546129825e-15,17.618006918589536,29
0.075,6,144,1,1,1029,broad_xyz,22.35964451205876,False,0.0190398010792744,0.0527361517236552,-0.0690793116752376,-0.1007695598143819,-0.0942751840661379,0.0470407242999358,0.0008585058674006,1.5377666333122592e-05,2.3933636546129825e-15,17.618006918589536,29
0.1,6,144,1,1,1029,broad_xyz,22.35964451205876,False,-0.0055107985184369,0.058967120753382,-0.0907251482039861,-0.1349750480415772,-0.1503378100662774,0.073734283860632,0.0025728418120273,6.128157327922749e-05,2.3933636546129825e-15,17.618006918589536,29
0.125,6,144,1,1,1029,broad_xyz,22.35964451205876,False,0.0338379589636455,0.1394238128991007,-0.1437633505640914,-0.2131325722248341,-0.2193864642397302,0.1094268086584316,0.0066007783836142,0.0003149938215265,2.3933636546129825e-15,17.618006918589536,29
0.15,6,144,1,1,1029,broad_xyz,22.35964451205876,False,0.1563275357981363,0.2766054700331476,-0.1857530720297625,-0.2941689122867646,-0.164636690772892,0.1239232422977542,0.0146665274334261,0.0015634901721955,2.3933636546129825e-15,17.618006918589536,29
0.1625,6,144,1,1,1029,broad_xyz,22.35964451205876,False,0.300188798004791,0.4026940678028536,-0.1247110663959136,-0.2747663112478283,-0.0365199338585568,0.025337361017207,0.0201041917974086,0.003511631170984,2.3933636546129825e-15,17.618006918589536,29
0.175,6,144,1,1,1029,broad_xyz,22.35964451205876,False,0.4827321563517168,0.5403916849289704,0.0535481539646937,-0.1445122956843342,0.0937938105723017,-0.1654128388297818,0.0281135218608559,0.0077880365478996,2.3933636546129825e-15,17.618006918589536,29
0.1875,6,144,1,1,1029,broad_xyz,22.35964451205876,False,0.5805652237077323,0.6057635841731751,0.2239542700430496,-0.0031297676655074,0.1084435311509947,-0.3192964510437965,0.0453523917534475,0.0155924849824398,2.3933636546129825e-15,17.618006918589536,29
0.2,6,144,1,1,1029,broad_xyz,22.35964451205876,False,0.6272072702819462,0.6371324093449267,0.3611722154454423,0.1076525450823399,0.0418857513757801,-0.4097663017867145,0.0743491999845086,0.0273970954206774,2.3933636546129825e-15,17.618006918589536,29
0.2125,6,144,1,1,1029,broad_xyz,22.35964451205876,False,0.6510248415858674,0.6582118573095026,0.4653078681969069,0.1769382916174483,-0.0556695798697469,-0.4429586576361531,0.1050295174362034,0.0424700575182592,2.3933636546129825e-15,17.618006918589536,29
0.225,6,144,1,1,1029,broad_xyz,22.35964451205876,False,0.6675445704488655,0.6751273057195127,0.5425376864006977,0.2067391255551633,-0.1472600286634412,-0.4428547888226338,0.1367239857602653,0.0597999213660059,2.3933636546129825e-15,17.618006918589536,29
0.2375,6,144,1,1,1029,broad_xyz,22.35964451205876,False,0.6799871472602621,0.688775598037207,0.595393039687333,0.1974298986594611,-0.2213515382778757,-0.4293782066762346,0.167769241782771,0.0783138401045909,2.3933636546129825e-15,17.618006918589536,29
0.25,6,144,1,1,1029,broad_xyz,22.35964451205876,False,0.6919003045195408,0.7016988771931909,0.6334155048635283,0.1587981115205406,-0.2793477955222349,-0.4117352617354516,0.1963546826563939,0.0970084636728977,2.3933636546129825e-15,17.618006918589536,29
0.27,6,144,1,1,1029,broad_xyz,22.35964451205876,False,0.7136532507307426,0.7304737423544596,0.6765162580429115,0.0520675264316815,-0.3402747423286764,-0.3692237208755848,0.2363388635216828,0.1254302543675741,2.3933636546129825e-15,17.618006918589536,29
0.29,6,144,1,1,1029,broad_xyz,22.35964451205876,False,0.7385090500094523,0.7723150250245496,0.7077365447619044,-0.0944671030932436,-0.3660905800098582,-0.3057155305708626,0.2685851343114464,0.1499548587110374,2.3933636546129825e-15,17.618006918589536,29
0.31,6,144,1,1,1029,broad_xyz,22.35964451205876,False,0.7635690863698815,0.8266121893708486,0.7293297602027409,-0.2732669610197234,-0.3542301626725126,-0.2204838824114638,0.2933508319165614,0.1685102540751114,2.3933636546129825e-15,17.618006918589536,29
0.33,6,144,1,1,1029,broad_xyz,22.35964451205876,False,0.7818731254033807,0.8834160721532821,0.7439274845225368,-0.4678577161344082,-0.3108730508166608,-0.1254478389791517,0.3162319436503206,0.1796656841137956,2.3933636546129825e-15,17.618006918589536,29
0.35,6,144,1,1,1029,broad_xyz,22.35964451205876,False,0.7825504129834101,0.9215752931028252,0.759386691343309,-0.6344048266545791,-0.2739108273378934,-0.0433629609386297,0.3405370111020943,0.1835815539290947,2.3933636546129825e-15,17.618006918589536,29
0.37,6,144,1,1,1029,broad_xyz,22.35964451205876,False,0.763912831830767,0.9250718957358898,0.7803802704205698,-0.7323190930285874,-0.3071002471584134,0.0022778861100407,0.3619782189992336,0.183152861248782,2.3933636546129825e-15,17.618006918589536,29
0.39,6,144,1,1,1029,broad_xyz,22.35964451205876,False,0.7408528300125621,0.902241636103193,0.8030027373456364,-0.7665845793562438,-0.4225727690356027,0.020196233496634,0.3740072522661504,0.1803331076460089,2.3933636546129825e-15,17.618006918589536,29
0.41,6,144,1,1,1029,broad_xyz,22.35964451205876,False,0.7255699346484218,0.8679745031766396,0.8190183210111326,-0.7664486239992603,-0.5648880507712601,0.0240048320846105,0.3871732605510093,0.176382716753049,2.3933636546129825e-15,17.618006918589536,29
0.43,6,144,1,1,1029,broad_xyz,22.35964451205876,False,0.7203985226719511,0.8322966017074442,0.8212630139865348,-0.7551117708597948,-0.6505691779783873,0.0199046100020798,0.3985416285865923,0.1724912058439828,2.3933636546129825e-15,17.618006918589536,29
0.45,6,144,1,1,1029,broad_xyz,22.35964451205876,False,0.7275781788153489,0.8052520075998942,0.810510338276366,-0.7467391270997579,-0.6519093842227826,0.0116814206655411,0.4106801974556744,0.1699073942311823,2.3933636546129825e-15,17.618006918589536,29
0.5,6,144,1,1,1029,broad_xyz,22.35964451205876,False,0.8067877253771532,0.8068526038508306,0.7700451998156146,-0.7121565381173681,-0.4164523705720938,-0.0647328730024372,0.3815750167699056,0.1809045434651917,2.3933636546129825e-15,17.618006918589536,29
0.55,6,144,1,1,1029,broad_xyz,22.35964451205876,False,0.6955865866376078,0.6542344786324735,0.7212692560970672,-0.5677853567840628,-0.5646641197617897,-0.248473329913502,0.3816402547115568,0.2208040601149969,2.3933636546129825e-15,17.618006918589536,29
0.6,6,144,1,1,1029,broad_xyz,22.35964451205876,False,0.5319664569751025,0.446629442732291,0.5833013048731035,-0.6646396009923515,-0.6776700080826754,-0.2947724194762059,0.4486044558357987,0.2395585368350005,2.3933636546129825e-15,17.618006918589536,29
0.6499999999999999,6,144,1,1,1029,broad_xyz,22.35964451205876,False,0.5601294775147487,0.4586751958153399,0.5215356837765388,-0.6927640021292478,-0.6772890255837118,-0.3122795632340056,0.4260447898934477,0.2373592939366305,2.3933636546129825e-15,17.618006918589536,29
0.7,6,144,1,1,1029,broad_xyz,22.35964451205876,False,0.620765095214966,0.557873273351349,0.5497262100753079,-0.6126992943897265,-0.6825625806711445,-0.3803419376377736,0.4155187405459118,0.2305346800494638,2.3933636546129825e-15,17.618006918589536,29
0.725,6,144,1,1,1029,broad_xyz,22.35964451205876,False,0.6564741532044841,0.6214622841523263,0.5887289848669464,-0.5297199280261234,-0.7192479905989292,-0.4271938741158504,0.4151573175368271,0.2286254930458984,2.3933636546129825e-15,17.618006918589536,29
0.75,6,144,1,1,1029,broad_xyz,22.35964451205876,False,0.6986766560391481,0.6846446128526907,0.6373629845063353,-0.4159546446179565,-0.7718408307269463,-0.4722644173141793,0.4199005488930478,0.2286338148077863,2.3933636546129825e-15,17.618006918589536,29
0.775,6,144,1,1,1029,broad_xyz,22.35964451205876,False,0.7438661261431939,0.7372216070840563,0.6852184401981841,-0.2785299117433406,-0.8222006395953125,-0.5039846751899447,0.4220511279059139,0.2296168433432392,2.3933636546129825e-15,17.618006918589536,29
0.8,6,144,1,1,1029,broad_xyz,22.35964451205876,False,0.7888422966171478,0.7791965463438181,0.7283032775912275,-0.1308741185950634,-0.8649514157445006,-0.522150199830865,0.4177507767053348,0.2296174224193806,2.3933636546129825e-15,17.618006918589536,29
0.825,6,144,1,1,1029,broad_xyz,22.35964451205876,False,0.8274919885286249,0.8103399373134033,0.7634613843983538,0.0009064120494519,-0.8913997969537515,-0.5303012891840589,0.4170576057580796,0.2260020019344142,2.3933636546129825e-15,17.618006918589536,29
0.85,6,144,1,1,1029,broad_xyz,22.35964451205876,False,0.8501536009333082,0.8288897729297957,0.7891035471310938,0.0904448404881576,-0.8981219622428696,-0.5328573704940024,0.4115044999815153,0.2180528595992917,2.3933636546129825e-15,17.618006918589536,29
0.875,6,144,1,1,1029,broad_xyz,22.35964451205876,False,0.8501917943387367,0.8271218575022129,0.7965858529963146,0.1165666729788236,-0.8710400477125098,-0.5418615355083775,0.406573603107465,0.2094687732759647,2.3933636546129825e-15,17.618006918589536,29
0.9,6,144,1,1,1029,broad_xyz,22.35964451205876,False,0.837670855816647,0.8109215977999273,0.7898973995220636,0.0885021548850266,-0.818938778783481,-0.5501283783383903,0.407333214710987,0.2044984015830831,2.3933636546129825e-15,17.618006918589536,29
0.95,6,144,1,1,1029,broad_xyz,22.35964451205876,False,0.8006611391313342,0.7815174256013335,0.7812612264122217,-0.1000820039415685,-0.8281641022064209,-0.5545866580236221,0.3954695628098015,0.2118597562719867,2.3933636546129825e-15,17.618006918589536,29
1.0,6,144,1,1,1029,broad_xyz,22.35964451205876,False,0.7254988720992165,0.7728349076934797,0.7859820127052785,-0.4836140763015475,-0.8370032935359615,-0.5760135384647674,0.4034757176673323,0.2287103983158082,2.3933636546129825e-15,17.618006918589536,29
0.05,6,144,1,1,1030,broad_xyz,22.35964451205876,False,0.1841593412445111,0.5889053102393261,-0.0512778977108356,-0.2385317047842458,-0.1290454841982462,-0.3679617746435951,0.0056425821603037,0.001308500927895,2.3933636546129825e-15,17.618006918589536,30
0.075,6,144,1,1,1030,broad_xyz,22.35964451205876,False,0.2243701359777479,0.6222791225438417,-0.049414787826696,-0.2757344731495496,-0.188112186543471,-0.3365170219548168,0.0136604107472458,0.0035199880311489,2.3933636546129825e-15,17.618006918589536,30
0.1,6,144,1,1,1030,broad_xyz,22.35964451205876,False,0.313644504628231,0.6712572871128779,-0.0246181189089179,-0.291241426602462,-0.2710771536590035,-0.3043961569652968,0.0258073900142783,0.0076666813753525,2.3933636546129825e-15,17.618006918589536,30
0.125,6,144,1,1,1030,broad_xyz,22.35964451205876,False,0.4501535129454067,0.7348198093461707,0.0133828584235037,-0.294938000304502,-0.4054063352641498,-0.2719834012564415,0.0433832405179026,0.0151421168097844,2.3933636546129825e-15,17.618006918589536,30
0.15,6,144,1,1,1030,broad_xyz,22.35964451205876,False,0.617555819378095,0.7995794683060238,0.0745472009278888,-0.2740190343830274,-0.5849046164468029,-0.2440725111653093,0.067562571458303,0.027829301399008,2.3933636546129825e-15,17.618006918589536,30
0.1625,6,144,1,1,1030,broad_xyz,22.35964451205876,False,0.6941690039306926,0.8254805961622643,0.1129794627901252,-0.2546594885158212,-0.6930529404276482,-0.2377912273134774,0.0819082281983143,0.0367623970906602,2.3933636546129825e-15,17.618006918589536,30
0.175,6,144,1,1,1030,broad_xyz,22.35964451205876,False,0.75816287288962,0.8466278312504848,0.1574739487169975,-0.2289065574800422,-0.795987334806055,-0.2387993703406549,0.098444998902523,0.0477416342985761,2.3933636546129825e-15,17.618006918589536,30
0.1875,6,144,1,1,1030,broad_xyz,22.35964451205876,False,0.8043571213842647,0.8623650517052359,0.2052735966777307,-0.1997679309712645,-0.8569386039991458,-0.2481606860385862,0.118443403756308,0.0609515585474108,2.3933636546129825e-15,17.618006918589536,30
0.2,6,144,1,1,1030,broad_xyz,22.35964451205876,False,0.8386999131535062,0.8765099856826847,0.2653269304687262,-0.1589760384799647,-0.8572062784731371,-0.2584760345941784,0.1410122180024829,0.0765883569148382,2.3933636546129825e-15,17.618006918589536,30
0.2125,6,144,1,1,1030,broad_xyz,22.35964451205876,False,0.8604751589821653,0.886824058166296,0.3363364770537581,-0.108467650303567,-0.8254495279974713,-0.2656321011534844,0.1688462254705271,0.0945032934224775,2.3933636546129825e-15,17.618006918589536,30
0.225,6,144,1,1,1030,broad_xyz,22.35964451205876,False,0.870581401718142,0.8889659172313154,0.4204766376987633,-0.0462754355627887,-0.799745047852945,-0.2735890476657974,0.1985961829201598,0.1144636492545591,2.3933636546129825e-15,17.618006918589536,30
0.2375,6,144,1,1,1030,broad_xyz,22.35964451205876,False,0.8692087540813245,0.8808984499231128,0.5064626185853083,0.0136069535826361,-0.7908099781333755,-0.2831626088720248,0.2290252131870943,0.1357189805185527,2.3933636546129825e-15,17.618006918589536,30
0.25,6,144,1,1,1030,broad_xyz,22.35964451205876,False,0.859664523565014,0.8648187529130459,0.5814666279543517,0.052618955763282,-0.7935098077775561,-0.2899323533321272,0.2616141529016306,0.1574463593525605,2.3933636546129825e-15,17.618006918589536,30
0.27,6,144,1,1,1030,broad_xyz,22.35964451205876,False,0.8413350424116324,0.8349390173576795,0.667974029085326,0.0430772689958994,-0.7972968803303422,-0.2900725533516512,0.3145215480673857,0.1914164414674148,2.3933636546129825e-15,17.618006918589536,30
0.29,6,144,1,1,1030,broad_xyz,22.35964451205876,False,0.8300382902232342,0.8144039272757024,0.7177021326167367,-0.0652640903592512,-0.7932138548025622,-0.2725956351490152,0.3605593157009115,0.2221683710673419,2.3933636546129825e-15,17.618006918589536,30
0.31,6,144,1,1,1030,broad_xyz,22.35964451205876,False,0.8260145286470035,0.8127156093895372,0.7411379928914505,-0.2455517204374529,-0.7775310643089846,-0.2363612527078647,0.3974149889727428,0.2475371893231962,2.3933636546129825e-15,17.618006918589536,30
0.33,6,144,1,1,1030,broad_xyz,22.35964451205876,False,0.8213587455649334,0.8300390789365231,0.7477668155910775,-0.4361633715274602,-0.7446040427126608,-0.1876947684883486,0.4244154500246518,0.2660291924351241,2.3933636546129825e-15,17.618006918589536,30
0.35,6,144,1,1,1030,broad_xyz,22.35964451205876,False,0.8040608297187201,0.8585884313325638,0.7451574121063588,-0.5865953124250413,-0.6964329192807764,-0.1382285459641103,0.4361043011358963,0.277105754063645,2.3933636546129825e-15,17.618006918589536,30
0.37,6,144,1,1,1030,broad_xyz,22.35964451205876,False,0.7632302489947828,0.8853022720588452,0.747007816629519,-0.6722054730901255,-0.649840336436889,-0.101489328467292,0.4478528414539374,0.2821277235314743,2.3933636546129825e-15,17.618006918589536,30
0.39,6,144,1,1,1030,broad_xyz,22.35964451205876,False,0.7027074014921559,0.9053736296605216,0.749523763370848,-0.7124875490187931,-0.6113382684008849,-0.0872040178917676,0.4683759664350815,0.2829290123252285,2.3933636546129825e-15,17.618006918589536,30
0.41,6,144,1,1,1030,broad_xyz,22.35964451205876,False,0.6336262713333254,0.9149903792657044,0.7474329455058829,-0.7294175639654557,-0.58415079624271,-0.0960512543292404,0.4853826109039002,0.2820626308490994,2.3933636546129825e-15,17.618006918589536,30
0.43,6,144,1,1,1030,broad_xyz,22.35964451205876,False,0.572118461622514,0.9141100788511328,0.7380770887965633,-0.7352100942282942,-0.5634464502871719,-0.1250075796145712,0.4972195301412433,0.280758020575768,2.3933636546129825e-15,17.618006918589536,30
0.45,6,144,1,1,1030,broad_xyz,22.35964451205876,False,0.5340753645022808,0.9041266526371068,0.7217649740341069,-0.7381377662551883,-0.5360763031857713,-0.169997105647131,0.5031451134287084,0.2804792988117037,2.3933636546129825e-15,17.618006918589536,30
0.5,6,144,1,1,1030,broad_xyz,22.35964451205876,False,0.5374013482440559,0.8598366506001145,0.6621940189553953,-0.7638158810262434,-0.4428794813263322,-0.3322566807379701,0.5233364999380339,0.2935980996553157,2.3933636546129825e-15,17.618006918589536,30
0.55,6,144,1,1,1030,broad_xyz,22.35964451205876,False,0.6389212504948529,0.8228641706760861,0.6846404239520758,-0.7173734374569071,-0.4818744939125111,-0.4669503050651899,0.5296298242479507,0.3226609526085158,2.3933636546129825e-15,17.618006918589536,30
0.6,6,144,1,1,1030,broad_xyz,22.35964451205876,False,0.6733285865363245,0.7813870064353271,0.7821630412992868,-0.6216494003114997,-0.6604895102430144,-0.4645509325832324,0.5300230304786312,0.3393880191329754,2.3933636546129825e-15,17.618006918589536,30
0.6499999999999999,6,144,1,1,1030,broad_xyz,22.35964451205876,False,0.6307532603566453,0.7951913424412764,0.8135543565915714,-0.6080699107666266,-0.7675482631516994,-0.4626261477829443,0.5364893276577665,0.3285766176392366,2.3933636546129825e-15,17.618006918589536,30
0.7,6,144,1,1,1030,broad_xyz,22.35964451205876,False,0.6220774382816233,0.8368042743560368,0.8423637810803546,-0.5601092345859422,-0.8076061446966336,-0.5280926195385797,0.5114164985317525,0.3064795158108204,2.3933636546129825e-15,17.618006918589536,30
0.725,6,144,1,1,1030,broad_xyz,22.35964451205876,False,0.6396103609315889,0.850936424812133,0.8588171709884447,-0.5013964651704838,-0.8165022199887209,-0.5594808234992201,0.5020666098504755,0.2961703259897456,2.3933636546129825e-15,17.618006918589536,30
0.75,6,144,1,1,1030,broad_xyz,22.35964451205876,False,0.6687305056098546,0.8596888134665198,0.8730095765332206,-0.4106849093485346,-0.8267438278272812,-0.5788888433016921,0.5196819925567372,0.287440164966582,2.3933636546129825e-15,17.618006918589536,30
0.775,6,144,1,1,1030,broad_xyz,22.35964451205876,False,0.6983026673557043,0.8631651868222544,0.8828352710491404,-0.2900787400750108,-0.8406069160538325,-0.5837652648980837,0.5507126269901994,0.2800170878182497,2.3933636546129825e-15,17.618006918589536,30
0.8,6,144,1,1,1030,broad_xyz,22.35964451205876,False,0.7178841835911887,0.860368354411099,0.887142165508466,-0.1670681622369,-0.8566919733466108,-0.5742425863715028,0.5728429037845927,0.273446476842847,2.3933636546129825e-15,17.618006918589536,30
0.825,6,144,1,1,1030,broad_xyz,22.35964451205876,False,0.7243208007630756,0.8507575341120178,0.8862953723332574,-0.0757005087315094,-0.8744220441920645,-0.5573549754916635,0.5809022491906488,0.2670643016126044,2.3933636546129825e-15,17.618006918589536,30
0.85,6,144,1,1,1030,broad_xyz,22.35964451205876,False,0.7193613770921198,0.8345164179927066,0.8824606884708167,-0.0236106184802001,-0.8811718938551643,-0.541979769338721,0.5722675711428076,0.2607102920392322,2.3933636546129825e-15,17.618006918589536,30
0.875,6,144,1,1,1030,broad_xyz,22.35964451205876,False,0.7039740247997001,0.8116671631552353,0.8791846443113138,-0.0015888810516928,-0.8638801379117029,-0.5334107729893853,0.5558092575914554,0.2553430663559327,2.3933636546129825e-15,17.618006918589536,30
0.9,6,144,1,1,1030,broad_xyz,22.35964451205876,False,0.6789354546957553,0.7812090687935997,0.8770849173635968,-0.005388895975415,-0.8280827714399,-0.5286856363312481,0.5458996182232884,0.252397451775276,2.3933636546129825e-15,17.618006918589536,30
0.95,6,144,1,1,1030,broad_xyz,22.35964451205876,False,0.6160763021731882,0.7167955485864316,0.880676818363291,-0.0860798631641634,-0.8845240087066495,-0.5212210994191459,0.5085501307668343,0.257214158194524,2.3933636546129825e-15,17.618006918589536,30
1.0,6,144,1,1,1030,broad_xyz,22.35964451205876,False,0.5664365422777974,0.6844015568491819,0.8908028860442693,-0.2578774046437243,-0.9058431390969957,-0.5466547693965764,0.5321608245421665,0.2734790752805724,2.3933636546129825e-15,17.618006918589536,30
0.05,6,144,1,1,1031,broad_xyz,22.35964451205876,False,0.6407749403606894,0.6801193822198852,0.2698422422833281,-0.1487438289509404,0.1337277484891653,0.4647201894419198,0.0041120339811038,0.0010819048281872,2.3933636546129825e-15,17.618006918589536,31
0.075,6,144,1,1,1031,broad_xyz,22.35964451205876,False,0.6653407211242556,0.7062938486325164,0.2634480843553569,-0.2457162910205562,-0.0215111686568068,0.5431480717694779,0.0110077117644543,0.0030970174306077,2.3933636546129825e-15,17.618006918589536,31
0.1,6,144,1,1,1031,broad_xyz,22.35964451205876,False,0.6803979228054521,0.7330629523839052,0.2715231832611622,-0.3119741229994331,-0.2022104826229909,0.5985087859311105,0.0236640392858284,0.0071620846806096,2.3933636546129825e-15,17.618006918589536,31
0.125,6,144,1,1,1031,broad_xyz,22.35964451205876,False,0.6995569143310766,0.766213722473443,0.278322315649679,-0.3693202251651462,-0.3840150462767655,0.6327208522663933,0.0436101323191125,0.0147619053878391,2.3933636546129825e-15,17.618006918589536,31
0.15,6,144,1,1,1031,broad_xyz,22.35964451205876,False,0.7379379086793558,0.8035696569929888,0.2985696506303356,-0.4082945071523427,-0.5323186493701789,0.6336459525904107,0.0742372137578406,0.0282535427019138,2.3933636546129825e-15,17.618006918589536,31
0.1625,6,144,1,1,1031,broad_xyz,22.35964451205876,False,0.7682782895811071,0.8265066892936811,0.3236149142693721,-0.4142252923634334,-0.5872526747630237,0.6218611858290279,0.0931833939250188,0.0382055655793903,2.3933636546129825e-15,17.618006918589536,31
0.175,6,144,1,1,1031,broad_xyz,22.35964451205876,False,0.8009382247582865,0.848766481781901,0.3578417302451393,-0.412418231687421,-0.6303146896679777,0.6069977951016243,0.1144538021655998,0.0507468967629959,2.3933636546129825e-15,17.618006918589536,31
0.1875,6,144,1,1,1031,broad_xyz,22.35964451205876,False,0.8354243993610264,0.8713039591385656,0.407644657120751,-0.3977440196061435,-0.6601626008158799,0.5875473811377805,0.1379939992116617,0.0663759920778551,2.3933636546129825e-15,17.618006918589536,31
0.2,6,144,1,1,1031,broad_xyz,22.35964451205876,False,0.8640180614974196,0.8877487793258467,0.4640798037400924,-0.3799317469679805,-0.6867196997407717,0.565354190272637,0.1648253811312723,0.0851037916794676,2.3933636546129825e-15,17.618006918589536,31
0.2125,6,144,1,1,1031,broad_xyz,22.35964451205876,False,0.8861257454270968,0.8998528711652181,0.52158439930552,-0.3671002902859971,-0.7170059474605902,0.5456073595068431,0.193668668313053,0.106384855464245,2.3933636546129825e-15,17.618006918589536,31
0.225,6,144,1,1,1031,broad_xyz,22.35964451205876,False,0.9010655648947024,0.9075363145211188,0.5771434182463677,-0.3651981371593843,-0.752242055365234,0.5262736006294045,0.224137027763262,0.1295175020226713,2.3933636546129825e-15,17.618006918589536,31
0.2375,6,144,1,1,1031,broad_xyz,22.35964451205876,False,0.9115419506255108,0.9119375143212464,0.6285323788370883,-0.378920303242763,-0.7878473529277682,0.5038873169942724,0.2563182131982751,0.1539526153976597,2.3933636546129825e-15,17.618006918589536,31
0.25,6,144,1,1,1031,broad_xyz,22.35964451205876,False,0.9182967014250892,0.9139412163613796,0.6744591420718791,-0.4120887228000562,-0.817601602510118,0.4796916571991438,0.2911778411662901,0.1789288860975366,2.3933636546129825e-15,17.618006918589536,31
0.27,6,144,1,1,1031,broad_xyz,22.35964451205876,False,0.923147043020072,0.915420472060502,0.7355846035065335,-0.5068544758615127,-0.847373993559522,0.436242406772041,0.3481828662866607,0.2176806348380922,2.3933636546129825e-15,17.618006918589536,31
0.29,6,144,1,1,1031,broad_xyz,22.35964451205876,False,0.9229450588919428,0.9174028814621916,0.7827197340551971,-0.6361352962510414,-0.8539185316908581,0.3926776321590889,0.4058318690226736,0.2519595414326911,2.3933636546129825e-15,17.618006918589536,31
0.31,6,144,1,1,1031,broad_xyz,22.35964451205876,False,0.9150478638766456,0.9207455580351586,0.818449284078852,-0.7617321395335167,-0.8419515686839588,0.3555633314384661,0.4595613141415405,0.2786895933509355,2.3933636546129825e-15,17.618006918589536,31
0.33,6,144,1,1,1031,broad_xyz,22.35964451205876,False,0.8941891806862895,0.9250457969679552,0.8456199648991112,-0.8535002560746442,-0.8226652445542006,0.329252205014759,0.5059029052028439,0.2955575933419305,2.3933636546129825e-15,17.618006918589536,31
0.35,6,144,1,1,1031,broad_xyz,22.35964451205876,False,0.8557740335854173,0.9276499313848507,0.8674200371944745,-0.9087143130718496,-0.8098898257725738,0.3131363879940574,0.5511955401510814,0.3020579212706014,2.3933636546129825e-15,17.618006918589536,31
0.37,6,144,1,1,1031,broad_xyz,22.35964451205876,False,0.7947687566018383,0.9203491865234964,0.886877416249596,-0.936346201306706,-0.8154218598174297,0.2927067211115006,0.586004717817047,0.3026390290674451,2.3933636546129825e-15,17.618006918589536,31
0.39,6,144,1,1,1031,broad_xyz,22.35964451205876,False,0.7223908444865181,0.9071166733367888,0.9000742063956422,-0.9462383466292136,-0.8303202653805473,0.2662169854900637,0.6108713972113533,0.2993158585308805,2.3933636546129825e-15,17.618006918589536,31
0.41,6,144,1,1,1031,broad_xyz,22.35964451205876,False,0.6559087854596802,0.8943103546905038,0.9058949337836454,-0.947613220090379,-0.8441850390231521,0.2353254087838546,0.6232515056447027,0.2934016550804764,2.3933636546129825e-15,17.618006918589536,31
0.43,6,144,1,1,1031,broad_xyz,22.35964451205876,False,0.6087166190039901,0.88527664955148,0.907142303827639,-0.9461281348466526,-0.8439592754055644,0.1973417185322768,0.622179233343428,0.2874774162925994,2.3933636546129825e-15,17.618006918589536,31
0.45,6,144,1,1,1031,broad_xyz,22.35964451205876,False,0.5868418468964866,0.8824406350482834,0.9078987172557528,-0.9457970735480864,-0.8216423313258729,0.1510748778979723,0.6124733523467558,0.2840121535400823,2.3933636546129825e-15,17.618006918589536,31
0.5,6,144,1,1,1031,broad_xyz,22.35964451205876,False,0.6417452004512467,0.9010318330690306,0.9210072719323034,-0.9441763196093358,-0.7211519967662992,-0.0113873950149449,0.5539685365062932,0.2966617499514609,2.3933636546129825e-15,17.618006918589536,31
0.55,6,144,1,1,1031,broad_xyz,22.35964451205876,False,0.7180079295082186,0.872647028776294,0.934138362074188,-0.8853342456927562,-0.7509830414201241,-0.1745475475071045,0.5271229805258077,0.3427275803656377,2.3933636546129825e-15,17.618006918589536,31
0.6,6,144,1,1,1031,broad_xyz,22.35964451205876,False,0.7632622533992398,0.8169975667153643,0.9382786989847586,-0.8298529593349872,-0.8502771296414479,-0.2561120637489059,0.550366412666534,0.3756698471796482,2.3933636546129825e-15,17.618006918589536,31
0.6499999999999999,6,144,1,1,1031,broad_xyz,22.35964451205876,False,0.8380754551169871,0.8441042176712039,0.9526615569851692,-0.8210492487848086,-0.8748045094535865,-0.3213178350030933,0.5597039117559444,0.371538449356199,2.3933636546129825e-15,17.618006918589536,31
0.7,6,144,1,1,1031,broad_xyz,22.35964451205876,False,0.8929140764691789,0.8688531454034246,0.9656245368762404,-0.7974237740543809,-0.8867974993091808,-0.3807440890135529,0.5262966558310822,0.3453062902754527,2.3933636546129825e-15,17.618006918589536,31
0.725,6,144,1,1,1031,broad_xyz,22.35964451205876,False,0.8922664703687916,0.8689698256160009,0.9669864745767142,-0.7378675935249257,-0.8937205102915493,-0.3989423846693031,0.5212328984433863,0.3301166612550871,2.3933636546129825e-15,17.618006918589536,31
0.75,6,144,1,1,1031,broad_xyz,22.35964451205876,False,0.8797130726603685,0.8647709621224993,0.9646824545631604,-0.5772658512282606,-0.8989898771225929,-0.4145821286930804,0.5061745832706379,0.3151981620729754,2.3933636546129825e-15,17.618006918589536,31
0.775,6,144,1,1,1031,broad_xyz,22.35964451205876,False,0.8596962167631857,0.858125509095481,0.9572349608711108,-0.231563076577694,-0.9010565417251264,-0.4315985675426982,0.4986117176377626,0.3007401953953124,2.3933636546129825e-15,17.618006918589536,31
0.8,6,144,1,1,1031,broad_xyz,22.35964451205876,False,0.8337555651989752,0.8497608842773037,0.9429166768509276,0.1363268721410892,-0.9001186696545337,-0.4471297974103048,0.5093992263711042,0.2862990853252525,2.3933636546129825e-15,17.618006918589536,31
0.825,6,144,1,1,1031,broad_xyz,22.35964451205876,False,0.8030047061082204,0.8401219442830443,0.9230054903801794,0.3094236882511498,-0.8932570767233411,-0.451709002976242,0.5173905088068163,0.2711713353327641,2.3933636546129825e-15,17.618006918589536,31
0.85,6,144,1,1,1031,broad_xyz,22.35964451205876,False,0.7702026842476885,0.8292516806606838,0.9030035012321636,0.3474254290719741,-0.8815489885286272,-0.4327308891237785,0.5183884126429739,0.2553105978835765,2.3933636546129825e-15,17.618006918589536,31
0.875,6,144,1,1,1031,broad_xyz,22.35964451205876,False,0.7388858798460026,0.8147539665931001,0.8866629049449979,0.3151961504180033,-0.8652177952209347,-0.386475020694779,0.513092754264431,0.2404707231994148,2.3933636546129825e-15,17.618006918589536,31
0.9,6,144,1,1,1031,broad_xyz,22.35964451205876,False,0.7121758949780046,0.7928634868619656,0.8715175893381586,0.2360765064538077,-0.8438379720908076,-0.3259256294139518,0.5042491880991987,0.2300397519069253,2.3933636546129825e-15,17.618006918589536,31
0.95,6,144,1,1,1031,broad_xyz,22.35964451205876,False,0.6916173090788671,0.7395615378896475,0.8499792184919442,0.0027592670583622,-0.9030107886488542,-0.2353263651705834,0.487496498635212,0.2327246344188051,2.3933636546129825e-15,17.618006918589536,31
1.0,6,144,1,1,1031,broad_xyz,22.35964451205876,False,0.6987430878217422,0.7104201725986986,0.8781617685093686,-0.3314353289079659,-0.8967597398926292,-0.2121717464552329,0.4784448115663117,0.2580887857198747,2.3933636546129825e-15,17.618006918589536,31
0.05,6,144,1,1,1032,broad_xyz,22.35964451205876,False,-0.2406185047928381,0.3763000022025778,-0.4933642799090523,-0.5293083183781229,-0.4380427148827711,-0.1692812788255452,0.0054044793057311,0.0008345190441403,2.3933636546129825e-15,17.618006918589536,32
0.075,6,144,1,1,1032,broad_xyz,22.35964451205876,False,-0.1742129737284995,0.3946060492491582,-0.4864333715822823,-0.5440092692370312,-0.4486496194903519,-0.1837208060093616,0.0139333542930525,0.0024055062498787,2.3933636546129825e-15,17.618006918589536,32
0.1,6,144,1,1,1032,broad_xyz,22.35964451205876,False,-0.0752250643663386,0.4287052972628,-0.4743304638015608,-0.568805218679578,-0.4885514947567876,-0.1795954293224513,0.0280612067739117,0.0057672707155196,2.3933636546129825e-15,17.618006918589536,32
0.125,6,144,1,1,1032,broad_xyz,22.35964451205876,False,0.0558441745521994,0.4849095003026037,-0.4427143612436698,-0.5962499732010543,-0.5553960326784111,-0.1553829521152748,0.0492806955417034,0.0125930047077914,2.3933636546129825e-15,17.618006918589536,32
0.15,6,144,1,1,1032,broad_xyz,22.35964451205876,False,0.2146761264228894,0.576977309341299,-0.3622282156794945,-0.603310584498991,-0.6472894526103181,-0.1281069501019794,0.0799104818987298,0.0256841803196356,2.3933636546129825e-15,17.618006918589536,32
0.1625,6,144,1,1,1032,broad_xyz,22.35964451205876,False,0.3013474224283862,0.6366877211383439,-0.2995051446613751,-0.5949499999090201,-0.7217834052902329,-0.1167095507605364,0.0990688855415438,0.0357995653297124,2.3933636546129825e-15,17.618006918589536,32
0.175,6,144,1,1,1032,broad_xyz,22.35964451205876,False,0.3958843275182838,0.7024846636846422,-0.2183931029790402,-0.5748011443570632,-0.8212972532311649,-0.1120828743722355,0.1205255579358538,0.0490677161061737,2.3933636546129825e-15,17.618006918589536,32
0.1875,6,144,1,1,1032,broad_xyz,22.35964451205876,False,0.5015164565053097,0.7712614716898474,-0.1182876030280525,-0.542639207476382,-0.9032170883370256,-0.1159911404683486,0.1449045013720214,0.0659930887289092,2.3933636546129825e-15,17.618006918589536,32
0.2,6,144,1,1,1032,broad_xyz,22.35964451205876,False,0.6015527454368406,0.8259685801212957,-0.0121967021121075,-0.5062131069094147,-0.8775343718858587,-0.1219224948940431,0.1741086142149214,0.0863521951806575,2.3933636546129825e-15,17.618006918589536,32
0.2125,6,144,1,1,1032,broad_xyz,22.35964451205876,False,0.6990962086570821,0.867483430339631,0.1051908569357435,-0.4642706878176426,-0.7811154066759095,-0.1451558783398867,0.2056483590780959,0.1103723009800662,2.3933636546129825e-15,17.618006918589536,32
0.225,6,144,1,1,1032,broad_xyz,22.35964451205876,False,0.7769025300240286,0.8911679222058848,0.2158299010887742,-0.4328471297172919,-0.6942667985288591,-0.1704253818896688,0.242600047767307,0.1368676933643791,2.3933636546129825e-15,17.618006918589536,32
0.2375,6,144,1,1,1032,broad_xyz,22.35964451205876,False,0.8258940355326408,0.8986091206501082,0.3090039765438425,-0.4227545687032886,-0.6324654000645685,-0.1915340160810113,0.2831313801236725,0.1644610795823215,2.3933636546129825e-15,17.618006918589536,32
0.25,6,144,1,1,1032,broad_xyz,22.35964451205876,False,0.8538036514647291,0.8961476721594106,0.3956564181142127,-0.4266358320079277,-0.592275442361846,-0.2189094308004512,0.3245298254567166,0.1929529441168193,2.3933636546129825e-15,17.618006918589536,32
0.27,6,144,1,1,1032,broad_xyz,22.35964451205876,False,0.8667690210995895,0.8874063781066744,0.512166785761178,-0.4722687814591299,-0.5573096997928162,-0.26268816902235,0.3932517929340259,0.2376366074310177,2.3933636546129825e-15,17.618006918589536,32
0.29,6,144,1,1,1032,broad_xyz,22.35964451205876,False,0.8502790872232543,0.8843736088515521,0.591905370807424,-0.5663822954625748,-0.5331571440649876,-0.2915147736302262,0.4609106349740156,0.2775441475152347,2.3933636546129825e-15,17.618006918589536,32
0.31,6,144,1,1,1032,broad_xyz,22.35964451205876,False,0.8139835119407037,0.8916099793869545,0.6417136625836791,-0.679451003280953,-0.4940899887717233,-0.3011047723045503,0.5212257620452764,0.3094638242042942,2.3933636546129825e-15,17.618006918589536,32
0.33,6,144,1,1,1032,broad_xyz,22.35964451205876,False,0.7628700466232202,0.9058404854472674,0.6722243347346571,-0.7804357905674011,-0.4385415452993599,-0.2874986652145058,0.5724415842414463,0.3304386870932666,2.3933636546129825e-15,17.618006918589536,32
0.35,6,144,1,1,1032,broad_xyz,22.35964451205876,False,0.7004258433256202,0.91543453839232,0.7096660340415473,-0.8444216787122029,-0.3990136111251487,-0.2658715546893135,0.6160739268370028,0.3407100087208718,2.3933636546129825e-15,17.618006918589536,32
0.37,6,144,1,1,1032,broad_xyz,22.35964451205876,False,0.6301863629669842,0.9099615665579884,0.7665933035212428,-0.865478459534018,-0.3980704489071874,-0.2548289213449262,0.6487618634402444,0.3439894338562196,2.3933636546129825e-15,17.618006918589536,32
0.39,6,144,1,1,1032,broad_xyz,22.35964451205876,False,0.5705959716254055,0.8963765585545057,0.8187722602564979,-0.8667209627517476,-0.4288106183889292,-0.236672297898266,0.6687474705317326,0.3411338862082839,2.3933636546129825e-15,17.618006918589536,32
0.41,6,144,1,1,1032,broad_xyz,22.35964451205876,False,0.5233968624433584,0.8783924852847583,0.8540924328624215,-0.8594411524943939,-0.5066245236164647,-0.2064199415232923,0.6783225079409982,0.3347054066786037,2.3933636546129825e-15,17.618006918589536,32
0.43,6,144,1,1,1032,broad_xyz,22.35964451205876,False,0.4923444808373836,0.8604892764475738,0.8708523570451487,-0.8505442497528996,-0.5779722121993708,-0.1715633007057981,0.692220300877218,0.327153610556306,2.3933636546129825e-15,17.618006918589536,32
0.45,6,144,1,1,1032,broad_xyz,22.35964451205876,False,0.482958689577079,0.8476723322012447,0.8732084527639568,-0.8487833075898162,-0.5874353389616432,-0.1421671894323114,0.6953908995161102,0.3213188340016286,2.3933636546129825e-15,17.618006918589536,32
0.5,6,144,1,1,1032,broad_xyz,22.35964451205876,False,0.5997514291013037,0.8705728109625156,0.8509303171936623,-0.8774169331327435,-0.4281623072441999,-0.1806318129869085,0.6767682021117236,0.3346847789460386,2.3933636546129825e-15,17.618006918589536,32
0.55,6,144,1,1,1032,broad_xyz,22.35964451205876,False,0.7922758244981929,0.8820639028539783,0.8493102666358352,-0.8384113273677171,-0.5794808759399946,-0.4158998627684191,0.6372414048462346,0.3948194685942543,2.3933636546129825e-15,17.618006918589536,32
0.6,6,144,1,1,1032,broad_xyz,22.35964451205876,False,0.8230858578124798,0.8376434304456704,0.8783216381040116,-0.7519936208878724,-0.828433714219959,-0.600383125273202,0.6248624673883354,0.4294805868777248,2.3933636546129825e-15,17.618006918589536,32
0.6499999999999999,6,144,1,1,1032,broad_xyz,22.35964451205876,False,0.6829258436972403,0.8240127114066141,0.8819098888514726,-0.7319957238422262,-0.9313973468693222,-0.5914160295257488,0.604124441295464,0.4105505315370228,2.3933636546129825e-15,17.618006918589536,32
0.7,6,144,1,1,1032,broad_xyz,22.35964451205876,False,0.5699125553104211,0.8198363492090046,0.901079404239625,-0.7235501015462955,-0.943598914028616,-0.5246360885336591,0.5857105602737556,0.3670605681908525,2.3933636546129825e-15,17.618006918589536,32
0.725,6,144,1,1,1032,broad_xyz,22.35964451205876,False,0.560276303587416,0.8233008091895957,0.9127300100312822,-0.6947447526078789,-0.9387548321384248,-0.4983772313860395,0.5626042070949815,0.3444096766808292,2.3933636546129825e-15,17.618006918589536,32
0.75,6,144,1,1,1032,broad_xyz,22.35964451205876,False,0.5718149532447272,0.8259733889682731,0.9186988882699751,-0.6173722682782365,-0.9280016588151,-0.4848686542901943,0.5323068027003038,0.3238396343992022,2.3933636546129825e-15,17.618006918589536,32
0.775,6,144,1,1,1032,broad_xyz,22.35964451205876,False,0.5916082221757452,0.8243476105763332,0.9132218494384184,-0.4341779783526729,-0.912887792691461,-0.4800226469838608,0.507943514240995,0.3053205484636975,2.3933636546129825e-15,17.618006918589536,32
0.8,6,144,1,1,1032,broad_xyz,22.35964451205876,False,0.6070077162720421,0.8178303883219813,0.8962798792014078,-0.1112830200464178,-0.8982331090887233,-0.4796216615991471,0.494114165986996,0.2880510751012831,2.3933636546129825e-15,17.618006918589536,32
0.825,6,144,1,1,1032,broad_xyz,22.35964451205876,False,0.6090509243020971,0.8080071552727518,0.872710523882546,0.1635378598481073,-0.8847010451282715,-0.4785120354097285,0.4815620934973627,0.2709985150037592,2.3933636546129825e-15,17.618006918589536,32
0.85,6,144,1,1,1032,broad_xyz,22.35964451205876,False,0.5943982079368879,0.7996432942788012,0.8543640653082465,0.2932162727174589,-0.8667568643938398,-0.4650157013553133,0.4610232232140692,0.2535490695915085,2.3933636546129825e-15,17.618006918589536,32
0.875,6,144,1,1,1032,broad_xyz,22.35964451205876,False,0.5711790536192815,0.7935044067921585,0.8482199557110873,0.3470831209692361,-0.8412895415505293,-0.4423456338353958,0.4347036708636179,0.2383959246504317,2.3933636546129825e-15,17.618006918589536,32
0.9,6,144,1,1,1032,broad_xyz,22.35964451205876,False,0.5511586608103419,0.7823256434495839,0.844427384552809,0.3518314862594587,-0.8054276291352931,-0.4309353299109817,0.4207485315201497,0.2310959156117796,2.3933636546129825e-15,17.618006918589536,32
0.95,6,144,1,1,1032,broad_xyz,22.35964451205876,False,0.5205774963345001,0.7224284744686582,0.8261631149717065,0.1574240596773242,-0.8089932755602655,-0.4524897146066963,0.4442117909741653,0.2482920583909716,2.3933636546129825e-15,17.618006918589536,32
1.0,6,144,1,1,1032,broad_xyz,22.35964451205876,False,0.4480411717897121,0.6693456925511024,0.8663209025127473,-0.315630966767163,-0.7863176176340535,-0.4326263904736447,0.4854689643535174,0.2844170894212899,2.3933636546129825e-15,17.618006918589536,32
0.05,6,144,1,1,1033,broad_xyz,22.35964451205876,False,0.1155894673454075,0.4349425842425973,-0.2921085465311244,-0.384320306789543,-0.3533530494234059,0.0947435360509404,0.0030647268188637,0.0005015701607643,2.3933636546129825e-15,17.618006918589536,33
0.075,6,144,1,1,1033,broad_xyz,22.35964451205876,False,0.1777995801498826,0.4742209733277681,-0.2912167775115382,-0.4155660331878175,-0.379087378609446,0.1379217132176946,0.0081619470804795,0.001673720593727,2.3933636546129825e-15,17.618006918589536,33
0.1,6,144,1,1,1033,broad_xyz,22.35964451205876,False,0.2412108886216073,0.5202039987638792,-0.2796955936701176,-0.4416442413784362,-0.4026662331724252,0.1630562977202234,0.0170447767838726,0.0043949546272449,2.3933636546129825e-15,17.618006918589536,33
0.125,6,144,1,1,1033,broad_xyz,22.35964451205876,False,0.2939572401472999,0.5701342125042443,-0.2648443158119272,-0.4669910745228356,-0.4284823052514715,0.1645662499543347,0.0307448534707577,0.0099008257689421,2.3933636546129825e-15,17.618006918589536,33
0.15,6,144,1,1,1033,broad_xyz,22.35964451205876,False,0.3834155356557659,0.6492993037311469,-0.1881120223447898,-0.4405624942974903,-0.4256252185007346,0.199889856636053,0.0500139413583603,0.0201477317277277,2.3933636546129825e-15,17.618006918589536,33
0.1625,6,144,1,1,1033,broad_xyz,22.35964451205876,False,0.4481334763222059,0.6966946372875974,-0.1156923009449638,-0.3982222278696157,-0.4188561658931787,0.241193117000126,0.0623506664703558,0.028022773806736,2.3933636546129825e-15,17.618006918589536,33
0.175,6,144,1,1,1033,broad_xyz,22.35964451205876,False,0.5206843268322456,0.7424783524631831,-0.0323126536703398,-0.3466763341423827,-0.4279606569736527,0.2902663337462278,0.0770158925020497,0.0383162570730121,2.3933636546129825e-15,17.618006918589536,33
0.1875,6,144,1,1,1033,broad_xyz,22.35964451205876,False,0.6013200785313897,0.7850499858767307,0.0592705921177577,-0.2886910238749363,-0.4309205901080206,0.3438546411882784,0.0997069661715951,0.051484141316338,2.3933636546129825e-15,17.618006918589536,33
0.2,6,144,1,1,1033,broad_xyz,22.35964451205876,False,0.6828381947762551,0.8229802451362374,0.1584773994253742,-0.2233829896104767,-0.4023023859885609,0.401621339957536,0.1254138054168102,0.0673361826223944,2.3933636546129825e-15,17.618006918589536,33
0.2125,6,144,1,1,1033,broad_xyz,22.35964451205876,False,0.7570043551148016,0.8532264212264448,0.263893458960634,-0.1525711442324979,-0.3608933983377348,0.4650863719806115,0.1540744787836945,0.0856711026498197,2.3933636546129825e-15,17.618006918589536,33
0.225,6,144,1,1,1033,broad_xyz,22.35964451205876,False,0.8129997355751227,0.8705874757782961,0.3637605291358056,-0.0891272093549216,-0.3479267287122718,0.5265617408007134,0.185625094715346,0.1057472467836286,2.3933636546129825e-15,17.618006918589536,33
0.2375,6,144,1,1,1033,broad_xyz,22.35964451205876,False,0.849616848557485,0.876601482178189,0.4526290933114045,-0.0415875816261632,-0.3547759394668185,0.5811936450994897,0.2188486588710002,0.1269079850638699,2.3933636546129825e-15,17.618006918589536,33
0.25,6,144,1,1,1033,broad_xyz,22.35964451205876,False,0.8702878762690192,0.8760643203537629,0.5277103829503655,-0.0170839717297413,-0.3714654807753128,0.6260809813192807,0.2530245992948489,0.1484741798704784,2.3933636546129825e-15,17.618006918589536,33
0.27,6,144,1,1,1033,broad_xyz,22.35964451205876,False,0.8804336862474628,0.8733621265864618,0.6142637871853808,-0.0422871248194926,-0.393245791874177,0.6718025442981906,0.3075743821958742,0.1820208438348133,2.3933636546129825e-15,17.618006918589536,33
0.29,6,144,1,1,1033,broad_xyz,22.35964451205876,False,0.8741341511946003,0.8767494120291437,0.6672780106356102,-0.1469677958463731,-0.3922190837663813,0.6922413615314489,0.3585120146262562,0.2122251851266256,2.3933636546129825e-15,17.618006918589536,33
0.31,6,144,1,1,1033,broad_xyz,22.35964451205876,False,0.8569707378731716,0.8878253931881627,0.695993534278177,-0.3108446810904903,-0.3683448250397715,0.6949409987586572,0.4016422577327735,0.2367873969401001,2.3933636546129825e-15,17.618006918589536,33
0.33,6,144,1,1,1033,broad_xyz,22.35964451205876,False,0.8283762316589816,0.9018642337024344,0.7076875474348817,-0.4890211077747987,-0.3265373404988915,0.6821634524813666,0.4330662276012834,0.2538469589720019,2.3933636546129825e-15,17.618006918589536,33
0.35,6,144,1,1,1033,broad_xyz,22.35964451205876,False,0.7894880329742777,0.9099094745487416,0.7124700521943218,-0.6314667490953277,-0.2808179388706549,0.6503003192549621,0.450007413643524,0.2629333194046724,2.3933636546129825e-15,17.618006918589536,33
0.37,6,144,1,1,1033,broad_xyz,22.35964451205876,False,0.7449629503772707,0.9030455911745464,0.7217555251144504,-0.7150338508899616,-0.2569493150380755,0.5886788715546114,0.4730223181993856,0.2658966306935496,2.3933636546129825e-15,17.618006918589536,33
0.39,6,144,1,1,1033,broad_xyz,22.35964451205876,False,0.706158759728533,0.8845914831195124,0.7347398420718633,-0.7546970766757891,-0.2691386632138355,0.4918475682926946,0.497192990327451,0.2652706613304557,2.3933636546129825e-15,17.618006918589536,33
0.41,6,144,1,1,1033,broad_xyz,22.35964451205876,False,0.6804917856324751,0.8603533788590126,0.7464998479236047,-0.77115579951492,-0.3098568801800935,0.3730000632356919,0.5148723183274215,0.2629438433726789,2.3933636546129825e-15,17.618006918589536,33
0.43,6,144,1,1,1033,broad_xyz,22.35964451205876,False,0.671912317766208,0.8359748653764797,0.7530527609500496,-0.7776026829071464,-0.3466966965436671,0.2515755281070262,0.5252057549970828,0.2607366236008074,2.3933636546129825e-15,17.618006918589536,33
0.45,6,144,1,1,1033,broad_xyz,22.35964451205876,False,0.6810764499915536,0.8179020959951456,0.7540155968917047,-0.781907555073697,-0.3562888200868155,0.1426375665649435,0.5304107911742504,0.2603576344891234,2.3933636546129825e-15,17.618006918589536,33
0.5,6,144,1,1,1033,broad_xyz,22.35964451205876,False,0.7818785243276001,0.8386253037394752,0.767390240679961,-0.7919694661227804,-0.3383845555770979,-0.0385183086367995,0.5328471453025141,0.2802287071764752,2.3933636546129825e-15,17.618006918589536,33
0.55,6,144,1,1,1033,broad_xyz,22.35964451205876,False,0.849765812688179,0.8709156274639194,0.838366388313076,-0.7751491347297401,-0.5538518358927058,-0.0559407689654905,0.5444845952581566,0.3268924506146731,2.3933636546129825e-15,17.618006918589536,33
0.6,6,144,1,1,1033,broad_xyz,22.35964451205876,False,0.8121367529440324,0.8277454983009349,0.8821410771384163,-0.7414612884035803,-0.7555351230435348,-0.0395065676237425,0.5454549453535229,0.3521557059015101,2.3933636546129825e-15,17.618006918589536,33
0.6499999999999999,6,144,1,1,1033,broad_xyz,22.35964451205876,False,0.8013040406851759,0.8109731338448345,0.8947160518153029,-0.6998397047145214,-0.850533635032881,-0.1534034770089737,0.5664082719743389,0.3456366906078392,2.3933636546129825e-15,17.618006918589536,33
0.7,6,144,1,1,1033,broad_xyz,22.35964451205876,False,0.8019142053264869,0.8218545024160687,0.91609762258377,-0.5917426339282036,-0.9112665126451082,-0.2777713788111999,0.5524068933414903,0.3234942751889868,2.3933636546129825e-15,17.618006918589536,33
0.725,6,144,1,1,1033,broad_xyz,22.35964451205876,False,0.8019381127092602,0.8302301058700112,0.9278106615458632,-0.4737726135434657,-0.9343083332133164,-0.3181878270317592,0.5326700826729128,0.3096022784097074,2.3933636546129825e-15,17.618006918589536,33
0.75,6,144,1,1,1033,broad_xyz,22.35964451205876,False,0.8062443781418768,0.8394547920965547,0.935796708210145,-0.2883536161271028,-0.9497250475150282,-0.3443534964296513,0.5062693772964616,0.2940562978559445,2.3933636546129825e-15,17.618006918589536,33
0.775,6,144,1,1,1033,broad_xyz,22.35964451205876,False,0.8164883567241772,0.8487611893786746,0.9381148025722352,-0.0579075542842941,-0.9567254194062328,-0.357773999161814,0.4742079253850367,0.2770836474829155,2.3933636546129825e-15,17.618006918589536,33
0.8,6,144,1,1,1033,broad_xyz,22.35964451205876,False,0.8283270820947042,0.85731826498186,0.9335386457696512,0.1362403771354266,-0.953114790147925,-0.3627747700804082,0.4537920432059089,0.2590812523790413,2.3933636546129825e-15,17.618006918589536,33
0.825,6,144,1,1,1033,broad_xyz,22.35964451205876,False,0.8366369731670836,0.8644843461768248,0.9231600514718822,0.2519349779246375,-0.937369954124931,-0.366878718261565,0.435106173068554,0.2408048564384722,2.3933636546129825e-15,17.618006918589536,33
0.85,6,144,1,1,1033,broad_xyz,22.35964451205876,False,0.8384185451752205,0.8701891652121975,0.9110976612891336,0.3113169508982933,-0.9029807676139182,-0.3765312660460997,0.430920252937228,0.2237068139563171,2.3933636546129825e-15,17.618006918589536,33
0.875,6,144,1,1,1033,broad_xyz,22.35964451205876,False,0.8331220056771054,0.8741006117231939,0.9018968575991438,0.3428021289026565,-0.8461543277430229,-0.3902902852109641,0.4218380728289904,0.2101868704891623,2.3933636546129825e-15,17.618006918589536,33
0.9,6,144,1,1,1033,broad_xyz,22.35964451205876,False,0.8186276793096052,0.8732930913465247,0.8958242446258703,0.3526556053745193,-0.7768654041833305,-0.3955205266080994,0.4089224848698894,0.2029006621324488,2.3933636546129825e-15,17.618006918589536,33
0.95,6,144,1,1,1033,broad_xyz,22.35964451205876,False,0.7642114283607221,0.8414641747332611,0.8892521846927367,0.272762511332795,-0.8560419984498663,-0.3711148484440736,0.3774152058428128,0.2073793118596271,2.3933636546129825e-15,17.618006918589536,33
1.0,6,144,1,1,1033,broad_xyz,22.35964451205876,False,0.7266979297542236,0.774384233952127,0.8929822497973077,0.0830427726226941,-0.8587676932130228,-0.3996838279136681,0.3955096108517,0.2243927175711606,2.3933636546129825e-15,17.618006918589536,33
0.05,6,144,1,1,1034,broad_xyz,22.35964451205876,False,0.2919443605018479,0.6127152399170848,0.3082167607891573,-0.1096072000587699,0.3346315613548739,0.2155574755294754,0.0097673523061617,0.0026850955804522,2.3933636546129825e-15,17.618006918589536,34
0.075,6,144,1,1,1034,broad_xyz,22.35964451205876,False,0.3661095818154387,0.6384137060660335,0.341216030197843,-0.1895184030644576,0.2171060465551927,0.2063089999042658,0.0244358358006144,0.007242983327891,2.3933636546129825e-15,17.618006918589536,34
0.1,6,144,1,1,1034,broad_xyz,22.35964451205876,False,0.4632803453931798,0.6729870672687622,0.397080849639597,-0.2491334995272453,-0.0180836223769363,0.218349677654749,0.0480877180941919,0.015663801479582,2.3933636546129825e-15,17.618006918589536,34
0.125,6,144,1,1,1034,broad_xyz,22.35964451205876,False,0.5746205094538732,0.7187983876864945,0.4742185397804951,-0.2868292046369895,-0.3492824276473791,0.2531594928871538,0.0818896593894704,0.0297549788677306,2.3933636546129825e-15,17.618006918589536,34
0.15,6,144,1,1,1034,broad_xyz,22.35964451205876,False,0.6733991487543407,0.7675816960265227,0.5569204890276357,-0.3136048724577356,-0.6603800284349023,0.3008269680394788,0.1260279922247819,0.0516784197663968,2.3933636546129825e-15,17.618006918589536,34
0.1625,6,144,1,1,1034,broad_xyz,22.35964451205876,False,0.7110427041413978,0.7896528463370497,0.5943507232023505,-0.3291005244010139,-0.7653115521778727,0.3250073241595948,0.1517673947750441,0.0662680834002644,2.3933636546129825e-15,17.618006918589536,34
0.175,6,144,1,1,1034,broad_xyz,22.35964451205876,False,0.7423152257489182,0.8110563342091762,0.6295061991192415,-0.3471040281578954,-0.8350141118584457,0.3503699224270354,0.1797384176509172,0.0835304968300983,2.3933636546129825e-15,17.618006918589536,34
0.1875,6,144,1,1,1034,broad_xyz,22.35964451205876,False,0.7687194669430463,0.831800268455891,0.6630322984042287,-0.3681587700196078,-0.8782736447937818,0.3776725732079064,0.2097220380406073,0.1034026363762693,2.3933636546129825e-15,17.618006918589536,34
0.2,6,144,1,1,1034,broad_xyz,22.35964451205876,False,0.7913740890113096,0.8503395502749536,0.6940196754286252,-0.3953272855012867,-0.9056354569678436,0.4059338336512782,0.2414563761535751,0.1257486488330748,2.3933636546129825e-15,17.618006918589536,34
0.2125,6,144,1,1,1034,broad_xyz,22.35964451205876,False,0.8123260712998025,0.8664226588353015,0.7235985740059807,-0.4292179223145252,-0.9226601094822382,0.4360531652505703,0.274637549614128,0.1501808791431484,2.3933636546129825e-15,17.618006918589536,34
0.225,6,144,1,1,1034,broad_xyz,22.35964451205876,False,0.8327451092118051,0.8805429768509464,0.7523329672034158,-0.4708822160141839,-0.9335900705545014,0.4681060670046091,0.3089199122297258,0.1760287132373439,2.3933636546129825e-15,17.618006918589536,34
0.2375,6,144,1,1,1034,broad_xyz,22.35964451205876,False,0.8518209328494131,0.8920806264745545,0.7815038567470228,-0.5196947469210051,-0.9393453393890456,0.5025850531194073,0.3439166740282854,0.2028002481423318,2.3933636546129825e-15,17.618006918589536,34
0.25,6,144,1,1,1034,broad_xyz,22.35964451205876,False,0.8688226761167693,0.9015856545453168,0.808566287944255,-0.5786313135834893,-0.9409861006970922,0.5359597429797873,0.3792022694095529,0.2296678714485761,2.3933636546129825e-15,17.618006918589536,34
0.27,6,144,1,1,1034,broad_xyz,22.35964451205876,False,0.891344221387645,0.9133648942319516,0.8454561634572868,-0.6878619720247996,-0.9400345256404932,0.5835103547247503,0.4351038585819134,0.2709922948914746,2.3933636546129825e-15,17.618006918589536,34
0.29,6,144,1,1,1034,broad_xyz,22.35964451205876,False,0.9082749329511796,0.9226356111332502,0.8733253667835055,-0.7930751773031507,-0.936358865177058,0.6185861002375849,0.4885621772727354,0.3077020014728955,2.3933636546129825e-15,17.618006918589536,34
0.31,6,144,1,1,1034,broad_xyz,22.35964451205876,False,0.9179719995693296,0.9301471050593138,0.8927447247522161,-0.8707944565271611,-0.9279657327988994,0.6367985920721739,0.5375401055321449,0.3372003654870905,2.3933636546129825e-15,17.618006918589536,34
0.33,6,144,1,1,1034,broad_xyz,22.35964451205876,False,0.9165813081788574,0.9360207413655726,0.9049316606225362,-0.9175752541675052,-0.9185250981100384,0.6332977151720225,0.5816220548700166,0.3574565446568949,2.3933636546129825e-15,17.618006918589536,34
0.35,6,144,1,1,1034,broad_xyz,22.35964451205876,False,0.8986645190134845,0.9382232102010252,0.9132686635129884,-0.9414654088836518,-0.912641901783262,0.604295040055275,0.6190300260582868,0.3678723083529207,2.3933636546129825e-15,17.618006918589536,34
0.37,6,144,1,1,1034,broad_xyz,22.35964451205876,False,0.8615592225417928,0.9346894241205812,0.9210333823302096,-0.9494025856358774,-0.9202514821669066,0.5471851155785094,0.6479185140759569,0.3702921182306908,2.3933636546129825e-15,17.618006918589536,34
0.39,6,144,1,1,1034,broad_xyz,22.35964451205876,False,0.8071336627648303,0.9250784025746264,0.9231800819139104,-0.9498815734263906,-0.9285138012220078,0.4559141491593077,0.6671474533180423,0.3675357908282692,2.3933636546129825e-15,17.618006918589536,34
0.41,6,144,1,1,1034,broad_xyz,22.35964451205876,False,0.7473234418591757,0.9127756380375838,0.922277922667588,-0.9439860684229544,-0.9304826534013494,0.342287651304995,0.6759325527481433,0.3619736274780997,2.3933636546129825e-15,17.618006918589536,34
0.43,6,144,1,1,1034,broad_xyz,22.35964451205876,False,0.6930181845915525,0.8998869667958814,0.9178412945709544,-0.935941420852629,-0.9250377471864618,0.2183714365350815,0.6741169637980182,0.3563066522187695,2.3933636546129825e-15,17.618006918589536,34
0.45,6,144,1,1,1034,broad_xyz,22.35964451205876,False,0.6597589268757922,0.8899673664383203,0.9118116889046034,-0.9298251596154212,-0.9150591396189656,0.1019569505283747,0.66248392406565,0.353045106744905,2.3933636546129825e-15,17.618006918589536,34
0.5,6,144,1,1,1034,broad_xyz,22.35964451205876,False,0.718675349500261,0.8925598882754046,0.9053830663124366,-0.9330533502505756,-0.8826307941354482,-0.1319943858991941,0.6374575282202045,0.3687969693986003,2.3933636546129825e-15,17.618006918589536,34
0.55,6,144,1,1,1034,broad_xyz,22.35964451205876,False,0.8590312396700154,0.897319619324576,0.9086167510737077,-0.9370898170966802,-0.8727730887194977,-0.2795950297058263,0.5990825767588739,0.4130707130219485,2.3933636546129825e-15,17.618006918589536,34
0.6,6,144,1,1,1034,broad_xyz,22.35964451205876,False,0.8682565016948643,0.8765600429898146,0.9200099420465966,-0.8947926842115543,-0.9012705762985112,-0.3832839205183686,0.6119462586979225,0.4325808954841578,2.3933636546129825e-15,17.618006918589536,34
0.6499999999999999,6,144,1,1,1034,broad_xyz,22.35964451205876,False,0.8128730293628175,0.8643211763332467,0.9163478196919392,-0.8325529151941659,-0.904431006109242,-0.4734275683309636,0.606637333130106,0.4085798096456494,2.3933636546129825e-15,17.618006918589536,34
0.7,6,144,1,1,1034,broad_xyz,22.35964451205876,False,0.7945899575582224,0.8640216022646915,0.915308023378542,-0.731943521031318,-0.9109887999953272,-0.5189914784942684,0.5558184971287286,0.3611320239433169,2.3933636546129825e-15,17.618006918589536,34
0.725,6,144,1,1,1034,broad_xyz,22.35964451205876,False,0.8046427934024576,0.8647770440391408,0.9150982862992132,-0.6351899329993288,-0.9244569018896668,-0.5187612497909443,0.5205929510631716,0.3357247357038047,2.3933636546129825e-15,17.618006918589536,34
0.75,6,144,1,1,1034,broad_xyz,22.35964451205876,False,0.8198063060533011,0.8645399750049416,0.9123095957449172,-0.4934156831718494,-0.9392918088173198,-0.5073723342348345,0.49240036605205,0.3115574296596969,2.3933636546129825e-15,17.618006918589536,34
0.775,6,144,1,1,1034,broad_xyz,22.35964451205876,False,0.8281727340072936,0.8616322888590419,0.9045210519243404,-0.327462169033503,-0.950175681839586,-0.4884690808486844,0.4643245038663264,0.2895653724729476,2.3933636546129825e-15,17.618006918589536,34
0.8,6,144,1,1,1034,broad_xyz,22.35964451205876,False,0.8196353024915325,0.8563274222729157,0.8910331612431107,-0.1827329350339868,-0.9525147315456022,-0.4672356740515128,0.4396696677863702,0.2702170698931498,2.3933636546129825e-15,17.618006918589536,34
0.825,6,144,1,1,1034,broad_xyz,22.35964451205876,False,0.795924699749125,0.8541143292789471,0.8783263064185286,-0.0713196583898583,-0.9468924232867808,-0.4559086121406679,0.4401516094766426,0.2541172410606291,2.3933636546129825e-15,17.618006918589536,34
0.85,6,144,1,1,1034,broad_xyz,22.35964451205876,False,0.764295300799697,0.8548068453199869,0.8710212781674144,0.0158894290671519,-0.9269565491844002,-0.4614732771630842,0.4324178815726754,0.2420135831497728,2.3933636546129825e-15,17.618006918589536,34
0.875,6,144,1,1,1034,broad_xyz,22.35964451205876,False,0.7297396140444604,0.8536407828465367,0.870234912584941,0.0867398724096679,-0.8886003372813001,-0.4815049803491915,0.4177292759796582,0.2354006671292261,2.3933636546129825e-15,17.618006918589536,34
0.9,6,144,1,1,1034,broad_xyz,22.35964451205876,False,0.7012872426741676,0.8457597737787699,0.8765113272931528,0.1425733460530377,-0.8364166883816687,-0.4944539194252626,0.4113136700764766,0.2356991191493181,2.3933636546129825e-15,17.618006918589536,34
0.95,6,144,1,1,1034,broad_xyz,22.35964451205876,False,0.6834062806598622,0.8009083569521113,0.8988308937912353,0.1928987437574172,-0.828419332976144,-0.5101668767163896,0.4272782409061975,0.2618589085210298,2.3933636546129825e-15,17.618006918589536,34
1.0,6,144,1,1,1034,broad_xyz,22.35964451205876,False,0.6640263426803671,0.7243297313842412,0.9222591264458206,0.076214203282153,-0.7931298596627049,-0.5601776739448698,0.4515240858084235,0.3065513705163691,2.3933636546129825e-15,17.618006918589536,34
0.05,6,144,1,1,1035,broad_xyz,22.35964451205876,False,0.5697902438664353,0.6301449949477779,-0.1279673688581959,-0.273764812497547,-0.1850680240036672,0.1535634861874528,0.0026074700676838,0.000632628455042,2.3933636546129825e-15,17.618006918589536,35
0.075,6,144,1,1,1035,broad_xyz,22.35964451205876,False,0.6998878523073809,0.6661840171996416,-0.0014541119630251,-0.2067608709948245,-0.0982183915880025,0.0406471121452291,0.0071705981096783,0.0018512456820849,2.3933636546129825e-15,17.618006918589536,35
0.1,6,144,1,1,1035,broad_xyz,22.35964451205876,False,0.7191419988929899,0.6957549931457121,0.1006952825814721,-0.1722012867902048,-0.0968600814789652,-0.0560137223058259,0.0164887599655747,0.0045596925834877,2.3933636546129825e-15,17.618006918589536,35
0.125,6,144,1,1,1035,broad_xyz,22.35964451205876,False,0.6750144393491379,0.7237032280312925,0.1830297244270052,-0.1720481342342135,-0.2173614716970501,-0.1150643713439466,0.0311443860628682,0.0099472956268556,2.3933636546129825e-15,17.618006918589536,35
0.15,6,144,1,1,1035,broad_xyz,22.35964451205876,False,0.627929334156347,0.7368392745065554,0.2419576641081582,-0.2104279722485841,-0.5353190511156395,-0.1270571219832104,0.0530023663700993,0.0194599540031214,2.3933636546129825e-15,17.618006918589536,35
0.1625,6,144,1,1,1035,broad_xyz,22.35964451205876,False,0.6100652996188185,0.7357648304869838,0.2768489219835145,-0.2338687176000431,-0.7041295386573112,-0.1323982634208574,0.0691386632479558,0.026474896916986,2.3933636546129825e-15,17.618006918589536,35
0.175,6,144,1,1,1035,broad_xyz,22.35964451205876,False,0.596717755058355,0.7308670770199905,0.3055877980975901,-0.26934727067818,-0.7961981961932585,-0.1314724126123018,0.0891593836420598,0.0352886574656601,2.3933636546129825e-15,17.618006918589536,35
0.1875,6,144,1,1,1035,broad_xyz,22.35964451205876,False,0.5857851204006036,0.7230481570551361,0.3257660998855053,-0.3196392043201316,-0.8164698307523648,-0.1259170633133781,0.1131013096840081,0.0460804797018976,2.3933636546129825e-15,17.618006918589536,35
0.2,6,144,1,1,1035,broad_xyz,22.35964451205876,False,0.5758728195187184,0.7111468860343032,0.3456013782663886,-0.3766375775713435,-0.803854355383091,-0.1246404490016978,0.1393301803406348,0.0593267728390479,2.3933636546129825e-15,17.618006918589536,35
0.2125,6,144,1,1,1035,broad_xyz,22.35964451205876,False,0.5636102046972252,0.6935970518328771,0.3746577600331632,-0.4287877894929498,-0.7875116684757092,-0.1385173123606776,0.1673683951610245,0.0756420391170586,2.3933636546129825e-15,17.618006918589536,35
0.225,6,144,1,1,1035,broad_xyz,22.35964451205876,False,0.5481298038376764,0.6730576367027962,0.411251601823025,-0.4787901635148274,-0.7802396516392804,-0.163831155417494,0.1966447339945311,0.0949910989097277,2.3933636546129825e-15,17.618006918589536,35
0.2375,6,144,1,1,1035,broad_xyz,22.35964451205876,False,0.5370255985627828,0.658913087730341,0.4359163366292688,-0.5382749174895283,-0.7617305443703247,-0.1721479956743416,0.2270636453122347,0.1160167307032439,2.3933636546129825e-15,17.618006918589536,35
0.25,6,144,1,1,1035,broad_xyz,22.35964451205876,False,0.518990851123,0.6406678146443533,0.4732936557307356,-0.5803803510432803,-0.7457275818562724,-0.1818030767139543,0.2591968575864015,0.13879037041985,2.3933636546129825e-15,17.618006918589536,35
0.27,6,144,1,1,1035,broad_xyz,22.35964451205876,False,0.5058671203104267,0.6371478329793174,0.5184530216698899,-0.646956530631784,-0.6952299789096424,-0.1526225441322805,0.3071086934644828,0.1754384896466208,2.3933636546129825e-15,17.618006918589536,35
0.29,6,144,1,1,1035,broad_xyz,22.35964451205876,False,0.52321811839223,0.6733498041869065,0.5525409880177087,-0.7086528351818114,-0.6166534839854846,-0.0664668143417335,0.3467533582719641,0.2091282826343568,2.3933636546129825e-15,17.618006918589536,35
0.31,6,144,1,1,1035,broad_xyz,22.35964451205876,False,0.5704890114811063,0.7421420685650423,0.5870074903809335,-0.7672018214145365,-0.4993355345667064,0.0599606209336098,0.374385808318416,0.2372369347132727,2.3933636546129825e-15,17.618006918589536,35
0.33,6,144,1,1,1035,broad_xyz,22.35964451205876,False,0.6344791618632385,0.8229746679263248,0.6250889860384091,-0.8279653448379074,-0.3596969863839803,0.1966474561467747,0.3915452611488146,0.2578306206729822,2.3933636546129825e-15,17.618006918589536,35
0.35,6,144,1,1,1035,broad_xyz,22.35964451205876,False,0.6876578548969977,0.8870022784725471,0.6649632702330183,-0.8851912849651783,-0.2517790166731466,0.3034334078907179,0.4305750855357601,0.2701487457151932,2.3933636546129825e-15,17.618006918589536,35
0.37,6,144,1,1,1035,broad_xyz,22.35964451205876,False,0.7077906012752613,0.9156165453163644,0.7247519892393076,-0.9157113673595644,-0.2358517453661982,0.3408540039972282,0.4750770222302132,0.2772557685930126,2.3933636546129825e-15,17.618006918589536,35
0.39,6,144,1,1,1035,broad_xyz,22.35964451205876,False,0.7065935454273051,0.921931557508808,0.7898480704504763,-0.9248592905734636,-0.2859374942425235,0.3158718541164086,0.5201745406489449,0.2815780851253229,2.3933636546129825e-15,17.618006918589536,35
0.41,6,144,1,1,1035,broad_xyz,22.35964451205876,False,0.6978708728372174,0.9224621515879528,0.8379950950860584,-0.9259194509155309,-0.3800317131833758,0.2509407024481105,0.5500534361686562,0.2848197493800095,2.3933636546129825e-15,17.618006918589536,35
0.43,6,144,1,1,1035,broad_xyz,22.35964451205876,False,0.6825240573357761,0.9224283667560658,0.8688585317509759,-0.9224544205600214,-0.4770492858675675,0.1695400062512762,0.5632703324227996,0.2885966271703543,2.3933636546129825e-15,17.618006918589536,35
0.45,6,144,1,1,1035,broad_xyz,22.35964451205876,False,0.6693470492995349,0.9239319587267624,0.885909636201818,-0.9198511630311836,-0.5326864136466364,0.0998293777391442,0.5604473726951212,0.2934136908145663,2.3933636546129825e-15,17.618006918589536,35
0.5,6,144,1,1,1035,broad_xyz,22.35964451205876,False,0.7130420292189347,0.9141037103951534,0.8881035062697591,-0.9333294768222292,-0.4732641173800597,-0.0362275824752724,0.5026493867011441,0.3117191920733144,2.3933636546129825e-15,17.618006918589536,35
0.55,6,144,1,1,1035,broad_xyz,22.35964451205876,False,0.7410316722163466,0.8570214182582913,0.8671221423523633,-0.918871695427262,-0.4411263424780783,-0.2399755052459411,0.5010542547102997,0.3358464543501407,2.3933636546129825e-15,17.618006918589536,35
0.6,6,144,1,1,1035,broad_xyz,22.35964451205876,False,0.5729662065125534,0.7649805514202793,0.8655409087712888,-0.8229737429724782,-0.5531392807639541,-0.5085538963514386,0.5433774775090321,0.3501884020299048,2.3933636546129825e-15,17.618006918589536,35
0.6499999999999999,6,144,1,1,1035,broad_xyz,22.35964451205876,False,0.5721444323676507,0.7940597679010742,0.8839051706133292,-0.7608760456965102,-0.7087688674500958,-0.6165350176303943,0.5450004087397466,0.3469352779189019,2.3933636546129825e-15,17.618006918589536,35
0.7,6,144,1,1,1035,broad_xyz,22.35964451205876,False,0.6905901197965996,0.8573420284755073,0.910306694546606,-0.7609343300652225,-0.8261658939583624,-0.5848320397131362,0.5301105162642058,0.336582418205158,2.3933636546129825e-15,17.618006918589536,35
0.725,6,144,1,1,1035,broad_xyz,22.35964451205876,False,0.7373264255604959,0.8717582297954363,0.916991361903596,-0.7399355466592838,-0.8567640902946685,-0.5635782147700129,0.5344567430856858,0.3300455453883877,2.3933636546129825e-15,17.618006918589536,35
0.75,6,144,1,1,1035,broad_xyz,22.35964451205876,False,0.7566058734956151,0.878406556957611,0.9185882025554696,-0.6690018693533203,-0.8693748221459767,-0.5524441797532826,0.5365862252870262,0.3221363182037897,2.3933636546129825e-15,17.618006918589536,35
0.775,6,144,1,1,1035,broad_xyz,22.35964451205876,False,0.7438708712970575,0.881929003888612,0.916632129483897,-0.5075961194093385,-0.8759853220718076,-0.5487562891822846,0.5261399687665533,0.3122597831249773,2.3933636546129825e-15,17.618006918589536,35
0.8,6,144,1,1,1035,broad_xyz,22.35964451205876,False,0.7010348862592487,0.8835574809635771,0.9125350162581785,-0.2584738487795152,-0.88221180089178,-0.5479127862822216,0.5226608970234093,0.3004889126432088,2.3933636546129825e-15,17.618006918589536,35
0.825,6,144,1,1,1035,broad_xyz,22.35964451205876,False,0.6401431365720643,0.8808529419188502,0.9060907838845368,-0.0347278233385723,-0.8880706086615393,-0.5461801840091899,0.5276024918401252,0.2879965545270008,2.3933636546129825e-15,17.618006918589536,35
0.85,6,144,1,1,1035,broad_xyz,22.35964451205876,False,0.5829077799224028,0.8723908185033271,0.8989480403673923,0.0954282183147643,-0.8916931216158258,-0.5433088688528329,0.5367900349112035,0.2768639648539899,2.3933636546129825e-15,17.618006918589536,35
0.875,6,144,1,1,1035,broad_xyz,22.35964451205876,False,0.545344148371912,0.8606716439844534,0.8961200026402243,0.1625139885402063,-0.8860263246065314,-0.5415083916777189,0.5399943057413582,0.2693417315479323,2.3933636546129825e-15,17.618006918589536,35
0.9,6,144,1,1,1035,broad_xyz,22.35964451205876,False,0.5350240984782652,0.8485360403153638,0.8986371710972086,0.1938062839234939,-0.8704928295341859,-0.542564984007018,0.5315255924097706,0.2669418107314136,2.3933636546129825e-15,17.618006918589536,35
0.95,6,144,1,1,1035,broad_xyz,22.35964451205876,False,0.5890991473792846,0.8284337464576366,0.9056527009794518,0.1567799582982562,-0.9224161136976384,-0.5552759077242275,0.5130111356508836,0.2765694087424307,2.3933636546129825e-15,17.618006918589536,35
1.0,6,144,1,1,1035,broad_xyz,22.35964451205876,False,0.6331312347947343,0.8020899256838674,0.9189856474256384,-0.0121725271279467,-0.9107157302205666,-0.5684434666626657,0.5321942756237206,0.2922831852490257,2.3933636546129825e-15,17.618006918589536,35
0.05,6,144,1,1,1036,broad_xyz,22.35964451205876,False,0.3708565763546714,0.5271016155057556,0.2901406974361782,-0.3196304085733361,-0.1790206198684489,0.2370401062532519,0.0055724493420162,0.0012957175489618,2.3933636546129825e-15,17.618006918589536,36
0.075,6,144,1,1,1036,broad_xyz,22.35964451205876,False,0.4962481097509147,0.5806728862300172,0.3949041843750896,-0.3785947689818117,-0.320121611555629,0.1510864635733667,0.0147229136196922,0.0038043026376185,2.3933636546129825e-15,17.618006918589536,36
0.1,6,144,1,1,1036,broad_xyz,22.35964451205876,False,0.6048425539090164,0.634445367866673,0.4932079650816524,-0.4403114302477419,-0.5349097246140659,0.0769871428198759,0.032377284872118,0.0090833896423575,2.3933636546129825e-15,17.618006918589536,36
0.125,6,144,1,1,1036,broad_xyz,22.35964451205876,False,0.68074533019944,0.6857831723754925,0.5818211107887991,-0.5013180381435244,-0.7647229299961741,0.0153747370213716,0.0599695791407349,0.0191775666531742,2.3933636546129825e-15,17.618006918589536,36
0.15,6,144,1,1,1036,broad_xyz,22.35964451205876,False,0.7277915266200432,0.7397716441628258,0.667503598277145,-0.5499191895036657,-0.909916457012644,-0.0236970128234362,0.0980309482528019,0.036554996096536,2.3933636546129825e-15,17.618006918589536,36
0.1625,6,144,1,1,1036,broad_xyz,22.35964451205876,False,0.7503605431285032,0.7705050916933615,0.7102910075387614,-0.5682396159793736,-0.9447710486409944,-0.0318811474011806,0.1207149506500611,0.0489855096341518,2.3933636546129825e-15,17.618006918589536,36
0.175,6,144,1,1,1036,broad_xyz,22.35964451205876,False,0.7737145025480081,0.8007907122243865,0.749718194633783,-0.5841514259663884,-0.9598519335251032,-0.0348305466863251,0.1455092255007294,0.0642438337829728,2.3933636546129825e-15,17.618006918589536,36
0.1875,6,144,1,1,1036,broad_xyz,22.35964451205876,False,0.7971948623149054,0.8268262216552008,0.7838010220254836,-0.6001029064380171,-0.9598408523091704,-0.037417838509648,0.1720886506395479,0.0826080998363345,2.3933636546129825e-15,17.618006918589536,36
0.2,6,144,1,1,1036,broad_xyz,22.35964451205876,False,0.8214328594908458,0.8471898165357581,0.8124385151102688,-0.6189528153517433,-0.9477323619380786,-0.0413691816705564,0.2005691799792628,0.1041382972314796,2.3933636546129825e-15,17.618006918589536,36
0.2125,6,144,1,1,1036,broad_xyz,22.35964451205876,False,0.8450730647758873,0.8615550526315345,0.8352784474535931,-0.6442637156447969,-0.9265212373820564,-0.0457957966099782,0.230282615237599,0.1282929989912571,2.3933636546129825e-15,17.618006918589536,36
0.225,6,144,1,1,1036,broad_xyz,22.35964451205876,False,0.86716172657176,0.8714795858096978,0.8544422906367444,-0.6760455432122852,-0.8993656027803378,-0.0514820944446275,0.260505054730491,0.1541780802477907,2.3933636546129825e-15,17.618006918589536,36
0.2375,6,144,1,1,1036,broad_xyz,22.35964451205876,False,0.8862887879251725,0.8761342089617543,0.8716431168044879,-0.7133271930724854,-0.8736473702897091,-0.0640011207633187,0.2908861932073566,0.1813059484366936,2.3933636546129825e-15,17.618006918589536,36
0.25,6,144,1,1,1036,broad_xyz,22.35964451205876,False,0.9014684439433526,0.8777637965793227,0.8875343084713527,-0.7547245902177572,-0.8513887482024274,-0.0807362419146766,0.3211135112919844,0.2088972623353671,2.3933636546129825e-15,17.618006918589536,36
0.27,6,144,1,1,1036,broad_xyz,22.35964451205876,False,0.9154620208798132,0.8795436169954169,0.9078413085458794,-0.825916760346322,-0.822135406093063,-0.1012671692418054,0.3684303993632264,0.2517276196886631,2.3933636546129825e-15,17.618006918589536,36
0.29,6,144,1,1,1036,broad_xyz,22.35964451205876,False,0.917460115408464,0.8832330018173488,0.9233905308197936,-0.8888993048801679,-0.7956843497384718,-0.1059562862083909,0.4164520665435408,0.2905593596684442,2.3933636546129825e-15,17.618006918589536,36
0.31,6,144,1,1,1036,broad_xyz,22.35964451205876,False,0.91313749542065,0.8911620933938904,0.9357156106228808,-0.933793002358536,-0.7733905303376493,-0.0896962644414294,0.4648077450239448,0.3229456432083074,2.3933636546129825e-15,17.618006918589536,36
0.33,6,144,1,1,1036,broad_xyz,22.35964451205876,False,0.907447515982529,0.9031433189274826,0.945737633110988,-0.960439699668694,-0.7526196212928484,-0.0544364825570964,0.5062348195544547,0.3469721337817709,2.3933636546129825e-15,17.618006918589536,36
0.35,6,144,1,1,1036,broad_xyz,22.35964451205876,False,0.901739101920942,0.9165924483642592,0.9536846107586222,-0.973911989288004,-0.7322792653369123,-0.0116686144772383,0.5393008004988714,0.3617349825030278,2.3933636546129825e-15,17.618006918589536,36
0.37,6,144,1,1,1036,broad_xyz,22.35964451205876,False,0.8973298033529932,0.9274717637696404,0.9584254999503382,-0.979477320830136,-0.7077505724901327,0.028650383851065,0.5677286279029504,0.3684770731054258,2.3933636546129825e-15,17.618006918589536,36
0.39,6,144,1,1,1036,broad_xyz,22.35964451205876,False,0.8942932473327798,0.93397913392297,0.9608065045985856,-0.9792365686837324,-0.7034818867650786,0.0546434794740272,0.5878750811082426,0.3708079403669326,2.3933636546129825e-15,17.618006918589536,36
0.41,6,144,1,1,1036,broad_xyz,22.35964451205876,False,0.8876971578776354,0.9370337137042276,0.9622129671508144,-0.9748275136279662,-0.725261141655938,0.0691012663443088,0.5982651406750452,0.3719108160353721,2.3933636546129825e-15,17.618006918589536,36
0.43,6,144,1,1,1036,broad_xyz,22.35964451205876,False,0.8774368676222413,0.939059953337908,0.96181929612656,-0.9688815092089076,-0.755925291478522,0.082122876723624,0.6002079925361898,0.3720066991294319,2.3933636546129825e-15,17.618006918589536,36
0.45,6,144,1,1,1036,broad_xyz,22.35964451205876,False,0.8668164106600666,0.9405274600740112,0.9612495887084472,-0.9645221586236778,-0.7867112561787616,0.0898479191697806,0.5990237145786244,0.3727500440762219,2.3933636546129825e-15,17.618006918589536,36
0.5,6,144,1,1,1036,broad_xyz,22.35964451205876,False,0.8311959273110032,0.9324785999955592,0.963486233563412,-0.970806558441835,-0.8275403445069436,0.0539549294149601,0.6061855152765656,0.3874853248243645,2.3933636546129825e-15,17.618006918589536,36
0.55,6,144,1,1,1036,broad_xyz,22.35964451205876,False,0.7315182876607251,0.8690619489994034,0.956510680851654,-0.966803935116726,-0.8706826080214153,-0.1356920410702893,0.64271004498317,0.422834217399574,2.3933636546129825e-15,17.618006918589536,36
0.6,6,144,1,1,1036,broad_xyz,22.35964451205876,False,0.6167954004970226,0.7493009235749796,0.9226020997233436,-0.942030580277772,-0.909471377040531,-0.4254230522824738,0.6587875836509534,0.4402939444494858,2.3933636546129825e-15,17.618006918589536,36
0.6499999999999999,6,144,1,1,1036,broad_xyz,22.35964451205876,False,0.5756648096989827,0.6935839223961386,0.9018979478266492,-0.9122272508972732,-0.9029319088355626,-0.5613524368537585,0.6517587268154174,0.422354163875476,2.3933636546129825e-15,17.618006918589536,36
0.7,6,144,1,1,1036,broad_xyz,22.35964451205876,False,0.6053688416678943,0.7302762939007726,0.9137836933598832,-0.8580059706349565,-0.913972122778912,-0.5788769907240834,0.6199364607577948,0.3850779261658908,2.3933636546129825e-15,17.618006918589536,36
0.725,6,144,1,1,1036,broad_xyz,22.35964451205876,False,0.6257458518846054,0.7569442913851837,0.919553195993757,-0.7929447998216739,-0.9196658749202782,-0.5717168878039219,0.5988563137244781,0.3643073802843472,2.3933636546129825e-15,17.618006918589536,36
0.75,6,144,1,1,1036,broad_xyz,22.35964451205876,False,0.6418111048291406,0.7772195357525443,0.920300240942248,-0.6624781190786602,-0.91769060333224,-0.5626166590115886,0.5764540520742372,0.3438104789067442,2.3933636546129825e-15,17.618006918589536,36
0.775,6,144,1,1,1036,broad_xyz,22.35964451205876,False,0.6533218856237796,0.790121159261995,0.9163701274439756,-0.4272376088996874,-0.9113139944054854,-0.5539668920250245,0.5603043576406115,0.3241930852720141,2.3933636546129825e-15,17.618006918589536,36
0.8,6,144,1,1,1036,broad_xyz,22.35964451205876,False,0.6589262606268584,0.7991364988353142,0.9097519206029656,-0.1345973373066835,-0.9017894700513404,-0.5422061896649738,0.5438821040262065,0.305532818594112,2.3933636546129825e-15,17.618006918589536,36
0.825,6,144,1,1,1036,broad_xyz,22.35964451205876,False,0.6579201419469398,0.8076662460745437,0.902312424305322,0.0815062548737283,-0.8901356730414911,-0.5217950508331323,0.526687393771334,0.2878485322096177,2.3933636546129825e-15,17.618006918589536,36
0.85,6,144,1,1,1036,broad_xyz,22.35964451205876,False,0.6510187449645941,0.8160993284119811,0.8955212358072105,0.182449935606663,-0.8786623059136867,-0.4908563390182505,0.5092868461339488,0.2717930948363752,2.3933636546129825e-15,17.618006918589536,36
0.875,6,144,1,1,1036,broad_xyz,22.35964451205876,False,0.6410677042187857,0.8214622642966108,0.8909780418781047,0.2108979083977318,-0.8653892300340376,-0.4536594483503217,0.4941404247088583,0.2593709279455034,2.3933636546129825e-15,17.618006918589536,36
0.9,6,144,1,1,1036,broad_xyz,22.35964451205876,False,0.628148274734458,0.8178095230274876,0.888117823384232,0.2051765508854632,-0.8426655586613814,-0.4228826405487902,0.4837388846468001,0.2538066440346407,2.3933636546129825e-15,17.618006918589536,36
0.95,6,144,1,1,1036,broad_xyz,22.35964451205876,False,0.565903490171748,0.7711246929521566,0.8888481941909544,0.1493657915819232,-0.885631183772754,-0.4006083162116056,0.4750157644816877,0.2658693940980811,2.3933636546129825e-15,17.618006918589536,36
1.0,6,144,1,1,1036,broad_xyz,22.35964451205876,False,0.4541390922096345,0.6768444190246385,0.8841209813793817,-0.0581267385651322,-0.8915022930154317,-0.4411851651909024,0.4849068898627507,0.293715616904552,2.3933636546129825e-15,17.618006918589536,36
0.05,6,144,1,1,1037,broad_xyz,22.35964451205876,False,0.1677246006765952,0.5946961142653179,-0.3697969425134059,-0.530526886136691,-0.3834818496596999,0.2429952064796974,0.0058456927324102,0.0016550301228052,2.3933636546129825e-15,17.618006918589536,37
0.075,6,144,1,1,1037,broad_xyz,22.35964451205876,False,0.1786543072454224,0.5904621445491725,-0.3662786443209273,-0.567997834310437,-0.4402716583003895,0.2422168723089745,0.0150044020936488,0.0042509926302451,2.3933636546129825e-15,17.618006918589536,37
0.1,6,144,1,1,1037,broad_xyz,22.35964451205876,False,0.2053976553519981,0.59315452388257,-0.3556386112594283,-0.6042172006841426,-0.5186455432023661,0.2530235994513301,0.0306515499401468,0.0088234117999863,2.3933636546129825e-15,17.618006918589536,37
0.125,6,144,1,1,1037,broad_xyz,22.35964451205876,False,0.2569132775378114,0.6075987480919238,-0.3339188198794012,-0.6379245480469814,-0.6038864112161074,0.2770561418463099,0.053693850346029,0.0163173027573957,2.3933636546129825e-15,17.618006918589536,37
0.15,6,144,1,1,1037,broad_xyz,22.35964451205876,False,0.3526403938730823,0.6474728312693279,-0.2829818397933097,-0.662748091538576,-0.6833991412894458,0.3150532245505137,0.0850203086703118,0.0284745497797233,2.3933636546129825e-15,17.618006918589536,37
0.1625,6,144,1,1,1037,broad_xyz,22.35964451205876,False,0.4133545737372977,0.6784665354056038,-0.2455650295062783,-0.6724347735724072,-0.7195216494370638,0.3400864032409214,0.1036525164508302,0.0371811445595429,2.3933636546129825e-15,17.618006918589536,37
0.175,6,144,1,1,1037,broad_xyz,22.35964451205876,False,0.4785399885981022,0.7205863246412507,-0.1967323380303505,-0.6793744234230613,-0.7524908725467305,0.3684483955255823,0.124411812387989,0.048305021917166,2.3933636546129825e-15,17.618006918589536,37
0.1875,6,144,1,1,1037,broad_xyz,22.35964451205876,False,0.5480541800282577,0.7703995515939616,-0.136734116670161,-0.6825459446399573,-0.7803051449230705,0.3958189555996552,0.146812075563735,0.0621876449805672,2.3933636546129825e-15,17.618006918589536,37
0.2,6,144,1,1,1037,broad_xyz,22.35964451205876,False,0.6128350871462257,0.8173680737158275,-0.0701967038356767,-0.6828227231408217,-0.7986395142962557,0.4199124265691512,0.1704774754170002,0.0787618730168741,2.3933636546129825e-15,17.618006918589536,37
0.2125,6,144,1,1,1037,broad_xyz,22.35964451205876,False,0.6705555660567927,0.8570720118749664,0.0007075173240805,-0.6807956064870194,-0.8044880328351671,0.4379874809163078,0.1950728782966702,0.0979197422048259,2.3933636546129825e-15,17.618006918589536,37
0.225,6,144,1,1,1037,broad_xyz,22.35964451205876,False,0.7231222186093484,0.8893210230334285,0.0807105067028341,-0.6748658800849963,-0.794368984639116,0.449453824425671,0.2221150940716351,0.1195092871598713,2.3933636546129825e-15,17.618006918589536,37
0.2375,6,144,1,1,1037,broad_xyz,22.35964451205876,False,0.7632814971727536,0.909749982794744,0.1613327841761572,-0.6711775055375766,-0.7698583753884557,0.4553423720829209,0.2522304540942916,0.1427027986015822,2.3933636546129825e-15,17.618006918589536,37
0.25,6,144,1,1,1037,broad_xyz,22.35964451205876,False,0.7936813268462742,0.9208286157482392,0.2444292405338246,-0.6693071497911787,-0.7380255731830894,0.4555463011543593,0.2848353368681511,0.1671092861755155,2.3933636546129825e-15,17.618006918589536,37
0.27,6,144,1,1,1037,broad_xyz,22.35964451205876,False,0.8276149119170203,0.927647196943096,0.3674881896107442,-0.6824473805434802,-0.6766225593698804,0.4514368888687761,0.3440736957520426,0.2061215392350403,2.3933636546129825e-15,17.618006918589536,37
0.29,6,144,1,1,1037,broad_xyz,22.35964451205876,False,0.8467147431077606,0.9272529125909532,0.4701572894081604,-0.7164532785539455,-0.6102849365628539,0.4503045594408492,0.3999966984192721,0.2424301825790386,2.3933636546129825e-15,17.618006918589536,37
0.31,6,144,1,1,1037,broad_xyz,22.35964451205876,False,0.8560840739478115,0.927532871873164,0.5506053084693769,-0.7639526958550056,-0.5478310883307048,0.4571331820920172,0.449246806201188,0.2735095092126248,2.3933636546129825e-15,17.618006918589536,37
0.33,6,144,1,1,1037,broad_xyz,22.35964451205876,False,0.8594322425774276,0.93179349174519,0.6136635411579581,-0.8135275099176351,-0.4965371924541217,0.4714492173916961,0.4883984588968969,0.2976574164897207,2.3933636546129825e-15,17.618006918589536,37
0.35,6,144,1,1,1037,broad_xyz,22.35964451205876,False,0.8615181288377457,0.9387483894374424,0.6674413753544566,-0.8548818112756978,-0.450330986152954,0.4877580292544569,0.516956118100017,0.3142135720270859,2.3933636546129825e-15,17.618006918589536,37
0.37,6,144,1,1,1037,broad_xyz,22.35964451205876,False,0.861912204309592,0.9445907593487776,0.7207509136128253,-0.8810199719274979,-0.4178958620415582,0.504615888082476,0.5407604340867387,0.3244900471078956,2.3933636546129825e-15,17.618006918589536,37
0.39,6,144,1,1,1037,broad_xyz,22.35964451205876,False,0.864755135813307,0.947960914849712,0.776473753024735,-0.8854751458447202,-0.4111683174021778,0.5032704300795626,0.5563820121290401,0.3306505908042513,2.3933636546129825e-15,17.618006918589536,37
0.41,6,144,1,1,1037,broad_xyz,22.35964451205876,False,0.8667278203400632,0.947688693912013,0.8183609083106251,-0.8772295495341234,-0.4146127969254737,0.4825826850975,0.5645025666923991,0.3323999212909669,2.3933636546129825e-15,17.618006918589536,37
0.43,6,144,1,1,1037,broad_xyz,22.35964451205876,False,0.8623002650359755,0.9431485274670016,0.841360666386469,-0.8646801076089327,-0.4257493313489765,0.4327265346071142,0.5676302855119891,0.3307189980701888,2.3933636546129825e-15,17.618006918589536,37
0.45,6,144,1,1,1037,broad_xyz,22.35964451205876,False,0.8509607315380192,0.9364183695363412,0.850023145785971,-0.8541919450828934,-0.432579764949334,0.3598358282352978,0.5662166909959672,0.3276704308996057,2.3933636546129825e-15,17.618006918589536,37
0.5,6,144,1,1,1037,broad_xyz,22.35964451205876,False,0.8216999556861877,0.9242816138560996,0.8303441253770321,-0.8640503777781476,-0.361383917544219,0.1309606744080174,0.5475269614082325,0.3257771762129296,2.3933636546129825e-15,17.618006918589536,37
0.55,6,144,1,1,1037,broad_xyz,22.35964451205876,False,0.7991289267895482,0.8982147818344558,0.7664797781971573,-0.8715970574433693,-0.4307327960614724,-0.0813978917414812,0.534093293992019,0.3440169203644798,2.3933636546129825e-15,17.618006918589536,37
0.6,6,144,1,1,1037,broad_xyz,22.35964451205876,False,0.7677317559463982,0.8123022936941307,0.7960240487610509,-0.7947723435701805,-0.7403842798715533,-0.3148435984359868,0.5459196807077316,0.3669606099916624,2.3933636546129825e-15,17.618006918589536,37
0.6499999999999999,6,144,1,1,1037,broad_xyz,22.35964451205876,False,0.7263015998056782,0.7826165672167927,0.8231907239350056,-0.7720645637541765,-0.8832271245356678,-0.4438481825189289,0.5258441387087621,0.3583363195126173,2.3933636546129825e-15,17.618006918589536,37
0.7,6,144,1,1,1037,broad_xyz,22.35964451205876,False,0.7384857459181716,0.8163942146986739,0.8545635294484651,-0.7548392695075168,-0.9281071936771116,-0.4760295197185662,0.5388973867352373,0.3302656296710438,2.3933636546129825e-15,17.618006918589536,37
0.725,6,144,1,1,1037,broad_xyz,22.35964451205876,False,0.7507998657818736,0.8329512098359735,0.8746934685998183,-0.7273883624261441,-0.9349595258964044,-0.4733810080341829,0.5378387558520796,0.3155058071120924,2.3933636546129825e-15,17.618006918589536,37
0.75,6,144,1,1,1037,broad_xyz,22.35964451205876,False,0.7497168697875809,0.8444563662096395,0.8930854387596787,-0.6742543896135864,-0.9373700342216204,-0.4660544169125536,0.533009280005829,0.3020519386891506,2.3933636546129825e-15,17.618006918589536,37
0.775,6,144,1,1,1037,broad_xyz,22.35964451205876,False,0.7354797496706094,0.8512720813421137,0.9064029088084554,-0.5736647035624739,-0.9380180407629648,-0.4609044992756547,0.520218890160464,0.2899216181415715,2.3933636546129825e-15,17.618006918589536,37
0.8,6,144,1,1,1037,broad_xyz,22.35964451205876,False,0.7217569009772984,0.854374256698957,0.9127229243339566,-0.3886101648560181,-0.9370883935828908,-0.4610930871406623,0.5035384838730398,0.2787421747010101,2.3933636546129825e-15,17.618006918589536,37
0.825,6,144,1,1,1037,broad_xyz,22.35964451205876,False,0.7212978842039579,0.8540907025420693,0.9114862156248872,-0.1091456088340956,-0.9352492530107748,-0.4676480098086554,0.4897909169869418,0.2682647516814903,2.3933636546129825e-15,17.618006918589536,37
0.85,6,144,1,1,1037,broad_xyz,22.35964451205876,False,0.7341263684754246,0.8505611431842635,0.90367331884793,0.1554233599716717,-0.927338813096933,-0.4792458173586316,0.4766415909935332,0.2586374682988352,2.3933636546129825e-15,17.618006918589536,37
0.875,6,144,1,1,1037,broad_xyz,22.35964451205876,False,0.74975969444778,0.8445373465354475,0.8940549796535332,0.3163683611626677,-0.8997229427570435,-0.4859611117853659,0.4713855345538846,0.2502187610235606,2.3933636546129825e-15,17.618006918589536,37
0.9,6,144,1,1,1037,broad_xyz,22.35964451205876,False,0.7522797098115042,0.8352007094583219,0.8893921969142256,0.405950557447722,-0.8490141618639833,-0.4767391026493449,0.475027466949588,0.2438599685978313,2.3933636546129825e-15,17.618006918589536,37
0.95,6,144,1,1,1037,broad_xyz,22.35964451205876,False,0.6830398735414586,0.7808701230747582,0.8784510864506977,0.4746829075904731,-0.8557068974321639,-0.4387187551006434,0.4766767033988097,0.2438394329432347,2.3933636546129825e-15,17.618006918589536,37
1.0,6,144,1,1,1037,broad_xyz,22.35964451205876,False,0.5493183202740288,0.6678345890418412,0.854165237683311,0.2943345655828486,-0.8433823948427852,-0.38168942360178,0.5084177430071979,0.2581259734838129,2.3933636546129825e-15,17.618006918589536,37
0.05,6,144,1,1,1038,broad_xyz,22.35964451205876,False,0.3606085575826207,0.6048131226930521,-0.0131105701651008,-0.3054718765581965,0.0402103304478157,0.2512022936843295,0.0067135287482281,0.0017198038001964,2.3933636546129825e-15,17.618006918589536,38
0.075,6,144,1,1,1038,broad_xyz,22.35964451205876,False,0.4521012550330641,0.6265178011237308,0.0721383864108729,-0.3216293017649603,0.0457469212261217,0.2753550028689306,0.0167864906030809,0.0044916287304972,2.3933636546129825e-15,17.618006918589536,38
0.1,6,144,1,1,1038,broad_xyz,22.35964451205876,False,0.5485304227599882,0.6543273141715121,0.1644809960539372,-0.3490711026344896,-0.0264024279204373,0.3017088197446274,0.0334781770574323,0.0094983033584789,2.3933636546129825e-15,17.618006918589536,38
0.125,6,144,1,1,1038,broad_xyz,22.35964451205876,False,0.6435109234728918,0.6926806550333907,0.2646475234932137,-0.3873795987129662,-0.2131547206131908,0.338521191693907,0.058201077039197,0.0179285374318566,2.3933636546129825e-15,17.618006918589536,38
0.15,6,144,1,1,1038,broad_xyz,22.35964451205876,False,0.7229060382315939,0.7431516339822788,0.3703899257171925,-0.4358960050383511,-0.5025993164924724,0.3907343555119058,0.0909962566065497,0.031485474751262,2.3933636546129825e-15,17.618006918589536,38
0.1625,6,144,1,1,1038,broad_xyz,22.35964451205876,False,0.751846459947438,0.771393999846293,0.4253790256384267,-0.4620760684325627,-0.6416432450124727,0.4218715164937132,0.1102888502148758,0.040826444383973,2.3933636546129825e-15,17.618006918589536,38
0.175,6,144,1,1,1038,broad_xyz,22.35964451205876,False,0.7738555068358407,0.7999828623025973,0.480943436673851,-0.4892873470126452,-0.7476693788761589,0.4543068415239064,0.1313572706193313,0.0522795883549809,2.3933636546129825e-15,17.618006918589536,38
0.1875,6,144,1,1,1038,broad_xyz,22.35964451205876,False,0.7884285714827105,0.8250442672991636,0.5315076749883992,-0.5216588224106669,-0.814566258654944,0.4840543581899466,0.1551011210968905,0.0661157795210117,2.3933636546129825e-15,17.618006918589536,38
0.2,6,144,1,1,1038,broad_xyz,22.35964451205876,False,0.7971016437163627,0.8454439053455624,0.5783728470513323,-0.5573482780621839,-0.8493008411153034,0.5094465343005509,0.1805711017894626,0.0825724472001629,2.3933636546129825e-15,17.618006918589536,38
0.2125,6,144,1,1,1038,broad_xyz,22.35964451205876,False,0.8015492873366934,0.8607754971741397,0.6201574981791452,-0.597112252642088,-0.8654850537137764,0.5302304210956597,0.2080467228509362,0.1015197515019603,2.3933636546129825e-15,17.618006918589536,38
0.225,6,144,1,1,1038,broad_xyz,22.35964451205876,False,0.8033799905470466,0.8710691018028976,0.6592420839552294,-0.637519026270654,-0.8677596776918789,0.5494352365797196,0.2372531057597246,0.1226712877922764,2.3933636546129825e-15,17.618006918589536,38
0.2375,6,144,1,1,1038,broad_xyz,22.35964451205876,False,0.8037762614270305,0.8784540211520414,0.6939593532984388,-0.6783116079540835,-0.86422390376938,0.5651773245520442,0.2671900781003553,0.1454280824052092,2.3933636546129825e-15,17.618006918589536,38
0.25,6,144,1,1,1038,broad_xyz,22.35964451205876,False,0.8045433784565499,0.8846218072760296,0.7229052705212722,-0.7188685902906574,-0.8628033037038626,0.5769910315811608,0.2974307298700763,0.1690823940202001,2.3933636546129825e-15,17.618006918589536,38
0.27,6,144,1,1,1038,broad_xyz,22.35964451205876,False,0.812753068430985,0.8957091182820669,0.7590719779046157,-0.7778189055467516,-0.862632565556015,0.5897292227828066,0.3460986666682536,0.2073188344362998,2.3933636546129825e-15,17.618006918589536,38
0.29,6,144,1,1,1038,broad_xyz,22.35964451205876,False,0.8311682665783577,0.9104671197289488,0.7863808129472551,-0.826862620819909,-0.8551022204730501,0.5931798348759277,0.3909823407432098,0.2437914956394606,2.3933636546129825e-15,17.618006918589536,38
0.31,6,144,1,1,1038,broad_xyz,22.35964451205876,False,0.8558083089811017,0.9288945042945266,0.8087867702229955,-0.8680551876365813,-0.8380314322242242,0.5877825997170638,0.4312040936695922,0.2762733736849181,2.3933636546129825e-15,17.618006918589536,38
0.33,6,144,1,1,1038,broad_xyz,22.35964451205876,False,0.8827465747366823,0.947526292688888,0.8291173946619925,-0.9025318582957684,-0.8094606825229531,0.5730931000523273,0.4661321853178551,0.3030487052379729,2.3933636546129825e-15,17.618006918589536,38
0.35,6,144,1,1,1038,broad_xyz,22.35964451205876,False,0.90545690302286,0.9616641970784588,0.8482812637763286,-0.9291164109865404,-0.7872992336543576,0.5488405351105274,0.4998871433279742,0.3233207811415955,2.3933636546129825e-15,17.618006918589536,38
0.37,6,144,1,1,1038,broad_xyz,22.35964451205876,False,0.9175369332673508,0.9678937482249038,0.86904863445869,-0.943195707107904,-0.7889536449237475,0.5177361782954062,0.5246325090077545,0.3376514515721316,2.3933636546129825e-15,17.618006918589536,38
0.39,6,144,1,1,1038,broad_xyz,22.35964451205876,False,0.9204729973717732,0.9692704184476671,0.8884103720476645,-0.9459638435481588,-0.8122790164053562,0.4802214604138587,0.5482796434987646,0.3469533138503299,2.3933636546129825e-15,17.618006918589536,38
0.41,6,144,1,1,1038,broad_xyz,22.35964451205876,False,0.9138174429447448,0.9681948316213536,0.9027228532475644,-0.941931074942958,-0.841219284522401,0.4376556485501086,0.5663942426542388,0.352456724267349,2.3933636546129825e-15,17.618006918589536,38
0.43,6,144,1,1,1038,broad_xyz,22.35964451205876,False,0.8974364449453676,0.9662995728703846,0.9109037313265058,-0.936214673229212,-0.8645150180637006,0.3872925239809771,0.5745295858270922,0.3554109838045151,2.3933636546129825e-15,17.618006918589536,38
0.45,6,144,1,1,1038,broad_xyz,22.35964451205876,False,0.8720634127023723,0.9633851438083688,0.9138762266933516,-0.9333315881494983,-0.8788628026990452,0.3289620655660775,0.5736907162124603,0.356744588659351,2.3933636546129825e-15,17.618006918589536,38
0.5,6,144,1,1,1038,broad_xyz,22.35964451205876,False,0.7904059335456584,0.9435275310520758,0.9136074400505816,-0.9502537671086744,-0.8782551642262183,0.1740723727684314,0.5593921956730172,0.3602456871183551,2.3933636546129825e-15,17.618006918589536,38
0.55,6,144,1,1,1038,broad_xyz,22.35964451205876,False,0.6978785973434246,0.8750340999128273,0.9054068165436292,-0.9530826826221293,-0.8630504748909655,0.009376821981202,0.5811131567851993,0.370846095528405,2.3933636546129825e-15,17.618006918589536,38
0.6,6,144,1,1,1038,broad_xyz,22.35964451205876,False,0.634451066975278,0.7781401266510735,0.8964306841554761,-0.91448702697718,-0.8627346656082204,-0.1346427631263582,0.5794251198629918,0.3762881690610351,2.3933636546129825e-15,17.618006918589536,38
0.6499999999999999,6,144,1,1,1038,broad_xyz,22.35964451205876,False,0.6895930633903806,0.7821591943779,0.8966026197110597,-0.8646772589207519,-0.8785179873872304,-0.2729764017280932,0.5704890189672399,0.3627977667466882,2.3933636546129825e-15,17.618006918589536,38
0.7,6,144,1,1,1038,broad_xyz,22.35964451205876,False,0.7573847306441136,0.8486779731458258,0.906676985127016,-0.8089041164562413,-0.9084842224222548,-0.397914045153484,0.5373132786890877,0.3388897765299969,2.3933636546129825e-15,17.618006918589536,38
0.725,6,144,1,1,1038,broad_xyz,22.35964451205876,False,0.7737323493382025,0.8731314349847062,0.9104470754020456,-0.7651177629724605,-0.9198203993621208,-0.435553944520851,0.5095278029549171,0.3256820516330248,2.3933636546129825e-15,17.618006918589536,38
0.75,6,144,1,1,1038,broad_xyz,22.35964451205876,False,0.7839846462059278,0.8867450375309045,0.9105162544542174,-0.6966173105946055,-0.9267228542125264,-0.4589746921624801,0.4957240308481611,0.3120179332091073,2.3933636546129825e-15,17.618006918589536,38
0.775,6,144,1,1,1038,broad_xyz,22.35964451205876,False,0.7906214135748862,0.8909153505977103,0.9071452540907372,-0.5905538572926144,-0.931471052766297,-0.4725219560009908,0.4908164642169982,0.2983230012534504,2.3933636546129825e-15,17.618006918589536,38
0.8,6,144,1,1,1038,broad_xyz,22.35964451205876,False,0.7935704155747229,0.8891393990564925,0.9027134940160992,-0.4474259330434159,-0.9372139172953992,-0.4781074870066567,0.4828418332504809,0.2855958481860459,2.3933636546129825e-15,17.618006918589536,38
0.825,6,144,1,1,1038,broad_xyz,22.35964451205876,False,0.7911369197341345,0.8853861445561858,0.9005949494682832,-0.2917855224442446,-0.9441683713454394,-0.4773320297805032,0.477882671400275,0.2752155883907241,2.3933636546129825e-15,17.618006918589536,38
0.85,6,144,1,1,1038,broad_xyz,22.35964451205876,False,0.7827786018356258,0.8831833785839903,0.9041828799794032,-0.151529411642253,-0.945345044675989,-0.4724687442158173,0.4794959913350345,0.2684919024531231,2.3933636546129825e-15,17.618006918589536,38
0.875,6,144,1,1,1038,broad_xyz,22.35964451205876,False,0.7690430583131728,0.8825948194151999,0.9120935425740956,-0.0388042060579631,-0.9256733014116252,-0.4762993474350739,0.4736835965784876,0.2667621472131804,2.3933636546129825e-15,17.618006918589536,38
0.9,6,144,1,1,1038,broad_xyz,22.35964451205876,False,0.7554622400765675,0.8821625750960427,0.9241949144706112,0.056079428409269,-0.8824544366743126,-0.486168644857378,0.4620331116821584,0.269196679744814,2.3933636546129825e-15,17.618006918589536,38
0.95,6,144,1,1,1038,broad_xyz,22.35964451205876,False,0.7371644179388561,0.8594084685440271,0.9479455378543438,0.17094832195441,-0.9137877141583034,-0.4954252966679091,0.4389400979138661,0.2812143414941752,2.3933636546129825e-15,17.618006918589536,38
1.0,6,144,1,1,1038,broad_xyz,22.35964451205876,False,0.6594654542986667,0.7675599294478385,0.9394667935567778,-0.0123823261999453,-0.9103443367844132,-0.5059682526673736,0.4407554711473548,0.29730542244108,2.3933636546129825e-15,17.618006918589536,38
0.05,6,144,1,1,1039,broad_xyz,22.35964451205876,False,-0.1635893908426749,0.4188955017586105,-0.2497595379360226,-0.3651957193902516,-0.37368689628601,-0.4305551577279846,0.0047620908096462,0.0007720658729707,2.3933636546129825e-15,17.618006918589536,39
0.075,6,144,1,1,1039,broad_xyz,22.35964451205876,False,-0.0909207453920371,0.4293603755032435,-0.2462340775963044,-0.4002797083690147,-0.4457883966942974,-0.4461719572108714,0.0122969953101758,0.0023900949679542,2.3933636546129825e-15,17.618006918589536,39
0.1,6,144,1,1,1039,broad_xyz,22.35964451205876,False,0.0403516016509662,0.4573003160616222,-0.2194940770475184,-0.4284465324739396,-0.5223106392750823,-0.4563122735664305,0.0251649411425233,0.0061290224843166,2.3933636546129825e-15,17.618006918589536,39
0.125,6,144,1,1,1039,broad_xyz,22.35964451205876,False,0.2151283061211385,0.507716907189711,-0.1608618696770037,-0.4422931818116817,-0.606307302206476,-0.4382929195441037,0.0459358032146775,0.0138755054105574,2.3933636546129825e-15,17.618006918589536,39
0.15,6,144,1,1,1039,broad_xyz,22.35964451205876,False,0.3863507560594661,0.5650736908897015,-0.0794097189987551,-0.4440402847231087,-0.6996993730928882,-0.4053533903501523,0.0761957488382346,0.0283635269479685,2.3933636546129825e-15,17.618006918589536,39
0.1625,6,144,1,1,1039,broad_xyz,22.35964451205876,False,0.4628119038710766,0.5990805912285317,-0.0290119289662143,-0.4372693552857056,-0.7451915652077367,-0.379462839229933,0.0961407131790825,0.0391387316101725,2.3933636546129825e-15,17.618006918589536,39
0.175,6,144,1,1,1039,broad_xyz,22.35964451205876,False,0.5325938112378698,0.636595085834721,0.0293261965590301,-0.4229007508039696,-0.7764272851901443,-0.3419584358050319,0.1193808795692826,0.0527068093555362,2.3933636546129825e-15,17.618006918589536,39
0.1875,6,144,1,1,1039,broad_xyz,22.35964451205876,False,0.5991512717817852,0.6789294857772802,0.0986842868882344,-0.3980143660035508,-0.7681075222321818,-0.294765073841806,0.1464051776298204,0.0691355205501295,2.3933636546129825e-15,17.618006918589536,39
0.2,6,144,1,1,1039,broad_xyz,22.35964451205876,False,0.6616208549177047,0.723187855110016,0.1773652175879868,-0.3641708962140663,-0.7061044202073087,-0.2427598459787447,0.1758460195005715,0.0882183975668373,2.3933636546129825e-15,17.618006918589536,39
0.2125,6,144,1,1,1039,broad_xyz,22.35964451205876,False,0.720402503964463,0.7658267845262904,0.2636256527067305,-0.3241871969576866,-0.6178352638532374,-0.1884781023312797,0.2067570822648609,0.1095882618636042,2.3933636546129825e-15,17.618006918589536,39
0.225,6,144,1,1,1039,broad_xyz,22.35964451205876,False,0.7736002775073909,0.8045702813785612,0.3533703059215124,-0.2837198142249392,-0.5366621122420199,-0.1372137973425297,0.238583048752688,0.1325774322268634,2.3933636546129825e-15,17.618006918589536,39
0.2375,6,144,1,1,1039,broad_xyz,22.35964451205876,False,0.8186792124261231,0.8361010676524637,0.4420517811476082,-0.2499256925591694,-0.484017566818705,-0.0918272090026255,0.2743041473397193,0.156540002940333,2.3933636546129825e-15,17.618006918589536,39
0.25,6,144,1,1,1039,broad_xyz,22.35964451205876,False,0.8526329127899055,0.8586447851768096,0.5239763393289272,-0.2319629939691218,-0.4557184971913005,-0.0535306947298707,0.3104133310919776,0.1806222563893374,2.3933636546129825e-15,17.618006918589536,39
0.27,6,144,1,1,1039,broad_xyz,22.35964451205876,False,0.8835339782937159,0.8789270817506175,0.6318799230727989,-0.2552478672448095,-0.4415604474464052,-0.0108194112569806,0.3668038376680426,0.2174680690635101,2.3933636546129825e-15,17.618006918589536,39
0.29,6,144,1,1,1039,broad_xyz,22.35964451205876,False,0.8909726984902623,0.8889666100052735,0.7077070035104986,-0.3536673694925853,-0.4440912515736457,0.0082601598609303,0.4199071496675642,0.2499071683588612,2.3933636546129825e-15,17.618006918589536,39
0.31,6,144,1,1,1039,broad_xyz,22.35964451205876,False,0.8790091399101653,0.8964115353717105,0.7569576807808817,-0.5016154708265823,-0.4485721943735554,0.0090395886010424,0.468361496964471,0.2758229506303274,2.3933636546129825e-15,17.618006918589536,39
0.33,6,144,1,1,1039,broad_xyz,22.35964451205876,False,0.8493778938532717,0.9051248430116214,0.7858462964208266,-0.6460657109053375,-0.4486033322894631,0.0003395285253832,0.5109051018051265,0.2936631426997893,2.3933636546129825e-15,17.618006918589536,39
0.35,6,144,1,1,1039,broad_xyz,22.35964451205876,False,0.8021836618897004,0.9129020308648724,0.8042020340154681,-0.7459549798093784,-0.443003365873079,-0.006008290962459,0.546740842912732,0.3031924661946675,2.3933636546129825e-15,17.618006918589536,39
0.37,6,144,1,1,1039,broad_xyz,22.35964451205876,False,0.7441120030708702,0.9157571529456964,0.8209025053708924,-0.7941945248282104,-0.4349403491012611,-0.0011273338305958,0.572159488020886,0.3058635764573584,2.3933636546129825e-15,17.618006918589536,39
0.39,6,144,1,1,1039,broad_xyz,22.35964451205876,False,0.687426098804066,0.9111610624573648,0.8347956436928512,-0.8051312468371423,-0.4226680263667719,0.0237778085145667,0.5837752495275023,0.3041579863149298,2.3933636546129825e-15,17.618006918589536,39
0.41,6,144,1,1,1039,broad_xyz,22.35964451205876,False,0.6430622578610118,0.9002461282901139,0.8427703481838508,-0.7973902946474334,-0.423287564102133,0.0773387260455422,0.5894478067926127,0.3008157043052764,2.3933636546129825e-15,17.618006918589536,39
0.43,6,144,1,1,1039,broad_xyz,22.35964451205876,False,0.6138474009347785,0.8878260369214027,0.847105934855163,-0.7825487410693406,-0.4402493852169016,0.1333503012590902,0.5853484549238169,0.2980813159439466,2.3933636546129825e-15,17.618006918589536,39
0.45,6,144,1,1,1039,broad_xyz,22.35964451205876,False,0.6013902147988658,0.8777031069179558,0.8468716399218191,-0.7717373470851426,-0.444516486701358,0.1766606631311697,0.5685554974697172,0.2976999109077056,2.3933636546129825e-15,17.618006918589536,39
0.5,6,144,1,1,1039,broad_xyz,22.35964451205876,False,0.6513449871721135,0.8842813105475318,0.8299100252778543,-0.7797176919006314,-0.3216654414387985,0.1536373707844448,0.5471523718791722,0.3174049004042338,2.3933636546129825e-15,17.618006918589536,39
0.55,6,144,1,1,1039,broad_xyz,22.35964451205876,False,0.7585391895233908,0.8983750873317813,0.829326486597971,-0.7097753521344258,-0.4279597648774257,-0.1246835858906244,0.5213228551627963,0.3561286211072253,2.3933636546129825e-15,17.618006918589536,39
0.6,6,144,1,1,1039,broad_xyz,22.35964451205876,False,0.7841826751856706,0.8153724138280207,0.8382893098298834,-0.5519783906581353,-0.6317687493824882,-0.4541529567053051,0.5312188434411823,0.3680645538338132,2.3933636546129825e-15,17.618006918589536,39
0.6499999999999999,6,144,1,1,1039,broad_xyz,22.35964451205876,False,0.7208144456681532,0.715626095143636,0.8129757591862298,-0.5102596527693553,-0.7327514073755662,-0.5282878342554832,0.5684223659153811,0.3435828970113896,2.3933636546129825e-15,17.618006918589536,39
0.7,6,144,1,1,1039,broad_xyz,22.35964451205876,False,0.7031219093858952,0.6673398241637926,0.793938778128092,-0.462856847950908,-0.8002442421959489,-0.4972587423266259,0.5844019383507691,0.3067741888209087,2.3933636546129825e-15,17.618006918589536,39
0.725,6,144,1,1,1039,broad_xyz,22.35964451205876,False,0.7170902630496366,0.6577141984712063,0.7883605658396424,-0.4268389040040266,-0.820952099374805,-0.4669665622086112,0.5804449601726227,0.2898530161917827,2.3933636546129825e-15,17.618006918589536,39
0.75,6,144,1,1,1039,broad_xyz,22.35964451205876,False,0.7257321341433923,0.6547259624621673,0.7857007361348051,-0.3839340958053291,-0.8376244427472611,-0.4337668833824419,0.5721944985130726,0.2750403253691572,2.3933636546129825e-15,17.618006918589536,39
0.775,6,144,1,1,1039,broad_xyz,22.35964451205876,False,0.7154716416420827,0.655155614059471,0.7845028520062317,-0.337236331493299,-0.8476522325471026,-0.3963394002637813,0.5635935536389052,0.2620690506891441,2.3933636546129825e-15,17.618006918589536,39
0.8,6,144,1,1,1039,broad_xyz,22.35964451205876,False,0.6866010685631729,0.6566631665461455,0.7818276442548259,-0.2908630616723998,-0.8512433128145012,-0.3626717768975061,0.5548281744226798,0.2501240843709185,2.3933636546129825e-15,17.618006918589536,39
0.825,6,144,1,1,1039,broad_xyz,22.35964451205876,False,0.6604618195903136,0.6617298851397146,0.7789588714076207,-0.2421976387623184,-0.8536242427436592,-0.3416338886645468,0.5412045044452991,0.2390315085290339,2.3933636546129825e-15,17.618006918589536,39
0.85,6,144,1,1,1039,broad_xyz,22.35964451205876,False,0.6498444876771613,0.6682680096643998,0.7759486451074453,-0.1929842978780974,-0.8495233353406656,-0.3410112266186499,0.5177829031470109,0.229388334227775,2.3933636546129825e-15,17.618006918589536,39
0.875,6,144,1,1,1039,broad_xyz,22.35964451205876,False,0.6547170095757854,0.6754475046408722,0.7762817737147755,-0.1462057411495425,-0.8337460773423797,-0.3609555239524724,0.4846681302581076,0.2233279891689912,2.3933636546129825e-15,17.618006918589536,39
0.9,6,144,1,1,1039,broad_xyz,22.35964451205876,False,0.6730760453724158,0.6856810985451385,0.7840969806625828,-0.1084876629906234,-0.8087803216986534,-0.3858815609440608,0.4482557902048292,0.2235178845214365,2.3933636546129825e-15,17.618006918589536,39
0.95,6,144,1,1,1039,broad_xyz,22.35964451205876,False,0.7368279041327055,0.7169578853542041,0.8229350056704836,-0.1278929225062615,-0.8673719256167489,-0.404706182068512,0.4224936299324738,0.245438859260396,2.3933636546129825e-15,17.618006918589536,39
1.0,6,144,1,1,1039,broad_xyz,22.35964451205876,False,0.7433494115135066,0.7445441371677111,0.8817140341022004,-0.3286947345337026,-0.8994984356796474,-0.4555063805662488,0.4621849587787621,0.285265558033757,2.3933636546129825e-15,17.618006918589536,39
0.05,6,144,1,1,1040,broad_xyz,22.35964451205876,False,0.0721390022999345,0.3221474004281511,-0.218767201826549,-0.2661068939544649,-0.1830249237080201,0.2293370207898177,0.0007051031205068,4.643679053291005e-05,2.3933636546129825e-15,17.618006918589536,40
0.075,6,144,1,1,1040,broad_xyz,22.35964451205876,False,0.2311024640912868,0.4252191974326573,-0.1910821996559377,-0.2933005723803817,-0.1637003629269271,0.0325543779737403,0.0019622698139596,0.0002540476295066,2.3933636546129825e-15,17.618006918589536,40
0.1,6,144,1,1,1040,broad_xyz,22.35964451205876,False,0.2701361513602657,0.476164585614733,-0.1011940787104719,-0.2985078076820425,-0.1333326298637732,-0.1889168846808339,0.0065149861251972,0.0011772445770128,2.3933636546129825e-15,17.618006918589536,40
0.125,6,144,1,1,1040,broad_xyz,22.35964451205876,False,0.2035599637250519,0.480804482941464,-0.0957722028691925,-0.3668960285834585,-0.3066855087308807,-0.2895994185548188,0.0164853162388168,0.0037586788092044,2.3933636546129825e-15,17.618006918589536,40
0.15,6,144,1,1,1040,broad_xyz,22.35964451205876,False,0.1484389740461745,0.459457835939221,-0.1439414918851667,-0.4722267902251373,-0.5673578613933472,-0.3379774524288419,0.0405728714612908,0.0099189101838141,2.3933636546129825e-15,17.618006918589536,40
0.1625,6,144,1,1,1040,broad_xyz,22.35964451205876,False,0.1494013150393377,0.458671776096664,-0.1809742148404584,-0.5305203733824148,-0.6260435538909055,-0.3363887539811486,0.056623814161596,0.0146248005861383,2.3933636546129825e-15,17.618006918589536,40
0.175,6,144,1,1,1040,broad_xyz,22.35964451205876,False,0.1535895689407343,0.4472265109642697,-0.204022869718674,-0.5794718028724306,-0.6560568920211597,-0.351809493068341,0.0744850678311495,0.0210009756306227,2.3933636546129825e-15,17.618006918589536,40
0.1875,6,144,1,1,1040,broad_xyz,22.35964451205876,False,0.1645279129295517,0.4352026681954875,-0.2166619279135404,-0.6167350885324925,-0.6680459691544981,-0.3655007272344896,0.093752255456249,0.0290815264868445,2.3933636546129825e-15,17.618006918589536,40
0.2,6,144,1,1,1040,broad_xyz,22.35964451205876,False,0.1908626781265563,0.4337217564574099,-0.2161505489375722,-0.6410413956790675,-0.6684122668239291,-0.3667486723438314,0.1139562400556737,0.0389731143302937,2.3933636546129825e-15,17.618006918589536,40
0.2125,6,144,1,1,1040,broad_xyz,22.35964451205876,False,0.2235988715446344,0.4394961632631341,-0.2012282979716322,-0.6517238284483895,-0.6659770675137324,-0.3618616860893349,0.1345474017712683,0.0507243966221246,2.3933636546129825e-15,17.618006918589536,40
0.225,6,144,1,1,1040,broad_xyz,22.35964451205876,False,0.2439719022913759,0.4334150503455756,-0.1725837220881159,-0.652278898094687,-0.6693453101389735,-0.3691840151469938,0.1548813698506051,0.0643807242118325,2.3933636546129825e-15,17.618006918589536,40
0.2375,6,144,1,1,1040,broad_xyz,22.35964451205876,False,0.2615292949525029,0.4285978272539583,-0.1305478309990964,-0.6419107401225049,-0.6717062799688822,-0.3763154802462981,0.1742276599004569,0.0795138273998092,2.3933636546129825e-15,17.618006918589536,40
0.25,6,144,1,1,1040,broad_xyz,22.35964451205876,False,0.283414558719064,0.4341905603396604,-0.0809785069594872,-0.6240739560004211,-0.6673649766589901,-0.3731593964036852,0.1976591700621313,0.0953073690211188,2.3933636546129825e-15,17.618006918589536,40
0.27,6,144,1,1,1040,broad_xyz,22.35964451205876,False,0.3329673692287541,0.4726893815610244,0.0156624845587073,-0.5784320148101475,-0.6416989308579716,-0.344985170474453,0.2319587390262004,0.1201516060567823,2.3933636546129825e-15,17.618006918589536,40
0.29,6,144,1,1,1040,broad_xyz,22.35964451205876,False,0.4014927887679495,0.5436445932837775,0.1344458783185967,-0.5167564878192843,-0.5856547449158954,-0.2897804747354764,0.2598155277308952,0.1422899774360643,2.3933636546129825e-15,17.618006918589536,40
0.31,6,144,1,1,1040,broad_xyz,22.35964451205876,False,0.4858355285040586,0.6318780588837312,0.2591460012897238,-0.4709111409074424,-0.4946846239931516,-0.2058077904102285,0.3100886953538387,0.1594003025638187,2.3933636546129825e-15,17.618006918589536,40
0.33,6,144,1,1,1040,broad_xyz,22.35964451205876,False,0.5604289140670083,0.7071641849828381,0.3617240376357458,-0.4934577346319811,-0.4060735320123284,-0.1099320212355714,0.3592784873194384,0.1703292585830363,2.3933636546129825e-15,17.618006918589536,40
0.35,6,144,1,1,1040,broad_xyz,22.35964451205876,False,0.5958916671621937,0.752860010756202,0.4282256560400114,-0.5891724535454048,-0.3653227204546959,-0.0301552353471297,0.3952337847774749,0.1754795736099124,2.3933636546129825e-15,17.618006918589536,40
0.37,6,144,1,1,1040,broad_xyz,22.35964451205876,False,0.589508176335175,0.7751836022000868,0.4738988553384822,-0.6914176482238764,-0.3906830825981064,0.0155605472329754,0.434767242828593,0.1771042459524833,2.3933636546129825e-15,17.618006918589536,40
0.39,6,144,1,1,1040,broad_xyz,22.35964451205876,False,0.5524686521260094,0.7774839964574608,0.5173586357479624,-0.7593668483828954,-0.4714399163258356,0.0193973406639504,0.4573416863673747,0.1788333380029176,2.3933636546129825e-15,17.618006918589536,40
0.41,6,144,1,1,1040,broad_xyz,22.35964451205876,False,0.5060958533307576,0.7685114231517893,0.5647914742466378,-0.7941368219024932,-0.5577949522164307,-0.0093626540148967,0.4628284995615308,0.1831490094721461,2.3933636546129825e-15,17.618006918589536,40
0.43,6,144,1,1,1040,broad_xyz,22.35964451205876,False,0.4659959368441796,0.7538866953562056,0.6108829676653091,-0.8093413813176991,-0.6266041121587596,-0.0528102727949189,0.4534271182284,0.1901935586241467,2.3933636546129825e-15,17.618006918589536,40
0.45,6,144,1,1,1040,broad_xyz,22.35964451205876,False,0.446824460942004,0.73466715402736,0.6500283492498565,-0.8147401296940266,-0.6601322408564979,-0.0925323210928713,0.4381000468553596,0.1993801068959056,2.3933636546129825e-15,17.618006918589536,40
0.5,6,144,1,1,1040,broad_xyz,22.35964451205876,False,0.5361338361662307,0.6935845585167031,0.7098221281785044,-0.8082209964018437,-0.6546203055602267,-0.1972200050020268,0.4725457580895519,0.2277615746183744,2.3933636546129825e-15,17.618006918589536,40
0.55,6,144,1,1,1040,broad_xyz,22.35964451205876,False,0.5618925172508294,0.6148201665591773,0.742985968758893,-0.7632112266673208,-0.736524542540798,-0.3903455771827503,0.4986338970688318,0.2561379804187542,2.3933636546129825e-15,17.618006918589536,40
0.6,6,144,1,1,1040,broad_xyz,22.35964451205876,False,0.4015455032076637,0.5236597587930027,0.7722824323950677,-0.7026430112806346,-0.8466140515020526,-0.5772660054545198,0.5036916970813936,0.2696745391019268,2.3933636546129825e-15,17.618006918589536,40
0.6499999999999999,6,144,1,1,1040,broad_xyz,22.35964451205876,False,0.3844764990158762,0.5159656774720672,0.8062234101081565,-0.6864556905738997,-0.8876297529800284,-0.6574507205870729,0.4921125092643039,0.2695760358205767,2.3933636546129825e-15,17.618006918589536,40
0.7,6,144,1,1,1040,broad_xyz,22.35964451205876,False,0.5331494786343401,0.5770638450684837,0.8541307972450024,-0.6293619152356699,-0.8962399781741487,-0.6879965656146033,0.4895227883874677,0.2654358995585891,2.3933636546129825e-15,17.618006918589536,40
0.725,6,144,1,1,1040,broad_xyz,22.35964451205876,False,0.59051641243868,0.6087647868529581,0.8747231500351249,-0.5464087461252917,-0.8979286836293668,-0.6875576033186248,0.5025819098768157,0.2630302297366782,2.3933636546129825e-15,17.618006918589536,40
0.75,6,144,1,1,1040,broad_xyz,22.35964451205876,False,0.629632376769324,0.6376882004068793,0.8869714247866834,-0.4085801191340462,-0.902195233446942,-0.6753542810616101,0.5045840996342823,0.2593845554822558,2.3933636546129825e-15,17.618006918589536,40
0.775,6,144,1,1,1040,broad_xyz,22.35964451205876,False,0.6645432385713809,0.6655015464204089,0.8907784051984884,-0.2348432830155795,-0.9041913810202244,-0.6512368850740097,0.4963862642299453,0.2536124518543862,2.3933636546129825e-15,17.618006918589536,40
0.8,6,144,1,1,1040,broad_xyz,22.35964451205876,False,0.692344197493356,0.6908451087102022,0.8872461060485578,-0.0855216945722183,-0.9012778042542864,-0.6192761792147631,0.4876329979364914,0.2456332505367663,2.3933636546129825e-15,17.618006918589536,40
0.825,6,144,1,1,1040,broad_xyz,22.35964451205876,False,0.6965784493194327,0.7090051904947988,0.8787201907822249,0.0068877224000517,-0.894300992806241,-0.5874935732349246,0.4885644247755188,0.2366628153210912,2.3933636546129825e-15,17.618006918589536,40
0.85,6,144,1,1,1040,broad_xyz,22.35964451205876,False,0.6783543782391701,0.7173140377998619,0.8712191562470815,0.0635749126933647,-0.8804141517059701,-0.5649423697082976,0.4793234848477544,0.2287969040601405,2.3933636546129825e-15,17.618006918589536,40
0.875,6,144,1,1,1040,broad_xyz,22.35964451205876,False,0.6600468123445858,0.7169364778953424,0.8700169439970604,0.108126111005869,-0.8516734703206038,-0.554148465405838,0.4744003712962312,0.2237568077475809,2.3933636546129825e-15,17.618006918589536,40
0.9,6,144,1,1,1040,broad_xyz,22.35964451205876,False,0.6568383976490828,0.7104540240615032,0.8758889782763792,0.1454087861819695,-0.8133096162565268,-0.5542349970043611,0.4718411223782048,0.2222305118973862,2.3933636546129825e-15,17.618006918589536,40
0.95,6,144,1,1,1040,broad_xyz,22.35964451205876,False,0.6931249069600783,0.7033599909459224,0.8980419626709345,0.1717601913488031,-0.8571967488167409,-0.5491861401705267,0.4727363065893898,0.2237616441842124,2.3933636546129825e-15,17.618006918589536,40
1.0,6,144,1,1,1040,broad_xyz,22.35964451205876,False,0.6927368486567184,0.6936677031435197,0.9218939869567044,0.1651320411805039,-0.890706054304163,-0.5488428707827977,0.4660699209355092,0.2254677354202089,2.3933636546129825e-15,17.618006918589536,40
0.05,6,144,1,1,1041,broad_xyz,22.35964451205876,False,-0.2159809142293504,0.1222550197606578,-0.4049119380620044,-0.4742530972460927,-0.3829588034493059,-0.195374636153111,0.0028098667027343,0.0004063337506708,2.3933636546129825e-15,17.618006918589536,41
0.075,6,144,1,1,1041,broad_xyz,22.35964451205876,False,-0.2564315361940544,0.1248885684021014,-0.4688791607589516,-0.5325176196981283,-0.4678240037983421,-0.2242799941809996,0.0060118360188626,0.0008944086757331,2.3933636546129825e-15,17.618006918589536,41
0.1,6,144,1,1,1041,broad_xyz,22.35964451205876,False,-0.2842182124337032,0.1707996082789393,-0.547187195802769,-0.6051187829310712,-0.5745226106406193,-0.2811795154443759,0.0104710871546987,0.0017520585799813,2.3933636546129825e-15,17.618006918589536,41
0.125,6,144,1,1,1041,broad_xyz,22.35964451205876,False,-0.2167097333487079,0.302127584817115,-0.5685686346494752,-0.6420271340740696,-0.6073209292749902,-0.3644387487614802,0.0162965305850071,0.0038589865984656,2.3933636546129825e-15,17.618006918589536,41
0.15,6,144,1,1,1041,broad_xyz,22.35964451205876,False,-0.0211831530619358,0.4355354456859476,-0.4525796873848518,-0.5796227983526745,-0.4967235728287149,-0.4196993230808276,0.0387534631555772,0.0096572870248893,2.3933636546129825e-15,17.618006918589536,41
0.1625,6,144,1,1,1041,broad_xyz,22.35964451205876,False,0.0812547162808569,0.4863378276978317,-0.3694995311868466,-0.5367504930630793,-0.4278059061088022,-0.439206859212855,0.0546860466835485,0.0149178111645939,2.3933636546129825e-15,17.618006918589536,41
0.175,6,144,1,1,1041,broad_xyz,22.35964451205876,False,0.1631137307451549,0.5285292200912997,-0.2840642074560601,-0.495085113597902,-0.3663261166928681,-0.4485414864997467,0.0724749180267671,0.0222015443671302,2.3933636546129825e-15,17.618006918589536,41
0.1875,6,144,1,1,1041,broad_xyz,22.35964451205876,False,0.2243952016639775,0.5631134256890991,-0.1984614880328177,-0.4545215872003058,-0.3203810597856767,-0.4429844387091907,0.0943808377368158,0.0316851493183658,2.3933636546129825e-15,17.618006918589536,41
0.2,6,144,1,1,1041,broad_xyz,22.35964451205876,False,0.27263413600458,0.5934618695028954,-0.1094367608834019,-0.4113813531391074,-0.286129725809352,-0.4222910428831457,0.1179645700203051,0.0436258035608797,2.3933636546129825e-15,17.618006918589536,41
0.2125,6,144,1,1,1041,broad_xyz,22.35964451205876,False,0.3188502651902116,0.627090919788542,-0.0137849033103654,-0.3620295198537005,-0.2740710641472991,-0.3800710936753662,0.1426132822975709,0.0580173549511618,2.3933636546129825e-15,17.618006918589536,41
0.225,6,144,1,1,1041,broad_xyz,22.35964451205876,False,0.3608091528038274,0.6594392312702623,0.0811826523044832,-0.3133825693119356,-0.2832049429674262,-0.3151673961129669,0.1678668089237441,0.0745251483049365,2.3933636546129825e-15,17.618006918589536,41
0.2375,6,144,1,1,1041,broad_xyz,22.35964451205876,False,0.4065359857803691,0.6913073331670098,0.1789950535771076,-0.2625136485886574,-0.313003413002043,-0.2180824047800121,0.1946583628176972,0.0932577140697171,2.3933636546129825e-15,17.618006918589536,41
0.25,6,144,1,1,1041,broad_xyz,22.35964451205876,False,0.4564267894933817,0.7212844912977616,0.2746624169010463,-0.2150054461089227,-0.3642766509980913,-0.0804185477471614,0.2241979078832078,0.113458585712013,2.3933636546129825e-15,17.618006918589536,41
0.27,6,144,1,1,1041,broad_xyz,22.35964451205876,False,0.5481989614495569,0.769406743119366,0.4076899752492015,-0.1667625078568271,-0.4497116520053186,0.1820805174194675,0.2709139826723695,0.1467371918624103,2.3933636546129825e-15,17.618006918589536,41
0.29,6,144,1,1,1041,broad_xyz,22.35964451205876,False,0.639476943948776,0.8118113816489047,0.5062220638936558,-0.1739591465237532,-0.5034038888351281,0.4043106548550843,0.3196559048247884,0.1784196440561443,2.3933636546129825e-15,17.618006918589536,41
0.31,6,144,1,1,1041,broad_xyz,22.35964451205876,False,0.7116579026588792,0.8439191222978397,0.5687752518457496,-0.2509926049053997,-0.5158182777282324,0.5007258689400372,0.3665441564738431,0.2057790833153107,2.3933636546129825e-15,17.618006918589536,41
0.33,6,144,1,1,1041,broad_xyz,22.35964451205876,False,0.7543677258682688,0.8656537405808468,0.6027791932767916,-0.3869847890416837,-0.4873996170857366,0.5053880948321189,0.4104265503255113,0.2268715111046172,2.3933636546129825e-15,17.618006918589536,41
0.35,6,144,1,1,1041,broad_xyz,22.35964451205876,False,0.7630788065187911,0.8745422833797146,0.6212957799246672,-0.5373633095147634,-0.4395578989409575,0.4787326580358489,0.4476504864197782,0.2408275209721374,2.3933636546129825e-15,17.618006918589536,41
0.37,6,144,1,1,1041,broad_xyz,22.35964451205876,False,0.7421169662299676,0.8680737101323742,0.6429354163528701,-0.6460894077359896,-0.4112005154966386,0.4497906792797521,0.4764340334563147,0.2487998708606967,2.3933636546129825e-15,17.618006918589536,41
0.39,6,144,1,1,1041,broad_xyz,22.35964451205876,False,0.7005845002608629,0.8544454163617952,0.6684317357829499,-0.7043996668638667,-0.4082469049381803,0.4218379567667618,0.4952413523139191,0.2521244456524302,2.3933636546129825e-15,17.618006918589536,41
0.41,6,144,1,1,1041,broad_xyz,22.35964451205876,False,0.6448856954053727,0.8392016951601299,0.6916744023418563,-0.7294142193692016,-0.4226894443072403,0.3956807082726986,0.5034558488610983,0.2523447275124625,2.3933636546129825e-15,17.618006918589536,41
0.43,6,144,1,1,1041,broad_xyz,22.35964451205876,False,0.581138368311078,0.8253931697407465,0.7050099408284615,-0.738288504933208,-0.4378386249158157,0.3616136234302592,0.5019337867468978,0.2504141733732744,2.3933636546129825e-15,17.618006918589536,41
0.45,6,144,1,1,1041,broad_xyz,22.35964451205876,False,0.5185893284121941,0.8146472339230156,0.7065611383136474,-0.741597957858882,-0.4329220730345591,0.3154509751618603,0.4931426264250587,0.2479987995791974,2.3933636546129825e-15,17.618006918589536,41
0.5,6,144,1,1,1041,broad_xyz,22.35964451205876,False,0.4175385444977026,0.7977080931336608,0.6636858020517928,-0.7389314852279855,-0.2965691553929425,0.1808180106376291,0.4989545867719632,0.2519269978479424,2.3933636546129825e-15,17.618006918589536,41
0.55,6,144,1,1,1041,broad_xyz,22.35964451205876,False,0.4324667785202145,0.8014709807125009,0.6579848114331177,-0.6191838693586074,-0.3445587394997186,0.0264755098385933,0.5280070368548613,0.2843388214836221,2.3933636546129825e-15,17.618006918589536,41
0.6,6,144,1,1,1041,broad_xyz,22.35964451205876,False,0.5408356315337569,0.8221983005868778,0.731081806883137,-0.4522782273346967,-0.5793147110178458,-0.2064851795393713,0.5296524491910766,0.3164107074275399,2.3933636546129825e-15,17.618006918589536,41
0.6499999999999999,6,144,1,1,1041,broad_xyz,22.35964451205876,False,0.6576375821324252,0.8478655781689709,0.7545298150963762,-0.4808230412996442,-0.7420098602041793,-0.4257586227737936,0.532198394968901,0.3170101691663319,2.3933636546129825e-15,17.618006918589536,41
0.7,6,144,1,1,1041,broad_xyz,22.35964451205876,False,0.6915596100275617,0.8434354296911106,0.7826461101727502,-0.5077449697719323,-0.8262912652797141,-0.5191192030869741,0.5105100869556406,0.2954506625141018,2.3933636546129825e-15,17.618006918589536,41
0.725,6,144,1,1,1041,broad_xyz,22.35964451205876,False,0.7024909929170655,0.8382150004098545,0.8104690650292538,-0.4746187620379102,-0.8546094913796112,-0.5290704107744039,0.4956857220950311,0.283097804122615,2.3933636546129825e-15,17.618006918589536,41
0.75,6,144,1,1,1041,broad_xyz,22.35964451205876,False,0.721543812479234,0.8373066189603672,0.842448218518619,-0.3964274012915671,-0.8785296003064321,-0.5295771951713558,0.490757604434764,0.2721805078511061,2.3933636546129825e-15,17.618006918589536,41
0.775,6,144,1,1,1041,broad_xyz,22.35964451205876,False,0.7440143749218858,0.8423622714469315,0.8734671538365869,-0.2577347233262471,-0.8969413918951281,-0.5262265099551463,0.4825316687496981,0.2632705224803212,2.3933636546129825e-15,17.618006918589536,41
0.8,6,144,1,1,1041,broad_xyz,22.35964451205876,False,0.7636676316741341,0.8517839074664654,0.8983305975447876,-0.0695237229951075,-0.9101478494128398,-0.5212434277088098,0.4697784693741428,0.2559328452713549,2.3933636546129825e-15,17.618006918589536,41
0.825,6,144,1,1,1041,broad_xyz,22.35964451205876,False,0.7783280502978316,0.860009904523055,0.9114950729023128,0.0965217156180811,-0.9115930325795928,-0.5189336220728208,0.4608012671449397,0.249181546997065,2.3933636546129825e-15,17.618006918589536,41
0.85,6,144,1,1,1041,broad_xyz,22.35964451205876,False,0.7864844168803228,0.8624311646051195,0.9133202896264804,0.1907727248500099,-0.8958890473542916,-0.5217867817489037,0.4686760310498462,0.2422257113099098,2.3933636546129825e-15,17.618006918589536,41
0.875,6,144,1,1,1041,broad_xyz,22.35964451205876,False,0.7810558457801577,0.8544815887834658,0.907471923923556,0.2247706060929303,-0.8589897472808112,-0.5294261559544671,0.4723986258046054,0.2353075746811049,2.3933636546129825e-15,17.618006918589536,41
0.9,6,144,1,1,1041,broad_xyz,22.35964451205876,False,0.7536763391799097,0.8348451291633204,0.8978176498177598,0.2168968577787353,-0.8177890011309902,-0.5330273285926231,0.4730506208690467,0.2300208566637075,2.3933636546129825e-15,17.618006918589536,41
0.95,6,144,1,1,1041,broad_xyz,22.35964451205876,False,0.655299103690788,0.7746855595270902,0.8763480366670856,0.0864593635230398,-0.8715142238720099,-0.5198179469147116,0.4724399005801369,0.2299758557563077,2.3933636546129825e-15,17.618006918589536,41
1.0,6,144,1,1,1041,broad_xyz,22.35964451205876,False,0.5833653350627764,0.7172856438688894,0.866015160198659,-0.1809122276187956,-0.9104132330463492,-0.5310324540676603,0.4724338282538056,0.2384180600859572,2.3933636546129825e-15,17.618006918589536,41
0.05,6,144,1,1,1042,broad_xyz,22.35964451205876,False,0.4084210542561706,0.7251761646217928,0.2618395485677959,0.0050457989079729,0.4124214425877882,0.08487877010731,0.0086629372988552,0.0031122805227381,2.3933636546129825e-15,17.618006918589536,42
0.075,6,144,1,1,1042,broad_xyz,22.35964451205876,False,0.430735626145633,0.7243137817343975,0.2431557535980573,-0.092703713901002,0.3366798891714491,0.0094798159332991,0.0218534487097399,0.0079815377490453,2.3933636546129825e-15,17.618006918589536,42
0.1,6,144,1,1,1042,broad_xyz,22.35964451205876,False,0.4853923135711598,0.7275313768536459,0.2518962331507978,-0.1690875775632319,0.2121415295923524,-0.0364299976060919,0.043512568269652,0.0164614944503035,2.3933636546129825e-15,17.618006918589536,42
0.125,6,144,1,1,1042,broad_xyz,22.35964451205876,False,0.5619647305100774,0.739236139652212,0.2886796463421955,-0.2249209284726236,-0.0324253083666084,-0.0494312085034162,0.0750763285876101,0.0300088254948276,2.3933636546129825e-15,17.618006918589536,42
0.15,6,144,1,1,1042,broad_xyz,22.35964451205876,False,0.6537010158656167,0.7672665467610416,0.3603243459608853,-0.2566021640330252,-0.4464034303631301,-0.0223233255714376,0.1173383525569351,0.0505778982662668,2.3933636546129825e-15,17.618006918589536,42
0.1625,6,144,1,1,1042,broad_xyz,22.35964451205876,False,0.7034817255932452,0.7895722146912314,0.4101474121582658,-0.2631090997452314,-0.6399247629463368,0.00688113991332,0.1429190268376787,0.0642512873542061,2.3933636546129825e-15,17.618006918589536,42
0.175,6,144,1,1,1042,broad_xyz,22.35964451205876,False,0.7548762639520562,0.8151599627523822,0.4681430410973172,-0.2641835297117795,-0.7547146126950144,0.046403709226766,0.1710201746123751,0.0805697591794919,2.3933636546129825e-15,17.618006918589536,42
0.1875,6,144,1,1,1042,broad_xyz,22.35964451205876,False,0.8071040763166477,0.841290147629171,0.531177757795808,-0.2645099363850779,-0.8086147118199378,0.0917876648358814,0.2013853618095138,0.099869020775668,2.3933636546129825e-15,17.618006918589536,42
0.2,6,144,1,1,1042,broad_xyz,22.35964451205876,False,0.8556172470786559,0.8642031133872681,0.5949066711704706,-0.2694692695033406,-0.8262368502818178,0.1436414658782652,0.2336898352905989,0.1219310627023782,2.3933636546129825e-15,17.618006918589536,42
0.2125,6,144,1,1,1042,broad_xyz,22.35964451205876,False,0.8961336114993087,0.8809708539045884,0.6553759131308164,-0.2871410577652133,-0.8286323666749751,0.1987277328496154,0.26755022626014,0.1464901577642124,2.3933636546129825e-15,17.618006918589536,42
0.225,6,144,1,1,1042,broad_xyz,22.35964451205876,False,0.926732365071527,0.8886034041398564,0.7129564698398037,-0.3232422394827523,-0.8297463202272145,0.2498490350106889,0.3025357777618515,0.1734827126566596,2.3933636546129825e-15,17.618006918589536,42
0.2375,6,144,1,1,1042,broad_xyz,22.35964451205876,False,0.9458935856940088,0.8903488962415491,0.7643685270502947,-0.3866961799093859,-0.8274980701945048,0.2998128993255899,0.3402935177889614,0.2018479784788643,2.3933636546129825e-15,17.618006918589536,42
0.25,6,144,1,1,1042,broad_xyz,22.35964451205876,False,0.9548019881202896,0.8905131043651413,0.8057212962227546,-0.4824835545112302,-0.8193785267761776,0.346183565221802,0.3794480612035024,0.2304389771632718,2.3933636546129825e-15,17.618006918589536,42
0.27,6,144,1,1,1042,broad_xyz,22.35964451205876,False,0.9512199602878102,0.8917901049075702,0.853019681235601,-0.667136791334398,-0.783901965495736,0.4112844427194666,0.4413417898880677,0.2746715620644187,2.3933636546129825e-15,17.618006918589536,42
0.29,6,144,1,1,1042,broad_xyz,22.35964451205876,False,0.9330408868852922,0.89732006396228,0.882358151959461,-0.8142588690638015,-0.7219001883028743,0.4655697628941874,0.4990036030848707,0.3144036307907712,2.3933636546129825e-15,17.618006918589536,42
0.31,6,144,1,1,1042,broad_xyz,22.35964451205876,False,0.9089152540336995,0.9074684009441182,0.8995006538832737,-0.8956280073094629,-0.6505112251289926,0.508148179584047,0.5499687748954001,0.3470398088100268,2.3933636546129825e-15,17.618006918589536,42
0.33,6,144,1,1,1042,broad_xyz,22.35964451205876,False,0.8847644427494765,0.9198476076693312,0.9089679777670676,-0.9355309902339972,-0.5855439695318138,0.5360651359029505,0.5924741576387954,0.3708270867271405,2.3933636546129825e-15,17.618006918589536,42
0.35,6,144,1,1,1042,broad_xyz,22.35964451205876,False,0.8675435427799802,0.9310510835882612,0.9138221918725647,-0.9561632995563544,-0.5379542894407796,0.5458169707496163,0.6254609365566417,0.3851919847356425,2.3933636546129825e-15,17.618006918589536,42
0.37,6,144,1,1,1042,broad_xyz,22.35964451205876,False,0.8584397297580485,0.9362341718460097,0.9218006176537072,-0.9641201808509976,-0.5367213202589479,0.5373734590447972,0.6485825429778111,0.3931686298784593,2.3933636546129825e-15,17.618006918589536,42
0.39,6,144,1,1,1042,broad_xyz,22.35964451205876,False,0.8523673453916566,0.9364427564189408,0.9315506450830058,-0.9631308903367438,-0.5670551828013741,0.5144771402564919,0.6626233764580147,0.3981042246973699,2.3933636546129825e-15,17.618006918589536,42
0.41,6,144,1,1,1042,broad_xyz,22.35964451205876,False,0.8492775751232373,0.935991261868224,0.9376747489028784,-0.9580988795855528,-0.6061794273021911,0.4850904924556242,0.665390018095654,0.399666326761186,2.3933636546129825e-15,17.618006918589536,42
0.43,6,144,1,1,1042,broad_xyz,22.35964451205876,False,0.8458933633836232,0.934440478074543,0.9387765233135572,-0.953037611676339,-0.6381534233418715,0.4518851526873899,0.6571487756851433,0.3993274289145955,2.3933636546129825e-15,17.618006918589536,42
0.45,6,144,1,1,1042,broad_xyz,22.35964451205876,False,0.8382254475301698,0.9317559320415842,0.936200615129712,-0.9505171205038788,-0.6521111383979985,0.4154411236609188,0.6395914756206159,0.398810713639218,2.3933636546129825e-15,17.618006918589536,42
0.5,6,144,1,1,1042,broad_xyz,22.35964451205876,False,0.8009797436866442,0.9174828661036238,0.9207677369939848,-0.9593417940135032,-0.6221238270190201,0.2903963240408861,0.5900016163878503,0.4045898386906663,2.3933636546129825e-15,17.618006918589536,42
0.55,6,144,1,1,1042,broad_xyz,22.35964451205876,False,0.7903876572695876,0.8818219398407073,0.91579026687618,-0.95789291636313,-0.6835970641348286,0.06235959227156,0.5699224121437526,0.4262749901544873,2.3933636546129825e-15,17.618006918589536,42
0.6,6,144,1,1,1042,broad_xyz,22.35964451205876,False,0.8067784167014114,0.8395134773013077,0.9267556892045684,-0.9242473471846816,-0.8514373374565781,-0.24299713660995,0.5732546317861684,0.4330788167762039,2.3933636546129825e-15,17.618006918589536,42
0.6499999999999999,6,144,1,1,1042,broad_xyz,22.35964451205876,False,0.8080041791090742,0.8318955202536247,0.9219609146438306,-0.861311204527648,-0.907417582407306,-0.420433615356592,0.5526393847379726,0.4090668380104959,2.3933636546129825e-15,17.618006918589536,42
0.7,6,144,1,1,1042,broad_xyz,22.35964451205876,False,0.8063977320658573,0.8328037730667561,0.9169653608110246,-0.7713880914420901,-0.9100382893665302,-0.5050181278188015,0.5473524502525243,0.3693506270481335,2.3933636546129825e-15,17.618006918589536,42
0.725,6,144,1,1,1042,broad_xyz,22.35964451205876,False,0.8066421360076923,0.832923618764796,0.9180329160232336,-0.6642894762160036,-0.909758140534575,-0.5206515523778099,0.5258562108867222,0.3495586687247007,2.3933636546129825e-15,17.618006918589536,42
0.75,6,144,1,1,1042,broad_xyz,22.35964451205876,False,0.8071045963918475,0.8333770026037246,0.9181127769148336,-0.4604882468325195,-0.9132342654325272,-0.5237418426504867,0.4941468309906239,0.3312916478078889,2.3933636546129825e-15,17.618006918589536,42
0.775,6,144,1,1,1042,broad_xyz,22.35964451205876,False,0.8069539967958022,0.8351816784084046,0.9161266420163284,-0.171391150849504,-0.918211468283693,-0.5165877321629032,0.4840582378801749,0.3146224401245366,2.3933636546129825e-15,17.618006918589536,42
0.8,6,144,1,1,1042,broad_xyz,22.35964451205876,False,0.8045845236495615,0.8396541151105696,0.9131169070559998,0.0743140975347767,-0.9264110149884298,-0.4994761452665362,0.473104129514131,0.299351772642408,2.3933636546129825e-15,17.618006918589536,42
0.825,6,144,1,1,1042,broad_xyz,22.35964451205876,False,0.7990919394692032,0.8468662510773372,0.911126345219034,0.2084112954570178,-0.9349305798773974,-0.4765640571164518,0.4598594062270119,0.2854640399040563,2.3933636546129825e-15,17.618006918589536,42
0.85,6,144,1,1,1042,broad_xyz,22.35964451205876,False,0.7909590114223882,0.8542446291678294,0.9120938810749408,0.264202481972291,-0.9327117044538732,-0.456657199016632,0.4476425329677057,0.2738008519997615,2.3933636546129825e-15,17.618006918589536,42
0.875,6,144,1,1,1042,broad_xyz,22.35964451205876,False,0.7785290371934473,0.8563718379245355,0.9159702342245388,0.2809541009900801,-0.910456428390218,-0.4468261716964363,0.4401799795626687,0.2665702503997048,2.3933636546129825e-15,17.618006918589536,42
0.9,6,144,1,1,1042,broad_xyz,22.35964451205876,False,0.7565813414615362,0.8463367766140779,0.919168586928092,0.2748028625789709,-0.8682207531947413,-0.4468385291586999,0.4492667565362714,0.2664021713533781,2.3933636546129825e-15,17.618006918589536,42
0.95,6,144,1,1,1042,broad_xyz,22.35964451205876,False,0.6682073841235179,0.7768138924960302,0.9170890499190764,0.1620829329723168,-0.8746802428215618,-0.4506979763821675,0.4795765823408783,0.2874893141045622,2.3933636546129825e-15,17.618006918589536,42
1.0,6,144,1,1,1042,broad_xyz,22.35964451205876,False,0.5331927698146008,0.6633404287264764,0.9049876786019416,-0.1701574344689409,-0.8402146571409018,-0.453328500199844,0.5203499509541535,0.322238029459217,2.3933636546129825e-15,17.618006918589536,42
0.05,6,144,1,1,1043,broad_xyz,22.35964451205876,False,-0.2100334819539494,0.0489296868863597,-0.4643336735513017,-0.5068696175242748,-0.4370075229346674,-0.1034568213987845,0.001597966690544,0.0001945927229942,2.3933636546129825e-15,17.618006918589536,43
0.075,6,144,1,1,1043,broad_xyz,22.35964451205876,False,-0.1083169369179676,0.108582038840586,-0.4226188197129689,-0.4885276547104423,-0.4176029382568569,-0.0733873250266987,0.0033848426267743,0.0004735817485398,2.3933636546129825e-15,17.618006918589536,43
0.1,6,144,1,1,1043,broad_xyz,22.35964451205876,False,0.073721226852988,0.2063420974698937,-0.3371881434226755,-0.4476475901413942,-0.3726624125551677,-0.0413560676263884,0.0069266075928902,0.0010711904010758,2.3933636546129825e-15,17.618006918589536,43
0.125,6,144,1,1,1043,broad_xyz,22.35964451205876,False,0.3916884337132418,0.4051771194477914,-0.1119710264238459,-0.3131693636382054,-0.1920472061604257,-0.0858657931129956,0.0138988326456529,0.0028567331310892,2.3933636546129825e-15,17.618006918589536,43
0.15,6,144,1,1,1043,broad_xyz,22.35964451205876,False,0.6386238575963998,0.6223818442881077,0.2210044905600856,-0.074310932854361,0.156787363366316,-0.2088491380231525,0.0284293090392524,0.0087936639318517,2.3933636546129825e-15,17.618006918589536,43
0.1625,6,144,1,1,1043,broad_xyz,22.35964451205876,False,0.6804887503219789,0.692009342647864,0.3340718990806849,0.0106715448292642,0.2682050807377421,-0.2243247484710186,0.0428474764758081,0.0149272379434504,2.3933636546129825e-15,17.618006918589536,43
0.175,6,144,1,1,1043,broad_xyz,22.35964451205876,False,0.7084935535697083,0.7455335490916599,0.4161049993508285,0.0671343716073901,0.2605676339669905,-0.2036035673666996,0.0638122422323609,0.0240679184760854,2.3933636546129825e-15,17.618006918589536,43
0.1875,6,144,1,1,1043,broad_xyz,22.35964451205876,False,0.7295227619765006,0.7886280005397939,0.4745757976646049,0.0955733574188574,0.1073109871267139,-0.1429291938242774,0.0872324089583361,0.0363875356546461,2.3933636546129825e-15,17.618006918589536,43
0.2,6,144,1,1,1043,broad_xyz,22.35964451205876,False,0.7418515367786611,0.8134742743776758,0.5175935573488979,0.0987434704358026,-0.0893108093041654,-0.0607577827488513,0.1128247047865087,0.0516073796089831,2.3933636546129825e-15,17.618006918589536,43
0.2125,6,144,1,1,1043,broad_xyz,22.35964451205876,False,0.7512404576898909,0.8257347596377272,0.5501582519458258,0.0778239845218487,-0.2489626426076319,0.0333019330123849,0.1394965832682722,0.0693040494958752,2.3933636546129825e-15,17.618006918589536,43
0.225,6,144,1,1,1043,broad_xyz,22.35964451205876,False,0.7607344769300634,0.830445503699628,0.5741304537646982,0.0332813529717967,-0.3668075933197589,0.1337085353388743,0.1664765447097639,0.089091254257033,2.3933636546129825e-15,17.618006918589536,43
0.2375,6,144,1,1,1043,broad_xyz,22.35964451205876,False,0.7717256582505365,0.8316609528831648,0.5927519076262397,-0.0286806761952544,-0.44478764875807,0.2356327536675065,0.1930360525172192,0.1102231122846469,2.3933636546129825e-15,17.618006918589536,43
0.25,6,144,1,1,1043,broad_xyz,22.35964451205876,False,0.7862649499158687,0.8343126592809332,0.6103172133000772,-0.0982164913540575,-0.4906310410263708,0.3343727388701109,0.2184816591183617,0.1317412324034795,2.3933636546129825e-15,17.618006918589536,43
0.27,6,144,1,1,1043,broad_xyz,22.35964451205876,False,0.8157239940940255,0.8469119386714171,0.6378345378571949,-0.2145675791648051,-0.524483579577085,0.4624165550738381,0.2583517591373133,0.1652496231548431,2.3933636546129825e-15,17.618006918589536,43
0.29,6,144,1,1,1043,broad_xyz,22.35964451205876,False,0.8470970575992334,0.8698319303056449,0.6657788846643439,-0.331053724565952,-0.528741891349411,0.532586353759817,0.2961048260680946,0.1952634475883599,2.3933636546129825e-15,17.618006918589536,43
0.31,6,144,1,1,1043,broad_xyz,22.35964451205876,False,0.8724842852403523,0.8972789044322644,0.6925036391953445,-0.4536378159534585,-0.5159254070540031,0.5429238510650807,0.3418035290930771,0.2193986566129455,2.3933636546129825e-15,17.618006918589536,43
0.33,6,144,1,1,1043,broad_xyz,22.35964451205876,False,0.8841729054190444,0.9202911443691096,0.7146150548437135,-0.5869700234041804,-0.4967084204705388,0.5105907949956248,0.3822944583070627,0.2357154278444598,2.3933636546129825e-15,17.618006918589536,43
0.35,6,144,1,1,1043,broad_xyz,22.35964451205876,False,0.8775718245404739,0.9288195294256724,0.7370322174322473,-0.7090712823303301,-0.4950449151065824,0.4615411183557049,0.4160971838124149,0.2437050523439568,2.3933636546129825e-15,17.618006918589536,43
0.37,6,144,1,1,1043,broad_xyz,22.35964451205876,False,0.8556598799493998,0.920281055676806,0.7644546911892887,-0.7911454090454166,-0.5342331316740467,0.4162550242982501,0.4482460213613072,0.2453206258474139,2.3933636546129825e-15,17.618006918589536,43
0.39,6,144,1,1,1043,broad_xyz,22.35964451205876,False,0.8278655920592406,0.8998173401342957,0.7902462971509041,-0.8346791934747683,-0.5920207714243031,0.3800951290972146,0.4760185403357446,0.2440927304975541,2.3933636546129825e-15,17.618006918589536,43
0.41,6,144,1,1,1043,broad_xyz,22.35964451205876,False,0.8052103426531256,0.8750445101847115,0.8093625840735647,-0.8535758704233455,-0.6473277512119451,0.3601026854866753,0.4962535604081826,0.2418166657882514,2.3933636546129825e-15,17.618006918589536,43
0.43,6,144,1,1,1043,broad_xyz,22.35964451205876,False,0.7862766175794774,0.8523725863897651,0.8195802192539182,-0.8618071659660392,-0.6854720262828503,0.3546872238914764,0.5119407718536932,0.2404470992743624,2.3933636546129825e-15,17.618006918589536,43
0.45,6,144,1,1,1043,broad_xyz,22.35964451205876,False,0.7692944214950477,0.835310645671947,0.8221812120263979,-0.8701656010019395,-0.6996206250188384,0.3511789295606631,0.523859471626323,0.241915023690378,2.3933636546129825e-15,17.618006918589536,43
0.5,6,144,1,1,1043,broad_xyz,22.35964451205876,False,0.7158929418542639,0.8205854128213809,0.823505056311281,-0.9104270269693948,-0.6844594355699144,0.28176217425217,0.5434567416696231,0.2655375111679769,2.3933636546129825e-15,17.618006918589536,43
0.55,6,144,1,1,1043,broad_xyz,22.35964451205876,False,0.6378937469830841,0.7973320920975686,0.8441285303539572,-0.8943148334654546,-0.7715575292321435,0.0757921837885788,0.5525435922216855,0.3066805584428382,2.3933636546129825e-15,17.618006918589536,43
0.6,6,144,1,1,1043,broad_xyz,22.35964451205876,False,0.6135692967909733,0.7365465520504275,0.8726866560491603,-0.8334785669064833,-0.8417364267738675,-0.2530026926239955,0.532771005309411,0.3270645098223063,2.3933636546129825e-15,17.618006918589536,43
0.6499999999999999,6,144,1,1,1043,broad_xyz,22.35964451205876,False,0.6585111086933376,0.6920976453901379,0.897321407394547,-0.7868604869784341,-0.8513051535340944,-0.4613366834745889,0.539495948453264,0.3151519498590467,2.3933636546129825e-15,17.618006918589536,43
0.7,6,144,1,1,1043,broad_xyz,22.35964451205876,False,0.7079026494826446,0.6859138730076517,0.9116764212464532,-0.7046970363522004,-0.8464183255710642,-0.5083851292613818,0.5307456960861762,0.2873325337220989,2.3933636546129825e-15,17.618006918589536,43
0.725,6,144,1,1,1043,broad_xyz,22.35964451205876,False,0.7177472064363868,0.6864386990565117,0.9089879859734368,-0.6207772076776836,-0.8400906225177919,-0.5064593567980789,0.5148819068177833,0.2726333023688534,2.3933636546129825e-15,17.618006918589536,43
0.75,6,144,1,1,1043,broad_xyz,22.35964451205876,False,0.7157878988876231,0.6858231135225926,0.89981512977916,-0.4930927031449897,-0.828137421625587,-0.4995429673998216,0.4963368331130695,0.2591195242469437,2.3933636546129825e-15,17.618006918589536,43
0.775,6,144,1,1,1043,broad_xyz,22.35964451205876,False,0.7022959870226602,0.683552608826172,0.8862371089559568,-0.3262760692821293,-0.8094907328840287,-0.4909489266171678,0.477845737293416,0.24692887410648,2.3933636546129825e-15,17.618006918589536,43
0.8,6,144,1,1,1043,broad_xyz,22.35964451205876,False,0.6773886288773298,0.6822432917376907,0.8724896902684813,-0.1491131201177067,-0.7870012208626148,-0.4839593965504671,0.4589956087776466,0.2354427067936376,2.3933636546129825e-15,17.618006918589536,43
0.825,6,144,1,1,1043,broad_xyz,22.35964451205876,False,0.6388334195309769,0.6804270555979611,0.8608726834414643,0.0018278146698459,-0.7635158861458434,-0.4822475764711619,0.4373670628408476,0.2236141585341169,2.3933636546129825e-15,17.618006918589536,43
0.85,6,144,1,1,1043,broad_xyz,22.35964451205876,False,0.5873707243538426,0.6729418968570589,0.8515170687913733,0.1063927002277653,-0.7418394200880966,-0.4881138875461945,0.4281817961431534,0.2110917969030602,2.3933636546129825e-15,17.618006918589536,43
0.875,6,144,1,1,1043,broad_xyz,22.35964451205876,False,0.5337609361985908,0.6576449190954223,0.8444522501630625,0.1612363649978324,-0.7211492261365237,-0.4963709848264805,0.4201058569783763,0.1997389142771329,2.3933636546129825e-15,17.618006918589536,43
0.9,6,144,1,1,1043,broad_xyz,22.35964451205876,False,0.4932453039567706,0.6363293217839674,0.8389702552196482,0.1718854801673706,-0.701569443872492,-0.498238016699105,0.4160286168383303,0.1933513281934515,2.3933636546129825e-15,17.618006918589536,43
0.95,6,144,1,1,1043,broad_xyz,22.35964451205876,False,0.5066467605197837,0.6164133836453528,0.8455230078899912,0.1033412824880165,-0.7850520209113281,-0.4909182367193899,0.4312527286129345,0.2030087109586922,2.3933636546129825e-15,17.618006918589536,43
1.0,6,144,1,1,1043,broad_xyz,22.35964451205876,False,0.5787623909566785,0.6387199302634927,0.8787821051548845,-0.1189086791029747,-0.8505460260853138,-0.5172816099735246,0.4542788524865487,0.2323721412992717,2.3933636546129825e-15,17.618006918589536,43
0.05,6,144,1,1,1044,broad_xyz,22.35964451205876,False,0.0966876104471595,0.3846063122696257,-0.2030303498177559,-0.2841124594099316,-0.088269931277011,0.3922919830045642,0.0042879350776594,0.0009354234072272,2.3933636546129825e-15,17.618006918589536,44
0.075,6,144,1,1,1044,broad_xyz,22.35964451205876,False,0.2654304949752211,0.3969258515605844,-0.0869792924372907,-0.2125786447499286,-0.0024550840009646,0.5103753379104323,0.0099353557981886,0.0022272436892335,2.3933636546129825e-15,17.618006918589536,44
0.1,6,144,1,1,1044,broad_xyz,22.35964451205876,False,0.4425820621554719,0.3930888024032525,0.0550912547124294,-0.1246971747225945,0.0617755772886774,0.5832728646897526,0.0192227083098874,0.0042627587025303,2.3933636546129825e-15,17.618006918589536,44
0.125,6,144,1,1,1044,broad_xyz,22.35964451205876,False,0.5551588253724726,0.3895900041208756,0.2032133917257055,-0.0319764563802439,0.0827644601242842,0.6222495992327882,0.0345877386204158,0.0075337195893278,2.3933636546129825e-15,17.618006918589536,44
0.15,6,144,1,1,1044,broad_xyz,22.35964451205876,False,0.5729303913582285,0.4121198235510119,0.326077176799478,0.0424158474844916,0.0259308385705954,0.6362256300629909,0.0583218387017443,0.0133744236425866,2.3933636546129825e-15,17.618006918589536,44
0.1625,6,144,1,1,1044,broad_xyz,22.35964451205876,False,0.5748826485132704,0.4529680752328687,0.3814112890336824,0.0736665004408695,-0.0580196488784368,0.6412119102105965,0.0744559584034502,0.0183619708047127,2.3933636546129825e-15,17.618006918589536,44
0.175,6,144,1,1,1044,broad_xyz,22.35964451205876,False,0.5882589474398353,0.5060753275688784,0.4381230959835149,0.1040770786777198,-0.2238148689754065,0.6429959801652391,0.0928266250634905,0.0254243086331103,2.3933636546129825e-15,17.618006918589536,44
0.1875,6,144,1,1,1044,broad_xyz,22.35964451205876,False,0.595736479024438,0.5505601932415883,0.4863985210999876,0.1238710816231819,-0.4541879098169051,0.6278389207561123,0.1123481215731776,0.0346142125164875,2.3933636546129825e-15,17.618006918589536,44
0.2,6,144,1,1,1044,broad_xyz,22.35964451205876,False,0.5914597260999807,0.5771635284573884,0.5248414855947657,0.1282190530171814,-0.6341264270923835,0.6019458283637322,0.1335138391669451,0.0458716835057847,2.3933636546129825e-15,17.618006918589536,44
0.2125,6,144,1,1,1044,broad_xyz,22.35964451205876,False,0.5795312721124682,0.5871406533267877,0.5598469881210063,0.1212129747112773,-0.7315387071181862,0.5734925412523934,0.1563784519093057,0.0591568369511435,2.3933636546129825e-15,17.618006918589536,44
0.225,6,144,1,1,1044,broad_xyz,22.35964451205876,False,0.5600962259051309,0.5864880439530973,0.5848833432603303,0.0959281446381706,-0.774653106539807,0.5454074120850314,0.1815811423240689,0.0736979327711982,2.3933636546129825e-15,17.618006918589536,44
0.2375,6,144,1,1,1044,broad_xyz,22.35964451205876,False,0.539207305782289,0.5804188143628215,0.6073825924056887,0.0627138752433062,-0.7932581608404881,0.5179884635789705,0.2064812178910167,0.0891909470460434,2.3933636546129825e-15,17.618006918589536,44
0.25,6,144,1,1,1044,broad_xyz,22.35964451205876,False,0.5212840036604054,0.5756136400730173,0.6263359125357102,0.0236493330625655,-0.7984379511538996,0.4927781246707126,0.2305522106771837,0.1051759485531348,2.3933636546129825e-15,17.618006918589536,44
0.27,6,144,1,1,1044,broad_xyz,22.35964451205876,False,0.5081026508923914,0.577870614266562,0.6557426957626185,-0.0374787245065434,-0.7902333308296781,0.4599587499574387,0.2672208444795948,0.1306809130818044,2.3933636546129825e-15,17.618006918589536,44
0.29,6,144,1,1,1044,broad_xyz,22.35964451205876,False,0.5188288044899919,0.6005735172380957,0.6848410087447632,-0.0925691077880821,-0.7671315890243817,0.4404593693922881,0.3035570095924321,0.1548519924505037,2.3933636546129825e-15,17.618006918589536,44
0.31,6,144,1,1,1044,broad_xyz,22.35964451205876,False,0.552195280118888,0.6474490519692346,0.7074074443886074,-0.1531446297513717,-0.7221287164700584,0.4376623576370401,0.3331083371008058,0.1761463248187306,2.3933636546129825e-15,17.618006918589536,44
0.33,6,144,1,1,1044,broad_xyz,22.35964451205876,False,0.6007084446591697,0.7131012663713951,0.7168577998175241,-0.2330413376532646,-0.6526035095126292,0.4552419345711709,0.3538757278551132,0.1928855407785132,2.3933636546129825e-15,17.618006918589536,44
0.35,6,144,1,1,1044,broad_xyz,22.35964451205876,False,0.6507809440795583,0.7844867598015177,0.7160056302333541,-0.3249634880524627,-0.5705653077130391,0.4902270875317723,0.3681591023099796,0.2039750885195927,2.3933636546129825e-15,17.618006918589536,44
0.37,6,144,1,1,1044,broad_xyz,22.35964451205876,False,0.6873426652692087,0.8472065311010385,0.7142134797622848,-0.4037857982341163,-0.4855809754533839,0.5318261754347103,0.3754579794551865,0.2093427263449766,2.3933636546129825e-15,17.618006918589536,44
0.39,6,144,1,1,1044,broad_xyz,22.35964451205876,False,0.7041643383912596,0.8934434152312382,0.7141274803174401,-0.4558538634468675,-0.4086321828874777,0.5665062498722594,0.3683171083521847,0.2096723858283039,2.3933636546129825e-15,17.618006918589536,44
0.41,6,144,1,1,1044,broad_xyz,22.35964451205876,False,0.6969778145303233,0.9171196736763576,0.7094707241228031,-0.4869964634644224,-0.3410320569435361,0.5782540263569718,0.3536130117266396,0.2063672684232248,2.3933636546129825e-15,17.618006918589536,44
0.43,6,144,1,1,1044,broad_xyz,22.35964451205876,False,0.6670625143742523,0.9157490726776956,0.7012851633121658,-0.5025659104303835,-0.3078529000055719,0.548962600743388,0.3631465051888892,0.2019462787103866,2.3933636546129825e-15,17.618006918589536,44
0.45,6,144,1,1,1044,broad_xyz,22.35964451205876,False,0.6186262877800132,0.8918039540253684,0.6920333106436539,-0.5096108656988902,-0.3158817062553344,0.4721299134658031,0.3911789065904945,0.1990457055193553,2.3933636546129825e-15,17.618006918589536,44
0.5,6,144,1,1,1044,broad_xyz,22.35964451205876,False,0.5301802178733601,0.8005957086072351,0.6962087171715893,-0.5204344666771404,-0.449270261515616,0.1844043178876663,0.4489264052849213,0.2097395956512975,2.3933636546129825e-15,17.618006918589536,44
0.55,6,144,1,1,1044,broad_xyz,22.35964451205876,False,0.5754596238604769,0.7379380487572075,0.7699186408847676,-0.4773577112624576,-0.684624689508242,0.0078014881065447,0.4781048628204786,0.2406318077790576,2.3933636546129825e-15,17.618006918589536,44
0.6,6,144,1,1,1044,broad_xyz,22.35964451205876,False,0.6009806858199561,0.6865539193963249,0.8233593937658754,-0.4375959767356944,-0.8098017667446862,-0.0724267182679598,0.4799833737056879,0.2567904950265822,2.3933636546129825e-15,17.618006918589536,44
0.6499999999999999,6,144,1,1,1044,broad_xyz,22.35964451205876,False,0.5408653359975524,0.6965350477131039,0.8332105027691195,-0.4349897157392663,-0.843671332273874,-0.1795977930608542,0.490762000539214,0.2525470421002883,2.3933636546129825e-15,17.618006918589536,44
0.7,6,144,1,1,1044,broad_xyz,22.35964451205876,False,0.5768870033959779,0.7722480107058372,0.8554636999326213,-0.4032965079252223,-0.8716014219186067,-0.2660737756514632,0.4675965373591271,0.2438667190675683,2.3933636546129825e-15,17.618006918589536,44
0.725,6,144,1,1,1044,broad_xyz,22.35964451205876,False,0.6418105461059175,0.8088793261151561,0.8705425354498212,-0.36825087617989,-0.8835387174618204,-0.2943722794815582,0.4446548360451944,0.2388003328512805,2.3933636546129825e-15,17.618006918589536,44
0.75,6,144,1,1,1044,broad_xyz,22.35964451205876,False,0.7181859578684314,0.830838507794718,0.885865550611349,-0.3075959296077673,-0.8934251470923562,-0.3149939397539342,0.434665248551167,0.2330209406572718,2.3933636546129825e-15,17.618006918589536,44
0.775,6,144,1,1,1044,broad_xyz,22.35964451205876,False,0.7601060337791781,0.8353856816805875,0.8965367748048938,-0.2168927251664172,-0.905117331584418,-0.3259851104882769,0.4283028814609221,0.2266273919064258,2.3933636546129825e-15,17.618006918589536,44
0.8,6,144,1,1,1044,broad_xyz,22.35964451205876,False,0.7526697216204574,0.8274225644397085,0.8974192918905056,-0.1086093956318009,-0.9137078664632584,-0.3316297230630464,0.4171725593578942,0.2195710549260951,2.3933636546129825e-15,17.618006918589536,44
0.825,6,144,1,1,1044,broad_xyz,22.35964451205876,False,0.7102777123846359,0.8174117544904222,0.8904569434085932,-0.0048164146877527,-0.911610032350474,-0.3390526557221744,0.4075996845404613,0.2118350536096986,2.3933636546129825e-15,17.618006918589536,44
0.85,6,144,1,1,1044,broad_xyz,22.35964451205876,False,0.6528553233973016,0.8107664751196106,0.8796093588228322,0.0740223483108544,-0.8886071177951209,-0.3533200867967523,0.4132258969046068,0.2033640620803133,2.3933636546129825e-15,17.618006918589536,44
0.875,6,144,1,1,1044,broad_xyz,22.35964451205876,False,0.5847301019045539,0.800365016209953,0.866419145027784,0.1180709421313686,-0.8431844451717999,-0.3704683407008039,0.4124117361105135,0.1949693313330619,2.3933636546129825e-15,17.618006918589536,44
0.9,6,144,1,1,1044,broad_xyz,22.35964451205876,False,0.5145227740422234,0.7803950682563647,0.8551287525271137,0.1321454199955743,-0.7918655208273313,-0.3822318118512157,0.4216766324245967,0.1879301112750501,2.3933636546129825e-15,17.618006918589536,44
0.95,6,144,1,1,1044,broad_xyz,22.35964451205876,False,0.4021875002545974,0.7120384591886674,0.8457589515779987,0.0437625825644688,-0.8544900167578529,-0.3601174192301463,0.4536696675700736,0.1836231363539196,2.3933636546129825e-15,17.618006918589536,44
1.0,6,144,1,1,1044,broad_xyz,22.35964451205876,False,0.3821213103880292,0.6604257132039302,0.8398988859498118,-0.2276616524569461,-0.8830727892599661,-0.3192184216174183,0.4824019617155414,0.1907874996368399,2.3933636546129825e-15,17.618006918589536,44
0.05,6,144,1,1,1045,broad_xyz,22.35964451205876,False,0.2915474918407765,0.6290222899951012,-0.4905176052073225,-0.6170226542290473,-0.5435305422862644,0.4998518833077148,0.0031824284883525,0.0007976998299469,2.3933636546129825e-15,17.618006918589536,45
0.075,6,144,1,1,1045,broad_xyz,22.35964451205876,False,0.4381498685163738,0.6372313552060271,-0.3967373076203585,-0.5765510719077135,-0.5166557442882993,0.5806450061280596,0.0076452457964777,0.0019163327026345,2.3933636546129825e-15,17.618006918589536,45
0.1,6,144,1,1,1045,broad_xyz,22.35964451205876,False,0.5788960073385119,0.6489371951774108,-0.3089845912791252,-0.5456601238418344,-0.5200698988223494,0.6145927395432673,0.0152503406991347,0.0036316968919017,2.3933636546129825e-15,17.618006918589536,45
0.125,6,144,1,1,1045,broad_xyz,22.35964451205876,False,0.6410284032618065,0.6532916843793125,-0.2393302171018884,-0.5315843532806656,-0.5515805439995157,0.6075422040156414,0.0260086007986189,0.0061547025294964,2.3933636546129825e-15,17.618006918589536,45
0.15,6,144,1,1,1045,broad_xyz,22.35964451205876,False,0.6100027299654135,0.6496791460807492,-0.1939883883554664,-0.5408729938495479,-0.6170277151143347,0.5834010469424771,0.0395616696423175,0.0099522971116101,2.3933636546129825e-15,17.618006918589536,45
0.1625,6,144,1,1,1045,broad_xyz,22.35964451205876,False,0.5828361798621335,0.6536349611203596,-0.1746965401333985,-0.5506226650652524,-0.6564941797022871,0.5759813587054964,0.0471500357557747,0.0125613711431533,2.3933636546129825e-15,17.618006918589536,45
0.175,6,144,1,1,1045,broad_xyz,22.35964451205876,False,0.5595020216304059,0.6634035810820375,-0.1578909612033832,-0.562832573805584,-0.6905812046948031,0.5729967685836224,0.0551093634904962,0.015777173271935,2.3933636546129825e-15,17.618006918589536,45
0.1875,6,144,1,1,1045,broad_xyz,22.35964451205876,False,0.5439237774957802,0.6799230146678947,-0.1468877789360204,-0.5791888519830581,-0.7133023274653708,0.5793585433283611,0.0640999632034516,0.0197470671190534,2.3933636546129825e-15,17.618006918589536,45
0.2,6,144,1,1,1045,broad_xyz,22.35964451205876,False,0.5331624837266794,0.699242193246024,-0.1357847600488053,-0.5941214787152882,-0.7194912088843353,0.5911689222428126,0.0794174154499718,0.024668669179917,2.3933636546129825e-15,17.618006918589536,45
0.2125,6,144,1,1,1045,broad_xyz,22.35964451205876,False,0.5234737720494047,0.7152659168694439,-0.1235242097879817,-0.6064066715370979,-0.7187502473687973,0.6049251502288617,0.0964566506480604,0.030732358701781,2.3933636546129825e-15,17.618006918589536,45
0.225,6,144,1,1,1045,broad_xyz,22.35964451205876,False,0.5129138378568306,0.7193572710781794,-0.1014294685677462,-0.6098831376603727,-0.7141216965946114,0.6172781119126206,0.1150732403158356,0.0382143706648334,2.3933636546129825e-15,17.618006918589536,45
0.2375,6,144,1,1,1045,broad_xyz,22.35964451205876,False,0.4984564586585618,0.7088897653706415,-0.0619481042383556,-0.6020582246265772,-0.7194060944801814,0.6237481227377236,0.1350439064106397,0.0472697889643403,2.3933636546129825e-15,17.618006918589536,45
0.25,6,144,1,1,1045,broad_xyz,22.35964451205876,False,0.4906171745700484,0.6900894106082304,-0.0210935393428807,-0.5957563700264664,-0.7291290987262251,0.6231122717108443,0.1560308589755051,0.0576326817806471,2.3933636546129825e-15,17.618006918589536,45
0.27,6,144,1,1,1045,broad_xyz,22.35964451205876,False,0.4997896743841326,0.6609918413677888,0.0348681265476116,-0.5978327833213057,-0.7393833425456667,0.6101992633245004,0.1905638615585511,0.0763731659394612,2.3933636546129825e-15,17.618006918589536,45
0.29,6,144,1,1,1045,broad_xyz,22.35964451205876,False,0.5340658108013924,0.6525866944184164,0.0865103995204016,-0.6074456847717076,-0.7162507705863368,0.5910989524455493,0.2243840557058728,0.0969225806949431,2.3933636546129825e-15,17.618006918589536,45
0.31,6,144,1,1,1045,broad_xyz,22.35964451205876,False,0.584872685946468,0.6794562060686402,0.131809276998859,-0.6234486534988279,-0.6517587431876654,0.5719930143093571,0.2601765597818851,0.1173403374325028,2.3933636546129825e-15,17.618006918589536,45
0.33,6,144,1,1,1045,broad_xyz,22.35964451205876,False,0.6463966735283321,0.7359364961300627,0.1782551013576809,-0.6453255696165755,-0.559799509217622,0.5485295873896309,0.2939747996887251,0.1359648862599782,2.3933636546129825e-15,17.618006918589536,45
0.35,6,144,1,1,1045,broad_xyz,22.35964451205876,False,0.701253825696927,0.7993401154081552,0.2338368346617359,-0.6779247937283307,-0.4730414179889136,0.5146659349168956,0.3224375051861537,0.1518453936557605,2.3933636546129825e-15,17.618006918589536,45
0.37,6,144,1,1,1045,broad_xyz,22.35964451205876,False,0.7325354040926656,0.845290465792389,0.3084021779964107,-0.7198883163622176,-0.4269295560766943,0.469448404283375,0.3443600614005984,0.1654866038548563,2.3933636546129825e-15,17.618006918589536,45
0.39,6,144,1,1,1045,broad_xyz,22.35964451205876,False,0.7456510362471548,0.8737346874238341,0.3952662020331374,-0.7603697748633637,-0.443150567013966,0.4167500681228231,0.3590754573494751,0.1770596584485599,2.3933636546129825e-15,17.618006918589536,45
0.41,6,144,1,1,1045,broad_xyz,22.35964451205876,False,0.7380290709516216,0.8865892338614183,0.4809385989145974,-0.79297324100071,-0.5163183992930039,0.3620012463537742,0.3709982663959249,0.187236092677448,2.3933636546129825e-15,17.618006918589536,45
0.43,6,144,1,1,1045,broad_xyz,22.35964451205876,False,0.7198993494194936,0.8883181295763327,0.5528933219239206,-0.8157913650303855,-0.6088684136437629,0.309136518152576,0.3901544887347766,0.1958931389903386,2.3933636546129825e-15,17.618006918589536,45
0.45,6,144,1,1,1045,broad_xyz,22.35964451205876,False,0.7098145772748463,0.8830248730926894,0.6063602043150979,-0.8317508461755435,-0.6759395924736845,0.2597146572318591,0.405617838965502,0.2033883686489848,2.3933636546129825e-15,17.618006918589536,45
0.5,6,144,1,1,1045,broad_xyz,22.35964451205876,False,0.7314300513545039,0.8607395348980555,0.674740542369042,-0.8597943251806994,-0.6545434959077714,0.1460308657370715,0.4533589292937041,0.220991403963685,2.3933636546129825e-15,17.618006918589536,45
0.55,6,144,1,1,1045,broad_xyz,22.35964451205876,False,0.7238448990632613,0.8364648377915253,0.7143656925172924,-0.8539372959296574,-0.636347748389378,0.029344841216412,0.511915084364501,0.2429932507878947,2.3933636546129825e-15,17.618006918589536,45
0.6,6,144,1,1,1045,broad_xyz,22.35964451205876,False,0.6952095874588514,0.7979066983590513,0.7850079061618309,-0.8341139491942906,-0.8183589252383296,-0.0844007635244031,0.537806072122201,0.2671881570562837,2.3933636546129825e-15,17.618006918589536,45
0.6499999999999999,6,144,1,1,1045,broad_xyz,22.35964451205876,False,0.708797909979461,0.8001760318699475,0.8428779587870193,-0.8251352768396611,-0.876015169480193,-0.2138720852190131,0.5023957236948629,0.2779330311867274,2.3933636546129825e-15,17.618006918589536,45
0.7,6,144,1,1,1045,broad_xyz,22.35964451205876,False,0.7711707458512725,0.8346368356194181,0.8875996875452771,-0.8016907864447486,-0.877367978853966,-0.3316042298484542,0.488403429409605,0.2736928672014164,2.3933636546129825e-15,17.618006918589536,45
0.725,6,144,1,1,1045,broad_xyz,22.35964451205876,False,0.8114338827631954,0.8504758756593088,0.9007880671310876,-0.7685802936031723,-0.875456426024283,-0.3681144369252881,0.4869480568680246,0.2684467886389053,2.3933636546129825e-15,17.618006918589536,45
0.75,6,144,1,1,1045,broad_xyz,22.35964451205876,False,0.8417927607121455,0.8632458880204895,0.9037438476352164,-0.7029649458070204,-0.874800729178685,-0.3927896256347127,0.4910909380633946,0.2616711170906385,2.3933636546129825e-15,17.618006918589536,45
0.775,6,144,1,1,1045,broad_xyz,22.35964451205876,False,0.8328594994491259,0.8712912998065254,0.8976057863187061,-0.5841706564613507,-0.8789695676347773,-0.4105582582418931,0.4883131214374902,0.2537749484261698,2.3933636546129825e-15,17.618006918589536,45
0.8,6,144,1,1,1045,broad_xyz,22.35964451205876,False,0.7993950059117154,0.8756516707792815,0.8869809706547711,-0.3982575611742019,-0.8767712488820468,-0.4231240520166627,0.4763807449695674,0.2450843178822086,2.3933636546129825e-15,17.618006918589536,45
0.825,6,144,1,1,1045,broad_xyz,22.35964451205876,False,0.7878783967985608,0.8782012469964496,0.8759505063639345,-0.1706776987208444,-0.8692619822555948,-0.4323345477445862,0.4572329929223634,0.2362803127547053,2.3933636546129825e-15,17.618006918589536,45
0.85,6,144,1,1,1045,broad_xyz,22.35964451205876,False,0.8001527890556105,0.8798624420280744,0.8665128783728189,0.0393161651961646,-0.8529253210560188,-0.4383324378462038,0.4354210158896507,0.2279406439722802,2.3933636546129825e-15,17.618006918589536,45
0.875,6,144,1,1,1045,broad_xyz,22.35964451205876,False,0.7954651484071464,0.8803489039618086,0.8593588440795429,0.1945831560031654,-0.8206994534510814,-0.4418730203465345,0.4122648834372634,0.2205561084835804,2.3933636546129825e-15,17.618006918589536,45
0.9,6,144,1,1,1045,broad_xyz,22.35964451205876,False,0.7558316540886831,0.8785095244939074,0.8554075389175586,0.299364597198249,-0.77132762150707,-0.445831453838225,0.4091774075499341,0.2143438459788769,2.3933636546129825e-15,17.618006918589536,45
0.95,6,144,1,1,1045,broad_xyz,22.35964451205876,False,0.6712896182120341,0.8690096513220681,0.866791991380801,0.4518120709469268,-0.81556734457085,-0.4683394355443531,0.3912790980380172,0.2072687915483068,2.3933636546129825e-15,17.618006918589536,45
1.0,6,144,1,1,1045,broad_xyz,22.35964451205876,False,0.6131191952612727,0.8413633450158047,0.8948615699987449,0.5567522012370767,-0.8554181979265434,-0.4925657355536942,0.3694947537734553,0.2086064069481214,2.3933636546129825e-15,17.618006918589536,45
0.05,6,144,1,1,1046,broad_xyz,22.35964451205876,False,0.1453406372423376,0.2627967629926701,-0.4011308466025948,-0.5273571491708854,-0.3928077293821785,-0.3948481597524343,0.0027262169916055,0.0002823060706015,2.3933636546129825e-15,17.618006918589536,46
0.075,6,144,1,1,1046,broad_xyz,22.35964451205876,False,0.0050979433251149,0.25887091650778,-0.4705671524435566,-0.6103580496790335,-0.4594448023131328,-0.4237316087186898,0.007205588381509,0.0007784004445038,2.3933636546129825e-15,17.618006918589536,46
0.1,6,144,1,1,1046,broad_xyz,22.35964451205876,False,-0.0787982986758642,0.291314908859752,-0.513014843820929,-0.6767022420843859,-0.5125055965322339,-0.448936948583851,0.0145900467774303,0.0018605614940758,2.3933636546129825e-15,17.618006918589536,46
0.125,6,144,1,1,1046,broad_xyz,22.35964451205876,False,-0.1041943741658295,0.3411947657456374,-0.5436380498738699,-0.7185006700733723,-0.5414746996538211,-0.4707260411896503,0.0254078310075423,0.0042158394333459,2.3933636546129825e-15,17.618006918589536,46
0.15,6,144,1,1,1046,broad_xyz,22.35964451205876,False,-0.0484423892272487,0.4066562822582235,-0.5701197908473198,-0.7409061281894157,-0.5110824019065611,-0.4772795848784191,0.0425235437960209,0.0093933599621395,2.3933636546129825e-15,17.618006918589536,46
0.1625,6,144,1,1,1046,broad_xyz,22.35964451205876,False,0.0216638816645528,0.4540429810531484,-0.5750743371184733,-0.7447644301787587,-0.4694805017338251,-0.4701815307439377,0.052835998006976,0.0138884703426518,2.3933636546129825e-15,17.618006918589536,46
0.175,6,144,1,1,1046,broad_xyz,22.35964451205876,False,0.1142339487754708,0.5067802530984309,-0.5758519558007551,-0.7483220133108962,-0.4225551362390918,-0.4585729972145708,0.0641277622630758,0.0202971094565636,2.3933636546129825e-15,17.618006918589536,46
0.1875,6,144,1,1,1046,broad_xyz,22.35964451205876,False,0.2199182478664176,0.557976488191521,-0.56313715321858,-0.7460552791942133,-0.3708754508503248,-0.4341027241630533,0.0766300333539366,0.0290222532091327,2.3933636546129825e-15,17.618006918589536,46
0.2,6,144,1,1,1046,broad_xyz,22.35964451205876,False,0.3207835170909644,0.6024383884189198,-0.5341485785440011,-0.7336052262965819,-0.3079656866885027,-0.3911255618845475,0.0898750271714609,0.0400934947589692,2.3933636546129825e-15,17.618006918589536,46
0.2125,6,144,1,1,1046,broad_xyz,22.35964451205876,False,0.397452758438575,0.6288205744175744,-0.4980154703415876,-0.7211590378837844,-0.2400359594516526,-0.3569838922485076,0.1031582133087599,0.0536218215656551,2.3933636546129825e-15,17.618006918589536,46
0.225,6,144,1,1,1046,broad_xyz,22.35964451205876,False,0.4578047238861485,0.6522405974779596,-0.4431005689752819,-0.6976183597401436,-0.1478391348544997,-0.3139147305436665,0.1264853460569978,0.0691754818412006,2.3933636546129825e-15,17.618006918589536,46
0.2375,6,144,1,1,1046,broad_xyz,22.35964451205876,False,0.5128609151865305,0.6864745647514251,-0.3628100420411271,-0.6551550903005857,-0.0151803957161961,-0.2597934516481262,0.149812234935528,0.0862903603005335,2.3933636546129825e-15,17.618006918589536,46
0.25,6,144,1,1,1046,broad_xyz,22.35964451205876,False,0.5609179803399268,0.727474515307435,-0.2582421746787276,-0.5966161498919703,0.133825362704078,-0.1956812018848137,0.1717025674923709,0.1043327627981626,2.3933636546129825e-15,17.618006918589536,46
0.27,6,144,1,1,1046,broad_xyz,22.35964451205876,False,0.6377098224672151,0.7997467350261589,-0.0486293731526831,-0.483365394802683,0.300797799086102,-0.0933701176048665,0.207612313762558,0.133155934640496,2.3933636546129825e-15,17.618006918589536,46
0.29,6,144,1,1,1046,broad_xyz,22.35964451205876,False,0.7119237174131262,0.8488637378615078,0.1760381585112623,-0.3959156493317347,0.2947527227590867,-0.0249483620205692,0.2613045663891064,0.1596085085266688,2.3933636546129825e-15,17.618006918589536,46
0.31,6,144,1,1,1046,broad_xyz,22.35964451205876,False,0.780057690284783,0.8639486314332776,0.3667397935854131,-0.4052980266107317,0.1576324369070646,0.0004729434656873,0.3087300295815586,0.181319575871457,2.3933636546129825e-15,17.618006918589536,46
0.33,6,144,1,1,1046,broad_xyz,22.35964451205876,False,0.8348273945640898,0.8619632675118554,0.5050042015322834,-0.5308124024264889,0.0172162598742707,0.0131502401056547,0.3472235618849386,0.1967331551595559,2.3933636546129825e-15,17.618006918589536,46
0.35,6,144,1,1,1046,broad_xyz,22.35964451205876,False,0.8682711974286766,0.85982430613714,0.6002457165604063,-0.6957849190726252,-0.0865656514087191,0.0259258490236808,0.3767837206430766,0.2055625573496489,2.3933636546129825e-15,17.618006918589536,46
0.37,6,144,1,1,1046,broad_xyz,22.35964451205876,False,0.8804925868281612,0.8608593587510522,0.671811555435236,-0.8060391885206001,-0.1734178507283207,0.0305304878869931,0.394624231620877,0.2101104767134315,2.3933636546129825e-15,17.618006918589536,46
0.39,6,144,1,1,1046,broad_xyz,22.35964451205876,False,0.879706226964494,0.8660107885448456,0.7194480711889879,-0.8588070705871613,-0.2291713871338807,0.0342885391679493,0.4050805433265352,0.2127034577662761,2.3933636546129825e-15,17.618006918589536,46
0.41,6,144,1,1,1046,broad_xyz,22.35964451205876,False,0.8769739119743912,0.8752857539779623,0.744076743533844,-0.880288177786049,-0.2466630809623292,0.0299152893833982,0.4166723078382732,0.2154033959202451,2.3933636546129825e-15,17.618006918589536,46
0.43,6,144,1,1,1046,broad_xyz,22.35964451205876,False,0.8779843077323093,0.8891652688151374,0.7505377841030654,-0.8876161404296787,-0.2373257411999451,0.0201280027394638,0.4355547484363075,0.2192856897089269,2.3933636546129825e-15,17.618006918589536,46
0.45,6,144,1,1,1046,broad_xyz,22.35964451205876,False,0.8801122758903331,0.9022900185522682,0.7457180020130769,-0.8895755124084844,-0.2025173551425569,0.0142087966615745,0.455364743565824,0.2249058201925863,2.3933636546129825e-15,17.618006918589536,46
0.5,6,144,1,1,1046,broad_xyz,22.35964451205876,False,0.7904444096484862,0.8774994857528775,0.7135340010146493,-0.891050247821204,-0.0831952179701171,0.0215713104777722,0.4872678506922221,0.2466577338129486,2.3933636546129825e-15,17.618006918589536,46
0.55,6,144,1,1,1046,broad_xyz,22.35964451205876,False,0.5285091276136407,0.7687308378319417,0.7133242922186669,-0.8604141918645171,-0.2850440748725909,-0.0784796296311692,0.5004638680904006,0.2787742280561127,2.3933636546129825e-15,17.618006918589536,46
0.6,6,144,1,1,1046,broad_xyz,22.35964451205876,False,0.4313145197624688,0.7206745221142625,0.7726226696305732,-0.8149106028284041,-0.6134261094977481,-0.3578225811331457,0.5498129669748535,0.3082975055799946,2.3933636546129825e-15,17.618006918589536,46
0.6499999999999999,6,144,1,1,1046,broad_xyz,22.35964451205876,False,0.6326531431764868,0.7889886158903959,0.84242334501966,-0.7982087039585061,-0.7746144793238768,-0.5126651433648142,0.5484939292258139,0.3176543592038132,2.3933636546129825e-15,17.618006918589536,46
0.7,6,144,1,1,1046,broad_xyz,22.35964451205876,False,0.7783061049647939,0.8327121503196272,0.8820416543243548,-0.7718482932718959,-0.8454202413811629,-0.5444581658628082,0.5762906818448308,0.3092645431161637,2.3933636546129825e-15,17.618006918589536,46
0.725,6,144,1,1,1046,broad_xyz,22.35964451205876,False,0.7963552518019135,0.8468420315832672,0.8946911401171507,-0.70843673197603,-0.8570960675888004,-0.5402413942086675,0.5692653789516703,0.3018763287183285,2.3933636546129825e-15,17.618006918589536,46
0.75,6,144,1,1,1046,broad_xyz,22.35964451205876,False,0.8077366968147311,0.860145369433628,0.9057854407862392,-0.5675735669090781,-0.8635118678615736,-0.534798606722146,0.5479420715931118,0.2935584717253935,2.3933636546129825e-15,17.618006918589536,46
0.775,6,144,1,1,1046,broad_xyz,22.35964451205876,False,0.8175251368544897,0.8704691359270764,0.9152784472391644,-0.3096143119178978,-0.8695026204160343,-0.5301572951065208,0.5139807159913738,0.2843913158553525,2.3933636546129825e-15,17.618006918589536,46
0.8,6,144,1,1,1046,broad_xyz,22.35964451205876,False,0.8176658213533397,0.8757682218742304,0.9210578400972268,0.0083540241410297,-0.8722828228195031,-0.5255705888622918,0.484092531674318,0.2740622978434357,2.3933636546129825e-15,17.618006918589536,46
0.825,6,144,1,1,1046,broad_xyz,22.35964451205876,False,0.804886883090133,0.8767632479245694,0.9220811404265016,0.2455627931604617,-0.8661622832065391,-0.5204895223690462,0.4649023704307614,0.2623923170865647,2.3933636546129825e-15,17.618006918589536,46
0.85,6,144,1,1,1046,broad_xyz,22.35964451205876,False,0.785199104935587,0.8758579458314161,0.9207994406913316,0.3724256564781123,-0.8539032226961007,-0.5116907548889443,0.4555169869148583,0.2500144948708586,2.3933636546129825e-15,17.618006918589536,46
0.875,6,144,1,1,1046,broad_xyz,22.35964451205876,False,0.766406565879836,0.8733954475386648,0.9203973550891464,0.4248928556029251,-0.8338576902584911,-0.4948593945596454,0.4478695637428608,0.2383307299567519,2.3933636546129825e-15,17.618006918589536,46
0.9,6,144,1,1,1046,broad_xyz,22.35964451205876,False,0.7491770158029116,0.8661114395566738,0.9204286039057222,0.4267210478630958,-0.806667262091354,-0.4754981417818572,0.4381891502658243,0.2297014846355355,2.3933636546129825e-15,17.618006918589536,46
0.95,6,144,1,1,1046,broad_xyz,22.35964451205876,False,0.6943113707569757,0.8441625075951497,0.9269589399603152,0.3260571421150782,-0.8829244238430303,-0.4375637615205379,0.4152596827382505,0.2246320330246128,2.3933636546129825e-15,17.618006918589536,46
1.0,6,144,1,1,1046,broad_xyz,22.35964451205876,False,0.57832049445048,0.8155705718739692,0.9319185890128542,0.0118690458384527,-0.9312122878022449,-0.4115239375506968,0.4104786988844561,0.230189341196674,2.3933636546129825e-15,17.618006918589536,46
0.05,6,144,1,1,1047,broad_xyz,22.35964451205876,False,-0.3841041719687109,-0.2853915271877387,-0.5120096024785232,-0.4922508515157632,-0.5030282313729585,-0.4289904468423322,0.0004796089342697,3.28888763686345e-05,2.3933636546129825e-15,17.618006918589536,47
0.075,6,144,1,1,1047,broad_xyz,22.35964451205876,False,-0.3899853223283205,-0.2920512085249273,-0.5270876541191115,-0.4943856822325124,-0.5073492695425551,-0.3867995038255938,0.0011079503548978,7.699586137466127e-05,2.3933636546129825e-15,17.618006918589536,47
0.1,6,144,1,1,1047,broad_xyz,22.35964451205876,False,-0.4112706013806318,-0.3234846993211168,-0.569057117071089,-0.5199337022984201,-0.5278839862675476,-0.3728856847422143,0.0019537587310152,0.0001402945842141,2.3933636546129825e-15,17.618006918589536,47
0.125,6,144,1,1,1047,broad_xyz,22.35964451205876,False,-0.5000346212556828,-0.419751441111674,-0.6752220278032671,-0.604095406089571,-0.5899335443430082,-0.4210858315527696,0.0028219549232388,0.0002480789320053,2.3933636546129825e-15,17.618006918589536,47
0.15,6,144,1,1,1047,broad_xyz,22.35964451205876,False,-0.5426501560039456,-0.3612307089893323,-0.6046775647325864,-0.5448481352467366,-0.4371685059344087,-0.3933769942857767,0.0076110280405642,0.0005926170177982,2.3933636546129825e-15,17.618006918589536,47
0.1625,6,144,1,1,1047,broad_xyz,22.35964451205876,False,-0.5152143762498979,-0.279180117795537,-0.5072512786878491,-0.4707650274012469,-0.3052771889092982,-0.3460884771268582,0.0119554460761446,0.0010231749071307,2.3933636546129825e-15,17.618006918589536,47
0.175,6,144,1,1,1047,broad_xyz,22.35964451205876,False,-0.4382340186631613,-0.1891276921010709,-0.377699528102794,-0.3755510177161788,-0.1552572056353461,-0.2805793176106392,0.0170603559449082,0.0019095494136154,2.3933636546129825e-15,17.618006918589536,47
0.1875,6,144,1,1,1047,broad_xyz,22.35964451205876,False,-0.3457704303879596,-0.099915151317162,-0.2556804920030168,-0.2910586716143367,-0.0334774152396476,-0.2249526324468474,0.0256558414187447,0.0035330829672906,2.3933636546129825e-15,17.618006918589536,47
0.2,6,144,1,1,1047,broad_xyz,22.35964451205876,False,-0.2320756179367595,0.0041949021628498,-0.1310514015316158,-0.207737743177132,0.0280017057809795,-0.1706586361395944,0.0368309409361046,0.0063930926198457,2.3933636546129825e-15,17.618006918589536,47
0.2125,6,144,1,1,1047,broad_xyz,22.35964451205876,False,-0.0732466895272368,0.126423804596412,0.022210822462037,-0.1048125716745915,-0.0235210571532456,-0.1108745176920931,0.0493456089519315,0.0113703429616231,2.3933636546129825e-15,17.618006918589536,47
0.225,6,144,1,1,1047,broad_xyz,22.35964451205876,False,0.0821468960173931,0.2350436495171481,0.1898037770603173,0.0158933486290396,-0.1635926581899557,-0.0742234231741957,0.0682347127068446,0.0190464289403906,2.3933636546129825e-15,17.618006918589536,47
0.2375,6,144,1,1,1047,broad_xyz,22.35964451205876,False,0.2026167069742092,0.3124069867984712,0.3392802882093871,0.1248566088569245,-0.3465421268296802,-0.0728665722114968,0.0920104139191348,0.0292587089575597,2.3933636546129825e-15,17.618006918589536,47
0.25,6,144,1,1,1047,broad_xyz,22.35964451205876,False,0.2737667101532018,0.3505025405110409,0.4442312198837989,0.1878631336268087,-0.4929112510481618,-0.0899968251324321,0.123539746561466,0.0412252635743787,2.3933636546129825e-15,17.618006918589536,47
0.27,6,144,1,1,1047,broad_xyz,22.35964451205876,False,0.3253560032692121,0.3738363045398232,0.5497391507717275,0.2123427929759773,-0.6167264646847601,-0.1234905251383812,0.1807125380960232,0.0624014446622599,2.3933636546129825e-15,17.618006918589536,47
0.29,6,144,1,1,1047,broad_xyz,22.35964451205876,False,0.3490337674281351,0.3969748483247819,0.6060631136974869,0.1742449460145783,-0.6587286443148671,-0.1529233853807726,0.2415303668708336,0.0837628701019621,2.3933636546129825e-15,17.618006918589536,47
0.31,6,144,1,1,1047,broad_xyz,22.35964451205876,False,0.3613655109488489,0.427764897879728,0.6367454487486569,0.1062903999480099,-0.6771645105494984,-0.1743546800089546,0.2945342224124949,0.1035490886275995,2.3933636546129825e-15,17.618006918589536,47
0.33,6,144,1,1,1047,broad_xyz,22.35964451205876,False,0.3728078748509699,0.4719539059462234,0.6481567315525076,0.0190700082882053,-0.6754998440682317,-0.1794356615397859,0.333150786457277,0.1202635176401423,2.3933636546129825e-15,17.618006918589536,47
0.35,6,144,1,1,1047,broad_xyz,22.35964451205876,False,0.3839781992156331,0.5252001815821414,0.650043000192714,-0.0786500449567879,-0.6661037898508508,-0.1763357033975947,0.3602306992327642,0.1336320926738134,2.3933636546129825e-15,17.618006918589536,47
0.37,6,144,1,1,1047,broad_xyz,22.35964451205876,False,0.3884630303762337,0.5757254787230655,0.650465057872442,-0.1795044065696275,-0.6589264084804732,-0.1704164250339213,0.3840143641801564,0.1442696496396477,2.3933636546129825e-15,17.618006918589536,47
0.39,6,144,1,1,1047,broad_xyz,22.35964451205876,False,0.3865628897334394,0.6190550018148236,0.6576979183013802,-0.2632260836392897,-0.6566034835404192,-0.1669647079215333,0.3977373323596087,0.1530481944812471,2.3933636546129825e-15,17.618006918589536,47
0.41,6,144,1,1,1047,broad_xyz,22.35964451205876,False,0.3874863475573973,0.6568951119241794,0.6677409595567909,-0.3223007895788801,-0.6538594614455912,-0.1643754974836611,0.4034688012868411,0.1599651279114264,2.3933636546129825e-15,17.618006918589536,47
0.43,6,144,1,1,1047,broad_xyz,22.35964451205876,False,0.3962406342162571,0.6873396720774245,0.675350429036786,-0.3567943224724544,-0.6534706643286075,-0.161883486043819,0.4129724134120159,0.1651269374312229,2.3933636546129825e-15,17.618006918589536,47
0.45,6,144,1,1,1047,broad_xyz,22.35964451205876,False,0.4127689707243774,0.7122952331343232,0.6754434060753899,-0.3737072434790131,-0.6493635103456707,-0.15752104046678,0.4168699508472508,0.1686576839296502,2.3933636546129825e-15,17.618006918589536,47
0.5,6,144,1,1,1047,broad_xyz,22.35964451205876,False,0.4646932687406341,0.7586693472963828,0.658871365049066,-0.3366615335761937,-0.5708044944226482,-0.1675384349989195,0.4012533716454088,0.1753423147773779,2.3933636546129825e-15,17.618006918589536,47
0.55,6,144,1,1,1047,broad_xyz,22.35964451205876,False,0.3657788354102396,0.7313019824837119,0.6957166546821588,-0.0815840059101925,-0.5852827476440449,-0.2739301121428149,0.4080753898809449,0.1878745346349686,2.3933636546129825e-15,17.618006918589536,47
0.6,6,144,1,1,1047,broad_xyz,22.35964451205876,False,0.1530929058480183,0.5962804552665664,0.7393025027055145,0.0514540299171994,-0.708881242365422,-0.301762840781618,0.4514827554330837,0.1995873327342888,2.3933636546129825e-15,17.618006918589536,47
0.6499999999999999,6,144,1,1,1047,broad_xyz,22.35964451205876,False,0.1728122153403374,0.5938790365252706,0.7455085372362565,0.0331027681683156,-0.7758079040489547,-0.2741089353614258,0.4858128986242794,0.2025962938232465,2.3933636546129825e-15,17.618006918589536,47
0.7,6,144,1,1,1047,broad_xyz,22.35964451205876,False,0.3685454893119251,0.7081756599344899,0.7865513471985208,0.0797678837489326,-0.8030732392384634,-0.2996271799412949,0.4911722958659421,0.2039711292919977,2.3933636546129825e-15,17.618006918589536,47
0.725,6,144,1,1,1047,broad_xyz,22.35964451205876,False,0.4707551907392974,0.7592515729463979,0.806252473988444,0.0658835812025985,-0.8231626825109288,-0.3186812280194997,0.4810501903109532,0.2036075370802554,2.3933636546129825e-15,17.618006918589536,47
0.75,6,144,1,1,1047,broad_xyz,22.35964451205876,False,0.5518609100860459,0.7886925984204467,0.8134456785082258,0.0129344068928329,-0.8439908765739353,-0.3392222370759615,0.4624305265119593,0.2013024273095444,2.3933636546129825e-15,17.618006918589536,47
0.775,6,144,1,1,1047,broad_xyz,22.35964451205876,False,0.6011370757900736,0.797528649278447,0.8146746048182903,-0.0417493454178283,-0.8620374707682615,-0.3581143873477741,0.4572015793766611,0.1975800486427986,2.3933636546129825e-15,17.618006918589536,47
0.8,6,144,1,1,1047,broad_xyz,22.35964451205876,False,0.621634236346402,0.795355746189856,0.8178825444916713,-0.0625860611874143,-0.8750252448312785,-0.372221314634836,0.467288573727212,0.1935383445443716,2.3933636546129825e-15,17.618006918589536,47
0.825,6,144,1,1,1047,broad_xyz,22.35964451205876,False,0.6160629253537987,0.7915775000864999,0.8244326111232329,-0.0390217228154502,-0.8825108679404389,-0.3827149899055542,0.4714021911100663,0.190203507827497,2.3933636546129825e-15,17.618006918589536,47
0.85,6,144,1,1,1047,broad_xyz,22.35964451205876,False,0.5900656599654446,0.792740455272714,0.8323470623727421,0.0189354285440036,-0.8774482096055803,-0.3930505273092344,0.4663092246325995,0.1881540841958872,2.3933636546129825e-15,17.618006918589536,47
0.875,6,144,1,1,1047,broad_xyz,22.35964451205876,False,0.5564308459861779,0.799502739900175,0.8395858930646037,0.0866771362602411,-0.8463516368891496,-0.4028412041266628,0.4602391712517515,0.1872017712903737,2.3933636546129825e-15,17.618006918589536,47
0.9,6,144,1,1,1047,broad_xyz,22.35964451205876,False,0.5325128796186932,0.8079935305609194,0.8429169503990385,0.1366183078401616,-0.7900971574751345,-0.4140021526407892,0.4404431325704161,0.1863717752271004,2.3933636546129825e-15,17.618006918589536,47
0.95,6,144,1,1,1047,broad_xyz,22.35964451205876,False,0.5442145280921462,0.8015020215836115,0.8243477857048135,0.0935999381308708,-0.8014204331067614,-0.4136178647218835,0.4049906429197517,0.1833095884244255,2.3933636546129825e-15,17.618006918589536,47
1.0,6,144,1,1,1047,broad_xyz,22.35964451205876,False,0.5614249746728905,0.7592377029640809,0.7740931749492459,-0.1565307133311144,-0.8362120084663551,-0.3707251764371668,0.4031622725831344,0.1806148400401871,2.3933636546129825e-15,17.618006918589536,47
0.05,6,144,1,1,1048,broad_xyz,22.35964451205876,False,-0.1925160093469329,0.2551754125770464,-0.5425587335955948,-0.5384428986349832,-0.5258259093568523,0.5625413338084168,0.001980703620589,0.0001891166035624,2.3933636546129825e-15,17.618006918589536,48
0.075,6,144,1,1,1048,broad_xyz,22.35964451205876,False,-0.1769968783965592,0.2596023757332873,-0.5769947384768092,-0.5698450114975082,-0.5589247871922556,0.6453512308307507,0.0054239889235781,0.0005662717430945,2.3933636546129825e-15,17.618006918589536,48
0.1,6,144,1,1,1048,broad_xyz,22.35964451205876,False,-0.1430186276547857,0.2842479463028464,-0.6304708581795622,-0.6247832351438356,-0.6142720153886411,0.7254511796042397,0.0118325573831423,0.0014977511629738,2.3933636546129825e-15,17.618006918589536,48
0.125,6,144,1,1,1048,broad_xyz,22.35964451205876,False,-0.0417205119833735,0.3648195239585475,-0.6740597323733085,-0.6868700766223996,-0.6606581248258541,0.7636770759550914,0.0223205473366033,0.0038944239152389,2.3933636546129825e-15,17.618006918589536,48
0.15,6,144,1,1,1048,broad_xyz,22.35964451205876,False,0.2366441865655682,0.5621030610833917,-0.5868005886592532,-0.6853255298676219,-0.5771926723732093,0.7154893536252428,0.0380673796307415,0.0106463172614563,2.3933636546129825e-15,17.618006918589536,48
0.1625,6,144,1,1,1048,broad_xyz,22.35964451205876,False,0.4077130203418569,0.678737471941489,-0.4687964052516761,-0.6356925481519722,-0.4449414019223547,0.6554363417904805,0.0485497251680092,0.0171149840737004,2.3933636546129825e-15,17.618006918589536,48
0.175,6,144,1,1,1048,broad_xyz,22.35964451205876,False,0.5567719180120371,0.777103235457216,-0.3254250862603592,-0.5628192238366235,-0.2614947520451904,0.5792512392723255,0.0608945032702699,0.0262547946029635,2.3933636546129825e-15,17.618006918589536,48
0.1875,6,144,1,1,1048,broad_xyz,22.35964451205876,False,0.6672488960103644,0.8476104069994007,-0.1819967025764284,-0.4835242509848845,-0.0344558809304463,0.4975128994078315,0.0797256804294472,0.0382392313989003,2.3933636546129825e-15,17.618006918589536,48
0.2,6,144,1,1,1048,broad_xyz,22.35964451205876,False,0.7432489312084211,0.8916309103602138,-0.0507346583265127,-0.4100248116890626,0.1937118382347785,0.4143698722545493,0.1032076870315733,0.0531972475080678,2.3933636546129825e-15,17.618006918589536,48
0.2125,6,144,1,1,1048,broad_xyz,22.35964451205876,False,0.7974489090561921,0.920470973755218,0.0720750454966132,-0.3416066387042619,0.2936904233720723,0.3298751110929536,0.1322831840524651,0.0711717471195956,2.3933636546129825e-15,17.618006918589536,48
0.225,6,144,1,1,1048,broad_xyz,22.35964451205876,False,0.8258285591649575,0.9306402490060868,0.175864790859373,-0.2907230800026378,0.2635824161887622,0.2559711052743598,0.1640463567836358,0.0910830184503461,2.3933636546129825e-15,17.618006918589536,48
0.2375,6,144,1,1,1048,broad_xyz,22.35964451205876,False,0.8387389356375745,0.9283336413486508,0.2769726415832285,-0.2410907964265176,0.2118602570784333,0.1854835532458532,0.1962100093096908,0.1127486035310605,2.3933636546129825e-15,17.618006918589536,48
0.25,6,144,1,1,1048,broad_xyz,22.35964451205876,False,0.8421457173969777,0.9212448628143536,0.3646418031217571,-0.2078923560238405,0.163558868749768,0.1275363646309524,0.2276507860542829,0.1348745939683373,2.3933636546129825e-15,17.618006918589536,48
0.27,6,144,1,1,1048,broad_xyz,22.35964451205876,False,0.8408119495026141,0.912269392834906,0.4713422796881721,-0.2013836026602844,0.1150159816915426,0.0666615535370825,0.2739500841167125,0.169046694787498,2.3933636546129825e-15,17.618006918589536,48
0.29,6,144,1,1,1048,broad_xyz,22.35964451205876,False,0.8421380172186445,0.9143508130964918,0.5377861444311736,-0.2602009676011462,0.1131441061370109,0.0481189959823818,0.3125163996586965,0.1990937597811221,2.3933636546129825e-15,17.618006918589536,48
0.31,6,144,1,1,1048,broad_xyz,22.35964451205876,False,0.8492087633157631,0.9284983323652408,0.5705400382000482,-0.3793138051398486,0.1673141533853364,0.0705710890880807,0.3418815900771628,0.2223237275811469,2.3933636546129825e-15,17.618006918589536,48
0.33,6,144,1,1,1048,broad_xyz,22.35964451205876,False,0.8528983840302166,0.9463572686975558,0.582097033698169,-0.5293624441021716,0.2559564134561325,0.1253330596805025,0.36563127684108,0.2365187820678385,2.3933636546129825e-15,17.618006918589536,48
0.35,6,144,1,1,1048,broad_xyz,22.35964451205876,False,0.8389706159549463,0.9544529734271592,0.5927673350637709,-0.6633650875346813,0.3448643127187629,0.1930205998648803,0.3913159373182459,0.2409126549776231,2.3933636546129825e-15,17.618006918589536,48
0.37,6,144,1,1,1048,broad_xyz,22.35964451205876,False,0.7967495570101627,0.9374405980755072,0.6300764782058843,-0.7352779852290552,0.3690091106559686,0.2440353779673005,0.4173619094852114,0.2391562497353147,2.3933636546129825e-15,17.618006918589536,48
0.39,6,144,1,1,1048,broad_xyz,22.35964451205876,False,0.7457074731119486,0.9059087453253912,0.6719211421348626,-0.7704471381796736,0.2878416015800417,0.2780440157109408,0.43561915591507,0.2331311635959658,2.3933636546129825e-15,17.618006918589536,48
0.41,6,144,1,1,1048,broad_xyz,22.35964451205876,False,0.7037431398067696,0.8729249511387066,0.7110569843715802,-0.7831025435385361,0.0883850199373279,0.2931984562242207,0.449923526127762,0.2265553726753962,2.3933636546129825e-15,17.618006918589536,48
0.43,6,144,1,1,1048,broad_xyz,22.35964451205876,False,0.6689224961320301,0.8399078915366887,0.7308137420761541,-0.7844104634348069,-0.1183800175801225,0.29429027874738,0.4645105924584653,0.2194815092213475,2.3933636546129825e-15,17.618006918589536,48
0.45,6,144,1,1,1048,broad_xyz,22.35964451205876,False,0.646322874562106,0.8171696992202846,0.7343710728423478,-0.7842492380084447,-0.1953300597025939,0.2822347530165412,0.4698738160107422,0.2140983073145933,2.3933636546129825e-15,17.618006918589536,48
0.5,6,144,1,1,1048,broad_xyz,22.35964451205876,False,0.6938467644513733,0.8509115953656345,0.7272973976124135,-0.7736598371813451,0.0806676876030995,0.1507308684235861,0.4551172694400597,0.2274022463873028,2.3933636546129825e-15,17.618006918589536,48
0.55,6,144,1,1,1048,broad_xyz,22.35964451205876,False,0.7716150148367003,0.852556984292188,0.7507714119708963,-0.6197216848218785,0.0280224482257048,-0.1976059521360657,0.42240942076174,0.2807844206181892,2.3933636546129825e-15,17.618006918589536,48
0.6,6,144,1,1,1048,broad_xyz,22.35964451205876,False,0.7372811772642884,0.7737709623784654,0.7768365240396605,-0.5616249879032092,-0.4073230266819584,-0.4295402914612654,0.4576367366024975,0.3152907617848712,2.3933636546129825e-15,17.618006918589536,48
0.6499999999999999,6,144,1,1,1048,broad_xyz,22.35964451205876,False,0.746490979211784,0.7820299385177462,0.7751164841113759,-0.633959981560553,-0.6941069764387342,-0.4573819258134385,0.4635688590284195,0.3076443442107785,2.3933636546129825e-15,17.618006918589536,48
0.7,6,144,1,1,1048,broad_xyz,22.35964451205876,False,0.7829744871256505,0.7993027887596836,0.803156718075826,-0.6402686307377077,-0.772192276173389,-0.4410151275503144,0.4545258013060656,0.2819931923116225,2.3933636546129825e-15,17.618006918589536,48
0.725,6,144,1,1,1048,broad_xyz,22.35964451205876,False,0.8015542013189453,0.8014852842633765,0.8161614341008536,-0.5938972273278753,-0.7801150346949695,-0.4319314676385448,0.4621052869472081,0.2691382824437383,2.3933636546129825e-15,17.618006918589536,48
0.75,6,144,1,1,1048,broad_xyz,22.35964451205876,False,0.8134747059362706,0.7997118916917031,0.8183723541864004,-0.4894126676218217,-0.7733060102649968,-0.428575823023443,0.4668175423904727,0.257342559609156,2.3933636546129825e-15,17.618006918589536,48
0.775,6,144,1,1,1048,broad_xyz,22.35964451205876,False,0.81796060667632,0.798531700937672,0.8106917123213736,-0.301950518300091,-0.7541141590142395,-0.4304913596011226,0.4623884889704407,0.2460854780931357,2.3933636546129825e-15,17.618006918589536,48
0.8,6,144,1,1,1048,broad_xyz,22.35964451205876,False,0.8178725017516685,0.8000283398284749,0.7966674148299633,-0.0646318662586832,-0.7229891930874252,-0.441737086399971,0.4454036909542775,0.2348401893489769,2.3933636546129825e-15,17.618006918589536,48
0.825,6,144,1,1,1048,broad_xyz,22.35964451205876,False,0.8159827991958557,0.8083994825779642,0.7845495985244789,0.1360030511230056,-0.6859826757644777,-0.4579124415076628,0.4162460849220261,0.2229793473088766,2.3933636546129825e-15,17.618006918589536,48
0.85,6,144,1,1,1048,broad_xyz,22.35964451205876,False,0.8126512211076009,0.8262390054020661,0.7857259652758519,0.2741379203741973,-0.653720759388006,-0.4657777661802655,0.4027903200355632,0.2103659604250009,2.3933636546129825e-15,17.618006918589536,48
0.875,6,144,1,1,1048,broad_xyz,22.35964451205876,False,0.8052469146465588,0.8485193275590318,0.803934893237892,0.3704761832797166,-0.6377686232586751,-0.4541569123108707,0.3863494542884875,0.1988903726969813,2.3933636546129825e-15,17.618006918589536,48
0.9,6,144,1,1,1048,broad_xyz,22.35964451205876,False,0.7920374757857779,0.8623448850888337,0.823289936053609,0.4295827284140318,-0.6489959566562136,-0.4375226971066774,0.3659342201069148,0.1928594804227356,2.3933636546129825e-15,17.618006918589536,48
0.95,6,144,1,1,1048,broad_xyz,22.35964451205876,False,0.741107866150797,0.829877907490499,0.8266946901015279,0.3731118179462328,-0.7993462397096599,-0.4158991930190531,0.3851411339858256,0.2018268169181925,2.3933636546129825e-15,17.618006918589536,48
1.0,6,144,1,1,1048,broad_xyz,22.35964451205876,False,0.6286837697835337,0.7418683355976118,0.8131704005027542,-0.0957752129470144,-0.8672290577354695,-0.3552345548654873,0.3997252623785458,0.2195756804208141,2.3933636546129825e-15,17.618006918589536,48
0.05,6,144,1,1,1049,broad_xyz,22.35964451205876,False,-0.0646269857334567,0.4709471181041496,-0.3880990541060376,-0.4531965077016978,-0.245113475526069,-0.3431142401616768,0.0047095988606053,0.0012293019940325,2.3933636546129825e-15,17.618006918589536,49
0.075,6,144,1,1,1049,broad_xyz,22.35964451205876,False,-0.0100455096196929,0.4750315025331718,-0.3824653872698114,-0.4703220093468144,-0.2372836900388676,-0.3527226150260394,0.011635015634836,0.0031352699307256,2.3933636546129825e-15,17.618006918589536,49
0.1,6,144,1,1,1049,broad_xyz,22.35964451205876,False,0.0859422457037633,0.4904048753028324,-0.357658908131626,-0.4775907504793182,-0.2354506669456291,-0.3507846923381646,0.0229646106903241,0.0065681939077864,2.3933636546129825e-15,17.618006918589536,49
0.125,6,144,1,1,1049,broad_xyz,22.35964451205876,False,0.2140014555745965,0.5227672968091048,-0.3010243157390398,-0.4677843031374882,-0.2302011657678208,-0.3387776397398895,0.0399887736926496,0.0125867652740094,2.3933636546129825e-15,17.618006918589536,49
0.15,6,144,1,1,1049,broad_xyz,22.35964451205876,False,0.3349674428591349,0.5697966175455734,-0.1993772624566545,-0.4250682222065193,-0.1948507015861368,-0.3044834405598216,0.0649572477400699,0.0230525584886101,2.3933636546129825e-15,17.618006918589536,49
0.1625,6,144,1,1,1049,broad_xyz,22.35964451205876,False,0.3873635671988299,0.6031577564935046,-0.1332927994934407,-0.3920847566549547,-0.1662564694340222,-0.2761850280510876,0.0816555916647043,0.0307853340717947,2.3933636546129825e-15,17.618006918589536,49
0.175,6,144,1,1,1049,broad_xyz,22.35964451205876,False,0.4424310208758369,0.6465034056330364,-0.0554070474852939,-0.3498669232582873,-0.1384849956033585,-0.237492681621092,0.1008862788575416,0.0407214249176461,2.3933636546129825e-15,17.618006918589536,49
0.1875,6,144,1,1,1049,broad_xyz,22.35964451205876,False,0.503606943677742,0.6976632149130227,0.037344089949318,-0.2952039186763456,-0.1260570163473114,-0.1871805933643629,0.1239649852997831,0.0533121355324423,2.3933636546129825e-15,17.618006918589536,49
0.2,6,144,1,1,1049,broad_xyz,22.35964451205876,False,0.565780420219753,0.7471685881796228,0.140292942534397,-0.2313753719035015,-0.1655363026561392,-0.1266752102976731,0.1489370220647778,0.0686007347308455,2.3933636546129825e-15,17.618006918589536,49
0.2125,6,144,1,1,1049,broad_xyz,22.35964451205876,False,0.6196446645166763,0.7866845028998728,0.2460334473457502,-0.1654427241654384,-0.2632357138886187,-0.0593112014426075,0.1780849212767853,0.0864126883663518,2.3933636546129825e-15,17.618006918589536,49
0.225,6,144,1,1,1049,broad_xyz,22.35964451205876,False,0.6568491044956976,0.8091444767729252,0.3427506470926882,-0.110583604222427,-0.3731996857606227,0.0045381587198313,0.2104849494905472,0.1062625022837658,2.3933636546129825e-15,17.618006918589536,49
0.2375,6,144,1,1,1049,broad_xyz,22.35964451205876,False,0.6816212650800254,0.819295248783199,0.4284623385423775,-0.0714707592559893,-0.4676944243712246,0.0666507623126809,0.2435808455156495,0.12736592783126,2.3933636546129825e-15,17.618006918589536,49
0.25,6,144,1,1,1049,broad_xyz,22.35964451205876,False,0.6973101278555185,0.8211262922981771,0.5021813635947064,-0.0516410313502022,-0.5353666384627608,0.1271024405061942,0.2763921005929689,0.1490436472895321,2.3933636546129825e-15,17.618006918589536,49
0.27,6,144,1,1,1049,broad_xyz,22.35964451205876,False,0.7126086586553716,0.819392908405566,0.5905894397915208,-0.0708961997228504,-0.6025102055980094,0.2181403185939872,0.3258589074936975,0.1829796877035493,2.3933636546129825e-15,17.618006918589536,49
0.29,6,144,1,1,1049,broad_xyz,22.35964451205876,False,0.7229439023195491,0.8242518378776384,0.65035579158313,-0.1456867024201202,-0.6352601530791002,0.3203968839373441,0.3685014087398846,0.2137452726040432,2.3933636546129825e-15,17.618006918589536,49
0.31,6,144,1,1,1049,broad_xyz,22.35964451205876,False,0.72485227477733,0.8400692805017012,0.68821122361833,-0.2635064207429999,-0.6354057318708617,0.4433178692984053,0.4033907912272556,0.2390355125821537,2.3933636546129825e-15,17.618006918589536,49
0.33,6,144,1,1,1049,broad_xyz,22.35964451205876,False,0.7078381676193365,0.861834787835831,0.7086926214077012,-0.4082418368137777,-0.6060358912368156,0.543993773439141,0.4266235374575868,0.2570696971478087,2.3933636546129825e-15,17.618006918589536,49
0.35,6,144,1,1,1049,broad_xyz,22.35964451205876,False,0.6643412058731529,0.8765716435968886,0.7224136578034419,-0.5476431338227532,-0.5619397343169039,0.5642281700750287,0.4420707196820735,0.2674819243077786,2.3933636546129825e-15,17.618006918589536,49
0.37,6,144,1,1,1049,broad_xyz,22.35964451205876,False,0.6031109488273919,0.8764475148172775,0.7431793728386462,-0.6428977875763147,-0.5328973719336787,0.5096641535558762,0.4552954961549315,0.2716253622167246,2.3933636546129825e-15,17.618006918589536,49
0.39,6,144,1,1,1049,broad_xyz,22.35964451205876,False,0.544938296734674,0.862492429468535,0.7665858373362686,-0.6950320102505604,-0.5557849923584628,0.4221016573290956,0.4645973651282769,0.2711194925272358,2.3933636546129825e-15,17.618006918589536,49
0.41,6,144,1,1,1049,broad_xyz,22.35964451205876,False,0.4979934468107146,0.8390278545390523,0.7860826800225306,-0.719724191324504,-0.6101953231680093,0.3328708541561354,0.4851019914656625,0.2680491021419974,2.3933636546129825e-15,17.618006918589536,49
0.43,6,144,1,1,1049,broad_xyz,22.35964451205876,False,0.4607909351641132,0.8086159012788735,0.7936688972682784,-0.733357978301485,-0.6630745672094831,0.257214776144299,0.5049227508819486,0.2641516178044563,2.3933636546129825e-15,17.618006918589536,49
0.45,6,144,1,1,1049,broad_xyz,22.35964451205876,False,0.4367140623540923,0.7765697395979031,0.7876990723101133,-0.7470576663362981,-0.68981564574166,0.1979073954714001,0.5192268391313059,0.2616884444084215,2.3933636546129825e-15,17.618006918589536,49
0.5,6,144,1,1,1049,broad_xyz,22.35964451205876,False,0.4436211157163606,0.7372984434688375,0.7461166020734995,-0.7878732631001216,-0.5979380744029958,0.1410632317197176,0.5295736864894883,0.2715290565966244,2.3933636546129825e-15,17.618006918589536,49
0.55,6,144,1,1,1049,broad_xyz,22.35964451205876,False,0.598745049241534,0.7813578136604822,0.7862109215514302,-0.7519442265746166,-0.6437299016355782,0.162505990770621,0.5454979555629109,0.3154085255949885,2.3933636546129825e-15,17.618006918589536,49
0.6,6,144,1,1,1049,broad_xyz,22.35964451205876,False,0.6552392782092399,0.7766129469884849,0.8400836458777898,-0.7118929205739306,-0.8055626286645393,0.0517856619132818,0.5411614968082312,0.3514994642950965,2.3933636546129825e-15,17.618006918589536,49
0.6499999999999999,6,144,1,1,1049,broad_xyz,22.35964451205876,False,0.6574052438508784,0.7540295988840413,0.8317783085799695,-0.6995924849881432,-0.8758340559043505,-0.2129466323369474,0.5531699594110299,0.3511221469666907,2.3933636546129825e-15,17.618006918589536,49
0.7,6,144,1,1,1049,broad_xyz,22.35964451205876,False,0.6936950181323761,0.7220453474916001,0.8359870383175623,-0.6551180941495025,-0.9069650170271994,-0.3639010163666443,0.5610995509050566,0.3274928463841445,2.3933636546129825e-15,17.618006918589536,49
0.725,6,144,1,1,1049,broad_xyz,22.35964451205876,False,0.7032296076139456,0.7059953948700055,0.84677521193853,-0.6056969903444652,-0.914622234096265,-0.3884477536365701,0.566675386321341,0.3132629797008446,2.3933636546129825e-15,17.618006918589536,49
0.75,6,144,1,1,1049,broad_xyz,22.35964451205876,False,0.7011919857628344,0.6945822838453686,0.8562453478111653,-0.5260285149332469,-0.91982122893382,-0.393491387382148,0.5574888568002577,0.2992533318767545,2.3933636546129825e-15,17.618006918589536,49
0.775,6,144,1,1,1049,broad_xyz,22.35964451205876,False,0.6916583715936836,0.6895898528178396,0.8596410391821026,-0.4104539652965997,-0.9255717485679104,-0.3872144304415855,0.5334633550713999,0.2857691594350073,2.3933636546129825e-15,17.618006918589536,49
0.8,6,144,1,1,1049,broad_xyz,22.35964451205876,False,0.6806231272372422,0.6886163939143141,0.8533921393130336,-0.2800104372315005,-0.9285453251668246,-0.3761355393736649,0.4992499257594326,0.2723029797394216,2.3933636546129825e-15,17.618006918589536,49
0.825,6,144,1,1,1049,broad_xyz,22.35964451205876,False,0.6724317356611155,0.6891554198903155,0.8396663302959048,-0.168264052778554,-0.9263463095210543,-0.3678803078543741,0.4644060157760218,0.2583447776154472,2.3933636546129825e-15,17.618006918589536,49
0.85,6,144,1,1,1049,broad_xyz,22.35964451205876,False,0.6651058720680031,0.6915504239648667,0.8276113435599008,-0.0851319167184737,-0.91453207413912,-0.3710328960840593,0.4546431295346582,0.2441518942325738,2.3933636546129825e-15,17.618006918589536,49
0.875,6,144,1,1,1049,broad_xyz,22.35964451205876,False,0.6587151545851798,0.6931559443246488,0.8216631919722455,-0.0291299172523916,-0.8817008566498136,-0.3829878524931006,0.4426947499088857,0.2312613620396771,2.3933636546129825e-15,17.618006918589536,49
0.9,6,144,1,1,1049,broad_xyz,22.35964451205876,False,0.6584196703209569,0.688706827945825,0.8178581268546252,-0.0033731277139785,-0.8412985001864426,-0.3890109774287063,0.4329429239231541,0.2228222532831039,2.3933636546129825e-15,17.618006918589536,49
0.95,6,144,1,1,1049,broad_xyz,22.35964451205876,False,0.7024061432404924,0.6730851742375985,0.8192021541410981,-0.0503805200245861,-0.8755879091517249,-0.3623980861587636,0.4250586052234936,0.2248498884372732,2.3933636546129825e-15,17.618006918589536,49
1.0,6,144,1,1,1049,broad_xyz,22.35964451205876,False,0.7316449395173957,0.6635706824002282,0.8491799137508559,-0.2028500959553386,-0.8812641965487388,-0.3777758338639375,0.4449447283971049,0.2428043192973985,2.3933636546129825e-15,17.618006918589536,49
