t,N,n_points,base_seed_requested,effective_base_seed,state_seed,family,family_min_jtot,health_check,corr_J_rho,corr_J_tot,corr_SL,corr_P_pair,corr_N_pair,corr_N_env,target_max,target_mean,J_tot_min_grid,J_tot_mean_grid,state_idx
0.05,9,144,1,1,1000,broad_xyz,21.99112410904393,False,0.24113141515186445,0.39135687628248506,-0.2525876735770039,-0.6285690161517932,-0.5583360445283798,0.3863995210479422,0.0015148339079270729,0.00039186232199727827,2.146516379699357e-15,17.432896489599834,0
0.075,9,144,1,1,1000,broad_xyz,21.99112410904393,False,0.2593717539052404,0.4522179529574293,-0.2387428974202236,-0.6813773175375626,-0.6396016425088282,0.4466419567589806,0.0036246472933113344,0.0010047352483653967,2.146516379699357e-15,17.432896489599834,0
0.1,9,144,1,1,1000,broad_xyz,21.99112410904393,False,0.33433205956319506,0.5502175826019714,-0.20856931579853843,-0.7273049127293063,-0.6657484394946057,0.44938579186718436,0.007312128282127854,0.0021917518244384065,2.146516379699357e-15,17.432896489599834,0
0.125,9,144,1,1,1000,broad_xyz,21.99112410904393,False,0.48569091502519807,0.6436293348550974,-0.12690705053007095,-0.740144315576786,-0.6938871610169981,0.4125497773184962,0.01391674407107454,0.004538368602868801,2.146516379699357e-15,17.432896489599834,0
0.15,9,144,1,1,1000,broad_xyz,21.99112410904393,False,0.6521510799048716,0.737708826719173,0.045538180370842236,-0.7253685313340817,-0.7687928407690714,0.38455341767698054,0.02391470426402264,0.009027671795932344,2.146516379699357e-15,17.432896489599834,0
0.1625,9,144,1,1,1000,broad_xyz,21.99112410904393,False,0.713567266144375,0.7826333828826099,0.15189006024721258,-0.7154666837756251,-0.804788646503628,0.37887865978732727,0.029700025617540114,0.012294812131332109,2.146516379699357e-15,17.432896489599834,0
0.175,9,144,1,1,1000,broad_xyz,21.99112410904393,False,0.757093638197846,0.8194372656512657,0.25974557953045474,-0.7075580773035292,-0.8142048345888233,0.3671051656145104,0.0366300544773755,0.01618413648370252,2.146516379699357e-15,17.432896489599834,0
0.1875,9,144,1,1,1000,broad_xyz,21.99112410904393,False,0.784995023010475,0.8468681979774174,0.3655297917742759,-0.7032495145846835,-0.7949948714946614,0.3498460033179714,0.04359144891421929,0.02049388187968718,2.146516379699357e-15,17.432896489599834,0
0.2,9,144,1,1,1000,broad_xyz,21.99112410904393,False,0.8018871110170426,0.8631565705770126,0.4550202241804748,-0.7100645433549486,-0.7582129041323998,0.3270970062659036,0.05172325467011017,0.02494951711227984,2.146516379699357e-15,17.432896489599834,0
0.2125,9,144,1,1,1000,broad_xyz,21.99112410904393,False,0.812917273616733,0.8721857221347968,0.5283570138010897,-0.7282125194795309,-0.7218799358807377,0.298686522425991,0.060397314970151876,0.029432408147530415,2.146516379699357e-15,17.432896489599834,0
0.225,9,144,1,1,1000,broad_xyz,21.99112410904393,False,0.8190321714592526,0.8761832373067601,0.5873180472627667,-0.7545159398725059,-0.6869122932405383,0.26260277641396024,0.06831186193530261,0.0339015456249009,2.146516379699357e-15,17.432896489599834,0
0.2375,9,144,1,1,1000,broad_xyz,21.99112410904393,False,0.8184726660587373,0.8742705804121887,0.631989221208964,-0.785848529229517,-0.6512435561039192,0.21681619823483042,0.075443687288437,0.03845257975564902,2.146516379699357e-15,17.432896489599834,0
0.25,9,144,1,1,1000,broad_xyz,21.99112410904393,False,0.809683152603222,0.865942475887239,0.664482621445205,-0.817269940296833,-0.6142040050196349,0.16079090689624392,0.08102200992488304,0.0431929700595215,2.146516379699357e-15,17.432896489599834,0
0.27,9,144,1,1,1000,broad_xyz,21.99112410904393,False,0.7768459630932667,0.8389335668960388,0.7009273252370303,-0.8519025529313401,-0.5506401767918876,0.05314563049984682,0.08826650509144884,0.05105057115816182,2.146516379699357e-15,17.432896489599834,0
0.29,9,144,1,1,1000,broad_xyz,21.99112410904393,False,0.7401527511177605,0.812044991663693,0.7514971428154155,-0.8446040296104012,-0.5056045271576194,-0.05484165228835162,0.09265616878174986,0.05842890463679597,2.146516379699357e-15,17.432896489599834,0
0.31,9,144,1,1,1000,broad_xyz,21.99112410904393,False,0.7365215348545356,0.8206956119821762,0.8232551167666732,-0.8129761502225358,-0.46233214600140216,-0.10193646577982056,0.09727746096559109,0.06305169077450659,2.146516379699357e-15,17.432896489599834,0
0.33,9,144,1,1,1000,broad_xyz,21.99112410904393,False,0.7573951635940888,0.8547715743104403,0.8659450053006439,-0.8245050513551112,-0.42930008362519684,-0.08229871545538567,0.09899102923410859,0.06374680339190858,2.146516379699357e-15,17.432896489599834,0
0.35,9,144,1,1,1000,broad_xyz,21.99112410904393,False,0.7790046131538682,0.8866038628732916,0.8919167420930778,-0.8582335258250944,-0.43840222916111177,-0.06317558931259121,0.09933963714316997,0.062084430299839885,2.146516379699357e-15,17.432896489599834,0
0.37,9,144,1,1,1000,broad_xyz,21.99112410904393,False,0.7895557334779956,0.905128871423365,0.9094999932826695,-0.8834206937667365,-0.4979822826768328,-0.06467274747355074,0.09662957975557689,0.05981681202720446,2.146516379699357e-15,17.432896489599834,0
0.39,9,144,1,1,1000,broad_xyz,21.99112410904393,False,0.7933656948325816,0.9122042092214757,0.9243272273475143,-0.8901646061892085,-0.6024539215755874,-0.08368443220988551,0.0931463822064446,0.058115344655694616,2.146516379699357e-15,17.432896489599834,0
0.41000000000000003,9,144,1,1,1000,broad_xyz,21.99112410904393,False,0.8031559942423437,0.9131790340490947,0.9359801171471223,-0.8864438165734664,-0.7254881686818506,-0.11058592802937138,0.09295597150493415,0.05725301988686577,2.146516379699357e-15,17.432896489599834,0
0.43,9,144,1,1,1000,broad_xyz,21.99112410904393,False,0.8263626830573683,0.9120313135910111,0.944012185553924,-0.8772283332545757,-0.8043744095367941,-0.1396382509438925,0.0952335972133356,0.05704889001331053,2.146516379699357e-15,17.432896489599834,0
0.45,9,144,1,1,1000,broad_xyz,21.99112410904393,False,0.8552849433694719,0.9076956784058484,0.948542702566932,-0.8632872716130314,-0.8392138006011586,-0.1712698756520935,0.09684618404405196,0.057194892120833125,2.146516379699357e-15,17.432896489599834,0
0.5,9,144,1,1,1000,broad_xyz,21.99112410904393,False,0.8550822957677363,0.8515812403449151,0.9385634476448325,-0.8281717337445126,-0.7375444672166369,-0.2687024671767835,0.10253470626668668,0.060131498290546564,2.146516379699357e-15,17.432896489599834,0
0.55,9,144,1,1,1000,broad_xyz,21.99112410904393,False,0.6955155512636139,0.6895540721728708,0.8469813536336247,-0.7986888713139741,-0.5855859525296203,-0.3651976700269371,0.11206109266466666,0.06773956821232148,2.146516379699357e-15,17.432896489599834,0
0.6,9,144,1,1,1000,broad_xyz,21.99112410904393,False,0.510094165287744,0.5161494083404597,0.7062442984468642,-0.714443783216176,-0.45246631768329076,-0.4357561863358069,0.1034969003801444,0.07301594935497362,2.146516379699357e-15,17.432896489599834,0
0.6499999999999999,9,144,1,1,1000,broad_xyz,21.99112410904393,False,0.6792421909961106,0.6820621378643076,0.7843350866314422,-0.7908556391360574,-0.6991310360845975,-0.4589922541988384,0.10562815569138786,0.07173856017659698,2.146516379699357e-15,17.432896489599834,0
0.7,9,144,1,1,1000,broad_xyz,21.99112410904393,False,0.743047564415334,0.7644841346543273,0.815198248348427,-0.8174148841303236,-0.8131984699857008,-0.5365308657326531,0.10192632888060216,0.0699138980215755,2.146516379699357e-15,17.432896489599834,0
0.725,9,144,1,1,1000,broad_xyz,21.99112410904393,False,0.746459389442558,0.7740258793803118,0.8269787156873493,-0.7986717181402129,-0.8288018280014372,-0.5499805167255285,0.10089527532221743,0.0697520901567496,2.146516379699357e-15,17.432896489599834,0
0.75,9,144,1,1,1000,broad_xyz,21.99112410904393,False,0.7589844006221622,0.7846479156096942,0.8389731608374945,-0.7668595500135614,-0.8378208774177585,-0.5537080173464551,0.10244138501911089,0.06929437124371624,2.146516379699357e-15,17.432896489599834,0
0.775,9,144,1,1,1000,broad_xyz,21.99112410904393,False,0.7822544793131483,0.8029466939839229,0.8565540033403484,-0.7115656671706447,-0.8482001524674962,-0.5564315461544108,0.10000520592191611,0.0681806905747394,2.146516379699357e-15,17.432896489599834,0
0.8,9,144,1,1,1000,broad_xyz,21.99112410904393,False,0.7914030537778612,0.8212884152420012,0.8715712515430075,-0.6038271451898677,-0.8470382675179478,-0.5489760126973043,0.09652934536071199,0.06659303441765353,2.146516379699357e-15,17.432896489599834,0
0.825,9,144,1,1,1000,broad_xyz,21.99112410904393,False,0.7742657546291476,0.8404508501119659,0.8884000645486232,-0.4430820193854031,-0.8395582614919427,-0.5171667300000752,0.09539823353616447,0.06457694607031945,2.146516379699357e-15,17.432896489599834,0
0.85,9,144,1,1,1000,broad_xyz,21.99112410904393,False,0.7447308133064174,0.857922606953211,0.9119877257201612,-0.30604582075741604,-0.8464989869052574,-0.459847543335453,0.09335563924841912,0.061982400185640975,2.146516379699357e-15,17.432896489599834,0
0.875,9,144,1,1,1000,broad_xyz,21.99112410904393,False,0.7236006567066781,0.863075632326011,0.9244049984047822,-0.2836473042491529,-0.8477675098591163,-0.4205918061360974,0.09242761966927364,0.05966992206788789,2.146516379699357e-15,17.432896489599834,0
0.9,9,144,1,1,1000,broad_xyz,21.99112410904393,False,0.7136589811320319,0.8569727937905948,0.9252934340334634,-0.32488079052270447,-0.8053399204957702,-0.4137115925365778,0.09286808361398931,0.058657097654677415,2.146516379699357e-15,17.432896489599834,0
0.95,9,144,1,1,1000,broad_xyz,21.99112410904393,False,0.699155280791185,0.8175036099455598,0.9245251969848454,-0.5111479739122609,-0.8124198243628381,-0.42717104892453994,0.09319255256253546,0.05991499826870209,2.146516379699357e-15,17.432896489599834,0
1.0,9,144,1,1,1000,broad_xyz,21.99112410904393,False,0.6857565518290433,0.7555631503365732,0.9112391588531008,-0.7980332988334993,-0.8240312278612927,-0.4437108226296939,0.09341586200980696,0.062969377663516,2.146516379699357e-15,17.432896489599834,0
0.05,9,144,1,1,1001,broad_xyz,21.99112410904393,False,-0.07487600540245257,0.30226772570506444,-0.6355291877690441,-0.7761859540975602,-0.7087541244473187,0.3032828640999754,0.001438069030880684,0.0002912326255464541,2.146516379699357e-15,17.432896489599834,1
0.075,9,144,1,1,1001,broad_xyz,21.99112410904393,False,0.05333072437664231,0.3683432700445745,-0.5346229517443074,-0.788069297715218,-0.703379008580813,0.4322351267773895,0.0035250098422550153,0.000803659537884398,2.146516379699357e-15,17.432896489599834,1
0.1,9,144,1,1,1001,broad_xyz,21.99112410904393,False,0.20845560631004084,0.45710441614896247,-0.36238763098727633,-0.7778114706816254,-0.6696167876586464,0.5556185534706248,0.007437567397732111,0.0019340999808473832,2.146516379699357e-15,17.432896489599834,1
0.125,9,144,1,1,1001,broad_xyz,21.99112410904393,False,0.35435677521876263,0.5459647939395955,-0.13956792513249275,-0.7415537792415106,-0.6199268772418033,0.6405780898999783,0.01512510238384194,0.004286239544366872,2.146516379699357e-15,17.432896489599834,1
0.15,9,144,1,1,1001,broad_xyz,21.99112410904393,False,0.467932895092665,0.6144845374970727,0.08205038150785016,-0.7065998215624831,-0.5611474510206369,0.6676926045708123,0.02750354612894182,0.008558964133649748,2.146516379699357e-15,17.432896489599834,1
0.1625,9,144,1,1,1001,broad_xyz,21.99112410904393,False,0.5159158522440311,0.6443138478781266,0.1836693741554261,-0.6998692017546586,-0.5275757002734598,0.6646897864648669,0.035259480894863325,0.011612055385667917,2.146516379699357e-15,17.432896489599834,1
0.175,9,144,1,1,1001,broad_xyz,21.99112410904393,False,0.5547541517072031,0.6682386914889468,0.27019477019457355,-0.7049072657149157,-0.4871597565761705,0.6590117701050333,0.04363761274736594,0.015237736237207582,2.146516379699357e-15,17.432896489599834,1
0.1875,9,144,1,1,1001,broad_xyz,21.99112410904393,False,0.5868958845032659,0.6884134617836688,0.3430381746704565,-0.7209861001520148,-0.4408882837829412,0.6527033178913012,0.052806816782269235,0.019291464130351047,2.146516379699357e-15,17.432896489599834,1
0.2,9,144,1,1,1001,broad_xyz,21.99112410904393,False,0.613492342740423,0.7063289893648333,0.403554831055779,-0.7463377334554998,-0.3823319207679657,0.6481341253683417,0.06183695017370209,0.023588119631936324,2.146516379699357e-15,17.432896489599834,1
0.2125,9,144,1,1,1001,broad_xyz,21.99112410904393,False,0.6356541435688796,0.7226338787358086,0.45452875262030606,-0.7772335739499894,-0.3223993834003188,0.6463901663889875,0.07014981321613822,0.02795377760937841,2.146516379699357e-15,17.432896489599834,1
0.225,9,144,1,1,1001,broad_xyz,21.99112410904393,False,0.6545598786313136,0.7381035337588943,0.49843619594282373,-0.8109040525528514,-0.2773243163920418,0.6477014388434235,0.07771374408853006,0.032309708705206414,2.146516379699357e-15,17.432896489599834,1
0.2375,9,144,1,1,1001,broad_xyz,21.99112410904393,False,0.6734568498090762,0.7552643845439306,0.5412863083962596,-0.8438290796833731,-0.25414042126431485,0.6489490641119379,0.0837953820986266,0.036712120530324834,2.146516379699357e-15,17.432896489599834,1
0.25,9,144,1,1,1001,broad_xyz,21.99112410904393,False,0.6942514352273482,0.7749571623103323,0.5866043342473565,-0.8755600451423698,-0.2544665535172252,0.6489499779337494,0.08834056368451229,0.041401245400645804,2.146516379699357e-15,17.432896489599834,1
0.27,9,144,1,1,1001,broad_xyz,21.99112410904393,False,0.739019817373228,0.8133147139309147,0.6786064469270117,-0.9137265486458807,-0.2920628574873697,0.6318570965521897,0.09230292381387652,0.05079817350042826,2.146516379699357e-15,17.432896489599834,1
0.29,9,144,1,1,1001,broad_xyz,21.99112410904393,False,0.7798712661677878,0.8362684522251033,0.7787171121073649,-0.8983175089109546,-0.37149794285274207,0.5693070799614979,0.09439858321108484,0.06274573959807489,2.146516379699357e-15,17.432896489599834,1
0.31,9,144,1,1,1001,broad_xyz,21.99112410904393,False,0.7902014867316427,0.8527817164029067,0.8228434666203164,-0.8659057705254911,-0.4411420465830687,0.4765151375443501,0.10772316650711213,0.0712090443157751,2.146516379699357e-15,17.432896489599834,1
0.33,9,144,1,1,1001,broad_xyz,21.99112410904393,False,0.7932571972445994,0.8887110282756019,0.836566325040295,-0.901045434537991,-0.506448690585556,0.43879958383660206,0.1146666015013796,0.07285132848704848,2.146516379699357e-15,17.432896489599834,1
0.35,9,144,1,1,1001,broad_xyz,21.99112410904393,False,0.7931537095321819,0.9088852919929621,0.8533596609127115,-0.9343150751200625,-0.5951880038440795,0.4239575169239495,0.1129563648565022,0.07141318136350361,2.146516379699357e-15,17.432896489599834,1
0.37,9,144,1,1,1001,broad_xyz,21.99112410904393,False,0.7922707705544464,0.9111536854544787,0.8680100371334082,-0.9438525171856776,-0.6545135621049298,0.3995787825270058,0.10652667522163063,0.0695417456591704,2.146516379699357e-15,17.432896489599834,1
0.39,9,144,1,1,1001,broad_xyz,21.99112410904393,False,0.7911232889511282,0.9049705923355452,0.8844113756401141,-0.9403251500489835,-0.680917966194474,0.3642789016568939,0.10499283636099634,0.06819704487244804,2.146516379699357e-15,17.432896489599834,1
0.41000000000000003,9,144,1,1,1001,broad_xyz,21.99112410904393,False,0.7776604414464066,0.8910439787330963,0.893768846244055,-0.9309235427227999,-0.707988705080584,0.3219671662470525,0.10549763225458506,0.06706901851947158,2.146516379699357e-15,17.432896489599834,1
0.43,9,144,1,1,1001,broad_xyz,21.99112410904393,False,0.7501735531641912,0.8712276013571025,0.8934936451239849,-0.9201632290092677,-0.7401123001042592,0.28358012935971605,0.10842349582401768,0.06593845109122325,2.146516379699357e-15,17.432896489599834,1
0.45,9,144,1,1,1001,broad_xyz,21.99112410904393,False,0.718616862069396,0.8488948473675054,0.8856926765410207,-0.912646375982024,-0.7310452706611315,0.25166079632731214,0.1085302612149428,0.0648013449196373,2.146516379699357e-15,17.432896489599834,1
0.5,9,144,1,1,1001,broad_xyz,21.99112410904393,False,0.7060161975799347,0.8136639701503845,0.8549298730317039,-0.931574722153231,-0.6434828499630061,0.1516846428445117,0.10624008336738644,0.06419052477344395,2.146516379699357e-15,17.432896489599834,1
0.55,9,144,1,1,1001,broad_xyz,21.99112410904393,False,0.7136271904660096,0.7782739181817477,0.8239795087266136,-0.9457519386273047,-0.6698618464064512,0.021063653207800865,0.09899826236628528,0.07053090539449165,2.146516379699357e-15,17.432896489599834,1
0.6,9,144,1,1,1001,broad_xyz,21.99112410904393,False,0.5067133013001655,0.533312969821037,0.7885816453826399,-0.8021796213006165,-0.5884017705931771,-0.33229414124956863,0.10131881097790515,0.0793959898521411,2.146516379699357e-15,17.432896489599834,1
0.6499999999999999,9,144,1,1,1001,broad_xyz,21.99112410904393,False,0.5813539592568168,0.661437363821965,0.8097124779929521,-0.8915414419181974,-0.753537984646123,-0.4057650515802164,0.10289587476511164,0.07504697301736912,2.146516379699357e-15,17.432896489599834,1
0.7,9,144,1,1,1001,broad_xyz,21.99112410904393,False,0.6817620844036575,0.7780637881506507,0.8400494056861713,-0.9325512549485196,-0.8612847244680254,-0.4119902709862291,0.09454979799377002,0.06992974730568463,2.146516379699357e-15,17.432896489599834,1
0.725,9,144,1,1,1001,broad_xyz,21.99112410904393,False,0.6859806599938169,0.7876469943119614,0.8648728460855303,-0.9277221656004666,-0.8955600940651423,-0.4087146819316695,0.09433389560168313,0.06915516803257496,2.146516379699357e-15,17.432896489599834,1
0.75,9,144,1,1,1001,broad_xyz,21.99112410904393,False,0.6828413704755374,0.7952168964671058,0.8939346501807108,-0.9184942823037112,-0.9162026982593614,-0.40954825867703504,0.09358828468456938,0.06890948453053299,2.146516379699357e-15,17.432896489599834,1
0.775,9,144,1,1,1001,broad_xyz,21.99112410904393,False,0.6863846110535969,0.8098693378553788,0.9199417191243349,-0.8987606940759076,-0.9272608675715132,-0.41504362754576346,0.0933666889706931,0.06880857895022209,2.146516379699357e-15,17.432896489599834,1
0.8,9,144,1,1,1001,broad_xyz,21.99112410904393,False,0.7017303955237306,0.8319361848218272,0.9406852304882466,-0.8514873569312109,-0.9346160269079459,-0.42571209542181687,0.0949257312402756,0.06877444042881287,2.146516379699357e-15,17.432896489599834,1
0.825,9,144,1,1,1001,broad_xyz,21.99112410904393,False,0.7213283551948216,0.8543590952783725,0.951211493586061,-0.7323705745890556,-0.9371713749080475,-0.43967963782211417,0.09703510118644085,0.06872160648282422,2.146516379699357e-15,17.432896489599834,1
0.85,9,144,1,1,1001,broad_xyz,21.99112410904393,False,0.7330104199851044,0.8724729428896614,0.9478374084646951,-0.5165966282155563,-0.93130175008202,-0.43804505597539245,0.09711855300494514,0.06812095042140719,2.146516379699357e-15,17.432896489599834,1
0.875,9,144,1,1,1001,broad_xyz,21.99112410904393,False,0.7330676933811426,0.8867995979076483,0.943912021978875,-0.3804113547550014,-0.9161810112120066,-0.41913166044759537,0.09566971410433393,0.06658040961515051,2.146516379699357e-15,17.432896489599834,1
0.9,9,144,1,1,1001,broad_xyz,21.99112410904393,False,0.7292473924531698,0.8939399120943601,0.9403079212991529,-0.39091404804776786,-0.8595439980884547,-0.4223777364287908,0.09656947548165459,0.06557604759124555,2.146516379699357e-15,17.432896489599834,1
0.95,9,144,1,1,1001,broad_xyz,21.99112410904393,False,0.7183704216163733,0.8726212418583412,0.937788053390916,-0.5892218985732964,-0.9044685578042219,-0.444654066571127,0.09829798188474961,0.06622769911847229,2.146516379699357e-15,17.432896489599834,1
1.0,9,144,1,1,1001,broad_xyz,21.99112410904393,False,0.6886883446109101,0.8076535687956756,0.9320893825180127,-0.8328152253879949,-0.94092869572593,-0.43786162194531825,0.09218757040000404,0.06870651241283136,2.146516379699357e-15,17.432896489599834,1
0.05,9,144,1,1,1002,broad_xyz,21.99112410904393,False,0.7049920932174948,0.6597551305929199,0.7119783506730546,-0.4284924664253,0.20471725824955228,-0.06803720063092256,0.001894156378499114,0.0006162112705384734,2.146516379699357e-15,17.432896489599834,2
0.075,9,144,1,1,1002,broad_xyz,21.99112410904393,False,0.6543871747098197,0.6425558944661465,0.6831322796900631,-0.5642611655283737,-0.548207283312718,-0.15953625564046123,0.0049048326932164005,0.0016651325489385551,2.146516379699357e-15,17.432896489599834,2
0.1,9,144,1,1,1002,broad_xyz,21.99112410904393,False,0.6481393236242802,0.6456879260674787,0.6870750843607667,-0.668987120687628,-0.7996949202235959,-0.19645232857720146,0.010111544381976329,0.0036772086746617067,2.146516379699357e-15,17.432896489599834,2
0.125,9,144,1,1,1002,broad_xyz,21.99112410904393,False,0.6897570951688983,0.6802939943518664,0.730223819071961,-0.7468366553933119,-0.7747192140176408,-0.19099677670799922,0.017887863313700507,0.007142613298981116,2.146516379699357e-15,17.432896489599834,2
0.15,9,144,1,1,1002,broad_xyz,21.99112410904393,False,0.7604906429401599,0.7316606484398934,0.7865329269571114,-0.7971553579095643,-0.6721182302391941,-0.1653647525318943,0.0289665167975365,0.012483420420192933,2.146516379699357e-15,17.432896489599834,2
0.1625,9,144,1,1,1002,broad_xyz,21.99112410904393,False,0.8025874067273737,0.7618963817495862,0.8166383749438304,-0.8114048992123273,-0.6256015686216525,-0.1413586648922725,0.03646811800306022,0.015971184464148726,2.146516379699357e-15,17.432896489599834,2
0.175,9,144,1,1,1002,broad_xyz,21.99112410904393,False,0.8420924243215077,0.791516566386175,0.8441447093961966,-0.8214215214627816,-0.5951935046340234,-0.11012114284059395,0.04463266750447113,0.02000965461940773,2.146516379699357e-15,17.432896489599834,2
0.1875,9,144,1,1,1002,broad_xyz,21.99112410904393,False,0.8758474172856717,0.8189986254961922,0.867050515950625,-0.8324885961035324,-0.5806285585878543,-0.07743015039010703,0.0532508372251177,0.024582695342800102,2.146516379699357e-15,17.432896489599834,2
0.2,9,144,1,1,1002,broad_xyz,21.99112410904393,False,0.9022755929728951,0.8438758560219929,0.8858264793887881,-0.8471565002372152,-0.574286517304252,-0.04474428911830557,0.06149280999828575,0.029502959766066022,2.146516379699357e-15,17.432896489599834,2
0.2125,9,144,1,1,1002,broad_xyz,21.99112410904393,False,0.9210595398447976,0.8652670446927087,0.8999104000349771,-0.8680589006397497,-0.5613739251575925,-0.016791638597289955,0.06899397477823606,0.03463653280390501,2.146516379699357e-15,17.432896489599834,2
0.225,9,144,1,1,1002,broad_xyz,21.99112410904393,False,0.9333870257447591,0.8840480437461331,0.9100112600743339,-0.8931021285846824,-0.5277276195686491,0.006372209935964152,0.07544796295030853,0.03990095681078201,2.146516379699357e-15,17.432896489599834,2
0.2375,9,144,1,1,1002,broad_xyz,21.99112410904393,False,0.9396525916951594,0.8986349421709428,0.915481160164379,-0.9192492424187206,-0.43830145842125645,0.023975439915926586,0.08085687411410736,0.04526903579118333,2.146516379699357e-15,17.432896489599834,2
0.25,9,144,1,1,1002,broad_xyz,21.99112410904393,False,0.9400365115103534,0.9083576790565286,0.9167835130193592,-0.9422838443433507,-0.2894749309829279,0.03835071907574629,0.08531972361627974,0.0508092719389842,2.146516379699357e-15,17.432896489599834,2
0.27,9,144,1,1,1002,broad_xyz,21.99112410904393,False,0.9289469968427803,0.9104610269001377,0.9107098916403561,-0.9618958019177714,-0.08289386501451602,0.05358045755160763,0.08976944951088742,0.060153999138057385,2.146516379699357e-15,17.432896489599834,2
0.29,9,144,1,1,1002,broad_xyz,21.99112410904393,False,0.9147594463484837,0.9088187273823991,0.9118919526936189,-0.9503933954742698,0.013292017765769229,0.08353977323566396,0.09420823407816152,0.06862011668385853,2.146516379699357e-15,17.432896489599834,2
0.31,9,144,1,1,1002,broad_xyz,21.99112410904393,False,0.9033519054743396,0.9167135862682514,0.9253273562144776,-0.9301540181104613,-0.005839726423170745,0.1318111846699056,0.10009142786438255,0.07375875110702886,2.146516379699357e-15,17.432896489599834,2
0.33,9,144,1,1,1002,broad_xyz,21.99112410904393,False,0.9010827420623813,0.9342186870458543,0.9458748748680184,-0.934813229703744,-0.09577315965055504,0.16627756990604498,0.10417491697314266,0.07519874578188535,2.146516379699357e-15,17.432896489599834,2
0.35,9,144,1,1,1002,broad_xyz,21.99112410904393,False,0.9069852436362018,0.9504609262645277,0.9646037148242128,-0.9545238676958852,-0.2342575109055366,0.1669114996035633,0.10797802522117803,0.07479270037744944,2.146516379699357e-15,17.432896489599834,2
0.37,9,144,1,1,1002,broad_xyz,21.99112410904393,False,0.911256411076975,0.9562412010200485,0.969475396889204,-0.968363106663419,-0.3686566596724969,0.13851364130489158,0.1098891392749913,0.07418787780478786,2.146516379699357e-15,17.432896489599834,2
0.39,9,144,1,1,1002,broad_xyz,21.99112410904393,False,0.9097533084576281,0.953720741923801,0.9640309790914537,-0.9706372630739696,-0.46861380340240316,0.09297271960601305,0.11074098200205487,0.07425332698160013,2.146516379699357e-15,17.432896489599834,2
0.41000000000000003,9,144,1,1,1002,broad_xyz,21.99112410904393,False,0.9007671975997333,0.9446861042420471,0.9544516658602429,-0.9645608789605544,-0.5690462246647162,0.03939141362846371,0.11153640170822461,0.07486610339048197,2.146516379699357e-15,17.432896489599834,2
0.43,9,144,1,1,1002,broad_xyz,21.99112410904393,False,0.8802316313671398,0.9284064472986165,0.9418978964155507,-0.9529464808453955,-0.6236301109073251,-0.019136877944992612,0.11074728963886041,0.07553527584245964,2.146516379699357e-15,17.432896489599834,2
0.45,9,144,1,1,1002,broad_xyz,21.99112410904393,False,0.8524218161364069,0.9080886319956928,0.929376859983685,-0.9410885771450548,-0.6230566793136916,-0.08069508776757002,0.10877269915820476,0.07571284673538596,2.146516379699357e-15,17.432896489599834,2
0.5,9,144,1,1,1002,broad_xyz,21.99112410904393,False,0.8019436486367323,0.8685695782421459,0.921541094962813,-0.9341535542486075,-0.5325855685208671,-0.1744558421129347,0.1090364634897657,0.07486068908562199,2.146516379699357e-15,17.432896489599834,2
0.55,9,144,1,1,1002,broad_xyz,21.99112410904393,False,0.6992121709497593,0.7686024411131845,0.889254462923566,-0.8892571492847614,-0.45915454947523276,-0.1641879363355471,0.10896982417815582,0.07875222415355529,2.146516379699357e-15,17.432896489599834,2
0.6,9,144,1,1,1002,broad_xyz,21.99112410904393,False,0.45607465991276375,0.5223270087688401,0.7595083941434665,-0.7769191430925031,-0.31826005836875937,-0.33019063460633596,0.10935063125438914,0.08326746461204032,2.146516379699357e-15,17.432896489599834,2
0.6499999999999999,9,144,1,1,1002,broad_xyz,21.99112410904393,False,0.5497682639641781,0.6090630796854128,0.8515698138050555,-0.8265233610892573,-0.6357914600885312,-0.4332554198470114,0.10776043570421782,0.08018206830360303,2.146516379699357e-15,17.432896489599834,2
0.7,9,144,1,1,1002,broad_xyz,21.99112410904393,False,0.6793853993825824,0.7134234994405597,0.8849042274356835,-0.8388814889524152,-0.823456774932091,-0.5121890272761911,0.10397676410622411,0.07757874394877842,2.146516379699357e-15,17.432896489599834,2
0.725,9,144,1,1,1002,broad_xyz,21.99112410904393,False,0.7187429539112333,0.743996140498608,0.8912673302486058,-0.8333755475084041,-0.8621860335693288,-0.5293623953422913,0.10358462139516654,0.07714274558059371,2.146516379699357e-15,17.432896489599834,2
0.75,9,144,1,1,1002,broad_xyz,21.99112410904393,False,0.7565689598650991,0.7801845812381194,0.9087361091005423,-0.8353219267667638,-0.8964738220008642,-0.5386698771654708,0.10243511494538586,0.0765068262710567,2.146516379699357e-15,17.432896489599834,2
0.775,9,144,1,1,1002,broad_xyz,21.99112410904393,False,0.7943065584539587,0.8206124458132363,0.9297294683259927,-0.8258679247763727,-0.9212163941898894,-0.539078209980772,0.10054380778826312,0.0752998158040683,2.146516379699357e-15,17.432896489599834,2
0.8,9,144,1,1,1002,broad_xyz,21.99112410904393,False,0.8221377104015442,0.855240283811051,0.9424666124242833,-0.7649288723366467,-0.9286903969673321,-0.5281864943566557,0.09823858750921785,0.073537003814769,2.146516379699357e-15,17.432896489599834,2
0.825,9,144,1,1,1002,broad_xyz,21.99112410904393,False,0.8356167621763674,0.8809724289427392,0.9469002264224778,-0.6190923107592412,-0.9251965387456353,-0.5037234307343573,0.10065862665269594,0.07129970622932685,2.146516379699357e-15,17.432896489599834,2
0.85,9,144,1,1,1002,broad_xyz,21.99112410904393,False,0.8400610482888003,0.8998590452981953,0.950005265800759,-0.4525255822410653,-0.9237748110106303,-0.46671192874910605,0.10135990226065447,0.06866044487498996,2.146516379699357e-15,17.432896489599834,2
0.875,9,144,1,1,1002,broad_xyz,21.99112410904393,False,0.8430722399886852,0.9124800622120589,0.9517748524018145,-0.39351053976482553,-0.919896878801339,-0.44969929895370664,0.09940711612651786,0.06652637814988946,2.146516379699357e-15,17.432896489599834,2
0.9,9,144,1,1,1002,broad_xyz,21.99112410904393,False,0.8449875925498527,0.9161007912394031,0.951583750502214,-0.4147513352493158,-0.8816663968023519,-0.45665094098787423,0.0966412160084524,0.06581394912185215,2.146516379699357e-15,17.432896489599834,2
0.95,9,144,1,1,1002,broad_xyz,21.99112410904393,False,0.820581217754779,0.8808189980202688,0.9512540953271965,-0.6028228312106677,-0.938070884170715,-0.4781052924729607,0.09371161214708366,0.06744505483977123,2.146516379699357e-15,17.432896489599834,2
1.0,9,144,1,1,1002,broad_xyz,21.99112410904393,False,0.7514752880707365,0.7949186230210117,0.946685426740955,-0.7814923118672382,-0.9429731922749776,-0.5279197666857774,0.09145960869346251,0.07064806014939448,2.146516379699357e-15,17.432896489599834,2
0.05,9,144,1,1,1003,broad_xyz,21.99112410904393,False,0.7773758508138194,0.7881399753340819,0.08527146978699202,-0.6203979135111941,-0.5341529737370109,0.040938455553866895,0.001660157315448957,0.0006353993297001263,2.146516379699357e-15,17.432896489599834,3
0.075,9,144,1,1,1003,broad_xyz,21.99112410904393,False,0.7711781115811892,0.7919545035567764,0.19571102314682862,-0.6627565325901007,-0.7079488784295362,-0.021983175340342248,0.0047052354145082674,0.0018052931867198157,2.146516379699357e-15,17.432896489599834,3
0.1,9,144,1,1,1003,broad_xyz,21.99112410904393,False,0.7741530050760127,0.7899394862003608,0.29095574185466827,-0.7241451360862716,-0.8392018623507632,-0.05577537192189167,0.011279786480737358,0.004196737054076847,2.146516379699357e-15,17.432896489599834,3
0.125,9,144,1,1,1003,broad_xyz,21.99112410904393,False,0.7990638560499935,0.7907642897825484,0.39380659069591956,-0.7819954946278558,-0.86604298786309,-0.06270793752415316,0.022539683691002527,0.008475309485540684,2.146516379699357e-15,17.432896489599834,3
0.15,9,144,1,1,1003,broad_xyz,21.99112410904393,False,0.8395086740770619,0.8064236275127683,0.5117027043676181,-0.8214325053103094,-0.8335820327278445,-0.0455210468560256,0.03787853077041546,0.015079008327824713,2.146516379699357e-15,17.432896489599834,3
0.1625,9,144,1,1,1003,broad_xyz,21.99112410904393,False,0.8597170461348375,0.8191154782048273,0.5682892194409513,-0.8370672676234926,-0.8065430355178992,-0.027145552768869995,0.04649557973402054,0.019196020632152946,2.146516379699357e-15,17.432896489599834,3
0.175,9,144,1,1,1003,broad_xyz,21.99112410904393,False,0.8774467770519356,0.8326746651411427,0.6200020879684739,-0.8517223095990053,-0.7756949588841067,-0.003194914186434467,0.055033661818585676,0.02365262690143489,2.146516379699357e-15,17.432896489599834,3
0.1875,9,144,1,1,1003,broad_xyz,21.99112410904393,False,0.8920681730496175,0.8472704058501391,0.6668611442283562,-0.8660918481135281,-0.7485692994024095,0.024897055058501438,0.0633702703908517,0.028280976003970282,2.146516379699357e-15,17.432896489599834,3
0.2,9,144,1,1,1003,broad_xyz,21.99112410904393,False,0.902898428660892,0.8611713441117786,0.7080475102045902,-0.8802510635775846,-0.7247038567052749,0.054742804168015226,0.07104023653578885,0.03291448882752405,2.146516379699357e-15,17.432896489599834,3
0.2125,9,144,1,1,1003,broad_xyz,21.99112410904393,False,0.9105216997764329,0.8736441144741189,0.7437377459010525,-0.8944289502600561,-0.7045772508235747,0.08630199496987732,0.07790127677600954,0.037414583723238776,2.146516379699357e-15,17.432896489599834,3
0.225,9,144,1,1,1003,broad_xyz,21.99112410904393,False,0.916313865138846,0.8859578300138293,0.7761279014363579,-0.9089028198692303,-0.7069318644677031,0.1180461642281849,0.0835555947425781,0.041800963041568405,2.146516379699357e-15,17.432896489599834,3
0.2375,9,144,1,1,1003,broad_xyz,21.99112410904393,False,0.9213275032632564,0.8991925885621395,0.807293522437483,-0.9239194149117493,-0.7230781819068349,0.14871688599771793,0.0878654795619513,0.0462150885342689,2.146516379699357e-15,17.432896489599834,3
0.25,9,144,1,1,1003,broad_xyz,21.99112410904393,False,0.9266614986790843,0.9132689068837793,0.8386883546044211,-0.9392400003936315,-0.735701462883343,0.17500471296779532,0.09117841494443508,0.05098476797487979,2.146516379699357e-15,17.432896489599834,3
0.27,9,144,1,1,1003,broad_xyz,21.99112410904393,False,0.9319888651888535,0.9282874850563398,0.8869209137582009,-0.9518191414704802,-0.6689779699894322,0.19775403515453158,0.09447033429067028,0.06018688975470156,2.146516379699357e-15,17.432896489599834,3
0.29,9,144,1,1,1003,broad_xyz,21.99112410904393,False,0.922144918144441,0.9200676749229766,0.9212902549684798,-0.9303144871790429,-0.5205632495855458,0.18928790321858108,0.09602006940393104,0.0705682119097924,2.146516379699357e-15,17.432896489599834,3
0.31,9,144,1,1,1003,broad_xyz,21.99112410904393,False,0.8884414443366958,0.9063392683431745,0.9263101803155371,-0.9101286895879169,-0.4488670082748251,0.20261316815470282,0.10340173351339452,0.07685620885545412,2.146516379699357e-15,17.432896489599834,3
0.33,9,144,1,1,1003,broad_xyz,21.99112410904393,False,0.8747504778007396,0.9189385160988356,0.9310411563669951,-0.9330560363647207,-0.5025960470450476,0.2314651501918912,0.1083505270366046,0.0772971383532437,2.146516379699357e-15,17.432896489599834,3
0.35,9,144,1,1,1003,broad_xyz,21.99112410904393,False,0.8852946134861264,0.9366291192027896,0.9475202727222151,-0.9547280778346714,-0.5918078398763714,0.21940239419079982,0.11260626043034214,0.07555406934371017,2.146516379699357e-15,17.432896489599834,3
0.37,9,144,1,1,1003,broad_xyz,21.99112410904393,False,0.8971357814026142,0.9421806621073294,0.9586076638545036,-0.9584465836855909,-0.6627072582864902,0.1691299326869257,0.11499550398953777,0.07366123855775654,2.146516379699357e-15,17.432896489599834,3
0.39,9,144,1,1,1003,broad_xyz,21.99112410904393,False,0.9063510351429767,0.9392290795538455,0.9671243667213975,-0.9546054974651078,-0.7087745811743058,0.0966000552315707,0.11649864871198733,0.07253127976125982,2.146516379699357e-15,17.432896489599834,3
0.41000000000000003,9,144,1,1,1003,broad_xyz,21.99112410904393,False,0.9086945481674541,0.9310814411373846,0.9722383063356563,-0.9487215372148335,-0.7515283721013202,0.0189047074188523,0.11626734274200981,0.07206581517263277,2.146516379699357e-15,17.432896489599834,3
0.43,9,144,1,1,1003,broad_xyz,21.99112410904393,False,0.9030873395195615,0.919612310191926,0.9735387237651534,-0.9421739158511332,-0.8013824635735347,-0.057975792555288244,0.11676605048613542,0.07206439604420835,2.146516379699357e-15,17.432896489599834,3
0.45,9,144,1,1,1003,broad_xyz,21.99112410904393,False,0.893958896914865,0.9089781054430014,0.972506539449806,-0.9371203820344957,-0.8320272841957569,-0.12763061477115206,0.11771335594475969,0.07227385077657136,2.146516379699357e-15,17.432896489599834,3
0.5,9,144,1,1,1003,broad_xyz,21.99112410904393,False,0.8819630958833257,0.895202103253639,0.9676949392864129,-0.9374430908386856,-0.7919023904632054,-0.21760647067591307,0.11480532752452259,0.07370362191301338,2.146516379699357e-15,17.432896489599834,3
0.55,9,144,1,1,1003,broad_xyz,21.99112410904393,False,0.8338238296206748,0.8249676757708908,0.9408203349245501,-0.9163189513650752,-0.7660033228438826,-0.25609301085573183,0.1082159582883937,0.07809671646083897,2.146516379699357e-15,17.432896489599834,3
0.6,9,144,1,1,1003,broad_xyz,21.99112410904393,False,0.6088217722999765,0.5493224068451515,0.8415092666591798,-0.7536372418373118,-0.636898426263383,-0.3581478209895558,0.10466840368290156,0.0847251509337841,2.146516379699357e-15,17.432896489599834,3
0.6499999999999999,9,144,1,1,1003,broad_xyz,21.99112410904393,False,0.6834757508998589,0.6883653672816397,0.9115202834749767,-0.8889129563828216,-0.8797099353013678,-0.42024093870943025,0.10409642918487953,0.08140183524239974,2.146516379699357e-15,17.432896489599834,3
0.7,9,144,1,1,1003,broad_xyz,21.99112410904393,False,0.7427237000357859,0.7426408924428338,0.918992670445367,-0.9064655752757315,-0.9093821476331633,-0.46877666812473223,0.1030043481189032,0.07861695382692117,2.146516379699357e-15,17.432896489599834,3
0.725,9,144,1,1,1003,broad_xyz,21.99112410904393,False,0.7444862502741617,0.7442008521830487,0.9173171660654043,-0.8933891469859979,-0.9107537351165468,-0.48239590485720013,0.10249342447511887,0.07815004864968575,2.146516379699357e-15,17.432896489599834,3
0.75,9,144,1,1,1003,broad_xyz,21.99112410904393,False,0.7623383157725302,0.766727060457818,0.9229109388156845,-0.883515138959281,-0.9163205897353688,-0.4945018870767306,0.10332686855795581,0.07744150474901536,2.146516379699357e-15,17.432896489599834,3
0.775,9,144,1,1,1003,broad_xyz,21.99112410904393,False,0.7975675676246016,0.8082716784485974,0.9332045974559946,-0.8715137191387534,-0.9193677305465601,-0.5035955263928329,0.1026910494726369,0.07626593116988431,2.146516379699357e-15,17.432896489599834,3
0.8,9,144,1,1,1003,broad_xyz,21.99112410904393,False,0.8334005014959673,0.8526589507589499,0.9393609557336408,-0.8342968299722043,-0.9136197838758011,-0.5084461012658222,0.10162888965167917,0.07465138663156018,2.146516379699357e-15,17.432896489599834,3
0.825,9,144,1,1,1003,broad_xyz,21.99112410904393,False,0.854904560711651,0.8892058452558642,0.9373511261818553,-0.716814035240186,-0.8999220498823877,-0.5079386716301714,0.10310216212027701,0.07263601478579869,2.146516379699357e-15,17.432896489599834,3
0.85,9,144,1,1,1003,broad_xyz,21.99112410904393,False,0.8492896647615288,0.9134392736300776,0.931389424052353,-0.5200013508361704,-0.8915942899406173,-0.4880743691703404,0.10156366563720906,0.07006201877514649,2.146516379699357e-15,17.432896489599834,3
0.875,9,144,1,1,1003,broad_xyz,21.99112410904393,False,0.8172894344663011,0.9231884291986978,0.9315923391656371,-0.4258054717760129,-0.8890303252623117,-0.4457450035132081,0.10028078006121656,0.06730059407441999,2.146516379699357e-15,17.432896489599834,3
0.9,9,144,1,1,1003,broad_xyz,21.99112410904393,False,0.7748491191101762,0.9201681856747729,0.9333494090572388,-0.44232577655352723,-0.8484055101479014,-0.41671713205991223,0.09838527247877828,0.06577876007251747,2.146516379699357e-15,17.432896489599834,3
0.95,9,144,1,1,1003,broad_xyz,21.99112410904393,False,0.7032837113554339,0.8812765315563311,0.940816156340888,-0.5969207723425731,-0.8850509931594228,-0.40985965886613407,0.09352925289032878,0.06702726881702982,2.146516379699357e-15,17.432896489599834,3
1.0,9,144,1,1,1003,broad_xyz,21.99112410904393,False,0.6776069451839846,0.7921605059780323,0.9481563423041869,-0.8195624539896256,-0.9104100127560771,-0.46175069281653236,0.09429811191169922,0.07133901037165842,2.146516379699357e-15,17.432896489599834,3
0.05,9,144,1,1,1004,broad_xyz,21.99112410904393,False,0.5537219371227334,0.5491318055576742,0.18530335531272454,-0.3266586591138035,-0.18797485459778882,0.3606034067169319,0.0016091543064791363,0.0004378589534149761,2.146516379699357e-15,17.432896489599834,4
0.075,9,144,1,1,1004,broad_xyz,21.99112410904393,False,0.6019579969093939,0.5611044220787598,0.3464450258041708,-0.32323169931261736,-0.47428132042758836,0.38948262500168684,0.003830378983634929,0.001148008442344028,2.146516379699357e-15,17.432896489599834,4
0.1,9,144,1,1,1004,broad_xyz,21.99112410904393,False,0.5806825743758053,0.5682664350781863,0.448923118572598,-0.35758243871391215,-0.7840473954407684,0.42699049661620603,0.008329866310444514,0.0025754709322806076,2.146516379699357e-15,17.432896489599834,4
0.125,9,144,1,1,1004,broad_xyz,21.99112410904393,False,0.5794816412019167,0.594252949068795,0.49353476284091935,-0.4730745586033828,-0.8482917810034873,0.4758440254678875,0.016030618218302362,0.005168749670008171,2.146516379699357e-15,17.432896489599834,4
0.15,9,144,1,1,1004,broad_xyz,21.99112410904393,False,0.6257762798825828,0.6421778555264243,0.5178636160277642,-0.6420600202784504,-0.8331245343362207,0.5283387920177728,0.02715084657915917,0.00933858698698576,2.146516379699357e-15,17.432896489599834,4
0.1625,9,144,1,1,1004,broad_xyz,21.99112410904393,False,0.664701042451951,0.6713592763338038,0.5323813920867101,-0.7173040455655563,-0.8125885042597039,0.5491571990947235,0.0337379581296759,0.012062718479185322,2.146516379699357e-15,17.432896489599834,4
0.175,9,144,1,1,1004,broad_xyz,21.99112410904393,False,0.7070656940735087,0.7014913206054852,0.5508504166583538,-0.7744505616286876,-0.7880819713986107,0.563842593711765,0.04087226129648041,0.015162471104630596,2.146516379699357e-15,17.432896489599834,4
0.1875,9,144,1,1,1004,broad_xyz,21.99112410904393,False,0.7477441833630846,0.7324814361591089,0.5726732069758154,-0.8145474272939685,-0.7660902170708805,0.5730149647727405,0.04768637382175074,0.018551351942455267,2.146516379699357e-15,17.432896489599834,4
0.2,9,144,1,1,1004,broad_xyz,21.99112410904393,False,0.7825110594812734,0.7636470768926146,0.596671123045606,-0.8431918438419957,-0.7474573371495778,0.5782413107426305,0.05398991143621485,0.02216404967855434,2.146516379699357e-15,17.432896489599834,4
0.2125,9,144,1,1,1004,broad_xyz,21.99112410904393,False,0.8081716119704455,0.7918018600390467,0.6209372730702785,-0.8651786986045175,-0.7313064980744188,0.5830202294328731,0.059490026515554795,0.02589682887191336,2.146516379699357e-15,17.432896489599834,4
0.225,9,144,1,1,1004,broad_xyz,21.99112410904393,False,0.8252659673047926,0.8162362288360069,0.6451546588994242,-0.8839102208076712,-0.7240850663095103,0.5900498521413443,0.06494155072840067,0.02975457668882679,2.146516379699357e-15,17.432896489599834,4
0.2375,9,144,1,1,1004,broad_xyz,21.99112410904393,False,0.8345001254774622,0.8363068742316981,0.6686870966519536,-0.9011366847536173,-0.7233533520608861,0.5984138436710824,0.06971484458852546,0.03378335904795507,2.146516379699357e-15,17.432896489599834,4
0.25,9,144,1,1,1004,broad_xyz,21.99112410904393,False,0.8346702090146817,0.8494868640728559,0.6893626109872665,-0.916347469071854,-0.7262906823520258,0.6075597965462654,0.07355390543992359,0.03808532683202658,2.146516379699357e-15,17.432896489599834,4
0.27,9,144,1,1,1004,broad_xyz,21.99112410904393,False,0.8060028233286105,0.8446784030989682,0.704555170946894,-0.9317772390732606,-0.7411001799184925,0.6138406974899638,0.08040246706183767,0.04581652776932356,2.146516379699357e-15,17.432896489599834,4
0.29,9,144,1,1,1004,broad_xyz,21.99112410904393,False,0.7434167884190467,0.809493528550438,0.6985084482720836,-0.9219935093517904,-0.7538170870214123,0.5893135191286522,0.08945252159920095,0.053551722844573116,2.146516379699357e-15,17.432896489599834,4
0.31,9,144,1,1,1004,broad_xyz,21.99112410904393,False,0.723127297569598,0.8152289343640611,0.7370974364771736,-0.9088622780271035,-0.7377580856278199,0.5341637800653912,0.09745494899639505,0.05788774872292316,2.146516379699357e-15,17.432896489599834,4
0.33,9,144,1,1,1004,broad_xyz,21.99112410904393,False,0.7648657604824032,0.8686742248767729,0.810185113598953,-0.928492662178958,-0.7319602185095383,0.49469036411386486,0.09576513998970722,0.05792399979401683,2.146516379699357e-15,17.432896489599834,4
0.35,9,144,1,1,1004,broad_xyz,21.99112410904393,False,0.8018923893347859,0.9035246299690514,0.8501737467026523,-0.9572221611596515,-0.7600876462535573,0.4800304683540541,0.09289584773078349,0.056716228188668616,2.146516379699357e-15,17.432896489599834,4
0.37,9,144,1,1,1004,broad_xyz,21.99112410904393,False,0.8217017549655593,0.9141079181148947,0.8659002023194606,-0.9703160356541966,-0.7846984757847624,0.47754064969400295,0.08911969654054222,0.05575150661454374,2.146516379699357e-15,17.432896489599834,4
0.39,9,144,1,1,1004,broad_xyz,21.99112410904393,False,0.8304869117518465,0.9115430749885785,0.874268372288341,-0.964886930999796,-0.7916211553377106,0.4719906486920048,0.08947311500972242,0.05554160175404158,2.146516379699357e-15,17.432896489599834,4
0.41000000000000003,9,144,1,1,1004,broad_xyz,21.99112410904393,False,0.8270167023306978,0.8987532397960628,0.8736859524128608,-0.946536561078388,-0.79203882464036,0.4564063028440219,0.09166297780237283,0.05596510188764433,2.146516379699357e-15,17.432896489599834,4
0.43,9,144,1,1,1004,broad_xyz,21.99112410904393,False,0.8147285178628421,0.8804559793275769,0.8644531103387987,-0.9219149733358675,-0.7911334366203319,0.4285555796071902,0.09239189272531247,0.056713810592444985,2.146516379699357e-15,17.432896489599834,4
0.45,9,144,1,1,1004,broad_xyz,21.99112410904393,False,0.8026230670257348,0.8654780398286022,0.8522266733999307,-0.9001595611738257,-0.7901373032476777,0.38828925739634457,0.09339044121701974,0.05744445635247337,2.146516379699357e-15,17.432896489599834,4
0.5,9,144,1,1,1004,broad_xyz,21.99112410904393,False,0.8191637432142451,0.876376723625876,0.8492901047151691,-0.9144401549025191,-0.7770490214747102,0.24994813470167593,0.09529647098782945,0.059325877117156894,2.146516379699357e-15,17.432896489599834,4
0.55,9,144,1,1,1004,broad_xyz,21.99112410904393,False,0.8084839864807523,0.8633166155622684,0.8534720146951893,-0.9295900577838033,-0.8111395695129985,0.11932448526265928,0.08802611805115654,0.06311100171000834,2.146516379699357e-15,17.432896489599834,4
0.6,9,144,1,1,1004,broad_xyz,21.99112410904393,False,0.5888854081503351,0.63779849313524,0.7469746814092213,-0.8680076425197994,-0.7514945372172781,-0.05000915729193549,0.09590319081968965,0.06544305147433592,2.146516379699357e-15,17.432896489599834,4
0.6499999999999999,9,144,1,1,1004,broad_xyz,21.99112410904393,False,0.5808320085925274,0.6513447927890736,0.7873190146463555,-0.8955112320870177,-0.8017581716741587,-0.17697276680925503,0.09721465584039438,0.06123415075956405,2.146516379699357e-15,17.432896489599834,4
0.7,9,144,1,1,1004,broad_xyz,21.99112410904393,False,0.505937511009942,0.6363691158990415,0.7802167592541467,-0.8999531055657329,-0.7946970757248293,-0.22690751734502376,0.089165851176047,0.05888751667858575,2.146516379699357e-15,17.432896489599834,4
0.725,9,144,1,1,1004,broad_xyz,21.99112410904393,False,0.44046995963497354,0.601230045886304,0.760291157177565,-0.8856428100249031,-0.7595890608914255,-0.24380939638545207,0.09116092678330297,0.058817407524722184,2.146516379699357e-15,17.432896489599834,4
0.75,9,144,1,1,1004,broad_xyz,21.99112410904393,False,0.41202709766091783,0.5902265479503372,0.7536001477005994,-0.8730863065791644,-0.7314235493875264,-0.2710268325207662,0.09130859413879323,0.05894562406768844,2.146516379699357e-15,17.432896489599834,4
0.775,9,144,1,1,1004,broad_xyz,21.99112410904393,False,0.42238660704109615,0.6099960795904563,0.7650183570622023,-0.8567988896261619,-0.7204622939354275,-0.3123573441339837,0.09150742199648909,0.05903511626302284,2.146516379699357e-15,17.432896489599834,4
0.8,9,144,1,1,1004,broad_xyz,21.99112410904393,False,0.45579170588482126,0.6561604249035017,0.7928086335295832,-0.817225917000416,-0.7279375774340355,-0.3702936333108695,0.0935162085418382,0.058963084371048344,2.146516379699357e-15,17.432896489599834,4
0.825,9,144,1,1,1004,broad_xyz,21.99112410904393,False,0.4931462299927926,0.7116239610228616,0.8269805752837498,-0.7181974414541815,-0.7464208838529522,-0.4325227199293732,0.09384476887181117,0.05859602384949117,2.146516379699357e-15,17.432896489599834,4
0.85,9,144,1,1,1004,broad_xyz,21.99112410904393,False,0.5345783026471693,0.7596874530474412,0.8573552322812278,-0.5605224976678939,-0.7775453621127326,-0.4680306208220484,0.09338763787007356,0.0579765957177009,2.146516379699357e-15,17.432896489599834,4
0.875,9,144,1,1,1004,broad_xyz,21.99112410904393,False,0.5843148427795977,0.7926052515787181,0.880356147197075,-0.44244949271935247,-0.8020796039428176,-0.48307360882626865,0.09171656566030466,0.05745425510498841,2.146516379699357e-15,17.432896489599834,4
0.9,9,144,1,1,1004,broad_xyz,21.99112410904393,False,0.6283042119272765,0.8072660019637989,0.8937524002138011,-0.4081172834355875,-0.7753714695905233,-0.4995267042767137,0.09036237672659665,0.05741042367461778,2.146516379699357e-15,17.432896489599834,4
0.95,9,144,1,1,1004,broad_xyz,21.99112410904393,False,0.6435915327452766,0.7775251972161468,0.8991359351057066,-0.5886173284058136,-0.8175424473802297,-0.5320890065271096,0.09009409927327965,0.058663109720333964,2.146516379699357e-15,17.432896489599834,4
1.0,9,144,1,1,1004,broad_xyz,21.99112410904393,False,0.60060544532456,0.7236511655758288,0.8981990550601698,-0.8541057982501488,-0.8544267108840918,-0.4730846802299586,0.09292264056693342,0.061050168162877255,2.146516379699357e-15,17.432896489599834,4
0.05,9,144,1,1,1005,broad_xyz,21.99112410904393,False,0.3292318601145766,0.49181395895869584,-0.1186310020042051,-0.5359101988656902,-0.5448743267985429,0.3135832792601,0.0008605918788096667,0.0001614748096323236,2.146516379699357e-15,17.432896489599834,5
0.075,9,144,1,1,1005,broad_xyz,21.99112410904393,False,0.33623625447790245,0.5344451858554421,-0.08916901359824493,-0.588287777533033,-0.6652850205817212,0.287300696820176,0.002775586727141182,0.0005780680475575068,2.146516379699357e-15,17.432896489599834,5
0.1,9,144,1,1,1005,broad_xyz,21.99112410904393,False,0.4280161186584523,0.6091851926450166,-0.016543498614169802,-0.6350369908524124,-0.742671388733378,0.26842988683169344,0.007192194758522113,0.00178545165346935,2.146516379699357e-15,17.432896489599834,5
0.125,9,144,1,1,1005,broad_xyz,21.99112410904393,False,0.569110290920948,0.6914335924917904,0.10435255855217752,-0.6609959773765796,-0.7563451425754539,0.26610988511231465,0.01485141934699107,0.004629955809696873,2.146516379699357e-15,17.432896489599834,5
0.15,9,144,1,1,1005,broad_xyz,21.99112410904393,False,0.7066904380999506,0.7692200647005901,0.2679505477033564,-0.667711562750161,-0.7104752254860813,0.303309019369162,0.02530698741507665,0.009739343655103518,2.146516379699357e-15,17.432896489599834,5
0.1625,9,144,1,1,1005,broad_xyz,21.99112410904393,False,0.7656392921152787,0.8041533448618932,0.360846770613867,-0.6646052425055263,-0.6534848951463902,0.332585583764652,0.031056566373844133,0.013146156923895626,2.146516379699357e-15,17.432896489599834,5
0.175,9,144,1,1,1005,broad_xyz,21.99112410904393,False,0.8105495582312882,0.8316719014122917,0.44829911229372066,-0.6642076840630248,-0.5509553235477166,0.36276432781150914,0.03742912611241086,0.01699471292988722,2.146516379699357e-15,17.432896489599834,5
0.1875,9,144,1,1,1005,broad_xyz,21.99112410904393,False,0.8414358664388751,0.8523301254430589,0.5235687476060251,-0.671604805911701,-0.4261571422870258,0.3899056335673007,0.04380271362699454,0.021109187707385714,2.146516379699357e-15,17.432896489599834,5
0.2,9,144,1,1,1005,broad_xyz,21.99112410904393,False,0.8617483232321953,0.867288155714873,0.5861535717864643,-0.6880301435247351,-0.3136938487135086,0.4133528726686984,0.05080928835592856,0.025329219569898292,2.146516379699357e-15,17.432896489599834,5
0.2125,9,144,1,1,1005,broad_xyz,21.99112410904393,False,0.8728908712843155,0.8780283100315986,0.6345144746098106,-0.7154195267527433,-0.2338563605394519,0.432534498915362,0.05704971230598262,0.02960191821105065,2.146516379699357e-15,17.432896489599834,5
0.225,9,144,1,1,1005,broad_xyz,21.99112410904393,False,0.8767105071827719,0.8852598988813394,0.6700359114568315,-0.7511309282621524,-0.18413760991520123,0.44656991881260855,0.06230847737156243,0.03392873249737124,2.146516379699357e-15,17.432896489599834,5
0.2375,9,144,1,1,1005,broad_xyz,21.99112410904393,False,0.873119611413928,0.8883019645184363,0.6929004889425473,-0.7926340637652443,-0.16241499202649448,0.4531163566558272,0.0667959120119162,0.03846172603775219,2.146516379699357e-15,17.432896489599834,5
0.25,9,144,1,1,1005,broad_xyz,21.99112410904393,False,0.8615783743930081,0.8856523732250763,0.703989698408905,-0.8348676936019879,-0.1462561068270689,0.44839318964733516,0.07080327781312806,0.04340434471807442,2.146516379699357e-15,17.432896489599834,5
0.27,9,144,1,1,1005,broad_xyz,21.99112410904393,False,0.8284679421888608,0.8659340362348841,0.7054775107277286,-0.8886675414804012,-0.11782953300594999,0.4142228088917078,0.07968956703687734,0.05256031426437544,2.146516379699357e-15,17.432896489599834,5
0.29,9,144,1,1,1005,broad_xyz,21.99112410904393,False,0.8032733250450027,0.8486400423226279,0.7383554435142264,-0.887563209044451,-0.14184790347719384,0.3853700984087029,0.08885457729670954,0.06205056601963493,2.146516379699357e-15,17.432896489599834,5
0.31,9,144,1,1,1005,broad_xyz,21.99112410904393,False,0.8094561598410256,0.8658654800290438,0.8268574306923221,-0.8389185724942554,-0.2751081279843763,0.4108339835519337,0.0930731868144721,0.06805565061226576,2.146516379699357e-15,17.432896489599834,5
0.33,9,144,1,1,1005,broad_xyz,21.99112410904393,False,0.8297824864848521,0.9013758079488582,0.8868098337086356,-0.8595334441503956,-0.4171729723694653,0.4076062486059605,0.09569917515478656,0.06873367020123906,2.146516379699357e-15,17.432896489599834,5
0.35,9,144,1,1,1005,broad_xyz,21.99112410904393,False,0.8547425635406749,0.9322178801401017,0.9220407749747869,-0.9079587809589692,-0.5392743143859084,0.3315501792879059,0.09827028154570841,0.06705121950251552,2.146516379699357e-15,17.432896489599834,5
0.37,9,144,1,1,1005,broad_xyz,21.99112410904393,False,0.8700477948237442,0.9454635352404186,0.9373428474398722,-0.9371421656535093,-0.6304108089293948,0.2082790492459448,0.09635710425091437,0.06516831422621717,2.146516379699357e-15,17.432896489599834,5
0.39,9,144,1,1,1005,broad_xyz,21.99112410904393,False,0.8722043151855904,0.9456289359443155,0.9441527140686746,-0.943156382480811,-0.6915227544876557,0.08099926955769483,0.09564724233780801,0.06370984185771099,2.146516379699357e-15,17.432896489599834,5
0.41000000000000003,9,144,1,1,1005,broad_xyz,21.99112410904393,False,0.8630987120034337,0.9398215950177645,0.9479209805301004,-0.9368000249342768,-0.740919124508084,-0.028393110191239846,0.09701391866914343,0.06256873407780567,2.146516379699357e-15,17.432896489599834,5
0.43,9,144,1,1,1005,broad_xyz,21.99112410904393,False,0.847906021887211,0.932453839546629,0.9504794610408341,-0.9273687911986428,-0.7858147829682688,-0.11871712381905083,0.09611283997868135,0.06164922352248116,2.146516379699357e-15,17.432896489599834,5
0.45,9,144,1,1,1005,broad_xyz,21.99112410904393,False,0.8317603641129379,0.922958919357275,0.9527394273844106,-0.9208823431011688,-0.8025459166040728,-0.1849855777071543,0.09158181762403055,0.06107744549231932,2.146516379699357e-15,17.432896489599834,5
0.5,9,144,1,1,1005,broad_xyz,21.99112410904393,False,0.7808360416566604,0.8599260919305795,0.9343388148279116,-0.9228630522848877,-0.6719178364670482,-0.237541670624874,0.09395714450763906,0.06307054066403417,2.146516379699357e-15,17.432896489599834,5
0.55,9,144,1,1,1005,broad_xyz,21.99112410904393,False,0.6477848272354269,0.7088910167451506,0.8363630541456399,-0.9139917073468301,-0.5817177359909235,-0.17548080052649415,0.09677555926398214,0.06888404239664325,2.146516379699357e-15,17.432896489599834,5
0.6,9,144,1,1,1005,broad_xyz,21.99112410904393,False,0.34447190565569097,0.39370298239877866,0.63850734591655,-0.769001286705225,-0.4075636257380777,-0.2915657542157112,0.09675058278775975,0.0745541759650958,2.146516379699357e-15,17.432896489599834,5
0.6499999999999999,9,144,1,1,1005,broad_xyz,21.99112410904393,False,0.5038553996772798,0.5797257093902599,0.7954191644778325,-0.8379141525100791,-0.7127702851309665,-0.4015384946968512,0.09621531927603182,0.07192632024443027,2.146516379699357e-15,17.432896489599834,5
0.7,9,144,1,1,1005,broad_xyz,21.99112410904393,False,0.5978418744071237,0.6492788653778506,0.8350437901181508,-0.8656664549979782,-0.7899022263283765,-0.4481094064004832,0.09739663367283681,0.06851550279874967,2.146516379699357e-15,17.432896489599834,5
0.725,9,144,1,1,1005,broad_xyz,21.99112410904393,False,0.5858794598782416,0.6224374530088361,0.8403893392887168,-0.8628787160281796,-0.7891273460868637,-0.48188483104963603,0.09718679970433977,0.06814100910112048,2.146516379699357e-15,17.432896489599834,5
0.75,9,144,1,1,1005,broad_xyz,21.99112410904393,False,0.570255183954372,0.6010014699079984,0.8419935187426227,-0.8536074178042631,-0.7888044898056347,-0.5098966331678749,0.09716395714347888,0.06792719047362958,2.146516379699357e-15,17.432896489599834,5
0.775,9,144,1,1,1005,broad_xyz,21.99112410904393,False,0.5709320992450632,0.6132544912277583,0.8500602510427555,-0.8366504259806832,-0.8017510441567597,-0.5291091485249292,0.09585753862761126,0.067314250373102,2.146516379699357e-15,17.432896489599834,5
0.8,9,144,1,1,1005,broad_xyz,21.99112410904393,False,0.5875790654104799,0.6635042193775611,0.870590688701301,-0.7948492906026139,-0.8296100797974361,-0.5385885253602153,0.09114247635528756,0.0661350289645814,2.146516379699357e-15,17.432896489599834,5
0.825,9,144,1,1,1005,broad_xyz,21.99112410904393,False,0.6075270877228893,0.7313578854979759,0.8941437596328927,-0.6926739124212464,-0.8590873184281361,-0.5278448954794343,0.09032267819051318,0.06430606616747399,2.146516379699357e-15,17.432896489599834,5
0.85,9,144,1,1,1005,broad_xyz,21.99112410904393,False,0.61969836441626,0.783839949435451,0.9027515759414771,-0.5569411495894168,-0.872372715606521,-0.49455442885263506,0.09074866535335102,0.06186639326803208,2.146516379699357e-15,17.432896489599834,5
0.875,9,144,1,1,1005,broad_xyz,21.99112410904393,False,0.6228303244844977,0.8101757949534859,0.8990824867262919,-0.4876196583413089,-0.863265417620889,-0.4673133684923643,0.08901444571556873,0.05948484798940992,2.146516379699357e-15,17.432896489599834,5
0.9,9,144,1,1,1005,broad_xyz,21.99112410904393,False,0.6180938957656749,0.8186973574622778,0.8949473660239234,-0.48283604049867473,-0.8156248179585963,-0.45721117198000294,0.08751483853865447,0.05827567523881711,2.146516379699357e-15,17.432896489599834,5
0.95,9,144,1,1,1005,broad_xyz,21.99112410904393,False,0.6077639376642571,0.8067013052687415,0.9068924858126758,-0.609272011251306,-0.8790033310381344,-0.4627340990746302,0.09007053996609653,0.06069409899285974,2.146516379699357e-15,17.432896489599834,5
1.0,9,144,1,1,1005,broad_xyz,21.99112410904393,False,0.6215352585415583,0.7564473912724824,0.9299319333195946,-0.7772854991338481,-0.9134401760647883,-0.5196165273476036,0.09687758746082108,0.06651853731519226,2.146516379699357e-15,17.432896489599834,5
0.05,9,144,1,1,1006,broad_xyz,21.99112410904393,False,-0.07848852025730986,0.313440601522303,-0.7025585992776021,-0.7157917539167271,-0.6421692724152674,0.2042576757520108,0.0014333661884404862,0.0002633438971630074,2.146516379699357e-15,17.432896489599834,6
0.075,9,144,1,1,1006,broad_xyz,21.99112410904393,False,0.0828188224442208,0.36644828660685147,-0.6323105567447447,-0.7068634986265356,-0.6061384020424901,0.16176810478045278,0.003431616116699195,0.0006625301291555616,2.146516379699357e-15,17.432896489599834,6
0.1,9,144,1,1,1006,broad_xyz,21.99112410904393,False,0.3395710191141948,0.4990918926788621,-0.4793677657490826,-0.7115215708001088,-0.6131542157767078,0.07585870052710286,0.006842157017465993,0.0015987936020087521,2.146516379699357e-15,17.432896489599834,6
0.125,9,144,1,1,1006,broad_xyz,21.99112410904393,False,0.6016660288541514,0.663875514221635,-0.22054620418210397,-0.6951188455594312,-0.6535187563113323,-0.03738531601154906,0.012846449712388323,0.0038961414653239943,2.146516379699357e-15,17.432896489599834,6
0.15,9,144,1,1,1006,broad_xyz,21.99112410904393,False,0.7471709307562505,0.7785742300712033,0.033030956505214065,-0.6788989201092356,-0.6819640197244597,-0.07948768600137689,0.02211039387366096,0.008345211445603781,2.146516379699357e-15,17.432896489599834,6
0.1625,9,144,1,1,1006,broad_xyz,21.99112410904393,False,0.7840507663915204,0.8234791314887039,0.1422560146139818,-0.6834455315424537,-0.6799471185794762,-0.07231909275403074,0.02781801700198938,0.011570508276360327,2.146516379699357e-15,17.432896489599834,6
0.175,9,144,1,1,1006,broad_xyz,21.99112410904393,False,0.8026902599878866,0.8611054390209738,0.23476529041276917,-0.6974570946079262,-0.6389592959578413,-0.04994552562630123,0.033531370867741814,0.015418872766540477,2.146516379699357e-15,17.432896489599834,6
0.1875,9,144,1,1,1006,broad_xyz,21.99112410904393,False,0.8117779172006786,0.8908429627050571,0.3129806879867373,-0.7172472021552321,-0.5259948603455382,-0.01802568098155797,0.03932582361873505,0.019755518432432798,2.146516379699357e-15,17.432896489599834,6
0.2,9,144,1,1,1006,broad_xyz,21.99112410904393,False,0.8179054812969959,0.913954411282046,0.38205020444704735,-0.7402024469526737,-0.35463212727133403,0.01807044249768294,0.0466762839558873,0.024407103404812502,2.146516379699357e-15,17.432896489599834,6
0.2125,9,144,1,1,1006,broad_xyz,21.99112410904393,False,0.8224712326135893,0.9302850824791703,0.4448453266005257,-0.7633430121901202,-0.19065694129898236,0.054858291916584694,0.053439622548132275,0.029130917253681405,2.146516379699357e-15,17.432896489599834,6
0.225,9,144,1,1,1006,broad_xyz,21.99112410904393,False,0.8255654091731528,0.9422588938673951,0.5044847395557044,-0.7866509071456452,-0.05562438953781803,0.08928279761075932,0.059392591068337115,0.03380509772149956,2.146516379699357e-15,17.432896489599834,6
0.2375,9,144,1,1,1006,broad_xyz,21.99112410904393,False,0.827926721000942,0.9509186957484789,0.562443849944976,-0.8105268755831224,0.04573442936699447,0.11997202643761022,0.06475010581849792,0.03839879476014472,2.146516379699357e-15,17.432896489599834,6
0.25,9,144,1,1,1006,broad_xyz,21.99112410904393,False,0.8289218615311155,0.9569169203624911,0.6188030418620878,-0.8361336519273712,0.10146172125827173,0.14775473936428227,0.0698969750521979,0.042965283324783304,2.146516379699357e-15,17.432896489599834,6
0.27,9,144,1,1,1006,broad_xyz,21.99112410904393,False,0.8251380450500618,0.9576460864058784,0.7065071985448671,-0.8735609225329503,0.10448503441187058,0.17965299862368003,0.07716212849797352,0.05049663081690882,2.146516379699357e-15,17.432896489599834,6
0.29,9,144,1,1,1006,broad_xyz,21.99112410904393,False,0.8105843419464437,0.9395816133324176,0.7902976236826703,-0.8782550871983419,0.03365793693973435,0.18530306547512543,0.08318017664376735,0.05872850225502524,2.146516379699357e-15,17.432896489599834,6
0.31,9,144,1,1,1006,broad_xyz,21.99112410904393,False,0.7885703725034608,0.9128743988536767,0.8356291223845138,-0.8718731757234932,-0.046744563727674736,0.18850006840632313,0.0896685020650047,0.06543816837421915,2.146516379699357e-15,17.432896489599834,6
0.33,9,144,1,1,1006,broad_xyz,21.99112410904393,False,0.7803354445548694,0.9065211979429209,0.8399750909362678,-0.9044465900387807,-0.05108262823269311,0.23371053879026052,0.09433363975958191,0.06817634218847698,2.146516379699357e-15,17.432896489599834,6
0.35,9,144,1,1,1006,broad_xyz,21.99112410904393,False,0.7925239717196103,0.9148321817797381,0.8656843167050513,-0.9254587929970494,-0.09857408991892386,0.25340927919477846,0.09783104317654494,0.06928411538325546,2.146516379699357e-15,17.432896489599834,6
0.37,9,144,1,1,1006,broad_xyz,21.99112410904393,False,0.8013721088840777,0.9176605827150017,0.8935407468997516,-0.9333095085242794,-0.19868055608283217,0.22809603770683903,0.10036571953929295,0.06994091731847607,2.146516379699357e-15,17.432896489599834,6
0.39,9,144,1,1,1006,broad_xyz,21.99112410904393,False,0.8010207808962794,0.9143114251280579,0.9160455500597021,-0.9330930529683411,-0.32003333142616425,0.178702357140225,0.10281817480299567,0.07047139089959156,2.146516379699357e-15,17.432896489599834,6
0.41000000000000003,9,144,1,1,1006,broad_xyz,21.99112410904393,False,0.7931532076230458,0.908937069993526,0.9310074938755255,-0.9280513878430289,-0.45676007750559894,0.1275306107387406,0.10714506460680684,0.07089617455523028,2.146516379699357e-15,17.432896489599834,6
0.43,9,144,1,1,1006,broad_xyz,21.99112410904393,False,0.7799591601434185,0.9026060346370972,0.9401356220311153,-0.9226898137708303,-0.6112853908936399,0.08516854920499266,0.11010029465798128,0.07143822688929473,2.146516379699357e-15,17.432896489599834,6
0.45,9,144,1,1,1006,broad_xyz,21.99112410904393,False,0.7674246469445988,0.8946875576673737,0.943034765981853,-0.9189934301654563,-0.7085289536444904,0.048898014070655346,0.11111976714031105,0.07189615518214998,2.146516379699357e-15,17.432896489599834,6
0.5,9,144,1,1,1006,broad_xyz,21.99112410904393,False,0.7472818194205418,0.869617178137787,0.9255568754026202,-0.9301015425595257,-0.6028791035642742,0.010003251153260888,0.11057823476352478,0.0725774728281108,2.146516379699357e-15,17.432896489599834,6
0.55,9,144,1,1,1006,broad_xyz,21.99112410904393,False,0.6725014912742873,0.8094068329680767,0.8787080190007887,-0.9118805382016657,-0.5773847932087592,-0.006602763318688744,0.10816013826461889,0.07552397255363136,2.146516379699357e-15,17.432896489599834,6
0.6,9,144,1,1,1006,broad_xyz,21.99112410904393,False,0.49533703855461014,0.6677838933969312,0.8604856956432573,-0.8128681291600524,-0.6037732923746496,-0.20510488207716693,0.10955005662353982,0.08169809086865783,2.146516379699357e-15,17.432896489599834,6
0.6499999999999999,9,144,1,1,1006,broad_xyz,21.99112410904393,False,0.531268057021281,0.6910776117204078,0.8805111009760435,-0.8504051286700193,-0.7112092603345312,-0.40742483876190255,0.10792532871704616,0.0812935820779001,2.146516379699357e-15,17.432896489599834,6
0.7,9,144,1,1,1006,broad_xyz,21.99112410904393,False,0.5898936364899485,0.7482341604915326,0.9000250170243539,-0.8622080698785216,-0.8534552911655424,-0.45389239805213794,0.10484972559861805,0.08001456638058778,2.146516379699357e-15,17.432896489599834,6
0.725,9,144,1,1,1006,broad_xyz,21.99112410904393,False,0.5922637186425598,0.7649240950481974,0.9080527630544577,-0.8539062282465051,-0.8881716958860113,-0.46011967924331626,0.10573998748600467,0.07976288888863971,2.146516379699357e-15,17.432896489599834,6
0.75,9,144,1,1,1006,broad_xyz,21.99112410904393,False,0.5970768506784916,0.7792253231488309,0.9142397542661803,-0.8423969632666646,-0.9035460325682491,-0.4629964253163223,0.10635786548161308,0.07924343933830419,2.146516379699357e-15,17.432896489599834,6
0.775,9,144,1,1,1006,broad_xyz,21.99112410904393,False,0.6263267050541445,0.8012908884871887,0.9211617043496211,-0.8287211795057511,-0.9130870290984904,-0.4587260530509638,0.10600407286451777,0.07832392576434022,2.146516379699357e-15,17.432896489599834,6
0.8,9,144,1,1,1006,broad_xyz,21.99112410904393,False,0.6770003329027767,0.8353180121993822,0.9305469542968727,-0.8079726329488365,-0.9231888263797104,-0.445393321113219,0.10760396171596,0.07692566978268268,2.146516379699357e-15,17.432896489599834,6
0.825,9,144,1,1,1006,broad_xyz,21.99112410904393,False,0.7259735879406723,0.8677136642851049,0.9366946083428142,-0.7536546227341993,-0.9297962695813433,-0.42525000667691804,0.10697841775221358,0.0751717648882988,2.146516379699357e-15,17.432896489599834,6
0.85,9,144,1,1,1006,broad_xyz,21.99112410904393,False,0.7560920208809563,0.8867193624514589,0.9368913703487772,-0.6433541453767089,-0.9279280209429137,-0.41379078848891276,0.10666369539516109,0.07350212318621778,2.146516379699357e-15,17.432896489599834,6
0.875,9,144,1,1,1006,broad_xyz,21.99112410904393,False,0.7687719890928553,0.8948160986220016,0.9373814673818319,-0.5298266015875164,-0.9147973526209183,-0.4144906187684792,0.10352440037118872,0.07219258460816011,2.146516379699357e-15,17.432896489599834,6
0.9,9,144,1,1,1006,broad_xyz,21.99112410904393,False,0.7750128371869515,0.8955337951164277,0.9411613587375515,-0.4707235153188826,-0.8678410504344732,-0.417449724848007,0.09892262954883399,0.07140807460009008,2.146516379699357e-15,17.432896489599834,6
0.95,9,144,1,1,1006,broad_xyz,21.99112410904393,False,0.8085023100732442,0.8812473412050903,0.9516160806257256,-0.5187865084572125,-0.9236486867424099,-0.4474658232309538,0.09482502149967975,0.07178997619039842,2.146516379699357e-15,17.432896489599834,6
1.0,9,144,1,1,1006,broad_xyz,21.99112410904393,False,0.7739305045007369,0.8304191688709305,0.9492050545450549,-0.7133718633763646,-0.9251390680751511,-0.5261504757985312,0.09517019317126048,0.0742533493777665,2.146516379699357e-15,17.432896489599834,6
0.05,9,144,1,1,1007,broad_xyz,21.99112410904393,False,0.16424056005305823,0.6084996716366762,-0.3810264429036168,-0.5951590770926428,-0.469371343646152,0.6797876736249132,0.002334608421574098,0.0006274185332912837,2.146516379699357e-15,17.432896489599834,7
0.075,9,144,1,1,1007,broad_xyz,21.99112410904393,False,0.4134320893393674,0.7102188317360054,-0.1827727666440307,-0.5553426607286157,-0.49626144439831005,0.5719520348024869,0.005852184892783073,0.0018541838856057377,2.146516379699357e-15,17.432896489599834,7
0.1,9,144,1,1,1007,broad_xyz,21.99112410904393,False,0.6488191442842377,0.7826723249866022,0.06574242755319697,-0.4985883622032115,-0.5678146741897885,0.4346589385906626,0.011421425182665439,0.0044324780925098645,2.146516379699357e-15,17.432896489599834,7
0.125,9,144,1,1,1007,broad_xyz,21.99112410904393,False,0.7889309841878083,0.826244270688244,0.26540014423086844,-0.49688355340553925,-0.6640581159719419,0.3408702847694445,0.019111131301612856,0.00868291949033604,2.146516379699357e-15,17.432896489599834,7
0.15,9,144,1,1,1007,broad_xyz,21.99112410904393,False,0.8578362899658887,0.8493632828482742,0.42593248957291674,-0.5348015849467205,-0.6117355542415497,0.2765631222377689,0.030241868636582802,0.01469386162920697,2.146516379699357e-15,17.432896489599834,7
0.1625,9,144,1,1,1007,broad_xyz,21.99112410904393,False,0.8761650696272825,0.8534886239383812,0.49494422965186874,-0.5600592072718644,-0.45663983182487583,0.24728180727336263,0.038255425990484,0.018392989022444597,2.146516379699357e-15,17.432896489599834,7
0.175,9,144,1,1,1007,broad_xyz,21.99112410904393,False,0.8905125787974089,0.8569027338574836,0.5590555625675537,-0.588225113288338,-0.24928741439252047,0.21733031147547985,0.04690352117107507,0.02259512762841915,2.146516379699357e-15,17.432896489599834,7
0.1875,9,144,1,1,1007,broad_xyz,21.99112410904393,False,0.9017494938465254,0.8603726354443112,0.6156665301297999,-0.6217332752748536,-0.07322781490450951,0.1906983903307916,0.05638047643873372,0.027218836256126297,2.146516379699357e-15,17.432896489599834,7
0.2,9,144,1,1,1007,broad_xyz,21.99112410904393,False,0.9096464554054046,0.8652164398096003,0.6630759081670407,-0.6617923100400117,0.05246411601732797,0.17281880009578127,0.06587104270157475,0.032036895522555,2.146516379699357e-15,17.432896489599834,7
0.2125,9,144,1,1,1007,broad_xyz,21.99112410904393,False,0.9148897239186223,0.8718561763161576,0.7031586528233417,-0.7062795573683771,0.14345737779115914,0.16435362128654235,0.07472006335920699,0.03685270992507659,2.146516379699357e-15,17.432896489599834,7
0.225,9,144,1,1,1007,broad_xyz,21.99112410904393,False,0.9193197106848379,0.8801750421549162,0.7386120806688777,-0.7521650331916914,0.1918144870160125,0.16301794191322222,0.082328183165961,0.04164479804687541,2.146516379699357e-15,17.432896489599834,7
0.2375,9,144,1,1,1007,broad_xyz,21.99112410904393,False,0.9225611599937,0.8898180817422471,0.7710403176647549,-0.7968942299268619,0.1969745710037968,0.16525456996662918,0.08818086680462985,0.04648471374666825,2.146516379699357e-15,17.432896489599834,7
0.25,9,144,1,1,1007,broad_xyz,21.99112410904393,False,0.9261917554175758,0.9008690850139031,0.8034561737582346,-0.8387669062521625,0.1970491015654069,0.16449837327689362,0.09222435977371812,0.05164879810711223,2.146516379699357e-15,17.432896489599834,7
0.27,9,144,1,1,1007,broad_xyz,21.99112410904393,False,0.9315660016077156,0.9156169383548692,0.8542386999157383,-0.8896929328686781,0.1717243858403919,0.13132121278404818,0.09524708785994103,0.06138399839438242,2.146516379699357e-15,17.432896489599834,7
0.29,9,144,1,1,1007,broad_xyz,21.99112410904393,False,0.9097303531069373,0.898535188755827,0.8780886306228457,-0.8738713292159772,0.08134057219965694,0.035763712030522754,0.09606376107631041,0.07249611987725425,2.146516379699357e-15,17.432896489599834,7
0.31,9,144,1,1,1007,broad_xyz,21.99112410904393,False,0.8659386225779299,0.8796773491403014,0.8683464835335396,-0.8474858457759877,0.020416854952761708,-0.024963154800394242,0.10905972767947689,0.07999480271925546,2.146516379699357e-15,17.432896489599834,7
0.33,9,144,1,1,1007,broad_xyz,21.99112410904393,False,0.8664972284100438,0.9133697111930328,0.890426178256358,-0.8898384884181941,0.0020877098450147098,-0.004100836502961146,0.11550366085782297,0.08135234071064626,2.146516379699357e-15,17.432896489599834,7
0.35,9,144,1,1,1007,broad_xyz,21.99112410904393,False,0.8843097021603418,0.945836928159825,0.9259043461098367,-0.9264683187728457,-0.06042922223513536,0.011986630889178588,0.1134518223339285,0.07997761745503551,2.146516379699357e-15,17.432896489599834,7
0.37,9,144,1,1,1007,broad_xyz,21.99112410904393,False,0.8962585120974795,0.9604350522138808,0.950957539416392,-0.9447082816607214,-0.14536821566277705,0.006164378716120118,0.11350752859709545,0.07836259268385537,2.146516379699357e-15,17.432896489599834,7
0.39,9,144,1,1,1007,broad_xyz,21.99112410904393,False,0.8963439707792317,0.9623247391054334,0.9657820949433265,-0.9506191322139091,-0.2221821290076129,-0.009240641387244956,0.11327475272948224,0.07721098547492512,2.146516379699357e-15,17.432896489599834,7
0.41000000000000003,9,144,1,1,1007,broad_xyz,21.99112410904393,False,0.8833522257352607,0.954846363203371,0.9721420044586472,-0.9481822560823138,-0.2999245470237355,-0.02900714338445011,0.11420767402191474,0.07666544925109949,2.146516379699357e-15,17.432896489599834,7
0.43,9,144,1,1,1007,broad_xyz,21.99112410904393,False,0.8615193790242279,0.9405018393408742,0.9731713167637397,-0.9407682900613918,-0.4135586965220418,-0.05023133238560311,0.11674313061467918,0.07689661617121933,2.146516379699357e-15,17.432896489599834,7
0.45,9,144,1,1,1007,broad_xyz,21.99112410904393,False,0.8338528213728639,0.9190058927933117,0.9689389884429761,-0.9299025431175252,-0.4893216722328952,-0.066917966714789,0.11573399207689869,0.0774836112337249,2.146516379699357e-15,17.432896489599834,7
0.5,9,144,1,1,1007,broad_xyz,21.99112410904393,False,0.7653057660688565,0.8637751198938999,0.9530461145480583,-0.9239922670699525,-0.32377136877911544,-0.0753938912681251,0.1118660863741704,0.07708245024126344,2.146516379699357e-15,17.432896489599834,7
0.55,9,144,1,1,1007,broad_xyz,21.99112410904393,False,0.622657892393903,0.7424523615376006,0.9032733867125106,-0.9126754903225636,-0.2239370840501004,-0.08896003269911709,0.10288929596280856,0.08040028374159834,2.146516379699357e-15,17.432896489599834,7
0.6,9,144,1,1,1007,broad_xyz,21.99112410904393,False,0.19215189636794583,0.30548954164569625,0.7105339379938242,-0.6473862714772102,-0.0838138623401653,-0.29232648517143756,0.117550046535674,0.08836553080895422,2.146516379699357e-15,17.432896489599834,7
0.6499999999999999,9,144,1,1,1007,broad_xyz,21.99112410904393,False,0.4403979754597796,0.5548603052030531,0.8439301490232041,-0.853724880645468,-0.42412237698557537,-0.40091947834741326,0.11363561348298866,0.08485679990337679,2.146516379699357e-15,17.432896489599834,7
0.7,9,144,1,1,1007,broad_xyz,21.99112410904393,False,0.6446021276870855,0.7172293359217586,0.9127665709789798,-0.8899728075043952,-0.7881241718087902,-0.47503938748953056,0.10305421612041878,0.08193963228036863,2.146516379699357e-15,17.432896489599834,7
0.725,9,144,1,1,1007,broad_xyz,21.99112410904393,False,0.6856965979770959,0.7261487337560663,0.9252790400194195,-0.8686341412311098,-0.8795304760385777,-0.4885824554968889,0.10360345769640054,0.08178321096485247,2.146516379699357e-15,17.432896489599834,7
0.75,9,144,1,1,1007,broad_xyz,21.99112410904393,False,0.708304253721003,0.7288928345467411,0.9317727033544795,-0.8475478354363266,-0.9186054954570578,-0.49629605307512903,0.10567056380266042,0.0815733269556354,2.146516379699357e-15,17.432896489599834,7
0.775,9,144,1,1,1007,broad_xyz,21.99112410904393,False,0.7311826366721859,0.7501971182670332,0.9368227516745921,-0.8320363402686474,-0.9374268700642784,-0.49937516864063786,0.10498003272702393,0.08061446324416427,2.146516379699357e-15,17.432896489599834,7
0.8,9,144,1,1,1007,broad_xyz,21.99112410904393,False,0.7614348149953019,0.7921654663979538,0.9439470070469279,-0.8017765499696667,-0.948221021717622,-0.4952135004640958,0.10092857882415572,0.07868637735238287,2.146516379699357e-15,17.432896489599834,7
0.825,9,144,1,1,1007,broad_xyz,21.99112410904393,False,0.7934491563306031,0.8411048102628346,0.948697304632123,-0.6730379318689933,-0.9467214269683724,-0.48934689859399105,0.10264926157215422,0.07609796032949961,2.146516379699357e-15,17.432896489599834,7
0.85,9,144,1,1,1007,broad_xyz,21.99112410904393,False,0.8184521712476356,0.8835886524574453,0.9445051513057902,-0.40084077012472513,-0.9277725942056023,-0.49099269938591394,0.1025557203938334,0.07319556549038427,2.146516379699357e-15,17.432896489599834,7
0.875,9,144,1,1,1007,broad_xyz,21.99112410904393,False,0.8242963527889009,0.9086838466661519,0.9408436029699649,-0.2906458181759506,-0.9023955219069406,-0.4692433086019268,0.09907751702577795,0.07013673924979459,2.146516379699357e-15,17.432896489599834,7
0.9,9,144,1,1,1007,broad_xyz,21.99112410904393,False,0.8159943892448913,0.9137221437828038,0.9405359171883632,-0.34889257056026846,-0.8589092468239731,-0.4499517521822826,0.09816203629918628,0.06824345077758068,2.146516379699357e-15,17.432896489599834,7
0.95,9,144,1,1,1007,broad_xyz,21.99112410904393,False,0.7832490024483643,0.87161743024821,0.9401242314671437,-0.5723410714728142,-0.9088101546030926,-0.47078860186240346,0.09918342055092084,0.06950243113393556,2.146516379699357e-15,17.432896489599834,7
1.0,9,144,1,1,1007,broad_xyz,21.99112410904393,False,0.7427639607665167,0.777127066405147,0.9283385350370624,-0.7687455801701698,-0.9051428005818749,-0.5161175694684972,0.09538777687258618,0.07453539932529335,2.146516379699357e-15,17.432896489599834,7
0.05,9,144,1,1,1008,broad_xyz,21.99112410904393,False,0.6788089525164686,0.6976480451684153,-0.01082977371119132,-0.7151858617205019,-0.54031547592106,0.5514912556186922,0.002558608383834682,0.0008219396291111549,2.146516379699357e-15,17.432896489599834,8
0.075,9,144,1,1,1008,broad_xyz,21.99112410904393,False,0.7737220093358376,0.7348359155782085,0.2705611542535737,-0.7440647532751291,-0.6688257769388876,0.5842314172616014,0.00635974468026509,0.0022676473342943763,2.146516379699357e-15,17.432896489599834,8
0.1,9,144,1,1,1008,broad_xyz,21.99112410904393,False,0.8645736397118563,0.7865745674192169,0.5070732497893881,-0.7938960970623754,-0.7361729862287928,0.5665860701516822,0.013369001463683845,0.005016958359509691,2.146516379699357e-15,17.432896489599834,8
0.125,9,144,1,1,1008,broad_xyz,21.99112410904393,False,0.9284817775466846,0.838962299863056,0.648321537742907,-0.8433933120651053,-0.7956655073123521,0.5198389392378134,0.02355417679888758,0.00956649988500116,2.146516379699357e-15,17.432896489599834,8
0.15,9,144,1,1,1008,broad_xyz,21.99112410904393,False,0.9542459495690165,0.8794514061596251,0.7298377300782078,-0.8736762883147884,-0.8774909097543028,0.4872457543197403,0.03622795604110694,0.01600136987334029,2.146516379699357e-15,17.432896489599834,8
0.1625,9,144,1,1,1008,broad_xyz,21.99112410904393,False,0.9602691872832522,0.8967964151333933,0.7551199940177149,-0.8878070380273397,-0.9098769437033002,0.4806341672615166,0.042927207764701374,0.019846978615170343,2.146516379699357e-15,17.432896489599834,8
0.175,9,144,1,1,1008,broad_xyz,21.99112410904393,False,0.9628997515032341,0.9107754683228334,0.7752177180943425,-0.899500853519703,-0.9259557204898061,0.4760396915575172,0.04957406127017071,0.023976295188553445,2.146516379699357e-15,17.432896489599834,8
0.1875,9,144,1,1,1008,broad_xyz,21.99112410904393,False,0.9620967178762488,0.9210700949447662,0.7937124595791242,-0.9075787965612382,-0.9257620307688544,0.47226885859690065,0.05596250713162506,0.028256709304053846,2.146516379699357e-15,17.432896489599834,8
0.2,9,144,1,1,1008,broad_xyz,21.99112410904393,False,0.9582958090424275,0.9292152345666004,0.8119125634794727,-0.9138128786383484,-0.919154613190984,0.4672167375512874,0.06205311009716803,0.03262242937430552,2.146516379699357e-15,17.432896489599834,8
0.2125,9,144,1,1,1008,broad_xyz,21.99112410904393,False,0.9530664920546221,0.9368295401250988,0.8318753388659316,-0.9181865910440326,-0.913204019895277,0.45903660965935833,0.06750968022792857,0.03699787129926572,2.146516379699357e-15,17.432896489599834,8
0.225,9,144,1,1,1008,broad_xyz,21.99112410904393,False,0.9476185396511528,0.9452099108037308,0.854234273464365,-0.9219644104738215,-0.9077751415841038,0.44908699469120367,0.07242183784242195,0.04129940763956905,2.146516379699357e-15,17.432896489599834,8
0.2375,9,144,1,1,1008,broad_xyz,21.99112410904393,False,0.9426354451959131,0.9539531860883442,0.8764350561032703,-0.9269776898164555,-0.9031673590594563,0.4373650120522635,0.07656655120025317,0.045522084070374766,2.146516379699357e-15,17.432896489599834,8
0.25,9,144,1,1,1008,broad_xyz,21.99112410904393,False,0.938524493451241,0.9612376190436852,0.8942998117635613,-0.9348145365092033,-0.8966101980050141,0.42094644040851964,0.08001605581812521,0.049886774108460236,2.146516379699357e-15,17.432896489599834,8
0.27,9,144,1,1,1008,broad_xyz,21.99112410904393,False,0.9304627953393496,0.9667629606519511,0.9140921726374597,-0.9475024627599554,-0.878472938996164,0.3815942045120276,0.08412020389909455,0.057117475737241435,2.146516379699357e-15,17.432896489599834,8
0.29,9,144,1,1,1008,broad_xyz,21.99112410904393,False,0.9170698151959055,0.9649820411876604,0.9338843893930885,-0.9552469133930709,-0.8494815408895845,0.3371144410800294,0.08618809634536725,0.06391791283985526,2.146516379699357e-15,17.432896489599834,8
0.31,9,144,1,1,1008,broad_xyz,21.99112410904393,False,0.8898436858766181,0.9541625842506345,0.9509758307663376,-0.955162595868533,-0.8239561084557007,0.28579996827273857,0.08813694901528649,0.06863730684366114,2.146516379699357e-15,17.432896489599834,8
0.33,9,144,1,1,1008,broad_xyz,21.99112410904393,False,0.8593295707137054,0.9407353230547504,0.9572311551646323,-0.9561352168986328,-0.8028048698201431,0.22961246263024704,0.09166355075338727,0.07026452618047865,2.146516379699357e-15,17.432896489599834,8
0.35,9,144,1,1,1008,broad_xyz,21.99112410904393,False,0.8464612117280236,0.9384548989225304,0.9677803185357289,-0.9591962099836168,-0.8126226234755051,0.18014045315728053,0.09516407060398362,0.06993346061071443,2.146516379699357e-15,17.432896489599834,8
0.37,9,144,1,1,1008,broad_xyz,21.99112410904393,False,0.8451048398226125,0.9396959179682425,0.9741299643375304,-0.9606708207929082,-0.8403225602175735,0.1431012074600671,0.09737169872245123,0.068758569005759,2.146516379699357e-15,17.432896489599834,8
0.39,9,144,1,1,1008,broad_xyz,21.99112410904393,False,0.852220340554554,0.9395831062274147,0.9718529785201157,-0.9598337800886312,-0.8634575063582454,0.11397883965231378,0.09852859296387015,0.06782370200431014,2.146516379699357e-15,17.432896489599834,8
0.41000000000000003,9,144,1,1,1008,broad_xyz,21.99112410904393,False,0.8606666991849717,0.9346109836597241,0.9659366760430808,-0.9555197559609565,-0.8781206305413722,0.0871996679580921,0.09978810921946442,0.0673904105713327,2.146516379699357e-15,17.432896489599834,8
0.43,9,144,1,1,1008,broad_xyz,21.99112410904393,False,0.8647988577830398,0.9263771196513074,0.9634799833437878,-0.9505831507019371,-0.8914848673910009,0.05832222790658249,0.10248749041127224,0.06773075513244119,2.146516379699357e-15,17.432896489599834,8
0.45,9,144,1,1,1008,broad_xyz,21.99112410904393,False,0.8628095979249358,0.9167736790687823,0.9654155768666334,-0.945724676291966,-0.9015644726401795,0.028127736970054107,0.1041988674901325,0.06879867802074074,2.146516379699357e-15,17.432896489599834,8
0.5,9,144,1,1,1008,broad_xyz,21.99112410904393,False,0.8233240785362259,0.8859839334743166,0.9601442336643045,-0.9301319954652598,-0.8589679958141825,-0.0317894228654199,0.10554268062388283,0.07268292535823438,2.146516379699357e-15,17.432896489599834,8
0.55,9,144,1,1,1008,broad_xyz,21.99112410904393,False,0.7308951936408022,0.8380889083763831,0.9362060024440705,-0.9076825762520658,-0.7950876474417522,-0.1266491061502374,0.10767652555961363,0.07811136037966339,2.146516379699357e-15,17.432896489599834,8
0.6,9,144,1,1,1008,broad_xyz,21.99112410904393,False,0.5780848629156592,0.7147684557941393,0.9030712085124669,-0.8552971320068746,-0.7686092553804801,-0.3411793813399511,0.10928892373786907,0.08204096868248814,2.146516379699357e-15,17.432896489599834,8
0.6499999999999999,9,144,1,1,1008,broad_xyz,21.99112410904393,False,0.5662175014381509,0.6915777608887634,0.9148422588845021,-0.8697810564243976,-0.8881398158682011,-0.5145137125385795,0.10748167762379479,0.08093014780533557,2.146516379699357e-15,17.432896489599834,8
0.7,9,144,1,1,1008,broad_xyz,21.99112410904393,False,0.6193981899197463,0.7255699470701439,0.935660351611319,-0.8844589813289063,-0.9216904320555721,-0.5443094784464564,0.10611272939624365,0.0793989098449095,2.146516379699357e-15,17.432896489599834,8
0.725,9,144,1,1,1008,broad_xyz,21.99112410904393,False,0.6208303378861957,0.7171966309935736,0.929579327509441,-0.8682369710826063,-0.9229906232067688,-0.5441378011105795,0.10602585492194165,0.07863090739442823,2.146516379699357e-15,17.432896489599834,8
0.75,9,144,1,1,1008,broad_xyz,21.99112410904393,False,0.6305168258618945,0.7177257129039009,0.925528464190863,-0.845792896932868,-0.9257768748240371,-0.5399117607025148,0.10347488926332869,0.07765896137111034,2.146516379699357e-15,17.432896489599834,8
0.775,9,144,1,1,1008,broad_xyz,21.99112410904393,False,0.6655770302965591,0.74608143776416,0.9334295687224724,-0.8209570136583441,-0.9332931761154045,-0.5405631266317704,0.09990536084314348,0.07636797588469009,2.146516379699357e-15,17.432896489599834,8
0.8,9,144,1,1,1008,broad_xyz,21.99112410904393,False,0.7168090767671649,0.7899269734435129,0.9439184526746716,-0.7731580469143836,-0.939627908074135,-0.5392528708999718,0.0961308922985786,0.07469743555783753,2.146516379699357e-15,17.432896489599834,8
0.825,9,144,1,1,1008,broad_xyz,21.99112410904393,False,0.761730866268545,0.830001805599628,0.9457079435742985,-0.6624532470465851,-0.9369027204169669,-0.5295813876592438,0.09849225827660164,0.07277059355242416,2.146516379699357e-15,17.432896489599834,8
0.85,9,144,1,1,1008,broad_xyz,21.99112410904393,False,0.7873708014937751,0.8590355938979423,0.943030992374558,-0.4908926668252914,-0.930713803681836,-0.5083505224045444,0.10038975836774332,0.07054891614289,2.146516379699357e-15,17.432896489599834,8
0.875,9,144,1,1,1008,broad_xyz,21.99112410904393,False,0.8022181863666276,0.8774102108174917,0.9438849341812736,-0.3677761082199701,-0.9194553385024021,-0.48880382690579244,0.1006949576267113,0.06838639935988265,2.146516379699357e-15,17.432896489599834,8
0.9,9,144,1,1,1008,broad_xyz,21.99112410904393,False,0.8197758071967135,0.8874592701031639,0.9474477269350892,-0.32684621304011846,-0.862238775971073,-0.4821322004064189,0.09744121837610265,0.06716869021581481,2.146516379699357e-15,17.432896489599834,8
0.95,9,144,1,1,1008,broad_xyz,21.99112410904393,False,0.8511588043865224,0.8846140023814004,0.9558352044418692,-0.41085588095420533,-0.9103948118957008,-0.5082316113451103,0.09191625656977884,0.06841544751254615,2.146516379699357e-15,17.432896489599834,8
1.0,9,144,1,1,1008,broad_xyz,21.99112410904393,False,0.7649296048238902,0.815292956559374,0.9317287011331029,-0.7264620414908503,-0.9000475021374713,-0.5410686860404866,0.09172703625197097,0.07155613606675756,2.146516379699357e-15,17.432896489599834,8
0.05,9,144,1,1,1009,broad_xyz,21.99112410904393,False,0.2094246936634215,0.49956668793341036,-0.6465684928679415,-0.7903976553558548,-0.6522715736453363,0.7057159308426031,0.001878022053714792,0.0004903243611537739,2.146516379699357e-15,17.432896489599834,9
0.075,9,144,1,1,1009,broad_xyz,21.99112410904393,False,0.2556721627865782,0.48641082975935096,-0.5906286523931302,-0.8031812631117656,-0.737174662862921,0.7188313827039176,0.0048055241618196656,0.0013906126028644915,2.146516379699357e-15,17.432896489599834,9
0.1,9,144,1,1,1009,broad_xyz,21.99112410904393,False,0.29118172993804375,0.4812791300331927,-0.5147482996228556,-0.8275177467889079,-0.8148903019482154,0.7062346339017027,0.00971336743830101,0.003005199427645965,2.146516379699357e-15,17.432896489599834,9
0.125,9,144,1,1,1009,broad_xyz,21.99112410904393,False,0.35109923766910756,0.5109470878657159,-0.4060400095703635,-0.8621303062406414,-0.837969782882034,0.6569153880564359,0.017993995825728033,0.0055644689820266695,2.146516379699357e-15,17.432896489599834,9
0.15,9,144,1,1,1009,broad_xyz,21.99112410904393,False,0.44678796822011074,0.5726113484172884,-0.25204164664389234,-0.8853134623011439,-0.8141501080919707,0.5766262347386375,0.02890072204512752,0.009462762447576,2.146516379699357e-15,17.432896489599834,9
0.1625,9,144,1,1,1009,broad_xyz,21.99112410904393,False,0.5067820585775217,0.6141017480673604,-0.15421366105796894,-0.8888236955511251,-0.7845466684613535,0.5255098667676291,0.034822246299227526,0.01207945247445871,2.146516379699357e-15,17.432896489599834,9
0.175,9,144,1,1,1009,broad_xyz,21.99112410904393,False,0.5719539383458017,0.6651833418447157,-0.038756763473219824,-0.8881611497370133,-0.7391682554101912,0.4666441302320654,0.04080977577253949,0.015296443389401369,2.146516379699357e-15,17.432896489599834,9
0.1875,9,144,1,1,1009,broad_xyz,21.99112410904393,False,0.6324393913499936,0.7181172530969873,0.08673502195558248,-0.8837989602038958,-0.6710248997661996,0.40421169873816626,0.04678844772180111,0.019067675692723062,2.146516379699357e-15,17.432896489599834,9
0.2,9,144,1,1,1009,broad_xyz,21.99112410904393,False,0.6856739888550089,0.7687837208471603,0.21440086163077537,-0.8794723025707504,-0.5770198061924267,0.3446406252264343,0.05257464250762448,0.023330644016704177,2.146516379699357e-15,17.432896489599834,9
0.2125,9,144,1,1,1009,broad_xyz,21.99112410904393,False,0.7289302147542439,0.812258198811557,0.3352400380328796,-0.8797014817596623,-0.46973162149470965,0.29453676062627926,0.058330514555682576,0.027902257451321872,2.146516379699357e-15,17.432896489599834,9
0.225,9,144,1,1,1009,broad_xyz,21.99112410904393,False,0.7628038213331203,0.848138528550485,0.4454961635925144,-0.8869352531112132,-0.37295939249437615,0.2560604681582954,0.06431295559835207,0.03267570355077046,2.146516379699357e-15,17.432896489599834,9
0.2375,9,144,1,1,1009,broad_xyz,21.99112410904393,False,0.7871321022305761,0.8759541248160307,0.5428437188427744,-0.9003940961099934,-0.2875021625730735,0.2300703442033664,0.07074088312999859,0.03754260295675314,2.146516379699357e-15,17.432896489599834,9
0.25,9,144,1,1,1009,broad_xyz,21.99112410904393,False,0.8050843682879157,0.8980865278985298,0.6290708845416544,-0.9172975392763535,-0.22189347221764266,0.21342775206718959,0.07686896398975931,0.04255199253165355,2.146516379699357e-15,17.432896489599834,9
0.27,9,144,1,1,1009,broad_xyz,21.99112410904393,False,0.8257535117342168,0.9246321327228093,0.7470716170849271,-0.9439339896874901,-0.1718174648600866,0.19436513489240456,0.08470059052157039,0.0511613456848495,2.146516379699357e-15,17.432896489599834,9
0.29,9,144,1,1,1009,broad_xyz,21.99112410904393,False,0.8410234188432439,0.9409926168552486,0.8437504544418095,-0.9507906122379516,-0.20711288209945491,0.15559968397832807,0.09092498046425634,0.06051322259923274,2.146516379699357e-15,17.432896489599834,9
0.31,9,144,1,1,1009,broad_xyz,21.99112410904393,False,0.8445074636927307,0.9453846536621894,0.9027348576031805,-0.9436988090368765,-0.2975115787188332,0.11208406827179856,0.09567709355019419,0.06817683365708344,2.146516379699357e-15,17.432896489599834,9
0.33,9,144,1,1,1009,broad_xyz,21.99112410904393,False,0.833966838441622,0.9407726117954492,0.9187084763030382,-0.9477872118002885,-0.39289134643033147,0.10054646742476261,0.10080459012991264,0.07165740103156294,2.146516379699357e-15,17.432896489599834,9
0.35,9,144,1,1,1009,broad_xyz,21.99112410904393,False,0.8256508990374832,0.9399162530581917,0.9279971708202707,-0.9566640297548052,-0.494316982770697,0.11054247724372139,0.10435639303683085,0.07262664575372257,2.146516379699357e-15,17.432896489599834,9
0.37,9,144,1,1,1009,broad_xyz,21.99112410904393,False,0.8157485582461499,0.9353637283460743,0.9321345983019593,-0.9574634611340961,-0.5846369446661039,0.1348475765598718,0.10402381935951197,0.0723313085991191,2.146516379699357e-15,17.432896489599834,9
0.39,9,144,1,1,1009,broad_xyz,21.99112410904393,False,0.8043563181776646,0.9274559246186154,0.9356799177132092,-0.9512613705088248,-0.6623736983566124,0.15419924795313905,0.10495371207055358,0.07168958540964983,2.146516379699357e-15,17.432896489599834,9
0.41000000000000003,9,144,1,1,1009,broad_xyz,21.99112410904393,False,0.788114266117723,0.9163018807635058,0.9369477810970915,-0.94306450412552,-0.7441978348425674,0.16181169137120274,0.10957946960982919,0.07120694825613222,2.146516379699357e-15,17.432896489599834,9
0.43,9,144,1,1,1009,broad_xyz,21.99112410904393,False,0.7686487210616809,0.9035183232835998,0.9353759865767901,-0.9347574902598308,-0.8159057117468405,0.1544685457449286,0.11344531043851666,0.07099393501077506,2.146516379699357e-15,17.432896489599834,9
0.45,9,144,1,1,1009,broad_xyz,21.99112410904393,False,0.7490165027008708,0.8900579964690778,0.9316067071676837,-0.9281984350092307,-0.8418034431953944,0.13130487757030654,0.11604606001832045,0.07090064256821361,2.146516379699357e-15,17.432896489599834,9
0.5,9,144,1,1,1009,broad_xyz,21.99112410904393,False,0.729697389705288,0.8762417821562969,0.9316532674729497,-0.9401988287436623,-0.7744159178585354,-0.0021426734697138584,0.11460642446750281,0.07116853316355995,2.146516379699357e-15,17.432896489599834,9
0.55,9,144,1,1,1009,broad_xyz,21.99112410904393,False,0.7048285190398291,0.8677291459568185,0.9375170657625056,-0.9527195356587751,-0.7588149485071168,-0.20092784179638415,0.11174797131330129,0.0767900762114232,2.146516379699357e-15,17.432896489599834,9
0.6,9,144,1,1,1009,broad_xyz,21.99112410904393,False,0.57608476567008,0.7125391183979369,0.8883812232805819,-0.8828409472844833,-0.7206051227569249,-0.3612638282661229,0.10878236682133634,0.08457529522359046,2.146516379699357e-15,17.432896489599834,9
0.6499999999999999,9,144,1,1,1009,broad_xyz,21.99112410904393,False,0.5685309230412452,0.6851103104603514,0.8674351114125626,-0.8930231937289574,-0.8587805727576021,-0.3531255936006216,0.1121051689847964,0.08285155826264336,2.146516379699357e-15,17.432896489599834,9
0.7,9,144,1,1,1009,broad_xyz,21.99112410904393,False,0.6417352361679363,0.7518884769496359,0.8982354174437653,-0.9148906716071732,-0.9316115555411819,-0.34623297465048597,0.10783808851123844,0.08019758987768026,2.146516379699357e-15,17.432896489599834,9
0.725,9,144,1,1,1009,broad_xyz,21.99112410904393,False,0.6628185782308236,0.7688958670446862,0.9118534128295828,-0.9129452034137611,-0.9435097663807346,-0.35671286233362093,0.10682696885780962,0.07962585990514559,2.146516379699357e-15,17.432896489599834,9
0.75,9,144,1,1,1009,broad_xyz,21.99112410904393,False,0.6743669927282971,0.7865404359314467,0.9262150394861693,-0.9048066623454267,-0.9537673448692783,-0.37418029579134715,0.10480674077027384,0.07915791225797118,2.146516379699357e-15,17.432896489599834,9
0.775,9,144,1,1,1009,broad_xyz,21.99112410904393,False,0.6897706354850568,0.8085531037355029,0.9395754945700175,-0.8881794545555375,-0.9584189231643028,-0.39585430423015144,0.10297498793766893,0.0784758901620182,2.146516379699357e-15,17.432896489599834,9
0.8,9,144,1,1,1009,broad_xyz,21.99112410904393,False,0.7136164510998745,0.8335791328630003,0.9513190028650109,-0.8517962883791643,-0.9590863098862844,-0.4208491733120525,0.10124706500003573,0.0773322045896346,2.146516379699357e-15,17.432896489599834,9
0.825,9,144,1,1,1009,broad_xyz,21.99112410904393,False,0.7338159730744594,0.8572181602280005,0.9576780291099364,-0.7527489227581255,-0.9529336418158951,-0.4517558902315135,0.09949610611438982,0.07586817341383707,2.146516379699357e-15,17.432896489599834,9
0.85,9,144,1,1,1009,broad_xyz,21.99112410904393,False,0.7436083910508374,0.8773092479032321,0.9557986637209668,-0.5434419222786459,-0.9413290181392759,-0.47890638703232197,0.09906859590550272,0.07433271582872648,2.146516379699357e-15,17.432896489599834,9
0.875,9,144,1,1,1009,broad_xyz,21.99112410904393,False,0.7448532233316495,0.8920301854212941,0.9526609190132569,-0.3578271156162628,-0.9256664486383074,-0.47362059488687497,0.09984285896137639,0.07272443621228147,2.146516379699357e-15,17.432896489599834,9
0.9,9,144,1,1,1009,broad_xyz,21.99112410904393,False,0.7448368256263165,0.8995637586612358,0.9501059886517399,-0.31721596652106476,-0.8671260730869893,-0.4568286520034318,0.09791418689085839,0.07164177277117918,2.146516379699357e-15,17.432896489599834,9
0.95,9,144,1,1,1009,broad_xyz,21.99112410904393,False,0.7532398605285893,0.886820640876292,0.9419953248188961,-0.5129683055122297,-0.9037258175643925,-0.46689243376415307,0.09977583187049041,0.07205574081898643,2.146516379699357e-15,17.432896489599834,9
1.0,9,144,1,1,1009,broad_xyz,21.99112410904393,False,0.7189954531897436,0.8359980754463958,0.9418591725143223,-0.8169465758194708,-0.9234373197953774,-0.43220742194752354,0.09846086023370308,0.07279705628834233,2.146516379699357e-15,17.432896489599834,9
0.05,9,144,1,1,1010,broad_xyz,21.99112410904393,False,0.03552428843517008,0.3269713623819202,-0.417729825375931,-0.45611470928796727,-0.38925177865337407,0.02875352701547821,0.0008308669169204166,0.00012566624454905608,2.146516379699357e-15,17.432896489599834,10
0.075,9,144,1,1,1010,broad_xyz,21.99112410904393,False,0.12685835275513843,0.31891523108205083,-0.35703295221977605,-0.4282760151431655,-0.3579747192440429,0.16634337479559635,0.002454147031583236,0.00034142151703734746,2.146516379699357e-15,17.432896489599834,10
0.1,9,144,1,1,1010,broad_xyz,21.99112410904393,False,0.15987219151201754,0.3265927439438428,-0.3121611037926575,-0.44436874673650867,-0.40390277225577903,0.33671676512039894,0.004371475357559347,0.0007392122597064343,2.146516379699357e-15,17.432896489599834,10
0.125,9,144,1,1,1010,broad_xyz,21.99112410904393,False,0.2235258918593275,0.3997752381567808,-0.23310653820688937,-0.48261878274052533,-0.49643310804638996,0.5478286630249309,0.008083426601355853,0.0015944674823946275,2.146516379699357e-15,17.432896489599834,10
0.15,9,144,1,1,1010,broad_xyz,21.99112410904393,False,0.32619247007555413,0.4943625425501165,-0.09732899742938357,-0.503027696835903,-0.5775807416291809,0.6784971762029198,0.016849535167652745,0.003685636811530477,2.146516379699357e-15,17.432896489599834,10
0.1625,9,144,1,1,1010,broad_xyz,21.99112410904393,False,0.38781677878565207,0.5392020583733402,-0.032297536963340215,-0.5233227536452346,-0.5848999665590615,0.7006445852973318,0.022954643023945207,0.005423076122870116,2.146516379699357e-15,17.432896489599834,10
0.175,9,144,1,1,1010,broad_xyz,21.99112410904393,False,0.45154165314958583,0.5829894805367348,0.02466989757976921,-0.5525525882900643,-0.5560358043208945,0.7039409206005747,0.02918006808268152,0.007655148453687753,2.146516379699357e-15,17.432896489599834,10
0.1875,9,144,1,1,1010,broad_xyz,21.99112410904393,False,0.5097937475797184,0.6244165170908756,0.07676212222402007,-0.5844572949096469,-0.5058709852920075,0.6926183312530769,0.0376945774506126,0.010378762841241403,2.146516379699357e-15,17.432896489599834,10
0.2,9,144,1,1,1010,broad_xyz,21.99112410904393,False,0.5617602479379454,0.6620397105282435,0.12019006618989163,-0.6189349134835249,-0.43850094301195297,0.6754424402119314,0.04473347745838678,0.013408500544541405,2.146516379699357e-15,17.432896489599834,10
0.2125,9,144,1,1,1010,broad_xyz,21.99112410904393,False,0.6060084975036993,0.696026175011726,0.15662857797678295,-0.6519646235926181,-0.3732336942756824,0.6508739473260899,0.050434173813203434,0.016673739666078585,2.146516379699357e-15,17.432896489599834,10
0.225,9,144,1,1,1010,broad_xyz,21.99112410904393,False,0.6417635246932334,0.7275361128025795,0.1907218295907295,-0.680807182810642,-0.31124466940682466,0.6197912004483818,0.055352647031508294,0.020046962296531523,2.146516379699357e-15,17.432896489599834,10
0.2375,9,144,1,1,1010,broad_xyz,21.99112410904393,False,0.6716209388506552,0.7569714623719916,0.22560781888912707,-0.7061130373144588,-0.2530225755776955,0.5835418508207945,0.05869849174311243,0.023453886860908338,2.146516379699357e-15,17.432896489599834,10
0.25,9,144,1,1,1010,broad_xyz,21.99112410904393,False,0.6917770766194329,0.7810259949860012,0.2615210799996774,-0.7283070015486421,-0.20721338312578783,0.5399281499389854,0.0609132546500807,0.02685776814670212,2.146516379699357e-15,17.432896489599834,10
0.27,9,144,1,1,1010,broad_xyz,21.99112410904393,False,0.7029735866104329,0.801232561921468,0.3246119683084999,-0.7600798077751985,-0.17504503709250557,0.4638158414970861,0.06251027724950013,0.03249119826783286,2.146516379699357e-15,17.432896489599834,10
0.29,9,144,1,1,1010,broad_xyz,21.99112410904393,False,0.6822216572901492,0.7895495360142467,0.4056674644518909,-0.7619751754426908,-0.2291136061674912,0.4089216383297331,0.06817243283680477,0.038694809414399234,2.146516379699357e-15,17.432896489599834,10
0.31,9,144,1,1,1010,broad_xyz,21.99112410904393,False,0.6558997686413631,0.7689900826745492,0.4734468311997915,-0.7285507348012679,-0.28018962818094223,0.377900896618258,0.07566913459752218,0.04362638170520419,2.146516379699357e-15,17.432896489599834,10
0.33,9,144,1,1,1010,broad_xyz,21.99112410904393,False,0.7098655710304173,0.8306898707782003,0.512355851945191,-0.773986500559293,-0.24079560780688705,0.3251695894598865,0.07956836964131088,0.04509655883739542,2.146516379699357e-15,17.432896489599834,10
0.35,9,144,1,1,1010,broad_xyz,21.99112410904393,False,0.7628448786807231,0.8893242356800226,0.5508459378118082,-0.8135968536134122,-0.25783160381392023,0.2522417125132581,0.08077053239831268,0.04471844839496098,2.146516379699357e-15,17.432896489599834,10
0.37,9,144,1,1,1010,broad_xyz,21.99112410904393,False,0.772323158161705,0.9056409944182106,0.5850252586105876,-0.8398582028941529,-0.33372311385247366,0.1999041271130636,0.08245380194144576,0.0441455055705514,2.146516379699357e-15,17.432896489599834,10
0.39,9,144,1,1,1010,broad_xyz,21.99112410904393,False,0.7583921444320386,0.8998286059752695,0.6266544818995757,-0.8472813160375195,-0.4247701012711662,0.17112725614425428,0.08453292982246506,0.04383536144857018,2.146516379699357e-15,17.432896489599834,10
0.41000000000000003,9,144,1,1,1010,broad_xyz,21.99112410904393,False,0.7427591404698178,0.89019938902908,0.6742124255614027,-0.8365205120998249,-0.511548057018162,0.14887305315870944,0.08539750560105383,0.04377863709025492,2.146516379699357e-15,17.432896489599834,10
0.43,9,144,1,1,1010,broad_xyz,21.99112410904393,False,0.7298990749552161,0.8811152922809989,0.716314286930253,-0.8203589088539157,-0.5984297620585713,0.12756458853936264,0.08295163903703237,0.043880539266283866,2.146516379699357e-15,17.432896489599834,10
0.45,9,144,1,1,1010,broad_xyz,21.99112410904393,False,0.7172553250765766,0.869940994715811,0.7425414719965546,-0.8112696421528173,-0.6684091853529835,0.10825979260005507,0.07912755328108953,0.044090910245718436,2.146516379699357e-15,17.432896489599834,10
0.5,9,144,1,1,1010,broad_xyz,21.99112410904393,False,0.663809943475521,0.8194234690975095,0.7149759078442297,-0.8565834533772759,-0.6498447476289305,0.1054487600184826,0.07886541056611285,0.045812713297658826,2.146516379699357e-15,17.432896489599834,10
0.55,9,144,1,1,1010,broad_xyz,21.99112410904393,False,0.569075120065964,0.7536275628141522,0.5980073761362097,-0.8670786966649618,-0.5896068381690301,0.11390092610791987,0.07957663360666659,0.05028739555607017,2.146516379699357e-15,17.432896489599834,10
0.6,9,144,1,1,1010,broad_xyz,21.99112410904393,False,0.4407923450306114,0.6742923018242825,0.5101531340073517,-0.8444393714389388,-0.5968295270301476,0.08341103802221138,0.07973025906996235,0.054063733037427265,2.146516379699357e-15,17.432896489599834,10
0.6499999999999999,9,144,1,1,1010,broad_xyz,21.99112410904393,False,0.5439295938088462,0.7444840187781617,0.5340585169109443,-0.8639643104315098,-0.7269362267527423,-0.13508078533177795,0.08249034633970176,0.05392314073738242,2.146516379699357e-15,17.432896489599834,10
0.7,9,144,1,1,1010,broad_xyz,21.99112410904393,False,0.6040572375867322,0.7700726427134531,0.6242965472034715,-0.8560649308358472,-0.8338532294917635,-0.2702550902537355,0.08089858247645113,0.05399362593356321,2.146516379699357e-15,17.432896489599834,10
0.725,9,144,1,1,1010,broad_xyz,21.99112410904393,False,0.6085355694420733,0.7608409996303435,0.6752793239274493,-0.8479603722427476,-0.8552318680522438,-0.31782884299046504,0.08414643640781505,0.05427707413264969,2.146516379699357e-15,17.432896489599834,10
0.75,9,144,1,1,1010,broad_xyz,21.99112410904393,False,0.6097574045774791,0.7557826020965743,0.7242300269417461,-0.8347014876513995,-0.8579564655816603,-0.36284053152896684,0.08554723116687948,0.0542545152354185,2.146516379699357e-15,17.432896489599834,10
0.775,9,144,1,1,1010,broad_xyz,21.99112410904393,False,0.6148349999225998,0.7633509184047836,0.7686584367754198,-0.8188166379014136,-0.8513998367036087,-0.3989100192905373,0.08545340790752277,0.0540926463920275,2.146516379699357e-15,17.432896489599834,10
0.8,9,144,1,1,1010,broad_xyz,21.99112410904393,False,0.6192680239334727,0.777200995706567,0.8017769153455546,-0.7965916717400316,-0.8431925839394484,-0.42390958720487,0.0844257212462978,0.0538482617127898,2.146516379699357e-15,17.432896489599834,10
0.825,9,144,1,1,1010,broad_xyz,21.99112410904393,False,0.6178457382909707,0.7808367416789435,0.8162526237108528,-0.7500431651213781,-0.8296042442893032,-0.4365042357679914,0.08103048283904579,0.05332988489004789,2.146516379699357e-15,17.432896489599834,10
0.85,9,144,1,1,1010,broad_xyz,21.99112410904393,False,0.6141392928947533,0.7711243853429921,0.8120769696494173,-0.6632813588130734,-0.8084068500273137,-0.44058003784146055,0.08379602206496796,0.05253249574966098,2.146516379699357e-15,17.432896489599834,10
0.875,9,144,1,1,1010,broad_xyz,21.99112410904393,False,0.6176956720213208,0.7603712463842003,0.8017171369757549,-0.5638866853502024,-0.7795967849973008,-0.4464054453895608,0.08477652839174718,0.05172476959687706,2.146516379699357e-15,17.432896489599834,10
0.9,9,144,1,1,1010,broad_xyz,21.99112410904393,False,0.6295245236758613,0.7528698654933051,0.7924468012613108,-0.5038495112415414,-0.7304067427968605,-0.4476714219557946,0.08279672753261727,0.05127855787376328,2.146516379699357e-15,17.432896489599834,10
0.95,9,144,1,1,1010,broad_xyz,21.99112410904393,False,0.6638505635939765,0.7462309258253785,0.778957952832668,-0.5443315208357862,-0.7548529866910506,-0.44246377505527396,0.08356949134648842,0.05213500687215734,2.146516379699357e-15,17.432896489599834,10
1.0,9,144,1,1,1010,broad_xyz,21.99112410904393,False,0.6895465909401123,0.7600761285287827,0.7952462999100255,-0.6767651877259764,-0.79181099215726,-0.47274946574746335,0.08483818134828772,0.0550366522912452,2.146516379699357e-15,17.432896489599834,10
0.05,9,144,1,1,1011,broad_xyz,21.99112410904393,False,0.12281484636827397,0.556951067275014,-0.45024637440366033,-0.6450651582235801,-0.4951086198004944,0.251650633919405,0.0019866763520294084,0.0004952122977101503,2.146516379699357e-15,17.432896489599834,11
0.075,9,144,1,1,1011,broad_xyz,21.99112410904393,False,0.33838559386510414,0.6347701249219005,-0.2564443004991029,-0.6139606745169995,-0.47688039990991615,0.35667589800833416,0.004298778830368853,0.0013183963289830332,2.146516379699357e-15,17.432896489599834,11
0.1,9,144,1,1,1011,broad_xyz,21.99112410904393,False,0.48347754426458117,0.6700094110481767,-0.012314098311442069,-0.5707718386594312,-0.6329213875733671,0.4119146615671391,0.009257242235256665,0.0029095170287957027,2.146516379699357e-15,17.432896489599834,11
0.125,9,144,1,1,1011,broad_xyz,21.99112410904393,False,0.5545030928287001,0.6835188049483656,0.1858168628367677,-0.5777736600749814,-0.8212176829753933,0.4395710684997234,0.01771121381436064,0.005736034175253271,2.146516379699357e-15,17.432896489599834,11
0.15,9,144,1,1,1011,broad_xyz,21.99112410904393,False,0.6181816083397172,0.7047688786200818,0.3258371311165384,-0.642743935461748,-0.9009626749691122,0.4648134664991623,0.03013388958078301,0.010399010421290478,2.146516379699357e-15,17.432896489599834,11
0.1625,9,144,1,1,1011,broad_xyz,21.99112410904393,False,0.6508133668364616,0.721149384276148,0.3775781350826026,-0.68745775973297,-0.9010884539896094,0.4861732088230189,0.03818303851740696,0.013616240281952876,2.146516379699357e-15,17.432896489599834,11
0.175,9,144,1,1,1011,broad_xyz,21.99112410904393,False,0.6848023854815977,0.7420525322507162,0.42261105014613776,-0.7328545396435289,-0.8858924513860604,0.5116123994238514,0.046863182609675605,0.017423932204535038,2.146516379699357e-15,17.432896489599834,11
0.1875,9,144,1,1,1011,broad_xyz,21.99112410904393,False,0.7165657324036893,0.7653430924026094,0.4633892160690565,-0.7740012579715193,-0.8561666076770544,0.5395691032289793,0.05550071584590082,0.02174345591239223,2.146516379699357e-15,17.432896489599834,11
0.2,9,144,1,1,1011,broad_xyz,21.99112410904393,False,0.7435101517561334,0.7878502071842146,0.5007241563368278,-0.808375535758553,-0.808204098238438,0.570015048262643,0.06337602265489532,0.026357601243674034,2.146516379699357e-15,17.432896489599834,11
0.2125,9,144,1,1,1011,broad_xyz,21.99112410904393,False,0.7653726500548589,0.8087017261623601,0.5378707161188524,-0.8349834308288223,-0.7456977837570684,0.6010258502775251,0.07027080361153973,0.031080306958475617,2.146516379699357e-15,17.432896489599834,11
0.225,9,144,1,1,1011,broad_xyz,21.99112410904393,False,0.7809886507187926,0.8266040583241665,0.5746367158530914,-0.8551754296852646,-0.6774338281544182,0.6313038259956588,0.07681890052060616,0.03570399557757383,2.146516379699357e-15,17.432896489599834,11
0.2375,9,144,1,1,1011,broad_xyz,21.99112410904393,False,0.79001433431318,0.8403652699531989,0.6111335859606971,-0.8704269713340116,-0.6129434264719542,0.6591898956171682,0.08217627498791193,0.04010921232566795,2.146516379699357e-15,17.432896489599834,11
0.25,9,144,1,1,1011,broad_xyz,21.99112410904393,False,0.7930707869505912,0.8513059586975862,0.6481259350670071,-0.8824347402247947,-0.5631663372912613,0.6816765261518408,0.08644980334155664,0.04434701879989807,2.146516379699357e-15,17.432896489599834,11
0.27,9,144,1,1,1011,broad_xyz,21.99112410904393,False,0.7840505476257185,0.8599931179884497,0.7019447426331656,-0.8952905671130361,-0.5176156150360155,0.6959199736764791,0.09127968769883818,0.05103804218084741,2.146516379699357e-15,17.432896489599834,11
0.29,9,144,1,1,1011,broad_xyz,21.99112410904393,False,0.7563594564445918,0.8527351253014831,0.7440994195171141,-0.8965544162012762,-0.5205960201936586,0.6683177087548992,0.09525479408107919,0.057960011121814786,2.146516379699357e-15,17.432896489599834,11
0.31,9,144,1,1,1011,broad_xyz,21.99112410904393,False,0.7287503040646128,0.8448527782652188,0.7773983382351083,-0.8959712864391585,-0.5351244712048433,0.5900614128160647,0.10048591806042799,0.0635586026496932,2.146516379699357e-15,17.432896489599834,11
0.33,9,144,1,1,1011,broad_xyz,21.99112410904393,False,0.7290023111101259,0.8587869795655377,0.8085835625715563,-0.9082261044104739,-0.5337958545106084,0.4832796801769519,0.10448336123076747,0.06584958924888326,2.146516379699357e-15,17.432896489599834,11
0.35,9,144,1,1,1011,broad_xyz,21.99112410904393,False,0.735511486067635,0.8735391850210269,0.8286444395617308,-0.9230875901722821,-0.5420679343407385,0.38066022360027624,0.10690013477021933,0.06596823839120998,2.146516379699357e-15,17.432896489599834,11
0.37,9,144,1,1,1011,broad_xyz,21.99112410904393,False,0.7355228473683841,0.8812087234214413,0.8437524800932173,-0.9323682384032124,-0.5785191799166375,0.27909862925636275,0.10771961960209674,0.06530421617587397,2.146516379699357e-15,17.432896489599834,11
0.39,9,144,1,1,1011,broad_xyz,21.99112410904393,False,0.7270935160320114,0.8801497477535152,0.8615172301597012,-0.9311476676256769,-0.626489297947045,0.19147471482333714,0.10705521686382435,0.06470700695982387,2.146516379699357e-15,17.432896489599834,11
0.41000000000000003,9,144,1,1,1011,broad_xyz,21.99112410904393,False,0.7124660669485551,0.8731518022307121,0.8819829672694981,-0.9217154899922172,-0.6779800523134609,0.10481719023285706,0.10582692124273721,0.06445526330449952,2.146516379699357e-15,17.432896489599834,11
0.43,9,144,1,1,1011,broad_xyz,21.99112410904393,False,0.6937550585860932,0.8644334859842646,0.898945873487686,-0.9097857222094051,-0.7401261404245463,0.031462871984146094,0.10506185174471176,0.06454387254922084,2.146516379699357e-15,17.432896489599834,11
0.45,9,144,1,1,1011,broad_xyz,21.99112410904393,False,0.6744852868919327,0.8576993233869727,0.9058431289821295,-0.9014809170651713,-0.8036361633443273,-0.01159512794768857,0.10443919310521932,0.06477282878509619,2.146516379699357e-15,17.432896489599834,11
0.5,9,144,1,1,1011,broad_xyz,21.99112410904393,False,0.6304612035800288,0.8411388978795648,0.8766581767814756,-0.9131553850935363,-0.8111988708457791,-0.0523987513404827,0.10397227322738099,0.06577828371356609,2.146516379699357e-15,17.432896489599834,11
0.55,9,144,1,1,1011,broad_xyz,21.99112410904393,False,0.529276537110137,0.7703480522161231,0.8376409121325777,-0.907138341889684,-0.7743277352640178,-0.13347038141813547,0.10213428819956306,0.06944225078386015,2.146516379699357e-15,17.432896489599834,11
0.6,9,144,1,1,1011,broad_xyz,21.99112410904393,False,0.3704844764910124,0.6318771546617223,0.8365459949933759,-0.8620527127449018,-0.7315719280022405,-0.24652078388444906,0.10240369296771965,0.07331918447334157,2.146516379699357e-15,17.432896489599834,11
0.6499999999999999,9,144,1,1,1011,broad_xyz,21.99112410904393,False,0.4230430560326862,0.644127317818737,0.8360498657433811,-0.8777520557740444,-0.8010966789186712,-0.2802234482342677,0.10081392805731518,0.07336922045078079,2.146516379699357e-15,17.432896489599834,11
0.7,9,144,1,1,1011,broad_xyz,21.99112410904393,False,0.5504694936679759,0.7267386602615307,0.8608385554639287,-0.9117104683284709,-0.8942056830158279,-0.30933319560062017,0.09626259525914217,0.07316284324978445,2.146516379699357e-15,17.432896489599834,11
0.725,9,144,1,1,1011,broad_xyz,21.99112410904393,False,0.5971092940343975,0.7559514227701343,0.8889355793608281,-0.9176898760779967,-0.9145339582022268,-0.3399102692985322,0.09756802784971218,0.07354796953440511,2.146516379699357e-15,17.432896489599834,11
0.75,9,144,1,1,1011,broad_xyz,21.99112410904393,False,0.6299199281864633,0.7783512441005932,0.9114964768241831,-0.9156533977995676,-0.9186868667359392,-0.3651551709587637,0.09735039017538351,0.07359231921390876,2.146516379699357e-15,17.432896489599834,11
0.775,9,144,1,1,1011,broad_xyz,21.99112410904393,False,0.6494730607289398,0.7956609650545049,0.92381972200593,-0.9074314593322771,-0.913559770773468,-0.3847763140540442,0.09789944785841374,0.07302587147508555,2.146516379699357e-15,17.432896489599834,11
0.8,9,144,1,1,1011,broad_xyz,21.99112410904393,False,0.6582402490520417,0.8114777358032996,0.92757272551175,-0.891005950592303,-0.9062350034402759,-0.40145804166345334,0.09693640505125092,0.07196102931627145,2.146516379699357e-15,17.432896489599834,11
0.825,9,144,1,1,1011,broad_xyz,21.99112410904393,False,0.6633953948345732,0.8298676975880828,0.9272153098694021,-0.8504258010316667,-0.8996238643541378,-0.42118622781655557,0.0973718243597679,0.07072872861167258,2.146516379699357e-15,17.432896489599834,11
0.85,9,144,1,1,1011,broad_xyz,21.99112410904393,False,0.6712168014139661,0.8500525493081941,0.9240118481706946,-0.7649121333798997,-0.8947317784930175,-0.4403701232905019,0.09807382007842712,0.06944069022737322,2.146516379699357e-15,17.432896489599834,11
0.875,9,144,1,1,1011,broad_xyz,21.99112410904393,False,0.6798925830016401,0.8667537066431036,0.9221677829413666,-0.6524100467064137,-0.8823840941529225,-0.4607797315626434,0.09753493187659042,0.06831649598461624,2.146516379699357e-15,17.432896489599834,11
0.9,9,144,1,1,1011,broad_xyz,21.99112410904393,False,0.6826784391276302,0.8718112526134774,0.9217848723778267,-0.5702979759422735,-0.8264383886020354,-0.4746845862906552,0.09710988826657682,0.06771584272348398,2.146516379699357e-15,17.432896489599834,11
0.95,9,144,1,1,1011,broad_xyz,21.99112410904393,False,0.6737606688257527,0.8437571993816757,0.9218809155516601,-0.5806904791316015,-0.8499677405036826,-0.4823307289206511,0.09363253932408773,0.06842129440834135,2.146516379699357e-15,17.432896489599834,11
1.0,9,144,1,1,1011,broad_xyz,21.99112410904393,False,0.6625936121656432,0.7815401658305816,0.93081217069876,-0.7368641228032822,-0.8600955254088004,-0.4817775336570635,0.09391843885638175,0.0708460971864942,2.146516379699357e-15,17.432896489599834,11
0.05,9,144,1,1,1012,broad_xyz,21.99112410904393,False,0.5545274952598133,0.3888562880017189,-0.11488056731539355,-0.2875388501201264,-0.30313697576647347,-0.0012467202078737464,0.0002987874121152633,3.5828867261014194e-05,2.146516379699357e-15,17.432896489599834,12
0.075,9,144,1,1,1012,broad_xyz,21.99112410904393,False,0.27407759860733394,0.43675465606641906,0.12751886353457179,-0.1892181045878321,-0.17399463493067036,0.2622789873108418,0.0014619718044577043,0.00012116519472979605,2.146516379699357e-15,17.432896489599834,12
0.1,9,144,1,1,1012,broad_xyz,21.99112410904393,False,-0.0725528744009231,0.3447278294107569,0.04555189854444836,-0.2536765421709051,-0.30390813766389196,0.417764306300208,0.006747666570809778,0.0004872588253041993,2.146516379699357e-15,17.432896489599834,12
0.125,9,144,1,1,1012,broad_xyz,21.99112410904393,False,-0.037005643120084926,0.33525063011800743,-0.10625034963415052,-0.4069826751702881,-0.5052610891284818,0.43716725061332945,0.016562055659797778,0.001506927248051701,2.146516379699357e-15,17.432896489599834,12
0.15,9,144,1,1,1012,broad_xyz,21.99112410904393,False,0.1355443003635081,0.367730635777205,-0.2179327252335858,-0.535294552136861,-0.5859864925527505,0.36058967215767956,0.026099565852747197,0.003171260770183773,2.146516379699357e-15,17.432896489599834,12
0.1625,9,144,1,1,1012,broad_xyz,21.99112410904393,False,0.2209176679908147,0.3987693719406916,-0.2581581495700769,-0.5884578810336244,-0.5785095468753036,0.2954945589504718,0.029189422423960533,0.004090377767478637,2.146516379699357e-15,17.432896489599834,12
0.175,9,144,1,1,1012,broad_xyz,21.99112410904393,False,0.29854083750464255,0.4519585628879726,-0.28204744031398304,-0.6380028564079588,-0.5484070647347203,0.22953030761275856,0.030634526886991652,0.005089377569994866,2.146516379699357e-15,17.432896489599834,12
0.1875,9,144,1,1,1012,broad_xyz,21.99112410904393,False,0.3724790399614532,0.5424499410111636,-0.270464720939466,-0.6804026988644647,-0.5172554779262762,0.17231274610262248,0.03000223065002845,0.00632336571726976,2.146516379699357e-15,17.432896489599834,12
0.2,9,144,1,1,1012,broad_xyz,21.99112410904393,False,0.43941743796835847,0.6510686428117359,-0.19489131200962134,-0.6862854117679587,-0.5357947822587001,0.11673201422024729,0.027796986871046293,0.007951993983835337,2.146516379699357e-15,17.432896489599834,12
0.2125,9,144,1,1,1012,broad_xyz,21.99112410904393,False,0.4902255344970802,0.7123427769542031,-0.08101751029700889,-0.6454153779250889,-0.5947655032038637,0.06518030976355772,0.03537682568642793,0.010008609514157064,2.146516379699357e-15,17.432896489599834,12
0.225,9,144,1,1,1012,broad_xyz,21.99112410904393,False,0.5311738767001034,0.721980345322275,0.011902071255369188,-0.6091029250066923,-0.6446126825115055,0.02313968676727729,0.04676002141857389,0.012454281258923613,2.146516379699357e-15,17.432896489599834,12
0.2375,9,144,1,1,1012,broad_xyz,21.99112410904393,False,0.560748150754573,0.716302119560791,0.07151682236065923,-0.6043411583919505,-0.6632643394194073,-0.013200901922939745,0.05447020350155355,0.015119843456389146,2.146516379699357e-15,17.432896489599834,12
0.25,9,144,1,1,1012,broad_xyz,21.99112410904393,False,0.574637083361691,0.7135968474055693,0.11403196032419298,-0.6230936284609536,-0.6627793200190423,-0.049312580798093066,0.058270522716719626,0.017884557798105265,2.146516379699357e-15,17.432896489599834,12
0.27,9,144,1,1,1012,broad_xyz,21.99112410904393,False,0.5633266853883665,0.7244040837637797,0.17483596906558319,-0.6690281782718305,-0.6462114899311134,-0.09071453121597833,0.0614412171904103,0.02231232494144089,2.146516379699357e-15,17.432896489599834,12
0.29,9,144,1,1,1012,broad_xyz,21.99112410904393,False,0.543242545002007,0.7462832399698417,0.2453267364786292,-0.7036007645716709,-0.636808067460694,-0.06324875745053894,0.06865246153482539,0.026399766631345536,2.146516379699357e-15,17.432896489599834,12
0.31,9,144,1,1,1012,broad_xyz,21.99112410904393,False,0.5597739326687765,0.7625618163328151,0.3144999190725807,-0.7233026594384824,-0.6449580230263035,0.022134111789333034,0.07000248441697506,0.02988028254255358,2.146516379699357e-15,17.432896489599834,12
0.33,9,144,1,1,1012,broad_xyz,21.99112410904393,False,0.6101170772753777,0.779290479344575,0.39309759578105535,-0.7332978048702505,-0.6496321989756226,0.10239603034414042,0.07056697197173688,0.03297564739392003,2.146516379699357e-15,17.432896489599834,12
0.35,9,144,1,1,1012,broad_xyz,21.99112410904393,False,0.645577162707086,0.7920389036513338,0.4797210145628058,-0.7377957027069051,-0.645216830695205,0.13034145798185287,0.07367090063674184,0.03594339615211412,2.146516379699357e-15,17.432896489599834,12
0.37,9,144,1,1,1012,broad_xyz,21.99112410904393,False,0.658778257699598,0.7952584439352328,0.5537002463419279,-0.7462187962501476,-0.6363675007514834,0.11378202728424554,0.07907798274344466,0.03843145628972778,2.146516379699357e-15,17.432896489599834,12
0.39,9,144,1,1,1012,broad_xyz,21.99112410904393,False,0.6661945118424504,0.7968973966768808,0.6141681639942281,-0.7577122818636322,-0.6374675398863359,0.08501776031400898,0.08845812522737835,0.04014820358895843,2.146516379699357e-15,17.432896489599834,12
0.41000000000000003,9,144,1,1,1012,broad_xyz,21.99112410904393,False,0.6597098589220887,0.7980436791502421,0.6707263828548286,-0.760414041820726,-0.6504599212116392,0.05976795157298646,0.09271582329152299,0.04127167338440887,2.146516379699357e-15,17.432896489599834,12
0.43,9,144,1,1,1012,broad_xyz,21.99112410904393,False,0.6405270807570981,0.7978431726931925,0.7274271756982069,-0.7535056125872085,-0.6795175866499252,0.044102550055284476,0.09382056004610015,0.042186447355720906,2.146516379699357e-15,17.432896489599834,12
0.45,9,144,1,1,1012,broad_xyz,21.99112410904393,False,0.623009390214693,0.7959281140339325,0.773587169458841,-0.743618826213977,-0.707462645307564,0.021019871628453507,0.09218489346664764,0.043035049525516574,2.146516379699357e-15,17.432896489599834,12
0.5,9,144,1,1,1012,broad_xyz,21.99112410904393,False,0.6241099343785667,0.8056613104258498,0.8070461148639677,-0.7359348572687374,-0.6510697325421776,-0.09514838583481246,0.09392675085191038,0.044089037570310956,2.146516379699357e-15,17.432896489599834,12
0.55,9,144,1,1,1012,broad_xyz,21.99112410904393,False,0.7111307486731184,0.8415984099505471,0.7831302954489755,-0.7449655712062404,-0.6824105500567191,-0.24064880128804772,0.09872810078042649,0.047840941617770735,2.146516379699357e-15,17.432896489599834,12
0.6,9,144,1,1,1012,broad_xyz,21.99112410904393,False,0.5862982698365029,0.7771560009412101,0.6678700880908185,-0.7781283232025971,-0.7533187570142466,-0.3311892838726817,0.09878456299758744,0.05072001443895212,2.146516379699357e-15,17.432896489599834,12
0.6499999999999999,9,144,1,1,1012,broad_xyz,21.99112410904393,False,0.48339321168701144,0.6862353846130834,0.6528998735518943,-0.7422031657666281,-0.732833571408218,-0.3940938071845189,0.09343749574945173,0.0524347318443838,2.146516379699357e-15,17.432896489599834,12
0.7,9,144,1,1,1012,broad_xyz,21.99112410904393,False,0.46668612862810277,0.6421712295923931,0.6763412362081774,-0.731434534863786,-0.7140827151784042,-0.4082519605244836,0.09936878593188192,0.05425142034135956,2.146516379699357e-15,17.432896489599834,12
0.725,9,144,1,1,1012,broad_xyz,21.99112410904393,False,0.459104615856295,0.6340754169950792,0.7050959912104029,-0.725980204457518,-0.7080860185756453,-0.41850835388380964,0.0981402987750167,0.054712947335481904,2.146516379699357e-15,17.432896489599834,12
0.75,9,144,1,1,1012,broad_xyz,21.99112410904393,False,0.4848952360390679,0.6469569065701334,0.7467173364770299,-0.7083918874914396,-0.7155206282626251,-0.43139184732314084,0.09683372600315494,0.05534476328780156,2.146516379699357e-15,17.432896489599834,12
0.775,9,144,1,1,1012,broad_xyz,21.99112410904393,False,0.5229242646041788,0.6752732638242901,0.7858938143854877,-0.6872386494675278,-0.7325505350525507,-0.44612091444688756,0.09741150711219193,0.05578521280354473,2.146516379699357e-15,17.432896489599834,12
0.8,9,144,1,1,1012,broad_xyz,21.99112410904393,False,0.5601128891134807,0.7062354512331543,0.8141837947488567,-0.6639742447589692,-0.7537033089271075,-0.4613436656179366,0.09975908710385493,0.05562523609558735,2.146516379699357e-15,17.432896489599834,12
0.825,9,144,1,1,1012,broad_xyz,21.99112410904393,False,0.6033497242884622,0.7306809816855153,0.8281663767285419,-0.6231639933955474,-0.7672941755133695,-0.47161599573044327,0.09745494432862457,0.055127755400150774,2.146516379699357e-15,17.432896489599834,12
0.85,9,144,1,1,1012,broad_xyz,21.99112410904393,False,0.6302589994569563,0.7476336450946724,0.8353599264751769,-0.5489550649016269,-0.7681480994121024,-0.4836727130816755,0.09453816793446879,0.05477930482111144,2.146516379699357e-15,17.432896489599834,12
0.875,9,144,1,1,1012,broad_xyz,21.99112410904393,False,0.6375037451430567,0.7536048026600776,0.8406424260591445,-0.453535106089396,-0.7521204899681023,-0.5073354187544112,0.09787742802837784,0.054581447285090054,2.146516379699357e-15,17.432896489599834,12
0.9,9,144,1,1,1012,broad_xyz,21.99112410904393,False,0.642497801005516,0.7524640454241835,0.8422377712779632,-0.3890153021260271,-0.7051131731820712,-0.5251591750936089,0.09898535652828652,0.054211590527511365,2.146516379699357e-15,17.432896489599834,12
0.95,9,144,1,1,1012,broad_xyz,21.99112410904393,False,0.6381475239187999,0.7362305637071103,0.8483849099151074,-0.41050151642333754,-0.744639463279397,-0.5199066008323188,0.09651819614162126,0.052927085938606705,2.146516379699357e-15,17.432896489599834,12
1.0,9,144,1,1,1012,broad_xyz,21.99112410904393,False,0.531246228693281,0.6555923290375313,0.8550665988113039,-0.4817794770801651,-0.7067639922557929,-0.5474204540363723,0.09646173194027795,0.053352171560426424,2.146516379699357e-15,17.432896489599834,12
0.05,9,144,1,1,1013,broad_xyz,21.99112410904393,False,0.014701502745465892,0.446931438669638,-0.5592174536790361,-0.649222322297272,-0.47614202749785645,0.5364485359060427,0.0013078528771424225,0.00023110812666578162,2.146516379699357e-15,17.432896489599834,13
0.075,9,144,1,1,1013,broad_xyz,21.99112410904393,False,0.040522291332562195,0.43921825330273123,-0.5480290134030945,-0.6571658655729422,-0.4766054446395891,0.6730618890970862,0.003109915268015789,0.0005200818633864971,2.146516379699357e-15,17.432896489599834,13
0.1,9,144,1,1,1013,broad_xyz,21.99112410904393,False,0.009010048949386262,0.4348708369190292,-0.5039634070288926,-0.6492340391425043,-0.4885799425097869,0.7965947254466191,0.006706289332537841,0.0010801171167145694,2.146516379699357e-15,17.432896489599834,13
0.125,9,144,1,1,1013,broad_xyz,21.99112410904393,False,0.003936379195142091,0.4110531179847356,-0.4515375356871554,-0.6486601196398767,-0.5650999898453652,0.8063078131891874,0.012443293531459843,0.0022530890926960355,2.146516379699357e-15,17.432896489599834,13
0.15,9,144,1,1,1013,broad_xyz,21.99112410904393,False,0.06752563404508743,0.41245352693497234,-0.468499773129713,-0.7074542981124644,-0.5014778513803776,0.8025067680946099,0.020248712077874924,0.004050215827424777,2.146516379699357e-15,17.432896489599834,13
0.1625,9,144,1,1,1013,broad_xyz,21.99112410904393,False,0.12613714603409928,0.4362309884452668,-0.48097472314147777,-0.7437885861206726,-0.4747072921817977,0.7935472038360479,0.024744243605609246,0.005287127779755896,2.146516379699357e-15,17.432896489599834,13
0.175,9,144,1,1,1013,broad_xyz,21.99112410904393,False,0.2081608544088378,0.47970281931556513,-0.4832317376143754,-0.7800916408941828,-0.4661188751411787,0.7677031707489103,0.028903393630027273,0.006885077532171163,2.146516379699357e-15,17.432896489599834,13
0.1875,9,144,1,1,1013,broad_xyz,21.99112410904393,False,0.30883504986359445,0.5420907226059748,-0.4620303560862604,-0.8110217527285692,-0.4665968048643469,0.7211380893055721,0.03231624154318303,0.008945457647397443,2.146516379699357e-15,17.432896489599834,13
0.2,9,144,1,1,1013,broad_xyz,21.99112410904393,False,0.4129410645680964,0.6225933281867809,-0.3978010730151789,-0.8283470501664971,-0.4652131829702827,0.6534261877018837,0.035705206434434984,0.011529724400776896,2.146516379699357e-15,17.432896489599834,13
0.2125,9,144,1,1,1013,broad_xyz,21.99112410904393,False,0.5022618808840507,0.7047756463679123,-0.2889985296872621,-0.8276671606413506,-0.4465267764198398,0.5667939768497892,0.041737173252410574,0.014537098444825139,2.146516379699357e-15,17.432896489599834,13
0.225,9,144,1,1,1013,broad_xyz,21.99112410904393,False,0.5640943778884666,0.7673704072065258,-0.15204371097455763,-0.8131111759812266,-0.4242454493643938,0.4684597340275536,0.04751921721748752,0.01776483681045727,2.146516379699357e-15,17.432896489599834,13
0.2375,9,144,1,1,1013,broad_xyz,21.99112410904393,False,0.6000915723959769,0.8007272208715286,-0.01889551485426908,-0.8000409930857255,-0.4129670448716243,0.3762902108941057,0.051852654391714874,0.020937139996783108,2.146516379699357e-15,17.432896489599834,13
0.25,9,144,1,1,1013,broad_xyz,21.99112410904393,False,0.6162240813435458,0.8112867033278418,0.09939295607818323,-0.7958040144252044,-0.41265034961036196,0.298413956324847,0.05517220704251859,0.023967512642756057,2.146516379699357e-15,17.432896489599834,13
0.27,9,144,1,1,1013,broad_xyz,21.99112410904393,False,0.612948662831884,0.7998186445995698,0.2499757800952,-0.8105093825799291,-0.4221753510976387,0.20728326575509878,0.06349206094520822,0.028701504493269622,2.146516379699357e-15,17.432896489599834,13
0.29,9,144,1,1,1013,broad_xyz,21.99112410904393,False,0.6034071935631954,0.7832600523577603,0.3731329971223465,-0.8302353989342867,-0.45580426020026854,0.14063373585257752,0.07166188278387511,0.033648061023075944,2.146516379699357e-15,17.432896489599834,13
0.31,9,144,1,1,1013,broad_xyz,21.99112410904393,False,0.6092343436869839,0.7865695596522427,0.4730474093431998,-0.8471124372626281,-0.4933430136445194,0.10083988468490697,0.07816940120487519,0.038080205722104514,2.146516379699357e-15,17.432896489599834,13
0.33,9,144,1,1,1013,broad_xyz,21.99112410904393,False,0.6366416457001833,0.8159539330820884,0.5568396775097895,-0.8644198029342606,-0.49617070427428267,0.08532815113474129,0.07878622453988862,0.04109810842732043,2.146516379699357e-15,17.432896489599834,13
0.35,9,144,1,1,1013,broad_xyz,21.99112410904393,False,0.6523362912257289,0.8368719972001888,0.644128552282611,-0.8675906893069063,-0.4981359737543666,0.06860591343255162,0.0801277290117477,0.0430728552574472,2.146516379699357e-15,17.432896489599834,13
0.37,9,144,1,1,1013,broad_xyz,21.99112410904393,False,0.6564435106185429,0.847836370066094,0.7383338138449208,-0.8621882079363389,-0.5113977758838519,0.04626992167892257,0.08871698640526544,0.044297730329244854,2.146516379699357e-15,17.432896489599834,13
0.39,9,144,1,1,1013,broad_xyz,21.99112410904393,False,0.6451748146693541,0.8510128623741071,0.8184876795771914,-0.8541180034310983,-0.5385887065733873,0.02903642405719366,0.09165365901741399,0.044962722079286324,2.146516379699357e-15,17.432896489599834,13
0.41000000000000003,9,144,1,1,1013,broad_xyz,21.99112410904393,False,0.6178350519133455,0.8463705087136356,0.8705439633170224,-0.8469850463157906,-0.5900914125409485,0.020237344270670782,0.09334293515323623,0.04543051767586554,2.146516379699357e-15,17.432896489599834,13
0.43,9,144,1,1,1013,broad_xyz,21.99112410904393,False,0.585914763343776,0.8361089437297189,0.8997818562171054,-0.837570728258491,-0.6630333338886744,0.013796088264728713,0.09893024996939279,0.0461008253774121,2.146516379699357e-15,17.432896489599834,13
0.45,9,144,1,1,1013,broad_xyz,21.99112410904393,False,0.5653637558112574,0.8245741603984842,0.9158190478628551,-0.8278049004656133,-0.6950447599025914,0.002332410629352102,0.1029706560449489,0.04698496969142851,2.146516379699357e-15,17.432896489599834,13
0.5,9,144,1,1,1013,broad_xyz,21.99112410904393,False,0.5610668539136406,0.814021480257765,0.9258819963385083,-0.8491305162153884,-0.6120978648140172,-0.024899774315287122,0.09994757506254884,0.04811539048340607,2.146516379699357e-15,17.432896489599834,13
0.55,9,144,1,1,1013,broad_xyz,21.99112410904393,False,0.5766817258465805,0.8336679737964485,0.8964050540283214,-0.8645806523036107,-0.6343821426980649,-0.07230846837978952,0.10642432383867347,0.05229895621150581,2.146516379699357e-15,17.432896489599834,13
0.6,9,144,1,1,1013,broad_xyz,21.99112410904393,False,0.6125906375406217,0.8083914408066389,0.8805629877288582,-0.8662112191186517,-0.7301252352101925,-0.16227195752766024,0.10235519649149749,0.05838597189456818,2.146516379699357e-15,17.432896489599834,13
0.6499999999999999,9,144,1,1,1013,broad_xyz,21.99112410904393,False,0.59563029785598,0.8103121131595858,0.8721562669121384,-0.8895738490623764,-0.813874862822759,-0.26979314399983284,0.10011739269483313,0.05948568662046134,2.146516379699357e-15,17.432896489599834,13
0.7,9,144,1,1,1013,broad_xyz,21.99112410904393,False,0.668573313936295,0.8283802757369025,0.8976263162449538,-0.8839877997818636,-0.8441878986429754,-0.3565124217968384,0.10458164317468584,0.06027422878141838,2.146516379699357e-15,17.432896489599834,13
0.725,9,144,1,1,1013,broad_xyz,21.99112410904393,False,0.7067791259242655,0.8244210023384139,0.8941596601146807,-0.884134246145064,-0.8505957076208266,-0.3808586089196178,0.10974339447208648,0.060773413989387924,2.146516379699357e-15,17.432896489599834,13
0.75,9,144,1,1,1013,broad_xyz,21.99112410904393,False,0.724896539407662,0.8319947287879518,0.8894849264468112,-0.8731974999485199,-0.8584069342869423,-0.4030054183531616,0.1072451540390058,0.06190275483375659,2.146516379699357e-15,17.432896489599834,13
0.775,9,144,1,1,1013,broad_xyz,21.99112410904393,False,0.7413398838299848,0.8455938128732696,0.8845917985569265,-0.8489353196141738,-0.8589775691250954,-0.41782307697230814,0.10425019563965791,0.0629948917303577,2.146516379699357e-15,17.432896489599834,13
0.8,9,144,1,1,1013,broad_xyz,21.99112410904393,False,0.7569564355971328,0.8572925875194246,0.8830725739869139,-0.8020330118063107,-0.8614608430649396,-0.4311151949511312,0.10412000246042652,0.0633180243472404,2.146516379699357e-15,17.432896489599834,13
0.825,9,144,1,1,1013,broad_xyz,21.99112410904393,False,0.7569321774414371,0.8649467080854925,0.8826132578206423,-0.6771991272599618,-0.8635604667688994,-0.4521052736767696,0.10135036290873257,0.06307525116742127,2.146516379699357e-15,17.432896489599834,13
0.85,9,144,1,1,1013,broad_xyz,21.99112410904393,False,0.7484416475572409,0.8740247345228975,0.886908713665104,-0.44249446187676567,-0.8576021289002324,-0.4658059807767127,0.10122300125620022,0.06257278229691098,2.146516379699357e-15,17.432896489599834,13
0.875,9,144,1,1,1013,broad_xyz,21.99112410904393,False,0.727109238426018,0.8833409620906442,0.9007757002481119,-0.25929662754183275,-0.8534678302808366,-0.44956696203184,0.09695967016371089,0.06153153971510291,2.146516379699357e-15,17.432896489599834,13
0.9,9,144,1,1,1013,broad_xyz,21.99112410904393,False,0.6958475862628826,0.8822897788394573,0.9083419531896983,-0.2291694679867228,-0.8176978256579233,-0.43018208294450055,0.09351449974962114,0.06063142692472604,2.146516379699357e-15,17.432896489599834,13
0.95,9,144,1,1,1013,broad_xyz,21.99112410904393,False,0.6577229965972545,0.8648740718629739,0.9162704655048891,-0.4349023928917776,-0.8396646845178214,-0.4045874557222639,0.0960941574139185,0.06035578514350876,2.146516379699357e-15,17.432896489599834,13
1.0,9,144,1,1,1013,broad_xyz,21.99112410904393,False,0.6623384339962111,0.8430781278930916,0.930090927132122,-0.7927560808011863,-0.8876994776286457,-0.36318648268097,0.09293183564700692,0.05966809437347114,2.146516379699357e-15,17.432896489599834,13
0.05,9,144,1,1,1014,broad_xyz,21.99112410904393,False,0.26397099486513437,0.3303211794061375,-0.49352303799002356,-0.6574847970175173,-0.605881495461775,0.36286125067813435,0.0010713182350490212,0.00018706824981583152,2.146516379699357e-15,17.432896489599834,14
0.075,9,144,1,1,1014,broad_xyz,21.99112410904393,False,0.21894332355757523,0.3169296034787361,-0.41677992727997104,-0.6930817739203367,-0.6502752341458349,0.428967117413946,0.0026517599768781344,0.00045595357334805446,2.146516379699357e-15,17.432896489599834,14
0.1,9,144,1,1,1014,broad_xyz,21.99112410904393,False,0.2676146283703776,0.38690035210600165,-0.1893462777329319,-0.7515568504999492,-0.7112764366330582,0.45404223647015324,0.004677461457050738,0.0009914178858242105,2.146516379699357e-15,17.432896489599834,14
0.125,9,144,1,1,1014,broad_xyz,21.99112410904393,False,0.4110095714857158,0.5355322015819343,0.1543186534824743,-0.7809899866832906,-0.6724657603210238,0.4025120869461986,0.0073585009197206785,0.00217398834319157,2.146516379699357e-15,17.432896489599834,14
0.15,9,144,1,1,1014,broad_xyz,21.99112410904393,False,0.6115549556011013,0.7191646006256811,0.4727357234612451,-0.7738043051425751,-0.5955841703172823,0.30138548937576015,0.013304010919229817,0.004794756616365874,2.146516379699357e-15,17.432896489599834,14
0.1625,9,144,1,1,1014,broad_xyz,21.99112410904393,False,0.6903196556849587,0.7864902963288878,0.5840872461247741,-0.7627388710871146,-0.5598643569566344,0.2613315317236191,0.017905742037994648,0.0069358462862088325,2.146516379699357e-15,17.432896489599834,14
0.175,9,144,1,1,1014,broad_xyz,21.99112410904393,False,0.7470476224912861,0.8310980889273115,0.6595082147275423,-0.7596138160715622,-0.513943757452898,0.23641737616007874,0.023099547044579637,0.009725496034173688,2.146516379699357e-15,17.432896489599834,14
0.1875,9,144,1,1,1014,broad_xyz,21.99112410904393,False,0.7910293418576264,0.8636882782996684,0.7157033721941529,-0.7684659674055735,-0.4571424410753212,0.21845709708816288,0.02921140986135653,0.013187549291309749,2.146516379699357e-15,17.432896489599834,14
0.2,9,144,1,1,1014,broad_xyz,21.99112410904393,False,0.8228459433703105,0.8877316161906389,0.7573535694712372,-0.7891482142954599,-0.3814059791877598,0.2081693412284418,0.035599574061544396,0.017207269864949613,2.146516379699357e-15,17.432896489599834,14
0.2125,9,144,1,1,1014,broad_xyz,21.99112410904393,False,0.8443030531182586,0.9055289923251711,0.7884459295863655,-0.8182042474257917,-0.31089155309426264,0.20701935210064928,0.042460740883146546,0.021612144595224744,2.146516379699357e-15,17.432896489599834,14
0.225,9,144,1,1,1014,broad_xyz,21.99112410904393,False,0.8570426588634341,0.9200732537394911,0.813483823947042,-0.851643208772895,-0.2607992491146749,0.21337429043558534,0.04938695708829103,0.026305794223101458,2.146516379699357e-15,17.432896489599834,14
0.2375,9,144,1,1,1014,broad_xyz,21.99112410904393,False,0.8650223411810949,0.9332067900561339,0.8361614398567943,-0.887804655177754,-0.2314708744356415,0.21885817366048504,0.05605250789449603,0.031390168511146115,2.146516379699357e-15,17.432896489599834,14
0.25,9,144,1,1,1014,broad_xyz,21.99112410904393,False,0.8671842435257675,0.9428716665351368,0.8554237271007874,-0.9223385090195874,-0.20770259255780035,0.21636784659922312,0.06214483687434667,0.036926636398394004,2.146516379699357e-15,17.432896489599834,14
0.27,9,144,1,1,1014,broad_xyz,21.99112410904393,False,0.8488214972535582,0.9381325047900552,0.8717845744634989,-0.9546978737124858,-0.16219583020623193,0.19384552956883194,0.07124893665427037,0.04696178426576195,2.146516379699357e-15,17.432896489599834,14
0.29,9,144,1,1,1014,broad_xyz,21.99112410904393,False,0.7977159931155388,0.8980743267992016,0.8677778873358901,-0.9442812236569696,-0.18230772198958256,0.17905620121385532,0.08026125643176998,0.05753736691036759,2.146516379699357e-15,17.432896489599834,14
0.31,9,144,1,1,1014,broad_xyz,21.99112410904393,False,0.7483171929001515,0.8568580882836789,0.8626972812732203,-0.9175809086537117,-0.25133702379887135,0.2287493217907721,0.09032101420627192,0.06467178677087998,2.146516379699357e-15,17.432896489599834,14
0.33,9,144,1,1,1014,broad_xyz,21.99112410904393,False,0.7494772947488892,0.8632798138357628,0.882948452340063,-0.927529598383304,-0.3242396217038184,0.2732196439388021,0.09784479411631176,0.06684866942190558,2.146516379699357e-15,17.432896489599834,14
0.35,9,144,1,1,1014,broad_xyz,21.99112410904393,False,0.7740708862441845,0.8895744657112256,0.915043721944536,-0.9469630542942415,-0.42358418196914716,0.26129106775347194,0.1004359569223974,0.06692852647554325,2.146516379699357e-15,17.432896489599834,14
0.37,9,144,1,1,1014,broad_xyz,21.99112410904393,False,0.7984808872195244,0.9096418157951363,0.9362029608499107,-0.9550905971590125,-0.5129196127898366,0.20113521579496885,0.10116999845992032,0.06669088398151996,2.146516379699357e-15,17.432896489599834,14
0.39,9,144,1,1,1014,broad_xyz,21.99112410904393,False,0.8142901062089848,0.916932104647966,0.942677848505581,-0.952101635171895,-0.5862401107366966,0.12074281859060194,0.10415394160023461,0.06658852771629514,2.146516379699357e-15,17.432896489599834,14
0.41000000000000003,9,144,1,1,1014,broad_xyz,21.99112410904393,False,0.8207992255657327,0.9161181454466678,0.9400131629690041,-0.9443977664320193,-0.6678935051478463,0.047829511702250305,0.10640235379126925,0.06668052332109775,2.146516379699357e-15,17.432896489599834,14
0.43,9,144,1,1,1014,broad_xyz,21.99112410904393,False,0.8209943497408554,0.9123104137174379,0.9355836290956568,-0.937511180244641,-0.7630617124732445,-0.0027356471049812124,0.10719868708207238,0.066915033205057,2.146516379699357e-15,17.432896489599834,14
0.45,9,144,1,1,1014,broad_xyz,21.99112410904393,False,0.8163784351650161,0.9057986213845481,0.9326553444121837,-0.9334519055221784,-0.8003795810478964,-0.04538028741013258,0.10804320891456014,0.0673026580821342,2.146516379699357e-15,17.432896489599834,14
0.5,9,144,1,1,1014,broad_xyz,21.99112410904393,False,0.7576517890603303,0.8463895332246102,0.9211038139960877,-0.9251828907162257,-0.6232550038044371,-0.1632459343862252,0.11284869942545285,0.07028333327207394,2.146516379699357e-15,17.432896489599834,14
0.55,9,144,1,1,1014,broad_xyz,21.99112410904393,False,0.6087620110416097,0.7271631338836532,0.8847516200683028,-0.8933307625769584,-0.5107793592236555,-0.2474945540527602,0.10888541535178874,0.07542948431456699,2.146516379699357e-15,17.432896489599834,14
0.6,9,144,1,1,1014,broad_xyz,21.99112410904393,False,0.32212263261531426,0.48500628970435056,0.7600323456888061,-0.7690096065897835,-0.3999380377800604,-0.3511718648935893,0.11006379486096865,0.08118328871871582,2.146516379699357e-15,17.432896489599834,14
0.6499999999999999,9,144,1,1,1014,broad_xyz,21.99112410904393,False,0.4348267059386148,0.6066878121942106,0.862399617406971,-0.8528746689732959,-0.7264848886029996,-0.4395368421537508,0.10394945286124149,0.07941655063472826,2.146516379699357e-15,17.432896489599834,14
0.7,9,144,1,1,1014,broad_xyz,21.99112410904393,False,0.5665780270860756,0.7041113918800781,0.9136690791255829,-0.8736533662766043,-0.8512036372214701,-0.48514222536537926,0.10023754392760655,0.07722246540966955,2.146516379699357e-15,17.432896489599834,14
0.725,9,144,1,1,1014,broad_xyz,21.99112410904393,False,0.599173646173825,0.7235705323354038,0.925691307513007,-0.8676625778168273,-0.8774191117704112,-0.5067030763394079,0.09994170005813892,0.07679151573681395,2.146516379699357e-15,17.432896489599834,14
0.75,9,144,1,1,1014,broad_xyz,21.99112410904393,False,0.6146013599531315,0.7371554031266787,0.936281417913322,-0.8610528897522364,-0.898968956541636,-0.5240425853295704,0.10054704847987615,0.07614548808809116,2.146516379699357e-15,17.432896489599834,14
0.775,9,144,1,1,1014,broad_xyz,21.99112410904393,False,0.6229781557540436,0.7545031645215002,0.9441699139786642,-0.8485514522896823,-0.912517845352868,-0.5367242680447678,0.1026707289641776,0.07512067305624398,2.146516379699357e-15,17.432896489599834,14
0.8,9,144,1,1,1014,broad_xyz,21.99112410904393,False,0.6385464932196027,0.7810210205081322,0.9495980240881142,-0.8120733639482696,-0.9196612965228993,-0.5463036008732793,0.1011635251329172,0.07378837608203614,2.146516379699357e-15,17.432896489599834,14
0.825,9,144,1,1,1014,broad_xyz,21.99112410904393,False,0.6684993157471883,0.8131915015378812,0.9534274056975346,-0.7174437147719245,-0.9244607026392133,-0.5461689140455923,0.09552971298981507,0.07217959906400094,2.146516379699357e-15,17.432896489599834,14
0.85,9,144,1,1,1014,broad_xyz,21.99112410904393,False,0.6996067689033213,0.8380379387523863,0.9527821252320415,-0.5714352974637603,-0.9271488044673087,-0.5301797156442137,0.09645521061963265,0.07018788226355918,2.146516379699357e-15,17.432896489599834,14
0.875,9,144,1,1,1014,broad_xyz,21.99112410904393,False,0.7118309531073691,0.84872109931952,0.9451149265902636,-0.47856762980517015,-0.9103691732101302,-0.5212655335236829,0.0979888110510581,0.06814976430572585,2.146516379699357e-15,17.432896489599834,14
0.9,9,144,1,1,1014,broad_xyz,21.99112410904393,False,0.6996201532852655,0.8469835956837652,0.933573589643504,-0.4605207328335882,-0.8573531268582244,-0.5268429899785106,0.09899306017289118,0.06670198533459054,2.146516379699357e-15,17.432896489599834,14
0.95,9,144,1,1,1014,broad_xyz,21.99112410904393,False,0.6443671813583302,0.8138113355441797,0.9100312732407873,-0.5706967128589391,-0.8906669828494667,-0.5590998390922848,0.0988002617883064,0.06629780824670203,2.146516379699357e-15,17.432896489599834,14
1.0,9,144,1,1,1014,broad_xyz,21.99112410904393,False,0.6322174863150711,0.767940279600423,0.905057731367895,-0.7592633466557035,-0.9053957857623259,-0.5799913224402682,0.09515359840103867,0.06918415391539506,2.146516379699357e-15,17.432896489599834,14
0.05,9,144,1,1,1015,broad_xyz,21.99112410904393,False,0.5152698277900806,0.6146071893167848,-0.20315373761619782,-0.7494170005729852,-0.6226585431957777,0.08879025073429223,0.0013228838145920158,0.00029571069385030824,2.146516379699357e-15,17.432896489599834,15
0.075,9,144,1,1,1015,broad_xyz,21.99112410904393,False,0.5399920693736202,0.6322291675874954,-0.10969801657525181,-0.8093769065209865,-0.6863513143273996,0.1354755251531679,0.003907144303648835,0.0009596355349866634,2.146516379699357e-15,17.432896489599834,15
0.1,9,144,1,1,1015,broad_xyz,21.99112410904393,False,0.5862912743529582,0.6549387065201434,0.02882198186909694,-0.8550990620346637,-0.7717783214966322,0.16898062574029823,0.009040483819267973,0.002536288614682662,2.146516379699357e-15,17.432896489599834,15
0.125,9,144,1,1,1015,broad_xyz,21.99112410904393,False,0.6592804629384541,0.7033535018054381,0.20200237085055234,-0.8887093481895966,-0.8345834903545675,0.18287662202729318,0.01775986633576301,0.005785445045427213,2.146516379699357e-15,17.432896489599834,15
0.15,9,144,1,1,1015,broad_xyz,21.99112410904393,False,0.7454880701925178,0.7637877457941734,0.37687877911365886,-0.9051966657139687,-0.8618355926600624,0.20194502887577107,0.029898431876270077,0.011325473372946475,2.146516379699357e-15,17.432896489599834,15
0.1625,9,144,1,1,1015,broad_xyz,21.99112410904393,False,0.7898232085425244,0.7975268111507463,0.4641540013142328,-0.9084833385996074,-0.8655889954930598,0.22467891338232487,0.03686380260470564,0.014995274760857444,2.146516379699357e-15,17.432896489599834,15
0.175,9,144,1,1,1015,broad_xyz,21.99112410904393,False,0.8260770029332055,0.8263101229829742,0.5426237933478406,-0.9090176177645216,-0.8562324070987686,0.2460247784212509,0.04421769676076026,0.01912470225539275,2.146516379699357e-15,17.432896489599834,15
0.1875,9,144,1,1,1015,broad_xyz,21.99112410904393,False,0.8535832714257211,0.8495766356212232,0.6107234153439085,-0.9094582900600412,-0.8381440310977122,0.2638683444030181,0.05140496590573786,0.023542575812094,2.146516379699357e-15,17.432896489599834,15
0.2,9,144,1,1,1015,broad_xyz,21.99112410904393,False,0.8725693161747132,0.8690474030891584,0.669044002685082,-0.9120802090291101,-0.813190750487209,0.2784209887057146,0.058159769786559345,0.028117345191011587,2.146516379699357e-15,17.432896489599834,15
0.2125,9,144,1,1,1015,broad_xyz,21.99112410904393,False,0.8844875522172798,0.8853127830283225,0.719038584785777,-0.9176549229110684,-0.7835509628028603,0.28874513649443023,0.0641759721691813,0.032751455965596664,2.146516379699357e-15,17.432896489599834,15
0.225,9,144,1,1,1015,broad_xyz,21.99112410904393,False,0.8906700555271491,0.8993449654664614,0.7623510874930585,-0.926644699128537,-0.7587985902480683,0.29810503805198696,0.06973910760229216,0.03743304434395514,2.146516379699357e-15,17.432896489599834,15
0.2375,9,144,1,1,1015,broad_xyz,21.99112410904393,False,0.8915402898514168,0.9099426992074857,0.7983629535210239,-0.9387086124191782,-0.7341507634238361,0.30565838368304804,0.07455191003747744,0.04222503172151938,2.146516379699357e-15,17.432896489599834,15
0.25,9,144,1,1,1015,broad_xyz,21.99112410904393,False,0.8868139637224084,0.9159085331134469,0.8272007815807297,-0.9518656487780389,-0.6966767542870974,0.3062671379308348,0.07827377593609637,0.04736581207012877,2.146516379699357e-15,17.432896489599834,15
0.27,9,144,1,1,1015,broad_xyz,21.99112410904393,False,0.8648740336487138,0.9117007810732245,0.8568926305880404,-0.9680839433182543,-0.6026686636374623,0.3004358640119634,0.08381406030504714,0.05667235471343298,2.146516379699357e-15,17.432896489599834,15
0.29,9,144,1,1,1015,broad_xyz,21.99112410904393,False,0.8245025193198507,0.8888870503422812,0.8687924426179829,-0.965651938264543,-0.4830062747711721,0.31037480691828156,0.0897046388957631,0.06637203073081326,2.146516379699357e-15,17.432896489599834,15
0.31,9,144,1,1,1015,broad_xyz,21.99112410904393,False,0.7902729080494609,0.8723082720903149,0.873951855477819,-0.9569294868721306,-0.4222294118070945,0.32230528615341386,0.09428949860107792,0.07292434769249587,2.146516379699357e-15,17.432896489599834,15
0.33,9,144,1,1,1015,broad_xyz,21.99112410904393,False,0.7987455514013861,0.8874455834949324,0.895411967721697,-0.9659444646874586,-0.46122205465980165,0.3101066659882831,0.10033258443966127,0.07471511371381256,2.146516379699357e-15,17.432896489599834,15
0.35,9,144,1,1,1015,broad_xyz,21.99112410904393,False,0.8297470831234159,0.9103273936130993,0.9255891554898088,-0.9760744530661697,-0.5579329797657537,0.2767671392754533,0.10529752985468181,0.074131185009887,2.146516379699357e-15,17.432896489599834,15
0.37,9,144,1,1,1015,broad_xyz,21.99112410904393,False,0.8568375232553368,0.9233607720488799,0.9448342339041951,-0.9772737885369893,-0.651354163909901,0.22899377497454812,0.10829087991572885,0.07308537777799826,2.146516379699357e-15,17.432896489599834,15
0.39,9,144,1,1,1015,broad_xyz,21.99112410904393,False,0.8731214571242174,0.9243577281455987,0.9524489827463081,-0.971615422843091,-0.7234861092305609,0.17633804493247263,0.11103552682941231,0.07255033884209168,2.146516379699357e-15,17.432896489599834,15
0.41000000000000003,9,144,1,1,1015,broad_xyz,21.99112410904393,False,0.8804527561310855,0.9178374603425716,0.9533151683345581,-0.9630819491658199,-0.8019620753548005,0.13281776831735514,0.11159359434980698,0.07242297896889244,2.146516379699357e-15,17.432896489599834,15
0.43,9,144,1,1,1015,broad_xyz,21.99112410904393,False,0.881619870493101,0.9072149331168615,0.9505987333611895,-0.9542350329046599,-0.856275638755847,0.10375329069190753,0.11090356289802093,0.07242028333626051,2.146516379699357e-15,17.432896489599834,15
0.45,9,144,1,1,1015,broad_xyz,21.99112410904393,False,0.8787098747011296,0.8944307186942957,0.946460106840079,-0.9480957385946321,-0.8757576354473146,0.08269697855094556,0.10812636428326283,0.07242357312670579,2.146516379699357e-15,17.432896489599834,15
0.5,9,144,1,1,1015,broad_xyz,21.99112410904393,False,0.8537377040822859,0.8614450835788304,0.9406153311600622,-0.9582383763529665,-0.8396852959945462,0.05721156891604359,0.10764156831077942,0.07317551393597561,2.146516379699357e-15,17.432896489599834,15
0.55,9,144,1,1,1015,broad_xyz,21.99112410904393,False,0.7381766191157153,0.7698789196351757,0.9174814125984165,-0.9593908878306042,-0.7783296142070574,0.052628023737558795,0.10471452163670432,0.07822320911885974,2.146516379699357e-15,17.432896489599834,15
0.6,9,144,1,1,1015,broad_xyz,21.99112410904393,False,0.4588535353480122,0.4685811219965823,0.771603814408702,-0.878156593407831,-0.6000266356460768,-0.08904078422162119,0.10283232787005324,0.08409665850008056,2.146516379699357e-15,17.432896489599834,15
0.6499999999999999,9,144,1,1,1015,broad_xyz,21.99112410904393,False,0.5395165400026554,0.551991817586502,0.8352630601791107,-0.9105646346827042,-0.7949255402205916,-0.4289147633184445,0.10432474878328006,0.08119985726517293,2.146516379699357e-15,17.432896489599834,15
0.7,9,144,1,1,1015,broad_xyz,21.99112410904393,False,0.6458016781468907,0.6511883842329256,0.8840364468570481,-0.9161661160287949,-0.870001810797609,-0.5239968974474419,0.10253023340967707,0.0782331246459404,2.146516379699357e-15,17.432896489599834,15
0.725,9,144,1,1,1015,broad_xyz,21.99112410904393,False,0.6638023400742598,0.66749639655935,0.8937231598264421,-0.9096581652069579,-0.8780641514762159,-0.5408041952011706,0.10202271475852738,0.07773023810302819,2.146516379699357e-15,17.432896489599834,15
0.75,9,144,1,1,1015,broad_xyz,21.99112410904393,False,0.6857921081262536,0.6968931299798075,0.9106901903446324,-0.9046364721840964,-0.8910509173320907,-0.5536919870046499,0.10026613298765803,0.0769736115771141,2.146516379699357e-15,17.432896489599834,15
0.775,9,144,1,1,1015,broad_xyz,21.99112410904393,False,0.7175393678486746,0.7387467864075867,0.9293908283914101,-0.8900689156571739,-0.9065939638537518,-0.5624681480405843,0.10050953200915178,0.07548930929286185,2.146516379699357e-15,17.432896489599834,15
0.8,9,144,1,1,1015,broad_xyz,21.99112410904393,False,0.7545380696322367,0.7835933457712514,0.9439722792335248,-0.8425306845131014,-0.9193030957643016,-0.5636835947577211,0.09904354179755707,0.0733477144914419,2.146516379699357e-15,17.432896489599834,15
0.825,9,144,1,1,1015,broad_xyz,21.99112410904393,False,0.7919207253849497,0.8258502679471691,0.9521474786945967,-0.702326173812311,-0.9247476215672779,-0.5588411582645849,0.09746707002663577,0.07094385613971979,2.146516379699357e-15,17.432896489599834,15
0.85,9,144,1,1,1015,broad_xyz,21.99112410904393,False,0.8246364555963709,0.8606706163962379,0.954536409192407,-0.45983036058457294,-0.9223099021139636,-0.5449704667877758,0.09447264975342216,0.06832366360063606,2.146516379699357e-15,17.432896489599834,15
0.875,9,144,1,1,1015,broad_xyz,21.99112410904393,False,0.8475589144110222,0.8824916851974421,0.9542099835676474,-0.32413848925125577,-0.9105001669534801,-0.5233234399673746,0.09387076433676599,0.0657829682957103,2.146516379699357e-15,17.432896489599834,15
0.9,9,144,1,1,1015,broad_xyz,21.99112410904393,False,0.8584202189519975,0.8905910384131054,0.9532261522917107,-0.32136227279326784,-0.8666145555202915,-0.5065158944539293,0.0917765445502148,0.06433326135511623,2.146516379699357e-15,17.432896489599834,15
0.95,9,144,1,1,1015,broad_xyz,21.99112410904393,False,0.8317982225399498,0.8632273409311111,0.9528915648666485,-0.501998966369227,-0.9159759529641762,-0.4997624361868096,0.09132361360615025,0.06609693347760197,2.146516379699357e-15,17.432896489599834,15
1.0,9,144,1,1,1015,broad_xyz,21.99112410904393,False,0.7381498777590181,0.7594730401250718,0.9349662878047,-0.7962957786788046,-0.9087773502271057,-0.5296921693323853,0.09410559307372221,0.07128671634259669,2.146516379699357e-15,17.432896489599834,15
0.05,9,144,1,1,1016,broad_xyz,21.99112410904393,False,0.2397540148004649,0.5184789775444322,-0.35313548845729537,-0.6215782718958994,-0.6017174229032725,-0.01936367902990295,0.0006492874598862332,0.00010442898999862528,2.146516379699357e-15,17.432896489599834,16
0.075,9,144,1,1,1016,broad_xyz,21.99112410904393,False,0.24558112308718955,0.5591960664925293,-0.37366766417093045,-0.7154508231522622,-0.7093374065440773,-0.10147050097478685,0.002467715412847429,0.0004639571141188068,2.146516379699357e-15,17.432896489599834,16
0.1,9,144,1,1,1016,broad_xyz,21.99112410904393,False,0.29393355688262923,0.579795771103234,-0.35827749567885575,-0.7903418925273622,-0.7822130150177843,-0.12445878479105386,0.006632912861055272,0.0014688609529223066,2.146516379699357e-15,17.432896489599834,16
0.125,9,144,1,1,1016,broad_xyz,21.99112410904393,False,0.37221544094214476,0.5871765977341634,-0.30001431222471153,-0.8355557140512239,-0.8300617967310255,-0.1056479234479255,0.01495135431325333,0.003653209020200423,2.146516379699357e-15,17.432896489599834,16
0.15,9,144,1,1,1016,broad_xyz,21.99112410904393,False,0.4854659426367746,0.6082127486930141,-0.19766423585554443,-0.8727458853093665,-0.8800238453160233,-0.04539629230977525,0.027647829162208704,0.0078070516899922055,2.146516379699357e-15,17.432896489599834,16
0.1625,9,144,1,1,1016,broad_xyz,21.99112410904393,False,0.5600716333958303,0.6417705934710904,-0.1074422834972045,-0.8815203528058292,-0.8732535940453272,0.018174756765493537,0.034560901023172115,0.010843729370591103,2.146516379699357e-15,17.432896489599834,16
0.175,9,144,1,1,1016,broad_xyz,21.99112410904393,False,0.6354748164909974,0.684374395203326,0.004290310012995143,-0.8835572342347388,-0.8367712555619466,0.0990232950889583,0.04137044164144975,0.014480234013454971,2.146516379699357e-15,17.432896489599834,16
0.1875,9,144,1,1,1016,broad_xyz,21.99112410904393,False,0.7020272990199455,0.7274959378864484,0.12563168245341166,-0.8820411478700899,-0.762690557482721,0.18710581957371306,0.04761266785799357,0.018585853567444948,2.146516379699357e-15,17.432896489599834,16
0.2,9,144,1,1,1016,broad_xyz,21.99112410904393,False,0.7535841209035165,0.7654553226167439,0.24672635882162036,-0.8810938000934474,-0.6329345515016868,0.2732252213009439,0.05353780016535505,0.022998344046838082,2.146516379699357e-15,17.432896489599834,16
0.2125,9,144,1,1,1016,broad_xyz,21.99112410904393,False,0.7896278887486115,0.7948110044071021,0.35722211997492703,-0.8845820938875598,-0.44277410372677145,0.35005200689447025,0.05899926796854125,0.02753283790884424,2.146516379699357e-15,17.432896489599834,16
0.225,9,144,1,1,1016,broad_xyz,21.99112410904393,False,0.8129709595024385,0.8165371795375832,0.4563594027681547,-0.8925517790808397,-0.21276685476468077,0.4158065162304373,0.06364360547917783,0.032092078449670804,2.146516379699357e-15,17.432896489599834,16
0.2375,9,144,1,1,1016,broad_xyz,21.99112410904393,False,0.8258832183347796,0.8309294509802777,0.5417854082021734,-0.9050271274522105,0.0007202734351734998,0.46809980741097496,0.0676087658469386,0.03669726510908781,2.146516379699357e-15,17.432896489599834,16
0.25,9,144,1,1,1016,broad_xyz,21.99112410904393,False,0.8303818172950517,0.8381528890293476,0.6133283746471557,-0.9197781173641312,0.16167513109570295,0.5070696759702003,0.07196789452095956,0.0414991135582605,2.146516379699357e-15,17.432896489599834,16
0.27,9,144,1,1,1016,broad_xyz,21.99112410904393,False,0.817114722057752,0.827208668718911,0.6913067321033368,-0.9450648883458352,0.30356150157474554,0.5357456318029806,0.07958721082274364,0.050157113730628235,2.146516379699357e-15,17.432896489599834,16
0.29,9,144,1,1,1016,broad_xyz,21.99112410904393,False,0.7777127176614007,0.7902416803493775,0.732132523984851,-0.9557401389625476,0.3313534960156138,0.5267301800429657,0.08419423540273592,0.059288381209178204,2.146516379699357e-15,17.432896489599834,16
0.31,9,144,1,1,1016,broad_xyz,21.99112410904393,False,0.7542007280336164,0.787657533317089,0.7819892703130125,-0.9566026026200579,0.29310207376994923,0.49137076607141633,0.08871210391572056,0.06569979879860163,2.146516379699357e-15,17.432896489599834,16
0.33,9,144,1,1,1016,broad_xyz,21.99112410904393,False,0.7686521463457876,0.831837030872212,0.8470652807651572,-0.9613394910983083,0.24955593898269213,0.4146258331398339,0.09460802718300866,0.06792807887870693,2.146516379699357e-15,17.432896489599834,16
0.35,9,144,1,1,1016,broad_xyz,21.99112410904393,False,0.7865968187962036,0.8669586394577131,0.8949154276925703,-0.9598435590444452,0.18932327690206507,0.286547372152494,0.09913947872489429,0.06760148252631483,2.146516379699357e-15,17.432896489599834,16
0.37,9,144,1,1,1016,broad_xyz,21.99112410904393,False,0.7957146278246306,0.8798598764669063,0.9166173136382914,-0.9565469841693691,0.08495436028120357,0.11800906919308345,0.10218742326052185,0.06657784827410991,2.146516379699357e-15,17.432896489599834,16
0.39,9,144,1,1,1016,broad_xyz,21.99112410904393,False,0.8015382214981936,0.8806981626891017,0.9251045314365266,-0.9514086763675657,-0.05531308881335359,-0.036782619300756325,0.10244666567100401,0.06555867605146012,2.146516379699357e-15,17.432896489599834,16
0.41000000000000003,9,144,1,1,1016,broad_xyz,21.99112410904393,False,0.8046757274844349,0.8755030535895821,0.9266789503615984,-0.9418425041100824,-0.2438868538467096,-0.12762383560339463,0.09981968636683484,0.06448764991527978,2.146516379699357e-15,17.432896489599834,16
0.43,9,144,1,1,1016,broad_xyz,21.99112410904393,False,0.7992718027889746,0.8659308435327889,0.9231210752736391,-0.9318838374668174,-0.45180067199889046,-0.17266017651363783,0.0987093270147313,0.06359544468700966,2.146516379699357e-15,17.432896489599834,16
0.45,9,144,1,1,1016,broad_xyz,21.99112410904393,False,0.7855503832051645,0.8546957714160053,0.9192714007943225,-0.9262061191268784,-0.5763121052911444,-0.19982749554089357,0.0992064753487866,0.06309497188238608,2.146516379699357e-15,17.432896489599834,16
0.5,9,144,1,1,1016,broad_xyz,21.99112410904393,False,0.7618065867474869,0.8313941639839532,0.9182907329578658,-0.9347498273183612,-0.4926962010874863,-0.22681628157222317,0.10228631480442558,0.06534578338415492,2.146516379699357e-15,17.432896489599834,16
0.55,9,144,1,1,1016,broad_xyz,21.99112410904393,False,0.7264190494655569,0.7630590119705319,0.8670840215257072,-0.9223078465032494,-0.38060143519844997,-0.2935811976474589,0.1054805062077275,0.0727400179616084,2.146516379699357e-15,17.432896489599834,16
0.6,9,144,1,1,1016,broad_xyz,21.99112410904393,False,0.5782877276673912,0.6072242717314453,0.7718534404256969,-0.8856958669730579,-0.3750617273229386,-0.5187357417505222,0.09903815996326919,0.07798030485273733,2.146516379699357e-15,17.432896489599834,16
0.6499999999999999,9,144,1,1,1016,broad_xyz,21.99112410904393,False,0.60018401479319,0.6740623381771073,0.8429770419564436,-0.9156971962778729,-0.6877495484347126,-0.6963713188403788,0.09519880546770199,0.07655850493903961,2.146516379699357e-15,17.432896489599834,16
0.7,9,144,1,1,1016,broad_xyz,21.99112410904393,False,0.6473718173818069,0.716857547117475,0.8919776387182032,-0.8995139920607028,-0.8366284164117864,-0.6584530764783728,0.0960315165427273,0.07496707006861364,2.146516379699357e-15,17.432896489599834,16
0.725,9,144,1,1,1016,broad_xyz,21.99112410904393,False,0.6457858672354353,0.719921086907453,0.9056219489368929,-0.892853084262338,-0.8552260924334982,-0.6404820057083929,0.09856012118624448,0.07480005458401531,2.146516379699357e-15,17.432896489599834,16
0.75,9,144,1,1,1016,broad_xyz,21.99112410904393,False,0.6609953761060414,0.734975052843349,0.9201391839241777,-0.8934510599842828,-0.8681662243803052,-0.6295961856913852,0.09974116749869756,0.07418626304193794,2.146516379699357e-15,17.432896489599834,16
0.775,9,144,1,1,1016,broad_xyz,21.99112410904393,False,0.6938064668930911,0.75795291191792,0.9300506288793576,-0.8897513366020768,-0.8803926866988011,-0.6183651784270242,0.09952950366162401,0.0730927076458589,2.146516379699357e-15,17.432896489599834,16
0.8,9,144,1,1,1016,broad_xyz,21.99112410904393,False,0.7341633421634307,0.7889583815880659,0.9353998447509806,-0.8658264027022534,-0.8908282575436894,-0.603483303739935,0.0988695345218702,0.0717615956912029,2.146516379699357e-15,17.432896489599834,16
0.825,9,144,1,1,1016,broad_xyz,21.99112410904393,False,0.7735757304554733,0.8269542925510128,0.9366964559350223,-0.7963024447638065,-0.900378540750577,-0.5798567759848715,0.09721631452756009,0.07029808994616722,2.146516379699357e-15,17.432896489599834,16
0.85,9,144,1,1,1016,broad_xyz,21.99112410904393,False,0.801641769804841,0.859768515745162,0.9312785765773051,-0.6843269185400088,-0.9013101029073902,-0.5539567014450254,0.0940850715922866,0.06866598920079846,2.146516379699357e-15,17.432896489599834,16
0.875,9,144,1,1,1016,broad_xyz,21.99112410904393,False,0.8134714610728601,0.8767546621485943,0.9246203711330905,-0.5931230536651816,-0.8819248658141862,-0.5419593578711961,0.0939023391854881,0.06725037570830768,2.146516379699357e-15,17.432896489599834,16
0.9,9,144,1,1,1016,broad_xyz,21.99112410904393,False,0.8159841853039269,0.8801360069773029,0.923491166286988,-0.5555938081691217,-0.8373158479440113,-0.535124379272528,0.09323233570977542,0.06666364902305531,2.146516379699357e-15,17.432896489599834,16
0.95,9,144,1,1,1016,broad_xyz,21.99112410904393,False,0.8270407248138638,0.8591758321641237,0.9375291533188501,-0.598535654740754,-0.9076281708734503,-0.5308933934192489,0.09993371418931311,0.06828364521751801,2.146516379699357e-15,17.432896489599834,16
1.0,9,144,1,1,1016,broad_xyz,21.99112410904393,False,0.8197792384288394,0.8039545993138725,0.9412193518160807,-0.746114657915354,-0.9060777890767834,-0.5887353359497329,0.09695337955146001,0.07158053701336092,2.146516379699357e-15,17.432896489599834,16
0.05,9,144,1,1,1017,broad_xyz,21.99112410904393,False,0.6892863065156063,0.6877654209996265,0.5707821797763241,-0.7908803108933741,-0.7747686651170737,-0.06059559923903237,0.0017372126724925882,0.0005090302953205233,2.146516379699357e-15,17.432896489599834,17
0.075,9,144,1,1,1017,broad_xyz,21.99112410904393,False,0.7371655429502011,0.7205127487399586,0.765270067439189,-0.8316820146923056,-0.8158823571020887,-0.10585289913342598,0.004645039654249767,0.0014274236662471173,2.146516379699357e-15,17.432896489599834,17
0.1,9,144,1,1,1017,broad_xyz,21.99112410904393,False,0.7860241605544505,0.7585469351147879,0.8673159679740138,-0.8721876861156772,-0.8734803109132832,-0.1622033783925401,0.01027174344673075,0.0033427813343272304,2.146516379699357e-15,17.432896489599834,17
0.125,9,144,1,1,1017,broad_xyz,21.99112410904393,False,0.8312902427471217,0.7903389790035336,0.9119702624364527,-0.8970917830410554,-0.899916215958421,-0.22138618869773366,0.020413585032319975,0.007031445822253975,2.146516379699357e-15,17.432896489599834,17
0.15,9,144,1,1,1017,broad_xyz,21.99112410904393,False,0.8703966828747678,0.8150564199998487,0.9316321933369042,-0.9068296292922711,-0.8853089668380045,-0.2572726697811047,0.03568599653861596,0.013208277150654249,2.146516379699357e-15,17.432896489599834,17
0.1625,9,144,1,1,1017,broad_xyz,21.99112410904393,False,0.8855072832368425,0.8270782610303985,0.9373880188649222,-0.9088503616715327,-0.8700925901787209,-0.2605817206046904,0.045028298743401876,0.017271868142911713,2.146516379699357e-15,17.432896489599834,17
0.175,9,144,1,1,1017,broad_xyz,21.99112410904393,False,0.8968533265666575,0.8388648470540763,0.9415380795282526,-0.9103045667332519,-0.8583293436411402,-0.25054279340080954,0.05457521637177065,0.02182226120335937,2.146516379699357e-15,17.432896489599834,17
0.1875,9,144,1,1,1017,broad_xyz,21.99112410904393,False,0.9056970471249092,0.850999968426598,0.9452189315981857,-0.9130458526726491,-0.8471476814866059,-0.22529218107848495,0.06404593296633225,0.026682802190865017,2.146516379699357e-15,17.432896489599834,17
0.2,9,144,1,1,1017,broad_xyz,21.99112410904393,False,0.913732183845242,0.8641872420163801,0.9494280279604093,-0.9178414556492014,-0.8285772220224648,-0.184579721234108,0.07279472847995284,0.03164896255754704,2.146516379699357e-15,17.432896489599834,17
0.2125,9,144,1,1,1017,broad_xyz,21.99112410904393,False,0.921763755143121,0.878108729769558,0.9542157379816886,-0.9248099356737053,-0.804757987266528,-0.12903662399755622,0.08045261818045225,0.03657780864613226,2.146516379699357e-15,17.432896489599834,17
0.225,9,144,1,1,1017,broad_xyz,21.99112410904393,False,0.9300139138160295,0.8925084342633236,0.9595550142469095,-0.9344270018897697,-0.7770314983019615,-0.06049129202187408,0.08690410348018066,0.041434029655831574,2.146516379699357e-15,17.432896489599834,17
0.2375,9,144,1,1,1017,broad_xyz,21.99112410904393,False,0.938587768474727,0.9075746376503653,0.9656390423147885,-0.9472169165881626,-0.7430725893545077,0.014381512436541873,0.09191195995528911,0.04634893891448143,2.146516379699357e-15,17.432896489599834,17
0.25,9,144,1,1,1017,broad_xyz,21.99112410904393,False,0.9462273321187504,0.9230837771129133,0.9715613405744836,-0.9631937563196525,-0.7008885606977135,0.08670097135598634,0.09552894907388866,0.0516073917123947,2.146516379699357e-15,17.432896489599834,17
0.27,9,144,1,1,1017,broad_xyz,21.99112410904393,False,0.9454329966834869,0.936147516668225,0.9698212722384062,-0.9833112017607857,-0.6255653466667795,0.16948497053577818,0.09900075363372406,0.06165817045032837,2.146516379699357e-15,17.432896489599834,17
0.29,9,144,1,1,1017,broad_xyz,21.99112410904393,False,0.9135259967997295,0.9178333499591178,0.9409931602001823,-0.9747630703628598,-0.5011517660575576,0.19140611069226632,0.10190998530001903,0.07332546293554423,2.146516379699357e-15,17.432896489599834,17
0.31,9,144,1,1,1017,broad_xyz,21.99112410904393,False,0.8534691664996198,0.8921701244609754,0.9069182728943844,-0.9532622455830588,-0.4401292506440591,0.1985416407239234,0.1085319138199283,0.08087386336590344,2.146516379699357e-15,17.432896489599834,17
0.33,9,144,1,1,1017,broad_xyz,21.99112410904393,False,0.8282491597649788,0.9012116568627381,0.9176106293514651,-0.9580640717757343,-0.5023705558779693,0.23524678741514546,0.11389488078969896,0.08185900274183337,2.146516379699357e-15,17.432896489599834,17
0.35,9,144,1,1,1017,broad_xyz,21.99112410904393,False,0.8395098564633423,0.9269864401034871,0.9508942188282455,-0.973696525393401,-0.6053754375017787,0.26997636060429164,0.114450133827408,0.079728599114888,2.146516379699357e-15,17.432896489599834,17
0.37,9,144,1,1,1017,broad_xyz,21.99112410904393,False,0.8563680351521494,0.9438683099223832,0.9714735525712895,-0.977047494340105,-0.6955607045584519,0.28391303987702265,0.11224347466679716,0.0771308800642094,2.146516379699357e-15,17.432896489599834,17
0.39,9,144,1,1,1017,broad_xyz,21.99112410904393,False,0.8669716412685206,0.9482538068265042,0.976384826891471,-0.9716851164513941,-0.769000186908444,0.2724451604286614,0.11010168315559261,0.0748284313344459,2.146516379699357e-15,17.432896489599834,17
0.41000000000000003,9,144,1,1,1017,broad_xyz,21.99112410904393,False,0.8733940039582685,0.9457139150842669,0.97358122121342,-0.9629373067291084,-0.8274327320202448,0.22687188401550704,0.10923942918596634,0.07311221748384004,2.146516379699357e-15,17.432896489599834,17
0.43,9,144,1,1,1017,broad_xyz,21.99112410904393,False,0.8795914352110595,0.9414591729184782,0.9686158060481634,-0.9546746494915065,-0.8647015843858873,0.15089778957045968,0.1093843226898382,0.07195589985930337,2.146516379699357e-15,17.432896489599834,17
0.45,9,144,1,1,1017,broad_xyz,21.99112410904393,False,0.8869398820479307,0.938066001439794,0.9650397090736784,-0.9510218653340042,-0.878212754458371,0.05594935937690586,0.10981592048816709,0.07138081556719358,2.146516379699357e-15,17.432896489599834,17
0.5,9,144,1,1,1017,broad_xyz,21.99112410904393,False,0.8789113470093342,0.9208865047092253,0.9673624972844393,-0.9662855890452223,-0.8636902739427517,-0.17245078872991315,0.1078303885154298,0.07342822376688056,2.146516379699357e-15,17.432896489599834,17
0.55,9,144,1,1,1017,broad_xyz,21.99112410904393,False,0.7532625689447477,0.8240711367334114,0.9449275520000566,-0.9567504779749959,-0.8229034031823483,-0.22152838228001326,0.10845512016091485,0.08026187959422774,2.146516379699357e-15,17.432896489599834,17
0.6,9,144,1,1,1017,broad_xyz,21.99112410904393,False,0.4546378575405589,0.5301750743904168,0.7904632643076855,-0.7966180393760854,-0.584235015183034,-0.3567314369727034,0.11543631326858227,0.08843119232749386,2.146516379699357e-15,17.432896489599834,17
0.6499999999999999,9,144,1,1,1017,broad_xyz,21.99112410904393,False,0.5468568405837251,0.6399556607881434,0.89780176336663,-0.888516140811839,-0.8415506544299339,-0.46523450525969584,0.11338077811008077,0.08544426844892995,2.146516379699357e-15,17.432896489599834,17
0.7,9,144,1,1,1017,broad_xyz,21.99112410904393,False,0.6669100943352173,0.7600407466656641,0.9473592769514801,-0.9355597556554198,-0.9523831136586026,-0.49363501245887903,0.10572754456723375,0.08152516344979382,2.146516379699357e-15,17.432896489599834,17
0.725,9,144,1,1,1017,broad_xyz,21.99112410904393,False,0.6688401569797114,0.7615902890067567,0.9489038617300442,-0.92602455369954,-0.9544196075187057,-0.501135810332391,0.10468791089404997,0.08089886638435671,2.146516379699357e-15,17.432896489599834,17
0.75,9,144,1,1,1017,broad_xyz,21.99112410904393,False,0.6625570520897596,0.7606412715488353,0.9512189338450643,-0.913678365509839,-0.9524780092449532,-0.5093813379336042,0.10232196162516884,0.08022872139932047,2.146516379699357e-15,17.432896489599834,17
0.775,9,144,1,1,1017,broad_xyz,21.99112410904393,False,0.6691408448650902,0.7734006383233826,0.9556065501904614,-0.8990930135125594,-0.9492168052606194,-0.5222947850634717,0.1018554902514638,0.07919107511911393,2.146516379699357e-15,17.432896489599834,17
0.8,9,144,1,1,1017,broad_xyz,21.99112410904393,False,0.6930657333002677,0.8004347549326318,0.9608853510842247,-0.865258759968756,-0.9456274362438599,-0.5406574936268007,0.10093970278890543,0.0778508336570014,2.146516379699357e-15,17.432896489599834,17
0.825,9,144,1,1,1017,broad_xyz,21.99112410904393,False,0.7277123796214038,0.8359458973003914,0.9647028943506878,-0.7691177912400123,-0.9394612318069685,-0.5605785770883059,0.09835838939722162,0.07636374787418364,2.146516379699357e-15,17.432896489599834,17
0.85,9,144,1,1,1017,broad_xyz,21.99112410904393,False,0.7605876095741839,0.8699341267237606,0.9630019292019114,-0.5846468433997543,-0.9299096766314019,-0.5708475844377521,0.09760791166017133,0.07451396619157824,2.146516379699357e-15,17.432896489599834,17
0.875,9,144,1,1,1017,broad_xyz,21.99112410904393,False,0.7790026708127685,0.8903463449526894,0.9579061363011919,-0.4466807134727415,-0.9109107745197496,-0.5639006775172543,0.0972103888619468,0.07225800346403734,2.146516379699357e-15,17.432896489599834,17
0.9,9,144,1,1,1017,broad_xyz,21.99112410904393,False,0.7824150479019674,0.8951111332027295,0.9539988540565635,-0.41876848302635916,-0.8600161511187813,-0.5543793479665252,0.09808581088549408,0.07065092672825649,2.146516379699357e-15,17.432896489599834,17
0.95,9,144,1,1,1017,broad_xyz,21.99112410904393,False,0.7700952075846907,0.8683245770563086,0.9520557916200708,-0.5194451818515128,-0.9184837206601156,-0.5606097645215964,0.09779261477668835,0.07116260293569253,2.146516379699357e-15,17.432896489599834,17
1.0,9,144,1,1,1017,broad_xyz,21.99112410904393,False,0.7285433613483977,0.7792103590991853,0.9405128750556156,-0.7404373359856817,-0.9244993863307075,-0.598666684112938,0.09605719335783613,0.07477725394678818,2.146516379699357e-15,17.432896489599834,17
0.05,9,144,1,1,1018,broad_xyz,21.99112410904393,False,-0.02267158772141585,0.34593593991341925,-0.262131475342314,-0.4673639779893316,-0.43474745988490304,-0.30897035966957886,0.0018844429378418286,0.0002866794208612734,2.146516379699357e-15,17.432896489599834,18
0.075,9,144,1,1,1018,broad_xyz,21.99112410904393,False,-0.028763078253246276,0.3587020687920035,-0.25166319574329526,-0.4925200464651012,-0.5328900372646541,-0.3366581116318571,0.004703099668051289,0.0007891081152166672,2.146516379699357e-15,17.432896489599834,18
0.1,9,144,1,1,1018,broad_xyz,21.99112410904393,False,0.02366369339118285,0.3874248815975667,-0.21514834701609914,-0.5244218658064342,-0.6182181781829154,-0.3584561022680431,0.009654720211572388,0.001855313121152263,2.146516379699357e-15,17.432896489599834,18
0.125,9,144,1,1,1018,broad_xyz,21.99112410904393,False,0.13853033909308277,0.43705873470708667,-0.13340858949084217,-0.5484417833489359,-0.6619679367797827,-0.3601877143454432,0.018260308202928392,0.0040593935799040064,2.146516379699357e-15,17.432896489599834,18
0.15,9,144,1,1,1018,broad_xyz,21.99112410904393,False,0.2925746959774299,0.5061645983553076,-0.006035060062861218,-0.5546939251040723,-0.4909298488301664,-0.3378193866094118,0.03013226041654656,0.008165685033433992,2.146516379699357e-15,17.432896489599834,18
0.1625,9,144,1,1,1018,broad_xyz,21.99112410904393,False,0.3767116695660639,0.550063457408732,0.07124691171919689,-0.5534036394493848,-0.253240162925674,-0.31895341134623517,0.03631143655478112,0.011113310554993575,2.146516379699357e-15,17.432896489599834,18
0.175,9,144,1,1,1018,broad_xyz,21.99112410904393,False,0.463248383241378,0.6015343352605227,0.15610852438922793,-0.5507256445546977,-0.01826877383255509,-0.2950101045783501,0.042197110302375225,0.014683116168277012,2.146516379699357e-15,17.432896489599834,18
0.1875,9,144,1,1,1018,broad_xyz,21.99112410904393,False,0.5441707082008915,0.6544941496338739,0.24172987115997452,-0.5502683677142545,0.16344484048589353,-0.26629990119212854,0.04764672599668377,0.01875855877192801,2.146516379699357e-15,17.432896489599834,18
0.2,9,144,1,1,1018,broad_xyz,21.99112410904393,False,0.6094363237155417,0.699494130007228,0.31744483430829484,-0.5607457363607893,0.29146489459808833,-0.23634717507651343,0.05277625462144443,0.023186733340405816,2.146516379699357e-15,17.432896489599834,18
0.2125,9,144,1,1,1018,broad_xyz,21.99112410904393,False,0.6567255315820558,0.7343622742526708,0.38129336508585,-0.5841390707889995,0.3768192399279617,-0.20343498671739504,0.05735584790920322,0.027884737873164898,2.146516379699357e-15,17.432896489599834,18
0.225,9,144,1,1,1018,broad_xyz,21.99112410904393,False,0.6837554531968277,0.7560830847655943,0.4302410818932867,-0.6210111057893142,0.43175673658090724,-0.1686910898026833,0.06119890916823305,0.03281498564147596,2.146516379699357e-15,17.432896489599834,18
0.2375,9,144,1,1,1018,broad_xyz,21.99112410904393,False,0.6918654813269648,0.7630496433721554,0.46366343744783367,-0.6677856667931378,0.46836580623372764,-0.1349518315581381,0.06440407160609347,0.037941764763287526,2.146516379699357e-15,17.432896489599834,18
0.25,9,144,1,1,1018,broad_xyz,21.99112410904393,False,0.6824452352873158,0.7543152243819415,0.4783677865361754,-0.7255902845256932,0.4882830126668794,-0.11230851582517798,0.06836253116851909,0.043413385710953184,2.146516379699357e-15,17.432896489599834,18
0.27,9,144,1,1,1018,broad_xyz,21.99112410904393,False,0.654352270306479,0.7268230094281791,0.4908393522940884,-0.809770639805742,0.49793691648008653,-0.09086687556752061,0.07561500455608464,0.052798716086606134,2.146516379699357e-15,17.432896489599834,18
0.29,9,144,1,1,1018,broad_xyz,21.99112410904393,False,0.6661890097839105,0.7383803948972905,0.572331538185605,-0.7989278199923336,0.42314581348833613,-0.03827069724947758,0.08359406393736404,0.06168749054424508,2.146516379699357e-15,17.432896489599834,18
0.31,9,144,1,1,1018,broad_xyz,21.99112410904393,False,0.715271264981759,0.7930601492925482,0.7058605235796122,-0.7393416641875475,0.26180110923422784,0.043313827610879194,0.08927313755804613,0.06740847449222602,2.146516379699357e-15,17.432896489599834,18
0.33,9,144,1,1,1018,broad_xyz,21.99112410904393,False,0.7543396565040407,0.8440093973272631,0.7935865710794793,-0.7772179584960525,0.12687009471206337,0.07683297328939889,0.0960521339842947,0.06880474518073876,2.146516379699357e-15,17.432896489599834,18
0.35,9,144,1,1,1018,broad_xyz,21.99112410904393,False,0.7852729101320611,0.8776116571614314,0.852268336102864,-0.8297949497352045,0.028015509539821827,0.06271548239014087,0.10195051488973496,0.0678567832276895,2.146516379699357e-15,17.432896489599834,18
0.37,9,144,1,1,1018,broad_xyz,21.99112410904393,False,0.8053161140242499,0.8900276278723759,0.8855990979114489,-0.8681590788541783,-0.06768761780380704,0.027332751081830666,0.10190728711964081,0.06651074114522754,2.146516379699357e-15,17.432896489599834,18
0.39,9,144,1,1,1018,broad_xyz,21.99112410904393,False,0.8200394398590299,0.8900909769760016,0.9066851145781898,-0.884681981660874,-0.1812452888493506,-0.017748019985537582,0.09927952780471551,0.06558494805593239,2.146516379699357e-15,17.432896489599834,18
0.41000000000000003,9,144,1,1,1018,broad_xyz,21.99112410904393,False,0.8215323247947276,0.8782883890702338,0.9151774600076684,-0.878610990860589,-0.314177327597964,-0.06489655998330096,0.09519863814399085,0.06492591629775617,2.146516379699357e-15,17.432896489599834,18
0.43,9,144,1,1,1018,broad_xyz,21.99112410904393,False,0.8013505507472478,0.8537015160602721,0.9084873918889651,-0.8585278552528302,-0.4304355244930897,-0.10727648452726106,0.09585330182760735,0.06455453564566854,2.146516379699357e-15,17.432896489599834,18
0.45,9,144,1,1,1018,broad_xyz,21.99112410904393,False,0.760411838316754,0.8178883469929026,0.8907508265266034,-0.834809478114697,-0.4582451484559764,-0.14250462383010323,0.09893200107260593,0.0644764371717767,2.146516379699357e-15,17.432896489599834,18
0.5,9,144,1,1,1018,broad_xyz,21.99112410904393,False,0.6591206510125814,0.7427763168270857,0.8521417643688594,-0.8186427111898394,-0.3249887469857506,-0.19719996012480936,0.09627183741534655,0.06613535877367409,2.146516379699357e-15,17.432896489599834,18
0.55,9,144,1,1,1018,broad_xyz,21.99112410904393,False,0.5563379628659313,0.6770609587665297,0.799497739732788,-0.8258801820705757,-0.27913986572460836,-0.11567174785266024,0.09166648198796415,0.07241788473226957,2.146516379699357e-15,17.432896489599834,18
0.6,9,144,1,1,1018,broad_xyz,21.99112410904393,False,0.29213531474352195,0.4165787169219509,0.6658506784498749,-0.7433377425920997,-0.20194579561899492,-0.20300170777574325,0.09523070978840664,0.07840491588633329,2.146516379699357e-15,17.432896489599834,18
0.6499999999999999,9,144,1,1,1018,broad_xyz,21.99112410904393,False,0.46691456762678357,0.5760878881980861,0.7808969723770014,-0.8214544594115049,-0.532735543924255,-0.4980246598115366,0.09949486032668266,0.07654119926355757,2.146516379699357e-15,17.432896489599834,18
0.7,9,144,1,1,1018,broad_xyz,21.99112410904393,False,0.5949494214340526,0.6847677199536997,0.833061699048997,-0.8381941414412112,-0.7197443366767636,-0.5375845008022732,0.09985729583271682,0.07361443602276997,2.146516379699357e-15,17.432896489599834,18
0.725,9,144,1,1,1018,broad_xyz,21.99112410904393,False,0.616207361816663,0.699792681303838,0.8535711726212553,-0.8342559475980491,-0.7846355097176834,-0.5355275303359605,0.10096599299336691,0.0729588075548275,2.146516379699357e-15,17.432896489599834,18
0.75,9,144,1,1,1018,broad_xyz,21.99112410904393,False,0.6385033310155949,0.7170183591750378,0.876334323754143,-0.8234369488218723,-0.833057542925403,-0.5232807862704085,0.09958041279754529,0.07214401111779283,2.146516379699357e-15,17.432896489599834,18
0.775,9,144,1,1,1018,broad_xyz,21.99112410904393,False,0.6666195356621144,0.7377506418119781,0.892932056030633,-0.7985346144948448,-0.8590298913469794,-0.5022694879152282,0.09458799798274418,0.07082066062710288,2.146516379699357e-15,17.432896489599834,18
0.8,9,144,1,1,1018,broad_xyz,21.99112410904393,False,0.7035936047930771,0.7678717944489902,0.9084226657482133,-0.7499856531934915,-0.8755204136609785,-0.47020783357910556,0.09245609825003125,0.069075858009309,2.146516379699357e-15,17.432896489599834,18
0.825,9,144,1,1,1018,broad_xyz,21.99112410904393,False,0.7398735976973663,0.8060701820017616,0.9235329948462586,-0.6568367498799585,-0.8919418430656252,-0.43111632112953857,0.09410831673124832,0.0669818724561381,2.146516379699357e-15,17.432896489599834,18
0.85,9,144,1,1,1018,broad_xyz,21.99112410904393,False,0.7610862931360671,0.8409212824510286,0.9310401365772029,-0.5289666383497236,-0.905785084217259,-0.40167352115100374,0.09270410534033872,0.06447678035017451,2.146516379699357e-15,17.432896489599834,18
0.875,9,144,1,1,1018,broad_xyz,21.99112410904393,False,0.7696678773620321,0.8640021217598188,0.9343431506677357,-0.45260126862299216,-0.9043985627445802,-0.39923870152366103,0.09466922572293644,0.06218056448913271,2.146516379699357e-15,17.432896489599834,18
0.9,9,144,1,1,1018,broad_xyz,21.99112410904393,False,0.7684142765950935,0.8710859561717564,0.933495789461131,-0.45396343305785664,-0.8626754810493623,-0.40686857805376325,0.09566885581047876,0.06095218440996272,2.146516379699357e-15,17.432896489599834,18
0.95,9,144,1,1,1018,broad_xyz,21.99112410904393,False,0.7331879687860308,0.8438969649420722,0.9219787431507367,-0.6419400498901033,-0.9275274479888815,-0.38924226299924786,0.0937277128224064,0.061322331684550174,2.146516379699357e-15,17.432896489599834,18
1.0,9,144,1,1,1018,broad_xyz,21.99112410904393,False,0.6857106803073867,0.7956613185496874,0.9136775907149569,-0.8343500013513495,-0.9361028520932768,-0.4354767499577453,0.08750413135978226,0.0647857930079057,2.146516379699357e-15,17.432896489599834,18
0.05,9,144,1,1,1019,broad_xyz,21.99112410904393,False,0.1684334230937495,0.4930887696187195,-0.47818510726555874,-0.6210960522687708,-0.582978666716545,0.4331438188619645,0.0018145191651460768,0.000393698064600419,2.146516379699357e-15,17.432896489599834,19
0.075,9,144,1,1,1019,broad_xyz,21.99112410904393,False,0.23114136929616477,0.509906746314231,-0.442368163544263,-0.6450593678869817,-0.6372899637040392,0.4323715060177989,0.004612374409252144,0.0010298777169913656,2.146516379699357e-15,17.432896489599834,19
0.1,9,144,1,1,1019,broad_xyz,21.99112410904393,False,0.33632748681551206,0.5451722989416822,-0.3709930121133137,-0.6731216715469431,-0.6844465374324052,0.4401367016748672,0.00924305350519518,0.002234235550403753,2.146516379699357e-15,17.432896489599834,19
0.125,9,144,1,1,1019,broad_xyz,21.99112410904393,False,0.4674635278694345,0.6135673159148475,-0.24844407934466387,-0.7041628118711242,-0.7275951654153048,0.45058921109607497,0.01616041424300104,0.0045436872526647895,2.146516379699357e-15,17.432896489599834,19
0.15,9,144,1,1,1019,broad_xyz,21.99112410904393,False,0.5843645020518131,0.7046257547385932,-0.07349281130350603,-0.7307293505600796,-0.7451929907828289,0.4501522944793168,0.026614258960796593,0.008807843756673053,2.146516379699357e-15,17.432896489599834,19
0.1625,9,144,1,1,1019,broad_xyz,21.99112410904393,False,0.6295137322568938,0.7490884405928169,0.025891866240783448,-0.7408611869703978,-0.7355749038002494,0.44116307184457815,0.033453950354891286,0.012018594387996113,2.146516379699357e-15,17.432896489599834,19
0.175,9,144,1,1,1019,broad_xyz,21.99112410904393,False,0.6676973006951965,0.7875623378865951,0.12432309817995299,-0.7517529287710465,-0.7135096657541261,0.43332817159431725,0.04088716677248332,0.015958421811075443,2.146516379699357e-15,17.432896489599834,19
0.1875,9,144,1,1,1019,broad_xyz,21.99112410904393,False,0.6962092388472224,0.8161190579155856,0.21427827165844812,-0.7642726196737106,-0.6698533099246927,0.43316732232596833,0.048527805441788634,0.020395608937922114,2.146516379699357e-15,17.432896489599834,19
0.2,9,144,1,1,1019,broad_xyz,21.99112410904393,False,0.7199787755286373,0.8372300464070151,0.29553421513364564,-0.7793110597130902,-0.6089253436151648,0.44220206760848085,0.05674417765574369,0.02511728584508682,2.146516379699357e-15,17.432896489599834,19
0.2125,9,144,1,1,1019,broad_xyz,21.99112410904393,False,0.7400468787586846,0.8537052841818356,0.36830268631338786,-0.7972028948973386,-0.5360104501131889,0.46001734570309866,0.06509941542497438,0.029881728654235676,2.146516379699357e-15,17.432896489599834,19
0.225,9,144,1,1,1019,broad_xyz,21.99112410904393,False,0.7573748220589623,0.8668510830470125,0.4320231159550829,-0.8175677547263481,-0.4647215981544649,0.486719202951216,0.07235193220109458,0.03452214745946068,2.146516379699357e-15,17.432896489599834,19
0.2375,9,144,1,1,1019,broad_xyz,21.99112410904393,False,0.773417579562958,0.8782392443483928,0.491141292159562,-0.8389946535958847,-0.4033152865160403,0.5183042382570044,0.07886431952521156,0.03898590331299052,2.146516379699357e-15,17.432896489599834,19
0.25,9,144,1,1,1019,broad_xyz,21.99112410904393,False,0.7852944896822499,0.8869052112668476,0.5450130096900474,-0.86089916944949,-0.3620743466100388,0.5512228115011684,0.08400036490182793,0.04329235055964704,2.146516379699357e-15,17.432896489599834,19
0.27,9,144,1,1,1019,broad_xyz,21.99112410904393,False,0.7978134297852045,0.8954181189157151,0.6251755143234454,-0.896455147531591,-0.3327443790788861,0.5911226955170332,0.09020215971936003,0.05026904719904576,2.146516379699357e-15,17.432896489599834,19
0.29,9,144,1,1,1019,broad_xyz,21.99112410904393,False,0.8258329272040587,0.9024515522239479,0.7237498173417125,-0.9166445504483409,-0.38116851077583075,0.5652328110259954,0.09358100319033857,0.05844685157584227,2.146516379699357e-15,17.432896489599834,19
0.31,9,144,1,1,1019,broad_xyz,21.99112410904393,False,0.8326486492421125,0.8778362423427855,0.8003481820655213,-0.8798224825906704,-0.4814226434568963,0.4345376302901885,0.09763821607758787,0.06617498540761275,2.146516379699357e-15,17.432896489599834,19
0.33,9,144,1,1,1019,broad_xyz,21.99112410904393,False,0.811927841483105,0.8672002545889687,0.8114778360349394,-0.8889293599307668,-0.5390699287735133,0.33646735427768054,0.10049052284164568,0.06886080776522066,2.146516379699357e-15,17.432896489599834,19
0.35,9,144,1,1,1019,broad_xyz,21.99112410904393,False,0.8174111958253302,0.8913551042937224,0.8424018008272531,-0.9098982522842423,-0.6051533480114956,0.23668593562292276,0.1019324634298376,0.06889566345485562,2.146516379699357e-15,17.432896489599834,19
0.37,9,144,1,1,1019,broad_xyz,21.99112410904393,False,0.8239209021657905,0.9080091901685374,0.869757444270001,-0.9162566761997503,-0.6603429645751334,0.11565691073247178,0.10269839016155372,0.06808046585931483,2.146516379699357e-15,17.432896489599834,19
0.39,9,144,1,1,1019,broad_xyz,21.99112410904393,False,0.8271698028482578,0.9124365837029467,0.8971335479907752,-0.9095292336319019,-0.698653255915848,0.035289545067450565,0.1032029198804735,0.0673309169036897,2.146516379699357e-15,17.432896489599834,19
0.41000000000000003,9,144,1,1,1019,broad_xyz,21.99112410904393,False,0.8231369280606685,0.9102481434375336,0.9149343846466297,-0.8965512581974637,-0.7286495849510132,-0.010934646810129433,0.10282987559469861,0.06642597026779204,2.146516379699357e-15,17.432896489599834,19
0.43,9,144,1,1,1019,broad_xyz,21.99112410904393,False,0.8124459805307785,0.9079878063490541,0.9202914835629515,-0.8819765200530623,-0.7778909275377539,-0.034808724522889384,0.10088736838309043,0.06501927792596916,2.146516379699357e-15,17.432896489599834,19
0.45,9,144,1,1,1019,broad_xyz,21.99112410904393,False,0.7995710799292879,0.9076635026497459,0.9185988570879974,-0.8714961113769067,-0.8106651520142882,-0.04594512786999634,0.09940441654852097,0.06341217182251688,2.146516379699357e-15,17.432896489599834,19
0.5,9,144,1,1,1019,broad_xyz,21.99112410904393,False,0.7939491218028732,0.909392015943329,0.9120772882230814,-0.8981079717220622,-0.7869271850830544,-0.06761638224844937,0.09906384771941015,0.06301818906273916,2.146516379699357e-15,17.432896489599834,19
0.55,9,144,1,1,1019,broad_xyz,21.99112410904393,False,0.6883025486508989,0.8007334215629988,0.8446000060329657,-0.9298431457882397,-0.7721555181947308,-0.08266441664962448,0.09688726308450717,0.06979395468787143,2.146516379699357e-15,17.432896489599834,19
0.6,9,144,1,1,1019,broad_xyz,21.99112410904393,False,0.48335069096304345,0.605825951927873,0.833215123582212,-0.8235443266780682,-0.7527725131904766,-0.3576444928641147,0.09959975469572036,0.07734213307791116,2.146516379699357e-15,17.432896489599834,19
0.6499999999999999,9,144,1,1,1019,broad_xyz,21.99112410904393,False,0.536088264560636,0.6523295375107727,0.8094043025850576,-0.8901858586312869,-0.8566889095942989,-0.39863184485519304,0.09965968237327946,0.07622611344572658,2.146516379699357e-15,17.432896489599834,19
0.7,9,144,1,1,1019,broad_xyz,21.99112410904393,False,0.6306897582361064,0.7343773370921145,0.8179210316553039,-0.9247175430381483,-0.8852955481212159,-0.362487454620175,0.09963972512011386,0.07398832383259862,2.146516379699357e-15,17.432896489599834,19
0.725,9,144,1,1,1019,broad_xyz,21.99112410904393,False,0.6495928737895412,0.748469507004478,0.8390613383570831,-0.9176759624648508,-0.9090584053569796,-0.36217339787071834,0.09965797018163006,0.07363046607886473,2.146516379699357e-15,17.432896489599834,19
0.75,9,144,1,1,1019,broad_xyz,21.99112410904393,False,0.6656240938021803,0.7660168869373633,0.8644395421991112,-0.9065875785395294,-0.9312698565746724,-0.3684727406758963,0.09858698953309893,0.07314077441347965,2.146516379699357e-15,17.432896489599834,19
0.775,9,144,1,1,1019,broad_xyz,21.99112410904393,False,0.6801626112421973,0.788654136521007,0.8916461754798233,-0.8882828899244214,-0.9460521179580343,-0.38251124594111663,0.09726009761072395,0.07245514631316247,2.146516379699357e-15,17.432896489599834,19
0.8,9,144,1,1,1019,broad_xyz,21.99112410904393,False,0.6935807950829578,0.8096784758749098,0.9145786600798214,-0.8502098639022475,-0.9487583182901278,-0.40478775206611217,0.09806965044566167,0.07155000906989771,2.146516379699357e-15,17.432896489599834,19
0.825,9,144,1,1,1019,broad_xyz,21.99112410904393,False,0.70434714132183,0.8234725433702957,0.9309793725682864,-0.7625339783196797,-0.9404167818675547,-0.4420059917641877,0.09723583755095376,0.0705949954293225,2.146516379699357e-15,17.432896489599834,19
0.85,9,144,1,1,1019,broad_xyz,21.99112410904393,False,0.7047009893252859,0.8268098605003238,0.9352994670204209,-0.5900529156974272,-0.9162844823111113,-0.501361946498483,0.09413840193794527,0.06981339696601048,2.146516379699357e-15,17.432896489599834,19
0.875,9,144,1,1,1019,broad_xyz,21.99112410904393,False,0.6831417008229086,0.8244147842552811,0.9250920221570765,-0.43900607909921,-0.8854451602945688,-0.5207026503665257,0.0954454101164468,0.06846316480206362,2.146516379699357e-15,17.432896489599834,19
0.9,9,144,1,1,1019,broad_xyz,21.99112410904393,False,0.649668701153467,0.8216852639941487,0.9165156091514758,-0.4035315220407007,-0.8262485328772642,-0.492343823965637,0.09665494018492406,0.06684729346736933,2.146516379699357e-15,17.432896489599834,19
0.95,9,144,1,1,1019,broad_xyz,21.99112410904393,False,0.5936016785124588,0.7988329691934017,0.8871762460904971,-0.4932165821231668,-0.8334610017412823,-0.48061083457489284,0.09166502792128758,0.06656836336800974,2.146516379699357e-15,17.432896489599834,19
1.0,9,144,1,1,1019,broad_xyz,21.99112410904393,False,0.6218447725140783,0.7832003490777101,0.877203887370469,-0.7344737057897932,-0.8521278251594522,-0.4388630446836412,0.09195583029354522,0.06828262274626873,2.146516379699357e-15,17.432896489599834,19
0.05,9,144,1,1,1020,broad_xyz,21.99112410904393,False,0.15789423984745485,0.39404525687051806,-0.2880573123656258,-0.46396517008013927,-0.3757803799771324,-0.052113161634522884,0.0007058774085553375,0.00012682848182456758,2.146516379699357e-15,17.432896489599834,20
0.075,9,144,1,1,1020,broad_xyz,21.99112410904393,False,0.034994333059681,0.46324477115692114,-0.27348403352407247,-0.47275712830182764,-0.36493142421191654,-0.08714507444344553,0.0025458037905071998,0.00047706038914055253,2.146516379699357e-15,17.432896489599834,20
0.1,9,144,1,1,1020,broad_xyz,21.99112410904393,False,0.060190908410230816,0.4798800381780453,-0.25852292082464234,-0.5043066370539362,-0.47097142053881136,-0.11870796945451836,0.006797663835408466,0.0014585620039558606,2.146516379699357e-15,17.432896489599834,20
0.125,9,144,1,1,1020,broad_xyz,21.99112410904393,False,0.21032226514696772,0.5180958843525055,-0.24408360898277032,-0.5811877085630719,-0.6650759797815473,-0.18895718399148326,0.013656455281409071,0.0036341431089292856,2.146516379699357e-15,17.432896489599834,20
0.15,9,144,1,1,1020,broad_xyz,21.99112410904393,False,0.40302888404071535,0.5828114040428793,-0.190653228606185,-0.6468474201232085,-0.7869106938166979,-0.2581771486999093,0.02450027055592003,0.00766826828599886,2.146516379699357e-15,17.432896489599834,20
0.1625,9,144,1,1,1020,broad_xyz,21.99112410904393,False,0.49538390590652903,0.6309141991510036,-0.13770117582928154,-0.6673036322181931,-0.8084658401970598,-0.2839189297222667,0.030238097198659407,0.010548654995395028,2.146516379699357e-15,17.432896489599834,20
0.175,9,144,1,1,1020,broad_xyz,21.99112410904393,False,0.5755375865266097,0.6806288998159566,-0.06753862437438016,-0.6784872623677725,-0.789482730836647,-0.3024560115845588,0.03688647157421516,0.013981455111259077,2.146516379699357e-15,17.432896489599834,20
0.1875,9,144,1,1,1020,broad_xyz,21.99112410904393,False,0.6399136969200101,0.7270684788948624,0.015050262839546332,-0.683676939289576,-0.7277074118958392,-0.311189158871415,0.04312777247246295,0.01779821514938057,2.146516379699357e-15,17.432896489599834,20
0.2,9,144,1,1,1020,broad_xyz,21.99112410904393,False,0.6896445983884034,0.7666067297502919,0.1071844882313729,-0.6845697321469862,-0.620744872746277,-0.31176341932852536,0.04861663832213792,0.021781889792875923,2.146516379699357e-15,17.432896489599834,20
0.2125,9,144,1,1,1020,broad_xyz,21.99112410904393,False,0.7237824206640237,0.7946575605596462,0.199045154751902,-0.6873176235936557,-0.49275007816305316,-0.30662388302822413,0.05297802432070143,0.025755546521271867,2.146516379699357e-15,17.432896489599834,20
0.225,9,144,1,1,1020,broad_xyz,21.99112410904393,False,0.743668731294164,0.8112205179242952,0.2857652026033454,-0.6955380481098388,-0.36968553190749404,-0.29530722666601567,0.056067473487767076,0.0296060056527133,2.146516379699357e-15,17.432896489599834,20
0.2375,9,144,1,1,1020,broad_xyz,21.99112410904393,False,0.749192348844626,0.8161683295179193,0.36361792447375346,-0.7112516485981468,-0.274393868622223,-0.27776079471666076,0.058790089420546816,0.03335735290389573,2.146516379699357e-15,17.432896489599834,20
0.25,9,144,1,1,1020,broad_xyz,21.99112410904393,False,0.7389037051487093,0.8082825262918949,0.4264601887395635,-0.7363909352418606,-0.22297974701942982,-0.2581845208560828,0.06385424756177213,0.03713142339313893,2.146516379699357e-15,17.432896489599834,20
0.27,9,144,1,1,1020,broad_xyz,21.99112410904393,False,0.6869368263351924,0.7665229743636094,0.48465982876340796,-0.7938651509687052,-0.200433336123734,-0.2238260340600105,0.0759763844761929,0.043412069117221785,2.146516379699357e-15,17.432896489599834,20
0.29,9,144,1,1,1020,broad_xyz,21.99112410904393,False,0.6138581227932111,0.7125203061885312,0.5378920309063264,-0.8192907948318605,-0.26808247878795133,-0.168290169057009,0.08567015573280314,0.04985776497071035,2.146516379699357e-15,17.432896489599834,20
0.31,9,144,1,1,1020,broad_xyz,21.99112410904393,False,0.5652718877459646,0.6912279098540758,0.6149729073545194,-0.8014831284704421,-0.38829390952951187,-0.10687781207024472,0.09279078870112208,0.054940870697195665,2.146516379699357e-15,17.432896489599834,20
0.33,9,144,1,1,1020,broad_xyz,21.99112410904393,False,0.5731302917830566,0.7238764145717341,0.6852658801789294,-0.8116406608458079,-0.45859026773749273,-0.06067516999758003,0.09836655501457948,0.057244676246898996,2.146516379699357e-15,17.432896489599834,20
0.35,9,144,1,1,1020,broad_xyz,21.99112410904393,False,0.6007553277889642,0.7660206890891943,0.7441960000192007,-0.8363814698119709,-0.5025826943844754,-0.050876720102140324,0.10085780934370193,0.057869797969848785,2.146516379699357e-15,17.432896489599834,20
0.37,9,144,1,1,1020,broad_xyz,21.99112410904393,False,0.6255971757461157,0.7968742086630226,0.7901397319734441,-0.860645647326559,-0.5421641276393294,-0.07075230766581163,0.10075872345144761,0.05791122619431699,2.146516379699357e-15,17.432896489599834,20
0.39,9,144,1,1,1020,broad_xyz,21.99112410904393,False,0.6476243304902943,0.81939826808576,0.8344055874817736,-0.8708760986107364,-0.5878592848610286,-0.12226930334044363,0.0984378310777185,0.057849884965084836,2.146516379699357e-15,17.432896489599834,20
0.41000000000000003,9,144,1,1,1020,broad_xyz,21.99112410904393,False,0.667666385719184,0.8347913272975097,0.870735824857448,-0.8716455893298123,-0.6422943064694705,-0.19125768826292947,0.09378257552192013,0.05799493794893732,2.146516379699357e-15,17.432896489599834,20
0.43,9,144,1,1,1020,broad_xyz,21.99112410904393,False,0.6873557935842515,0.8424790290725739,0.8909034169151161,-0.8683383789277672,-0.6982996661189467,-0.26426897674415034,0.09161803891737794,0.05826848473931043,2.146516379699357e-15,17.432896489599834,20
0.45,9,144,1,1,1020,broad_xyz,21.99112410904393,False,0.7044513966639212,0.8405856938622435,0.8927500802054955,-0.8627295972604261,-0.7261947483482704,-0.32067019093074606,0.0923600137084093,0.058503733000711385,2.146516379699357e-15,17.432896489599834,20
0.5,9,144,1,1,1020,broad_xyz,21.99112410904393,False,0.6897324387783539,0.8089481629908476,0.8556469009764798,-0.8627435444403413,-0.656075585006783,-0.37628608587117185,0.08547699378142928,0.05989161969551931,2.146516379699357e-15,17.432896489599834,20
0.55,9,144,1,1,1020,broad_xyz,21.99112410904393,False,0.6162960983989837,0.7415299700865939,0.7812411172629541,-0.8436474089493147,-0.6096428690136637,-0.3662571903053379,0.09083268161669067,0.06469115389135054,2.146516379699357e-15,17.432896489599834,20
0.6,9,144,1,1,1020,broad_xyz,21.99112410904393,False,0.383171981014356,0.5456685523896863,0.6464990725427141,-0.8027247895188744,-0.5678380124195501,-0.32972319663108157,0.09489825497040748,0.06844013277598783,2.146516379699357e-15,17.432896489599834,20
0.6499999999999999,9,144,1,1,1020,broad_xyz,21.99112410904393,False,0.47315834411224383,0.6276255882814091,0.6877602540814626,-0.8329980388689534,-0.6981204608839009,-0.4963781347118082,0.09424359807985194,0.06793098443006057,2.146516379699357e-15,17.432896489599834,20
0.7,9,144,1,1,1020,broad_xyz,21.99112410904393,False,0.6307127083135337,0.7307160083640595,0.757487065969621,-0.8458293857865798,-0.8132273570337716,-0.5458226313021257,0.09123868931239303,0.06559291784961446,2.146516379699357e-15,17.432896489599834,20
0.725,9,144,1,1,1020,broad_xyz,21.99112410904393,False,0.6538249080717544,0.7649605391296318,0.8010242166494493,-0.8436333658153864,-0.8457133507678865,-0.552571266059006,0.08967252779375087,0.06509916945304299,2.146516379699357e-15,17.432896489599834,20
0.75,9,144,1,1,1020,broad_xyz,21.99112410904393,False,0.6691844156807232,0.7904822221518585,0.8331789044654409,-0.8302397759986845,-0.854222041721322,-0.5490113431131485,0.09025225076072431,0.06472050003373037,2.146516379699357e-15,17.432896489599834,20
0.775,9,144,1,1,1020,broad_xyz,21.99112410904393,False,0.6957861365138508,0.8028222117974779,0.8512328541355247,-0.8097366507044748,-0.8483285979912161,-0.5385080928117064,0.09223058390951551,0.06411654082664768,2.146516379699357e-15,17.432896489599834,20
0.8,9,144,1,1,1020,broad_xyz,21.99112410904393,False,0.7151595513161175,0.8015410733417474,0.8579726077864208,-0.7811181390032512,-0.8395242505045893,-0.5229466429522251,0.0920748718645298,0.06330462073701816,2.146516379699357e-15,17.432896489599834,20
0.825,9,144,1,1,1020,broad_xyz,21.99112410904393,False,0.7187565895686769,0.7990284918300411,0.8603901090930656,-0.7235756446743633,-0.8332215260387851,-0.5010247470523258,0.09181386966545226,0.06251808827911276,2.146516379699357e-15,17.432896489599834,20
0.85,9,144,1,1,1020,broad_xyz,21.99112410904393,False,0.7219062296249734,0.8113009760481561,0.868443800966746,-0.6102326432462001,-0.8398745184397872,-0.4845497917152676,0.09123682962817413,0.0618016634184628,2.146516379699357e-15,17.432896489599834,20
0.875,9,144,1,1,1020,broad_xyz,21.99112410904393,False,0.7320720200133198,0.8298897201694891,0.8766147130020326,-0.5083137527604106,-0.8492601568257353,-0.4787885342342556,0.08801537966923259,0.06106111170513145,2.146516379699357e-15,17.432896489599834,20
0.9,9,144,1,1,1020,broad_xyz,21.99112410904393,False,0.7506860917475068,0.8438191545038631,0.880149128689405,-0.479974202752896,-0.8248287601470715,-0.4810562550645401,0.08663294846032284,0.06065314489055012,2.146516379699357e-15,17.432896489599834,20
0.95,9,144,1,1,1020,broad_xyz,21.99112410904393,False,0.7889508287093152,0.8625752090991176,0.895777432445194,-0.6249371560021635,-0.9058156097566827,-0.4904056779809474,0.08808345076110284,0.06195029337069226,2.146516379699357e-15,17.432896489599834,20
1.0,9,144,1,1,1020,broad_xyz,21.99112410904393,False,0.7358356238088921,0.8431546924452339,0.8801925654924875,-0.8437710791887612,-0.8820283045536065,-0.5301283810379621,0.0918065249816491,0.0642943758157693,2.146516379699357e-15,17.432896489599834,20
0.05,9,144,1,1,1021,broad_xyz,21.99112410904393,False,-0.10603419523695967,0.3821735266973031,-0.6174790681190756,-0.6276707753739474,-0.5367923663212275,-0.03168377198830995,0.0014809652497344461,0.0003976895217936322,2.146516379699357e-15,17.432896489599834,21
0.075,9,144,1,1,1021,broad_xyz,21.99112410904393,False,0.09139917904549973,0.4135453892728491,-0.6659470143935815,-0.6698408266836622,-0.547059852862769,0.04203535235610139,0.003049258888589969,0.0008715159711149782,2.146516379699357e-15,17.432896489599834,21
0.1,9,144,1,1,1021,broad_xyz,21.99112410904393,False,0.3336054712653428,0.4396272446980591,-0.6658842284835923,-0.6818953472343091,-0.5172563417258493,-0.02371355017183773,0.005792549416035711,0.0016589330434407515,2.146516379699357e-15,17.432896489599834,21
0.125,9,144,1,1,1021,broad_xyz,21.99112410904393,False,0.49644328267731086,0.5163160527103724,-0.6152282383966041,-0.687853431793593,-0.4612317182586002,-0.07084609712511203,0.009011629457187002,0.0029527211645251697,2.146516379699357e-15,17.432896489599834,21
0.15,9,144,1,1,1021,broad_xyz,21.99112410904393,False,0.5300149747478025,0.6917608665104215,-0.3843347021046062,-0.6632562657776372,-0.4945533494982142,0.12056118027473618,0.015239089030638031,0.005530188950676618,2.146516379699357e-15,17.432896489599834,21
0.1625,9,144,1,1,1021,broad_xyz,21.99112410904393,False,0.5070474938666444,0.7226673929140112,-0.20359183793175725,-0.6012565576418596,-0.5274980250000197,0.19673728008401678,0.02552841464651611,0.007629999831529603,2.146516379699357e-15,17.432896489599834,21
0.175,9,144,1,1,1021,broad_xyz,21.99112410904393,False,0.5029053418622351,0.7232938764169866,-0.07376285433213982,-0.5672675712720375,-0.5593031200101718,0.19374965260091911,0.03597579970314769,0.010195355410758195,2.146516379699357e-15,17.432896489599834,21
0.1875,9,144,1,1,1021,broad_xyz,21.99112410904393,False,0.5226532731018866,0.7247327290516141,-0.004312716090687303,-0.5763528345361115,-0.5656549135564981,0.1378314697148641,0.04547555245348374,0.013030371288906266,2.146516379699357e-15,17.432896489599834,21
0.2,9,144,1,1,1021,broad_xyz,21.99112410904393,False,0.551869985026828,0.7371565836461003,0.0381547842051226,-0.6054660661894022,-0.5564610245642932,0.04891884751994313,0.053534005649445375,0.01602811314359913,2.146516379699357e-15,17.432896489599834,21
0.2125,9,144,1,1,1021,broad_xyz,21.99112410904393,False,0.5816130628388201,0.7597678498004402,0.0696947580603899,-0.6384442222049592,-0.5316330751553487,-0.06004982720459365,0.059933154084106204,0.01907761424173056,2.146516379699357e-15,17.432896489599834,21
0.225,9,144,1,1,1021,broad_xyz,21.99112410904393,False,0.6076600194534447,0.7884301126217331,0.10745194039651373,-0.6594399383280026,-0.5002117821323856,-0.18540928149049854,0.06473211283761597,0.022181961720355595,2.146516379699357e-15,17.432896489599834,21
0.2375,9,144,1,1,1021,broad_xyz,21.99112410904393,False,0.6271965990665677,0.8154438346440119,0.15801481151683125,-0.6648719186093478,-0.4738895305976398,-0.3201708965310691,0.06799186184797654,0.025337647495412997,2.146516379699357e-15,17.432896489599834,21
0.25,9,144,1,1,1021,broad_xyz,21.99112410904393,False,0.6385872778437166,0.8349136400463134,0.2149934286449692,-0.662652487096174,-0.45307079684329543,-0.4289609835721727,0.07057485953103863,0.02858053560789744,2.146516379699357e-15,17.432896489599834,21
0.27,9,144,1,1,1021,broad_xyz,21.99112410904393,False,0.6410062113832568,0.847117327439452,0.3119605623953127,-0.6575787602351075,-0.4048585146415727,-0.4520087048129341,0.07348461855085421,0.03395072861116421,2.146516379699357e-15,17.432896489599834,21
0.29,9,144,1,1,1021,broad_xyz,21.99112410904393,False,0.624626607611608,0.8414412625452359,0.4056436661136047,-0.6659673386979742,-0.3447219463586127,-0.292111645687603,0.07686211264081486,0.039460564116777376,2.146516379699357e-15,17.432896489599834,21
0.31,9,144,1,1,1021,broad_xyz,21.99112410904393,False,0.5946486421231553,0.8235365774089964,0.4784376681165382,-0.6887536264133268,-0.3196854445012469,-0.08469336955219897,0.08381762800994452,0.04453519764301788,2.146516379699357e-15,17.432896489599834,21
0.33,9,144,1,1,1021,broad_xyz,21.99112410904393,False,0.5687065474251535,0.8051125137846826,0.5174257914325356,-0.7235970409233866,-0.3282169589623402,0.09692361972443177,0.08940147727787144,0.048560326951575666,2.146516379699357e-15,17.432896489599834,21
0.35,9,144,1,1,1021,broad_xyz,21.99112410904393,False,0.559248201876782,0.7977495050587655,0.5433666636667017,-0.7614041840577718,-0.367222785632157,0.21542927128209458,0.09302760858364219,0.05141406306794326,2.146516379699357e-15,17.432896489599834,21
0.37,9,144,1,1,1021,broad_xyz,21.99112410904393,False,0.5594736567936953,0.8001461405372245,0.5807132761802551,-0.7941961030101068,-0.4269644248096461,0.2698365842623854,0.09642471998936429,0.05346087958165719,2.146516379699357e-15,17.432896489599834,21
0.39,9,144,1,1,1021,broad_xyz,21.99112410904393,False,0.5624877113283692,0.8073013272467776,0.6296505469768309,-0.8180063335860873,-0.4892828689933692,0.26144428248369644,0.10085039565430995,0.055000440396164016,2.146516379699357e-15,17.432896489599834,21
0.41000000000000003,9,144,1,1,1021,broad_xyz,21.99112410904393,False,0.5692077683129072,0.8161048931268701,0.6779105819666384,-0.8292353439048445,-0.5408053981956649,0.20192378826657045,0.10245456427872343,0.0560368658889658,2.146516379699357e-15,17.432896489599834,21
0.43,9,144,1,1,1021,broad_xyz,21.99112410904393,False,0.5760624066434493,0.8222955248554105,0.7164315317820981,-0.8338037123117878,-0.6097134145300931,0.10858640036321618,0.10173240841274953,0.056730100646684635,2.146516379699357e-15,17.432896489599834,21
0.45,9,144,1,1,1021,broad_xyz,21.99112410904393,False,0.5782890743939192,0.8249051731731488,0.7461073796763585,-0.8389304118113002,-0.6891365978702333,0.010897030137208018,0.10170275076550817,0.05735727778470398,2.146516379699357e-15,17.432896489599834,21
0.5,9,144,1,1,1021,broad_xyz,21.99112410904393,False,0.5840369022879497,0.8233720835640865,0.8014875474196369,-0.8588846815603075,-0.6807333316709626,-0.14663034834954547,0.10600265916457476,0.06011625522560912,2.146516379699357e-15,17.432896489599834,21
0.55,9,144,1,1,1021,broad_xyz,21.99112410904393,False,0.5726952016718759,0.8064195203923972,0.8148276091444837,-0.8443735135491424,-0.662208555189871,-0.23090956301722515,0.10838030332219988,0.06360865443579031,2.146516379699357e-15,17.432896489599834,21
0.6,9,144,1,1,1021,broad_xyz,21.99112410904393,False,0.5442288391257297,0.7922573044427548,0.8252940249199187,-0.8368131934909585,-0.7165389194632025,-0.38561858388770753,0.11201812802440089,0.06776866853386625,2.146516379699357e-15,17.432896489599834,21
0.6499999999999999,9,144,1,1,1021,broad_xyz,21.99112410904393,False,0.5372955234826133,0.7858783372762247,0.8291939098192217,-0.8514237978094686,-0.752173568700156,-0.4175575014081447,0.10855761329644963,0.06972764253982983,2.146516379699357e-15,17.432896489599834,21
0.7,9,144,1,1,1021,broad_xyz,21.99112410904393,False,0.581592112836572,0.8106479108788064,0.8547465727203964,-0.8676933447350255,-0.7697591089400829,-0.4343801367113615,0.1034132201515904,0.07074044839406038,2.146516379699357e-15,17.432896489599834,21
0.725,9,144,1,1,1021,broad_xyz,21.99112410904393,False,0.6030233813306176,0.8219347787032225,0.8651865645656337,-0.8659759258984497,-0.765078146949812,-0.43845359588897526,0.10550608389718699,0.07138882870857254,2.146516379699357e-15,17.432896489599834,21
0.75,9,144,1,1,1021,broad_xyz,21.99112410904393,False,0.6311048806884348,0.8317797331608194,0.8692658067086961,-0.8615648874286895,-0.7681279213457505,-0.4496492440961281,0.10590029194694602,0.07158573297147527,2.146516379699357e-15,17.432896489599834,21
0.775,9,144,1,1,1021,broad_xyz,21.99112410904393,False,0.6761532945801224,0.8512775581061027,0.8771820567880461,-0.8539748052166797,-0.7928913903591215,-0.4664473038637955,0.10554257355454041,0.07146555132935854,2.146516379699357e-15,17.432896489599834,21
0.8,9,144,1,1,1021,broad_xyz,21.99112410904393,False,0.7228466696144988,0.8774949070819507,0.8876575732173089,-0.8349243822168461,-0.8170210555698624,-0.4807350843834028,0.105038437471342,0.0711263912962879,2.146516379699357e-15,17.432896489599834,21
0.825,9,144,1,1,1021,broad_xyz,21.99112410904393,False,0.762028990459974,0.8987185337712835,0.8962299424902685,-0.7950311446263887,-0.8372849033485373,-0.4885916939048814,0.10489133286667189,0.07051645958120313,2.146516379699357e-15,17.432896489599834,21
0.85,9,144,1,1,1021,broad_xyz,21.99112410904393,False,0.7914933020675792,0.9050673095580861,0.8994949468582286,-0.7288693896822427,-0.8495044720855571,-0.49331556550480665,0.10216240388956509,0.06949478097067696,2.146516379699357e-15,17.432896489599834,21
0.875,9,144,1,1,1021,broad_xyz,21.99112410904393,False,0.809124179600133,0.8958867774654473,0.8978322359711517,-0.6488605722509422,-0.8466344687730377,-0.49881755767329705,0.10068543451253409,0.06810486458935558,2.146516379699357e-15,17.432896489599834,21
0.9,9,144,1,1,1021,broad_xyz,21.99112410904393,False,0.8152975647450766,0.8781061948406524,0.8982045050796845,-0.5755007292274201,-0.8041273918146892,-0.5059378309873724,0.10150662721418528,0.06672511926641395,2.146516379699357e-15,17.432896489599834,21
0.95,9,144,1,1,1021,broad_xyz,21.99112410904393,False,0.7914761943480553,0.8255385793265511,0.9083816283651198,-0.5045672022523908,-0.8304930022763409,-0.5244293997131101,0.10268003217868639,0.0656882423232918,2.146516379699357e-15,17.432896489599834,21
1.0,9,144,1,1,1021,broad_xyz,21.99112410904393,False,0.732279825580479,0.7620931768802705,0.8881546514682335,-0.5191494486672231,-0.8056586625984806,-0.5550872366026252,0.10681752159857501,0.06695286615464949,2.146516379699357e-15,17.432896489599834,21
0.05,9,144,1,1,1022,broad_xyz,21.99112410904393,False,0.49958631822814814,0.6759886215002002,-0.39909244555271295,-0.6680501668471752,-0.5057735286421957,-0.28094097736123186,0.0018047192652747394,0.0006050456287751637,2.146516379699357e-15,17.432896489599834,22
0.075,9,144,1,1,1022,broad_xyz,21.99112410904393,False,0.5413277680038384,0.681196658831061,-0.29128605452924905,-0.6714165074945017,-0.6104528241510725,-0.31630238265546834,0.0050589042909457505,0.0018623882258248297,2.146516379699357e-15,17.432896489599834,22
0.1,9,144,1,1,1022,broad_xyz,21.99112410904393,False,0.6357712803797864,0.7250963713074039,-0.11744174916437226,-0.6877303891724598,-0.6860342341863339,-0.2652268053135249,0.009934560015321165,0.0043318681699001564,2.146516379699357e-15,17.432896489599834,22
0.125,9,144,1,1,1022,broad_xyz,21.99112410904393,False,0.7693202521154395,0.8076663807709851,0.11260617140046511,-0.7285515164636046,-0.7078931484773224,-0.10999756334663065,0.016524244416278384,0.008423273693102062,2.146516379699357e-15,17.432896489599834,22
0.15,9,144,1,1,1022,broad_xyz,21.99112410904393,False,0.8818103580563209,0.8822238835521423,0.34599174409422545,-0.7744089081437492,-0.731648203223144,0.12777478278992296,0.02666334146845231,0.01440536760489162,2.146516379699357e-15,17.432896489599834,22
0.1625,9,144,1,1,1022,broad_xyz,21.99112410904393,False,0.9136307134723509,0.9023922832731618,0.4414763039192197,-0.792218937987861,-0.7402675715385174,0.2465714450460548,0.03356979141184039,0.018115231868731464,2.146516379699357e-15,17.432896489599834,22
0.175,9,144,1,1,1022,broad_xyz,21.99112410904393,False,0.9296907024816509,0.9134085872638742,0.5196274549855902,-0.8075637612567591,-0.740381930856255,0.349594876163791,0.04170805344778468,0.02225860050831978,2.146516379699357e-15,17.432896489599834,22
0.1875,9,144,1,1,1022,broad_xyz,21.99112410904393,False,0.9368638811984953,0.9195945533814893,0.5807659188482496,-0.8238433945688342,-0.7303655299250028,0.42990557161105586,0.05006974100575118,0.026748450767636756,2.146516379699357e-15,17.432896489599834,22
0.2,9,144,1,1,1022,broad_xyz,21.99112410904393,False,0.940126322469259,0.9248634612222024,0.6311938347340563,-0.8407408604629845,-0.7136691671071075,0.48887443086416543,0.05806925773368549,0.031492587445602196,2.146516379699357e-15,17.432896489599834,22
0.2125,9,144,1,1,1022,broad_xyz,21.99112410904393,False,0.9415232504540378,0.9302618675583146,0.6738443127046803,-0.8581826424410034,-0.6891719732464686,0.5321250140875846,0.0655386003985944,0.03631041192634249,2.146516379699357e-15,17.432896489599834,22
0.225,9,144,1,1,1022,broad_xyz,21.99112410904393,False,0.9421602299333384,0.9357035812744292,0.7109102728641329,-0.8755634912044594,-0.6515821476280812,0.563866440660947,0.07248167182929247,0.04110603943082532,2.146516379699357e-15,17.432896489599834,22
0.2375,9,144,1,1,1022,broad_xyz,21.99112410904393,False,0.9421724455654789,0.9415524338913276,0.7437622686326358,-0.8924573076215478,-0.5955634229868204,0.5870484886166962,0.07807173764532119,0.04584494898836639,2.146516379699357e-15,17.432896489599834,22
0.25,9,144,1,1,1022,broad_xyz,21.99112410904393,False,0.9421081745936698,0.9473140232356998,0.7748705921466107,-0.9075098666774328,-0.5425908026067146,0.6049114156508982,0.08237856451882544,0.05050119430530901,2.146516379699357e-15,17.432896489599834,22
0.27,9,144,1,1,1022,broad_xyz,21.99112410904393,False,0.9399323736835804,0.9560551068223653,0.8258206829071382,-0.9236972892845777,-0.4802984226112339,0.6246553399605439,0.08712343137536559,0.0581017873995939,2.146516379699357e-15,17.432896489599834,22
0.29,9,144,1,1,1022,broad_xyz,21.99112410904393,False,0.9289240276542592,0.9608281266662971,0.8744889547728534,-0.9238329496696756,-0.4683023872097682,0.6400027538364516,0.09094427270374372,0.06543204932192598,2.146516379699357e-15,17.432896489599834,22
0.31,9,144,1,1,1022,broad_xyz,21.99112410904393,False,0.9020492399204434,0.954267803990529,0.9030274006592757,-0.9152563209409914,-0.5073576243466774,0.6372876197496508,0.09609449470348361,0.07090816143000504,2.146516379699357e-15,17.432896489599834,22
0.33,9,144,1,1,1022,broad_xyz,21.99112410904393,False,0.879018442931315,0.9481609518920177,0.9085406821587007,-0.9283107360216402,-0.5581214463163494,0.6161874086135865,0.1001643392729907,0.07312368940722526,2.146516379699357e-15,17.432896489599834,22
0.35,9,144,1,1,1022,broad_xyz,21.99112410904393,False,0.873109258526155,0.9482954795609717,0.9125497709016241,-0.9477530690942211,-0.6109646832385885,0.5904420823259935,0.10255182896613665,0.07347336017808327,2.146516379699357e-15,17.432896489599834,22
0.37,9,144,1,1,1022,broad_xyz,21.99112410904393,False,0.8722936320113822,0.947398040219602,0.917646953858862,-0.9599325964797046,-0.6598716766822105,0.5409889478021858,0.10417792047441614,0.07300526326483588,2.146516379699357e-15,17.432896489599834,22
0.39,9,144,1,1,1022,broad_xyz,21.99112410904393,False,0.8694972196451918,0.9429820182105123,0.9245822120742769,-0.9616888813927975,-0.7017303184006449,0.4498128816752163,0.10475879409240305,0.07240288689272499,2.146516379699357e-15,17.432896489599834,22
0.41000000000000003,9,144,1,1,1022,broad_xyz,21.99112410904393,False,0.8630052225391308,0.9345439097764487,0.9312655376274199,-0.957180059194244,-0.7348572278682224,0.32042726823590206,0.10553987220680375,0.07219555455289904,2.146516379699357e-15,17.432896489599834,22
0.43,9,144,1,1,1022,broad_xyz,21.99112410904393,False,0.8522489016923654,0.9212900470261821,0.9369416056046661,-0.9496864350075129,-0.7659287865244859,0.17955011784629016,0.10702699377680679,0.07268001347474216,2.146516379699357e-15,17.432896489599834,22
0.45,9,144,1,1,1022,broad_xyz,21.99112410904393,False,0.8333405442631212,0.9006717040053682,0.9375774718370972,-0.9386317925402382,-0.7800222260501262,0.04947181726594017,0.10838384129512334,0.07386033339480699,2.146516379699357e-15,17.432896489599834,22
0.5,9,144,1,1,1022,broad_xyz,21.99112410904393,False,0.7715351546889057,0.8501224248540372,0.9232441236854795,-0.9219947110188027,-0.7360909973785253,-0.10688980592743627,0.1120128657018541,0.07678449619530742,2.146516379699357e-15,17.432896489599834,22
0.55,9,144,1,1,1022,broad_xyz,21.99112410904393,False,0.7066120433353783,0.8044176658024658,0.911366309824441,-0.9189293723495464,-0.7552960852560582,-0.13218271006715346,0.11370311795637204,0.0797645880489874,2.146516379699357e-15,17.432896489599834,22
0.6,9,144,1,1,1022,broad_xyz,21.99112410904393,False,0.6117208614805021,0.7083957592051758,0.9037216834536314,-0.8730348913551181,-0.7776543313748185,-0.2813496891515552,0.10776631557734476,0.0835924300392467,2.146516379699357e-15,17.432896489599834,22
0.6499999999999999,9,144,1,1,1022,broad_xyz,21.99112410904393,False,0.6370144827730557,0.7214909649100814,0.8999492758311228,-0.8945771695047509,-0.8544456634318159,-0.4740397265522196,0.10730581352065514,0.08281116200618982,2.146516379699357e-15,17.432896489599834,22
0.7,9,144,1,1,1022,broad_xyz,21.99112410904393,False,0.6827207439438869,0.769405522556542,0.9059375746350751,-0.9012818757328837,-0.9027198239659185,-0.521283863119518,0.10449161353442135,0.08139035738625622,2.146516379699357e-15,17.432896489599834,22
0.725,9,144,1,1,1022,broad_xyz,21.99112410904393,False,0.688313943903869,0.7727126384966869,0.9132803485120693,-0.8906642098439822,-0.914784314735323,-0.5123788904865555,0.10560679880064068,0.08090237931486229,2.146516379699357e-15,17.432896489599834,22
0.75,9,144,1,1,1022,broad_xyz,21.99112410904393,False,0.6900579502220119,0.7755341712826912,0.9261023991951116,-0.8789063235338705,-0.917736601315843,-0.5024743873132486,0.10568863657792589,0.08038326446498087,2.146516379699357e-15,17.432896489599834,22
0.775,9,144,1,1,1022,broad_xyz,21.99112410904393,False,0.6934662960704898,0.7866067357461248,0.9399845725472418,-0.8643599674242327,-0.9159666899341905,-0.49425078045321064,0.10939945831034788,0.07942475400595364,2.146516379699357e-15,17.432896489599834,22
0.8,9,144,1,1,1022,broad_xyz,21.99112410904393,False,0.7049747942580253,0.8069157223703983,0.9511985374956768,-0.8380139774149749,-0.9170904856874204,-0.47892892124800057,0.10715547471122748,0.07771185289167845,2.146516379699357e-15,17.432896489599834,22
0.825,9,144,1,1,1022,broad_xyz,21.99112410904393,False,0.7229385295577073,0.8301916159403908,0.9552800173027581,-0.7798476171358539,-0.9186697796584486,-0.4516203844343476,0.10206346982050747,0.07537150755964918,2.146516379699357e-15,17.432896489599834,22
0.85,9,144,1,1,1022,broad_xyz,21.99112410904393,False,0.7391513573922056,0.8502353049954774,0.9506338117554078,-0.670452947228671,-0.9103001473990763,-0.43325388775092605,0.10234348597255138,0.0728893195990612,2.146516379699357e-15,17.432896489599834,22
0.875,9,144,1,1,1022,broad_xyz,21.99112410904393,False,0.7451575448840879,0.860556843629223,0.9410141071864216,-0.5625539275112236,-0.8908264931388514,-0.41807627313327084,0.10195149846051531,0.07053995522161866,2.146516379699357e-15,17.432896489599834,22
0.9,9,144,1,1,1022,broad_xyz,21.99112410904393,False,0.7371251669087637,0.8570150350334281,0.9341762398338728,-0.49925470562546387,-0.838548948881596,-0.40986321175655166,0.10317969332374541,0.06915249732628699,2.146516379699357e-15,17.432896489599834,22
0.95,9,144,1,1,1022,broad_xyz,21.99112410904393,False,0.6984958093031651,0.8121567313434621,0.9356589411170141,-0.5014472781232,-0.8829718474376452,-0.4141520895566531,0.10306059088850164,0.07000319755423294,2.146516379699357e-15,17.432896489599834,22
1.0,9,144,1,1,1022,broad_xyz,21.99112410904393,False,0.6606479851921129,0.7301329030439234,0.9300177560331131,-0.6737198015337424,-0.8639349212771142,-0.4604339286055119,0.09906434566096488,0.0736585281998367,2.146516379699357e-15,17.432896489599834,22
0.05,9,144,1,1,1023,broad_xyz,21.99112410904393,False,0.24385406461591314,0.5159399309064767,-0.5476034507870042,-0.6107312399655717,-0.5313081843288017,-0.09313011584511655,0.0017884471971527853,0.00021021332017083356,2.146516379699357e-15,17.432896489599834,23
0.075,9,144,1,1,1023,broad_xyz,21.99112410904393,False,0.3795464754752636,0.5890005234653429,-0.5576597638990035,-0.6851729856807831,-0.5734194602675398,0.124950971545142,0.004021659090890707,0.0006565466133906106,2.146516379699357e-15,17.432896489599834,23
0.1,9,144,1,1,1023,broad_xyz,21.99112410904393,False,0.40206698865584206,0.6106923912614136,-0.5204100993910533,-0.7356854326362907,-0.6040979038242174,0.3853565522476061,0.006642397779448058,0.0017804200897943542,2.146516379699357e-15,17.432896489599834,23
0.125,9,144,1,1,1023,broad_xyz,21.99112410904393,False,0.3740002352769814,0.5839443818092634,-0.47639607786558913,-0.7623774022627582,-0.6352495168030251,0.48361247968841836,0.0157501808537357,0.00399504413866299,2.146516379699357e-15,17.432896489599834,23
0.15,9,144,1,1,1023,broad_xyz,21.99112410904393,False,0.4284961911013743,0.601484565240581,-0.4245953395112222,-0.8082873045686063,-0.650923032752271,0.4562061684605178,0.02663634442143218,0.007550204191781162,2.146516379699357e-15,17.432896489599834,23
0.1625,9,144,1,1,1023,broad_xyz,21.99112410904393,False,0.47700167065278665,0.6298279901390504,-0.3816729869000191,-0.8313364567452904,-0.6723351693219235,0.4103764899139679,0.03177275776919434,0.009950508856130955,2.146516379699357e-15,17.432896489599834,23
0.175,9,144,1,1,1023,broad_xyz,21.99112410904393,False,0.5280867104265815,0.6665839333590465,-0.326121583043917,-0.8507990757887718,-0.6858721864528885,0.3453630480806616,0.03697972719827677,0.01283075659721757,2.146516379699357e-15,17.432896489599834,23
0.1875,9,144,1,1,1023,broad_xyz,21.99112410904393,False,0.577192556369283,0.7068957331591915,-0.26374974381192856,-0.866494563199744,-0.684903810580573,0.25808824488632504,0.04149078632854063,0.016181131634935852,2.146516379699357e-15,17.432896489599834,23
0.2,9,144,1,1,1023,broad_xyz,21.99112410904393,False,0.623546363935991,0.7470031835941044,-0.19768802468618582,-0.8778355976638637,-0.673849685281792,0.153010924302162,0.04579497472519967,0.019929645959057957,2.146516379699357e-15,17.432896489599834,23
0.2125,9,144,1,1,1023,broad_xyz,21.99112410904393,False,0.6644084622051528,0.7836132637072263,-0.13432839483491665,-0.8873324350293587,-0.653161482811544,0.03882391120399247,0.05288803691016042,0.023928219728582147,2.146516379699357e-15,17.432896489599834,23
0.225,9,144,1,1,1023,broad_xyz,21.99112410904393,False,0.6988454832275836,0.8169485707154187,-0.07152046679185863,-0.8950976969906816,-0.6157561635111911,-0.08035987262513304,0.061817629967938985,0.02805414228077923,2.146516379699357e-15,17.432896489599834,23
0.2375,9,144,1,1,1023,broad_xyz,21.99112410904393,False,0.7278912383860716,0.8477331127910773,-0.008625931777242806,-0.9020104635754372,-0.5613535724784456,-0.19673087474200998,0.06882310048776481,0.0322558013920265,2.146516379699357e-15,17.432896489599834,23
0.25,9,144,1,1,1023,broad_xyz,21.99112410904393,False,0.7468931366359557,0.8710608267618587,0.0559710932187799,-0.9077433417002179,-0.5006373349007075,-0.2864411885682771,0.07398962125245832,0.03637915310965796,2.146516379699357e-15,17.432896489599834,23
0.27,9,144,1,1,1023,broad_xyz,21.99112410904393,False,0.7555473980271147,0.8872426113324918,0.16477353419628357,-0.915001389292893,-0.40449955162231177,-0.2966082724350278,0.07874469657825946,0.04256638637441898,2.146516379699357e-15,17.432896489599834,23
0.29,9,144,1,1,1023,broad_xyz,21.99112410904393,False,0.7458453918606784,0.8842255403589799,0.284623962130103,-0.9168441245723689,-0.33797116895555496,-0.19038570640849756,0.08095877479388812,0.048390599187703165,2.146516379699357e-15,17.432896489599834,23
0.31,9,144,1,1,1023,broad_xyz,21.99112410904393,False,0.7380752774015897,0.8835610336640567,0.4251268294309221,-0.9071379868500195,-0.34201568670787175,-0.07831596372134617,0.08700394072693218,0.05353792661188561,2.146516379699357e-15,17.432896489599834,23
0.33,9,144,1,1,1023,broad_xyz,21.99112410904393,False,0.7398851166476502,0.8906324954936636,0.5645061338557807,-0.8954700321802563,-0.39266736440355804,0.014527110861898672,0.08931233893149033,0.05690904925567872,2.146516379699357e-15,17.432896489599834,23
0.35,9,144,1,1,1023,broad_xyz,21.99112410904393,False,0.7319135248222862,0.8872135371312476,0.6543915812217939,-0.894529047633517,-0.45051451369609286,0.0863624279516656,0.09259017118931481,0.05860506711857351,2.146516379699357e-15,17.432896489599834,23
0.37,9,144,1,1,1023,broad_xyz,21.99112410904393,False,0.7177888331556445,0.877966807915073,0.7041365471216565,-0.9015044287597127,-0.5105105128285388,0.135713484789638,0.09770968584149643,0.059375244024643385,2.146516379699357e-15,17.432896489599834,23
0.39,9,144,1,1,1023,broad_xyz,21.99112410904393,False,0.708474952201445,0.8709895134508886,0.7415801392964619,-0.9037078670231046,-0.5622369505359656,0.16130984798771258,0.102708621527736,0.059888733255040155,2.146516379699357e-15,17.432896489599834,23
0.41000000000000003,9,144,1,1,1023,broad_xyz,21.99112410904393,False,0.707358929784474,0.8678387386361283,0.7754925535041585,-0.9020578338428009,-0.6088507352807122,0.16244947299615334,0.10356659004222266,0.060534472848991924,2.146516379699357e-15,17.432896489599834,23
0.43,9,144,1,1,1023,broad_xyz,21.99112410904393,False,0.7069321682698281,0.8634549977078889,0.8018811081765895,-0.8980594515158293,-0.6608368380988401,0.15191253681723732,0.10235076324860895,0.06131677086664459,2.146516379699357e-15,17.432896489599834,23
0.45,9,144,1,1,1023,broad_xyz,21.99112410904393,False,0.7000870325255528,0.8536346929076098,0.8176151843275572,-0.8934802953735795,-0.7094282631468523,0.13286141136375038,0.100940904511215,0.062264042556462194,2.146516379699357e-15,17.432896489599834,23
0.5,9,144,1,1,1023,broad_xyz,21.99112410904393,False,0.652667210666337,0.8190772466159915,0.8244940263195107,-0.889198950841225,-0.6420142093743327,0.0025299530371063307,0.1073703606224933,0.06505368131877463,2.146516379699357e-15,17.432896489599834,23
0.55,9,144,1,1,1023,broad_xyz,21.99112410904393,False,0.6504679558901126,0.8000713673526105,0.8238392889893291,-0.9039452992522705,-0.6415658178595904,-0.14651066122260173,0.10698524700157959,0.06839701843362705,2.146516379699357e-15,17.432896489599834,23
0.6,9,144,1,1,1023,broad_xyz,21.99112410904393,False,0.5829132655495577,0.7525534293331357,0.7988069185784239,-0.8993757889694398,-0.7478507100507612,-0.26026767821952596,0.11119621533046499,0.072882728440222,2.146516379699357e-15,17.432896489599834,23
0.6499999999999999,9,144,1,1,1023,broad_xyz,21.99112410904393,False,0.5395252407605923,0.7243868307129928,0.8342960748799968,-0.9089792246451138,-0.8549936166347383,-0.3330247799503605,0.11036717130884902,0.07447914843900502,2.146516379699357e-15,17.432896489599834,23
0.7,9,144,1,1,1023,broad_xyz,21.99112410904393,False,0.586544596562721,0.7394175256449421,0.8350459590880608,-0.9209833569906966,-0.8795495385156129,-0.3713070637527915,0.11019201061520624,0.0744812967084281,2.146516379699357e-15,17.432896489599834,23
0.725,9,144,1,1,1023,broad_xyz,21.99112410904393,False,0.6143935126760363,0.7542559927055513,0.839404741220664,-0.91662448143763,-0.8864289859818512,-0.39002587568949754,0.10722747528274058,0.07464689860220326,2.146516379699357e-15,17.432896489599834,23
0.75,9,144,1,1,1023,broad_xyz,21.99112410904393,False,0.6457834297527202,0.7703666429077078,0.8542725484003442,-0.9105756291376762,-0.8949172878859033,-0.40569189259639177,0.1055407074596155,0.07471583998547077,2.146516379699357e-15,17.432896489599834,23
0.775,9,144,1,1,1023,broad_xyz,21.99112410904393,False,0.6811066836438847,0.7890647160789097,0.8745808655221375,-0.9017696087071709,-0.9051105944496067,-0.41901075335695587,0.10404434579484058,0.07454643495005077,2.146516379699357e-15,17.432896489599834,23
0.8,9,144,1,1,1023,broad_xyz,21.99112410904393,False,0.7036570854378349,0.8025504670127538,0.8885159146373377,-0.8808734669065769,-0.9104326863088272,-0.4265070234154289,0.09975024153687184,0.07384360956277358,2.146516379699357e-15,17.432896489599834,23
0.825,9,144,1,1,1023,broad_xyz,21.99112410904393,False,0.7180155109366656,0.8087662007243929,0.8952161238576035,-0.8289541602184616,-0.910774715389057,-0.43332903292712543,0.10157346994112691,0.07262208614999897,2.146516379699357e-15,17.432896489599834,23
0.85,9,144,1,1,1023,broad_xyz,21.99112410904393,False,0.7380777574590642,0.8190208219533152,0.9015181301174288,-0.7218247655774513,-0.9087629530605911,-0.45355645405130507,0.10449100883043934,0.07132809537891735,2.146516379699357e-15,17.432896489599834,23
0.875,9,144,1,1,1023,broad_xyz,21.99112410904393,False,0.7618117900210849,0.8357475360515668,0.9064129118544141,-0.572826681353688,-0.8927146037926267,-0.4845074398133498,0.10660642146465829,0.07042947673249593,2.146516379699357e-15,17.432896489599834,23
0.9,9,144,1,1,1023,broad_xyz,21.99112410904393,False,0.778511833452333,0.8480862672899406,0.907546772220992,-0.4579883893459801,-0.8263888178589297,-0.5004097288347222,0.1063790572222427,0.06982957502262692,2.146516379699357e-15,17.432896489599834,23
0.95,9,144,1,1,1023,broad_xyz,21.99112410904393,False,0.7787942292673853,0.8241978864751419,0.891828090618633,-0.44828587468293873,-0.85167277391106,-0.5137352585179464,0.10493353865328624,0.06880100615763772,2.146516379699357e-15,17.432896489599834,23
1.0,9,144,1,1,1023,broad_xyz,21.99112410904393,False,0.7507479941617982,0.7679812528596506,0.8744370455173816,-0.6671689680819032,-0.8454736831828413,-0.5156098293041972,0.10312237823566653,0.06870795069917787,2.146516379699357e-15,17.432896489599834,23
0.05,9,144,1,1,1024,broad_xyz,21.99112410904393,False,0.5229409382738501,0.47947230812326325,0.5172137461912995,-0.2153007318890338,-0.005592221097414569,0.10207705690705064,0.0019247855523238427,0.00040408227485054954,2.146516379699357e-15,17.432896489599834,24
0.075,9,144,1,1,1024,broad_xyz,21.99112410904393,False,0.4275348208827673,0.5360400147582615,0.48717173988711315,-0.35201424216724164,-0.3762756640765054,-0.09408643037681173,0.003999590030118268,0.0010463591900357798,2.146516379699357e-15,17.432896489599834,24
0.1,9,144,1,1,1024,broad_xyz,21.99112410904393,False,0.3877570402581272,0.576744813205709,0.3675873367558984,-0.5312149715883703,-0.6140656743533324,-0.21853959201454848,0.006574591949663531,0.002367060237487406,2.146516379699357e-15,17.432896489599834,24
0.125,9,144,1,1,1024,broad_xyz,21.99112410904393,False,0.4615459240153867,0.6337405610085965,0.3266785190733282,-0.7295540150952213,-0.7706599599339666,-0.20747213284087193,0.012986889829169743,0.004874836803961765,2.146516379699357e-15,17.432896489599834,24
0.15,9,144,1,1,1024,broad_xyz,21.99112410904393,False,0.5734770820839843,0.6935859040121908,0.354410104093893,-0.8333333781870652,-0.8291495669707903,-0.1647344968084696,0.023878783842841058,0.009454891578471644,2.146516379699357e-15,17.432896489599834,24
0.1625,9,144,1,1,1024,broad_xyz,21.99112410904393,False,0.6284053041560734,0.724040117253754,0.3746414951783063,-0.85526808672976,-0.838460905446135,-0.16064791706731354,0.03165462087230724,0.01285955829717408,2.146516379699357e-15,17.432896489599834,24
0.175,9,144,1,1,1024,broad_xyz,21.99112410904393,False,0.685508381152807,0.7610501072667136,0.40920798085944,-0.8674632320748984,-0.8504027124063754,-0.16220406632381792,0.03948354331807613,0.016932597980528628,2.146516379699357e-15,17.432896489599834,24
0.1875,9,144,1,1,1024,broad_xyz,21.99112410904393,False,0.7417571801435452,0.8001912116630862,0.45458952453394275,-0.8741898728675086,-0.8682198209666208,-0.16760043415026254,0.04667093562257542,0.021463387932157237,2.146516379699357e-15,17.432896489599834,24
0.2,9,144,1,1,1024,broad_xyz,21.99112410904393,False,0.7910568697529118,0.8358389803069626,0.5030459392322619,-0.8786534501863495,-0.8814477475271328,-0.18241779420595933,0.05444295079602164,0.02624466606467626,2.146516379699357e-15,17.432896489599834,24
0.2125,9,144,1,1,1024,broad_xyz,21.99112410904393,False,0.8322128496147673,0.8658377560276315,0.5499117184329295,-0.8841610864811013,-0.8742929453083009,-0.21092662715359342,0.061964822319103226,0.03110378831332783,2.146516379699357e-15,17.432896489599834,24
0.225,9,144,1,1,1024,broad_xyz,21.99112410904393,False,0.8621399997946936,0.8887783523639509,0.5910949189897861,-0.8930736608055636,-0.8495212305636585,-0.2556079242087085,0.068631746741134,0.03593792608403985,2.146516379699357e-15,17.432896489599834,24
0.2375,9,144,1,1,1024,broad_xyz,21.99112410904393,False,0.8813228766161056,0.9049602461443587,0.6262834828811841,-0.9052442573127845,-0.8245266128881408,-0.31052813349529296,0.07441640121715988,0.04073559455373427,2.146516379699357e-15,17.432896489599834,24
0.25,9,144,1,1,1024,broad_xyz,21.99112410904393,False,0.88871601374924,0.912495208361075,0.6523318011402648,-0.9212013634992037,-0.7966433945574013,-0.3664493789557602,0.08000876787488029,0.045659676512138266,2.146516379699357e-15,17.432896489599834,24
0.27,9,144,1,1,1024,broad_xyz,21.99112410904393,False,0.8767273523271544,0.9074512896189084,0.681778841305534,-0.9469584151456772,-0.7218212524127832,-0.41096612486300216,0.08673285820936887,0.05406180909036488,2.146516379699357e-15,17.432896489599834,24
0.29,9,144,1,1,1024,broad_xyz,21.99112410904393,False,0.8528044474411878,0.8972377996844731,0.7234820124912591,-0.9514606291861907,-0.604261541596139,-0.38338368363872194,0.0907016895958754,0.06211526186052517,2.146516379699357e-15,17.432896489599834,24
0.31,9,144,1,1,1024,broad_xyz,21.99112410904393,False,0.8429777365124439,0.9021767383314522,0.8022419917289885,-0.9305257422855557,-0.5045736483800687,-0.2947572774572761,0.0974744681939099,0.06776918076152601,2.146516379699357e-15,17.432896489599834,24
0.33,9,144,1,1,1024,broad_xyz,21.99112410904393,False,0.8340658021166716,0.9059396966902036,0.872294565784955,-0.9158479593630116,-0.4863535239156616,-0.175422401839541,0.10040642172572535,0.06989535821725819,2.146516379699357e-15,17.432896489599834,24
0.35,9,144,1,1,1024,broad_xyz,21.99112410904393,False,0.8222355139663565,0.9033921205242482,0.9084700464968197,-0.9311424552890886,-0.5480535872274214,-0.10207741854100212,0.10129189144814148,0.06968462399911893,2.146516379699357e-15,17.432896489599834,24
0.37,9,144,1,1,1024,broad_xyz,21.99112410904393,False,0.8132399027445858,0.9009704180556688,0.9218928116490285,-0.9542693210934081,-0.626805021618201,-0.07759433274337996,0.10241961031495483,0.06870379419630902,2.146516379699357e-15,17.432896489599834,24
0.39,9,144,1,1,1024,broad_xyz,21.99112410904393,False,0.8065922966553228,0.8982970154652641,0.9220017413616601,-0.9621113301386982,-0.6887083618797514,-0.07919506398559188,0.10295170011578374,0.06783496536333156,2.146516379699357e-15,17.432896489599834,24
0.41000000000000003,9,144,1,1,1024,broad_xyz,21.99112410904393,False,0.8000952784367934,0.8962830271775022,0.9180115784349255,-0.9586363082263385,-0.7448259358563287,-0.09645228812871537,0.10438484797910241,0.06779199089964592,2.146516379699357e-15,17.432896489599834,24
0.43,9,144,1,1,1024,broad_xyz,21.99112410904393,False,0.7907618287972376,0.8929943697047952,0.9137108412950514,-0.9529012304408375,-0.790386281904078,-0.1287554931401031,0.1055958492961842,0.06854198849021224,2.146516379699357e-15,17.432896489599834,24
0.45,9,144,1,1,1024,broad_xyz,21.99112410904393,False,0.7746425441626974,0.8829832644099636,0.9080652199974744,-0.9470230052475352,-0.7925844389154073,-0.17625112181795977,0.10483027972611565,0.06968305768236939,2.146516379699357e-15,17.432896489599834,24
0.5,9,144,1,1,1024,broad_xyz,21.99112410904393,False,0.7178495563916525,0.8229513724749731,0.8964657216536597,-0.9313417413938706,-0.7122925106614654,-0.27827351162303043,0.11155544049443247,0.07320651958805198,2.146516379699357e-15,17.432896489599834,24
0.55,9,144,1,1,1024,broad_xyz,21.99112410904393,False,0.5959879922401673,0.7199806973860519,0.8701572838379253,-0.9158842240542668,-0.6500770785139303,-0.2901147007498955,0.113250582936484,0.07918536180043305,2.146516379699357e-15,17.432896489599834,24
0.6,9,144,1,1,1024,broad_xyz,21.99112410904393,False,0.40618806683944086,0.5472086774743798,0.7794414266371916,-0.8626804687673857,-0.6154905117586187,-0.29402771428993557,0.11068376381023796,0.0829135776692847,2.146516379699357e-15,17.432896489599834,24
0.6499999999999999,9,144,1,1,1024,broad_xyz,21.99112410904393,False,0.5161656491206356,0.6293673208642937,0.8570490165808063,-0.8904187836465793,-0.7747327919072396,-0.3495120048680282,0.10799204374291374,0.08189782387876458,2.146516379699357e-15,17.432896489599834,24
0.7,9,144,1,1,1024,broad_xyz,21.99112410904393,False,0.6362551006760748,0.6804375710518824,0.8571300260380907,-0.8973082749978522,-0.8159472148583377,-0.48185672393097967,0.10894500743521622,0.08018612117046059,2.146516379699357e-15,17.432896489599834,24
0.725,9,144,1,1,1024,broad_xyz,21.99112410904393,False,0.6543042344781433,0.6893387766492742,0.8510294992933582,-0.8863621397227596,-0.8261401073823464,-0.5034751395415382,0.11055534196859536,0.08020929290677721,2.146516379699357e-15,17.432896489599834,24
0.75,9,144,1,1,1024,broad_xyz,21.99112410904393,False,0.6696431255907022,0.7079496591005395,0.8544420034631264,-0.8732542828163209,-0.8391755008672452,-0.5047106269961897,0.10883947906278404,0.07997421716666413,2.146516379699357e-15,17.432896489599834,24
0.775,9,144,1,1,1024,broad_xyz,21.99112410904393,False,0.6954917380981972,0.7350891545114049,0.8662598777073074,-0.850250589365611,-0.8536741501831441,-0.4977049181488927,0.10344246155299013,0.07887189381982908,2.146516379699357e-15,17.432896489599834,24
0.8,9,144,1,1,1024,broad_xyz,21.99112410904393,False,0.731275092311306,0.7732809795724738,0.8856098920557262,-0.79461186355084,-0.8669807273025932,-0.4839189173654052,0.10046243942690558,0.07707457006890227,2.146516379699357e-15,17.432896489599834,24
0.825,9,144,1,1,1024,broad_xyz,21.99112410904393,False,0.7739086439569949,0.8218610344222625,0.9086992919527292,-0.6793322447051569,-0.8815348073550563,-0.4590963038300973,0.09735031076483451,0.07498584585855084,2.146516379699357e-15,17.432896489599834,24
0.85,9,144,1,1,1024,broad_xyz,21.99112410904393,False,0.812545198349283,0.8648071707917007,0.9269070542699979,-0.5338568757168964,-0.8956802582311275,-0.4220124169105744,0.09668410920420636,0.07278787941080792,2.146516379699357e-15,17.432896489599834,24
0.875,9,144,1,1,1024,broad_xyz,21.99112410904393,False,0.8323597429171299,0.8874645309086382,0.934540432531349,-0.45133143007272747,-0.8958431770824571,-0.3876806737808661,0.097065911997868,0.07078119641584617,2.146516379699357e-15,17.432896489599834,24
0.9,9,144,1,1,1024,broad_xyz,21.99112410904393,False,0.8318770391597906,0.8933470817759107,0.9350351122826633,-0.45012070742151256,-0.8487601044966445,-0.37144648886956494,0.09611859544877442,0.06952800844228824,2.146516379699357e-15,17.432896489599834,24
0.95,9,144,1,1,1024,broad_xyz,21.99112410904393,False,0.7923957815309953,0.8618319715594385,0.9278436046918273,-0.6127452113508858,-0.8976190491531988,-0.3623913152695242,0.09692470160639981,0.06894559936316819,2.146516379699357e-15,17.432896489599834,24
1.0,9,144,1,1,1024,broad_xyz,21.99112410904393,False,0.7570870080225534,0.787598058876045,0.9106330438160073,-0.8192905401845892,-0.8770187915512695,-0.3925080351611268,0.09424794835839664,0.0703394020093084,2.146516379699357e-15,17.432896489599834,24
0.05,9,144,1,1,1025,broad_xyz,21.99112410904393,False,0.3232899533301341,0.5194190931067176,0.17433737686192255,-0.13940605136495093,0.2752162570046941,0.08209168545023647,0.002202435804793001,0.0005052408979603597,2.146516379699357e-15,17.432896489599834,25
0.075,9,144,1,1,1025,broad_xyz,21.99112410904393,False,0.39217500514340825,0.5522137831023567,0.15726449207544338,-0.19982375944775663,0.10754367678509065,0.07510376050827346,0.005148758867941064,0.001219731733355981,2.146516379699357e-15,17.432896489599834,25
0.1,9,144,1,1,1025,broad_xyz,21.99112410904393,False,0.4334036511950252,0.600338500834314,0.01856701312914799,-0.34689925171057134,-0.22453626868062582,0.13979610751159896,0.008483854871261591,0.00223986903399066,2.146516379699357e-15,17.432896489599834,25
0.125,9,144,1,1,1025,broad_xyz,21.99112410904393,False,0.3879639670935448,0.633248781296813,-0.19625413559867266,-0.5440835639134635,-0.5247776343633432,0.26794282015618626,0.01118273648716457,0.003692412801323835,2.146516379699357e-15,17.432896489599834,25
0.15,9,144,1,1,1025,broad_xyz,21.99112410904393,False,0.3671201539012227,0.6602244488513479,-0.32666157401574564,-0.6912988465809651,-0.6862897721820224,0.37365452297129237,0.016970031116435604,0.005909079519163706,2.146516379699357e-15,17.432896489599834,25
0.1625,9,144,1,1,1025,broad_xyz,21.99112410904393,False,0.41140821484218504,0.6906525333707839,-0.31442499110558203,-0.724734204538697,-0.6965307379092145,0.3857260691344977,0.021283294577586796,0.007591944285667025,2.146516379699357e-15,17.432896489599834,25
0.175,9,144,1,1,1025,broad_xyz,21.99112410904393,False,0.4837394398165705,0.7334594804513798,-0.24271794034633035,-0.7239206467263485,-0.6702276296545256,0.363582626952179,0.02777766096290516,0.009852779453338959,2.146516379699357e-15,17.432896489599834,25
0.1875,9,144,1,1,1025,broad_xyz,21.99112410904393,False,0.5538366731649308,0.774970405564035,-0.13890634093542722,-0.6997352478761326,-0.6146475027932838,0.32327757374364796,0.03504498480193442,0.012684049765674115,2.146516379699357e-15,17.432896489599834,25
0.2,9,144,1,1,1025,broad_xyz,21.99112410904393,False,0.6056434969238427,0.8092783633812839,-0.026827875143415152,-0.6666928352681467,-0.5510357303662208,0.2736411380895189,0.042647135750673235,0.015932662604731182,2.146516379699357e-15,17.432896489599834,25
0.2125,9,144,1,1,1025,broad_xyz,21.99112410904393,False,0.6371451366043609,0.8355080311190627,0.08328598681435681,-0.6339139152757135,-0.493115657088933,0.22554164264211204,0.05004377886379048,0.019385106186226006,2.146516379699357e-15,17.432896489599834,25
0.225,9,144,1,1,1025,broad_xyz,21.99112410904393,False,0.6524806472513881,0.8523825028037794,0.18257333129011546,-0.6113371172649941,-0.4244713192082161,0.17918784373978275,0.05790626714811117,0.022811340371686455,2.146516379699357e-15,17.432896489599834,25
0.2375,9,144,1,1,1025,broad_xyz,21.99112410904393,False,0.6576655219599626,0.8624388636506394,0.27830174573991695,-0.5979719862641877,-0.35808356768217287,0.13169137280348708,0.06592150051184742,0.026215377071858798,2.146516379699357e-15,17.432896489599834,25
0.25,9,144,1,1,1025,broad_xyz,21.99112410904393,False,0.6570304093503834,0.865660060936538,0.37367008372657656,-0.5939645753352545,-0.31899578064280404,0.08230760846782191,0.07362874488977277,0.029628132233440796,2.146516379699357e-15,17.432896489599834,25
0.27,9,144,1,1,1025,broad_xyz,21.99112410904393,False,0.6469532101839625,0.8542389837893409,0.5249495990741855,-0.6072384835676521,-0.32864691070725277,0.008961547674882334,0.085518701878165,0.03525708540173772,2.146516379699357e-15,17.432896489599834,25
0.29,9,144,1,1,1025,broad_xyz,21.99112410904393,False,0.6236784336109361,0.82035868664558,0.6606257699211123,-0.6401370749377302,-0.336362660684538,-0.03366281214961156,0.09530715799312646,0.04106638041087115,2.146516379699357e-15,17.432896489599834,25
0.31,9,144,1,1,1025,broad_xyz,21.99112410904393,False,0.6085601436895002,0.790280610723578,0.7601101953997005,-0.6939199868433175,-0.31244051694535885,-0.03550869211062289,0.1012529469951622,0.046386510168616404,2.146516379699357e-15,17.432896489599834,25
0.33,9,144,1,1,1025,broad_xyz,21.99112410904393,False,0.6215663357103832,0.7907267218690442,0.8183710357552232,-0.7648270599003081,-0.27507042884504873,-0.0340526679495044,0.10352496774940999,0.050290026013345826,2.146516379699357e-15,17.432896489599834,25
0.35,9,144,1,1,1025,broad_xyz,21.99112410904393,False,0.6491188916548016,0.8106534574606943,0.8637396863427639,-0.8262871188697506,-0.2733723038291227,-0.05280382806542203,0.105622989570747,0.053357900456185714,2.146516379699357e-15,17.432896489599834,25
0.37,9,144,1,1,1025,broad_xyz,21.99112410904393,False,0.6818376400770885,0.8375199920208288,0.8979438078237306,-0.8678635984904602,-0.2987128960252163,-0.07641369793898903,0.10813403854697287,0.05589317857668154,2.146516379699357e-15,17.432896489599834,25
0.39,9,144,1,1,1025,broad_xyz,21.99112410904393,False,0.7101415768529251,0.8592538051199456,0.9167013666773207,-0.8874071991865199,-0.3302043587405413,-0.09458918239966975,0.11002196056649143,0.05803965395476803,2.146516379699357e-15,17.432896489599834,25
0.41000000000000003,9,144,1,1,1025,broad_xyz,21.99112410904393,False,0.7308471182526967,0.8708869859159218,0.9240558831019268,-0.8915484548820569,-0.42823898073440275,-0.09956903847413795,0.11216652998268563,0.05990945345189843,2.146516379699357e-15,17.432896489599834,25
0.43,9,144,1,1,1025,broad_xyz,21.99112410904393,False,0.7500112512629642,0.8733543604091103,0.929858770047724,-0.8877248985344138,-0.5777688578403579,-0.1005490251266796,0.116072733333635,0.06176830674658759,2.146516379699357e-15,17.432896489599834,25
0.45,9,144,1,1,1025,broad_xyz,21.99112410904393,False,0.7690750732563336,0.8694941445039618,0.9348337620198776,-0.8822747561286115,-0.6931636125923203,-0.10098638128588658,0.12126836084916638,0.06344597670856819,2.146516379699357e-15,17.432896489599834,25
0.5,9,144,1,1,1025,broad_xyz,21.99112410904393,False,0.757785160205533,0.8603805512879791,0.9465384123163711,-0.8971073697253372,-0.5568125664381784,-0.10654999917677717,0.12654442367320673,0.06647569396973337,2.146516379699357e-15,17.432896489599834,25
0.55,9,144,1,1,1025,broad_xyz,21.99112410904393,False,0.6696338751121825,0.8486242475324364,0.9465008886145857,-0.86909789782239,-0.5815670234919046,-0.14134655248313882,0.1378377277323237,0.07095808956227187,2.146516379699357e-15,17.432896489599834,25
0.6,9,144,1,1,1025,broad_xyz,21.99112410904393,False,0.6652703691441774,0.8054470656182454,0.9353959562247132,-0.8522081745420372,-0.6742741031103909,-0.2510584270027774,0.1253348034634685,0.07474465483407927,2.146516379699357e-15,17.432896489599834,25
0.6499999999999999,9,144,1,1,1025,broad_xyz,21.99112410904393,False,0.677434904955039,0.7670176342107241,0.9321435553862707,-0.8718836730820761,-0.7869242524430707,-0.3636932793463305,0.11281364358902979,0.07607446140807227,2.146516379699357e-15,17.432896489599834,25
0.7,9,144,1,1,1025,broad_xyz,21.99112410904393,False,0.6729054947702219,0.7606866903676374,0.9266983867340336,-0.8704972324483119,-0.8601374978712328,-0.4206060591057495,0.11330842136856589,0.07662762773237558,2.146516379699357e-15,17.432896489599834,25
0.725,9,144,1,1,1025,broad_xyz,21.99112410904393,False,0.6766316583208645,0.7657751923545828,0.9259125438382952,-0.8696150684120262,-0.8758585391322757,-0.4187229245448559,0.11042906842088018,0.07683588375448233,2.146516379699357e-15,17.432896489599834,25
0.75,9,144,1,1,1025,broad_xyz,21.99112410904393,False,0.7021671354582542,0.7872116933956064,0.9266724881639616,-0.860077705572155,-0.8817048139144307,-0.40699895679888803,0.11573823226702677,0.07709815255080606,2.146516379699357e-15,17.432896489599834,25
0.775,9,144,1,1,1025,broad_xyz,21.99112410904393,False,0.7287651946153125,0.815178578342889,0.925394549237423,-0.8361638866790865,-0.8843000457012493,-0.3969617403222857,0.12279143757586748,0.07699966897615365,2.146516379699357e-15,17.432896489599834,25
0.8,9,144,1,1,1025,broad_xyz,21.99112410904393,False,0.75026885729487,0.839739545192475,0.9255270089733507,-0.7844207424645029,-0.8934156623994591,-0.396294077902649,0.1200169263217608,0.07656798415888029,2.146516379699357e-15,17.432896489599834,25
0.825,9,144,1,1,1025,broad_xyz,21.99112410904393,False,0.772642648345676,0.8587860840177111,0.9271773892021322,-0.6546434469618744,-0.9040337171370143,-0.4002043227389098,0.1127957537627408,0.07592936400481182,2.146516379699357e-15,17.432896489599834,25
0.85,9,144,1,1,1025,broad_xyz,21.99112410904393,False,0.793520529608925,0.8752103636995675,0.9299484852439354,-0.4391092521377515,-0.9085645112769338,-0.39897338851084585,0.11494206026133678,0.07468810367572654,2.146516379699357e-15,17.432896489599834,25
0.875,9,144,1,1,1025,broad_xyz,21.99112410904393,False,0.8070023444209958,0.8865957575887189,0.9310504073961022,-0.2717197178582831,-0.8954008063058689,-0.3966121175295847,0.11074423738136055,0.07299499651482295,2.146516379699357e-15,17.432896489599834,25
0.9,9,144,1,1,1025,broad_xyz,21.99112410904393,False,0.8110878621971246,0.8874299057767213,0.9327276127448108,-0.20090340848660243,-0.8422611355924009,-0.39197332872288826,0.10546392606198307,0.07144474152980212,2.146516379699357e-15,17.432896489599834,25
0.95,9,144,1,1,1025,broad_xyz,21.99112410904393,False,0.7901122118886043,0.8597461814571107,0.9428213134465143,-0.29271517984706485,-0.9100164746087172,-0.39141992278433857,0.10210149968121603,0.07015529547739756,2.146516379699357e-15,17.432896489599834,25
1.0,9,144,1,1,1025,broad_xyz,21.99112410904393,False,0.7065603115332957,0.8136353696233265,0.9434371705455977,-0.7111317168415643,-0.92101345101765,-0.3922775105328414,0.10265170793339413,0.07040410664874333,2.146516379699357e-15,17.432896489599834,25
0.05,9,144,1,1,1026,broad_xyz,21.99112410904393,False,-0.17450879738431696,0.28448399323017065,-0.5277389720970109,-0.5355533990351815,-0.5024890612675798,0.10805611396895223,0.0017464900072533813,0.0001477298162969844,2.146516379699357e-15,17.432896489599834,26
0.075,9,144,1,1,1026,broad_xyz,21.99112410904393,False,0.049182442197016105,0.36136125161581895,-0.514545656737522,-0.5641063276888171,-0.5300583047204747,0.029446827863099528,0.004149214889440901,0.0004770997649553843,2.146516379699357e-15,17.432896489599834,26
0.1,9,144,1,1,1026,broad_xyz,21.99112410904393,False,0.31691369638934686,0.45600564069676863,-0.4463701679759813,-0.6122390581620384,-0.6577021337056677,-0.10963011864845787,0.007325735077647592,0.0013332038037801345,2.146516379699357e-15,17.432896489599834,26
0.125,9,144,1,1,1026,broad_xyz,21.99112410904393,False,0.4366186045334538,0.49585678238278935,-0.33202256264813335,-0.6339468241984454,-0.8049440272258609,-0.17394588442338732,0.011382453296009334,0.003282443248018836,2.146516379699357e-15,17.432896489599834,26
0.15,9,144,1,1,1026,broad_xyz,21.99112410904393,False,0.4934362289995289,0.5345826911226413,-0.2637688177284804,-0.679299650161773,-0.8630408689665816,-0.08042321452249211,0.0221772624431463,0.006967017635714797,2.146516379699357e-15,17.432896489599834,26
0.1625,9,144,1,1,1026,broad_xyz,21.99112410904393,False,0.5496787265510811,0.5744630626555928,-0.23632783429179233,-0.7157960240939787,-0.8389758395733127,0.028798639358297635,0.028035867991474273,0.009496843576026225,2.146516379699357e-15,17.432896489599834,26
0.175,9,144,1,1,1026,broad_xyz,21.99112410904393,False,0.6259415298661873,0.6304905240427064,-0.19243795236336972,-0.753682882358649,-0.7783105014363411,0.1723467126742805,0.033192353787514374,0.012565339306696129,2.146516379699357e-15,17.432896489599834,26
0.1875,9,144,1,1,1026,broad_xyz,21.99112410904393,False,0.7000251841106222,0.6882951236418967,-0.12617707694034486,-0.7825265573355978,-0.6908915370930586,0.32326982815768435,0.03784677442521615,0.016024801778054827,2.146516379699357e-15,17.432896489599834,26
0.2,9,144,1,1,1026,broad_xyz,21.99112410904393,False,0.7534188131766484,0.733130477838022,-0.04606214399852244,-0.7997961049800474,-0.590931190515057,0.45240718580704714,0.0433329045018102,0.019697127384667557,2.146516379699357e-15,17.432896489599834,26
0.2125,9,144,1,1,1026,broad_xyz,21.99112410904393,False,0.7852232371935842,0.7619570662492399,0.034875182189304875,-0.8105016233501459,-0.5056832347664115,0.5482349556607806,0.049566530306456705,0.02336010956895915,2.146516379699357e-15,17.432896489599834,26
0.225,9,144,1,1,1026,broad_xyz,21.99112410904393,False,0.8030368591367691,0.778663411361708,0.10982757507594391,-0.8201386089442206,-0.42762863300956555,0.613976757887541,0.0558227861692697,0.02685756644207278,2.146516379699357e-15,17.432896489599834,26
0.2375,9,144,1,1,1026,broad_xyz,21.99112410904393,False,0.8138836507967688,0.7880530773359806,0.17958656762715777,-0.831762621175127,-0.34734196678434115,0.6538261361916707,0.06085558445214018,0.03016612526424095,2.146516379699357e-15,17.432896489599834,26
0.25,9,144,1,1,1026,broad_xyz,21.99112410904393,False,0.8176535213124482,0.7908808116457616,0.2457576872743179,-0.8456862782859436,-0.2753195835408154,0.6701054053936257,0.06546981939380696,0.033394265352550065,2.146516379699357e-15,17.432896489599834,26
0.27,9,144,1,1,1026,broad_xyz,21.99112410904393,False,0.8052008101606334,0.7753476664825677,0.3413887085110245,-0.8731305503615445,-0.20893279648940105,0.6532898048989703,0.06942767096667059,0.038988761231765784,2.146516379699357e-15,17.432896489599834,26
0.29,9,144,1,1,1026,broad_xyz,21.99112410904393,False,0.745919816298681,0.7098041471716069,0.4124195922484935,-0.8807664907510302,-0.22220364717248098,0.5610083957556614,0.07365917873453408,0.04538367108350726,2.146516379699357e-15,17.432896489599834,26
0.31,9,144,1,1,1026,broad_xyz,21.99112410904393,False,0.6624839370272461,0.6559358570721948,0.45755976874035054,-0.8489207380039797,-0.21210422054532382,0.38513924485883494,0.07801287471414474,0.04984125651894747,2.146516379699357e-15,17.432896489599834,26
0.33,9,144,1,1,1026,broad_xyz,21.99112410904393,False,0.6740002291606807,0.7253885344164883,0.5195982212343133,-0.8610116455298671,-0.08534185864428714,0.27707910937224817,0.08187647581078474,0.05078054549880425,2.146516379699357e-15,17.432896489599834,26
0.35,9,144,1,1,1026,broad_xyz,21.99112410904393,False,0.7166554305647476,0.8061328040149429,0.5872314252203069,-0.8703295687205261,0.019439959195520218,0.20935908951166643,0.08201740167993642,0.05017057842346709,2.146516379699357e-15,17.432896489599834,26
0.37,9,144,1,1,1026,broad_xyz,21.99112410904393,False,0.741652472272064,0.8471005701185226,0.6424335971188309,-0.8777406051853653,0.06008828042177063,0.09835397918379565,0.07941396155932424,0.04968650884201426,2.146516379699357e-15,17.432896489599834,26
0.39,9,144,1,1,1026,broad_xyz,21.99112410904393,False,0.7543121883723697,0.8675005581899269,0.6988853166849069,-0.8794425274076629,0.046304963208075235,-0.04743916283801915,0.07895622466941442,0.04925983957247341,2.146516379699357e-15,17.432896489599834,26
0.41000000000000003,9,144,1,1,1026,broad_xyz,21.99112410904393,False,0.7526958514901527,0.8760104690666731,0.7481569187305568,-0.8731108252052185,-0.03779482834711455,-0.17479732597606168,0.07932608832991596,0.04876090444594589,2.146516379699357e-15,17.432896489599834,26
0.43,9,144,1,1,1026,broad_xyz,21.99112410904393,False,0.7343344050850321,0.8744757642947435,0.7839792915355149,-0.8601251316196068,-0.17552127612004337,-0.26605894523407975,0.07897908447835238,0.04837156227747094,2.146516379699357e-15,17.432896489599834,26
0.45,9,144,1,1,1026,broad_xyz,21.99112410904393,False,0.706518902654904,0.8654732146653784,0.8051267644292254,-0.8499381902550457,-0.3763267695511089,-0.3431264849913318,0.08001093169434746,0.04842533117530978,2.146516379699357e-15,17.432896489599834,26
0.5,9,144,1,1,1026,broad_xyz,21.99112410904393,False,0.6665410184068743,0.8395248511962249,0.8008583141666635,-0.8836579415007139,-0.43027211418122624,-0.42174699068292526,0.08105803727311614,0.05099645982235368,2.146516379699357e-15,17.432896489599834,26
0.55,9,144,1,1,1026,broad_xyz,21.99112410904393,False,0.6246934947902963,0.7848186244461103,0.7187469750437218,-0.8797423127382907,-0.47803358696777276,-0.4184866675911457,0.0876852569149403,0.056698472561277705,2.146516379699357e-15,17.432896489599834,26
0.6,9,144,1,1,1026,broad_xyz,21.99112410904393,False,0.5848260122222377,0.7336715954855497,0.6553700122385014,-0.8617924283902962,-0.6639935148742127,-0.49370832240454887,0.08641363908047218,0.06303172046489047,2.146516379699357e-15,17.432896489599834,26
0.6499999999999999,9,144,1,1,1026,broad_xyz,21.99112410904393,False,0.6614899125897545,0.8082005049963157,0.7100397660479512,-0.8776083758687665,-0.7621011733369963,-0.5350306180994979,0.09054249117559451,0.06499898553298104,2.146516379699357e-15,17.432896489599834,26
0.7,9,144,1,1,1026,broad_xyz,21.99112410904393,False,0.7590805103559795,0.8791241128018116,0.7956152983548855,-0.880352270034595,-0.7954458576652462,-0.5440395421540731,0.09294732964159984,0.06469832204998237,2.146516379699357e-15,17.432896489599834,26
0.725,9,144,1,1,1026,broad_xyz,21.99112410904393,False,0.7430974436198006,0.8778688283802604,0.828823222409663,-0.8781676555811724,-0.8071137228848564,-0.5476179024360655,0.08989355092944498,0.06450175213586991,2.146516379699357e-15,17.432896489599834,26
0.75,9,144,1,1,1026,broad_xyz,21.99112410904393,False,0.7166288478718568,0.8708885156348091,0.8475861117888989,-0.8718560700815771,-0.8133073399960561,-0.5450929363943887,0.09183882925727581,0.06433731352373281,2.146516379699357e-15,17.432896489599834,26
0.775,9,144,1,1,1026,broad_xyz,21.99112410904393,False,0.7120524615883222,0.8689293976664657,0.8548755067365065,-0.8564980154574916,-0.817296330038491,-0.5342165169568087,0.09497343556530453,0.06398314878913153,2.146516379699357e-15,17.432896489599834,26
0.8,9,144,1,1,1026,broad_xyz,21.99112410904393,False,0.7107240958899695,0.8651531261977189,0.8584602736069563,-0.8264413750717173,-0.8274736427923035,-0.5137753709181515,0.09711933392905826,0.06311790010790487,2.146516379699357e-15,17.432896489599834,26
0.825,9,144,1,1,1026,broad_xyz,21.99112410904393,False,0.6972189491791032,0.8560773982534192,0.860338184450979,-0.7729518839369145,-0.8412244266360467,-0.4837237194208773,0.0974761174784929,0.061903867521298,2.146516379699357e-15,17.432896489599834,26
0.85,9,144,1,1,1026,broad_xyz,21.99112410904393,False,0.6725050700525417,0.8438033570121528,0.8543129474056446,-0.6968704705907607,-0.845787062286809,-0.4604948713612693,0.0966765606858145,0.06060123533146319,2.146516379699357e-15,17.432896489599834,26
0.875,9,144,1,1,1026,broad_xyz,21.99112410904393,False,0.6443850251256371,0.8353663984321965,0.8412161095083861,-0.6307105180130301,-0.8258386083450234,-0.4601684966564375,0.09558570396758681,0.05956881461192128,2.146516379699357e-15,17.432896489599834,26
0.9,9,144,1,1,1026,broad_xyz,21.99112410904393,False,0.6238617771705434,0.834234657298213,0.8351106588101759,-0.599723333768237,-0.7739057231685647,-0.45882459241144613,0.09399251129844208,0.0590803695910489,2.146516379699357e-15,17.432896489599834,26
0.95,9,144,1,1,1026,broad_xyz,21.99112410904393,False,0.6633773229476952,0.8414591065796009,0.8648361966624695,-0.6033163678202894,-0.8467541446944732,-0.4590995039669297,0.09016075475819786,0.06012038771283132,2.146516379699357e-15,17.432896489599834,26
1.0,9,144,1,1,1026,broad_xyz,21.99112410904393,False,0.7606824776954404,0.8358541202216163,0.8864861563041826,-0.6180270187642208,-0.885604518797843,-0.5255117469111544,0.09177733654482724,0.06460516145717804,2.146516379699357e-15,17.432896489599834,26
0.05,9,144,1,1,1027,broad_xyz,21.99112410904393,False,0.13093527226645632,0.35805533794093675,-0.18134546735552237,-0.4708704904402944,-0.4067749254494808,-0.07240336347960213,0.0012280115989075555,0.00012541325276950937,2.146516379699357e-15,17.432896489599834,27
0.075,9,144,1,1,1027,broad_xyz,21.99112410904393,False,0.16815501498136784,0.37311059213962056,-0.14013744360178135,-0.5248672388686362,-0.5281505939900021,-0.06278547875210203,0.003612943276875628,0.0004510227079684888,2.146516379699357e-15,17.432896489599834,27
0.1,9,144,1,1,1027,broad_xyz,21.99112410904393,False,0.2349157835830552,0.4038500260358385,-0.05685652346581582,-0.5775391260341164,-0.630238267816131,-0.0332602978309967,0.007901275785973164,0.0012583462011853158,2.146516379699357e-15,17.432896489599834,27
0.125,9,144,1,1,1027,broad_xyz,21.99112410904393,False,0.3241785090436382,0.453511688855294,0.061234539636868486,-0.6289843079470815,-0.6456262133293738,0.0050591823964832435,0.014748362760326055,0.002959318097601015,2.146516379699357e-15,17.432896489599834,27
0.15,9,144,1,1,1027,broad_xyz,21.99112410904393,False,0.43230646073274676,0.5267585518900072,0.2059142001826056,-0.6701676880281423,-0.4985123428761812,0.04851685716565193,0.025180919612450725,0.006265451378232243,2.146516379699357e-15,17.432896489599834,27
0.1625,9,144,1,1,1027,broad_xyz,21.99112410904393,False,0.4950568117982218,0.5710978935419412,0.2884987149311747,-0.6836010409586534,-0.3868767975737373,0.07669521575720714,0.03192375453793139,0.008730409651861136,2.146516379699357e-15,17.432896489599834,27
0.175,9,144,1,1,1027,broad_xyz,21.99112410904393,False,0.5567855342065839,0.6158793220732095,0.3688255290756297,-0.6971862721760672,-0.2943144716278803,0.1040460773907856,0.03908125415967724,0.011782027495833125,2.146516379699357e-15,17.432896489599834,27
0.1875,9,144,1,1,1027,broad_xyz,21.99112410904393,False,0.6162268478098902,0.6611560991328972,0.4462931290968562,-0.7137688899702755,-0.21610483459229254,0.1324541661209984,0.046134025871841115,0.01537418306536762,2.146516379699357e-15,17.432896489599834,27
0.2,9,144,1,1,1027,broad_xyz,21.99112410904393,False,0.6673628168558726,0.7029645872332244,0.5145643748722163,-0.7366125559858973,-0.16111351673859114,0.15460186198199274,0.0527132098225244,0.019382967095748865,2.146516379699357e-15,17.432896489599834,27
0.2125,9,144,1,1,1027,broad_xyz,21.99112410904393,False,0.708283641935456,0.7402320774837453,0.5722963873811058,-0.766391689801974,-0.13231050557522933,0.1704613248495313,0.05842976757039369,0.023673558207128225,2.146516379699357e-15,17.432896489599834,27
0.225,9,144,1,1,1027,broad_xyz,21.99112410904393,False,0.7382875938288144,0.7708025546272227,0.6181463377185502,-0.8021610258663693,-0.12300130891979784,0.17893209194751108,0.06325435364216549,0.02820132275251321,2.146516379699357e-15,17.432896489599834,27
0.2375,9,144,1,1,1027,broad_xyz,21.99112410904393,False,0.7570092008963892,0.7928791223894801,0.6502195555724616,-0.8423979744439241,-0.11561377061430043,0.17749456438044953,0.0672074831340233,0.033074857359721536,2.146516379699357e-15,17.432896489599834,27
0.25,9,144,1,1,1027,broad_xyz,21.99112410904393,False,0.7663663959120427,0.8076879452460753,0.6710928222974901,-0.8819450587744511,-0.10549289397941411,0.1678536917412033,0.07124170743170183,0.03847229360776893,2.146516379699357e-15,17.432896489599834,27
0.27,9,144,1,1,1027,broad_xyz,21.99112410904393,False,0.771688690954753,0.817927357049169,0.6945652158938248,-0.9244067427128789,-0.08396788057263586,0.1466497052059107,0.07654108815731463,0.04838431582312124,2.146516379699357e-15,17.432896489599834,27
0.29,9,144,1,1,1027,broad_xyz,21.99112410904393,False,0.8032587783996239,0.8470163366734441,0.7618952168157122,-0.9136940589926359,-0.12200850058921485,0.15993733680857905,0.0817019810858806,0.05801990570247527,2.146516379699357e-15,17.432896489599834,27
0.31,9,144,1,1,1027,broad_xyz,21.99112410904393,False,0.856948045304657,0.9030775458320296,0.8623915480411931,-0.8878037727899102,-0.27435166111385684,0.19444232556242538,0.0870136179784224,0.06324218434247565,2.146516379699357e-15,17.432896489599834,27
0.33,9,144,1,1,1027,broad_xyz,21.99112410904393,False,0.8856977639291759,0.9360935705019712,0.9150180545113298,-0.9100048872336551,-0.431404178808757,0.18350914283892897,0.09069793323531523,0.06332018649359344,2.146516379699357e-15,17.432896489599834,27
0.35,9,144,1,1,1027,broad_xyz,21.99112410904393,False,0.898099179022377,0.9430740750776798,0.933075858467012,-0.9401975038667449,-0.5508373497692833,0.14038822090187797,0.092492263320429,0.061510628366166116,2.146516379699357e-15,17.432896489599834,27
0.37,9,144,1,1,1027,broad_xyz,21.99112410904393,False,0.9009114808965981,0.9351296796334518,0.9347471220890969,-0.9508418413410161,-0.6257585507413702,0.09348917888984727,0.09706551200096628,0.059944365849003596,2.146516379699357e-15,17.432896489599834,27
0.39,9,144,1,1,1027,broad_xyz,21.99112410904393,False,0.898074936465145,0.9219111843475022,0.9310611324068018,-0.9448677425051405,-0.6703269725291963,0.049763225036631026,0.10098788282198311,0.05911209597863608,2.146516379699357e-15,17.432896489599834,27
0.41000000000000003,9,144,1,1,1027,broad_xyz,21.99112410904393,False,0.890634475385603,0.9078165747741932,0.9251530757350638,-0.9303341743319624,-0.69364488363734,0.011346139370875545,0.10265279380363165,0.0587510994943106,2.146516379699357e-15,17.432896489599834,27
0.43,9,144,1,1,1027,broad_xyz,21.99112410904393,False,0.8788759154943782,0.8945929554532827,0.9174121557610632,-0.9143628984986735,-0.69305409048547,-0.019742240062592193,0.10345368253484345,0.05842896596614105,2.146516379699357e-15,17.432896489599834,27
0.45,9,144,1,1,1027,broad_xyz,21.99112410904393,False,0.8635817100593915,0.8819968438672664,0.9082409720892137,-0.9032956288507199,-0.6779015595870963,-0.04341525112071163,0.09950465533215411,0.05802751182654478,2.146516379699357e-15,17.432896489599834,27
0.5,9,144,1,1,1027,broad_xyz,21.99112410904393,False,0.8256774084774681,0.8511894425071858,0.9026785639060109,-0.9226063182870415,-0.6198326979231474,-0.07670319816539951,0.09640401530115898,0.0603344340628985,2.146516379699357e-15,17.432896489599834,27
0.55,9,144,1,1,1027,broad_xyz,21.99112410904393,False,0.7224682703476598,0.771468966264375,0.8715370616365489,-0.922666240100496,-0.589030551978346,-0.14768965507616386,0.09292795100849068,0.0689738287515357,2.146516379699357e-15,17.432896489599834,27
0.6,9,144,1,1,1027,broad_xyz,21.99112410904393,False,0.4998786464385261,0.5739778153063213,0.7690625002933803,-0.8236321606660227,-0.49439899885588956,-0.41879568372063203,0.09612555373487394,0.075896292158772,2.146516379699357e-15,17.432896489599834,27
0.6499999999999999,9,144,1,1,1027,broad_xyz,21.99112410904393,False,0.6846017626328591,0.752967124111548,0.8860172866105599,-0.9105999110836787,-0.7828195393149326,-0.6126885695246991,0.09497265042962155,0.07251800872271458,2.146516379699357e-15,17.432896489599834,27
0.7,9,144,1,1,1027,broad_xyz,21.99112410904393,False,0.7992095581178854,0.8404425655138577,0.9022497963138232,-0.9014689539503671,-0.8904501118405345,-0.6143597010829382,0.09292928189177119,0.06991498620778439,2.146516379699357e-15,17.432896489599834,27
0.725,9,144,1,1,1027,broad_xyz,21.99112410904393,False,0.817030681142152,0.8436716230447873,0.9027724994141342,-0.8846932052533305,-0.9010526543732159,-0.6056824123118764,0.09193818910786503,0.06955340052991597,2.146516379699357e-15,17.432896489599834,27
0.75,9,144,1,1,1027,broad_xyz,21.99112410904393,False,0.8267874699447806,0.8489529914207049,0.9079948058545576,-0.8649567753744143,-0.9051625235522832,-0.6044413079214749,0.09135472541386745,0.06924646338192847,2.146516379699357e-15,17.432896489599834,27
0.775,9,144,1,1,1027,broad_xyz,21.99112410904393,False,0.8320685722437996,0.8646054546490397,0.9167105005384767,-0.8229415068100064,-0.9082900851345928,-0.6036913563716523,0.09135432636013109,0.06889269418149586,2.146516379699357e-15,17.432896489599834,27
0.8,9,144,1,1,1027,broad_xyz,21.99112410904393,False,0.8336924157197091,0.8868680479208257,0.9272205152011695,-0.7296016515151427,-0.9044433041164559,-0.5942220279946566,0.09270411931973281,0.06830735069676835,2.146516379699357e-15,17.432896489599834,27
0.825,9,144,1,1,1027,broad_xyz,21.99112410904393,False,0.8338778056069641,0.9062158147579276,0.9391228746125406,-0.5591983409792548,-0.8964365345893317,-0.5612364235659056,0.09306276217026478,0.06706711710945922,2.146516379699357e-15,17.432896489599834,27
0.85,9,144,1,1,1027,broad_xyz,21.99112410904393,False,0.8351334708825044,0.9166641501622378,0.9493764451857045,-0.3881137655325825,-0.8953797829940062,-0.5112386473114388,0.0919477699369384,0.06476001163291979,2.146516379699357e-15,17.432896489599834,27
0.875,9,144,1,1,1027,broad_xyz,21.99112410904393,False,0.8355546449374683,0.9194329069186652,0.9512455814679265,-0.3530662127917024,-0.8891128639756416,-0.4830375982587122,0.0911862141491603,0.06209275115448944,2.146516379699357e-15,17.432896489599834,27
0.9,9,144,1,1,1027,broad_xyz,21.99112410904393,False,0.8318650792088966,0.914408578465651,0.9466182438179938,-0.4064697033824172,-0.8429924920658025,-0.4664301937572574,0.08901459696049129,0.0603576982581712,2.146516379699357e-15,17.432896489599834,27
0.95,9,144,1,1,1027,broad_xyz,21.99112410904393,False,0.7983287279159923,0.8773936347456169,0.9410513480938677,-0.6776427085659035,-0.9105306185815754,-0.4245449144387222,0.08750706529579332,0.06088562828333474,2.146516379699357e-15,17.432896489599834,27
1.0,9,144,1,1,1027,broad_xyz,21.99112410904393,False,0.7288543991888389,0.8147456754496216,0.9359884166530277,-0.8889430647032935,-0.9409881770122479,-0.4405052268911655,0.08658813812648487,0.06461543893332376,2.146516379699357e-15,17.432896489599834,27
0.05,9,144,1,1,1028,broad_xyz,21.99112410904393,False,-0.13278001603462855,0.42600501125666856,-0.4154423615919137,-0.5249965647957815,-0.3103140482303765,-0.05040094149728628,0.002362482184384709,0.0004957741819898363,2.146516379699357e-15,17.432896489599834,28
0.075,9,144,1,1,1028,broad_xyz,21.99112410904393,False,-0.043406185491874125,0.4281944475797356,-0.38606599283213067,-0.5495116070171951,-0.4130527069900957,-0.005365777073908084,0.005896449026502978,0.0012864833771229697,2.146516379699357e-15,17.432896489599834,28
0.1,9,144,1,1,1028,broad_xyz,21.99112410904393,False,0.10305017135638714,0.450079482770236,-0.32276602747177985,-0.5811089873833887,-0.590044948015972,0.047242630256973235,0.011328050141691451,0.0027671088732440976,2.146516379699357e-15,17.432896489599834,28
0.125,9,144,1,1,1028,broad_xyz,21.99112410904393,False,0.29817391512495434,0.5174373794538598,-0.19563878825775682,-0.6071365385040092,-0.6935871415692422,0.10945477978062038,0.018520985326789606,0.005472426898843618,2.146516379699357e-15,17.432896489599834,28
0.15,9,144,1,1,1028,broad_xyz,21.99112410904393,False,0.5278070498665188,0.6587127969490274,0.03531012378395229,-0.6012654443712269,-0.6273341858917869,0.1676798424470735,0.027343268710898185,0.010403919792181126,2.146516379699357e-15,17.432896489599834,28
0.1625,9,144,1,1,1028,broad_xyz,21.99112410904393,False,0.6280190109647357,0.7334859905953579,0.17399755267105219,-0.5849513007840486,-0.5564010720650238,0.18681255584239215,0.03236329415959116,0.013992043181433112,2.146516379699357e-15,17.432896489599834,28
0.175,9,144,1,1,1028,broad_xyz,21.99112410904393,False,0.7015986922437042,0.7918801852222914,0.3042427566622984,-0.5709500902367487,-0.4973115666805798,0.20072460134038783,0.03793840494999268,0.018279711130328766,2.146516379699357e-15,17.432896489599834,28
0.1875,9,144,1,1,1028,broad_xyz,21.99112410904393,False,0.7491569584440946,0.8281838237691688,0.410239407884487,-0.5713963314108434,-0.45170395622570125,0.21382045869198757,0.04467235484869273,0.022986701832051745,2.146516379699357e-15,17.432896489599834,28
0.2,9,144,1,1,1028,broad_xyz,21.99112410904393,False,0.7790062784050877,0.8497349382776075,0.49222689978155226,-0.5907850060772429,-0.4154910346724072,0.22198476554896338,0.0527347582958011,0.027924485252933964,2.146516379699357e-15,17.432896489599834,28
0.2125,9,144,1,1,1028,broad_xyz,21.99112410904393,False,0.796263435316222,0.8609156144310922,0.5552083174750283,-0.6239932081794366,-0.38234002449185095,0.22465842850933,0.06110416114913196,0.03288783663128388,2.146516379699357e-15,17.432896489599834,28
0.225,9,144,1,1,1028,broad_xyz,21.99112410904393,False,0.8063737210259778,0.8666490870749827,0.6062958749096722,-0.6636133802759973,-0.34772775466133127,0.22499388361028744,0.0687897492347034,0.03770434680650255,2.146516379699357e-15,17.432896489599834,28
0.2375,9,144,1,1,1028,broad_xyz,21.99112410904393,False,0.8108313358386003,0.8687646684159575,0.6488583824091094,-0.7055272344107337,-0.31587735515363835,0.22139943736013215,0.07508744760535427,0.042367677774610944,2.146516379699357e-15,17.432896489599834,28
0.25,9,144,1,1,1028,broad_xyz,21.99112410904393,False,0.8112400879257051,0.8686812435283903,0.6870894267054704,-0.7472104830311328,-0.3002227052162229,0.21461746298209908,0.08056533753576674,0.04703734609183294,2.146516379699357e-15,17.432896489599834,28
0.27,9,144,1,1,1028,broad_xyz,21.99112410904393,False,0.8164036069245181,0.8736934507730023,0.7593233010580841,-0.8025118048499453,-0.33067137012402203,0.2135758371125653,0.0882162049827834,0.05477297518483389,2.146516379699357e-15,17.432896489599834,28
0.29,9,144,1,1,1028,broad_xyz,21.99112410904393,False,0.8242409057425862,0.8809191985873819,0.848164157840557,-0.8128220359739224,-0.44334453728395107,0.23895396555638768,0.09634864802449297,0.0629960676499587,2.146516379699357e-15,17.432896489599834,28
0.31,9,144,1,1,1028,broad_xyz,21.99112410904393,False,0.7940950729228068,0.8575393947153065,0.8797390652817253,-0.7893845299234089,-0.526477670868722,0.273555576452935,0.10307866314095274,0.06958437086311989,2.146516379699357e-15,17.432896489599834,28
0.33,9,144,1,1,1028,broad_xyz,21.99112410904393,False,0.7670089819091369,0.8447898759768627,0.8732642480805677,-0.8144050645431886,-0.5123425449694096,0.2787394023438355,0.1077577658108181,0.07243530478503421,2.146516379699357e-15,17.432896489599834,28
0.35,9,144,1,1,1028,broad_xyz,21.99112410904393,False,0.7718861320874485,0.8566617338187276,0.8885354584790723,-0.8495522128689318,-0.5010809628083696,0.2626323464659434,0.11050539842488417,0.07245628186934355,2.146516379699357e-15,17.432896489599834,28
0.37,9,144,1,1,1028,broad_xyz,21.99112410904393,False,0.7849135604799142,0.8690823884723426,0.9118284810867369,-0.8741378820393463,-0.5253177045027233,0.23328817396010817,0.11162089678503803,0.07145365898811429,2.146516379699357e-15,17.432896489599834,28
0.39,9,144,1,1,1028,broad_xyz,21.99112410904393,False,0.7918460633659689,0.8743651664639027,0.9344012321756915,-0.8839360054648951,-0.5642291111958856,0.19789674039804353,0.11134668490013323,0.07035738353427494,2.146516379699357e-15,17.432896489599834,28
0.41000000000000003,9,144,1,1,1028,broad_xyz,21.99112410904393,False,0.7863044440547963,0.8711454834324557,0.9484060978162894,-0.8811840764621388,-0.6052347182290869,0.15927638827188478,0.1098511142962099,0.06937824497655908,2.146516379699357e-15,17.432896489599834,28
0.43,9,144,1,1,1028,broad_xyz,21.99112410904393,False,0.773709681391087,0.8621144096107669,0.9543386888868625,-0.8741979357517716,-0.6775550087280233,0.1161319257914985,0.10732340235645679,0.06871848588092815,2.146516379699357e-15,17.432896489599834,28
0.45,9,144,1,1,1028,broad_xyz,21.99112410904393,False,0.7620568900401351,0.8525606229807648,0.9566527754671813,-0.8717116755464094,-0.7366448376745328,0.06669558668022928,0.1043297553732884,0.06841281512816694,2.146516379699357e-15,17.432896489599834,28
0.5,9,144,1,1,1028,broad_xyz,21.99112410904393,False,0.7663888180963514,0.8474427354273409,0.9552607480773944,-0.9051130603800817,-0.6883208657123527,-0.08389832989384545,0.10386455768728334,0.06915075922630107,2.146516379699357e-15,17.432896489599834,28
0.55,9,144,1,1,1028,broad_xyz,21.99112410904393,False,0.748895698378038,0.8138924615472531,0.9265431299588277,-0.9036049521529452,-0.6942983010592113,-0.21756516343293184,0.10656448565785515,0.07362720655109438,2.146516379699357e-15,17.432896489599834,28
0.6,9,144,1,1,1028,broad_xyz,21.99112410904393,False,0.5885267130717042,0.6517936642273557,0.8459198789149455,-0.8411897958657706,-0.5968310725987755,-0.2822223752653685,0.10421303254774664,0.07983016286037611,2.146516379699357e-15,17.432896489599834,28
0.6499999999999999,9,144,1,1,1028,broad_xyz,21.99112410904393,False,0.574455712434334,0.6595872013818076,0.8201879575857284,-0.8530320672444455,-0.6571688948880229,-0.527832258976833,0.10724904762102047,0.08025306700582345,2.146516379699357e-15,17.432896489599834,28
0.7,9,144,1,1,1028,broad_xyz,21.99112410904393,False,0.690109349313606,0.7674932876564572,0.8873092854857045,-0.8762848236623886,-0.8185271515928333,-0.6413798208159442,0.10403524008695,0.07818973599978916,2.146516379699357e-15,17.432896489599834,28
0.725,9,144,1,1,1028,broad_xyz,21.99112410904393,False,0.7167389377876403,0.791837956270576,0.9128588630340149,-0.8710181509951198,-0.8599783769685142,-0.6441081297573291,0.10503507510754513,0.07782370676238802,2.146516379699357e-15,17.432896489599834,28
0.75,9,144,1,1,1028,broad_xyz,21.99112410904393,False,0.7367293687419043,0.8086204151677706,0.9305267330775493,-0.8595621144593821,-0.8856062234679537,-0.6431184031269832,0.10562120114228149,0.07727531540468797,2.146516379699357e-15,17.432896489599834,28
0.775,9,144,1,1,1028,broad_xyz,21.99112410904393,False,0.7524700682620022,0.8289433399395052,0.943768551468419,-0.8461528560904645,-0.9004133381632613,-0.6393392471243285,0.10609119946793404,0.0763187511907241,2.146516379699357e-15,17.432896489599834,28
0.8,9,144,1,1,1028,broad_xyz,21.99112410904393,False,0.7636612752598506,0.8558941675375239,0.9523477145741412,-0.8286632394725139,-0.9031206648700788,-0.6270093992363138,0.10234573739177599,0.07510282611480254,2.146516379699357e-15,17.432896489599834,28
0.825,9,144,1,1,1028,broad_xyz,21.99112410904393,False,0.7686756486932923,0.8802012911921248,0.95259623090491,-0.7777551644460063,-0.9004381809363496,-0.5969754379296645,0.10082018178257544,0.07366207521333264,2.146516379699357e-15,17.432896489599834,28
0.85,9,144,1,1,1028,broad_xyz,21.99112410904393,False,0.7627067460227728,0.8913129121110893,0.943976217023172,-0.6535939042624646,-0.9007966487889522,-0.5477525872015537,0.09887141258804813,0.07181746918282109,2.146516379699357e-15,17.432896489599834,28
0.875,9,144,1,1,1028,broad_xyz,21.99112410904393,False,0.7445851969729113,0.8875598107559143,0.933042144960172,-0.5356331735615646,-0.8957814791746933,-0.5173724455458577,0.10016276056521166,0.06961000314694263,2.146516379699357e-15,17.432896489599834,28
0.9,9,144,1,1,1028,broad_xyz,21.99112410904393,False,0.7200542020053886,0.8774613241781373,0.9265774717938865,-0.5128376647167807,-0.8557493978833628,-0.5018810894287828,0.10066078448890302,0.06775383959750303,2.146516379699357e-15,17.432896489599834,28
0.95,9,144,1,1,1028,broad_xyz,21.99112410904393,False,0.667083419299368,0.8411629438106746,0.9256876032744226,-0.6814002861376316,-0.9037853132433435,-0.484885982911323,0.09868716172693685,0.06727274611200068,2.146516379699357e-15,17.432896489599834,28
1.0,9,144,1,1,1028,broad_xyz,21.99112410904393,False,0.6253215035219912,0.7704160257701023,0.9304418579244595,-0.8650107157552542,-0.8949173060740888,-0.5319962257847196,0.09769094161692389,0.07070466619005586,2.146516379699357e-15,17.432896489599834,28
0.05,9,144,1,1,1029,broad_xyz,21.99112410904393,False,0.35527222614866244,0.4898679501911402,-0.18993191399720158,-0.35333957370343194,-0.24570308531676938,-0.11448300477040352,0.001195497696575255,0.00022661972733899034,2.146516379699357e-15,17.432896489599834,29
0.075,9,144,1,1,1029,broad_xyz,21.99112410904393,False,0.49322720980391527,0.4960131485709275,-0.10730026790007273,-0.37226102710206577,-0.3346547499131605,-0.24440991540369833,0.0021291831723882345,0.0004935753619559955,2.146516379699357e-15,17.432896489599834,29
0.1,9,144,1,1,1029,broad_xyz,21.99112410904393,False,0.5297695988313267,0.5236605287050582,-0.04408788661459514,-0.42277708571366684,-0.48597001883913077,-0.3854062814672508,0.003719740600650786,0.001026097936910831,2.146516379699357e-15,17.432896489599834,29
0.125,9,144,1,1,1029,broad_xyz,21.99112410904393,False,0.5246068398770337,0.5889529825806431,-0.003280444223584463,-0.4836251396627084,-0.6031091732821598,-0.462540950989212,0.0064770002440359764,0.002324448389841042,2.146516379699357e-15,17.432896489599834,29
0.15,9,144,1,1,1029,broad_xyz,21.99112410904393,False,0.5516543442978852,0.679385397550299,0.06482827698910375,-0.5190335406616862,-0.6381461677333663,-0.4350717406833014,0.0140190251004369,0.0054110124504755264,2.146516379699357e-15,17.432896489599834,29
0.1625,9,144,1,1,1029,broad_xyz,21.99112410904393,False,0.583365853874752,0.7157400406161217,0.11699041333058192,-0.524447084034868,-0.6154364251907697,-0.40289479162168623,0.01985867802048186,0.007946253236287566,2.146516379699357e-15,17.432896489599834,29
0.175,9,144,1,1,1029,broad_xyz,21.99112410904393,False,0.6186469428703628,0.7473157229088804,0.17616165545386822,-0.5281378546431981,-0.5793663331564964,-0.36850375154122306,0.026608787905996602,0.01122457153360547,2.146516379699357e-15,17.432896489599834,29
0.1875,9,144,1,1,1029,broad_xyz,21.99112410904393,False,0.6488310353071725,0.7715120743404148,0.233373494428393,-0.5328073175449766,-0.5246858367475336,-0.33290915393982884,0.03452550670485808,0.015150110536499457,2.146516379699357e-15,17.432896489599834,29
0.2,9,144,1,1,1029,broad_xyz,21.99112410904393,False,0.6707299127343593,0.7919768699639362,0.28549834926518025,-0.5400082121810158,-0.4584369830811312,-0.29280196237871436,0.043444272213828426,0.019565010063143835,2.146516379699357e-15,17.432896489599834,29
0.2125,9,144,1,1,1029,broad_xyz,21.99112410904393,False,0.6823262101378593,0.8055034886231854,0.32356528466404305,-0.5577418152522168,-0.3847314615019147,-0.2589920057523111,0.05173290484781997,0.024278522661895906,2.146516379699357e-15,17.432896489599834,29
0.225,9,144,1,1,1029,broad_xyz,21.99112410904393,False,0.6870254085226568,0.813046673165854,0.34855055460669,-0.5846403793753864,-0.30705671637119214,-0.23031954064804003,0.0589328010242371,0.029158070107865204,2.146516379699357e-15,17.432896489599834,29
0.2375,9,144,1,1,1029,broad_xyz,21.99112410904393,False,0.6872917594632371,0.815893222184778,0.36663716195714396,-0.6150952509196445,-0.2339971461483628,-0.20035343748930506,0.06448581943801471,0.03397319925722504,2.146516379699357e-15,17.432896489599834,29
0.25,9,144,1,1,1029,broad_xyz,21.99112410904393,False,0.6855154232831449,0.8155386523130707,0.3831243263324049,-0.6459577261623896,-0.1775490377279988,-0.16941444999770133,0.06829672510425365,0.03861977049545007,2.146516379699357e-15,17.432896489599834,29
0.27,9,144,1,1,1029,broad_xyz,21.99112410904393,False,0.6838877450357234,0.8105702791556216,0.42157455041013975,-0.6893293071169538,-0.13138564854820547,-0.16064311454616656,0.073151909214951,0.04562348223340072,2.146516379699357e-15,17.432896489599834,29
0.29,9,144,1,1,1029,broad_xyz,21.99112410904393,False,0.6896665803057174,0.8045376218868857,0.507304549961714,-0.687118243838121,-0.15513116917084632,-0.22270006391642783,0.07751964262506737,0.052156220418372395,2.146516379699357e-15,17.432896489599834,29
0.31,9,144,1,1,1029,broad_xyz,21.99112410904393,False,0.6953599514709536,0.7995615635333709,0.6195058184523327,-0.6341983004365749,-0.22450942782189776,-0.292481454446944,0.08103592793868973,0.05701482682974143,2.146516379699357e-15,17.432896489599834,29
0.33,9,144,1,1,1029,broad_xyz,21.99112410904393,False,0.7190258779532819,0.8297188509810729,0.6973128016684284,-0.6631996001142435,-0.275237400691685,-0.3615317234663368,0.08646337562464947,0.05882227752350519,2.146516379699357e-15,17.432896489599834,29
0.35,9,144,1,1,1029,broad_xyz,21.99112410904393,False,0.7492971941978692,0.8686929334254018,0.7569146661533595,-0.7187522952544491,-0.3694902005221171,-0.4052620324415083,0.09161843816552831,0.058795219503773234,2.146516379699357e-15,17.432896489599834,29
0.37,9,144,1,1,1029,broad_xyz,21.99112410904393,False,0.7706307710676787,0.8913460689391672,0.7976643445255197,-0.7717067789175556,-0.47352024762053163,-0.42206832441403025,0.09516511347148929,0.05839937739062587,2.146516379699357e-15,17.432896489599834,29
0.39,9,144,1,1,1029,broad_xyz,21.99112410904393,False,0.7818039341878339,0.9007560746704355,0.8311986209555299,-0.8013455136494917,-0.5595341680346394,-0.4205260551706247,0.09663902439177634,0.05821047378072289,2.146516379699357e-15,17.432896489599834,29
0.41000000000000003,9,144,1,1,1029,broad_xyz,21.99112410904393,False,0.7782709183323522,0.9006603759464039,0.8581337906153998,-0.8034686565398361,-0.6361028253963921,-0.4130398541526618,0.09674317649923629,0.05818692128340349,2.146516379699357e-15,17.432896489599834,29
0.43,9,144,1,1,1029,broad_xyz,21.99112410904393,False,0.7563994852803311,0.8929251586995736,0.8729490296978354,-0.789792841831589,-0.6850593841937873,-0.4112652929862166,0.09616988554747564,0.05826760903984074,2.146516379699357e-15,17.432896489599834,29
0.45,9,144,1,1,1029,broad_xyz,21.99112410904393,False,0.7253010786558008,0.8798479711708842,0.8763096647315367,-0.773194700124597,-0.700364187928258,-0.411666299308231,0.09440787039031737,0.05853854491696997,2.146516379699357e-15,17.432896489599834,29
0.5,9,144,1,1,1029,broad_xyz,21.99112410904393,False,0.6695810459073075,0.8199970254122969,0.8413360453022202,-0.7624648489028857,-0.6019813165918806,-0.39377719101934755,0.09514462256183887,0.06126417002672321,2.146516379699357e-15,17.432896489599834,29
0.55,9,144,1,1,1029,broad_xyz,21.99112410904393,False,0.5353121665103564,0.6688724216934422,0.7015405042806352,-0.7389594450017009,-0.437050445929832,-0.403803714457117,0.09465440822957069,0.06668915267040121,2.146516379699357e-15,17.432896489599834,29
0.6,9,144,1,1,1029,broad_xyz,21.99112410904393,False,0.35695169421662365,0.501220227874219,0.5696869326088171,-0.7077479631663044,-0.3399374353212018,-0.4220161488204629,0.09250168209196578,0.07004848299566244,2.146516379699357e-15,17.432896489599834,29
0.6499999999999999,9,144,1,1,1029,broad_xyz,21.99112410904393,False,0.42826273295954737,0.6049679245528083,0.6062890120454867,-0.7361878475098184,-0.5108596787147895,-0.522809133747687,0.09441181620633311,0.06934464452910807,2.146516379699357e-15,17.432896489599834,29
0.7,9,144,1,1,1029,broad_xyz,21.99112410904393,False,0.555827498860767,0.7041786639531823,0.6573786687125048,-0.7327506067784496,-0.6874101420913744,-0.6185314147327255,0.0940376712754367,0.06835954429746804,2.146516379699357e-15,17.432896489599834,29
0.725,9,144,1,1,1029,broad_xyz,21.99112410904393,False,0.6126795439330136,0.743552295934998,0.7016659046928079,-0.7071447756406412,-0.7608181919557863,-0.6277517688409493,0.09682262387867979,0.06817058373311041,2.146516379699357e-15,17.432896489599834,29
0.75,9,144,1,1,1029,broad_xyz,21.99112410904393,False,0.6827533180218801,0.7919434056317564,0.7554671206131562,-0.6767839594770819,-0.8172322247928479,-0.6266006104516605,0.09695588565497801,0.06759972062684574,2.146516379699357e-15,17.432896489599834,29
0.775,9,144,1,1,1029,broad_xyz,21.99112410904393,False,0.7399823829939636,0.8381236773702783,0.8048891286723091,-0.6381911070222532,-0.8457261031731685,-0.611167681324415,0.09298780624844658,0.06665456177936055,2.146516379699357e-15,17.432896489599834,29
0.8,9,144,1,1,1029,broad_xyz,21.99112410904393,False,0.7679294813670458,0.8711748863345622,0.8408389898533852,-0.5846798877822363,-0.8565566523079333,-0.5829384819666291,0.09278790379308369,0.06537699012493275,2.146516379699357e-15,17.432896489599834,29
0.825,9,144,1,1,1029,broad_xyz,21.99112410904393,False,0.7821117257849354,0.888534884031318,0.8675711353827426,-0.5117797645298093,-0.8649766079533242,-0.5435056465639628,0.09387291747377415,0.06376782864809702,2.146516379699357e-15,17.432896489599834,29
0.85,9,144,1,1,1029,broad_xyz,21.99112410904393,False,0.7911706433031851,0.8895671972820842,0.8822207263622184,-0.4346076223611885,-0.8718937196593985,-0.4984256982014931,0.09390491016644863,0.06188344553936509,2.146516379699357e-15,17.432896489599834,29
0.875,9,144,1,1,1029,broad_xyz,21.99112410904393,False,0.7933465411013257,0.8829336226892864,0.8827007316023716,-0.4033804099021264,-0.8700586846543281,-0.47293390005640407,0.09201157898697805,0.060203676459516325,2.146516379699357e-15,17.432896489599834,29
0.9,9,144,1,1,1029,broad_xyz,21.99112410904393,False,0.79148869239688,0.8741694279057816,0.8803296054395641,-0.42156923391616064,-0.8284421109767698,-0.46649840919542823,0.08801829746948761,0.05915780731525776,2.146516379699357e-15,17.432896489599834,29
0.95,9,144,1,1,1029,broad_xyz,21.99112410904393,False,0.7886312046959519,0.8443463783297117,0.8935823735582095,-0.5811546271213798,-0.8681136155086295,-0.4512073331232273,0.08480112203909448,0.05824724002190029,2.146516379699357e-15,17.432896489599834,29
1.0,9,144,1,1,1029,broad_xyz,21.99112410904393,False,0.7657764886499179,0.8146926016241696,0.9108441776006703,-0.7701761472998029,-0.8928264016537835,-0.46042829685770287,0.09013156522843897,0.05956880430501137,2.146516379699357e-15,17.432896489599834,29
0.05,9,144,1,1,1030,broad_xyz,21.99112410904393,False,0.2009331863575176,0.5834759100536495,-0.18388323670369272,-0.6838532621088524,-0.6500734114521717,-0.3202569731286678,0.001616850115388423,0.000316057012445295,2.146516379699357e-15,17.432896489599834,30
0.075,9,144,1,1,1030,broad_xyz,21.99112410904393,False,0.2529807853047821,0.6379580812308384,-0.1283880478372521,-0.714968732233483,-0.7238495412299208,-0.30641530581307,0.004020883311175053,0.0009469800181855169,2.146516379699357e-15,17.432896489599834,30
0.1,9,144,1,1,1030,broad_xyz,21.99112410904393,False,0.3930609712458392,0.7203473660402359,-0.032984844208912435,-0.7215571792947688,-0.7447388939580833,-0.2539632991493909,0.007787275899127671,0.0023575328925609877,2.146516379699357e-15,17.432896489599834,30
0.125,9,144,1,1,1030,broad_xyz,21.99112410904393,False,0.5692424816199353,0.8102514045600846,0.09372601661968875,-0.6988961062025411,-0.7899951549860635,-0.16263326292597105,0.013638021224962858,0.005116060022142035,2.146516379699357e-15,17.432896489599834,30
0.15,9,144,1,1,1030,broad_xyz,21.99112410904393,False,0.7179896990264925,0.8798042847427103,0.23975031045646458,-0.6641339499552229,-0.8222361454583362,-0.035832649477805324,0.021815805948191856,0.009607070600372546,2.146516379699357e-15,17.432896489599834,30
0.1625,9,144,1,1,1030,broad_xyz,21.99112410904393,False,0.7628955907581555,0.8999807719899634,0.3089320086252727,-0.6551649223239163,-0.7930725025088856,0.030604478879736545,0.02657137047724455,0.012544556747193281,2.146516379699357e-15,17.432896489599834,30
0.175,9,144,1,1,1030,broad_xyz,21.99112410904393,False,0.7885251739428522,0.9115718215863583,0.37095870216186644,-0.6549851627551179,-0.712325162832649,0.09537570986688819,0.03154343652354329,0.015950148075584328,2.146516379699357e-15,17.432896489599834,30
0.1875,9,144,1,1,1030,broad_xyz,21.99112410904393,False,0.8032550005232381,0.9172340362658766,0.42765970142713633,-0.6628355851800923,-0.5780134888162878,0.1595704045536432,0.03664804434178654,0.019730734632692974,2.146516379699357e-15,17.432896489599834,30
0.2,9,144,1,1,1030,broad_xyz,21.99112410904393,False,0.8102472193001079,0.9178982182045835,0.48011295289501627,-0.679242914273451,-0.42168392279686917,0.22201031906188162,0.04149210924159857,0.023749197406374118,2.146516379699357e-15,17.432896489599834,30
0.2125,9,144,1,1,1030,broad_xyz,21.99112410904393,False,0.8107052987931398,0.9148995484735396,0.5274274752432206,-0.7049611555368746,-0.274761922207093,0.27950847410750684,0.04703411412235128,0.0278954598133507,2.146516379699357e-15,17.432896489599834,30
0.225,9,144,1,1,1030,broad_xyz,21.99112410904393,False,0.8046118101925788,0.9080989308718591,0.5675627413144604,-0.7387373119043827,-0.15015058053172328,0.32704543451995677,0.053812037806952887,0.03209799564807611,2.146516379699357e-15,17.432896489599834,30
0.2375,9,144,1,1,1030,broad_xyz,21.99112410904393,False,0.7895495614226853,0.8945955627965645,0.5986220891012157,-0.7783824175404414,-0.05487079085895337,0.35880234431476277,0.06071406049670221,0.036479007388845644,2.146516379699357e-15,17.432896489599834,30
0.25,9,144,1,1,1030,broad_xyz,21.99112410904393,False,0.7604079236625345,0.8704027326139462,0.6146620585708271,-0.8205663929993335,0.01612013367999973,0.3659185464307794,0.06752951282527844,0.04123676743625656,2.146516379699357e-15,17.432896489599834,30
0.27,9,144,1,1,1030,broad_xyz,21.99112410904393,False,0.6795649404511036,0.8021562930937229,0.6074293658345769,-0.8694033463672962,0.0894485363521206,0.31875381138799785,0.07748805455466878,0.04977465568406638,2.146516379699357e-15,17.432896489599834,30
0.29,9,144,1,1,1030,broad_xyz,21.99112410904393,False,0.5843175321330863,0.7182301344134615,0.5974749365257438,-0.8652959301221312,0.12515454043097654,0.24330864191293974,0.08600874263626955,0.05851714377412057,2.146516379699357e-15,17.432896489599834,30
0.31,9,144,1,1,1030,broad_xyz,21.99112410904393,False,0.5805413777452141,0.7201412274424568,0.6676574265274503,-0.8341620643012113,0.0742512442026747,0.23346843613484852,0.0907249796376588,0.06443243569059959,2.146516379699357e-15,17.432896489599834,30
0.33,9,144,1,1,1030,broad_xyz,21.99112410904393,False,0.6575112489970888,0.7958487392308993,0.7711739372303377,-0.8498983868550942,-0.003286244098245039,0.257581149689437,0.09209460675983439,0.066097827606365,2.146516379699357e-15,17.432896489599834,30
0.35,9,144,1,1,1030,broad_xyz,21.99112410904393,False,0.7182183485314386,0.8503489164805133,0.8442833968630038,-0.8826370157992044,-0.08226256074529013,0.24310047267167384,0.09314833391191116,0.06563544247155734,2.146516379699357e-15,17.432896489599834,30
0.37,9,144,1,1,1030,broad_xyz,21.99112410904393,False,0.7493704239898011,0.8719969638757663,0.884839275060406,-0.911624642544012,-0.16269623795279706,0.19952666594763174,0.09489553361486995,0.0650114011764197,2.146516379699357e-15,17.432896489599834,30
0.39,9,144,1,1,1030,broad_xyz,21.99112410904393,False,0.7597333392516954,0.8709215534525648,0.9053618921206076,-0.9234205294196438,-0.23414242632764326,0.1592157995878381,0.09811937951421822,0.06471514277581965,2.146516379699357e-15,17.432896489599834,30
0.41000000000000003,9,144,1,1,1030,broad_xyz,21.99112410904393,False,0.7562449212258296,0.8558808473482136,0.9123093513140643,-0.9219847893103973,-0.3194886120721254,0.12401979627873272,0.10059069867688497,0.06476703974606456,2.146516379699357e-15,17.432896489599834,30
0.43,9,144,1,1,1030,broad_xyz,21.99112410904393,False,0.7458368026829489,0.8348292696891155,0.911926532918692,-0.9136226971381267,-0.4207548075993453,0.09015949091520248,0.1031698287485018,0.06510162225954108,2.146516379699357e-15,17.432896489599834,30
0.45,9,144,1,1,1030,broad_xyz,21.99112410904393,False,0.7344649515178217,0.8131919257566721,0.9080622924743066,-0.903956296821647,-0.4698934826803736,0.05701059188859224,0.105153875358567,0.06572029560265467,2.146516379699357e-15,17.432896489599834,30
0.5,9,144,1,1,1030,broad_xyz,21.99112410904393,False,0.7082680303426184,0.764127434239943,0.8920631815119664,-0.8983535000119689,-0.3482944100589364,-0.02885019314534135,0.10993519810720051,0.06872989464795703,2.146516379699357e-15,17.432896489599834,30
0.55,9,144,1,1,1030,broad_xyz,21.99112410904393,False,0.6272528365208103,0.6808534043632489,0.8474983418911438,-0.8929852136138141,-0.3034937039380089,-0.1286324047963315,0.10793475971754352,0.074096620242292,2.146516379699357e-15,17.432896489599834,30
0.6,9,144,1,1,1030,broad_xyz,21.99112410904393,False,0.346686598196757,0.42216363750289987,0.7186837834096739,-0.8279493040776902,-0.22986123160987287,-0.33629180321794955,0.1035885118745498,0.0796858480424378,2.146516379699357e-15,17.432896489599834,30
0.6499999999999999,9,144,1,1,1030,broad_xyz,21.99112410904393,False,0.45937393544965877,0.5500321315862635,0.8301191940001829,-0.8566923014658994,-0.522754093104997,-0.6008196296657313,0.10323006281812216,0.07858310512065309,2.146516379699357e-15,17.432896489599834,30
0.7,9,144,1,1,1030,broad_xyz,21.99112410904393,False,0.5800814955714959,0.6537697670160993,0.88638404265039,-0.8673201124697516,-0.7234761340743472,-0.658420445419366,0.10146199257326581,0.07656153185016251,2.146516379699357e-15,17.432896489599834,30
0.725,9,144,1,1,1030,broad_xyz,21.99112410904393,False,0.6161869973614228,0.6701896898601977,0.9022847206915448,-0.8628986914716389,-0.7742029364799581,-0.6606050386161316,0.10036269311005205,0.07604067893152885,2.146516379699357e-15,17.432896489599834,30
0.75,9,144,1,1,1030,broad_xyz,21.99112410904393,False,0.6568561562168825,0.6889793661359107,0.9187257965709941,-0.8565378499542511,-0.8108908125192084,-0.6459871241691685,0.09986091104654846,0.07539608136673587,2.146516379699357e-15,17.432896489599834,30
0.775,9,144,1,1,1030,broad_xyz,21.99112410904393,False,0.7013025386145678,0.7170996515319671,0.9314428731502374,-0.845457668215249,-0.8382454131485845,-0.622812015121143,0.09913142806104622,0.07441039987752343,2.146516379699357e-15,17.432896489599834,30
0.8,9,144,1,1,1030,broad_xyz,21.99112410904393,False,0.7445764157681036,0.7533186445280342,0.9412470037935741,-0.8104502982824296,-0.8645209549350437,-0.5969897547295283,0.09720704119830868,0.07298762606468377,2.146516379699357e-15,17.432896489599834,30
0.825,9,144,1,1,1030,broad_xyz,21.99112410904393,False,0.7785413049952353,0.7898590787418293,0.9471340634938263,-0.7195911649441301,-0.8906816017306709,-0.567436750715956,0.09668966239268716,0.07131392522935492,2.146516379699357e-15,17.432896489599834,30
0.85,9,144,1,1,1030,broad_xyz,21.99112410904393,False,0.798171758559449,0.8173721924558814,0.9484995074408059,-0.5790774566497613,-0.9082161396799654,-0.5395885877544564,0.09475412980927234,0.06955970124549753,2.146516379699357e-15,17.432896489599834,30
0.875,9,144,1,1,1030,broad_xyz,21.99112410904393,False,0.8033117392972269,0.8316721841778155,0.9487696294279792,-0.47095931572239214,-0.9055022582612183,-0.529944402467635,0.09331817259104813,0.06802212465074461,2.146516379699357e-15,17.432896489599834,30
0.9,9,144,1,1,1030,broad_xyz,21.99112410904393,False,0.7969360293826042,0.8314851341274818,0.9456925186580001,-0.43267889917779473,-0.8593562353919904,-0.5262768752333458,0.09219439633771266,0.0672920805708795,2.146516379699357e-15,17.432896489599834,30
0.95,9,144,1,1,1030,broad_xyz,21.99112410904393,False,0.7720269808928347,0.8076316649129871,0.9398282121300016,-0.5231387726079568,-0.9191766465066871,-0.5239745750539081,0.09060118043756368,0.06833842499854874,2.146516379699357e-15,17.432896489599834,30
1.0,9,144,1,1,1030,broad_xyz,21.99112410904393,False,0.7337540231795223,0.76134642703925,0.9315898172420846,-0.7475108015036354,-0.9113124455276269,-0.561838798145176,0.09488447645659732,0.0711660497449847,2.146516379699357e-15,17.432896489599834,30
0.05,9,144,1,1,1031,broad_xyz,21.99112410904393,False,0.7057728015552207,0.7084275004406644,0.46539188204147686,-0.17067006305727161,0.03182698175098742,0.540680304373117,0.0011376050590504766,0.0003296979806330722,2.146516379699357e-15,17.432896489599834,31
0.075,9,144,1,1,1031,broad_xyz,21.99112410904393,False,0.7001473013321554,0.730427245887863,0.5402268943777944,-0.2234237200530203,-0.40294554522313614,0.5837311815658416,0.0031156872994151374,0.0010151471968199994,2.146516379699357e-15,17.432896489599834,31
0.1,9,144,1,1,1031,broad_xyz,21.99112410904393,False,0.7148197926451023,0.7806463135397166,0.6103872150797511,-0.2929076660412357,-0.7667878622738148,0.6294921730025334,0.0066257881838024885,0.002550516203665337,2.146516379699357e-15,17.432896489599834,31
0.125,9,144,1,1,1031,broad_xyz,21.99112410904393,False,0.7632561679985842,0.8374638105534075,0.6712929837975717,-0.39300553269137567,-0.8431212684833514,0.6733388742258054,0.011972249132705656,0.005395562916026056,2.146516379699357e-15,17.432896489599834,31
0.15,9,144,1,1,1031,broad_xyz,21.99112410904393,False,0.8163116168483228,0.8607335882224751,0.6934052700000738,-0.52636254552092,-0.8034010060482442,0.6866820655814934,0.020093960131967594,0.009841363748501968,2.146516379699357e-15,17.432896489599834,31
0.1625,9,144,1,1,1031,broad_xyz,21.99112410904393,False,0.8395808167902532,0.8613294483779111,0.7009877685928083,-0.5874663627269922,-0.7752556745207758,0.6848576447808579,0.026263300263622506,0.012656874150288067,2.146516379699357e-15,17.432896489599834,31
0.175,9,144,1,1,1031,broad_xyz,21.99112410904393,False,0.862380212038444,0.8638333151882616,0.714720899229575,-0.6397487462419826,-0.7564324219167209,0.6790208539400541,0.03312721447158546,0.015868718069475502,2.146516379699357e-15,17.432896489599834,31
0.1875,9,144,1,1,1031,broad_xyz,21.99112410904393,False,0.8823656953472525,0.8694553240326469,0.732737084189287,-0.6852852155989752,-0.7451089020253873,0.6693378492059151,0.04047421366026775,0.019452389900858395,2.146516379699357e-15,17.432896489599834,31
0.2,9,144,1,1,1031,broad_xyz,21.99112410904393,False,0.8984267166822123,0.8788171867065746,0.7540033996486663,-0.7262917841462524,-0.7401726300065804,0.6579837456091149,0.04792890344468995,0.02336875338277269,2.146516379699357e-15,17.432896489599834,31
0.2125,9,144,1,1,1031,broad_xyz,21.99112410904393,False,0.9105715045260749,0.8903082703054496,0.7781844571577862,-0.7635491577959195,-0.7393709339329012,0.6447736900105739,0.055014568162420806,0.027526451705811236,2.146516379699357e-15,17.432896489599834,31
0.225,9,144,1,1,1031,broad_xyz,21.99112410904393,False,0.9200614631747194,0.9020176217991337,0.8035409301623856,-0.8004374736237333,-0.7321009236413843,0.6309850059410889,0.06130496530858354,0.03189860762815073,2.146516379699357e-15,17.432896489599834,31
0.2375,9,144,1,1,1031,broad_xyz,21.99112410904393,False,0.9264484434457262,0.9134906102490553,0.8273872387901186,-0.8398356924342679,-0.7173460349943004,0.6167627084976625,0.06655187631552836,0.03654440116106001,2.146516379699357e-15,17.432896489599834,31
0.25,9,144,1,1,1031,broad_xyz,21.99112410904393,False,0.9269197401338737,0.9212791458924611,0.8454447381344191,-0.880736790511043,-0.6921473344731702,0.5977717189498748,0.07094944861571588,0.041617894954015675,2.146516379699357e-15,17.432896489599834,31
0.27,9,144,1,1,1031,broad_xyz,21.99112410904393,False,0.9068174040777894,0.9162229430209262,0.8536343693486691,-0.9351812626960138,-0.6261342861344789,0.5423264377409763,0.07852167471376181,0.05098203129159287,2.146516379699357e-15,17.432896489599834,31
0.29,9,144,1,1,1031,broad_xyz,21.99112410904393,False,0.8680853895669098,0.8934990430458478,0.8468762662666289,-0.9496770055037621,-0.548863124476852,0.41616541034368637,0.09050797482664176,0.060692241658430485,2.146516379699357e-15,17.432896489599834,31
0.31,9,144,1,1,1031,broad_xyz,21.99112410904393,False,0.8580953738352386,0.8999012796171504,0.8665471486761266,-0.9474576943691063,-0.5068321378582785,0.23741746416009207,0.09762495030841271,0.0669842173178195,2.146516379699357e-15,17.432896489599834,31
0.33,9,144,1,1,1031,broad_xyz,21.99112410904393,False,0.8828480321012077,0.9325518281261493,0.912763959044411,-0.9541169381043508,-0.520108724166159,0.06816452857109458,0.09850799053803268,0.0686366619023919,2.146516379699357e-15,17.432896489599834,31
0.35,9,144,1,1,1031,broad_xyz,21.99112410904393,False,0.908189365240318,0.9550492396378173,0.9503198408973468,-0.9640888694821969,-0.5760676581517298,-0.08130177955341251,0.09850509354908034,0.06798960356828936,2.146516379699357e-15,17.432896489599834,31
0.37,9,144,1,1,1031,broad_xyz,21.99112410904393,False,0.9231399679907301,0.9619434327048059,0.966634409732935,-0.9695479337867882,-0.6344186073715241,-0.20582862149590847,0.10017435846707531,0.06678718712062916,2.146516379699357e-15,17.432896489599834,31
0.39,9,144,1,1,1031,broad_xyz,21.99112410904393,False,0.9286609892590325,0.9596523011606835,0.9687365983069457,-0.9673559510312545,-0.6874010079283001,-0.2856241514167968,0.10114125579999177,0.06577678191496433,2.146516379699357e-15,17.432896489599834,31
0.41000000000000003,9,144,1,1,1031,broad_xyz,21.99112410904393,False,0.9276581342040876,0.953714483638184,0.9648438874775784,-0.9594747648141979,-0.7411031438520451,-0.322365396281484,0.10192768036803677,0.06523904704593263,2.146516379699357e-15,17.432896489599834,31
0.43,9,144,1,1,1031,broad_xyz,21.99112410904393,False,0.9253101398986251,0.9482031039927101,0.9615833511225153,-0.9512918636456174,-0.7881236773729599,-0.32848532614119186,0.10236204046522611,0.065241575371504,2.146516379699357e-15,17.432896489599834,31
0.45,9,144,1,1,1031,broad_xyz,21.99112410904393,False,0.9228150111834708,0.9445844219114925,0.9612570017393945,-0.9465686078958447,-0.8087407693122362,-0.3134130570120181,0.10289057388538701,0.06575938924630229,2.146516379699357e-15,17.432896489599834,31
0.5,9,144,1,1,1031,broad_xyz,21.99112410904393,False,0.8861229006453851,0.9296565696517305,0.9642421182940993,-0.9515626768340694,-0.7398729936816553,-0.23039795066242555,0.10133677925122228,0.06901198926828643,2.146516379699357e-15,17.432896489599834,31
0.55,9,144,1,1,1031,broad_xyz,21.99112410904393,False,0.7809006879699975,0.8688658632203276,0.9480666774496562,-0.9338586013970333,-0.7266428137170003,-0.20261685838373616,0.10842625211594513,0.07594506163158408,2.146516379699357e-15,17.432896489599834,31
0.6,9,144,1,1,1031,broad_xyz,21.99112410904393,False,0.6447629413555601,0.7157483999598222,0.8801521477110676,-0.8677916709431316,-0.7060896845424585,-0.3498611824709046,0.10945729394647505,0.08270203591883656,2.146516379699357e-15,17.432896489599834,31
0.6499999999999999,9,144,1,1,1031,broad_xyz,21.99112410904393,False,0.686735692504556,0.7511048791557672,0.9379114039267427,-0.8935405117198826,-0.8725333555567767,-0.49061573066609915,0.10348500674048523,0.08083930479026852,2.146516379699357e-15,17.432896489599834,31
0.7,9,144,1,1,1031,broad_xyz,21.99112410904393,False,0.7523873369135998,0.8043570087595531,0.9529356360750463,-0.8938084642320717,-0.9345071947277477,-0.51891798260151,0.10573070499541026,0.07826213291122487,2.146516379699357e-15,17.432896489599834,31
0.725,9,144,1,1,1031,broad_xyz,21.99112410904393,False,0.7529995355086286,0.8012107619893192,0.9430867627007691,-0.8747205673633218,-0.9316126829807452,-0.5231842316414305,0.10859503213343531,0.0775349417521787,2.146516379699357e-15,17.432896489599834,31
0.75,9,144,1,1,1031,broad_xyz,21.99112410904393,False,0.7549018025281381,0.8016471891986942,0.9383395621245583,-0.8540270673280945,-0.9265407998886991,-0.5309127399597207,0.10475805149448433,0.07669021035950019,2.146516379699357e-15,17.432896489599834,31
0.775,9,144,1,1,1031,broad_xyz,21.99112410904393,False,0.7706048946713491,0.8093794337055555,0.9389986860859093,-0.8260861262682806,-0.92190464696916,-0.5423259341369647,0.10270216869042681,0.07551797130539009,2.146516379699357e-15,17.432896489599834,31
0.8,9,144,1,1,1031,broad_xyz,21.99112410904393,False,0.7893216789063822,0.8179395643478469,0.9401496296777618,-0.7686290218484002,-0.9166926628258667,-0.5541412813082038,0.10180852098037511,0.07407501797368514,2.146516379699357e-15,17.432896489599834,31
0.825,9,144,1,1,1031,broad_xyz,21.99112410904393,False,0.8030789634285526,0.8274343460681144,0.9400293415164104,-0.6340912268196899,-0.9112775228863724,-0.5641680076904223,0.10172383457774171,0.07248259520935806,2.146516379699357e-15,17.432896489599834,31
0.85,9,144,1,1,1031,broad_xyz,21.99112410904393,False,0.8154037010433581,0.8434305178567243,0.9396161797169834,-0.41897551980957226,-0.902168022526092,-0.5712264028751767,0.1013775901154398,0.07067931617982029,2.146516379699357e-15,17.432896489599834,31
0.875,9,144,1,1,1031,broad_xyz,21.99112410904393,False,0.826391116540753,0.8627992335696901,0.9401209918918756,-0.29852805736062094,-0.882347466849593,-0.5709535112494375,0.10159114911266258,0.06867994128850062,2.146516379699357e-15,17.432896489599834,31
0.9,9,144,1,1,1031,broad_xyz,21.99112410904393,False,0.8322077508679179,0.8758925074451251,0.9417655502649602,-0.3041753630185478,-0.8357208417514648,-0.5589425452878987,0.0998421940404801,0.06713629304458658,2.146516379699357e-15,17.432896489599834,31
0.95,9,144,1,1,1031,broad_xyz,21.99112410904393,False,0.8278528989911748,0.8684393205448162,0.9497231540936542,-0.5136120492893989,-0.9042594611128174,-0.5419946159634115,0.0928328022951294,0.0671145495735337,2.146516379699357e-15,17.432896489599834,31
1.0,9,144,1,1,1031,broad_xyz,21.99112410904393,False,0.7780708865475857,0.8116277206466931,0.9496542650865719,-0.7874477946924832,-0.9353405335606003,-0.5340645322949811,0.09217669790247514,0.069824706981169,2.146516379699357e-15,17.432896489599834,31
0.05,9,144,1,1,1032,broad_xyz,21.99112410904393,False,0.1637417169723126,0.4002077055494039,-0.39041438722615956,-0.5741393461761595,-0.49532744246288607,0.21662106558407268,0.0019146941308872986,0.0002417593391597408,2.146516379699357e-15,17.432896489599834,32
0.075,9,144,1,1,1032,broad_xyz,21.99112410904393,False,0.28392108133776733,0.45811693965568356,-0.3374137338445829,-0.6375495571093462,-0.6093725630242133,0.22567178255040257,0.004793519665283927,0.0007875405787546667,2.146516379699357e-15,17.432896489599834,32
0.1,9,144,1,1,1032,broad_xyz,21.99112410904393,False,0.4120046675655661,0.5330514974853505,-0.221271573828094,-0.7082263611626586,-0.7041848224356386,0.2517735831976168,0.009702584525640422,0.002133614661425861,2.146516379699357e-15,17.432896489599834,32
0.125,9,144,1,1,1032,broad_xyz,21.99112410904393,False,0.525338617165328,0.6122263348405916,-0.040520137448939474,-0.7634200282175909,-0.7315363974681466,0.2823320843813968,0.017054678959563734,0.004934981096880759,2.146516379699357e-15,17.432896489599834,32
0.15,9,144,1,1,1032,broad_xyz,21.99112410904393,False,0.6316742949369678,0.6889809813736809,0.1803937548112437,-0.7946314471186459,-0.7413609585630577,0.2967613318279349,0.026804128632030133,0.00973269154266844,2.146516379699357e-15,17.432896489599834,32
0.1625,9,144,1,1,1032,broad_xyz,21.99112410904393,False,0.6795913272126677,0.7208468070124268,0.29173009199712713,-0.8030125255729599,-0.7316438214758204,0.2988342947301568,0.03327974062896296,0.01295308338178837,2.146516379699357e-15,17.432896489599834,32
0.175,9,144,1,1,1032,broad_xyz,21.99112410904393,False,0.7208992623357051,0.7477778729825876,0.39464092464032086,-0.8106491031371356,-0.7169661827687303,0.30073014693737277,0.04073826357987815,0.016699382684696024,2.146516379699357e-15,17.432896489599834,32
0.1875,9,144,1,1,1032,broad_xyz,21.99112410904393,False,0.7546007575759337,0.770583784168079,0.4844375624651364,-0.8219493075747931,-0.6994782889489892,0.30491387559763117,0.04880295559822664,0.020851993573399438,2.146516379699357e-15,17.432896489599834,32
0.2,9,144,1,1,1032,broad_xyz,21.99112410904393,False,0.7802257197032963,0.7901937426160084,0.5602574666286684,-0.8375611201486843,-0.6828834185125792,0.31254221565787815,0.05695293231947513,0.02518563983057351,2.146516379699357e-15,17.432896489599834,32
0.2125,9,144,1,1,1032,broad_xyz,21.99112410904393,False,0.7981948529025782,0.8069673566713299,0.6220346492900467,-0.8571982999899505,-0.6706875090477464,0.32383523301612954,0.0649262752758855,0.029501242927594557,2.146516379699357e-15,17.432896489599834,32
0.225,9,144,1,1,1032,broad_xyz,21.99112410904393,False,0.8133679578028092,0.8230145345471614,0.675155716863634,-0.8793842843219483,-0.643074223072155,0.3350445867466803,0.07222536147809491,0.03382822476545533,2.146516379699357e-15,17.432896489599834,32
0.2375,9,144,1,1,1032,broad_xyz,21.99112410904393,False,0.8257183080463948,0.8386023958004085,0.7203662034475604,-0.9032511032070473,-0.6149548272528013,0.34580073497579783,0.07803303891079083,0.03821400179950209,2.146516379699357e-15,17.432896489599834,32
0.25,9,144,1,1,1032,broad_xyz,21.99112410904393,False,0.8378889888815879,0.8545991643688124,0.7607549147877937,-0.9275011621367071,-0.5895100850982425,0.35178941897130367,0.08234320695460236,0.042983780876194505,2.146516379699357e-15,17.432896489599834,32
0.27,9,144,1,1,1032,broad_xyz,21.99112410904393,False,0.8622633421345789,0.878225156237575,0.8196632662912747,-0.9549744083553721,-0.535886959809246,0.3354724895082324,0.08712866577247157,0.05260186849785234,2.146516379699357e-15,17.432896489599834,32
0.29,9,144,1,1,1032,broad_xyz,21.99112410904393,False,0.8636952957228146,0.8748869718220934,0.8491687074955019,-0.9395122431328355,-0.4940112137241415,0.2788450907270044,0.09266474211763147,0.06372366379334148,2.146516379699357e-15,17.432896489599834,32
0.31,9,144,1,1,1032,broad_xyz,21.99112410904393,False,0.841867306484551,0.8777065614439162,0.8590916444383687,-0.9237679027429027,-0.5108030285041051,0.24115085834279182,0.09874477097003011,0.07066408347856655,2.146516379699357e-15,17.432896489599834,32
0.33,9,144,1,1,1032,broad_xyz,21.99112410904393,False,0.8329800824855053,0.9058893145215752,0.8851894554351566,-0.9455648720061071,-0.5831392735175946,0.25657581029836657,0.1015820729134965,0.07156963038266548,2.146516379699357e-15,17.432896489599834,32
0.35,9,144,1,1,1032,broad_xyz,21.99112410904393,False,0.829568037597123,0.9223359938613478,0.9092945200286658,-0.9604667712929651,-0.6562285981602047,0.2800059032375006,0.10388790004007485,0.07029872945522785,2.146516379699357e-15,17.432896489599834,32
0.37,9,144,1,1,1032,broad_xyz,21.99112410904393,False,0.8308764337966181,0.9291086902490201,0.9299516553387855,-0.9634686587134567,-0.7029286494727925,0.29571579414894517,0.10788162080646348,0.06897750401087113,2.146516379699357e-15,17.432896489599834,32
0.39,9,144,1,1,1032,broad_xyz,21.99112410904393,False,0.8269884560681958,0.9281779592713277,0.943522797010568,-0.9601129840083841,-0.7405786043017495,0.3062170139423783,0.10854619303908028,0.06797049706537744,2.146516379699357e-15,17.432896489599834,32
0.41000000000000003,9,144,1,1,1032,broad_xyz,21.99112410904393,False,0.8141178787358173,0.9216807012383276,0.9485353713717838,-0.9544620641770679,-0.8064615293361022,0.3122276783648858,0.10921086595819898,0.06727806360424488,2.146516379699357e-15,17.432896489599834,32
0.43,9,144,1,1,1032,broad_xyz,21.99112410904393,False,0.7987404124631662,0.9124783976741621,0.9480124688855883,-0.9499432665555905,-0.8606995277310338,0.31296061391547875,0.10926551755646552,0.06687419573641577,2.146516379699357e-15,17.432896489599834,32
0.45,9,144,1,1,1032,broad_xyz,21.99112410904393,False,0.7897762023798266,0.9022413673700374,0.9439481150512165,-0.9499442058529802,-0.8755627811619707,0.30496927329856893,0.10799810430563768,0.06668123371795792,2.146516379699357e-15,17.432896489599834,32
0.5,9,144,1,1,1032,broad_xyz,21.99112410904393,False,0.822833892658781,0.8942001665129441,0.9341166127055568,-0.9684998086853576,-0.8114283729215386,0.20121287149832298,0.10496080757915331,0.06856553179246966,2.146516379699357e-15,17.432896489599834,32
0.55,9,144,1,1,1032,broad_xyz,21.99112410904393,False,0.8131613145470686,0.8806894415656673,0.9350603853529407,-0.9646253888577723,-0.8163884584818818,0.016206136431194076,0.10387004632742529,0.07596910455233351,2.146516379699357e-15,17.432896489599834,32
0.6,9,144,1,1,1032,broad_xyz,21.99112410904393,False,0.6382805294458741,0.691780694819254,0.8723225748578675,-0.8452044561267129,-0.70912316113039,-0.17234402334876628,0.1056168319380961,0.0848683373551735,2.146516379699357e-15,17.432896489599834,32
0.6499999999999999,9,144,1,1,1032,broad_xyz,21.99112410904393,False,0.6895889284989878,0.7709365640399055,0.9047686666083156,-0.9399802736160802,-0.9124828242632057,-0.2832178720728187,0.10362640432518284,0.08050724847197285,2.146516379699357e-15,17.432896489599834,32
0.7,9,144,1,1,1032,broad_xyz,21.99112410904393,False,0.7613647470539004,0.8434512519459443,0.9396248746610721,-0.95658732648975,-0.9607980091091199,-0.3863520199498567,0.10246893120989578,0.07684993027496681,2.146516379699357e-15,17.432896489599834,32
0.725,9,144,1,1,1032,broad_xyz,21.99112410904393,False,0.756012941767892,0.8336558677808393,0.9499815814838811,-0.9503716498677259,-0.9636285069268942,-0.40777835681673524,0.10128881743570109,0.07604753008645347,2.146516379699357e-15,17.432896489599834,32
0.75,9,144,1,1,1032,broad_xyz,21.99112410904393,False,0.7385518797590213,0.8209937564760736,0.9573771728338017,-0.9434235668432184,-0.960058795715004,-0.41974571975899705,0.09963813900615401,0.07522109336189106,2.146516379699357e-15,17.432896489599834,32
0.775,9,144,1,1,1032,broad_xyz,21.99112410904393,False,0.7251860251654059,0.8207195883746257,0.9615678709329352,-0.927264131770645,-0.9542964651407673,-0.4307046466625723,0.09838323647897226,0.0742425230283509,2.146516379699357e-15,17.432896489599834,32
0.8,9,144,1,1,1032,broad_xyz,21.99112410904393,False,0.7254928676203013,0.8358059251971997,0.9644827063832524,-0.8757230055994449,-0.949244036495783,-0.44758017604792383,0.09731137131447871,0.07320616502418414,2.146516379699357e-15,17.432896489599834,32
0.825,9,144,1,1,1032,broad_xyz,21.99112410904393,False,0.7357082212162454,0.8573688366766102,0.9608417734113502,-0.7067826671549046,-0.9394383246236704,-0.4764352176975946,0.09696611299516518,0.07206065495382222,2.146516379699357e-15,17.432896489599834,32
0.85,9,144,1,1,1032,broad_xyz,21.99112410904393,False,0.7513944004397486,0.8796793194796727,0.9463710517540274,-0.4092291854863589,-0.9174754081245695,-0.5007994578707385,0.09520888401766434,0.07022130641387249,2.146516379699357e-15,17.432896489599834,32
0.875,9,144,1,1,1032,broad_xyz,21.99112410904393,False,0.7641901661222775,0.8973412299639878,0.934508096490086,-0.3033803991608154,-0.8931501905401171,-0.4858775196758401,0.09421772163103508,0.06747079274557419,2.146516379699357e-15,17.432896489599834,32
0.9,9,144,1,1,1032,broad_xyz,21.99112410904393,False,0.773124969186885,0.9025197190771036,0.9240706223037211,-0.36614456703490755,-0.8364229863254786,-0.478090143025973,0.09459694640909597,0.06564956650819968,2.146516379699357e-15,17.432896489599834,32
0.95,9,144,1,1,1032,broad_xyz,21.99112410904393,False,0.7971756414788497,0.8804619116982608,0.9149551272878799,-0.6297060340894133,-0.8691406550213652,-0.5017383554364088,0.09770683259170927,0.06629717713273466,2.146516379699357e-15,17.432896489599834,32
1.0,9,144,1,1,1032,broad_xyz,21.99112410904393,False,0.7934907225871649,0.8137825161447717,0.9133220005078756,-0.8621877835935092,-0.9141781895848391,-0.49195276557630674,0.0945228216527878,0.07001698913783433,2.146516379699357e-15,17.432896489599834,32
0.05,9,144,1,1,1033,broad_xyz,21.99112410904393,False,0.4306971746884001,0.6505442309956069,0.027422648192978558,-0.5422524494572324,-0.22555421019574695,-0.1867665282322414,0.0022355945455485096,0.0006353142873766694,2.146516379699357e-15,17.432896489599834,33
0.075,9,144,1,1,1033,broad_xyz,21.99112410904393,False,0.5384706752446592,0.6905485237350537,0.14286276738814843,-0.5953714998497416,-0.5791356928042987,-0.1784006377974275,0.0057338812827368675,0.0018856911968513149,2.146516379699357e-15,17.432896489599834,33
0.1,9,144,1,1,1033,broad_xyz,21.99112410904393,False,0.66940197013614,0.75553828276951,0.3106127859884474,-0.629653251375158,-0.8079462901693595,-0.11898313029556327,0.011990139429481978,0.004622500979633442,2.146516379699357e-15,17.432896489599834,33
0.125,9,144,1,1,1033,broad_xyz,21.99112410904393,False,0.7841010507916001,0.8179530707438479,0.48896861442980677,-0.6500226987438184,-0.8475197443534236,-0.024089566276361524,0.02174082988362484,0.009540063716885717,2.146516379699357e-15,17.432896489599834,33
0.15,9,144,1,1,1033,broad_xyz,21.99112410904393,False,0.8657809881082478,0.8577708739797365,0.6395503697749768,-0.6734417458823185,-0.8216296832213124,0.08434297882832832,0.036382955545867526,0.016723624215213825,2.146516379699357e-15,17.432896489599834,33
0.1625,9,144,1,1,1033,broad_xyz,21.99112410904393,False,0.892649098536232,0.8683969521486266,0.6972702226608057,-0.6935292486924785,-0.7950365763669656,0.13401262513171186,0.04492088609000363,0.021055832158879642,2.146516379699357e-15,17.432896489599834,33
0.175,9,144,1,1,1033,broad_xyz,21.99112410904393,False,0.9120615241282524,0.8758688880600646,0.7429800466517238,-0.721479729120046,-0.763082576476841,0.1755455026750505,0.053924416225517614,0.025706359134289352,2.146516379699357e-15,17.432896489599834,33
0.1875,9,144,1,1,1033,broad_xyz,21.99112410904393,False,0.925947381320447,0.8820007647182194,0.7792807264658352,-0.7551385642520579,-0.7304103618333858,0.20893990220553005,0.06299901501220685,0.030523389691388618,2.146516379699357e-15,17.432896489599834,33
0.2,9,144,1,1,1033,broad_xyz,21.99112410904393,False,0.9367242614298068,0.8883035735983503,0.809303251186852,-0.7908124899797254,-0.700307960171144,0.2363051499167276,0.07141659278209478,0.03532179487325507,2.146516379699357e-15,17.432896489599834,33
0.2125,9,144,1,1,1033,broad_xyz,21.99112410904393,False,0.945041688929234,0.8943903881273757,0.8340529251527946,-0.8251870816168135,-0.6723108274268814,0.25814164343925805,0.0789729118635935,0.040010883376012406,2.146516379699357e-15,17.432896489599834,33
0.225,9,144,1,1,1033,broad_xyz,21.99112410904393,False,0.9521351474297568,0.9012522607992639,0.8557578162410715,-0.8564548111767799,-0.6428770792639429,0.27633421859132506,0.08542694742627109,0.04464028895268161,2.146516379699357e-15,17.432896489599834,33
0.2375,9,144,1,1,1033,broad_xyz,21.99112410904393,False,0.9584922142718557,0.9093126887509541,0.8758786444522311,-0.8845499767281046,-0.6142511750348187,0.29276634847170097,0.09063933541576676,0.049383929806038056,2.146516379699357e-15,17.432896489599834,33
0.25,9,144,1,1,1033,broad_xyz,21.99112410904393,False,0.964295684534365,0.9187383221678349,0.8962832198110574,-0.9084561384156356,-0.5910040555177114,0.31292727692673256,0.09448153929735723,0.05450672661898407,2.146516379699357e-15,17.432896489599834,33
0.27,9,144,1,1,1033,broad_xyz,21.99112410904393,False,0.9675917376553302,0.9303541531703978,0.9281501768023853,-0.9296366157055671,-0.576054558392853,0.3663031244293049,0.09808199909803224,0.0637980118391685,2.146516379699357e-15,17.432896489599834,33
0.29,9,144,1,1,1033,broad_xyz,21.99112410904393,False,0.9510931394827878,0.925037861776439,0.9492827105715702,-0.9151496719841219,-0.6116533605667419,0.4508864084225383,0.10080853977358502,0.0733270130511224,2.146516379699357e-15,17.432896489599834,33
0.31,9,144,1,1,1033,broad_xyz,21.99112410904393,False,0.9173484907811922,0.9167190701746075,0.9492588637307736,-0.9027621282464997,-0.6430538330227682,0.48648979212111954,0.10839142914045352,0.07927186792887446,2.146516379699357e-15,17.432896489599834,33
0.33,9,144,1,1,1033,broad_xyz,21.99112410904393,False,0.9065766736245521,0.930221759475239,0.9533830393718985,-0.9300035148110735,-0.6534156562982243,0.4425739947143479,0.11347926039384494,0.08040963528553297,2.146516379699357e-15,17.432896489599834,33
0.35,9,144,1,1,1033,broad_xyz,21.99112410904393,False,0.914771211877401,0.9455132116365532,0.964371444915834,-0.9572261354746328,-0.68123606491344,0.3716662539944843,0.11493298747581855,0.07935929052396316,2.146516379699357e-15,17.432896489599834,33
0.37,9,144,1,1,1033,broad_xyz,21.99112410904393,False,0.9245231473726283,0.95302893242827,0.9733433808507772,-0.9691032247196003,-0.7081479293087137,0.29275644297936554,0.11390157886905838,0.07782542548375654,2.146516379699357e-15,17.432896489599834,33
0.39,9,144,1,1,1033,broad_xyz,21.99112410904393,False,0.9311048726804185,0.9540821389464225,0.9790166685134062,-0.9704161168382478,-0.7284126290211654,0.21550790404092154,0.11414171840902934,0.0766627736605295,2.146516379699357e-15,17.432896489599834,33
0.41000000000000003,9,144,1,1,1033,broad_xyz,21.99112410904393,False,0.932452813278501,0.9506740710075883,0.9814928387033622,-0.9660754683532072,-0.7427561432472859,0.13878000706684523,0.11511053194557053,0.0762729933498218,2.146516379699357e-15,17.432896489599834,33
0.43,9,144,1,1,1033,broad_xyz,21.99112410904393,False,0.9272993933263954,0.9426424194241911,0.9805730045763162,-0.9586537041208018,-0.7534563486282008,0.06070727688073816,0.11517185136068085,0.07671097626762843,2.146516379699357e-15,17.432896489599834,33
0.45,9,144,1,1,1033,broad_xyz,21.99112410904393,False,0.9166787874056195,0.9299037809815265,0.976212064081664,-0.9505986186171592,-0.7519801008359124,-0.01142930069817258,0.1126167422067654,0.07770671851355643,2.146516379699357e-15,17.432896489599834,33
0.5,9,144,1,1,1033,broad_xyz,21.99112410904393,False,0.8948889021666505,0.9002932001315841,0.9631702900362786,-0.9564531173941313,-0.69536768697297,-0.07363584617855347,0.11167672124670028,0.08040467701305781,2.146516379699357e-15,17.432896489599834,33
0.55,9,144,1,1,1033,broad_xyz,21.99112410904393,False,0.8207477220371443,0.8400811405994421,0.9431488922662379,-0.9487854956852728,-0.7046414524820496,-0.09798498670459078,0.1062397157336888,0.08533998992057094,2.146516379699357e-15,17.432896489599834,33
0.6,9,144,1,1,1033,broad_xyz,21.99112410904393,False,0.6344835818793728,0.6647133194964967,0.8784038167871848,-0.8808014307198492,-0.6878041061366018,-0.3968249782553773,0.10973050017014632,0.09064942889949391,2.146516379699357e-15,17.432896489599834,33
0.6499999999999999,9,144,1,1,1033,broad_xyz,21.99112410904393,False,0.6926343685855655,0.7496255062537711,0.9201844937025714,-0.917221784482677,-0.7979276420141227,-0.5383803116410508,0.10780714056097392,0.08717486051197532,2.146516379699357e-15,17.432896489599834,33
0.7,9,144,1,1,1033,broad_xyz,21.99112410904393,False,0.7703128841307672,0.8250805768030678,0.937434239203863,-0.9232297941744241,-0.8803745303889629,-0.5356672040110788,0.10704400033983075,0.08391347241663462,2.146516379699357e-15,17.432896489599834,33
0.725,9,144,1,1,1033,broad_xyz,21.99112410904393,False,0.783305404246514,0.8370051106851636,0.9434069137484136,-0.9148461406407903,-0.9029756810360826,-0.5226746239618849,0.10600188348499325,0.08311163311374374,2.146516379699357e-15,17.432896489599834,33
0.75,9,144,1,1,1033,broad_xyz,21.99112410904393,False,0.7977316579234881,0.8566415441707006,0.9501591217119413,-0.9050118972811101,-0.9144483028352747,-0.507867943442302,0.1065380595904976,0.08202482460256985,2.146516379699357e-15,17.432896489599834,33
0.775,9,144,1,1,1033,broad_xyz,21.99112410904393,False,0.8125106860627572,0.8810768658300419,0.9539445666322676,-0.8870077794964689,-0.9134482485968141,-0.491151399506388,0.10768389833648886,0.080284868153577,2.146516379699357e-15,17.432896489599834,33
0.8,9,144,1,1,1033,broad_xyz,21.99112410904393,False,0.8217288631409598,0.9007053745063317,0.9539341694276811,-0.8496371141051627,-0.9064663994337012,-0.46964888253035164,0.11106075421674522,0.07792184580291645,2.146516379699357e-15,17.432896489599834,33
0.825,9,144,1,1,1033,broad_xyz,21.99112410904393,False,0.82565093526518,0.9119843510453355,0.949802105650833,-0.7701265806595392,-0.8937610331061612,-0.4430848177663053,0.11258410765589312,0.07509957100373504,2.146516379699357e-15,17.432896489599834,33
0.85,9,144,1,1,1033,broad_xyz,21.99112410904393,False,0.82897266380761,0.9172823260283786,0.9435689482860542,-0.6403327750011258,-0.8826136611700653,-0.42177506959916544,0.11153639458223455,0.07194519848799817,2.146516379699357e-15,17.432896489599834,33
0.875,9,144,1,1,1033,broad_xyz,21.99112410904393,False,0.8348764268817955,0.9189799296795357,0.9393215171570478,-0.5390844374909083,-0.8721767081003222,-0.41928887682093774,0.10834818386505139,0.06925001975081897,2.146516379699357e-15,17.432896489599834,33
0.9,9,144,1,1,1033,broad_xyz,21.99112410904393,False,0.839268562681877,0.9147523752095532,0.9377689323137497,-0.49708083505606465,-0.8339088841289932,-0.4261784818726855,0.10404339300031336,0.0680203509095884,2.146516379699357e-15,17.432896489599834,33
0.95,9,144,1,1,1033,broad_xyz,21.99112410904393,False,0.823730162823394,0.8716380301659793,0.939973179406861,-0.6059415425454591,-0.8980190035879408,-0.4488664161779821,0.09939127144288584,0.07001477196973013,2.146516379699357e-15,17.432896489599834,33
1.0,9,144,1,1,1033,broad_xyz,21.99112410904393,False,0.7350992353047594,0.7381276018094963,0.9142580938317275,-0.7967262865637815,-0.8926072009774376,-0.5129145448656651,0.10181315946803451,0.07511636426789887,2.146516379699357e-15,17.432896489599834,33
0.05,9,144,1,1,1034,broad_xyz,21.99112410904393,False,0.16382499683143925,0.44240180887937375,-0.23502022207886664,-0.49026385179112514,-0.42594778342289286,-0.40802893534530954,0.0019952823023695675,0.00037764787640853,2.146516379699357e-15,17.432896489599834,34
0.075,9,144,1,1,1034,broad_xyz,21.99112410904393,False,0.24073376695967585,0.48197738493397513,-0.18794007139765345,-0.5360744611810576,-0.5388871807474832,-0.4250981831794988,0.005039926977282244,0.0011258590956061537,2.146516379699357e-15,17.432896489599834,34
0.1,9,144,1,1,1034,broad_xyz,21.99112410904393,False,0.34529229330059913,0.5664196511934363,-0.07766024580954532,-0.566931153225338,-0.6862285054114763,-0.41867543940338264,0.01044276036048621,0.0029178271410153192,2.146516379699357e-15,17.432896489599834,34
0.125,9,144,1,1,1034,broad_xyz,21.99112410904393,False,0.45129065879632313,0.6579143318554652,0.0859804715728901,-0.5708608596325075,-0.8161768460332605,-0.3894031824692998,0.019288994051323356,0.006601525632009999,2.146516379699357e-15,17.432896489599834,34
0.15,9,144,1,1,1034,broad_xyz,21.99112410904393,False,0.5429327899580926,0.7335523123225044,0.25437178202757604,-0.5714220218346174,-0.9039691128951085,-0.3490971098503564,0.03194358840695733,0.012843781643980721,2.146516379699357e-15,17.432896489599834,34
0.1625,9,144,1,1,1034,broad_xyz,21.99112410904393,False,0.5825875038636594,0.7612165969010211,0.32689575682505706,-0.5820167735568519,-0.9191899683041745,-0.33357852054443016,0.03939355302755859,0.01695243571405468,2.146516379699357e-15,17.432896489599834,34
0.175,9,144,1,1,1034,broad_xyz,21.99112410904393,False,0.6147849434765825,0.780032403439588,0.3901533073285526,-0.5992732508220788,-0.9002496745488012,-0.3215994151198611,0.04756974475950513,0.021527973121372963,2.146516379699357e-15,17.432896489599834,34
0.1875,9,144,1,1,1034,broad_xyz,21.99112410904393,False,0.6429745394558083,0.7953866240464118,0.44947579219255684,-0.6197609068522811,-0.8525484030586955,-0.30986613552008513,0.05606201471855917,0.026437169902905143,2.146516379699357e-15,17.432896489599834,34
0.2,9,144,1,1,1034,broad_xyz,21.99112410904393,False,0.667566319746279,0.8077006671571852,0.5029288899238232,-0.6448313529172118,-0.7836111104928302,-0.3009437138492383,0.06439554299270993,0.031526145286627935,2.146516379699357e-15,17.432896489599834,34
0.2125,9,144,1,1,1034,broad_xyz,21.99112410904393,False,0.6882126277301749,0.8167464205092646,0.5487238145701853,-0.6745871799225283,-0.7023637865649599,-0.2949803918074249,0.07222214854248318,0.03668451373437073,2.146516379699357e-15,17.432896489599834,34
0.225,9,144,1,1,1034,broad_xyz,21.99112410904393,False,0.705220931729588,0.8233992040899054,0.5874040843431516,-0.7072452646457206,-0.6197753357266055,-0.29050142398631235,0.0793148641531295,0.04187825612371395,2.146516379699357e-15,17.432896489599834,34
0.2375,9,144,1,1,1034,broad_xyz,21.99112410904393,False,0.7177461643946662,0.827813941106828,0.6195384816930366,-0.7410856630807726,-0.5403881292464898,-0.2842600022242945,0.08602761958205384,0.047097418575629775,2.146516379699357e-15,17.432896489599834,34
0.25,9,144,1,1,1034,broad_xyz,21.99112410904393,False,0.7256900581031362,0.829488710066017,0.6448628249015627,-0.7756534955568856,-0.47732062040593165,-0.27669721185977825,0.09215435765926085,0.05241846705928846,2.146516379699357e-15,17.432896489599834,34
0.27,9,144,1,1,1034,broad_xyz,21.99112410904393,False,0.7384517403469087,0.8320571810448467,0.6883004318833658,-0.8170751628777911,-0.4297883633869301,-0.26358052896436646,0.10010129383826356,0.061110172577846136,2.146516379699357e-15,17.432896489599834,34
0.29,9,144,1,1,1034,broad_xyz,21.99112410904393,False,0.7576784808654663,0.8373409026347074,0.7519350239322857,-0.8181685931298078,-0.47903261086594,-0.27461276277817237,0.10596332557249244,0.0695946141797293,2.146516379699357e-15,17.432896489599834,34
0.31,9,144,1,1,1034,broad_xyz,21.99112410904393,False,0.7735761806392206,0.8466261544855259,0.8091310239295185,-0.8095743659598379,-0.5560910065999178,-0.28631158112331434,0.11135107857227834,0.07576450351113609,2.146516379699357e-15,17.432896489599834,34
0.33,9,144,1,1,1034,broad_xyz,21.99112410904393,False,0.7818570697733618,0.8625904614111326,0.8369237226233885,-0.8418985512209916,-0.6053025493198924,-0.3043655205803391,0.11454525015105031,0.07804360250845067,2.146516379699357e-15,17.432896489599834,34
0.35,9,144,1,1,1034,broad_xyz,21.99112410904393,False,0.7870440878260831,0.8771842403215698,0.8640889341933735,-0.8698113958559707,-0.6615201886431327,-0.3331511862239535,0.11535258323885586,0.07786309117848994,2.146516379699357e-15,17.432896489599834,34
0.37,9,144,1,1,1034,broad_xyz,21.99112410904393,False,0.7891082191472772,0.8870344622419634,0.8875170503675617,-0.8907886602371022,-0.7060915017124327,-0.3630144252239783,0.11438409639393414,0.07699035437952184,2.146516379699357e-15,17.432896489599834,34
0.39,9,144,1,1,1034,broad_xyz,21.99112410904393,False,0.7858033583289217,0.8923441612456177,0.9074359789614777,-0.898036453354525,-0.7322454968773738,-0.38737252485587187,0.11250279726753451,0.07596393636802146,2.146516379699357e-15,17.432896489599834,34
0.41000000000000003,9,144,1,1,1034,broad_xyz,21.99112410904393,False,0.7729275159215171,0.8926289705764162,0.9227158288486165,-0.8911844632138027,-0.7521529627736169,-0.40182603331186395,0.11006732758239361,0.07481583397971314,2.146516379699357e-15,17.432896489599834,34
0.43,9,144,1,1,1034,broad_xyz,21.99112410904393,False,0.7516234962914936,0.8878462097203241,0.9308126386154754,-0.8773094096460657,-0.7706607107408214,-0.4145515342854892,0.10725998746258456,0.07374710694348423,2.146516379699357e-15,17.432896489599834,34
0.45,9,144,1,1,1034,broad_xyz,21.99112410904393,False,0.7323520933566031,0.8795979636639515,0.9334259715040019,-0.8642809157417422,-0.7885073120369869,-0.4277281881574079,0.10740970239793442,0.07310388897961821,2.146516379699357e-15,17.432896489599834,34
0.5,9,144,1,1,1034,broad_xyz,21.99112410904393,False,0.7263862078146578,0.8385709429794627,0.9230678327498605,-0.8628101006297982,-0.7676053089079707,-0.4214790348160617,0.10631944536265855,0.07472888585983954,2.146516379699357e-15,17.432896489599834,34
0.55,9,144,1,1,1034,broad_xyz,21.99112410904393,False,0.6197010220570437,0.7151159787688834,0.8374470959054281,-0.8451994600509495,-0.6688462923050069,-0.4337496145840588,0.10510819437962764,0.07958013208751885,2.146516379699357e-15,17.432896489599834,34
0.6,9,144,1,1,1034,broad_xyz,21.99112410904393,False,0.3929266898147095,0.5203038868813362,0.694046254116441,-0.7919227713729348,-0.5200571023147796,-0.43956016209021775,0.10920145982599694,0.08389739471999175,2.146516379699357e-15,17.432896489599834,34
0.6499999999999999,9,144,1,1,1034,broad_xyz,21.99112410904393,False,0.47506077564342897,0.5976966764993175,0.7128540360397781,-0.8296692618654812,-0.648039203155157,-0.5748016748996853,0.1052447857112178,0.08301373115490984,2.146516379699357e-15,17.432896489599834,34
0.7,9,144,1,1,1034,broad_xyz,21.99112410904393,False,0.6174202342652935,0.7288507291125252,0.791455471927927,-0.843159025812286,-0.8111749866403868,-0.6180599847030989,0.10273547757595969,0.08127474496878967,2.146516379699357e-15,17.432896489599834,34
0.725,9,144,1,1,1034,broad_xyz,21.99112410904393,False,0.6621521984247265,0.7637727498999901,0.8252350891013737,-0.8277650752842522,-0.8562830801473017,-0.6052052536679406,0.10237800018891856,0.08047951204331219,2.146516379699357e-15,17.432896489599834,34
0.75,9,144,1,1,1034,broad_xyz,21.99112410904393,False,0.7012956306559456,0.7919873754552238,0.8585871034015222,-0.8060818574326368,-0.8819963949024391,-0.5862055690913717,0.1020005682327179,0.07932880658682512,2.146516379699357e-15,17.432896489599834,34
0.775,9,144,1,1,1034,broad_xyz,21.99112410904393,False,0.7430649748134328,0.8246513224886447,0.8943871005786387,-0.7840572031331349,-0.9010286981104159,-0.5646387906729595,0.10196400455626563,0.07781141586797075,2.146516379699357e-15,17.432896489599834,34
0.8,9,144,1,1,1034,broad_xyz,21.99112410904393,False,0.7820864541580252,0.8582503984770802,0.927457544455516,-0.7591512419296103,-0.9157019610043341,-0.5405671004352574,0.10091190505601132,0.07602566019829143,2.146516379699357e-15,17.432896489599834,34
0.825,9,144,1,1,1034,broad_xyz,21.99112410904393,False,0.8045029420650238,0.8806359149374432,0.948848500125319,-0.7153672579286674,-0.9246105800423684,-0.5080359092809956,0.10034382792933091,0.07401795270842136,2.146516379699357e-15,17.432896489599834,34
0.85,9,144,1,1,1034,broad_xyz,21.99112410904393,False,0.8056816580572548,0.8887969172515005,0.9533853604310707,-0.6421339907173068,-0.9238835794728246,-0.47444040834919854,0.10235438567198317,0.07176769077174555,2.146516379699357e-15,17.432896489599834,34
0.875,9,144,1,1,1034,broad_xyz,21.99112410904393,False,0.7995534124200798,0.8931281667060519,0.9485878438469773,-0.5754863417478355,-0.9096413499771606,-0.46130064910592217,0.10089000192997166,0.06959883044085924,2.146516379699357e-15,17.432896489599834,34
0.9,9,144,1,1,1034,broad_xyz,21.99112410904393,False,0.798770896454076,0.8957368210224878,0.9439298004159613,-0.5474848412286547,-0.8556826200592766,-0.4616996263525666,0.09676934091834476,0.06812953192153533,2.146516379699357e-15,17.432896489599834,34
0.95,9,144,1,1,1034,broad_xyz,21.99112410904393,False,0.816567391691338,0.8871270766162976,0.9452110247374991,-0.6294495571799958,-0.9007768117579078,-0.47553363724888703,0.09284268561121183,0.068394830941722,2.146516379699357e-15,17.432896489599834,34
1.0,9,144,1,1,1034,broad_xyz,21.99112410904393,False,0.8181222559557444,0.8427690287502354,0.9275118266549411,-0.7919570889930897,-0.8862284825667778,-0.5785128256343723,0.09320094122792535,0.07180948661659475,2.146516379699357e-15,17.432896489599834,34
0.05,9,144,1,1,1035,broad_xyz,21.99112410904393,False,0.48864076926711536,0.5152139878138302,-0.26753934362506915,-0.7285062865632265,-0.611705700228047,-0.07137597440330722,0.0016930338902213053,0.0002661607858878917,2.146516379699357e-15,17.432896489599834,35
0.075,9,144,1,1,1035,broad_xyz,21.99112410904393,False,0.5939394530595123,0.5606394737740036,0.03859367491384968,-0.7669191745502753,-0.7099897522055642,-0.09744328131805842,0.004353942109805972,0.0007997102463990677,2.146516379699357e-15,17.432896489599834,35
0.1,9,144,1,1,1035,broad_xyz,21.99112410904393,False,0.7125735744041364,0.6456597732212069,0.4105494447768709,-0.8110818074447572,-0.8198247487229732,-0.14637499974332302,0.0091383422258419,0.002151514687653373,2.146516379699357e-15,17.432896489599834,35
0.125,9,144,1,1,1035,broad_xyz,21.99112410904393,False,0.8002804538588081,0.7411859340311914,0.6838920505047065,-0.8433769280362778,-0.8856914617299532,-0.21022543602887134,0.017415681449012146,0.0053075645791466385,2.146516379699357e-15,17.432896489599834,35
0.15,9,144,1,1,1035,broad_xyz,21.99112410904393,False,0.8651204886179643,0.829967303787363,0.8472743492273328,-0.8609392622843451,-0.9010524576708702,-0.2577093968227902,0.02973005746234209,0.011420055608428466,2.146516379699357e-15,17.432896489599834,35
0.1625,9,144,1,1,1035,broad_xyz,21.99112410904393,False,0.8926269647344969,0.8620899690393174,0.8969953161912445,-0.864196361983777,-0.9052564399487018,-0.2712851680059159,0.03763915283036157,0.015742308622488724,2.146516379699357e-15,17.432896489599834,35
0.175,9,144,1,1,1035,broad_xyz,21.99112410904393,False,0.9134517741757578,0.8840980604001238,0.9274384759972844,-0.866481240888724,-0.90981947911545,-0.2806179646108495,0.04634200803274473,0.020724276594069297,2.146516379699357e-15,17.432896489599834,35
0.1875,9,144,1,1,1035,broad_xyz,21.99112410904393,False,0.9285590005770397,0.900494661624228,0.9446088906460125,-0.871277648607806,-0.912211620394622,-0.2853591862542277,0.05540542236171285,0.026108905754189643,2.146516379699357e-15,17.432896489599834,35
0.2,9,144,1,1,1035,broad_xyz,21.99112410904393,False,0.9400161066337703,0.9139395177805488,0.9542040568783102,-0.8798932417666678,-0.9067476880415083,-0.28928709810093656,0.06415870677212986,0.031693512900698995,2.146516379699357e-15,17.432896489599834,35
0.2125,9,144,1,1,1035,broad_xyz,21.99112410904393,False,0.9487845149852547,0.9268227118490678,0.9593108344994234,-0.8927045678165645,-0.8952970849598497,-0.2918118655228772,0.07208413239431212,0.037301253211027396,2.146516379699357e-15,17.432896489599834,35
0.225,9,144,1,1,1035,broad_xyz,21.99112410904393,False,0.9543558204850191,0.9389921153136004,0.9616007314885158,-0.9075385255242231,-0.8775647359970867,-0.2912092353064205,0.07882917919405925,0.04275441490046613,2.146516379699357e-15,17.432896489599834,35
0.2375,9,144,1,1,1035,broad_xyz,21.99112410904393,False,0.9575960196569985,0.9493790319375245,0.9616926031230576,-0.9245954319058528,-0.857164340414337,-0.2880328429607457,0.08423680499458856,0.048145899981320746,2.146516379699357e-15,17.432896489599834,35
0.25,9,144,1,1,1035,broad_xyz,21.99112410904393,False,0.9571719540773189,0.9566912459751431,0.9583954626303689,-0.9429083012206266,-0.8337547351846162,-0.28332946589676333,0.08809035996013044,0.0536315578642145,2.146516379699357e-15,17.432896489599834,35
0.27,9,144,1,1,1035,broad_xyz,21.99112410904393,False,0.9439214511730966,0.9565961890980706,0.9453571778490106,-0.9647119672686459,-0.7492220118412923,-0.26856556987107,0.09126316899545252,0.06267921848138218,2.146516379699357e-15,17.432896489599834,35
0.29,9,144,1,1,1035,broad_xyz,21.99112410904393,False,0.9120658561768362,0.9404583607968543,0.9274492473445161,-0.9645651020694496,-0.574982089808912,-0.2221695877202511,0.0956834772982932,0.07134657883131167,2.146516379699357e-15,17.432896489599834,35
0.31,9,144,1,1,1035,broad_xyz,21.99112410904393,False,0.8717291708056345,0.9207515089751344,0.9202141297059516,-0.9463052592181459,-0.3789173019166792,-0.14618888606053707,0.10088154081794684,0.07684859497511232,2.146516379699357e-15,17.432896489599834,35
0.33,9,144,1,1,1035,broad_xyz,21.99112410904393,False,0.8508467893630326,0.9151827169074448,0.9325286149676529,-0.9392922574366668,-0.33784916888209193,-0.09376509551463194,0.10404623717730645,0.07810050041727463,2.146516379699357e-15,17.432896489599834,35
0.35,9,144,1,1,1035,broad_xyz,21.99112410904393,False,0.855648289282337,0.923073793584798,0.9548244655377955,-0.9465555555440658,-0.41692395402824356,-0.06536488698946703,0.10704723116775225,0.07721050685914915,2.146516379699357e-15,17.432896489599834,35
0.37,9,144,1,1,1035,broad_xyz,21.99112410904393,False,0.8686639154956405,0.9300123307394157,0.968578865454954,-0.9544492278058627,-0.5050051199497699,-0.04462170079126999,0.10776414991937822,0.07594551164494018,2.146516379699357e-15,17.432896489599834,35
0.39,9,144,1,1,1035,broad_xyz,21.99112410904393,False,0.8777264968965687,0.9304299837395166,0.9720522714869517,-0.9558255773927322,-0.5713119703914761,-0.03829838968862747,0.10723915402365598,0.07518312943491515,2.146516379699357e-15,17.432896489599834,35
0.41000000000000003,9,144,1,1,1035,broad_xyz,21.99112410904393,False,0.8772751718761227,0.9254647892943142,0.9702638588579137,-0.9521234964608276,-0.6548777430084939,-0.053458338204550745,0.10812261661570619,0.07493117520934708,2.146516379699357e-15,17.432896489599834,35
0.43,9,144,1,1,1035,broad_xyz,21.99112410904393,False,0.8675460493732836,0.9173041504840498,0.9671441394859516,-0.9461257456110569,-0.7732588043174452,-0.0887217225324964,0.10947755380188531,0.0749448257367049,2.146516379699357e-15,17.432896489599834,35
0.45,9,144,1,1,1035,broad_xyz,21.99112410904393,False,0.8532402472801459,0.9076690633083687,0.9652630062778677,-0.9407732910290006,-0.82131574847419,-0.14874411089017003,0.11017901603833227,0.07504485275003704,2.146516379699357e-15,17.432896489599834,35
0.5,9,144,1,1,1035,broad_xyz,21.99112410904393,False,0.8066716284100548,0.8646400029020793,0.9602472487302851,-0.9273815585484657,-0.6800986591995201,-0.24166283622363524,0.114459379543732,0.07659167293149745,2.146516379699357e-15,17.432896489599834,35
0.55,9,144,1,1,1035,broad_xyz,21.99112410904393,False,0.6699009485251258,0.7427327249949439,0.9195818834448037,-0.8750134787634695,-0.5350999370629627,-0.32813287628192256,0.11437410193436902,0.08174843562437101,2.146516379699357e-15,17.432896489599834,35
0.6,9,144,1,1,1035,broad_xyz,21.99112410904393,False,0.45908462199385686,0.5237975932905922,0.8005612827765628,-0.7617796051659921,-0.40238090260565834,-0.48576603963894305,0.11443286434171492,0.086651791985134,2.146516379699357e-15,17.432896489599834,35
0.6499999999999999,9,144,1,1,1035,broad_xyz,21.99112410904393,False,0.5506377777990551,0.5856723011565795,0.8601092574084886,-0.8154241148941258,-0.6887736055409598,-0.488219592969891,0.11417991148783943,0.08495134254602586,2.146516379699357e-15,17.432896489599834,35
0.7,9,144,1,1,1035,broad_xyz,21.99112410904393,False,0.6341924761389407,0.65222126755573,0.8886081868571497,-0.8384254043895067,-0.8326691555913858,-0.5049234826802236,0.10932069961130533,0.08204807103228923,2.146516379699357e-15,17.432896489599834,35
0.725,9,144,1,1,1035,broad_xyz,21.99112410904393,False,0.6401069786989997,0.6610836005379019,0.8849167980296164,-0.8302603382459638,-0.8560262449491554,-0.5157381101338581,0.10886525177268729,0.08143217864282601,2.146516379699357e-15,17.432896489599834,35
0.75,9,144,1,1,1035,broad_xyz,21.99112410904393,False,0.6466388663501704,0.6768061208337925,0.8863027578006134,-0.8213983144562814,-0.8770624387442595,-0.52835501578922,0.1071771257665098,0.08061789289022962,2.146516379699357e-15,17.432896489599834,35
0.775,9,144,1,1,1035,broad_xyz,21.99112410904393,False,0.6592311541237005,0.7031198361797819,0.8955982503401766,-0.8059737849147417,-0.8990452208336412,-0.5400820067414586,0.10347640794647732,0.07927341311132187,2.146516379699357e-15,17.432896489599834,35
0.8,9,144,1,1,1035,broad_xyz,21.99112410904393,False,0.6826861868268123,0.7411324840140495,0.9099783746084847,-0.7573324063596872,-0.9168743885694399,-0.5462832591674689,0.101556355575082,0.07752802618216618,2.146516379699357e-15,17.432896489599834,35
0.825,9,144,1,1,1035,broad_xyz,21.99112410904393,False,0.7170389999131827,0.7856272269432011,0.9231763487667957,-0.6307656297338129,-0.9262054537563321,-0.5481428868676883,0.09793777319961801,0.07553866267231359,2.146516379699357e-15,17.432896489599834,35
0.85,9,144,1,1,1035,broad_xyz,21.99112410904393,False,0.7498578874181875,0.8239594453634526,0.9314771727579007,-0.44429775075419525,-0.9323485898966068,-0.534459231073794,0.09593148864392778,0.0731606354118627,2.146516379699357e-15,17.432896489599834,35
0.875,9,144,1,1,1035,broad_xyz,21.99112410904393,False,0.76758114328016,0.8474695147553395,0.9356209040068325,-0.3461142802373622,-0.9298026175449535,-0.5176087524390675,0.09682022985456398,0.07089760879713101,2.146516379699357e-15,17.432896489599834,35
0.9,9,144,1,1,1035,broad_xyz,21.99112410904393,False,0.7675304013300921,0.856456664140208,0.936897859080717,-0.35392092294775984,-0.8799904099326215,-0.5140088529764671,0.100194376315385,0.06976287388097913,2.146516379699357e-15,17.432896489599834,35
0.95,9,144,1,1,1035,broad_xyz,21.99112410904393,False,0.7257261916140062,0.8230530873976806,0.9355702490197221,-0.5381541567927236,-0.9208865784817699,-0.5250691126783933,0.10473161578064406,0.07103613728595427,2.146516379699357e-15,17.432896489599834,35
1.0,9,144,1,1,1035,broad_xyz,21.99112410904393,False,0.6832220661640522,0.7364701678810426,0.9206481022885182,-0.7824309720331686,-0.9236256093229425,-0.5437782469906269,0.09970579530693291,0.0752727922619627,2.146516379699357e-15,17.432896489599834,35
0.05,9,144,1,1,1036,broad_xyz,21.99112410904393,False,0.5511272642086591,0.6141464179540851,-0.011103134809126324,-0.6137562574105331,-0.5882894314116071,-0.06393867752958388,0.002321708335153473,0.0005301722266999557,2.146516379699357e-15,17.432896489599834,36
0.075,9,144,1,1,1036,broad_xyz,21.99112410904393,False,0.6585269541293874,0.6764460392234974,0.1612559093925735,-0.6611890078447108,-0.7222039045578065,-0.10046273795958074,0.006486153350842544,0.001740069222893988,2.146516379699357e-15,17.432896489599834,36
0.1,9,144,1,1,1036,broad_xyz,21.99112410904393,False,0.7715139348126758,0.7454619993045031,0.36557342239657914,-0.701913948471912,-0.8195513168266714,-0.12798982856798208,0.013800832104507626,0.00456437066389352,2.146516379699357e-15,17.432896489599834,36
0.125,9,144,1,1,1036,broad_xyz,21.99112410904393,False,0.867627048408369,0.8040836741977544,0.556676280194102,-0.7388016546119728,-0.8722978649206837,-0.13833977721815616,0.02588540658811101,0.009901566043947567,2.146516379699357e-15,17.432896489599834,36
0.15,9,144,1,1,1036,broad_xyz,21.99112410904393,False,0.922505342549425,0.844350972616608,0.699249130275051,-0.7750840452492931,-0.8659013271357611,-0.12424938014478303,0.043532680635239525,0.018037383847006202,2.146516379699357e-15,17.432896489599834,36
0.1625,9,144,1,1,1036,broad_xyz,21.99112410904393,False,0.9364053431486344,0.8583791693365611,0.7507551982547264,-0.7944090980419318,-0.8487834430314284,-0.10814159347803026,0.05332952032462968,0.022921405080919943,2.146516379699357e-15,17.432896489599834,36
0.175,9,144,1,1,1036,broad_xyz,21.99112410904393,False,0.9449970842049522,0.8703262315731846,0.7916103175331305,-0.814654832796495,-0.831964167714035,-0.0858987667627701,0.0633786096689636,0.028110715390360932,2.146516379699357e-15,17.432896489599834,36
0.1875,9,144,1,1,1036,broad_xyz,21.99112410904393,False,0.9503751339001991,0.880923931815722,0.8225424054379374,-0.8358558794010577,-0.8156151598458848,-0.05495478145435009,0.07287544001147504,0.03338106470452486,2.146516379699357e-15,17.432896489599834,36
0.2,9,144,1,1,1036,broad_xyz,21.99112410904393,False,0.9544337319415646,0.8908352853218523,0.8464190113980924,-0.857126348112311,-0.7891595840145728,-0.017291822762835255,0.08154512504212645,0.03854898698680666,2.146516379699357e-15,17.432896489599834,36
0.2125,9,144,1,1,1036,broad_xyz,21.99112410904393,False,0.9579219159495047,0.900523862627923,0.8657889225505289,-0.8776579000875275,-0.7408191084494626,0.025074809348277452,0.08907558631141475,0.04353234711575603,2.146516379699357e-15,17.432896489599834,36
0.225,9,144,1,1,1036,broad_xyz,21.99112410904393,False,0.9611849987795853,0.910755780082549,0.8819232287320844,-0.8979721002382309,-0.670663487705412,0.0725711097121602,0.0950968334830473,0.04836510577859174,2.146516379699357e-15,17.432896489599834,36
0.2375,9,144,1,1,1036,broad_xyz,21.99112410904393,False,0.9641747400724962,0.9217158720660316,0.895896908132642,-0.9184394470640207,-0.5866982571356727,0.12367519506121685,0.09949054403558596,0.05315744182052014,2.146516379699357e-15,17.432896489599834,36
0.25,9,144,1,1,1036,broad_xyz,21.99112410904393,False,0.9656607382872695,0.9324148701032114,0.9076599902306937,-0.9388494241780816,-0.5150479905423183,0.17576182834324178,0.1023528262730449,0.05811043000027801,2.146516379699357e-15,17.432896489599834,36
0.27,9,144,1,1,1036,broad_xyz,21.99112410904393,False,0.9594511768585768,0.9413072271798082,0.920190851483891,-0.9634436471560321,-0.4584465371386235,0.2458501972227613,0.10432301691874016,0.0669842179025112,2.146516379699357e-15,17.432896489599834,36
0.29,9,144,1,1,1036,broad_xyz,21.99112410904393,False,0.9395302152034072,0.9333153103165899,0.9277723742637023,-0.9619544031249855,-0.45169472035747044,0.27962245224401744,0.10479913499247531,0.076846520495651,2.146516379699357e-15,17.432896489599834,36
0.31,9,144,1,1,1036,broad_xyz,21.99112410904393,False,0.9076406432893397,0.9205487847910826,0.9288948986315158,-0.946442454870176,-0.45272407907266754,0.29645312611601493,0.1105161277690367,0.0835669095005465,2.146516379699357e-15,17.432896489599834,36
0.33,9,144,1,1,1036,broad_xyz,21.99112410904393,False,0.8898221468471137,0.922984689877141,0.9337177903233299,-0.9494428473723941,-0.4813891608901499,0.3282336344074855,0.11476422895810055,0.08462850560280816,2.146516379699357e-15,17.432896489599834,36
0.35,9,144,1,1,1036,broad_xyz,21.99112410904393,False,0.8964288654968908,0.9343479899115458,0.94973021801658,-0.9606144696897638,-0.5453649145636448,0.3600885398417005,0.11507263649253348,0.08296772922245722,2.146516379699357e-15,17.432896489599834,36
0.37,9,144,1,1,1036,broad_xyz,21.99112410904393,False,0.9039971678528465,0.9392155411300294,0.9613308054732796,-0.966647276501356,-0.6166596703228708,0.37442483063264614,0.1144378556052248,0.08089977298690273,2.146516379699357e-15,17.432896489599834,36
0.39,9,144,1,1,1036,broad_xyz,21.99112410904393,False,0.9047680486701126,0.9348473004547782,0.9681210163532705,-0.9652515301420399,-0.6747572624351366,0.3618639132574414,0.11349549477249653,0.07956124684006094,2.146516379699357e-15,17.432896489599834,36
0.41000000000000003,9,144,1,1,1036,broad_xyz,21.99112410904393,False,0.8986934488920206,0.9243548455919252,0.9707780653364958,-0.9592680379249175,-0.7213510072779589,0.3292317772917054,0.11265656683221746,0.07906521619641035,2.146516379699357e-15,17.432896489599834,36
0.43,9,144,1,1,1036,broad_xyz,21.99112410904393,False,0.8867467779182676,0.9095047938502762,0.9697433997627349,-0.9503582328905271,-0.7910064384202867,0.2797059675644131,0.11334006600268721,0.07932224397485184,2.146516379699357e-15,17.432896489599834,36
0.45,9,144,1,1,1036,broad_xyz,21.99112410904393,False,0.8709977880831773,0.8924303897892619,0.9665241409607882,-0.9412918005809088,-0.8406633267711994,0.23589923344559818,0.11409382863354343,0.07995220273943142,2.146516379699357e-15,17.432896489599834,36
0.5,9,144,1,1,1036,broad_xyz,21.99112410904393,False,0.8402408867809433,0.8637757981317716,0.957457180543886,-0.9456199262872111,-0.743565510667757,0.10011194998971547,0.11452231501224538,0.08046489355396755,2.146516379699357e-15,17.432896489599834,36
0.55,9,144,1,1,1036,broad_xyz,21.99112410904393,False,0.7564371374206235,0.7858603234197231,0.9007403398731051,-0.9493683608993696,-0.6900804615043488,-0.19329856881059648,0.111051860891199,0.08256944243992335,2.146516379699357e-15,17.432896489599834,36
0.6,9,144,1,1,1036,broad_xyz,21.99112410904393,False,0.49637106657629476,0.5083330531236242,0.7864469826115473,-0.8244776747966053,-0.5196906857870149,-0.37272894104805865,0.11292360168908284,0.08766646407579665,2.146516379699357e-15,17.432896489599834,36
0.6499999999999999,9,144,1,1,1036,broad_xyz,21.99112410904393,False,0.5594147492428188,0.5806020011111378,0.861440550634585,-0.880337440663304,-0.7519775465254813,-0.4666007431037954,0.10928317558605274,0.0848036014993639,2.146516379699357e-15,17.432896489599834,36
0.7,9,144,1,1,1036,broad_xyz,21.99112410904393,False,0.6410593107132496,0.6417657325173914,0.8833226583909338,-0.9039698859341293,-0.8586098966063828,-0.4773192829203799,0.10522844600621929,0.08159258221803851,2.146516379699357e-15,17.432896489599834,36
0.725,9,144,1,1,1036,broad_xyz,21.99112410904393,False,0.6336772737114827,0.62510887345954,0.8853993856510418,-0.8920588099828334,-0.8731096530913937,-0.48775305962006754,0.10652031883237724,0.08096941651987413,2.146516379699357e-15,17.432896489599834,36
0.75,9,144,1,1,1036,broad_xyz,21.99112410904393,False,0.6334626636704865,0.6239437081814369,0.8922998787307687,-0.882326784160808,-0.8841538924126109,-0.49821608849837046,0.10572359008754824,0.08010975132331231,2.146516379699357e-15,17.432896489599834,36
0.775,9,144,1,1,1036,broad_xyz,21.99112410904393,False,0.6653932935451514,0.6587905466872422,0.9081664434342929,-0.8750418205843861,-0.901936418718665,-0.508857563995139,0.10234854423663113,0.07867280230789077,2.146516379699357e-15,17.432896489599834,36
0.8,9,144,1,1,1036,broad_xyz,21.99112410904393,False,0.7216469690101853,0.7216990973158796,0.9293380652626947,-0.8545935189659427,-0.9228516624880685,-0.5183415859203327,0.1002832364225664,0.07668400809246945,2.146516379699357e-15,17.432896489599834,36
0.825,9,144,1,1,1036,broad_xyz,21.99112410904393,False,0.7724212913900291,0.7859100666872108,0.9422921548656769,-0.7832088895506204,-0.9326055213152327,-0.5254708320991868,0.09789561133166869,0.07433954118260555,2.146516379699357e-15,17.432896489599834,36
0.85,9,144,1,1,1036,broad_xyz,21.99112410904393,False,0.7970326342798779,0.8313757065539236,0.941109835635567,-0.6346803901517489,-0.9264453485775626,-0.5289377938226608,0.0978066161122211,0.071837596132112,2.146516379699357e-15,17.432896489599834,36
0.875,9,144,1,1,1036,broad_xyz,21.99112410904393,False,0.7920326051726426,0.8543619165700249,0.9341824632925174,-0.5091966241156982,-0.9067321098356882,-0.52402910645403,0.0980233689982114,0.06964543689364468,2.146516379699357e-15,17.432896489599834,36
0.9,9,144,1,1,1036,broad_xyz,21.99112410904393,False,0.7718401976151408,0.8574384763112737,0.9294024524008,-0.47434969772316254,-0.8491343703696936,-0.5176872405116012,0.09916423458794435,0.06866523264046487,2.146516379699357e-15,17.432896489599834,36
0.95,9,144,1,1,1036,broad_xyz,21.99112410904393,False,0.7594426338713914,0.8204597589109677,0.933202468164167,-0.5396223101275283,-0.8998567506152385,-0.5279302740051044,0.1022648496487806,0.07101407655736541,2.146516379699357e-15,17.432896489599834,36
1.0,9,144,1,1,1036,broad_xyz,21.99112410904393,False,0.752691801043326,0.7300394238100654,0.9362091019328795,-0.703433631903108,-0.9075333422542584,-0.5640808896097724,0.10173698615675611,0.07602480645502524,2.146516379699357e-15,17.432896489599834,36
0.05,9,144,1,1,1037,broad_xyz,21.99112410904393,False,-0.013827227271889165,0.4641806655801249,-0.5467634865673937,-0.621402380832003,-0.5604707346524738,0.27807423508605944,0.0013573133143606286,0.00026534227758086824,2.146516379699357e-15,17.432896489599834,37
0.075,9,144,1,1,1037,broad_xyz,21.99112410904393,False,-0.0820172993211786,0.42833041318387366,-0.575192980070976,-0.6379584859099219,-0.5733840480666781,0.42571578789496983,0.0047832723951314274,0.0008393015422902228,2.146516379699357e-15,17.432896489599834,37
0.1,9,144,1,1,1037,broad_xyz,21.99112410904393,False,-0.0030328872368924403,0.42954008901193375,-0.5863620726324209,-0.6652195116020745,-0.6097611713142519,0.5580519626423582,0.010799779098183334,0.002014753034335585,2.146516379699357e-15,17.432896489599834,37
0.125,9,144,1,1,1037,broad_xyz,21.99112410904393,False,0.1817183316148556,0.4708898184157746,-0.5663923070684197,-0.7026337645747528,-0.6536287700330448,0.6427744359184673,0.01819049463481624,0.003993260027609604,2.146516379699357e-15,17.432896489599834,37
0.15,9,144,1,1,1037,broad_xyz,21.99112410904393,False,0.40730303533594614,0.5766765135508953,-0.47808854374525944,-0.7472499820866609,-0.6862153417624676,0.6430334211440439,0.025674110292660757,0.007241473265179977,2.146516379699357e-15,17.432896489599834,37
0.1625,9,144,1,1,1037,broad_xyz,21.99112410904393,False,0.5165615636554358,0.6656352275826751,-0.3684854026543388,-0.7591456766725796,-0.7072163806476153,0.5749636414903567,0.029825347833691094,0.009908459454731207,2.146516379699357e-15,17.432896489599834,37
0.175,9,144,1,1,1037,broad_xyz,21.99112410904393,False,0.5995832087856308,0.7395150947829514,-0.23273167836987285,-0.7522777219448696,-0.7291404504239513,0.46920424887407997,0.034555694021326605,0.013403774655098908,2.146516379699357e-15,17.432896489599834,37
0.1875,9,144,1,1,1037,broad_xyz,21.99112410904393,False,0.648443198464294,0.7787772204521035,-0.11195297809417247,-0.7389008291036757,-0.7408808160263431,0.36983909507322926,0.040365595728317806,0.01749375084323775,2.146516379699357e-15,17.432896489599834,37
0.2,9,144,1,1,1037,broad_xyz,21.99112410904393,False,0.6828437450775765,0.7967324540328901,-0.024904613544018694,-0.7372037628277791,-0.7246368758060039,0.3021632348094264,0.04994270941079376,0.021996720348713344,2.146516379699357e-15,17.432896489599834,37
0.2125,9,144,1,1,1037,broad_xyz,21.99112410904393,False,0.7078936696070133,0.8066395643625162,0.03681139578041551,-0.748865011223509,-0.6837599893498808,0.27174485262462716,0.06048265249087592,0.026684360547989686,2.146516379699357e-15,17.432896489599834,37
0.225,9,144,1,1,1037,broad_xyz,21.99112410904393,False,0.7285520010687109,0.8153999344014762,0.0833508563242426,-0.7689143279120918,-0.6194321271483816,0.27122148209270314,0.06880033507647952,0.031354707501760753,2.146516379699357e-15,17.432896489599834,37
0.2375,9,144,1,1,1037,broad_xyz,21.99112410904393,False,0.744640344897709,0.8251857171279564,0.12187243362272321,-0.7931231988000603,-0.5382660621852258,0.29418824721674697,0.07448583786551856,0.03581831578257831,2.146516379699357e-15,17.432896489599834,37
0.25,9,144,1,1,1037,broad_xyz,21.99112410904393,False,0.7543035545256022,0.8347078214570138,0.15821659050535195,-0.8179776518578693,-0.44707551905698356,0.33143856841597524,0.07913739011728592,0.03999202493189381,2.146516379699357e-15,17.432896489599834,37
0.27,9,144,1,1,1037,broad_xyz,21.99112410904393,False,0.7631923242055265,0.8488050640209923,0.23435557971971988,-0.8493383142762818,-0.34353213817546485,0.38700567044079054,0.08410303018379585,0.046148238126890326,2.146516379699357e-15,17.432896489599834,37
0.29,9,144,1,1,1037,broad_xyz,21.99112410904393,False,0.7689027581460771,0.8574433008337248,0.34131251700498233,-0.8622267128488043,-0.32408125315703984,0.3962868450230049,0.08701906744167284,0.0519989068276111,2.146516379699357e-15,17.432896489599834,37
0.31,9,144,1,1,1037,broad_xyz,21.99112410904393,False,0.7598028379027619,0.8505804893538441,0.46328762956141345,-0.8399414159904024,-0.3666810461585564,0.33928345139410127,0.08873743846825978,0.05711444709500654,2.146516379699357e-15,17.432896489599834,37
0.33,9,144,1,1,1037,broad_xyz,21.99112410904393,False,0.7471491982318936,0.8496015442733488,0.5357584451456211,-0.8508210681271209,-0.3913032251766811,0.26703731502121225,0.09149014737596052,0.059140594239221786,2.146516379699357e-15,17.432896489599834,37
0.35,9,144,1,1,1037,broad_xyz,21.99112410904393,False,0.7360235900311136,0.854968204417077,0.5770197952022733,-0.8751158704667061,-0.3960641384950375,0.19922626102685465,0.09315484017572581,0.05901797938794235,2.146516379699357e-15,17.432896489599834,37
0.37,9,144,1,1,1037,broad_xyz,21.99112410904393,False,0.7348704418910009,0.864431701592095,0.6221487017081394,-0.8885756808646167,-0.4025498978467266,0.13637523930042103,0.09263117977607756,0.057862551158176095,2.146516379699357e-15,17.432896489599834,37
0.39,9,144,1,1,1037,broad_xyz,21.99112410904393,False,0.7417293514667808,0.8738451873991758,0.6837192779557069,-0.8870423533716456,-0.4248293113259311,0.06454540440239041,0.0905799169128133,0.05675924973035156,2.146516379699357e-15,17.432896489599834,37
0.41000000000000003,9,144,1,1,1037,broad_xyz,21.99112410904393,False,0.7471635878220606,0.879496698921864,0.7493140817415334,-0.8753545380391187,-0.47270205758697875,-0.011650221423274964,0.09203135433431088,0.05611778549008596,2.146516379699357e-15,17.432896489599834,37
0.43,9,144,1,1,1037,broad_xyz,21.99112410904393,False,0.7465394186644546,0.8769513529629611,0.7965930721285583,-0.8569116728201093,-0.5574246302281848,-0.06553437545698426,0.09134288188412576,0.05572988873132215,2.146516379699357e-15,17.432896489599834,37
0.45,9,144,1,1,1037,broad_xyz,21.99112410904393,False,0.7419528998551672,0.868236258018773,0.8203521041232795,-0.837196238281178,-0.6293019565795458,-0.08718260489017918,0.09248188021737214,0.05547470010033263,2.146516379699357e-15,17.432896489599834,37
0.5,9,144,1,1,1037,broad_xyz,21.99112410904393,False,0.7284460521946092,0.8536996540580876,0.8431358278235166,-0.8398174225199913,-0.6272725682321506,-0.10135184442290487,0.10382997569917844,0.057295457480925266,2.146516379699357e-15,17.432896489599834,37
0.55,9,144,1,1,1037,broad_xyz,21.99112410904393,False,0.6147334380248994,0.7801214980192643,0.7188814650260082,-0.8711315069708067,-0.645874502828746,-0.15057440208578252,0.09411726355018711,0.06063946998780889,2.146516379699357e-15,17.432896489599834,37
0.6,9,144,1,1,1037,broad_xyz,21.99112410904393,False,0.4566597829073712,0.6676946900256207,0.6381360869547542,-0.8112554556884445,-0.6509780035837154,-0.2800153904987484,0.09384516792198072,0.06456255832384546,2.146516379699357e-15,17.432896489599834,37
0.6499999999999999,9,144,1,1,1037,broad_xyz,21.99112410904393,False,0.48607131040567625,0.6563660778279317,0.6396511034699539,-0.8328290521388882,-0.6311355070705477,-0.360323926552142,0.09673975509464938,0.06573455264814913,2.146516379699357e-15,17.432896489599834,37
0.7,9,144,1,1,1037,broad_xyz,21.99112410904393,False,0.5928493221279482,0.7373695025448304,0.6608553168658688,-0.88522568044965,-0.6953501349418163,-0.37654181330667097,0.09734543622657572,0.0659536083367323,2.146516379699357e-15,17.432896489599834,37
0.725,9,144,1,1,1037,broad_xyz,21.99112410904393,False,0.6373730617186211,0.7739137015578175,0.7078587733329738,-0.87261735889674,-0.7546703899936628,-0.40015201883150103,0.10548422598857297,0.06684160510004859,2.146516379699357e-15,17.432896489599834,37
0.75,9,144,1,1,1037,broad_xyz,21.99112410904393,False,0.6823078837845463,0.7960868222037388,0.7509165819464354,-0.8599517623291066,-0.810261092450191,-0.41801848574547645,0.10468473505113604,0.0670674294002081,2.146516379699357e-15,17.432896489599834,37
0.775,9,144,1,1,1037,broad_xyz,21.99112410904393,False,0.7241108562642061,0.8169805179072908,0.7900787319750261,-0.850589473448919,-0.8566012331131055,-0.43229982018114393,0.09984322538588176,0.06660712124614404,2.146516379699357e-15,17.432896489599834,37
0.8,9,144,1,1,1037,broad_xyz,21.99112410904393,False,0.7605808443892499,0.839334989376299,0.8229611114828348,-0.8293924791731788,-0.8837189499042567,-0.4455278249092708,0.09788143307433976,0.06582271280410623,2.146516379699357e-15,17.432896489599834,37
0.825,9,144,1,1,1037,broad_xyz,21.99112410904393,False,0.7891342870208561,0.8559557330101134,0.8462529124115467,-0.7785719115140728,-0.8875854137283787,-0.46330112033143606,0.09469663177540709,0.06499937496308245,2.146516379699357e-15,17.432896489599834,37
0.85,9,144,1,1,1037,broad_xyz,21.99112410904393,False,0.8095072833131112,0.8628257054657061,0.8630521725847276,-0.6870426355118305,-0.8812363928469099,-0.48296221944117107,0.09761047619337401,0.06421132657075874,2.146516379699357e-15,17.432896489599834,37
0.875,9,144,1,1,1037,broad_xyz,21.99112410904393,False,0.8166314797997875,0.86089450488265,0.8739129731484035,-0.5711099906320559,-0.8585814685367881,-0.49716565453320655,0.09791512193297572,0.06361437608030952,2.146516379699357e-15,17.432896489599834,37
0.9,9,144,1,1,1037,broad_xyz,21.99112410904393,False,0.8105743604662553,0.8519863079743545,0.8761500467178284,-0.4856504027882714,-0.7798971746760682,-0.5076116410284328,0.09565318270254448,0.06350707255700654,2.146516379699357e-15,17.432896489599834,37
0.95,9,144,1,1,1037,broad_xyz,21.99112410904393,False,0.7644463916239567,0.8204809290472905,0.8769365183128547,-0.4718393059074854,-0.8145212282941765,-0.5525525831944943,0.0986644005629486,0.06416918904601121,2.146516379699357e-15,17.432896489599834,37
1.0,9,144,1,1,1037,broad_xyz,21.99112410904393,False,0.6897429253900919,0.7722644844905535,0.908751783905562,-0.6336657372621302,-0.821289898805446,-0.5616265373461548,0.09087382326790906,0.06523704642117267,2.146516379699357e-15,17.432896489599834,37
0.05,9,144,1,1,1038,broad_xyz,21.99112410904393,False,0.08943563326804074,0.4894157237625356,-0.26167245370120495,-0.5263011135515101,-0.34004169414791086,-0.19284296008580132,0.0018213230287986626,0.0003984533568070237,2.146516379699357e-15,17.432896489599834,38
0.075,9,144,1,1,1038,broad_xyz,21.99112410904393,False,0.18585661488554675,0.5169353353987362,-0.17860155253299176,-0.5430798237053965,-0.46859506570025156,-0.20465978846830044,0.004750288289667557,0.0010973010841015046,2.146516379699357e-15,17.432896489599834,38
0.1,9,144,1,1,1038,broad_xyz,21.99112410904393,False,0.31970197018191926,0.5631704642019475,-0.06718615715653634,-0.5690992422355334,-0.6382557884062154,-0.21770255651717363,0.009942911581143892,0.0026780830387930638,2.146516379699357e-15,17.432896489599834,38
0.125,9,144,1,1,1038,broad_xyz,21.99112410904393,False,0.4888891543326532,0.6292161148651997,0.09496328394730301,-0.5843579564512039,-0.7698775436186146,-0.24423990995831826,0.017973233867147498,0.005920080789382411,2.146516379699357e-15,17.432896489599834,38
0.15,9,144,1,1,1038,broad_xyz,21.99112410904393,False,0.6632057162852281,0.7137669742311861,0.303863283837658,-0.587157790326478,-0.8351765639629742,-0.3111546481652297,0.030383432752983854,0.011837238416169796,2.146516379699357e-15,17.432896489599834,38
0.1625,9,144,1,1,1038,broad_xyz,21.99112410904393,False,0.7318363074507623,0.7522915832458154,0.4057763971846798,-0.5913409016010649,-0.8255995832770737,-0.34606540162727434,0.03788207911248916,0.01586097998914029,2.146516379699357e-15,17.432896489599834,38
0.175,9,144,1,1,1038,broad_xyz,21.99112410904393,False,0.7828443018889367,0.7828589011819316,0.4944346691143149,-0.6047638437500746,-0.7855395110949871,-0.37332739621541405,0.04682421481857029,0.020420153895675603,2.146516379699357e-15,17.432896489599834,38
0.1875,9,144,1,1,1038,broad_xyz,21.99112410904393,False,0.8206312114156202,0.8074498758201749,0.5703681955469598,-0.6289019846765743,-0.7243546687538412,-0.3913879551112759,0.056018001631469784,0.025325209203878405,2.146516379699357e-15,17.432896489599834,38
0.2,9,144,1,1,1038,broad_xyz,21.99112410904393,False,0.8454512757755716,0.825115985221538,0.6297536897175319,-0.665489940981413,-0.6570038108688678,-0.3989275772309811,0.06480757686924807,0.030300920087111185,2.146516379699357e-15,17.432896489599834,38
0.2125,9,144,1,1,1038,broad_xyz,21.99112410904393,False,0.8615344645947852,0.8382041658927687,0.6760735132806485,-0.7102346089429262,-0.6011553898952827,-0.3971396002615066,0.07301730470292164,0.03524206107928585,2.146516379699357e-15,17.432896489599834,38
0.225,9,144,1,1,1038,broad_xyz,21.99112410904393,False,0.8710998085396505,0.8479201571902396,0.7122492147713297,-0.7575518271723546,-0.5581340475000743,-0.38539908246892646,0.08013357335496717,0.040144739609312335,2.146516379699357e-15,17.432896489599834,38
0.2375,9,144,1,1,1038,broad_xyz,21.99112410904393,False,0.8767024556556078,0.8551325851281751,0.7407814014980246,-0.8036985610210501,-0.5247398159978243,-0.3631661874617188,0.08597802660354957,0.04511142419098099,2.146516379699357e-15,17.432896489599834,38
0.25,9,144,1,1,1038,broad_xyz,21.99112410904393,False,0.8810479035995779,0.8606490451146978,0.7646623883893567,-0.8466610789752633,-0.5014119131258717,-0.33064505206187544,0.0904746971425662,0.05046129791128287,2.146516379699357e-15,17.432896489599834,38
0.27,9,144,1,1,1038,broad_xyz,21.99112410904393,False,0.8964036961625207,0.875228711885402,0.8130114568683278,-0.8928196831949498,-0.4861187156675314,-0.23372301287798247,0.09499545357601917,0.06005967242844864,2.146516379699357e-15,17.432896489599834,38
0.29,9,144,1,1,1038,broad_xyz,21.99112410904393,False,0.9115257520729753,0.8890056109236706,0.8719935223619587,-0.8805578667318442,-0.5059820201225561,-0.06943604282770889,0.09788353886285175,0.07027144251718191,2.146516379699357e-15,17.432896489599834,38
0.31,9,144,1,1,1038,broad_xyz,21.99112410904393,False,0.8896105682632611,0.8913120372348893,0.8872808269922933,-0.8688677174877141,-0.5106381433504388,0.07231147851570138,0.10012171225930265,0.07730884965590147,2.146516379699357e-15,17.432896489599834,38
0.33,9,144,1,1,1038,broad_xyz,21.99112410904393,False,0.8656755001302147,0.9004006129125581,0.8842878416973053,-0.9066929116958558,-0.510550400074725,0.11075186654752665,0.10400057325225233,0.07923746914522699,2.146516379699357e-15,17.432896489599834,38
0.35,9,144,1,1,1038,broad_xyz,21.99112410904393,False,0.860326455578421,0.9096051366355491,0.9016772048584983,-0.9278807838659742,-0.5510218400688858,0.10479169848148064,0.106472694899208,0.07813349742138569,2.146516379699357e-15,17.432896489599834,38
0.37,9,144,1,1,1038,broad_xyz,21.99112410904393,False,0.8565134465893202,0.9083860815282903,0.917380221841169,-0.9346622652849693,-0.5883592185670199,0.076479015021536,0.1078737227651815,0.07647909812731027,2.146516379699357e-15,17.432896489599834,38
0.39,9,144,1,1,1038,broad_xyz,21.99112410904393,False,0.8437350697665539,0.8974892339585936,0.925264246143888,-0.9311164549253544,-0.6159484503267182,0.02996641029256605,0.10918635670768125,0.07531976997502547,2.146516379699357e-15,17.432896489599834,38
0.41000000000000003,9,144,1,1,1038,broad_xyz,21.99112410904393,False,0.8171587646199301,0.8780186700135943,0.9240219922413898,-0.9195471455382735,-0.6467656072398251,-0.029984331802739156,0.11336176619243019,0.07470224813484803,2.146516379699357e-15,17.432896489599834,38
0.43,9,144,1,1,1038,broad_xyz,21.99112410904393,False,0.7805234462504635,0.8530429348750117,0.9156686581103667,-0.9038695086724108,-0.6721778946317036,-0.09428669660935904,0.11755221343016821,0.07437516325373424,2.146516379699357e-15,17.432896489599834,38
0.45,9,144,1,1,1038,broad_xyz,21.99112410904393,False,0.7419371709331456,0.8259517198112546,0.9034015883578655,-0.8896342915240247,-0.6744914246513299,-0.14894533418825742,0.12081546030235753,0.07419443505376487,2.146516379699357e-15,17.432896489599834,38
0.5,9,144,1,1,1038,broad_xyz,21.99112410904393,False,0.6938312868793229,0.7870374215327669,0.8895709376167258,-0.8995881896309563,-0.6099848890078408,-0.2318218921921212,0.11986360261449344,0.07583400864878831,2.146516379699357e-15,17.432896489599834,38
0.55,9,144,1,1,1038,broad_xyz,21.99112410904393,False,0.6588528715285267,0.7627507934395555,0.8730708329013315,-0.9111407586759289,-0.5884523718851999,-0.3231225852107734,0.1103818889504973,0.08199509412871603,2.146516379699357e-15,17.432896489599834,38
0.6,9,144,1,1,1038,broad_xyz,21.99112410904393,False,0.5037540137577878,0.604929915789887,0.7968667564562664,-0.8563915884377576,-0.4825494370844186,-0.4849731628217493,0.1047279316150496,0.08851061772194524,2.146516379699357e-15,17.432896489599834,38
0.6499999999999999,9,144,1,1,1038,broad_xyz,21.99112410904393,False,0.5929823866602453,0.6607236052620332,0.8242793774233155,-0.8913211653357366,-0.6441337133081375,-0.6085641892119771,0.10447150804726395,0.08658519762456657,2.146516379699357e-15,17.432896489599834,38
0.7,9,144,1,1,1038,broad_xyz,21.99112410904393,False,0.6943237131578203,0.7521840090028379,0.8772832386567228,-0.8922043169181778,-0.8226982380452847,-0.6236426429920299,0.1062581827290295,0.08257900843054106,2.146516379699357e-15,17.432896489599834,38
0.725,9,144,1,1,1038,broad_xyz,21.99112410904393,False,0.7006911019317419,0.7614608813143372,0.8981591051862212,-0.8861572764003328,-0.8662095290630978,-0.622966632332872,0.10560031676240515,0.08146806310172308,2.146516379699357e-15,17.432896489599834,38
0.75,9,144,1,1,1038,broad_xyz,21.99112410904393,False,0.7031243554806567,0.7705817292469526,0.9187750772492517,-0.8805633762061236,-0.8917709165211117,-0.6172217783686547,0.10408666624892778,0.08047502021463167,2.146516379699357e-15,17.432896489599834,38
0.775,9,144,1,1,1038,broad_xyz,21.99112410904393,False,0.7156517634034704,0.7899839503068624,0.9372487813102087,-0.8720765289771266,-0.9087804945704984,-0.6006825535011362,0.10493372398528468,0.07925598756605777,2.146516379699357e-15,17.432896489599834,38
0.8,9,144,1,1,1038,broad_xyz,21.99112410904393,False,0.7415069361464044,0.8193462642399364,0.9506957005328533,-0.8515523113910753,-0.9205465525845852,-0.5707661843403937,0.10442275960993884,0.07767693040312677,2.146516379699357e-15,17.432896489599834,38
0.825,9,144,1,1,1038,broad_xyz,21.99112410904393,False,0.7719966665164323,0.8481366446297448,0.9536456600346006,-0.7914526122759851,-0.9270469017252092,-0.527261250621097,0.10234611606349121,0.07571515592052139,2.146516379699357e-15,17.432896489599834,38
0.85,9,144,1,1,1038,broad_xyz,21.99112410904393,False,0.7977532406894003,0.868396563683494,0.9462203772637084,-0.6659848928206654,-0.9253453505354443,-0.4919172920810909,0.10098963081538928,0.07341449522876127,2.146516379699357e-15,17.432896489599834,38
0.875,9,144,1,1,1038,broad_xyz,21.99112410904393,False,0.8162049565086658,0.8821991124886276,0.9408631283638632,-0.5509899921665131,-0.9103483435754991,-0.4932860410221752,0.09999741209274363,0.07122706706314698,2.146516379699357e-15,17.432896489599834,38
0.9,9,144,1,1,1038,broad_xyz,21.99112410904393,False,0.8231769943967824,0.8853608641158521,0.9397358144755156,-0.508966117589106,-0.8624171061622737,-0.5053099990343948,0.09951688323236255,0.06996995012470425,2.146516379699357e-15,17.432896489599834,38
0.95,9,144,1,1,1038,broad_xyz,21.99112410904393,False,0.8116842716268112,0.8529207207453781,0.9445690215851725,-0.6231964086332039,-0.9248124053156234,-0.5192856348227237,0.09921147877752258,0.0709399491741941,2.146516379699357e-15,17.432896489599834,38
1.0,9,144,1,1,1038,broad_xyz,21.99112410904393,False,0.7654402764986153,0.7677571674201149,0.924342321248901,-0.7895953154856659,-0.9092424608951428,-0.6177381085953529,0.10012808290522976,0.07480056646679693,2.146516379699357e-15,17.432896489599834,38
0.05,9,144,1,1,1039,broad_xyz,21.99112410904393,False,0.11308716380690133,0.4905284559162943,-0.14672810069864084,-0.4684256872816158,-0.4085905242745294,-0.19568444021525275,0.0017814234273648838,0.00022308696531126725,2.146516379699357e-15,17.432896489599834,39
0.075,9,144,1,1,1039,broad_xyz,21.99112410904393,False,0.3036371886047778,0.5671473060050868,0.003624481890231279,-0.4967334030592414,-0.5854187967296783,-0.18891548697446553,0.003941841760808689,0.0006744477688078353,2.146516379699357e-15,17.432896489599834,39
0.1,9,144,1,1,1039,broad_xyz,21.99112410904393,False,0.5457902062695131,0.6648479492677082,0.22191027415511172,-0.5474912994197232,-0.7525691506900071,-0.16366128803684776,0.006817448633981131,0.0018604052399344032,2.146516379699357e-15,17.432896489599834,39
0.125,9,144,1,1,1039,broad_xyz,21.99112410904393,False,0.7330592481128203,0.7497067535312193,0.4584802749878679,-0.5828813341412252,-0.8152624959284894,-0.056360661775184284,0.013552850589949289,0.004749999421533219,2.146516379699357e-15,17.432896489599834,39
0.15,9,144,1,1,1039,broad_xyz,21.99112410904393,False,0.820347754880529,0.7967654271278918,0.6224431016794162,-0.6193572216287214,-0.7527765545866689,0.06510653788887338,0.026864915342257194,0.010213024833754088,2.146516379699357e-15,17.432896489599834,39
0.1625,9,144,1,1,1039,broad_xyz,21.99112410904393,False,0.8471777321704047,0.8105615297398113,0.6775770163228295,-0.6477339956124581,-0.6808269380061784,0.11108742010427586,0.034434509269699515,0.013864121226708628,2.146516379699357e-15,17.432896489599834,39
0.175,9,144,1,1,1039,broad_xyz,21.99112410904393,False,0.8689107891351767,0.8220534411667991,0.7208823172368313,-0.680182143738786,-0.5895303926232103,0.14719294404325037,0.04307297291968055,0.01802993629669782,2.146516379699357e-15,17.432896489599834,39
0.1875,9,144,1,1,1039,broad_xyz,21.99112410904393,False,0.8864314054657535,0.8332931628880309,0.7558904120564098,-0.7141749473065633,-0.49268771267509726,0.17507530933741058,0.051814305229763616,0.022574250532549533,2.146516379699357e-15,17.432896489599834,39
0.2,9,144,1,1,1039,broad_xyz,21.99112410904393,False,0.8998467333276131,0.8431896145368779,0.7839398572182721,-0.7483022882406742,-0.4009009995805495,0.191833188671492,0.060209901081909316,0.02735209307954072,2.146516379699357e-15,17.432896489599834,39
0.2125,9,144,1,1,1039,broad_xyz,21.99112410904393,False,0.9099914935511078,0.8533559384162643,0.8073623036895883,-0.7819865379543252,-0.32806951032800297,0.1997632669707063,0.06784329513538721,0.032261022966068933,2.146516379699357e-15,17.432896489599834,39
0.225,9,144,1,1,1039,broad_xyz,21.99112410904393,False,0.9171729079146593,0.8628970884933318,0.8271065063884873,-0.8149206812993133,-0.2769086912275943,0.19970878717075494,0.07450240393725882,0.037309402848865386,2.146516379699357e-15,17.432896489599834,39
0.2375,9,144,1,1,1039,broad_xyz,21.99112410904393,False,0.920239898124388,0.8701703396275439,0.8422559260733463,-0.8475926448029879,-0.2459608620119255,0.19156733202639709,0.08013855935618901,0.042607784334015,2.146516379699357e-15,17.432896489599834,39
0.25,9,144,1,1,1039,broad_xyz,21.99112410904393,False,0.9185876908454792,0.8733366431405871,0.850944417097658,-0.8806826420942572,-0.2314797735763123,0.17467224898187128,0.08492629115662424,0.048382747079777744,2.146516379699357e-15,17.432896489599834,39
0.27,9,144,1,1,1039,broad_xyz,21.99112410904393,False,0.9045508592491495,0.8646882048846818,0.8460143430999434,-0.9308190574487416,-0.1976409863197851,0.11962968466786952,0.09092630034945996,0.059050002103752726,2.146516379699357e-15,17.432896489599834,39
0.29,9,144,1,1,1039,broad_xyz,21.99112410904393,False,0.8851464711618402,0.8530050819971158,0.8425955504230875,-0.9513443478161319,-0.22139204845831864,0.06165026367547026,0.09490994728748547,0.07001286292900816,2.146516379699357e-15,17.432896489599834,39
0.31,9,144,1,1,1039,broad_xyz,21.99112410904393,False,0.8769574555119818,0.8713500758165501,0.8675998210757138,-0.9524269768171544,-0.27094276927709626,0.039054442707469765,0.10103305786927683,0.07702484622799094,2.146516379699357e-15,17.432896489599834,39
0.33,9,144,1,1,1039,broad_xyz,21.99112410904393,False,0.8821811862118674,0.9046638560244601,0.9067902481129739,-0.9556112466566136,-0.3473029079729534,0.041442372514499524,0.10547488334992747,0.07859030682602308,2.146516379699357e-15,17.432896489599834,39
0.35,9,144,1,1,1039,broad_xyz,21.99112410904393,False,0.894145987988588,0.9288231012137013,0.9431174379892375,-0.9575031102277755,-0.45704530812160415,0.035207239015685975,0.10721619749736841,0.07727919734944118,2.146516379699357e-15,17.432896489599834,39
0.37,9,144,1,1,1039,broad_xyz,21.99112410904393,False,0.905541463902769,0.9424774061524147,0.9648630845782852,-0.9612220985421128,-0.5693869274692505,0.023664794612719274,0.1070025140946488,0.07548701608755883,2.146516379699357e-15,17.432896489599834,39
0.39,9,144,1,1,1039,broad_xyz,21.99112410904393,False,0.9090063927862091,0.9472941443885217,0.9748433467887417,-0.9594665682029553,-0.6658304594428762,0.015299043479444926,0.10827299847697404,0.0738661453411126,2.146516379699357e-15,17.432896489599834,39
0.41000000000000003,9,144,1,1,1039,broad_xyz,21.99112410904393,False,0.9028507204140062,0.9446998785459111,0.9763856731462132,-0.9527389147435387,-0.7587561582103924,0.005911608401634437,0.10977906557619375,0.07271655317264436,2.146516379699357e-15,17.432896489599834,39
0.43,9,144,1,1,1039,broad_xyz,21.99112410904393,False,0.8917606875082712,0.9367955065026017,0.9743289085872727,-0.9437576271990307,-0.8223940013274652,-0.01082426613710387,0.11106523321382356,0.07221139925133833,2.146516379699357e-15,17.432896489599834,39
0.45,9,144,1,1,1039,broad_xyz,21.99112410904393,False,0.880245653952886,0.9246447596006673,0.9711934168320048,-0.9356997329278649,-0.8460064143517743,-0.03310481525969995,0.11189854995351663,0.07236021658043498,2.146516379699357e-15,17.432896489599834,39
0.5,9,144,1,1,1039,broad_xyz,21.99112410904393,False,0.8510015717944781,0.8781970176548317,0.9602976467919935,-0.9354441391659889,-0.7342349439919312,-0.07092041799996042,0.11000815707142454,0.07526704323147909,2.146516379699357e-15,17.432896489599834,39
0.55,9,144,1,1,1039,broad_xyz,21.99112410904393,False,0.7934702954773163,0.7957257919516821,0.9215230759874449,-0.9346749311193354,-0.6113759083618436,-0.12215904718640448,0.10537818152850845,0.08182189916532961,2.146516379699357e-15,17.432896489599834,39
0.6,9,144,1,1,1039,broad_xyz,21.99112410904393,False,0.5747653718359135,0.5353766531133064,0.7661973816654686,-0.8670704415300251,-0.42500825516362584,-0.36232520394498097,0.10744901966230451,0.08818682942605892,2.146516379699357e-15,17.432896489599834,39
0.6499999999999999,9,144,1,1,1039,broad_xyz,21.99112410904393,False,0.6185620537840726,0.6211670506656525,0.8490767563130959,-0.8859389301798657,-0.6839595414114471,-0.5962734437535763,0.1068152634680013,0.08519212096440638,2.146516379699357e-15,17.432896489599834,39
0.7,9,144,1,1,1039,broad_xyz,21.99112410904393,False,0.7044968298716264,0.7097861657840896,0.9051267744744105,-0.9001091045362873,-0.855199218923265,-0.6348529769273137,0.10196260458590237,0.0818342488151031,2.146516379699357e-15,17.432896489599834,39
0.725,9,144,1,1,1039,broad_xyz,21.99112410904393,False,0.717675401232784,0.7196888448103825,0.9098619508176182,-0.8943413751055088,-0.8840098143650292,-0.6436741908928751,0.1019309746895128,0.08115295483068524,2.146516379699357e-15,17.432896489599834,39
0.75,9,144,1,1,1039,broad_xyz,21.99112410904393,False,0.7345652447039416,0.7427165860324839,0.9199312009795456,-0.8860672072464462,-0.907006394637181,-0.6426226680804565,0.10042993726283751,0.08028931681420286,2.146516379699357e-15,17.432896489599834,39
0.775,9,144,1,1,1039,broad_xyz,21.99112410904393,False,0.7616429890655928,0.7842046431395313,0.9348107156452227,-0.8688518283886276,-0.9238311999803103,-0.6298522250021337,0.09925579555335644,0.07896370078293806,2.146516379699357e-15,17.432896489599834,39
0.8,9,144,1,1,1039,broad_xyz,21.99112410904393,False,0.79505647913972,0.8358342457881409,0.9490271403207993,-0.8280611554858901,-0.9333304326420451,-0.6040510298975065,0.09890106731628519,0.0771895986394206,2.146516379699357e-15,17.432896489599834,39
0.825,9,144,1,1,1039,broad_xyz,21.99112410904393,False,0.825843431591762,0.8821161489001599,0.955252820485791,-0.7373427396005331,-0.9336657680189706,-0.561393347944757,0.09809649291083446,0.07493452642460106,2.146516379699357e-15,17.432896489599834,39
0.85,9,144,1,1,1039,broad_xyz,21.99112410904393,False,0.8458871145864517,0.9114788209108167,0.9510753782336501,-0.600976274836776,-0.9273949892378061,-0.5115233294868382,0.09939776187323045,0.07215823067185166,2.146516379699357e-15,17.432896489599834,39
0.875,9,144,1,1,1039,broad_xyz,21.99112410904393,False,0.8534610507020601,0.9252554909977607,0.943282194091743,-0.5215986699449653,-0.9129499173549589,-0.48109723220726514,0.09999363923482986,0.06946893956265852,2.146516379699357e-15,17.432896489599834,39
0.9,9,144,1,1,1039,broad_xyz,21.99112410904393,False,0.852346033899268,0.9288144599162107,0.9382421512362098,-0.5204051443037312,-0.8639480693941781,-0.47189291720780363,0.0995307383982466,0.06786320069605539,2.146516379699357e-15,17.432896489599834,39
0.95,9,144,1,1,1039,broad_xyz,21.99112410904393,False,0.8350237365104514,0.9050123651578117,0.9446745117075679,-0.6704697588695572,-0.9218250596967303,-0.4665167890114861,0.09635658896756863,0.06817787896505806,2.146516379699357e-15,17.432896489599834,39
1.0,9,144,1,1,1039,broad_xyz,21.99112410904393,False,0.7721516267232009,0.8249372188787608,0.9512163769717628,-0.8500632170128717,-0.9122211217594209,-0.5300113865705385,0.09540574690179436,0.07264252049093149,2.146516379699357e-15,17.432896489599834,39
0.05,9,144,1,1,1040,broad_xyz,21.99112410904393,False,0.035495432986506134,0.402413222142654,-0.4533801558650267,-0.5598923147652277,-0.5081052929510446,-0.11700013832023562,0.001133547003559334,0.0002296222364208267,2.146516379699357e-15,17.432896489599834,40
0.075,9,144,1,1,1040,broad_xyz,21.99112410904393,False,0.044017599074935895,0.37053586711247194,-0.4646935837600511,-0.5874237344713752,-0.6058445962235282,-0.13807541127311018,0.0031927237322751647,0.0006028087111687076,2.146516379699357e-15,17.432896489599834,40
0.1,9,144,1,1,1040,broad_xyz,21.99112410904393,False,0.06514644672889873,0.37227299458050406,-0.44493618820035413,-0.624534209407548,-0.7135657947057485,-0.1462001446547549,0.0065794673150781635,0.0013473718519271443,2.146516379699357e-15,17.432896489599834,40
0.125,9,144,1,1,1040,broad_xyz,21.99112410904393,False,0.10631729839327628,0.41197946839702937,-0.33999776505005197,-0.6547007523114521,-0.7270175843141549,-0.17652100801040713,0.011056882030731723,0.0029099786895734345,2.146516379699357e-15,17.432896489599834,40
0.15,9,144,1,1,1040,broad_xyz,21.99112410904393,False,0.20719852989085322,0.477184361584198,-0.12752465317864017,-0.6370385076475666,-0.6290175075699328,-0.22550402282614926,0.021556528712869776,0.006107354538501408,2.146516379699357e-15,17.432896489599834,40
0.1625,9,144,1,1,1040,broad_xyz,21.99112410904393,False,0.28010670636361723,0.5160902071108909,-0.017857941385932483,-0.6288248586189379,-0.5690816595183075,-0.25484431895746185,0.029384627810858068,0.008455146037574517,2.146516379699357e-15,17.432896489599834,40
0.175,9,144,1,1,1040,broad_xyz,21.99112410904393,False,0.3584825934463208,0.5580891988293948,0.08532273417248207,-0.6288626545827487,-0.5084063448767075,-0.2877328380644999,0.038116112397775403,0.011317692049141351,2.146516379699357e-15,17.432896489599834,40
0.1875,9,144,1,1,1040,broad_xyz,21.99112410904393,False,0.43180717937367713,0.5999538650978653,0.18035796589213385,-0.6354980192737306,-0.44314163964140146,-0.31735655324385764,0.047012120592006566,0.0145789171401587,2.146516379699357e-15,17.432896489599834,40
0.2,9,144,1,1,1040,broad_xyz,21.99112410904393,False,0.492757248920742,0.6370859895130484,0.2642999391695987,-0.648913356134973,-0.3759515873354521,-0.3428074513981264,0.05508996305255869,0.018152283876380494,2.146516379699357e-15,17.432896489599834,40
0.2125,9,144,1,1,1040,broad_xyz,21.99112410904393,False,0.5402363593438091,0.6678829019926062,0.33478577825474215,-0.6667860449358085,-0.31000318684404254,-0.35823996094412075,0.062070405457568076,0.0219172398082345,2.146516379699357e-15,17.432896489599834,40
0.225,9,144,1,1,1040,broad_xyz,21.99112410904393,False,0.5758352930294441,0.6936538953834559,0.3944320790319095,-0.6867459336108629,-0.260064885353994,-0.36127584293058596,0.06835666427689305,0.025778471079120607,2.146516379699357e-15,17.432896489599834,40
0.2375,9,144,1,1,1040,broad_xyz,21.99112410904393,False,0.598222447852434,0.7125810964422984,0.4443869531881368,-0.7088328415770082,-0.22978417842880328,-0.35475334774944706,0.07335566572420629,0.029764300199049742,2.146516379699357e-15,17.432896489599834,40
0.25,9,144,1,1,1040,broad_xyz,21.99112410904393,False,0.6096899031090112,0.7250009518170694,0.48921736275803407,-0.7321767336545602,-0.22456546351796974,-0.3390615815820332,0.07708764634548955,0.033963806192414736,2.146516379699357e-15,17.432896489599834,40
0.27,9,144,1,1,1040,broad_xyz,21.99112410904393,False,0.6117275392256234,0.7321064637043343,0.5597596763370541,-0.775299734024221,-0.26568239786500897,-0.30692703377915465,0.08157658239959821,0.04150620905598802,2.146516379699357e-15,17.432896489599834,40
0.29,9,144,1,1,1040,broad_xyz,21.99112410904393,False,0.6150510965404188,0.735633723067431,0.649373668680002,-0.8051507576205048,-0.3687153000436289,-0.2602583608659003,0.08528025483618744,0.049909112097613555,2.146516379699357e-15,17.432896489599834,40
0.31,9,144,1,1,1040,broad_xyz,21.99112410904393,False,0.6283319945321469,0.7399811304153523,0.7198018017127621,-0.8101380630210484,-0.4507611331541113,-0.18710002191822808,0.09048414066566639,0.05700247748090835,2.146516379699357e-15,17.432896489599834,40
0.33,9,144,1,1,1040,broad_xyz,21.99112410904393,False,0.6665678534176943,0.7676714560304809,0.7615830608781214,-0.8350838142250805,-0.47746412858848153,-0.12394007623057082,0.09610181567398711,0.06070872110645779,2.146516379699357e-15,17.432896489599834,40
0.35,9,144,1,1,1040,broad_xyz,21.99112410904393,False,0.7087398690421072,0.7986936354024249,0.802323346032914,-0.8579974250948155,-0.5299586421879348,-0.10292216754813462,0.09999563179631939,0.06172378934657877,2.146516379699357e-15,17.432896489599834,40
0.37,9,144,1,1,1040,broad_xyz,21.99112410904393,False,0.7330778717477743,0.8106748177870552,0.8347545855460191,-0.8671130616865654,-0.5863927628541109,-0.1193715163304605,0.1016936814691993,0.06171326040575431,2.146516379699357e-15,17.432896489599834,40
0.39,9,144,1,1,1040,broad_xyz,21.99112410904393,False,0.7436160774808381,0.8084358992497507,0.8597449006558161,-0.8665413328370564,-0.6274749114179453,-0.1615556214773981,0.1049376924948476,0.06171436537787614,2.146516379699357e-15,17.432896489599834,40
0.41000000000000003,9,144,1,1,1040,broad_xyz,21.99112410904393,False,0.7444361861679872,0.7997590737006315,0.8775712067112142,-0.8601731099484903,-0.6622658178294853,-0.19852167592124273,0.10596698383366633,0.06184598932877537,2.146516379699357e-15,17.432896489599834,40
0.43,9,144,1,1,1040,broad_xyz,21.99112410904393,False,0.7370285135123855,0.7891250888539838,0.8868531006773296,-0.8541521993025037,-0.7165422525226248,-0.22032875397565296,0.10524205736082225,0.062033695553432425,2.146516379699357e-15,17.432896489599834,40
0.45,9,144,1,1,1040,broad_xyz,21.99112410904393,False,0.7251789665390044,0.7821118551825817,0.8922581355708467,-0.8545915271624388,-0.7549700446400502,-0.2295480152721789,0.1039279095212871,0.06224490908554814,2.146516379699357e-15,17.432896489599834,40
0.5,9,144,1,1,1040,broad_xyz,21.99112410904393,False,0.7490504827164024,0.8081013218758536,0.9164195815325513,-0.895150154379982,-0.7450408417592822,-0.24206770286720689,0.10083695417295543,0.06354896993036015,2.146516379699357e-15,17.432896489599834,40
0.55,9,144,1,1,1040,broad_xyz,21.99112410904393,False,0.7523321597361234,0.7966109643112769,0.8873137799869806,-0.8928452658353064,-0.7264759001484912,-0.28767454695739963,0.10280078163957056,0.06800916036112686,2.146516379699357e-15,17.432896489599834,40
0.6,9,144,1,1,1040,broad_xyz,21.99112410904393,False,0.572803551512328,0.6409303426300345,0.8124231410504402,-0.8673134480258087,-0.5756417593125793,-0.4252350360386641,0.10727267687225495,0.07410768072840382,2.146516379699357e-15,17.432896489599834,40
0.6499999999999999,9,144,1,1,1040,broad_xyz,21.99112410904393,False,0.545879989035218,0.6048080388601251,0.7778195805026036,-0.8655764583479323,-0.6042712303920188,-0.5767814549334379,0.10194454317668637,0.07503125242075864,2.146516379699357e-15,17.432896489599834,40
0.7,9,144,1,1,1040,broad_xyz,21.99112410904393,False,0.6481227987385145,0.6725371974692027,0.8316672257952143,-0.8631040194280512,-0.7458254432585074,-0.638595346561339,0.10137125849025067,0.07362024638492132,2.146516379699357e-15,17.432896489599834,40
0.725,9,144,1,1,1040,broad_xyz,21.99112410904393,False,0.6636374962772904,0.6962820523063378,0.8589288703255199,-0.8632400164833474,-0.7973260588298036,-0.6485326624264248,0.10072010378709655,0.07288244648141856,2.146516379699357e-15,17.432896489599834,40
0.75,9,144,1,1,1040,broad_xyz,21.99112410904393,False,0.6568192006562048,0.7150544700987052,0.8783424892646057,-0.8665915714712868,-0.8299069080865936,-0.6366609178508348,0.09868038135309676,0.07211752440740546,2.146516379699357e-15,17.432896489599834,40
0.775,9,144,1,1,1040,broad_xyz,21.99112410904393,False,0.6490489808355807,0.7329925354710807,0.8929141124137857,-0.8649679776974641,-0.8484755784429256,-0.6094186489063341,0.09574492135562718,0.07124182601133047,2.146516379699357e-15,17.432896489599834,40
0.8,9,144,1,1,1040,broad_xyz,21.99112410904393,False,0.64774464701966,0.7507697508504866,0.9047272924173531,-0.8427579280194879,-0.8645737655022989,-0.5722587652566767,0.09378772175555453,0.07016138987111664,2.146516379699357e-15,17.432896489599834,40
0.825,9,144,1,1,1040,broad_xyz,21.99112410904393,False,0.6554629089969302,0.7698923686446081,0.9133342730305759,-0.7784807822405014,-0.8852772703847965,-0.5284022776935222,0.0944051388949924,0.06902184934445893,2.146516379699357e-15,17.432896489599834,40
0.85,9,144,1,1,1040,broad_xyz,21.99112410904393,False,0.6723202449330243,0.7897429567885108,0.91930888716193,-0.6655642752320373,-0.9017265344389456,-0.49919376431414797,0.09513562029498532,0.06810176901918291,2.146516379699357e-15,17.432896489599834,40
0.875,9,144,1,1,1040,broad_xyz,21.99112410904393,False,0.6913408455588298,0.8052696168620866,0.9286099514337297,-0.5488099794810383,-0.8995890229481677,-0.5066911209130104,0.09532388527022785,0.06749044970554416,2.146516379699357e-15,17.432896489599834,40
0.9,9,144,1,1,1040,broad_xyz,21.99112410904393,False,0.7003785916706666,0.8074818798774535,0.936492641098476,-0.4925120604567553,-0.8515287280739215,-0.523668425509818,0.09549237446775602,0.06745961664576261,2.146516379699357e-15,17.432896489599834,40
0.95,9,144,1,1,1040,broad_xyz,21.99112410904393,False,0.6873794632439941,0.774994902182317,0.944360114598847,-0.6077180822863869,-0.908900873107194,-0.5381743440735105,0.09739226581246295,0.06923239250211236,2.146516379699357e-15,17.432896489599834,40
1.0,9,144,1,1,1040,broad_xyz,21.99112410904393,False,0.6376473247033159,0.7181296184850633,0.9391809679711987,-0.7751922357954516,-0.9002443256736402,-0.6127395719810219,0.10022029096127717,0.07168426562665739,2.146516379699357e-15,17.432896489599834,40
0.05,9,144,1,1,1041,broad_xyz,21.99112410904393,False,0.31606428970676,0.5559532538026472,0.005466416027461867,-0.82589464965045,-0.4557367335081213,-0.2871679998469474,0.0020280212125992447,0.000600136097019715,2.146516379699357e-15,17.432896489599834,41
0.075,9,144,1,1,1041,broad_xyz,21.99112410904393,False,0.3257650951197858,0.570873578121973,0.028266971855547676,-0.8373468857754005,-0.7927385983328241,-0.2618729009987759,0.005307716115022775,0.001606079448351297,2.146516379699357e-15,17.432896489599834,41
0.1,9,144,1,1,1041,broad_xyz,21.99112410904393,False,0.41448217284418654,0.6048864617256865,0.09793742198109325,-0.8254410518963,-0.859735560340413,-0.202322100029399,0.011138430596603837,0.0034955491886158336,2.146516379699357e-15,17.432896489599834,41
0.125,9,144,1,1,1041,broad_xyz,21.99112410904393,False,0.5470445322193345,0.6530202028510752,0.18786546142829383,-0.807356456751249,-0.8722253638527265,-0.12596069158397172,0.020035115028339785,0.006819621743338025,2.146516379699357e-15,17.432896489599834,41
0.15,9,144,1,1,1041,broad_xyz,21.99112410904393,False,0.689334244383565,0.7217447598064426,0.30747840575415625,-0.7902453116594341,-0.8764616743628242,-0.011558916976162258,0.03236311329851014,0.012339719543074643,2.146516379699357e-15,17.432896489599834,41
0.1625,9,144,1,1,1041,broad_xyz,21.99112410904393,False,0.7506793355949458,0.7587962524044786,0.375063566866265,-0.7856350520523582,-0.8743216578685649,0.05847574141025288,0.0400848211039343,0.016184142253548528,2.146516379699357e-15,17.432896489599834,41
0.175,9,144,1,1,1041,broad_xyz,21.99112410904393,False,0.8012010959247511,0.7923142003191338,0.44453046094396453,-0.7840498334630528,-0.8660077710439507,0.13429218970012782,0.04868748474250273,0.020690000241533293,2.146516379699357e-15,17.432896489599834,41
0.1875,9,144,1,1,1041,broad_xyz,21.99112410904393,False,0.8391947616754859,0.8212243544768619,0.5104584923564988,-0.787955097693525,-0.8472212586951435,0.20961946569480677,0.05758300465945936,0.025622342712715036,2.146516379699357e-15,17.432896489599834,41
0.2,9,144,1,1,1041,broad_xyz,21.99112410904393,False,0.8653224730974945,0.8445878523051763,0.5695145559482846,-0.8007715516517047,-0.8094833123085184,0.278234816715231,0.06605051458685553,0.030756350167316742,2.146516379699357e-15,17.432896489599834,41
0.2125,9,144,1,1,1041,broad_xyz,21.99112410904393,False,0.8822599721048137,0.8628730540257541,0.620376320394463,-0.8226387430842923,-0.7518750263613695,0.33663039859897187,0.07342499147211244,0.03589237214662336,2.146516379699357e-15,17.432896489599834,41
0.225,9,144,1,1,1041,broad_xyz,21.99112410904393,False,0.8923385873475183,0.876703238481796,0.6627234048277697,-0.8514190714345696,-0.6664817993127409,0.3834795519541046,0.0795538200992236,0.04090632799404956,2.146516379699357e-15,17.432896489599834,41
0.2375,9,144,1,1,1041,broad_xyz,21.99112410904393,False,0.896041487377614,0.8851981264755042,0.6953635634918364,-0.8847479782384317,-0.5514593281669975,0.4157211930785053,0.08490173460481376,0.045882386294693926,2.146516379699357e-15,17.432896489599834,41
0.25,9,144,1,1,1041,broad_xyz,21.99112410904393,False,0.8934049523182349,0.8872800370822759,0.7181641809178037,-0.9189631984154814,-0.4291749149451912,0.43216802501504326,0.08871141532210368,0.05104411816781631,2.146516379699357e-15,17.432896489599834,41
0.27,9,144,1,1,1041,broad_xyz,21.99112410904393,False,0.8772714084702425,0.8760538139294689,0.7398447632356214,-0.9613470726629789,-0.26904897830371666,0.4315731612609681,0.092362051687597,0.059860161434434817,2.146516379699357e-15,17.432896489599834,41
0.29,9,144,1,1,1041,broad_xyz,21.99112410904393,False,0.8636491903131693,0.8634153559221365,0.7750287602258101,-0.9690248450528834,-0.19887075119757952,0.4400794342432763,0.09369147362017481,0.06841102617079481,2.146516379699357e-15,17.432896489599834,41
0.31,9,144,1,1,1041,broad_xyz,21.99112410904393,False,0.8576295311853767,0.8701109947204173,0.834983151624179,-0.9458244400992132,-0.23652646421504764,0.48732024296878795,0.09603287495306564,0.07386569614700068,2.146516379699357e-15,17.432896489599834,41
0.33,9,144,1,1,1041,broad_xyz,21.99112410904393,False,0.8532874066923088,0.8884872702573116,0.8822223499362247,-0.9360469138245924,-0.3084087853523806,0.5198435465200827,0.10101921996779521,0.07495950216659188,2.146516379699357e-15,17.432896489599834,41
0.35,9,144,1,1,1041,broad_xyz,21.99112410904393,False,0.858998745132418,0.9072251274377975,0.9137468876438591,-0.9514399220269617,-0.3756339326092124,0.5027892010422913,0.10411453928394535,0.07377435533088174,2.146516379699357e-15,17.432896489599834,41
0.37,9,144,1,1,1041,broad_xyz,21.99112410904393,False,0.8671248284405486,0.9173518927878768,0.9313242902085703,-0.9662832220591903,-0.4349958628957156,0.43490218064426894,0.10523137434097911,0.07244428530727848,2.146516379699357e-15,17.432896489599834,41
0.39,9,144,1,1,1041,broad_xyz,21.99112410904393,False,0.870437920978316,0.9181767950576907,0.9391496272940278,-0.9697704394988788,-0.4946626806312224,0.3265283598225537,0.1061415153698514,0.07170691388518183,2.146516379699357e-15,17.432896489599834,41
0.41000000000000003,9,144,1,1,1041,broad_xyz,21.99112410904393,False,0.8678239542228567,0.9137582716271497,0.9428264446723708,-0.9662205736996875,-0.5599299126605429,0.19606605860731446,0.10581306966657593,0.0715056747282683,2.146516379699357e-15,17.432896489599834,41
0.43,9,144,1,1,1041,broad_xyz,21.99112410904393,False,0.8612608958404172,0.9071335926763519,0.9438300305132049,-0.9600374890373958,-0.6464758563904155,0.0727283092736414,0.10374898555138128,0.07143091117815437,2.146516379699357e-15,17.432896489599834,41
0.45,9,144,1,1,1041,broad_xyz,21.99112410904393,False,0.8506792325996544,0.898942086856147,0.9421207632835931,-0.9527221296566964,-0.6787502602908191,-0.03117718692077528,0.10137006640639064,0.07131216714580033,2.146516379699357e-15,17.432896489599834,41
0.5,9,144,1,1,1041,broad_xyz,21.99112410904393,False,0.8071062515556213,0.8696409825360492,0.9286994482845395,-0.9399762498847227,-0.5070996187008263,-0.15862355978500722,0.09924641983272046,0.0727144064322866,2.146516379699357e-15,17.432896489599834,41
0.55,9,144,1,1,1041,broad_xyz,21.99112410904393,False,0.7128370681056134,0.7830557201377288,0.8764367811001923,-0.926856623812432,-0.4292289455240641,-0.29350699403504593,0.1002905951615325,0.07884331016373891,2.146516379699357e-15,17.432896489599834,41
0.6,9,144,1,1,1041,broad_xyz,21.99112410904393,False,0.48169975761504674,0.5254626551927837,0.7731017499992915,-0.829881422993836,-0.3918783360891448,-0.4366997496793815,0.10059444472894555,0.08337657492740741,2.146516379699357e-15,17.432896489599834,41
0.6499999999999999,9,144,1,1,1041,broad_xyz,21.99112410904393,False,0.5397437511150646,0.5978801830427002,0.8612317520372536,-0.8609505997620757,-0.6921312207754362,-0.6091492711535383,0.10211437269658492,0.0814792092902552,2.146516379699357e-15,17.432896489599834,41
0.7,9,144,1,1,1041,broad_xyz,21.99112410904393,False,0.6398146988030627,0.6789054156295534,0.9020558367192022,-0.87798232754666,-0.8206219863745186,-0.6413302650337073,0.09843417008969649,0.07788295863915634,2.146516379699357e-15,17.432896489599834,41
0.725,9,144,1,1,1041,broad_xyz,21.99112410904393,False,0.6479215945991388,0.6772095014146251,0.907312376130337,-0.8676121261463419,-0.8425950343811492,-0.623539618435058,0.10018210199915864,0.0766567302418007,2.146516379699357e-15,17.432896489599834,41
0.75,9,144,1,1,1041,broad_xyz,21.99112410904393,False,0.6647197709515102,0.6852884570604023,0.9162618830032097,-0.8591170433520585,-0.8623569252042603,-0.6019632799077425,0.1013382257708725,0.07550812342382134,2.146516379699357e-15,17.432896489599834,41
0.775,9,144,1,1,1041,broad_xyz,21.99112410904393,False,0.6976936350582044,0.709202948988261,0.9266973394872579,-0.8457222592079514,-0.8780695764639544,-0.5804519938689587,0.10086642993710579,0.07415529134208675,2.146516379699357e-15,17.432896489599834,41
0.8,9,144,1,1,1041,broad_xyz,21.99112410904393,False,0.7371392436244931,0.7472139866041708,0.9365039738461116,-0.8073309643137727,-0.8931802429914506,-0.5586182700641421,0.09796586629751168,0.07247763700769892,2.146516379699357e-15,17.432896489599834,41
0.825,9,144,1,1,1041,broad_xyz,21.99112410904393,False,0.7744450454081125,0.7949973270192235,0.9432974711859778,-0.7183128558333869,-0.906673115388651,-0.5294242402999213,0.09612027901865115,0.07055700306940864,2.146516379699357e-15,17.432896489599834,41
0.85,9,144,1,1,1041,broad_xyz,21.99112410904393,False,0.8073463657106703,0.8404164817961227,0.9450167440523134,-0.599981968652618,-0.9133351007763199,-0.4990246586878687,0.09428100908204293,0.06861285754236592,2.146516379699357e-15,17.432896489599834,41
0.875,9,144,1,1,1041,broad_xyz,21.99112410904393,False,0.8346778741283899,0.8706744358048013,0.9449028401546498,-0.5231237696859978,-0.903234050022278,-0.49087216337257417,0.09402108807334322,0.06706534328779193,2.146516379699357e-15,17.432896489599834,41
0.9,9,144,1,1,1041,broad_xyz,21.99112410904393,False,0.8514885284259611,0.8808263208769903,0.9448163402219194,-0.501274264999363,-0.8568161698696019,-0.49531639903552444,0.09118240111266378,0.06657521479859393,2.146516379699357e-15,17.432896489599834,41
0.95,9,144,1,1,1041,broad_xyz,21.99112410904393,False,0.8446544062240499,0.8544550063207003,0.9521585872219888,-0.5769964797840454,-0.9182355957222703,-0.5114704156574537,0.09371644120051299,0.0692479665744102,2.146516379699357e-15,17.432896489599834,41
1.0,9,144,1,1,1041,broad_xyz,21.99112410904393,False,0.7749773100398193,0.7554939557720886,0.9433945102586495,-0.7297694218877173,-0.9210042944535082,-0.552479965343779,0.0991054776650341,0.07372463174019124,2.146516379699357e-15,17.432896489599834,41
0.05,9,144,1,1,1042,broad_xyz,21.99112410904393,False,0.6848972025555454,0.8221700031337738,0.29384516018200274,-0.6350534459304136,-0.05797535685226767,0.2747101593765358,0.0023582861472347216,0.0010642710944195344,2.146516379699357e-15,17.432896489599834,42
0.075,9,144,1,1,1042,broad_xyz,21.99112410904393,False,0.7781821436276831,0.8275819639736417,0.43176228723683585,-0.6987524726678682,-0.6551269801845635,0.3236792047107461,0.006133744592091935,0.0028542201346509577,2.146516379699357e-15,17.432896489599834,42
0.1,9,144,1,1,1042,broad_xyz,21.99112410904393,False,0.8619072822170333,0.8408880413277079,0.5934673172938018,-0.7267232551029854,-0.9158665883321572,0.36353468205520584,0.012544955869120564,0.006192994210934009,2.146516379699357e-15,17.432896489599834,42
0.125,9,144,1,1,1042,broad_xyz,21.99112410904393,False,0.9135425375962998,0.8495461411599791,0.7301872173910141,-0.7431389280878296,-0.9566398970417138,0.37488278317418405,0.02464478310707663,0.011683096938855188,2.146516379699357e-15,17.432896489599834,42
0.15,9,144,1,1,1042,broad_xyz,21.99112410904393,False,0.9373813086845422,0.8541596937853037,0.8222779177884528,-0.7724329670912143,-0.9333825800346891,0.3624288762300833,0.042104706107836884,0.019626567299272108,2.146516379699357e-15,17.432896489599834,42
0.1625,9,144,1,1,1042,broad_xyz,21.99112410904393,False,0.9432562799363963,0.8558928975328569,0.8535703581844792,-0.7957289497766564,-0.9022591583054385,0.3561854645532367,0.052387009351340094,0.024467004713564753,2.146516379699357e-15,17.432896489599834,42
0.175,9,144,1,1,1042,broad_xyz,21.99112410904393,False,0.9468176135740498,0.8581970659325507,0.8769313921370637,-0.8232794651701402,-0.8523718401725339,0.35207467577272644,0.06336824677206875,0.029752825577800193,2.146516379699357e-15,17.432896489599834,42
0.1875,9,144,1,1,1042,broad_xyz,21.99112410904393,False,0.9498871247481698,0.8619655063820992,0.8954031100042538,-0.8520983122073704,-0.7967087258378012,0.3499064625997185,0.07424082878378983,0.03532868199116644,2.146516379699357e-15,17.432896489599834,42
0.2,9,144,1,1,1042,broad_xyz,21.99112410904393,False,0.9530471439778002,0.8685689874024453,0.9110561257888734,-0.879865855823096,-0.7472403855992875,0.3498173106271714,0.08424183682028195,0.040962134146519044,2.146516379699357e-15,17.432896489599834,42
0.2125,9,144,1,1,1042,broad_xyz,21.99112410904393,False,0.9562245494446839,0.8769386185938657,0.9247820029657675,-0.9048859274280985,-0.7076243353532818,0.3521074010247269,0.09289184182237054,0.04648150209765842,2.146516379699357e-15,17.432896489599834,42
0.225,9,144,1,1,1042,broad_xyz,21.99112410904393,False,0.9594065595513788,0.8866979328997728,0.9372350613849771,-0.9268641977585474,-0.6789828350002345,0.35598391881379005,0.09983763162830346,0.05184664784627332,2.146516379699357e-15,17.432896489599834,42
0.2375,9,144,1,1,1042,broad_xyz,21.99112410904393,False,0.9623293234607398,0.8983267486013321,0.9486691776503904,-0.9461416471778494,-0.661991040998188,0.3593612122880867,0.10499554572914686,0.05714998976400874,2.146516379699357e-15,17.432896489599834,42
0.25,9,144,1,1,1042,broad_xyz,21.99112410904393,False,0.9637091097948717,0.9097606466007594,0.9575747469928041,-0.9626087397878905,-0.6250450608801972,0.3606693671360129,0.10827320577879108,0.06256273169079063,2.146516379699357e-15,17.432896489599834,42
0.27,9,144,1,1,1042,broad_xyz,21.99112410904393,False,0.9552130012172225,0.9198139597737259,0.9611483051230203,-0.9749016820316622,-0.550227323240242,0.3444695805898876,0.1098483877918394,0.0717849217165202,2.146516379699357e-15,17.432896489599834,42
0.29,9,144,1,1,1042,broad_xyz,21.99112410904393,False,0.9256359901553833,0.9098372203753019,0.9448931640097382,-0.9607864276135232,-0.4703305967612663,0.2956868763342092,0.11155244676247854,0.08089512100697245,2.146516379699357e-15,17.432896489599834,42
0.31,9,144,1,1,1042,broad_xyz,21.99112410904393,False,0.8877073609473172,0.9015344562787656,0.9264730807208357,-0.9413440534228447,-0.426866853179569,0.2415558928786939,0.11498964949002145,0.08610122984878907,2.146516379699357e-15,17.432896489599834,42
0.33,9,144,1,1,1042,broad_xyz,21.99112410904393,False,0.8739721519515858,0.9148903358825835,0.9346260130088205,-0.9444294272474048,-0.43932834052707087,0.19739894430604,0.1154446949822965,0.08646547622598358,2.146516379699357e-15,17.432896489599834,42
0.35,9,144,1,1,1042,broad_xyz,21.99112410904393,False,0.8816674586793034,0.9345633051414356,0.9563868392240905,-0.9592953598358134,-0.4953160002397335,0.1484908376209975,0.11559602478746742,0.0848393683073511,2.146516379699357e-15,17.432896489599834,42
0.37,9,144,1,1,1042,broad_xyz,21.99112410904393,False,0.8911159644034691,0.9462704818424355,0.9712571931790968,-0.9695764790910479,-0.5524699163697117,0.09539158152141858,0.11421242239633436,0.0833480997498348,2.146516379699357e-15,17.432896489599834,42
0.39,9,144,1,1,1042,broad_xyz,21.99112410904393,False,0.8939907940073455,0.9484301040869089,0.9779368781275154,-0.9735637253305814,-0.5896244660928589,0.05211909265789478,0.11396860172348387,0.08261662051088527,2.146516379699357e-15,17.432896489599834,42
0.41000000000000003,9,144,1,1,1042,broad_xyz,21.99112410904393,False,0.8875886764586743,0.9417518104380118,0.9779847991919097,-0.9718185793398053,-0.6163207220654744,0.01711476283681505,0.11588227554355572,0.08274752743888686,2.146516379699357e-15,17.432896489599834,42
0.43,9,144,1,1,1042,broad_xyz,21.99112410904393,False,0.8705578393976492,0.9250919043566227,0.9720567909561909,-0.9645543846905502,-0.657286154243507,-0.002827705980618666,0.1199332930141249,0.08363867319944004,2.146516379699357e-15,17.432896489599834,42
0.45,9,144,1,1,1042,broad_xyz,21.99112410904393,False,0.8467434585567803,0.9021611768568174,0.9629910078015051,-0.9542815094433559,-0.6850880821192018,-0.013690999076476218,0.12391534983749494,0.0848727304204695,2.146516379699357e-15,17.432896489599834,42
0.5,9,144,1,1,1042,broad_xyz,21.99112410904393,False,0.7982922552383916,0.8648862790429093,0.9589291268994641,-0.9463591846549932,-0.623543563463558,-0.05530815954532629,0.12248429952645225,0.08646432499276324,2.146516379699357e-15,17.432896489599834,42
0.55,9,144,1,1,1042,broad_xyz,21.99112410904393,False,0.6966608528488348,0.7860540077667745,0.9407005725752187,-0.9220836631689788,-0.6279621019584904,-0.25519321864945566,0.10996207018327407,0.08894350753953358,2.146516379699357e-15,17.432896489599834,42
0.6,9,144,1,1,1042,broad_xyz,21.99112410904393,False,0.4373220717475827,0.5042378589784723,0.7989796245425708,-0.7591821708696493,-0.529327737798427,-0.5985199204044455,0.11333768843741708,0.0926093130038025,2.146516379699357e-15,17.432896489599834,42
0.6499999999999999,9,144,1,1,1042,broad_xyz,21.99112410904393,False,0.539352813890246,0.5920637836168962,0.8835030369047059,-0.8520919900481965,-0.7881427503700184,-0.5538474794883014,0.11446206188790563,0.0885942124302048,2.146516379699357e-15,17.432896489599834,42
0.7,9,144,1,1,1042,broad_xyz,21.99112410904393,False,0.6443817362668708,0.6817495231371365,0.928101742285448,-0.8919267750803821,-0.90456108812972,-0.5410939207844478,0.10795377622574422,0.08500646907484116,2.146516379699357e-15,17.432896489599834,42
0.725,9,144,1,1,1042,broad_xyz,21.99112410904393,False,0.6652687278206434,0.6859063856609042,0.9277664509593674,-0.8861985565358667,-0.9220787781425329,-0.5473299293820234,0.10868210468595156,0.08423641304524833,2.146516379699357e-15,17.432896489599834,42
0.75,9,144,1,1,1042,broad_xyz,21.99112410904393,False,0.690370121229671,0.6983711435897518,0.9266988082829755,-0.8786030528908133,-0.9274920094865229,-0.5566259762589597,0.10962954455516415,0.08343000419957582,2.146516379699357e-15,17.432896489599834,42
0.775,9,144,1,1,1042,broad_xyz,21.99112410904393,False,0.7283354417869584,0.7328973767215851,0.9306869821657763,-0.8668060341538133,-0.9301389224554517,-0.570630866627608,0.11063161073919517,0.08219741690758411,2.146516379699357e-15,17.432896489599834,42
0.8,9,144,1,1,1042,broad_xyz,21.99112410904393,False,0.775769706340477,0.7850771092708403,0.9383205016482324,-0.8280399729156153,-0.9301777831537515,-0.5822092708472267,0.10961476967329283,0.08041324909836937,2.146516379699357e-15,17.432896489599834,42
0.825,9,144,1,1,1042,broad_xyz,21.99112410904393,False,0.8207046818349312,0.8411118710757308,0.9450225410166552,-0.7073779934944805,-0.9263833428901251,-0.5801073996551162,0.10590320433003574,0.07798397855496411,2.146516379699357e-15,17.432896489599834,42
0.85,9,144,1,1,1042,broad_xyz,21.99112410904393,False,0.8509954514413155,0.8861748191878078,0.9488786343957851,-0.5109504271306946,-0.9203514454911417,-0.5627425354518468,0.10116201907504903,0.07487074984311852,2.146516379699357e-15,17.432896489599834,42
0.875,9,144,1,1,1042,broad_xyz,21.99112410904393,False,0.8614967144463197,0.9089289456880639,0.9525765924435853,-0.4199279320110428,-0.9122207081339131,-0.5333107284519836,0.10016110358387358,0.07168736867393186,2.146516379699357e-15,17.432896489599834,42
0.9,9,144,1,1,1042,broad_xyz,21.99112410904393,False,0.8607416237093125,0.9117784698823215,0.9553876175442994,-0.44000720684504907,-0.8649073488594327,-0.5189004168936735,0.0980856949887553,0.06993191767723801,2.146516379699357e-15,17.432896489599834,42
0.95,9,144,1,1,1042,broad_xyz,21.99112410904393,False,0.8406179484192466,0.8782656481740063,0.9646313440899521,-0.6019356804787749,-0.9299822295766454,-0.5284771901695374,0.09614727771068665,0.07110707048489347,2.146516379699357e-15,17.432896489599834,42
1.0,9,144,1,1,1042,broad_xyz,21.99112410904393,False,0.7603386980020771,0.768382453238631,0.9539341724463402,-0.7918301471163962,-0.955952710541103,-0.5599824024509471,0.09616188009729838,0.07542085067024044,2.146516379699357e-15,17.432896489599834,42
0.05,9,144,1,1,1043,broad_xyz,21.99112410904393,False,0.09592277615516154,0.27930151907822753,-0.23189279371444446,-0.4291249493654624,-0.28427795885328455,-0.23892462359560834,0.001387972020650091,0.00019993272272718574,2.146516379699357e-15,17.432896489599834,43
0.075,9,144,1,1,1043,broad_xyz,21.99112410904393,False,0.28408657684288696,0.3410121277778872,-0.10709782713130869,-0.41596561025359313,-0.3434114695445325,-0.22709926812778872,0.003094014532202768,0.0005198896946019417,2.146516379699357e-15,17.432896489599834,43
0.1,9,144,1,1,1043,broad_xyz,21.99112410904393,False,0.48451622138586325,0.4710625809771634,0.05396736162056663,-0.41721649371778147,-0.4153683097605275,-0.24097580177937314,0.005937206342498706,0.0013019258658718187,2.146516379699357e-15,17.432896489599834,43
0.125,9,144,1,1,1043,broad_xyz,21.99112410904393,False,0.6699932523333317,0.648705655674576,0.2624303007313955,-0.4067248393095472,-0.5640427056595146,-0.22864154537175266,0.009796353796934196,0.003237501314080401,2.146516379699357e-15,17.432896489599834,43
0.15,9,144,1,1,1043,broad_xyz,21.99112410904393,False,0.8064660198252961,0.7789191343606412,0.4653723674792811,-0.40507546276053996,-0.7629067551314057,-0.11666769781406691,0.019106222901713616,0.007292655639028256,2.146516379699357e-15,17.432896489599834,43
0.1625,9,144,1,1,1043,broad_xyz,21.99112410904393,False,0.8401440762700362,0.8097596411682432,0.5344158975302115,-0.42900281828436815,-0.8212073539350635,-0.04657158655787827,0.02650079663779869,0.010335940956678911,2.146516379699357e-15,17.432896489599834,43
0.175,9,144,1,1,1043,broad_xyz,21.99112410904393,False,0.8586410030093775,0.8243187237714171,0.5841489482799013,-0.4712344720503039,-0.8450866858300148,0.019881825288012196,0.034848342213316966,0.014005837953752986,2.146516379699357e-15,17.432896489599834,43
0.1875,9,144,1,1,1043,broad_xyz,21.99112410904393,False,0.8706453461156619,0.8329069009721757,0.6228839598052475,-0.5268549103644313,-0.8516227766032025,0.08220571243304226,0.04364417692124504,0.018231246356997657,2.146516379699357e-15,17.432896489599834,43
0.2,9,144,1,1,1043,broad_xyz,21.99112410904393,False,0.8794345856851378,0.8399400662725502,0.6549322676195954,-0.5892439065627239,-0.8390700880071668,0.13816496822843327,0.05247698121520174,0.022836675789656882,2.146516379699357e-15,17.432896489599834,43
0.2125,9,144,1,1,1043,broad_xyz,21.99112410904393,False,0.8870562544494811,0.8469907073092303,0.6824894708366823,-0.6529518396446891,-0.8109114971596002,0.18414443996043334,0.060757126141689155,0.02766583232060387,2.146516379699357e-15,17.432896489599834,43
0.225,9,144,1,1,1043,broad_xyz,21.99112410904393,False,0.8932242611719564,0.8532790485687178,0.7065373405568431,-0.7144774993979577,-0.7687809707515196,0.22083329023111636,0.06868620053877135,0.032651423070916966,2.146516379699357e-15,17.432896489599834,43
0.2375,9,144,1,1,1043,broad_xyz,21.99112410904393,False,0.8981181477792778,0.8599010635127552,0.7283894081281858,-0.7719501632643679,-0.7243822535443388,0.25113089865653876,0.07563683718997247,0.037784232183957954,2.146516379699357e-15,17.432896489599834,43
0.25,9,144,1,1,1043,broad_xyz,21.99112410904393,False,0.9024670462575238,0.866687821325035,0.7502149498991445,-0.8236772328246453,-0.6833782913613207,0.27695592620129705,0.08135754199236618,0.04315735328466785,2.146516379699357e-15,17.432896489599834,43
0.27,9,144,1,1,1043,broad_xyz,21.99112410904393,False,0.9071267727249046,0.8757743242149999,0.7901117611023212,-0.8817573130436297,-0.6408690586124041,0.31634862435508043,0.08804508526495074,0.052607619238113155,2.146516379699357e-15,17.432896489599834,43
0.29,9,144,1,1,1043,broad_xyz,21.99112410904393,False,0.8939227189787219,0.870354546176965,0.8325010302511093,-0.8722460078257319,-0.6228465680757008,0.3520678506471736,0.09425356222821064,0.062495633458376804,2.146516379699357e-15,17.432896489599834,43
0.31,9,144,1,1,1043,broad_xyz,21.99112410904393,False,0.8816093156167991,0.8788290321418856,0.8661233454804868,-0.8627166031546014,-0.6132586609600059,0.34437838230516693,0.10229632372747068,0.06952518743815131,2.146516379699357e-15,17.432896489599834,43
0.33,9,144,1,1,1043,broad_xyz,21.99112410904393,False,0.8907251289948077,0.9119242946363851,0.8958002661622195,-0.9017324791422257,-0.6435376621024315,0.302996937362056,0.10592624827328413,0.07200989843687115,2.146516379699357e-15,17.432896489599834,43
0.35,9,144,1,1,1043,broad_xyz,21.99112410904393,False,0.9032429095867057,0.9360775882840299,0.9267444533066296,-0.9270635785874215,-0.7189073339954125,0.2640151578881601,0.1049200635659546,0.07190821859706152,2.146516379699357e-15,17.432896489599834,43
0.37,9,144,1,1,1043,broad_xyz,21.99112410904393,False,0.9149331496985582,0.9483322925895998,0.9506325351805097,-0.9387610578153999,-0.784364764263643,0.2270660449998259,0.10274411077017949,0.07100363188399374,2.146516379699357e-15,17.432896489599834,43
0.39,9,144,1,1,1043,broad_xyz,21.99112410904393,False,0.9229704366955167,0.9509050029344644,0.9643705559839241,-0.9385110338552126,-0.8330793333099415,0.18461711375641127,0.10293700290633336,0.07022208380046513,2.146516379699357e-15,17.432896489599834,43
0.41000000000000003,9,144,1,1,1043,broad_xyz,21.99112410904393,False,0.9245526765626852,0.9468504570187561,0.9701270355771128,-0.9268777151917689,-0.8598045408019352,0.13847865526283665,0.1039942486680587,0.06972507651601073,2.146516379699357e-15,17.432896489599834,43
0.43,9,144,1,1,1043,broad_xyz,21.99112410904393,False,0.9189024293529399,0.9398314835530431,0.9703945030926543,-0.910465777751368,-0.8740789870352228,0.09406742017504449,0.10489124998517092,0.06955864025596652,2.146516379699357e-15,17.432896489599834,43
0.45,9,144,1,1,1043,broad_xyz,21.99112410904393,False,0.9093483006802369,0.9327387345134283,0.968274557305475,-0.8976121933650042,-0.8799489901263056,0.0584523498259157,0.10632288708793133,0.06957633783334741,2.146516379699357e-15,17.432896489599834,43
0.5,9,144,1,1,1043,broad_xyz,21.99112410904393,False,0.8668589805321608,0.9055421833112516,0.9553624754890881,-0.9082700301523117,-0.8596317997386554,0.036875898224891124,0.10639492200683565,0.07046644967446064,2.146516379699357e-15,17.432896489599834,43
0.55,9,144,1,1,1043,broad_xyz,21.99112410904393,False,0.7427911321753337,0.8224240245175463,0.9158819284899422,-0.9059307601069978,-0.7936369863356092,0.03965403213256187,0.1038793057574889,0.07518118154481275,2.146516379699357e-15,17.432896489599834,43
0.6,9,144,1,1,1043,broad_xyz,21.99112410904393,False,0.4922029143437467,0.6088031501344628,0.8089579572821659,-0.81811080447259,-0.6591049077227863,-0.03251150677063235,0.10900933499772981,0.08078536650157668,2.146516379699357e-15,17.432896489599834,43
0.6499999999999999,9,144,1,1,1043,broad_xyz,21.99112410904393,False,0.5664521817302282,0.648528117721539,0.8300288736363167,-0.8508097019662846,-0.7578025895985672,-0.3805325030735102,0.1068848328411143,0.07964194352254675,2.146516379699357e-15,17.432896489599834,43
0.7,9,144,1,1,1043,broad_xyz,21.99112410904393,False,0.7178941660101752,0.7483197333936978,0.8769172540530424,-0.8621656673559955,-0.8826236363193823,-0.5667326649692811,0.10607427668821276,0.07768902938251948,2.146516379699357e-15,17.432896489599834,43
0.725,9,144,1,1,1043,broad_xyz,21.99112410904393,False,0.7499674863678064,0.7651040079367429,0.8948636855623041,-0.8595425884370302,-0.906493584077206,-0.5946683572839689,0.1027935922326825,0.0773077984337512,2.146516379699357e-15,17.432896489599834,43
0.75,9,144,1,1,1043,broad_xyz,21.99112410904393,False,0.7652309838898447,0.7819697092772658,0.9128737385056486,-0.8575626045552633,-0.9126208949553386,-0.6074874506648874,0.1039848206333923,0.07683892062184686,2.146516379699357e-15,17.432896489599834,43
0.775,9,144,1,1,1043,broad_xyz,21.99112410904393,False,0.7751242201028983,0.805351009162158,0.9264225103961211,-0.8507831868472931,-0.9066217862182566,-0.6122426094028657,0.10636275263313426,0.07591337812196201,2.146516379699357e-15,17.432896489599834,43
0.8,9,144,1,1,1043,broad_xyz,21.99112410904393,False,0.7849557245963322,0.8317925924016649,0.9348969364360584,-0.8279398643395348,-0.8977139612150247,-0.6030906070750741,0.10523370484450603,0.07442007976265577,2.146516379699357e-15,17.432896489599834,43
0.825,9,144,1,1,1043,broad_xyz,21.99112410904393,False,0.7953161797677407,0.857057029971372,0.9410391813256009,-0.7630628063578181,-0.894352830632534,-0.571311415486244,0.10565883143356834,0.07237301552953504,2.146516379699357e-15,17.432896489599834,43
0.85,9,144,1,1,1043,broad_xyz,21.99112410904393,False,0.8013699154029842,0.8731662492895761,0.9398985982861806,-0.6309149591594418,-0.9002969622594554,-0.5285993371174929,0.10720139866566303,0.06978801986790191,2.146516379699357e-15,17.432896489599834,43
0.875,9,144,1,1,1043,broad_xyz,21.99112410904393,False,0.8065436292473046,0.8797781958251027,0.9353592538319522,-0.5204247594557115,-0.9051660911174411,-0.5087991999728482,0.10700835123585048,0.06722090400261742,2.146516379699357e-15,17.432896489599834,43
0.9,9,144,1,1,1043,broad_xyz,21.99112410904393,False,0.8122236245508908,0.8790703741432194,0.9323163874608754,-0.5004714991520779,-0.8646428026022911,-0.5031687454162297,0.10593710167987459,0.06565005832555745,2.146516379699357e-15,17.432896489599834,43
0.95,9,144,1,1,1043,broad_xyz,21.99112410904393,False,0.815828249110626,0.8537127661352957,0.9350101642427495,-0.6677632575691603,-0.9280146537098622,-0.46728977907008157,0.09830243114048523,0.06633316882029106,2.146516379699357e-15,17.432896489599834,43
1.0,9,144,1,1,1043,broad_xyz,21.99112410904393,False,0.7821503450487571,0.7863844409944304,0.9345794239686052,-0.8424014065285627,-0.9225336763698528,-0.4873325727643369,0.09505753235980678,0.07062289602934183,2.146516379699357e-15,17.432896489599834,43
0.05,9,144,1,1,1044,broad_xyz,21.99112410904393,False,-0.050624370066427476,0.49226352425433806,-0.2855022978138714,-0.4093517470511987,-0.181685690442892,-0.10772692714414148,0.002023801028343502,0.0005431332450592857,2.146516379699357e-15,17.432896489599834,44
0.075,9,144,1,1,1044,broad_xyz,21.99112410904393,False,0.1615205939369594,0.5961352357202907,-0.16829747838529718,-0.3746457233499267,-0.17634376620934547,-0.10511283590720732,0.004224185133711329,0.0014343722196080223,2.146516379699357e-15,17.432896489599834,44
0.1,9,144,1,1,1044,broad_xyz,21.99112410904393,False,0.40950196166224007,0.6984202275884744,-0.009405118814965223,-0.31535115443727646,-0.2622813251240849,-0.12948171664828378,0.007355494026883757,0.003107817864922707,2.146516379699357e-15,17.432896489599834,44
0.125,9,144,1,1,1044,broad_xyz,21.99112410904393,False,0.6048556526604981,0.7818403785323005,0.14805126713617656,-0.25978360393048416,-0.4953874371681434,-0.17844640593793487,0.013286932099687742,0.0059596401614314355,2.146516379699357e-15,17.432896489599834,44
0.15,9,144,1,1,1044,broad_xyz,21.99112410904393,False,0.6863060352315383,0.8223480515352036,0.2443349207357507,-0.2589811918199668,-0.7466754459781251,-0.22418732204330694,0.02344365622958136,0.010474212704284107,2.146516379699357e-15,17.432896489599834,44
0.1625,9,144,1,1,1044,broad_xyz,21.99112410904393,False,0.703859946694613,0.8337746697626819,0.27296243592663727,-0.28085125655897153,-0.7023540663935707,-0.22641456937393714,0.02950500340902921,0.013472962383921795,2.146516379699357e-15,17.432896489599834,44
0.175,9,144,1,1,1044,broad_xyz,21.99112410904393,False,0.7221802473647249,0.8449419580614584,0.30361909648566143,-0.3081368630100184,-0.6193801615450337,-0.20939194616525258,0.0357657231229171,0.016978127379125987,2.146516379699357e-15,17.432896489599834,44
0.1875,9,144,1,1,1044,broad_xyz,21.99112410904393,False,0.7404492684510829,0.8542152397804477,0.33479957775884905,-0.3399065433479978,-0.5441556296669099,-0.1629893315135143,0.041850271503047036,0.020927501146637998,2.146516379699357e-15,17.432896489599834,44
0.2,9,144,1,1,1044,broad_xyz,21.99112410904393,False,0.7568728801436486,0.8612308924068032,0.363138526329428,-0.37720960570131806,-0.47947355099295674,-0.0844353051108062,0.04901769296931243,0.025157620477408184,2.146516379699357e-15,17.432896489599834,44
0.2125,9,144,1,1,1044,broad_xyz,21.99112410904393,False,0.7706287070506251,0.8668150199116085,0.38754029026702,-0.4191275731224209,-0.4233865963571454,0.01702819121240319,0.05631604941093615,0.029473212368258554,2.146516379699357e-15,17.432896489599834,44
0.225,9,144,1,1,1044,broad_xyz,21.99112410904393,False,0.7818916860742852,0.8720482218060623,0.4108514236265142,-0.4627955980832519,-0.3747129162086545,0.1131007869956576,0.06245596568183863,0.033733331322067184,2.146516379699357e-15,17.432896489599834,44
0.2375,9,144,1,1,1044,broad_xyz,21.99112410904393,False,0.7901865840483613,0.8779987795202753,0.43724751385982,-0.5051170615144502,-0.33843316811645796,0.18406256214149755,0.06713794644026741,0.03790804876077178,2.146516379699357e-15,17.432896489599834,44
0.25,9,144,1,1,1044,broad_xyz,21.99112410904393,False,0.7953029742623909,0.8844015449564371,0.47107855324897796,-0.5431489200392002,-0.31760095809943545,0.23166736970229507,0.0706351129725016,0.04199828340864217,2.146516379699357e-15,17.432896489599834,44
0.27,9,144,1,1,1044,broad_xyz,21.99112410904393,False,0.800236653263659,0.8945883987119769,0.5499793991385528,-0.5892052275821681,-0.3313413421243257,0.28402580561953644,0.07449815433900256,0.048532532305020866,2.146516379699357e-15,17.432896489599834,44
0.29,9,144,1,1,1044,broad_xyz,21.99112410904393,False,0.8029110258701181,0.8956845139905503,0.6698181205367928,-0.5882778446840824,-0.4224024810231829,0.33686894655606137,0.07952899705974999,0.055310131721105334,2.146516379699357e-15,17.432896489599834,44
0.31,9,144,1,1,1044,broad_xyz,21.99112410904393,False,0.7714995241904158,0.8700870332105624,0.753217878283978,-0.5790691673319857,-0.5038434437543259,0.34518508816693216,0.08673131279426892,0.060774714369984974,2.146516379699357e-15,17.432896489599834,44
0.33,9,144,1,1,1044,broad_xyz,21.99112410904393,False,0.7315872699333879,0.8592879265259933,0.7573109771106903,-0.6649309004583739,-0.4943026494355202,0.2740509047437362,0.09003836254856225,0.06311709063187089,2.146516379699357e-15,17.432896489599834,44
0.35,9,144,1,1,1044,broad_xyz,21.99112410904393,False,0.7124947846747931,0.8607639865700355,0.7663912276724215,-0.7324049499065073,-0.48635989080436504,0.19438966265143173,0.09687848699500687,0.06354423649495312,2.146516379699357e-15,17.432896489599834,44
0.37,9,144,1,1,1044,broad_xyz,21.99112410904393,False,0.7082886309424901,0.8598383475370679,0.7972044225536903,-0.7611236612841071,-0.507839484037403,0.139338937625386,0.10268599816387171,0.06337417906941624,2.146516379699357e-15,17.432896489599834,44
0.39,9,144,1,1,1044,broad_xyz,21.99112410904393,False,0.7115623285777131,0.8568977528688353,0.8356862308305479,-0.7711987136781936,-0.5407465216824514,0.09086299650264865,0.10657824000362533,0.06329561090348662,2.146516379699357e-15,17.432896489599834,44
0.41000000000000003,9,144,1,1,1044,broad_xyz,21.99112410904393,False,0.7174942223344896,0.852851367388793,0.8666703867195438,-0.771615795543715,-0.5693551830402329,0.0507260784344676,0.10850775623093531,0.06331678804413589,2.146516379699357e-15,17.432896489599834,44
0.43,9,144,1,1,1044,broad_xyz,21.99112410904393,False,0.7215639764998102,0.8485133837073621,0.8868920914071214,-0.7644012915523237,-0.5977178350048087,0.02425613505435799,0.10861783316215012,0.06322943081293762,2.146516379699357e-15,17.432896489599834,44
0.45,9,144,1,1,1044,broad_xyz,21.99112410904393,False,0.7181190792962124,0.8436563518045839,0.8964645987922099,-0.7605037053421229,-0.6212145069589391,0.02922189520616253,0.107157097202094,0.06302997558380367,2.146516379699357e-15,17.432896489599834,44
0.5,9,144,1,1,1044,broad_xyz,21.99112410904393,False,0.6920700402376682,0.814669311762973,0.8930086099101814,-0.7971579772136862,-0.6551992341112138,0.005844195982412733,0.09836989804248808,0.0636425563130511,2.146516379699357e-15,17.432896489599834,44
0.55,9,144,1,1,1044,broad_xyz,21.99112410904393,False,0.6390932272101982,0.7435651462454776,0.8387871000615201,-0.8160370446372941,-0.6662036919813306,-0.2490812181800061,0.10097295343821597,0.06909673777204843,2.146516379699357e-15,17.432896489599834,44
0.6,9,144,1,1,1044,broad_xyz,21.99112410904393,False,0.5721316191680238,0.6589230852129597,0.8269034703778065,-0.8058733226430593,-0.6502578039603536,-0.44894830544816633,0.10206199667276221,0.07448793757014055,2.146516379699357e-15,17.432896489599834,44
0.6499999999999999,9,144,1,1,1044,broad_xyz,21.99112410904393,False,0.5560234152542667,0.6771321299245927,0.7892749648671482,-0.8376266835580007,-0.6202906273744803,-0.579794451986627,0.10103597017570069,0.07410230187358718,2.146516379699357e-15,17.432896489599834,44
0.7,9,144,1,1,1044,broad_xyz,21.99112410904393,False,0.5964003963243566,0.73831411157333,0.8480990477756876,-0.8244782853090844,-0.7407160219770339,-0.572583639587036,0.1011827203352771,0.07217304324550312,2.146516379699357e-15,17.432896489599834,44
0.725,9,144,1,1,1044,broad_xyz,21.99112410904393,False,0.6041238798513922,0.7371189871209883,0.8815918593099705,-0.8158199976434385,-0.7952413563850964,-0.5480149393058527,0.10132201040069819,0.07108218365331113,2.146516379699357e-15,17.432896489599834,44
0.75,9,144,1,1,1044,broad_xyz,21.99112410904393,False,0.609249257971409,0.7376507558184127,0.9057405868556923,-0.8103537645898145,-0.8264224327953733,-0.5294752890510438,0.10203621990796442,0.07006952371588043,2.146516379699357e-15,17.432896489599834,44
0.775,9,144,1,1,1044,broad_xyz,21.99112410904393,False,0.6215138395692815,0.754794867834382,0.9248281036735194,-0.8076018579899217,-0.8444281873842265,-0.5175119718906735,0.10291786918676483,0.06915416870596308,2.146516379699357e-15,17.432896489599834,44
0.8,9,144,1,1,1044,broad_xyz,21.99112410904393,False,0.644095604091618,0.7802359853122939,0.9365910125749997,-0.806290544197745,-0.8582390253676945,-0.5050950736515776,0.102475907889336,0.06825274020693879,2.146516379699357e-15,17.432896489599834,44
0.825,9,144,1,1,1044,broad_xyz,21.99112410904393,False,0.6746140108793971,0.8014701578588201,0.9373542356714296,-0.7891501148209106,-0.8679091989746306,-0.4912701499798656,0.09974868084638455,0.06743483740028294,2.146516379699357e-15,17.432896489599834,44
0.85,9,144,1,1,1044,broad_xyz,21.99112410904393,False,0.7001507798322285,0.8153372395669981,0.9273979035269283,-0.7252713638763976,-0.8739324258701378,-0.4817537278785077,0.09725010618927553,0.06661458943982833,2.146516379699357e-15,17.432896489599834,44
0.875,9,144,1,1,1044,broad_xyz,21.99112410904393,False,0.710865322188754,0.8248930211157444,0.9149664771593286,-0.6323406232811022,-0.8703837868398349,-0.4974586884065578,0.09586155916797935,0.06570385298637842,2.146516379699357e-15,17.432896489599834,44
0.9,9,144,1,1,1044,broad_xyz,21.99112410904393,False,0.7069186831607157,0.8270200874284467,0.9063835081348549,-0.5743995753153751,-0.8265338018492477,-0.5133963230688305,0.09611067371101574,0.06531093929137,2.146516379699357e-15,17.432896489599834,44
0.95,9,144,1,1,1044,broad_xyz,21.99112410904393,False,0.6996706467904614,0.8137161722837486,0.9186721463971279,-0.6588481059048367,-0.8880670537125976,-0.5307519079508675,0.09744763800318547,0.06784433329118277,2.146516379699357e-15,17.432896489599834,44
1.0,9,144,1,1,1044,broad_xyz,21.99112410904393,False,0.7230056185296119,0.7708244219402567,0.9328935963974838,-0.8011432325290629,-0.8958328712330319,-0.6040047605878012,0.09500632728312731,0.07194708725836663,2.146516379699357e-15,17.432896489599834,44
0.05,9,144,1,1,1045,broad_xyz,21.99112410904393,False,0.5627020085773335,0.6580224950078356,-0.20015171995874761,-0.724795751562162,-0.5106932295435933,-0.12605030794789573,0.0016307056421679068,0.0004968010026063403,2.146516379699357e-15,17.432896489599834,45
0.075,9,144,1,1,1045,broad_xyz,21.99112410904393,False,0.6842881309108368,0.7117900349292803,0.00907269705856054,-0.7726952897844318,-0.7147973822844339,-0.12600419317221015,0.0038887023091078413,0.0013011753181112224,2.146516379699357e-15,17.432896489599834,45
0.1,9,144,1,1,1045,broad_xyz,21.99112410904393,False,0.7534594230564109,0.7457195495712873,0.22011704564404402,-0.8238532270259158,-0.8866556566300151,-0.126374697999454,0.008502547478226876,0.0029448562239790996,2.146516379699357e-15,17.432896489599834,45
0.125,9,144,1,1,1045,broad_xyz,21.99112410904393,False,0.7623819008394253,0.7450400415473335,0.3696118425399311,-0.8659237266582231,-0.938137798875984,-0.14080687594102653,0.01796485462634068,0.006008701434790493,2.146516379699357e-15,17.432896489599834,45
0.15,9,144,1,1,1045,broad_xyz,21.99112410904393,False,0.7664954015762658,0.7457417538937184,0.4933943776945704,-0.8912089599837962,-0.9285884803688496,-0.16959492699490758,0.03157018675483703,0.010923519499819092,2.146516379699357e-15,17.432896489599834,45
0.1625,9,144,1,1,1045,broad_xyz,21.99112410904393,False,0.7742683272495356,0.7559024134411608,0.5556455511241023,-0.9005855325022404,-0.9103588892755611,-0.1858574963718667,0.039122650254010495,0.01422367614833897,2.146516379699357e-15,17.432896489599834,45
0.175,9,144,1,1,1045,broad_xyz,21.99112410904393,False,0.7882728259603612,0.7742318649501583,0.6209766794960371,-0.9070810752939586,-0.889490862003513,-0.2013875265385196,0.0466711064718789,0.018058057026927556,2.146516379699357e-15,17.432896489599834,45
0.1875,9,144,1,1,1045,broad_xyz,21.99112410904393,False,0.8061872202666693,0.795229915989554,0.6814261301704853,-0.9142852440229092,-0.8585694892097949,-0.21886548853041685,0.054031381327617915,0.022345440205767595,2.146516379699357e-15,17.432896489599834,45
0.2,9,144,1,1,1045,broad_xyz,21.99112410904393,False,0.8257675645182644,0.8167637238692806,0.734994755164301,-0.923048429901596,-0.8163265209691933,-0.23224294062614081,0.06096906660711475,0.02693416468855498,2.146516379699357e-15,17.432896489599834,45
0.2125,9,144,1,1,1045,broad_xyz,21.99112410904393,False,0.8453454773629909,0.8371250957560269,0.7807239355610542,-0.9331037310479414,-0.7637989719672439,-0.2327401140304823,0.06732383349017336,0.03170907919555757,2.146516379699357e-15,17.432896489599834,45
0.225,9,144,1,1,1045,broad_xyz,21.99112410904393,False,0.8643757701170669,0.8564164192994619,0.8190300952053365,-0.9443333700312607,-0.7087580703092802,-0.21429027644816642,0.07298315082563378,0.03661440276471693,2.146516379699357e-15,17.432896489599834,45
0.2375,9,144,1,1,1045,broad_xyz,21.99112410904393,False,0.8809147143976565,0.872629901288765,0.8491481587740829,-0.9562054659221859,-0.6584452359394393,-0.1689413296086997,0.07840904541592777,0.04172318023179993,2.146516379699357e-15,17.432896489599834,45
0.25,9,144,1,1,1045,broad_xyz,21.99112410904393,False,0.8936657671302441,0.8844313202638624,0.8711723573970005,-0.9670105541463073,-0.6089892361183071,-0.10122163273177201,0.08348073856611192,0.04721149397709177,2.146516379699357e-15,17.432896489599834,45
0.27,9,144,1,1,1045,broad_xyz,21.99112410904393,False,0.9030595796235258,0.8923726563788397,0.8898745196363382,-0.9777434280604459,-0.5305220771833864,0.0073693786684312515,0.09012567879413934,0.0567719999786631,2.146516379699357e-15,17.432896489599834,45
0.29,9,144,1,1,1045,broad_xyz,21.99112410904393,False,0.9038280069157821,0.8936309753563241,0.9003197418199288,-0.9782185500588072,-0.45237331513483775,0.0688820269563329,0.09639928798117962,0.06639804320617095,2.146516379699357e-15,17.432896489599834,45
0.31,9,144,1,1,1045,broad_xyz,21.99112410904393,False,0.9068848307824144,0.9078568642540015,0.9206211633021487,-0.9770621264008829,-0.41333255530042745,0.10018914783156017,0.10252741129008348,0.07326585760233126,2.146516379699357e-15,17.432896489599834,45
0.33,9,144,1,1,1045,broad_xyz,21.99112410904393,False,0.9098152724957589,0.927147223207126,0.9455894513050636,-0.9794177225615434,-0.4361522475957516,0.10057431939906876,0.10548348393116323,0.07619001348921633,2.146516379699357e-15,17.432896489599834,45
0.35,9,144,1,1,1045,broad_xyz,21.99112410904393,False,0.9104380720177178,0.9392113490726018,0.9629468311074045,-0.9848965693802009,-0.5001222414244589,0.062487599191139075,0.10629476916397203,0.07667689034219749,2.146516379699357e-15,17.432896489599834,45
0.37,9,144,1,1,1045,broad_xyz,21.99112410904393,False,0.9110651789597521,0.9451892636189317,0.9712908607057784,-0.986955114494106,-0.5695924824170028,0.0009508995924235034,0.1065288037008623,0.07630355137686816,2.146516379699357e-15,17.432896489599834,45
0.39,9,144,1,1,1045,broad_xyz,21.99112410904393,False,0.9101067423937923,0.9458019307543484,0.972299180493008,-0.9827856277477321,-0.6299683339996756,-0.0665959007055811,0.10766027898517463,0.07554016991397644,2.146516379699357e-15,17.432896489599834,45
0.41000000000000003,9,144,1,1,1045,broad_xyz,21.99112410904393,False,0.9077878642670607,0.9416857859870162,0.9684736236827246,-0.9752546932431803,-0.6857123770526322,-0.13411121870651915,0.10804527379975871,0.07473970701157157,2.146516379699357e-15,17.432896489599834,45
0.43,9,144,1,1,1045,broad_xyz,21.99112410904393,False,0.9018257196297685,0.9315073748046537,0.961368030305586,-0.9679227587204005,-0.7419049736867744,-0.19392602151512472,0.10822901643247954,0.07413967063126774,2.146516379699357e-15,17.432896489599834,45
0.45,9,144,1,1,1045,broad_xyz,21.99112410904393,False,0.8904889266864568,0.9153681337952626,0.9533931858188353,-0.9625472439808602,-0.7831933540655943,-0.24466542125363272,0.10730714414794,0.07395458717809615,2.146516379699357e-15,17.432896489599834,45
0.5,9,144,1,1,1045,broad_xyz,21.99112410904393,False,0.8222970973269096,0.8538466802268887,0.929962046369715,-0.9532629063659948,-0.690314945750598,-0.3069913860288866,0.11236617359640559,0.07618686147174984,2.146516379699357e-15,17.432896489599834,45
0.55,9,144,1,1,1045,broad_xyz,21.99112410904393,False,0.7274741654515995,0.7896662405297799,0.9061067560069858,-0.9317932033768996,-0.6626303789130839,-0.33953316139361034,0.11026956975211655,0.081382698535274,2.146516379699357e-15,17.432896489599834,45
0.6,9,144,1,1,1045,broad_xyz,21.99112410904393,False,0.5611245044890668,0.6682695973402875,0.866443891424073,-0.8655047326062529,-0.6633914055936896,-0.5854478662393113,0.10837959308914462,0.08682364129668693,2.146516379699357e-15,17.432896489599834,45
0.6499999999999999,9,144,1,1,1045,broad_xyz,21.99112410904393,False,0.5765168186894215,0.7065808825891775,0.9174366039237039,-0.8954549863789211,-0.8576527730513934,-0.5697214581494139,0.10887164842304917,0.08524696532544113,2.146516379699357e-15,17.432896489599834,45
0.7,9,144,1,1,1045,broad_xyz,21.99112410904393,False,0.6291356041452025,0.7491140946294288,0.9293924376094835,-0.895685998665546,-0.8968271999708406,-0.5618295957149181,0.10473151850384721,0.08342533110997159,2.146516379699357e-15,17.432896489599834,45
0.725,9,144,1,1,1045,broad_xyz,21.99112410904393,False,0.6604149352033606,0.7650280607252706,0.9337801545174763,-0.8861580905360352,-0.9093751750147135,-0.5692576828210923,0.10322871933776248,0.08291720418683338,2.146516379699357e-15,17.432896489599834,45
0.75,9,144,1,1,1045,broad_xyz,21.99112410904393,False,0.6997841198608157,0.7884227790691358,0.9405754042030852,-0.8751756071453413,-0.9216729160540206,-0.5813346319114897,0.10299455887189857,0.08213441806571763,2.146516379699357e-15,17.432896489599834,45
0.775,9,144,1,1,1045,broad_xyz,21.99112410904393,False,0.7423920208535914,0.8172965412222322,0.946732162146483,-0.8565953592538809,-0.9278671173289161,-0.5908197551984061,0.10492831343126398,0.08089156732544865,2.146516379699357e-15,17.432896489599834,45
0.8,9,144,1,1,1045,broad_xyz,21.99112410904393,False,0.7818885973698504,0.8467932068693781,0.950933177913704,-0.8144397147403055,-0.9283611742360232,-0.5946349076105787,0.10472680059381181,0.07930456927020156,2.146516379699357e-15,17.432896489599834,45
0.825,9,144,1,1,1045,broad_xyz,21.99112410904393,False,0.8129735945331176,0.8736806299767889,0.9519113734313482,-0.7231687503973638,-0.9252843958229551,-0.5908476980899926,0.10300913097800975,0.07761679295452069,2.146516379699357e-15,17.432896489599834,45
0.85,9,144,1,1,1045,broad_xyz,21.99112410904393,False,0.8320805058908125,0.8955873168853778,0.9513681135938955,-0.5979524417441776,-0.9216180316248841,-0.5750195670399709,0.10116328611582551,0.07576764311337333,2.146516379699357e-15,17.432896489599834,45
0.875,9,144,1,1,1045,broad_xyz,21.99112410904393,False,0.8389364250710938,0.9080855694850248,0.9512863822645262,-0.5146172199828236,-0.90874224572422,-0.5553925707123795,0.10032634357591116,0.07383777186084119,2.146516379699357e-15,17.432896489599834,45
0.9,9,144,1,1,1045,broad_xyz,21.99112410904393,False,0.8344554851586331,0.9079520912825071,0.9509708046041848,-0.48676192267619395,-0.8552453631961073,-0.551808475368978,0.10142829328924395,0.07247808699914376,2.146516379699357e-15,17.432896489599834,45
0.95,9,144,1,1,1045,broad_xyz,21.99112410904393,False,0.7940588979020323,0.8650953459063453,0.9488945247154361,-0.5451417474872375,-0.9124377540728137,-0.5493931822093538,0.10239984491382749,0.07231041909317677,2.146516379699357e-15,17.432896489599834,45
1.0,9,144,1,1,1045,broad_xyz,21.99112410904393,False,0.7239863296100367,0.7704454631423946,0.9348772583268554,-0.6844704557732298,-0.9106135393107828,-0.5859793004558411,0.0976503227920328,0.07495755453082212,2.146516379699357e-15,17.432896489599834,45
0.05,9,144,1,1,1046,broad_xyz,21.99112410904393,False,0.41193579128351826,0.6334499797114342,-0.23945292750445893,-0.661884390958044,-0.19024585632010593,0.2652404718053461,0.0017044701058618165,0.00044570374542743954,2.146516379699357e-15,17.432896489599834,46
0.075,9,144,1,1,1046,broad_xyz,21.99112410904393,False,0.3159666869828329,0.6248291755371289,-0.31460821011515344,-0.7519575512287703,-0.43020845959775667,0.28974578964325554,0.003960616432360231,0.0010754151745626637,2.146516379699357e-15,17.432896489599834,46
0.1,9,144,1,1,1046,broad_xyz,21.99112410904393,False,0.38527361820087297,0.6710714679920374,-0.30151006170847205,-0.809217352644498,-0.6821017217629549,0.26945682298006546,0.0071198275883813545,0.0022413134478054984,2.146516379699357e-15,17.432896489599834,46
0.125,9,144,1,1,1046,broad_xyz,21.99112410904393,False,0.5684242945461356,0.738869606700558,-0.18538509778200474,-0.8019700314534497,-0.7773700677363359,0.2506410989460938,0.011426024265422165,0.004380063154402206,2.146516379699357e-15,17.432896489599834,46
0.15,9,144,1,1,1046,broad_xyz,21.99112410904393,False,0.7178106616126372,0.810659478280791,0.019237499582786158,-0.7399332809938348,-0.7890586680601684,0.277625003509772,0.020671232666510258,0.008295786063145936,2.146516379699357e-15,17.432896489599834,46
0.1625,9,144,1,1,1046,broad_xyz,21.99112410904393,False,0.7531522746275969,0.8391007354629001,0.1312768215533842,-0.7035317821482592,-0.7776430274877192,0.3028305336201971,0.026581842560992212,0.011140798449162406,2.146516379699357e-15,17.432896489599834,46
0.175,9,144,1,1,1046,broad_xyz,21.99112410904393,False,0.7729728064157536,0.863402423788271,0.2401563100877451,-0.6743094573191898,-0.7517236083074162,0.32028720144014083,0.03319125665925283,0.014579104121911636,2.146516379699357e-15,17.432896489599834,46
0.1875,9,144,1,1,1046,broad_xyz,21.99112410904393,False,0.7858265233712531,0.8793508017278385,0.3306927332032982,-0.6645008593063821,-0.7186685017890808,0.3293472578810588,0.03970466128943184,0.018404592212864928,2.146516379699357e-15,17.432896489599834,46
0.2,9,144,1,1,1046,broad_xyz,21.99112410904393,False,0.7981180732990732,0.8903213678813957,0.40399458562677015,-0.6758021353908419,-0.6683010348249786,0.3356142305478411,0.04600137482769854,0.022462323709521295,2.146516379699357e-15,17.432896489599834,46
0.2125,9,144,1,1,1046,broad_xyz,21.99112410904393,False,0.8113159273841019,0.8989304022119959,0.4653022575028237,-0.7044742410933608,-0.6118058849895357,0.3405338569671859,0.05180294262806051,0.026555212381577233,2.146516379699357e-15,17.432896489599834,46
0.225,9,144,1,1,1046,broad_xyz,21.99112410904393,False,0.8240728925794644,0.9060494645744631,0.5183977990422513,-0.7457694916604375,-0.5477732783020758,0.34393698045419646,0.05839315570139503,0.030586030061768053,2.146516379699357e-15,17.432896489599834,46
0.2375,9,144,1,1,1046,broad_xyz,21.99112410904393,False,0.8339132928940448,0.9119364581288172,0.5664640294906911,-0.79359274541286,-0.4867931001370565,0.34455621356294164,0.06404016274300214,0.034617642935488996,2.146516379699357e-15,17.432896489599834,46
0.25,9,144,1,1,1046,broad_xyz,21.99112410904393,False,0.839261942802296,0.9167324283541588,0.6110814351728039,-0.8409658721515786,-0.4290174599104883,0.3429878758474919,0.069014089636767,0.038741181540947835,2.146516379699357e-15,17.432896489599834,46
0.27,9,144,1,1,1046,broad_xyz,21.99112410904393,False,0.8346043994824329,0.920002312441953,0.6741611745359986,-0.9010368402872314,-0.31405592808023425,0.33461668822768303,0.07529324780754584,0.045858165079421004,2.146516379699357e-15,17.432896489599834,46
0.29,9,144,1,1,1046,broad_xyz,21.99112410904393,False,0.8227306370047813,0.9189302795520226,0.7423297536425415,-0.9190462929888265,-0.22588184426853475,0.3192837547479901,0.08240736229705954,0.05360411571021559,2.146516379699357e-15,17.432896489599834,46
0.31,9,144,1,1,1046,broad_xyz,21.99112410904393,False,0.8176404191285623,0.9206608651778975,0.8242104999784133,-0.9037742064456542,-0.21008037557186904,0.2988726827559944,0.08961022309257628,0.05987758231217877,2.146516379699357e-15,17.432896489599834,46
0.33,9,144,1,1,1046,broad_xyz,21.99112410904393,False,0.8174242478765386,0.9239883426722041,0.8862736493365967,-0.904690197932433,-0.24639990255390296,0.2922663134044933,0.09493467769306364,0.06284600816184929,2.146516379699357e-15,17.432896489599834,46
0.35,9,144,1,1,1046,broad_xyz,21.99112410904393,False,0.8183310783475196,0.929775960548335,0.918669349088252,-0.9290617442311813,-0.30593475332465264,0.3008163451542403,0.09772472681429754,0.06345928940729102,2.146516379699357e-15,17.432896489599834,46
0.37,9,144,1,1,1046,broad_xyz,21.99112410904393,False,0.8164651914766453,0.9338842435680397,0.930254331622419,-0.947887206945926,-0.36068324450377875,0.3027259365061379,0.0995261842684715,0.063028404010331,2.146516379699357e-15,17.432896489599834,46
0.39,9,144,1,1,1046,broad_xyz,21.99112410904393,False,0.8103323219504819,0.9324718897449635,0.9317508476471288,-0.9502674395970636,-0.4058941154957896,0.2663229118818343,0.10105419850930086,0.06257017598988998,2.146516379699357e-15,17.432896489599834,46
0.41000000000000003,9,144,1,1,1046,broad_xyz,21.99112410904393,False,0.8016512257597552,0.9268158054064869,0.9327994062320655,-0.9438381213623971,-0.45660431319453965,0.17647450793105657,0.10025582623575548,0.062450041463719415,2.146516379699357e-15,17.432896489599834,46
0.43,9,144,1,1,1046,broad_xyz,21.99112410904393,False,0.7905832048080912,0.9179511325514254,0.9344150322949022,-0.9366723918004491,-0.5021208886716042,0.06878217195522097,0.09757130663539161,0.06242322975673736,2.146516379699357e-15,17.432896489599834,46
0.45,9,144,1,1,1046,broad_xyz,21.99112410904393,False,0.771268173812532,0.9033347378607532,0.9340549758528802,-0.9314956019534189,-0.5448230218867388,-0.017516766155343446,0.09729054814496003,0.06242198356848237,2.146516379699357e-15,17.432896489599834,46
0.5,9,144,1,1,1046,broad_xyz,21.99112410904393,False,0.6911653682607749,0.8550493157113578,0.9269840925196469,-0.9285896728740091,-0.43723991837908827,-0.12634118678754483,0.10443044808355584,0.06382227046344452,2.146516379699357e-15,17.432896489599834,46
0.55,9,144,1,1,1046,broad_xyz,21.99112410904393,False,0.6424952642052877,0.7947711993344571,0.9156529056414092,-0.9128034431075058,-0.4428863671812162,-0.259095230243856,0.1048020351816785,0.06890944554583633,2.146516379699357e-15,17.432896489599834,46
0.6,9,144,1,1,1046,broad_xyz,21.99112410904393,False,0.47222738636529993,0.6574385950425746,0.8700023740854779,-0.8533744567035726,-0.48188091709160424,-0.40421318919280513,0.1015099154667886,0.07486779720291796,2.146516379699357e-15,17.432896489599834,46
0.6499999999999999,9,144,1,1,1046,broad_xyz,21.99112410904393,False,0.5225921915041835,0.6811194716029314,0.8893975643665905,-0.881606674840718,-0.7231777675121263,-0.5304958706422267,0.099468551913789,0.07585594648480298,2.146516379699357e-15,17.432896489599834,46
0.7,9,144,1,1,1046,broad_xyz,21.99112410904393,False,0.5948758907194966,0.7275715461127928,0.8930383174603308,-0.8937745281023782,-0.8183598569355531,-0.5383872572092981,0.1018968936012514,0.07449827416446939,2.146516379699357e-15,17.432896489599834,46
0.725,9,144,1,1,1046,broad_xyz,21.99112410904393,False,0.6199478752865759,0.7580051057391741,0.8941540947971929,-0.8816845305194603,-0.8419894361437557,-0.5369748386770534,0.10346362001565933,0.0754222898359365,2.146516379699357e-15,17.432896489599834,46
0.75,9,144,1,1,1046,broad_xyz,21.99112410904393,False,0.6575536109481434,0.7770000275097599,0.8937298615597592,-0.8657745440946237,-0.8564793323568528,-0.5297363206807767,0.10643006933550714,0.07618157903863088,2.146516379699357e-15,17.432896489599834,46
0.775,9,144,1,1,1046,broad_xyz,21.99112410904393,False,0.6870048530324183,0.7841164485607017,0.899235088301341,-0.847712471068918,-0.8727065576937877,-0.5235072400710439,0.10354544030360066,0.0759759869571888,2.146516379699357e-15,17.432896489599834,46
0.8,9,144,1,1,1046,broad_xyz,21.99112410904393,False,0.6891207976819708,0.7908639199019654,0.9065225657120525,-0.8105268491412869,-0.8883858961838759,-0.5155251657786055,0.10215524353229803,0.07501953439782696,2.146516379699357e-15,17.432896489599834,46
0.825,9,144,1,1,1046,broad_xyz,21.99112410904393,False,0.6889307909359199,0.812268550191765,0.9158269368255993,-0.727662182083145,-0.8995750470343452,-0.5068680906427104,0.10389757931167883,0.07363166286940527,2.146516379699357e-15,17.432896489599834,46
0.85,9,144,1,1,1046,broad_xyz,21.99112410904393,False,0.7014613606780631,0.8433755461233822,0.9255815558660851,-0.5737624449256329,-0.9052897065752565,-0.5048740976439868,0.10285498254045432,0.07178094192395582,2.146516379699357e-15,17.432896489599834,46
0.875,9,144,1,1,1046,broad_xyz,21.99112410904393,False,0.7168146827136503,0.8675747569435615,0.9308436334297343,-0.42701075880297595,-0.8986491692829672,-0.503627693222215,0.10131516538075881,0.06969632611616987,2.146516379699357e-15,17.432896489599834,46
0.9,9,144,1,1,1046,broad_xyz,21.99112410904393,False,0.7319653294215536,0.8796747091283239,0.9306686328116553,-0.36872683937425443,-0.8477047428322217,-0.5038970460361651,0.09919085457161518,0.06810240422949529,2.146516379699357e-15,17.432896489599834,46
0.95,9,144,1,1,1046,broad_xyz,21.99112410904393,False,0.7543587983721408,0.8807398951283372,0.9280936497384974,-0.48083045499568866,-0.900574593330082,-0.5231898631365226,0.09716690815597444,0.0671323215885176,2.146516379699357e-15,17.432896489599834,46
1.0,9,144,1,1,1046,broad_xyz,21.99112410904393,False,0.6801709446029266,0.8255688164830459,0.9070866650425148,-0.7778269686811297,-0.8997136924681759,-0.5286482997533287,0.09775817366653732,0.06786911774907939,2.146516379699357e-15,17.432896489599834,46
0.05,9,144,1,1,1047,broad_xyz,21.99112410904393,False,-0.3926763341951458,0.284472861430095,-0.4269036445918334,-0.41928056516734313,-0.30342195630927454,-0.10537307159229949,0.0016414538581280592,0.00027862666828344505,2.146516379699357e-15,17.432896489599834,47
0.075,9,144,1,1,1047,broad_xyz,21.99112410904393,False,-0.2880392519087687,0.29526919720598,-0.4053814636968588,-0.42398255447113237,-0.3345234116693642,-0.0960347566232716,0.004126830780540569,0.0007940588627608736,2.146516379699357e-15,17.432896489599834,47
0.1,9,144,1,1,1047,broad_xyz,21.99112410904393,False,-0.14028058523952433,0.29335005378084766,-0.373847846956009,-0.4402517879713676,-0.388151875310169,-0.10534374757605838,0.008253539782023148,0.0018089535210927127,2.146516379699357e-15,17.432896489599834,47
0.125,9,144,1,1,1047,broad_xyz,21.99112410904393,False,0.021266877301977658,0.29561102615006946,-0.3194558868081124,-0.45328841738891573,-0.3891818179219407,-0.14390462319905692,0.013592455978831802,0.0035616391192009023,2.146516379699357e-15,17.432896489599834,47
0.15,9,144,1,1,1047,broad_xyz,21.99112410904393,False,0.1692511132282445,0.3258906369319783,-0.23320087926668798,-0.44623227958851425,-0.10526880396742952,-0.20948040246674648,0.01990752401617726,0.0063188039320475585,2.146516379699357e-15,17.432896489599834,47
0.1625,9,144,1,1,1047,broad_xyz,21.99112410904393,False,0.2397877274625553,0.35536251872406366,-0.18102003250717527,-0.4352223178624514,0.24019702836351814,-0.24444754295884563,0.02321935068837283,0.008171652343618375,2.146516379699357e-15,17.432896489599834,47
0.175,9,144,1,1,1047,broad_xyz,21.99112410904393,False,0.31400948017173796,0.3952289868025356,-0.120154350873435,-0.41796117067555455,0.5123131751221771,-0.27464497090487827,0.02627355113999934,0.010402855918150104,2.146516379699357e-15,17.432896489599834,47
0.1875,9,144,1,1,1047,broad_xyz,21.99112410904393,False,0.384969682859898,0.4388282091319235,-0.056480100217853546,-0.3999095493375026,0.6165917425654589,-0.29203777994047964,0.0294224987356427,0.013005814346026276,2.146516379699357e-15,17.432896489599834,47
0.2,9,144,1,1,1047,broad_xyz,21.99112410904393,False,0.4454710117546237,0.4781452294786706,0.004121502763841012,-0.3855258734261899,0.631178609830088,-0.2869185441446844,0.03267674140834452,0.015849561999967402,2.146516379699357e-15,17.432896489599834,47
0.2125,9,144,1,1,1047,broad_xyz,21.99112410904393,False,0.4895735450555536,0.5070551480216305,0.05716401326350392,-0.379734418930433,0.6069055369853178,-0.25350879340822835,0.03674151015725772,0.018854765582895054,2.146516379699357e-15,17.432896489599834,47
0.225,9,144,1,1,1047,broad_xyz,21.99112410904393,False,0.5141309457735901,0.521749126884599,0.09772395582813728,-0.389110482172111,0.563486571220931,-0.1906783847371376,0.040937910689645016,0.02199391255995816,2.146516379699357e-15,17.432896489599834,47
0.2375,9,144,1,1,1047,broad_xyz,21.99112410904393,False,0.5269668344309829,0.5299851421335312,0.13724117070400976,-0.4064641714923834,0.49300552756811694,-0.09741771971035963,0.04586885192395935,0.025246396870223613,2.146516379699357e-15,17.432896489599834,47
0.25,9,144,1,1,1047,broad_xyz,21.99112410904393,False,0.5363891163522865,0.5355673341010799,0.1827419111571778,-0.4274085330852831,0.40003667849971347,0.014594450999844957,0.05038868637354047,0.02860995528683993,2.146516379699357e-15,17.432896489599834,47
0.27,9,144,1,1,1047,broad_xyz,21.99112410904393,False,0.5651195796203948,0.547951088886725,0.2927061254201578,-0.4498510865183004,0.21274493874847394,0.20629988845954184,0.057311038206809425,0.03457716605335662,2.146516379699357e-15,17.432896489599834,47
0.29,9,144,1,1,1047,broad_xyz,21.99112410904393,False,0.6748534397297358,0.6272800903021156,0.5329704391119173,-0.37560761887005195,-0.10530318259344074,0.4142588775477913,0.0698457253258933,0.04169005332634111,2.146516379699357e-15,17.432896489599834,47
0.31,9,144,1,1,1047,broad_xyz,21.99112410904393,False,0.7390696007081375,0.6958315757487327,0.77414201601348,-0.14984704358521855,-0.5184926364973459,0.4783312038475523,0.07944834933466395,0.04895850997433367,2.146516379699357e-15,17.432896489599834,47
0.33,9,144,1,1,1047,broad_xyz,21.99112410904393,False,0.727325082597849,0.7512163377932899,0.7789597994374523,-0.2910810630168638,-0.5965425718716444,0.422081647369043,0.09285246744966054,0.05212359538774599,2.146516379699357e-15,17.432896489599834,47
0.35,9,144,1,1,1047,broad_xyz,21.99112410904393,False,0.7460004420257063,0.8117837335514847,0.7651844182296511,-0.5023751425925072,-0.5793310887863858,0.3883433913551176,0.09687795313159613,0.05204690065419547,2.146516379699357e-15,17.432896489599834,47
0.37,9,144,1,1,1047,broad_xyz,21.99112410904393,False,0.7690540718792107,0.8408625767344204,0.7516198534298698,-0.6411510262809118,-0.5399291252853679,0.3533215601655152,0.09903972865517507,0.0507258365014204,2.146516379699357e-15,17.432896489599834,47
0.39,9,144,1,1,1047,broad_xyz,21.99112410904393,False,0.7929586734748882,0.8483077385644657,0.753832951245772,-0.6939972165007608,-0.49510999997269,0.31212472120668966,0.09281765987781603,0.049266663465187904,2.146516379699357e-15,17.432896489599834,47
0.41000000000000003,9,144,1,1,1047,broad_xyz,21.99112410904393,False,0.7992780987496865,0.8348859901962753,0.7619582108948932,-0.6983578266581656,-0.44645501990060316,0.26253637835305593,0.0842292178829196,0.04818222886574472,2.146516379699357e-15,17.432896489599834,47
0.43,9,144,1,1,1047,broad_xyz,21.99112410904393,False,0.7748742608329133,0.8005334673934219,0.7615209182414234,-0.6900894961448103,-0.4338384660876029,0.20732577272717256,0.07863098628727141,0.04757758986723707,2.146516379699357e-15,17.432896489599834,47
0.45,9,144,1,1,1047,broad_xyz,21.99112410904393,False,0.7293782504727508,0.7536455703842732,0.7479982826577103,-0.689944538706908,-0.42753747297482736,0.14367668894664457,0.07659320993699407,0.04733928969666876,2.146516379699357e-15,17.432896489599834,47
0.5,9,144,1,1,1047,broad_xyz,21.99112410904393,False,0.6661932924837839,0.6640018273736803,0.6587159992340471,-0.7423874392938546,-0.25898044500117656,-0.015628342923153,0.07336658947053379,0.047993214396419064,2.146516379699357e-15,17.432896489599834,47
0.55,9,144,1,1,1047,broad_xyz,21.99112410904393,False,0.7355240011327294,0.6536075705922171,0.6004752136537771,-0.771528040164679,-0.356785710411867,-0.08339750768293479,0.07900870551816164,0.0550544331364543,2.146516379699357e-15,17.432896489599834,47
0.6,9,144,1,1,1047,broad_xyz,21.99112410904393,False,0.6864161670594078,0.5695516165067667,0.6399309943276953,-0.6836887683407106,-0.5535481394514005,-0.06940358220583438,0.08966957297086818,0.06276017675758959,2.146516379699357e-15,17.432896489599834,47
0.6499999999999999,9,144,1,1,1047,broad_xyz,21.99112410904393,False,0.7014923368506677,0.6504325818895249,0.6172719609515473,-0.7632949249955204,-0.5917700294076322,-0.3528839495361798,0.09117495657327349,0.06164356228215527,2.146516379699357e-15,17.432896489599834,47
0.7,9,144,1,1,1047,broad_xyz,21.99112410904393,False,0.7876799694376654,0.727927267337492,0.6232041091692382,-0.786344625675318,-0.6249001628428859,-0.4736294715204899,0.09361950076996793,0.05779742133953557,2.146516379699357e-15,17.432896489599834,47
0.725,9,144,1,1,1047,broad_xyz,21.99112410904393,False,0.7781174301141833,0.7314832474731474,0.6628143708798293,-0.7822765057271751,-0.6653707821341637,-0.4834399854926307,0.09160154856592964,0.05649636001119802,2.146516379699357e-15,17.432896489599834,47
0.75,9,144,1,1,1047,broad_xyz,21.99112410904393,False,0.7139446833555271,0.7178265033671274,0.7048770104563529,-0.7713144814928924,-0.6954922754728894,-0.47750881975555437,0.09199460010647144,0.055097852923533024,2.146516379699357e-15,17.432896489599834,47
0.775,9,144,1,1,1047,broad_xyz,21.99112410904393,False,0.6485330193915584,0.7095941345458355,0.7450539333064184,-0.751952814205312,-0.7162473915670664,-0.45706063006096403,0.09591072219020155,0.05370231030739145,2.146516379699357e-15,17.432896489599834,47
0.8,9,144,1,1,1047,broad_xyz,21.99112410904393,False,0.635102238618701,0.726371829162663,0.7899060725561589,-0.738128098733622,-0.7498539589004438,-0.43775101270508515,0.09314828609900272,0.052512973987611164,2.146516379699357e-15,17.432896489599834,47
0.825,9,144,1,1,1047,broad_xyz,21.99112410904393,False,0.6677111647321964,0.7639651380930454,0.8330653841910933,-0.7245689457508991,-0.7913806372883223,-0.43596846784688353,0.08719593374075549,0.05181222022496947,2.146516379699357e-15,17.432896489599834,47
0.85,9,144,1,1,1047,broad_xyz,21.99112410904393,False,0.709489816178416,0.8029771396572567,0.8624118185658717,-0.6480979440607731,-0.8269977896483058,-0.4488870012542521,0.08705895954375507,0.0517349182016255,2.146516379699357e-15,17.432896489599834,47
0.875,9,144,1,1,1047,broad_xyz,21.99112410904393,False,0.7346008925834019,0.8291596150397487,0.8776058122569311,-0.5331894756930818,-0.8423059282025044,-0.4786714008152077,0.0880414108488642,0.052186216650458604,2.146516379699357e-15,17.432896489599834,47
0.9,9,144,1,1,1047,broad_xyz,21.99112410904393,False,0.7307280136532717,0.8324598468850904,0.8871176291602965,-0.4876167669837977,-0.8133410431912198,-0.5138181473409946,0.08717914327860357,0.05316116453005116,2.146516379699357e-15,17.432896489599834,47
0.95,9,144,1,1,1047,broad_xyz,21.99112410904393,False,0.6815466142396436,0.7723695054087526,0.8825797070968321,-0.6997839838370274,-0.874669481524064,-0.49459203488930004,0.08478766024867761,0.05686945931562416,2.146516379699357e-15,17.432896489599834,47
1.0,9,144,1,1,1047,broad_xyz,21.99112410904393,False,0.6493532045740437,0.6917640266381164,0.86127911406424,-0.8750418203234879,-0.882926482690787,-0.498877879549946,0.08848739755451773,0.060609796630570215,2.146516379699357e-15,17.432896489599834,47
0.05,9,144,1,1,1048,broad_xyz,21.99112410904393,False,-0.18559544401237443,0.3590870005127076,-0.545282534398715,-0.5346425534084744,-0.5419778405457015,0.5911484897221219,0.0014839149603903935,0.00017479013290525687,2.146516379699357e-15,17.432896489599834,48
0.075,9,144,1,1,1048,broad_xyz,21.99112410904393,False,-0.09442307373138371,0.37360321097061144,-0.5672028495021357,-0.5657507554872406,-0.5855973154067649,0.6343507332146897,0.003761835136824661,0.0004924478843401297,2.146516379699357e-15,17.432896489599834,48
0.1,9,144,1,1,1048,broad_xyz,21.99112410904393,False,0.04896335206542568,0.413549264251807,-0.5793695105285036,-0.6218790245641342,-0.6346320270498498,0.67092762838017,0.007579155461243952,0.0012350966763619794,2.146516379699357e-15,17.432896489599834,48
0.125,9,144,1,1,1048,broad_xyz,21.99112410904393,False,0.22157796552864284,0.4943299640833793,-0.535208270987682,-0.6823086897231182,-0.5970593233081694,0.6696719019479932,0.013390303343856129,0.0029165831485436283,2.146516379699357e-15,17.432896489599834,48
0.15,9,144,1,1,1048,broad_xyz,21.99112410904393,False,0.38490655784895705,0.6000972125687745,-0.40788933231889357,-0.7162529351315008,-0.26069294677062305,0.6151238141527249,0.02128177320864676,0.006208945976492937,2.146516379699357e-15,17.432896489599834,48
0.1625,9,144,1,1,1048,broad_xyz,21.99112410904393,False,0.44923192521358707,0.6437497616563744,-0.32459177419662594,-0.722127848527314,0.07880887904890414,0.5747575101003702,0.025952943773532522,0.008591009906677875,2.146516379699357e-15,17.432896489599834,48
0.175,9,144,1,1,1048,broad_xyz,21.99112410904393,False,0.5000054918243038,0.6785879631843812,-0.23741235630671645,-0.7250946722785303,0.3074282810552294,0.5319845186640243,0.031010060020176856,0.011437438660126595,2.146516379699357e-15,17.432896489599834,48
0.1875,9,144,1,1,1048,broad_xyz,21.99112410904393,False,0.5377644609517381,0.704215637928706,-0.15397482122312264,-0.7295132246968362,0.4263983340154387,0.49323695893943914,0.03639986186908273,0.014611539732903543,2.146516379699357e-15,17.432896489599834,48
0.2,9,144,1,1,1048,broad_xyz,21.99112410904393,False,0.5632856126226451,0.7226156576834143,-0.07803038875577646,-0.738573779823831,0.49312579196671846,0.46118506213820726,0.042352658270429146,0.017987803441899788,2.146516379699357e-15,17.432896489599834,48
0.2125,9,144,1,1,1048,broad_xyz,21.99112410904393,False,0.5790204239666686,0.7343471752358478,-0.009253961479568076,-0.7522920177789131,0.5383103851043158,0.4353027956021213,0.048003132383046605,0.021430439110459793,2.146516379699357e-15,17.432896489599834,48
0.225,9,144,1,1,1048,broad_xyz,21.99112410904393,False,0.5856326135723543,0.7402760221291675,0.05310628053646992,-0.7700127852870593,0.5688759527479794,0.414340312941676,0.05353793460059907,0.02490277228320872,2.146516379699357e-15,17.432896489599834,48
0.2375,9,144,1,1,1048,broad_xyz,21.99112410904393,False,0.5856355914980171,0.7422654805148736,0.11141222914265461,-0.7910591679569663,0.582678638522733,0.39653854657685816,0.058895315653353965,0.02845630243568394,2.146516379699357e-15,17.432896489599834,48
0.25,9,144,1,1,1048,broad_xyz,21.99112410904393,False,0.5841158557225571,0.7443075839844209,0.1715842238695665,-0.8168008737473516,0.5848696740299335,0.37690217814409566,0.06433071560186,0.032288910570164885,2.146516379699357e-15,17.432896489599834,48
0.27,9,144,1,1,1048,broad_xyz,21.99112410904393,False,0.6004408028783106,0.7645523409837812,0.29397911891101464,-0.8700338690323522,0.5579743834509157,0.3235649418612156,0.07291455088895837,0.03991767554513623,2.146516379699357e-15,17.432896489599834,48
0.29,9,144,1,1,1048,broad_xyz,21.99112410904393,False,0.6715447940357218,0.8176012088436793,0.49122231158038104,-0.8875327081886526,0.4348202613161511,0.17547548232751714,0.08058953249044119,0.05084360586190691,2.146516379699357e-15,17.432896489599834,48
0.31,9,144,1,1,1048,broad_xyz,21.99112410904393,False,0.7117489296843951,0.8305156958482719,0.6297077360391835,-0.8310062391113037,0.25966103210207814,0.01862063248257137,0.08850967148102114,0.059700728932104395,2.146516379699357e-15,17.432896489599834,48
0.33,9,144,1,1,1048,broad_xyz,21.99112410904393,False,0.7439106387176172,0.8582749551381863,0.6902350564366094,-0.8475155762587298,0.18576364815760452,0.0037058107122429503,0.09445017233724365,0.06161069076308914,2.146516379699357e-15,17.432896489599834,48
0.35,9,144,1,1,1048,broad_xyz,21.99112410904393,False,0.7687236436411438,0.8746044929613549,0.7392310402309776,-0.8640744322090733,0.1068632020373594,0.013649001246798477,0.09840751460911365,0.0600165014885034,2.146516379699357e-15,17.432896489599834,48
0.37,9,144,1,1,1048,broad_xyz,21.99112410904393,False,0.7831962838444926,0.8756247864859492,0.792185102381289,-0.8665308157929784,-0.0001153914707372792,0.010784144624074118,0.10125859501695127,0.05777855994398181,2.146516379699357e-15,17.432896489599834,48
0.39,9,144,1,1,1048,broad_xyz,21.99112410904393,False,0.7835640698481152,0.8653089161383306,0.8399468348811361,-0.8584082297950533,-0.11957349645741927,0.001858692509785467,0.09963646915409342,0.05554501490302369,2.146516379699357e-15,17.432896489599834,48
0.41000000000000003,9,144,1,1,1048,broad_xyz,21.99112410904393,False,0.7690737570036447,0.8460939652752844,0.867791326057595,-0.842537953340179,-0.23430745463178412,-0.008353297990432171,0.09819954359774843,0.05343069684531041,2.146516379699357e-15,17.432896489599834,48
0.43,9,144,1,1,1048,broad_xyz,21.99112410904393,False,0.742751850243984,0.8193869539891254,0.8734400298898968,-0.8244570154284658,-0.4608168619549672,-0.017719910570777823,0.09583295125464594,0.051555781931490054,2.146516379699357e-15,17.432896489599834,48
0.45,9,144,1,1,1048,broad_xyz,21.99112410904393,False,0.7111282709217445,0.7911431071518844,0.8666315330716945,-0.8142195797722158,-0.6347454701521329,-0.027877294320198157,0.09370797383318341,0.050116072446171396,2.146516379699357e-15,17.432896489599834,48
0.5,9,144,1,1,1048,broad_xyz,21.99112410904393,False,0.6816933408900727,0.7715075122351612,0.8369444138176251,-0.8542677178599266,-0.42111779262391624,-0.06283170673359172,0.09456704069296183,0.05066411407601333,2.146516379699357e-15,17.432896489599834,48
0.55,9,144,1,1,1048,broad_xyz,21.99112410904393,False,0.7499292146176794,0.816773412517883,0.8032101653670217,-0.9207658772683183,-0.4252893712829211,-0.14546043493479538,0.09645298424936095,0.060623713773461235,2.146516379699357e-15,17.432896489599834,48
0.6,9,144,1,1,1048,broad_xyz,21.99112410904393,False,0.5768868151157264,0.6181201895937664,0.7880767643555697,-0.8010004457824816,-0.37600813813796297,-0.3539676151619879,0.10050557312950244,0.0752225230939485,2.146516379699357e-15,17.432896489599834,48
0.6499999999999999,9,144,1,1,1048,broad_xyz,21.99112410904393,False,0.6935253734611738,0.7824306501485515,0.811880354521067,-0.9327856704820421,-0.5584287674132704,-0.30582716491460527,0.10337544225055813,0.07202015821614426,2.146516379699357e-15,17.432896489599834,48
0.7,9,144,1,1,1048,broad_xyz,21.99112410904393,False,0.7431264142136368,0.8433501761711799,0.8506518655607874,-0.9347313842482502,-0.7627159357708655,-0.35008023409501293,0.09987528398853208,0.06898273547628364,2.146516379699357e-15,17.432896489599834,48
0.725,9,144,1,1,1048,broad_xyz,21.99112410904393,False,0.7380275080156717,0.8383252784086963,0.8799596602777231,-0.9310297275121293,-0.8496483841984406,-0.36557919068634104,0.09612045284542466,0.06844330495128831,2.146516379699357e-15,17.432896489599834,48
0.75,9,144,1,1,1048,broad_xyz,21.99112410904393,False,0.7287393444566577,0.8223113952858885,0.8964633872492576,-0.9155992567482651,-0.8925635337486627,-0.3745324498332664,0.09808841711480411,0.06749821600389645,2.146516379699357e-15,17.432896489599834,48
0.775,9,144,1,1,1048,broad_xyz,21.99112410904393,False,0.7198318034992761,0.8086498292633816,0.9007204530152129,-0.8913284338134831,-0.8995861426407652,-0.3797813786008799,0.10061790907021544,0.06611347530899693,2.146516379699357e-15,17.432896489599834,48
0.8,9,144,1,1,1048,broad_xyz,21.99112410904393,False,0.7152288488723484,0.8037498692829842,0.8985760794519203,-0.8525802161247976,-0.8898954358913899,-0.38771880162917494,0.09900768329209472,0.06456447230175172,2.146516379699357e-15,17.432896489599834,48
0.825,9,144,1,1,1048,broad_xyz,21.99112410904393,False,0.7125824666709553,0.8020870846989768,0.887106539391238,-0.6809809002463126,-0.8675670796192982,-0.4132151600878495,0.09910063332508663,0.06315824704873925,2.146516379699357e-15,17.432896489599834,48
0.85,9,144,1,1,1048,broad_xyz,21.99112410904393,False,0.7102604304585701,0.8051858914552056,0.8562459095579608,-0.24996958269451763,-0.8130009435139025,-0.47134099709429483,0.09788362053282464,0.06202575225919092,2.146516379699357e-15,17.432896489599834,48
0.875,9,144,1,1,1048,broad_xyz,21.99112410904393,False,0.6966234145209279,0.826039744697631,0.8476178503160716,-0.08651178781324474,-0.7814565168910359,-0.46234295460047803,0.09517049490661991,0.05957308888690707,2.146516379699357e-15,17.432896489599834,48
0.9,9,144,1,1,1048,broad_xyz,21.99112410904393,False,0.6753111691076037,0.8480587755763845,0.865655277152994,-0.12064697708714928,-0.759182627935297,-0.4191114285010895,0.09102769207652661,0.05734665728989333,2.146516379699357e-15,17.432896489599834,48
0.95,9,144,1,1,1048,broad_xyz,21.99112410904393,False,0.6596176401488004,0.8447054043067119,0.8816632393970332,-0.43262518218633644,-0.8295489664600115,-0.4181818898557916,0.08888047347936243,0.058763505814179204,2.146516379699357e-15,17.432896489599834,48
1.0,9,144,1,1,1048,broad_xyz,21.99112410904393,False,0.7151917365308674,0.8118479563110149,0.8810010094900875,-0.836650863570732,-0.8911874860673243,-0.3978151235775503,0.08695115868343357,0.0627187708387636,2.146516379699357e-15,17.432896489599834,48
0.05,9,144,1,1,1049,broad_xyz,21.99112410904393,False,0.15946901776787722,0.5901738110159231,-0.25094502901063,-0.5801468290421709,-0.34920293776188366,-0.21563286866539244,0.0019977484382412178,0.0007206991094732287,2.146516379699357e-15,17.432896489599834,49
0.075,9,144,1,1,1049,broad_xyz,21.99112410904393,False,0.2676370333471628,0.5932287280821685,-0.15333815145668103,-0.5932665842806756,-0.5189749633507087,-0.17952190093891657,0.005071891931519781,0.00185419405471775,2.146516379699357e-15,17.432896489599834,49
0.1,9,144,1,1,1049,broad_xyz,21.99112410904393,False,0.42366352492935644,0.6216811341146482,-0.01605115165323706,-0.6004573349575459,-0.7540777337806089,-0.11508332451796328,0.010794779254791567,0.004016787612610194,2.146516379699357e-15,17.432896489599834,49
0.125,9,144,1,1,1049,broad_xyz,21.99112410904393,False,0.5885290792510204,0.6745318901952047,0.15383920493388176,-0.6003379706200387,-0.8581827555445298,-0.028925315488637714,0.02006999056076461,0.007899018609026984,2.146516379699357e-15,17.432896489599834,49
0.15,9,144,1,1,1049,broad_xyz,21.99112410904393,False,0.7238828612416291,0.7443489177260979,0.34025981527572996,-0.5962984716617882,-0.7711999658745389,0.08118732221551113,0.03330656707929196,0.01408893668008343,2.146516379699357e-15,17.432896489599834,49
0.1625,9,144,1,1,1049,broad_xyz,21.99112410904393,False,0.7719254450511696,0.7767291571426352,0.4298475546757338,-0.5973441820175724,-0.701346427219104,0.13606354399927095,0.04069035306329137,0.018056620558484022,2.146516379699357e-15,17.432896489599834,49
0.175,9,144,1,1,1049,broad_xyz,21.99112410904393,False,0.806768139025904,0.8031438471936991,0.5100236278777222,-0.6061787997916783,-0.6376968439757297,0.18710599930608418,0.04824491896630273,0.022477177822087042,2.146516379699357e-15,17.432896489599834,49
0.1875,9,144,1,1,1049,broad_xyz,21.99112410904393,False,0.8294778362761849,0.8228424969460938,0.5773100866539904,-0.6260970204167016,-0.5798247247237045,0.23440572695637518,0.05602825061535891,0.027164687882209375,2.146516379699357e-15,17.432896489599834,49
0.2,9,144,1,1,1049,broad_xyz,21.99112410904393,False,0.8432630412951132,0.8366513759839665,0.6315697356488884,-0.6571821277753519,-0.5199950231576814,0.2767728252585191,0.06375328818432183,0.031889994860952245,2.146516379699357e-15,17.432896489599834,49
0.2125,9,144,1,1,1049,broad_xyz,21.99112410904393,False,0.8509485258805635,0.8466782490950486,0.6756309832950201,-0.6962701583593128,-0.46269416757788134,0.31365109246886974,0.0711298781513192,0.03655519709141202,2.146516379699357e-15,17.432896489599834,49
0.225,9,144,1,1,1049,broad_xyz,21.99112410904393,False,0.8537931474110004,0.8530143519580872,0.7101121278336018,-0.7398851969347808,-0.4109977694348835,0.344700066429556,0.0775588494217514,0.04114567759174613,2.146516379699357e-15,17.432896489599834,49
0.2375,9,144,1,1,1049,broad_xyz,21.99112410904393,False,0.8534683556287188,0.8572739058413235,0.738250562889752,-0.7830030190980837,-0.3724511589430713,0.37066004630838345,0.08283149119961568,0.04573214330270562,2.146516379699357e-15,17.432896489599834,49
0.25,9,144,1,1,1049,broad_xyz,21.99112410904393,False,0.8522419602748863,0.8607575700559642,0.7635620873984337,-0.8219656481360341,-0.3469861666970898,0.3941745646225335,0.08690220581213377,0.050486478861449566,2.146516379699357e-15,17.432896489599834,49
0.27,9,144,1,1,1049,broad_xyz,21.99112410904393,False,0.8543169188845635,0.8683157526473729,0.8097743293012244,-0.8654288232683263,-0.33351103700257845,0.4316288713413878,0.09104774798340358,0.058940803897858024,2.146516379699357e-15,17.432896489599834,49
0.29,9,144,1,1,1049,broad_xyz,21.99112410904393,False,0.8562154793274315,0.8702673443835249,0.866169900397248,-0.8586568359726464,-0.36726996743853857,0.458720684922568,0.09433615720131742,0.06838930037513828,2.146516379699357e-15,17.432896489599834,49
0.31,9,144,1,1,1049,broad_xyz,21.99112410904393,False,0.8300436002847649,0.8568264464597543,0.88509940220283,-0.8321419009489576,-0.3925692667293465,0.4288743996921901,0.10348431892389424,0.07538554093759048,2.146516379699357e-15,17.432896489599834,49
0.33,9,144,1,1,1049,broad_xyz,21.99112410904393,False,0.8258630829569282,0.8720963016226259,0.8952221411609572,-0.8738681982209144,-0.3857334505257813,0.37130283962473143,0.1118026519687317,0.07747460411995787,2.146516379699357e-15,17.432896489599834,49
0.35,9,144,1,1,1049,broad_xyz,21.99112410904393,False,0.8496209385468153,0.8986661932367321,0.918110371416577,-0.9210105640005039,-0.4069838354519903,0.3151255353122634,0.11296208785171392,0.07662486743577596,2.146516379699357e-15,17.432896489599834,49
0.37,9,144,1,1,1049,broad_xyz,21.99112410904393,False,0.8758308802335472,0.9155608280788431,0.9363480400916937,-0.942892133809552,-0.447202018787604,0.2509545201439544,0.1097154603933564,0.07466226246931501,2.146516379699357e-15,17.432896489599834,49
0.39,9,144,1,1,1049,broad_xyz,21.99112410904393,False,0.8903032567777587,0.9184215327121532,0.9470523305654929,-0.9451631192188831,-0.4875222694397739,0.16435535860700573,0.1080103626275785,0.0728478977106733,2.146516379699357e-15,17.432896489599834,49
0.41000000000000003,9,144,1,1,1049,broad_xyz,21.99112410904393,False,0.8865788662330331,0.909701924473433,0.949483257171424,-0.9374992863163031,-0.5273521864694038,0.05344698040013536,0.10470796604104295,0.07161505023516246,2.146516379699357e-15,17.432896489599834,49
0.43,9,144,1,1,1049,broad_xyz,21.99112410904393,False,0.8641110185300668,0.8932880371278159,0.9447422183234302,-0.9253130726795816,-0.6124909984162935,-0.06276964813808251,0.10384556912908278,0.0709868640309867,2.146516379699357e-15,17.432896489599834,49
0.45,9,144,1,1,1049,broad_xyz,21.99112410904393,False,0.8314587034755578,0.8739074746543795,0.9356859190173915,-0.9146157205356688,-0.6638628471817534,-0.15123275486861126,0.10456117700006906,0.07079392260801838,2.146516379699357e-15,17.432896489599834,49
0.5,9,144,1,1,1049,broad_xyz,21.99112410904393,False,0.7915246901508939,0.8452825546028527,0.9236132982399606,-0.9242178631165645,-0.5571218783644363,-0.19870258867919116,0.10327890864961531,0.07155769238409324,2.146516379699357e-15,17.432896489599834,49
0.55,9,144,1,1,1049,broad_xyz,21.99112410904393,False,0.7390940191726182,0.7626967819004423,0.9075400616686502,-0.920079607730079,-0.5426919013285074,-0.18644856175454122,0.10132748933432804,0.07651107049893238,2.146516379699357e-15,17.432896489599834,49
0.6,9,144,1,1,1049,broad_xyz,21.99112410904393,False,0.5254296874679034,0.497580340545628,0.8018719713953602,-0.8287665000551423,-0.5020736406062422,-0.24135180596997055,0.1051367197853313,0.08287683021286273,2.146516379699357e-15,17.432896489599834,49
0.6499999999999999,9,144,1,1,1049,broad_xyz,21.99112410904393,False,0.5645610569097766,0.5591248574151528,0.8406125572626981,-0.8787590753358708,-0.6825404629375663,-0.4532973910366844,0.10181421719598752,0.0811767502831039,2.146516379699357e-15,17.432896489599834,49
0.7,9,144,1,1,1049,broad_xyz,21.99112410904393,False,0.6830771392946298,0.6751270841969597,0.8802960890251882,-0.8917514124278905,-0.8113739438788188,-0.535352904923254,0.10117249332161113,0.07643933052951457,2.146516379699357e-15,17.432896489599834,49
0.725,9,144,1,1,1049,broad_xyz,21.99112410904393,False,0.7028191825026302,0.6919771045503151,0.8925706578560441,-0.8839934601753825,-0.851454133751936,-0.5366135388954177,0.09879760051046306,0.0751430934152611,2.146516379699357e-15,17.432896489599834,49
0.75,9,144,1,1,1049,broad_xyz,21.99112410904393,False,0.7202931811467257,0.7156354992488467,0.9089989153905674,-0.8708677340974603,-0.8839251328896272,-0.5331737064151247,0.0939521409860106,0.07415745851332692,2.146516379699357e-15,17.432896489599834,49
0.775,9,144,1,1,1049,broad_xyz,21.99112410904393,False,0.744145222342852,0.7547330716323943,0.9272071047136843,-0.8432074602133356,-0.9092129337695068,-0.5219206662746244,0.09315562809387148,0.07295381869532767,2.146516379699357e-15,17.432896489599834,49
0.8,9,144,1,1,1049,broad_xyz,21.99112410904393,False,0.7732325229797036,0.8046364359525662,0.9453096209882578,-0.7861210311575422,-0.9268925177739148,-0.49923134655602414,0.09305706863863057,0.07134090080878633,2.146516379699357e-15,17.432896489599834,49
0.825,9,144,1,1,1049,broad_xyz,21.99112410904393,False,0.8004330787901166,0.8530738931140064,0.9571774387301955,-0.6693680517168066,-0.935177950833693,-0.46439905618268296,0.09086638834184575,0.06954161988078782,2.146516379699357e-15,17.432896489599834,49
0.85,9,144,1,1,1049,broad_xyz,21.99112410904393,False,0.8151131865684689,0.8872190256575194,0.9564206953096089,-0.4923044935669698,-0.9341577764827137,-0.42707296842800513,0.09143862044641116,0.06772754209668003,2.146516379699357e-15,17.432896489599834,49
0.875,9,144,1,1,1049,broad_xyz,21.99112410904393,False,0.813104833098346,0.9041486987546726,0.9492656692163031,-0.3878865745371825,-0.9228739927862862,-0.4130561581413484,0.08924087406936253,0.06605997202582133,2.146516379699357e-15,17.432896489599834,49
0.9,9,144,1,1,1049,broad_xyz,21.99112410904393,False,0.79357517430824,0.9072271439472225,0.9421317058234663,-0.3906763512014626,-0.8708123808548834,-0.4114782729003647,0.09035978645018077,0.065174039126574,2.146516379699357e-15,17.432896489599834,49
0.95,9,144,1,1,1049,broad_xyz,21.99112410904393,False,0.7443486634373913,0.8830109398857453,0.9392621548855989,-0.5755219249987171,-0.9202511931930654,-0.41148972628908986,0.09010232866381454,0.06686527472874511,2.146516379699357e-15,17.432896489599834,49
1.0,9,144,1,1,1049,broad_xyz,21.99112410904393,False,0.7247678940697613,0.8090822563950129,0.9353766246075621,-0.8009586611589893,-0.9324715236490213,-0.4776605111000645,0.09000042470828287,0.07142672821740471,2.146516379699357e-15,17.432896489599834,49
