t,h,hD,h_over_R,J_AB,J_BC,J_AC,J_CD,comm_max,J_tot,J_rho_exp,eta,I3,I3_minus,S_ABC,S_L,P_pair,N_pair_sum,N_tri_geom,N_tri_min,h_over_Jz,Jz,Jz_abs,include_D_transverse,env_label,coupling_label
0.02,0.0,0.0,0.0,-1.7320508075688772,-1.7320508075688772,-1.7320508075688772,0.34641016151377546,0.0,0.0,0.0,,1.4444434628144629e-15,0.0,3.2034265038149176e-16,0.0,0.05491839638053514,0.0852688426866634,0.04145978378946951,0.04017626283314401,0.0,-1.7320508075688772,1.7320508075688772,True,D_with_TF,ferro_like_J_negative
0.02,0.17320508075688773,0.17320508075688773,0.1,-1.7320508075688772,-1.7320508075688772,-1.7320508075688772,0.34641016151377546,1.2,0.08999999999999998,0.006010715305541866,0.06678572561713185,2.693468282395345e-10,0.0,1.7292563085006927e-08,1.0727829735657224e-09,0.05504427916988086,0.08538113290120641,0.04151524092806566,0.040255118670081844,0.1,-1.7320508075688772,1.7320508075688772,True,D_with_TF,ferro_like_J_negative
0.02,0.4330127018922193,0.4330127018922193,0.25,-1.7320508075688772,-1.7320508075688772,-1.7320508075688772,0.34641016151377546,2.9999999999999996,0.5624999999999998,0.03842941155991428,0.06831895388429207,8.500533130616482e-10,0.0,9.946730263115089e-08,6.722811418669039e-09,0.05522948697484797,0.08554610070604024,0.04159674031886017,0.04037167020543068,0.25,-1.7320508075688772,1.7320508075688772,True,D_with_TF,ferro_like_J_negative
0.02,0.8660254037844386,0.8660254037844386,0.5,-1.7320508075688772,-1.7320508075688772,-1.7320508075688772,0.34641016151377546,5.999999999999999,2.249999999999999,0.15944722669738517,0.07086543408772678,1.4829914067095214e-09,0.0,3.724662081295628e-07,2.7005090053044967e-08,0.05552844133605589,0.0858117639200619,0.04172805537401843,0.04056127086064439,0.5,-1.7320508075688772,1.7320508075688772,True,D_with_TF,ferro_like_J_negative
0.02,1.299038105676658,1.299038105676658,0.7500000000000001,-1.7320508075688772,-1.7320508075688772,-1.7320508075688772,0.34641016151377546,9.0,5.0625,0.3715780052190136,0.07339812448770638,7.306192511499832e-10,0.0,8.055047081761366e-07,6.100165905742472e-08,0.05581509855042788,0.08606576648855999,0.04185369183995745,0.0407450048741723,0.75,-1.7320508075688772,1.7320508075688772,True,D_with_TF,ferro_like_J_negative
0.02,1.7320508075688772,1.7320508075688772,1.0,-1.7320508075688772,-1.7320508075688772,-1.7320508075688772,0.34641016151377546,11.999999999999998,8.999999999999996,0.6832257221173683,0.07591396912415206,-2.0867628479896653e-09,2.0867628479896653e-09,1.3918047560546894e-06,1.0884568069080558e-07,0.056089298393673076,0.08630804634311376,0.04197361441395076,0.04092281434656803,1.0,-1.7320508075688772,1.7320508075688772,True,D_with_TF,ferro_like_J_negative
0.02,2.598076211353316,2.598076211353316,1.5000000000000002,-1.7320508075688772,-1.7320508075688772,-1.7320508075688772,0.34641016151377546,18.0,20.25,1.6378811085661027,0.08088301770696804,-1.5858840220516463e-08,1.5858840220516463e-08,3.00660885249573e-06,2.464976960325771e-07,0.05659971179203191,0.08675720864241225,0.04219618586508819,0.04126043846756141,1.5,-1.7320508075688772,1.7320508075688772,True,D_with_TF,ferro_like_J_negative
0.02,3.4641016151377544,3.4641016151377544,2.0,-1.7320508075688772,-1.7320508075688772,-1.7320508075688772,0.34641016151377546,23.999999999999996,35.999999999999986,3.086951744721671,0.085748659575602,-4.297422581240311e-08,4.297422581240311e-08,5.189291270611901e-06,4.405768772031138e-07,0.0570585192958032,0.08715883057540262,0.042395524338657044,0.04157372222275284,2.0,-1.7320508075688772,1.7320508075688772,True,D_with_TF,ferro_like_J_negative
0.02,5.196152422706632,5.196152422706632,3.0000000000000004,-1.7320508075688772,-1.7320508075688772,-1.7320508075688772,0.34641016151377546,36.0,81.0,7.701221661108187,0.09507681063096528,-1.46425245702646e-07,1.46425245702646e-07,1.117267005293708e-05,9.986177718079858e-07,0.057817248599431936,0.08781808076942241,0.042723672454589565,0.04212576162968368,3.0,-1.7320508075688772,1.7320508075688772,True,D_with_TF,ferro_like_J_negative
0.04,0.0,0.0,0.0,-1.7320508075688772,-1.7320508075688772,-1.7320508075688772,0.34641016151377546,0.0,0.0,0.0,,1.5126788710517758e-15,0.0,-0.0,-2.220446049250313e-16,0.17738432494583428,0.1641702637251185,0.08247014508034857,0.07990151289326171,0.0,-1.7320508075688772,1.7320508075688772,True,D_with_TF,ferro_like_J_negative
0.04,0.17320508075688773,0.17320508075688773,0.1,-1.7320508075688772,-1.7320508075688772,-1.7320508075688772,0.34641016151377546,1.2,0.08999999999999998,0.005333248941652203,0.05925832157391338,1.4651171596931277e-09,0.0,2.4274528961936117e-07,1.719389142174066e-08,0.17813259901651554,0.1645731075130899,0.08267977367406279,0.08020309876224666,0.1,-1.7320508075688772,1.7320508075688772,True,D_with_TF,ferro_like_J_negative
0.04,0.4330127018922193,0.4330127018922193,0.25,-1.7320508075688772,-1.7320508075688772,-1.7320508075688772,0.34641016151377546,2.9999999999999996,0.5624999999999998,0.035033482937712065,0.06228174744482148,-5.354026038935429e-10,5.354026038935429e-10,1.3817639378385897e-06,1.0801368621748964e-07,0.17920850070820812,0.16515074542600433,0.0829806414849037,0.08064144579956668,0.25,-1.7320508075688772,1.7320508075688772,True,D_with_TF,ferro_like_J_negative
0.04,0.8660254037844386,0.8660254037844386,0.5,-1.7320508075688772,-1.7320508075688772,-1.7320508075688772,0.34641016151377546,5.999999999999999,2.249999999999999,0.15139913591309848,0.06728850485026601,-3.414449891319858e-08,3.414449891319858e-08,5.131660527682217e-06,4.353667713008491e-07,0.18087574356547653,0.1660419814219865,0.08344558846192288,0.08133411890355405,0.5,-1.7320508075688772,1.7320508075688772,True,D_with_TF,ferro_like_J_negative
0.04,1.299038105676658,1.299038105676658,0.7500000000000001,-1.7320508075688772,-1.7320508075688772,-1.7320508075688772,0.34641016151377546,9.0,5.0625,0.3656807460648957,0.07223323379059668,-1.2300089783480232e-07,1.2300089783480232e-07,1.1040247447552653e-05,9.85971623790327e-07,0.18238253483864886,0.1668431362373402,0.08386446387536474,0.08197866276255525,0.75,-1.7320508075688772,1.7320508075688772,True,D_with_TF,ferro_like_J_negative
0.04,1.7320508075688772,1.7320508075688772,1.0,-1.7320508075688772,-1.7320508075688772,-1.7320508075688772,0.34641016151377546,11.999999999999998,8.999999999999996,0.6938226581756083,0.07709140646395651,-2.813859635676751e-07,2.813859635676751e-07,1.8994706334010254e-05,1.7622913857096023e-06,0.18372562441075013,0.16755349330897026,0.0842368061140747,0.08257427773992747,1.0,-1.7320508075688772,1.7320508075688772,True,D_with_TF,ferro_like_J_negative
0.04,2.598076211353316,2.598076211353316,1.5000000000000002,-1.7320508075688772,-1.7320508075688772,-1.7320508075688772,0.34641016151377546,18.0,20.25,1.7506729964020449,0.08645298747664419,-8.495295387052077e-07,8.495295387052077e-07,4.069606044812202e-05,3.994449837563252e-06,0.18590945901126982,0.16869954793161449,0.0848403532177039,0.08361588604374674,1.5,-1.7320508075688772,1.7320508075688772,True,D_with_TF,ferro_like_J_negative
0.04,3.4641016151377544,3.4641016151377544,2.0,-1.7320508075688772,-1.7320508075688772,-1.7320508075688772,0.34641016151377546,23.999999999999996,35.999999999999986,3.4268479241841927,0.09519022011622762,-1.8077418975132633e-06,1.8077418975132633e-06,6.958333891307117e-05,7.121350653394032e-06,0.1874085825802443,0.1694768165007114,0.08525378161744544,0.08417203972904075,2.0,-1.7320508075688772,1.7320508075688772,True,D_with_TF,ferro_like_J_negative
0.04,5.196152422706632,5.196152422706632,3.0000000000000004,-1.7320508075688772,-1.7320508075688772,-1.7320508075688772,0.34641016151377546,36.0,81.0,8.920506324505451,0.11012970770994385,-5.0773286170279635e-06,5.0773286170279635e-06,0.0001461172269607159,1.5896328118936154e-05,0.18830997759639875,0.16992123286530306,0.08550556646968016,0.08365628671985849,3.0,-1.7320508075688772,1.7320508075688772,True,D_with_TF,ferro_like_J_negative
0.06,0.0,0.0,0.0,-1.7320508075688772,-1.7320508075688772,-1.7320508075688772,0.34641016151377546,0.0,0.0,0.0,,-1.1252543432347304e-15,1.1252543432347304e-15,-3.2034265038149176e-16,0.0,0.3420527406788607,0.23567421061696192,0.12259210293666704,0.11873528915138791,0.0,-1.7320508075688772,1.7320508075688772,True,D_with_TF,ferro_like_J_negative
0.06,0.17320508075688773,0.17320508075688773,0.1,-1.7320508075688772,-1.7320508075688772,-1.7320508075688772,0.34641016151377546,1.2,0.08999999999999998,0.004602499406274071,0.05113888229193413,-4.816635732472412e-09,4.816635732472412e-09,1.128772676422542e-06,8.718391220075006e-08,0.3440530927954374,0.23648406249033208,0.12303472198049963,0.11938196355158473,0.1,-1.7320508075688772,1.7320508075688772,True,D_with_TF,ferro_like_J_negative
0.06,0.4330127018922193,0.4330127018922193,0.25,-1.7320508075688772,-1.7320508075688772,-1.7320508075688772,0.34641016151377546,2.9999999999999996,0.5624999999999998,0.031267456997790405,0.055586590218294075,-7.729235378294197e-08,7.729235378294197e-08,6.3782925943788435e-06,5.489155537885537e-07,0.3468527369537744,0.23761301438329482,0.12365288402815282,0.12030435210728126,0.25,-1.7320508075688772,1.7320508075688772,True,D_with_TF,ferro_like_J_negative
0.06,0.8660254037844386,0.8660254037844386,0.5,-1.7320508075688772,-1.7320508075688772,-1.7320508075688772,0.34641016151377546,5.999999999999999,2.249999999999999,0.14162554829196486,0.06294468812976219,-4.78784371742624e-07,4.78784371742624e-07,2.3540233946881895e-05,2.218169929180114e-06,0.3509723235641105,0.23926361686195427,0.12455974958471135,0.12171238978659106,0.5,-1.7320508075688772,1.7320508075688772,True,D_with_TF,ferro_like_J_negative
0.06,1.299038105676658,1.299038105676658,0.7500000000000001,-1.7320508075688772,-1.7320508075688772,-1.7320508075688772,0.34641016151377546,9.0,5.0625,0.35516983100470867,0.0701570036552511,-1.3383298374401226e-06,1.3383298374401226e-06,5.0402458489374934e-05,5.02918572942157e-06,0.35439257963980947,0.2406226336856928,0.12531044933348032,0.12295547464572744,0.75,-1.7320508075688772,1.7320508075688772,True,D_with_TF,ferro_like_J_negative
0.06,1.7320508075688772,1.7320508075688772,1.0,-1.7320508075688772,-1.7320508075688772,-1.7320508075688772,0.34641016151377546,11.999999999999998,8.999999999999996,0.6942489013757063,0.07713876681952295,-2.7462400825015854e-06,2.7462400825015854e-06,8.629909153039815e-05,8.986401160870905e-06,0.3570976606003311,0.24168758429323417,0.125903202470669,0.12403023707782512,1.0,-1.7320508075688772,1.7320508075688772,True,D_with_TF,ferro_like_J_negative
0.06,2.598076211353316,2.598076211353316,1.5000000000000002,-1.7320508075688772,-1.7320508075688772,-1.7320508075688772,0.34641016151377546,18.0,20.25,1.8244242137592,0.09009502290168889,-7.4647414421203685e-06,7.4647414421203685e-06,0.00018276929673636524,2.027040008667491e-05,0.3603166823550662,0.24292991119061272,0.12661013283786002,0.12473590616707847,1.5,-1.7320508075688772,1.7320508075688772,True,D_with_TF,ferro_like_J_negative
0.06,3.4641016151377544,3.4641016151377544,2.0,-1.7320508075688772,-1.7320508075688772,-1.7320508075688772,0.34641016151377546,23.999999999999996,35.999999999999986,3.6443841480176546,0.10123289300049045,-1.4996596118447658e-05,1.4996596118447658e-05,0.00030779841378131463,3.5760948892349376e-05,0.36057539451794174,0.24298882676117142,0.12667587571978944,0.12397039442455905,2.0,-1.7320508075688772,1.7320508075688772,True,D_with_TF,ferro_like_J_negative
0.06,5.196152422706632,5.196152422706632,3.0000000000000004,-1.7320508075688772,-1.7320508075688772,-1.7320508075688772,0.34641016151377546,36.0,81.0,9.412851626913447,0.11620804477670922,-3.8889595864166236e-05,3.8889595864166236e-05,0.0006192220267614544,7.687229701613951e-05,0.3522976868731881,0.23961779388512147,0.12490315099933207,0.12083828806429407,3.0,-1.7320508075688772,1.7320508075688772,True,D_with_TF,ferro_like_J_negative
0.08,0.0,0.0,0.0,-1.7320508075688772,-1.7320508075688772,-1.7320508075688772,0.34641016151377546,0.0,0.0,0.0,,7.580697317285267e-16,0.0,4.805139755722376e-16,-4.440892098500626e-16,0.5341276748914985,0.2989463359772831,0.16140734689729622,0.15625802819318244,0.0,-1.7320508075688772,1.7320508075688772,True,D_with_TF,ferro_like_J_negative
0.08,0.17320508075688773,0.17320508075688773,0.1,-1.7320508075688772,-1.7320508075688772,-1.7320508075688772,0.34641016151377546,1.2,0.08999999999999998,0.00385841606557193,0.0428712896174659,-6.028685159766764e-08,6.028685159766764e-08,3.343444659933282e-06,2.759555929321422e-07,0.5379808094369722,0.30022735984612225,0.16214075962622787,0.15735069476568264,0.1,-1.7320508075688772,1.7320508075688772,True,D_with_TF,ferro_like_J_negative
0.08,0.4330127018922193,0.4330127018922193,0.25,-1.7320508075688772,-1.7320508075688772,-1.7320508075688772,0.34641016151377546,2.9999999999999996,0.5624999999999998,0.027342637792696935,0.04860913385368346,-5.165075805107067e-07,5.165075805107067e-07,1.8779140682823702e-05,1.7408665347051766e-06,0.5432063378977219,0.30195583904655704,0.1631332903973621,0.1588769397249557,0.25,-1.7320508075688772,1.7320508075688772,True,D_with_TF,ferro_like_J_negative
0.08,0.8660254037844386,0.8660254037844386,0.5,-1.7320508075688772,-1.7320508075688772,-1.7320508075688772,0.34641016151377546,5.999999999999999,2.249999999999999,0.13083539089576124,0.05814906262033835,-2.62381988834937e-06,2.62381988834937e-06,6.890787392777986e-05,7.046742984906373e-06,0.550403408994577,0.30431592577824307,0.16449683151896063,0.16111338805174125,0.5,-1.7320508075688772,1.7320508075688772,True,D_with_TF,ferro_like_J_negative
0.08,1.299038105676658,1.299038105676658,0.7500000000000001,-1.7320508075688772,-1.7320508075688772,-1.7320508075688772,0.34641016151377546,9.0,5.0625,0.341456682781108,0.06744823363577443,-6.810743224648652e-06,6.810743224648652e-06,0.00014675779830272266,1.5971966347727573e-05,0.5556624996052111,0.3060180050395329,0.16549216345644713,0.16295649445443877,0.75,-1.7320508075688772,1.7320508075688772,True,D_with_TF,ferro_like_J_negative
0.08,1.7320508075688772,1.7320508075688772,1.0,-1.7320508075688772,-1.7320508075688772,-1.7320508075688772,0.34641016151377546,11.999999999999998,8.999999999999996,0.6866276674119431,0.07629196304577149,-1.3396445228921105e-05,1.3396445228921105e-05,0.000249759694841604,2.8474160897906664e-05,0.558942962117496,0.30705732410468867,0.1661154572208908,0.16405746020463355,1.0,-1.7320508075688772,1.7320508075688772,True,D_with_TF,ferro_like_J_negative
0.08,2.598076211353316,2.598076211353316,1.5000000000000002,-1.7320508075688772,-1.7320508075688772,-1.7320508075688772,0.34641016151377546,18.0,20.25,1.860387261711839,0.0918709758870044,-3.449793663605472e-05,3.449793663605472e-05,0.0005206922866040771,6.355833050908366e-05,0.5594917790403222,0.30714780848871437,0.16624056301461565,0.16270707552250493,1.5,-1.7320508075688772,1.7320508075688772,True,D_with_TF,ferro_like_J_negative
0.08,3.4641016151377544,3.4641016151377544,2.0,-1.7320508075688772,-1.7320508075688772,-1.7320508075688772,0.34641016151377546,23.999999999999996,35.999999999999986,3.7300923295409145,0.103613675820581,-6.647113998632952e-05,6.647113998632952e-05,0.0008583844664790506,0.00011010375652875659,0.552073279564498,0.3046242236149323,0.1648810426888236,0.16010388464374203,2.0,-1.7320508075688772,1.7320508075688772,True,D_with_TF,ferro_like_J_negative
0.08,5.196152422706632,5.196152422706632,3.0000000000000004,-1.7320508075688772,-1.7320508075688772,-1.7320508075688772,0.34641016151377546,36.0,81.0,9.100403451012975,0.11235065988904906,-0.00015866116029529054,0.00015866116029529054,0.0016261771246614451,0.00022316641800845805,0.5147912220258577,0.29214006366769335,0.15789323991434437,0.15143807621415073,3.0,-1.7320508075688772,1.7320508075688772,True,D_with_TF,ferro_like_J_negative
0.1,0.0,0.0,0.0,-1.7320508075688772,-1.7320508075688772,-1.7320508075688772,0.34641016151377546,0.0,0.0,0.0,,7.985495643502109e-16,0.0,1.6017132519074588e-16,0.0,0.7424888219508778,0.3533732528211757,0.19852804042727734,0.19208099820188992,0.0,-1.7320508075688772,1.7320508075688772,True,D_with_TF,ferro_like_J_negative
0.1,0.17320508075688773,0.17320508075688773,0.1,-1.7320508075688772,-1.7320508075688772,-1.7320508075688772,0.34641016151377546,1.2,0.08999999999999998,0.0031610703088702603,0.035123003431891786,-2.7609449471221106e-07,2.7609449471221106e-07,7.73885572288747e-06,6.74643070519565e-07,0.748682172486556,0.35514543328331394,0.19958915624563747,0.19370041653573913,0.1,-1.7320508075688772,1.7320508075688772,True,D_with_TF,ferro_like_J_negative
0.1,0.4330127018922193,0.4330127018922193,0.25,-1.7320508075688772,-1.7320508075688772,-1.7320508075688772,0.34641016151377546,2.9999999999999996,0.5624999999999998,0.02353088405191416,0.041832682758958524,-2.0340847550136504e-06,2.0340847550136504e-06,4.323475241633357e-05,4.263291522921264e-06,0.7567787536965113,0.3574487755972744,0.2009739048343306,0.19591102320822984,0.25,-1.7320508075688772,1.7320508075688772,True,D_with_TF,ferro_like_J_negative
0.1,0.8660254037844386,0.8660254037844386,0.5,-1.7320508075688772,-1.7320508075688772,-1.7320508075688772,0.34641016151377546,5.999999999999999,2.249999999999999,0.11980510932979979,0.053246715257688815,-9.530252237893385e-06,9.530252237893385e-06,0.0001577201257528641,1.727103473969649e-05,0.7670117018832503,0.3603282527795824,0.20272215948874267,0.19899797351059023,0.5,-1.7320508075688772,1.7320508075688772,True,D_with_TF,ferro_like_J_negative
0.1,1.299038105676658,1.299038105676658,0.7500000000000001,-1.7320508075688772,-1.7320508075688772,-1.7320508075688772,0.34641016151377546,9.0,5.0625,0.32600103177617046,0.06439526553603367,-2.3788185455558743e-05,2.3788185455558743e-05,0.000333848790921193,3.907801950009393e-05,0.7730689130487176,0.3619949103434935,0.20376188975833487,0.2013190458113869,0.75,-1.7320508075688772,1.7320508075688772,True,D_with_TF,ferro_like_J_negative
0.1,1.7320508075688772,1.7320508075688772,1.0,-1.7320508075688772,-1.7320508075688772,-1.7320508075688772,0.34641016151377546,11.999999999999998,8.999999999999996,0.6731870190819206,0.07479855767576898,-4.5537469712471075e-05,4.5537469712471075e-05,0.0005639302187040496,6.937050109556697e-05,0.7748846814277739,0.36244371003785303,0.2040880821101781,0.20061460776402523,1.0,-1.7320508075688772,1.7320508075688772,True,D_with_TF,ferro_like_J_negative
0.1,2.598076211353316,2.598076211353316,1.5000000000000002,-1.7320508075688772,-1.7320508075688772,-1.7320508075688772,0.34641016151377546,18.0,20.25,1.861130138226075,0.09190766114696666,-0.00011219704528664517,0.00011219704528664517,0.0011523900173614474,0.00015239661904054014,0.7658097111481954,0.35972504104212555,0.20260892072021644,0.19708827924409988,1.5,-1.7320508075688772,1.7320508075688772,True,D_with_TF,ferro_like_J_negative
0.1,3.4641016151377544,3.4641016151377544,2.0,-1.7320508075688772,-1.7320508075688772,-1.7320508075688772,0.34641016151377546,23.999999999999996,35.999999999999986,3.6832419137166217,0.10231227538101731,-0.00020703289162221357,0.00020703289162221357,0.0018488454505959956,0.00025735175924401776,0.7403745781595262,0.35235062256024685,0.1983585577293828,0.19130126968629974,2.0,-1.7320508075688772,1.7320508075688772,True,D_with_TF,ferro_like_J_negative
0.1,5.196152422706632,5.196152422706632,3.0000000000000004,-1.7320508075688772,-1.7320508075688772,-1.7320508075688772,0.34641016151377546,36.0,81.0,8.034817245708622,0.09919527463837804,-0.00044719480921179885,0.00044719480921179885,0.0032488383687972406,0.00048266385677719903,0.6468210002664327,0.3249866169034491,0.18224550247127572,0.17371879500054885,3.0,-1.7320508075688772,1.7320508075688772,True,D_with_TF,ferro_like_J_negative
0.14,0.0,0.0,0.0,-1.7320508075688772,-1.7320508075688772,-1.7320508075688772,0.34641016151377546,0.0,0.0,0.0,,1.9174417790819134e-15,0.0,6.406853007629834e-16,0.0,1.17369672868655,0.434474714453159,0.26634093257391844,0.25728192666136157,0.0,-1.7320508075688772,1.7320508075688772,True,D_with_TF,ferro_like_J_negative
0.14,0.17320508075688773,0.17320508075688773,0.1,-1.7320508075688772,-1.7320508075688772,-1.7320508075688772,0.34641016151377546,1.2,0.08999999999999998,0.002327004149181156,0.025855601657568405,-2.286202107365489e-06,2.286202107365489e-06,2.7272832920349797e-05,2.597782878366317e-06,1.1854029864088018,0.4371403387680073,0.268092111742899,0.2601293608645999,0.1,-1.7320508075688772,1.7320508075688772,True,D_with_TF,ferro_like_J_negative
0.14,0.4330127018922193,0.4330127018922193,0.25,-1.7320508075688772,-1.7320508075688772,-1.7320508075688772,0.34641016151377546,2.9999999999999996,0.5624999999999998,0.017732402280198484,0.031524270720352875,-1.5087453589291859e-05,1.5087453589291859e-05,0.00015087967455485918,1.645940021555159e-05,1.1993535312456278,0.44030504015673566,0.2701796397484143,0.26382145745637303,0.25,-1.7320508075688772,1.7320508075688772,True,D_with_TF,ferro_like_J_negative
0.14,0.8660254037844386,0.8660254037844386,0.5,-1.7320508075688772,-1.7320508075688772,-1.7320508075688772,0.34641016151377546,5.999999999999999,2.249999999999999,0.10015828818716441,0.044514794749850865,-6.537046404178268e-05,6.537046404178268e-05,0.0005434503691689499,6.661140043884295e-05,1.2127551292977197,0.44331535337273126,0.27220169226334123,0.26838568360313314,0.5,-1.7320508075688772,1.7320508075688772,True,D_with_TF,ferro_like_J_negative
0.14,1.299038105676658,1.299038105676658,0.7500000000000001,-1.7320508075688772,-1.7320508075688772,-1.7320508075688772,0.34641016151377546,9.0,5.0625,0.2952349795804042,0.058318020657857614,-0.00015511580323027932,0.00015511580323027932,0.0011330365538856,0.00014957030421280937,1.2136536264326998,0.44346663029260114,0.2723899577097325,0.2672756103027128,0.75,-1.7320508075688772,1.7320508075688772,True,D_with_TF,ferro_like_J_negative
0.14,1.7320508075688772,1.7320508075688772,1.0,-1.7320508075688772,-1.7320508075688772,-1.7320508075688772,0.34641016151377546,11.999999999999998,8.999999999999996,0.637255037774117,0.07080611530823525,-0.00028391692491733017,0.00028391692491733017,0.0018775223122368978,0.0002617927677284193,1.2020963876413122,0.4407784137025036,0.27075542035218114,0.26365799649663396,1.0,-1.7320508075688772,1.7320508075688772,True,D_with_TF,ferro_like_J_negative
0.14,2.598076211353316,2.598076211353316,1.5000000000000002,-1.7320508075688772,-1.7320508075688772,-1.7320508075688772,0.34641016151377546,18.0,20.25,1.7720066835698567,0.0875065028923386,-0.0006377582240701648,0.0006377582240701648,0.003643147624314588,0.0005487814507831867,1.143255294047649,0.4272262208394807,0.2621918052175983,0.2522250716811255,1.5,-1.7320508075688772,1.7320508075688772,True,D_with_TF,ferro_like_J_negative
0.14,3.4641016151377544,3.4641016151377544,2.0,-1.7320508075688772,-1.7320508075688772,-1.7320508075688772,0.34641016151377546,23.999999999999996,35.999999999999986,3.2315941678082973,0.08976650466134163,-0.0010597896078064876,0.0010597896078064876,0.005453620144530453,0.0008640173158546149,1.0421341652231013,0.40372359369110355,0.24708848202388695,0.23577469328540193,2.0,-1.7320508075688772,1.7320508075688772,True,D_with_TF,ferro_like_J_negative
0.14,5.196152422706632,5.196152422706632,3.0000000000000004,-1.7320508075688772,-1.7320508075688772,-1.7320508075688772,0.34641016151377546,36.0,81.0,4.522703354622196,0.05583584388422465,-0.001782451774750506,0.001782451774750506,0.007975688160582138,0.001328730778199505,0.7536993187780907,0.3324002394073431,0.20115530693747224,0.19056249170247003,3.0,-1.7320508075688772,1.7320508075688772,True,D_with_TF,ferro_like_J_negative
0.18,0.0,0.0,0.0,-1.7320508075688772,-1.7320508075688772,-1.7320508075688772,0.34641016151377546,0.0,0.0,0.0,,1.6398860229256242e-15,0.0,6.406853007629834e-16,1.1102230246251565e-16,1.5812010591391483,0.4792638677070614,0.32386270190852223,0.3121764337771063,0.0,-1.7320508075688772,1.7320508075688772,True,D_with_TF,ferro_like_J_negative
0.18,0.17320508075688773,0.17320508075688773,0.1,-1.7320508075688772,-1.7320508075688772,-1.7320508075688772,0.34641016151377546,1.2,0.08999999999999998,0.0027902778586569054,0.031003087318410068,-1.0449136427999534e-05,1.0449136427999534e-05,6.94922230222201e-05,7.111282908089933e-06,1.598486114552533,0.48247140124485044,0.32625151777509553,0.3164069068707972,0.1,-1.7320508075688772,1.7320508075688772,True,D_with_TF,ferro_like_J_negative
0.18,0.4330127018922193,0.4330127018922193,0.25,-1.7320508075688772,-1.7320508075688772,-1.7320508075688772,0.34641016151377546,2.9999999999999996,0.5624999999999998,0.016737547108849306,0.029755639304621002,-6.575746983255855e-05,6.575746983255855e-05,0.00038083544085149306,4.512614745855181e-05,1.6166449395875895,0.4858710163310024,0.32877512070709736,0.321593377105522,0.25,-1.7320508075688772,1.7320508075688772,True,D_with_TF,ferro_like_J_negative
0.18,0.8660254037844386,0.8660254037844386,0.5,-1.7320508075688772,-1.7320508075688772,-1.7320508075688772,0.34641016151377546,5.999999999999999,2.249999999999999,0.08756013203476015,0.038915614237671196,-0.000271632037057098,0.000271632037057098,0.0013518192411287632,0.00018183098620538907,1.6258592052902823,0.48769135072652686,0.3301343293890005,0.3247011763959081,0.5,-1.7320508075688772,1.7320508075688772,True,D_with_TF,ferro_like_J_negative
0.18,1.299038105676658,1.299038105676658,0.7500000000000001,-1.7320508075688772,-1.7320508075688772,-1.7320508075688772,0.34641016151377546,9.0,5.0625,0.27102709515337065,0.05353621632659173,-0.0006167418049450413,0.0006167418049450413,0.002765616274260131,0.00040310454303416066,1.6087972358706728,0.48466943887349734,0.3279557354051818,0.31909792274722454,0.75,-1.7320508075688772,1.7320508075688772,True,D_with_TF,ferro_like_J_negative
0.18,1.7320508075688772,1.7320508075688772,1.0,-1.7320508075688772,-1.7320508075688772,-1.7320508075688772,0.34641016151377546,11.999999999999998,8.999999999999996,0.6004100164790128,0.06671222405322368,-0.0010759406480360485,0.0010759406480360485,0.004472764435369943,0.0006910195029881105,1.5663197878704875,0.4768944114960541,0.32233098660207377,0.3108344760229946,1.0,-1.7320508075688772,1.7320508075688772,True,D_with_TF,ferro_like_J_negative
0.18,2.598076211353316,2.598076211353316,1.5000000000000002,-1.7320508075688772,-1.7320508075688772,-1.7320508075688772,0.34641016151377546,18.0,20.25,1.5922671376565356,0.07863047593365607,-0.0021611336127337673,0.0021611336127337673,0.008135015900391973,0.001358930188575025,1.4126278988400671,0.44798287935164105,0.3014254311426277,0.28720177492883026,1.5,-1.7320508075688772,1.7320508075688772,True,D_with_TF,ferro_like_J_negative
0.18,3.4641016151377544,3.4641016151377544,2.0,-1.7320508075688772,-1.7320508075688772,-1.7320508075688772,0.34641016151377546,23.999999999999996,35.999999999999986,2.4449060172067396,0.06791405603352058,-0.0031566106256270456,0.0031566106256270456,0.011200234159304054,0.001956492179567393,1.1866621631470529,0.40321574393595055,0.2693254574784327,0.2553262472980567,2.0,-1.7320508075688772,1.7320508075688772,True,D_with_TF,ferro_like_J_negative
0.18,5.196152422706632,5.196152422706632,3.0000000000000004,-1.7320508075688772,-1.7320508075688772,-1.7320508075688772,0.34641016151377546,36.0,81.0,2.475847022716326,0.030566012626127483,-0.004032445483973258,0.004032445483973258,0.01333479790383048,0.0023891631922008383,0.6497393544973612,0.2752281546278226,0.18387962343720013,0.17387554333994595,3.0,-1.7320508075688772,1.7320508075688772,True,D_with_TF,ferro_like_J_negative
0.21999999999999997,0.0,0.0,0.0,-1.7320508075688772,-1.7320508075688772,-1.7320508075688772,0.34641016151377546,0.0,0.0,0.0,,-7.644318602315544e-16,7.644318602315544e-16,-3.2034265038149176e-16,0.0,1.930049940722324,0.4926082013435826,0.3698909445865925,0.35558711952260763,0.0,-1.7320508075688772,1.7320508075688772,True,D_with_TF,ferro_like_J_negative
0.21999999999999997,0.17320508075688773,0.17320508075688773,0.1,-1.7320508075688772,-1.7320508075688772,-1.7320508075688772,0.34641016151377546,1.2,0.08999999999999998,0.003860879850225901,0.04289866500251002,-3.4345857135208564e-05,3.4345857135208564e-05,0.0001460407834759435,1.5887303768336025e-05,1.952077845220565,0.4956618415951677,0.3727988971093479,0.3613153471384783,0.1,-1.7320508075688772,1.7320508075688772,True,D_with_TF,ferro_like_J_negative
0.21999999999999997,0.4330127018922193,0.4330127018922193,0.25,-1.7320508075688772,-1.7320508075688772,-1.7320508075688772,0.34641016151377546,2.9999999999999996,0.5624999999999998,0.01955311128848661,0.03476108673508732,-0.0002096410826811474,0.0002096410826811474,0.0007927305608255469,0.00010086485545002244,1.9715496043654834,0.4984401513542576,0.37541639942909455,0.36796039502865757,0.25,-1.7320508075688772,1.7320508075688772,True,D_with_TF,ferro_like_J_negative
0.21999999999999997,0.8660254037844386,0.8660254037844386,0.5,-1.7320508075688772,-1.7320508075688772,-1.7320508075688772,0.34641016151377546,5.999999999999999,2.249999999999999,0.08202136144431742,0.036453938419696644,-0.000830082976005557,0.000830082976005557,0.002767515924519466,0.0004034139228529243,1.9677665750521842,0.4982096391532095,0.3751510615750156,0.3662755546781208,0.5,-1.7320508075688772,1.7320508075688772,True,D_with_TF,ferro_like_J_negative
0.21999999999999997,1.299038105676658,1.299038105676658,0.7500000000000001,-1.7320508075688772,-1.7320508075688772,-1.7320508075688772,0.34641016151377546,9.0,5.0625,0.25629818182097397,0.05062680134735288,-0.0017955153776407886,0.0017955153776407886,0.005537464933072267,0.000879026214806955,1.9198731313612214,0.49185835091026847,0.3692460584655104,0.35584342479636255,0.75,-1.7320508075688772,1.7320508075688772,True,D_with_TF,ferro_like_J_negative
0.21999999999999997,1.7320508075688772,1.7320508075688772,1.0,-1.7320508075688772,-1.7320508075688772,-1.7320508075688772,0.34641016151377546,11.999999999999998,8.999999999999996,0.5711568262138453,0.06346186957931617,-0.002959352291744778,0.002959352291744778,0.008704383798678926,0.0014675893003360807,1.8308140365558332,0.47935017437802296,0.3579750353561052,0.34165360081875057,1.0,-1.7320508075688772,1.7320508075688772,True,D_with_TF,ferro_like_J_negative
0.21999999999999997,2.598076211353316,2.598076211353316,1.5000000000000002,-1.7320508075688772,-1.7320508075688772,-1.7320508075688772,0.34641016151377546,18.0,20.25,1.358542259402188,0.06708850663714509,-0.005209927172250238,0.005209927172250238,0.014704700247558412,0.002673153407933504,1.5481712172998519,0.435726160036647,0.3208644254033,0.3033386063207536,1.5,-1.7320508075688772,1.7320508075688772,True,D_with_TF,ferro_like_J_negative
0.21999999999999997,3.4641016151377544,3.4641016151377544,2.0,-1.7320508075688772,-1.7320508075688772,-1.7320508075688772,0.34641016151377546,23.999999999999996,35.999999999999986,1.5919380567587555,0.04422050157663212,-0.0066295185277798,0.0066295185277798,0.01848056841843334,0.0034788194184999233,1.1716220448419072,0.36758088710666953,0.2679842465799825,0.25343289927325363,2.0,-1.7320508075688772,1.7320508075688772,True,D_with_TF,ferro_like_J_negative
0.21999999999999997,5.196152422706632,5.196152422706632,3.0000000000000004,-1.7320508075688772,-1.7320508075688772,-1.7320508075688772,0.34641016151377546,36.0,81.0,3.394877806587438,0.041912071686264665,-0.006795210204308923,0.006795210204308923,0.017810590350663905,0.0033335554102609244,0.45689631927217794,0.1710513079821776,0.14881038853509843,0.1409643225565567,3.0,-1.7320508075688772,1.7320508075688772,True,D_with_TF,ferro_like_J_negative
0.26,0.0,0.0,0.0,-1.7320508075688772,-1.7320508075688772,-1.7320508075688772,0.34641016151377546,0.0,0.0,0.0,,-3.3306690738754696e-16,3.3306690738754696e-16,-0.0,-2.220446049250313e-16,2.20238697740865,0.48388279080445895,0.40429708519435126,0.38743835730756865,0.0,-1.7320508075688772,1.7320508075688772,True,D_with_TF,ferro_like_J_negative
0.26,0.17320508075688773,0.17320508075688773,0.1,-1.7320508075688772,-1.7320508075688772,-1.7320508075688772,0.34641016151377546,1.2,0.08999999999999998,0.004789963389110314,0.053221815434559054,-9.058808136339335e-05,9.058808136339335e-05,0.0002700821109422854,3.10084371011321e-05,2.227989471300595,0.4855376661405443,0.40760024888445184,0.39478248007050565,0.1,-1.7320508075688772,1.7320508075688772,True,D_with_TF,ferro_like_J_negative
0.26,0.4330127018922193,0.4330127018922193,0.25,-1.7320508075688772,-1.7320508075688772,-1.7320508075688772,0.34641016151377546,2.9999999999999996,0.5624999999999998,0.02238926989828252,0.039803146485835605,-0.0005390360666552097,0.0005390360666552097,0.0014516458037501989,0.0001967642533392544,2.245831642839141,0.48647893715181356,0.4100154895408728,0.40290464289908196,0.25,-1.7320508075688772,1.7320508075688772,True,D_with_TF,ferro_like_J_negative
0.26,0.8660254037844386,0.8660254037844386,0.5,-1.7320508075688772,-1.7320508075688772,-1.7320508075688772,0.34641016151377546,5.999999999999999,2.249999999999999,0.07902552383701157,0.035122455038671826,-0.0020410366225348782,0.0020410366225348782,0.004975136073150119,0.0007790149329952589,2.222050310746876,0.4842949931807279,0.40745684305610474,0.3943291411085397,0.5,-1.7320508075688772,1.7320508075688772,True,D_with_TF,ferro_like_J_negative
0.26,1.299038105676658,1.299038105676658,0.7500000000000001,-1.7320508075688772,-1.7320508075688772,-1.7320508075688772,0.34641016151377546,9.0,5.0625,0.25136151358905817,0.049651657005246055,-0.004172964102237508,0.004172964102237508,0.009709283918084611,0.0016620616284460654,2.1352861639444907,0.4771334964418693,0.39708673792970006,0.3785127646010807,0.75,-1.7320508075688772,1.7320508075688772,True,D_with_TF,ferro_like_J_negative
0.26,1.7320508075688772,1.7320508075688772,1.0,-1.7320508075688772,-1.7320508075688772,-1.7320508075688772,0.34641016151377546,11.999999999999998,8.999999999999996,0.5544593611623267,0.061606595684702996,-0.006436279117402471,0.006436279117402471,0.014788030379513645,0.002690578547350553,1.991663931848858,0.4633776966304562,0.37941264599665814,0.35819692724740454,1.0,-1.7320508075688772,1.7320508075688772,True,D_with_TF,ferro_like_J_negative
0.26,2.598076211353316,2.598076211353316,1.5000000000000002,-1.7320508075688772,-1.7320508075688772,-1.7320508075688772,0.34641016151377546,18.0,20.25,1.1015770113612222,0.05439886475857887,-0.009834563978959827,0.009834563978959827,0.0230770567888851,0.004499832011953808,1.5666032180529275,0.4082806562449812,0.3243815040373451,0.3048476017438194,1.5,-1.7320508075688772,1.7320508075688772,True,D_with_TF,ferro_like_J_negative
0.26,3.4641016151377544,3.4641016151377544,2.0,-1.7320508075688772,-1.7320508075688772,-1.7320508075688772,0.34641016151377546,23.999999999999996,35.999999999999986,1.0892799986992308,0.03025777774164531,-0.011114220938899945,0.011114220938899945,0.026402305814736536,0.0052628942938109935,1.0448165578335225,0.31112308424311763,0.25007787906413165,0.23696721302303392,2.0,-1.7320508075688772,1.7320508075688772,True,D_with_TF,ferro_like_J_negative
0.26,5.196152422706632,5.196152422706632,3.0000000000000004,-1.7320508075688772,-1.7320508075688772,-1.7320508075688772,0.34641016151377546,36.0,81.0,2.4587738916854724,0.030355233230684845,-0.00893125786743234,0.00893125786743234,0.02035689074009412,0.0038905965179205637,0.3752334534479749,0.10257326383939094,0.1329786099867838,0.12747792784870238,3.0,-1.7320508075688772,1.7320508075688772,True,D_with_TF,ferro_like_J_negative
0.3,0.0,0.0,0.0,-1.7320508075688772,-1.7320508075688772,-1.7320508075688772,0.34641016151377546,0.0,0.0,0.0,,-6.187327973428543e-17,6.187327973428543e-17,1.6017132519074588e-16,0.0,2.3953613565928693,0.46581638623261257,0.4280027005176548,0.4087424115772101,0.0,-1.7320508075688772,1.7320508075688772,True,D_with_TF,ferro_like_J_negative
0.3,0.17320508075688773,0.17320508075688773,0.1,-1.7320508075688772,-1.7320508075688772,-1.7320508075688772,0.34641016151377546,1.2,0.08999999999999998,0.005282944279686018,0.05869938088540021,-0.00020261168765902223,0.00020261168765902223,0.0004559894578295243,5.495692688628484e-05,2.4234881430389996,0.4639859872374554,0.43161045404651865,0.41782085749993714,0.1,-1.7320508075688772,1.7320508075688772,True,D_with_TF,ferro_like_J_negative
0.3,0.4330127018922193,0.4330127018922193,0.25,-1.7320508075688772,-1.7320508075688772,-1.7320508075688772,0.34641016151377546,2.9999999999999996,0.5624999999999998,0.022929075051281736,0.04076280009116755,-0.0011762002211563654,0.0011762002211563654,0.0024258606728262628,0.00034823288329977053,2.4375230234292955,0.4611687999594978,0.43364211786444484,0.42581241026902333,0.25,-1.7320508075688772,1.7320508075688772,True,D_with_TF,ferro_like_J_negative
0.3,0.8660254037844386,0.8660254037844386,0.5,-1.7320508075688772,-1.7320508075688772,-1.7320508075688772,0.34641016151377546,5.999999999999999,2.249999999999999,0.07578249785311816,0.03368111015694142,-0.004236903462755237,0.004236903462755237,0.008148725166342852,0.001361532973246149,2.3907337944206284,0.45831021958538226,0.42860548213509386,0.41056147210601307,0.5,-1.7320508075688772,1.7320508075688772,True,D_with_TF,ferro_like_J_negative
0.3,1.299038105676658,1.299038105676658,0.7500000000000001,-1.7320508075688772,-1.7320508075688772,-1.7320508075688772,0.34641016151377546,9.0,5.0625,0.2597367780293116,0.05130603022801217,-0.008119670766764743,0.008119670766764743,0.01547727362868949,0.0028353458612245808,2.264779223523948,0.4557371310852761,0.4138999992833856,0.3898093955614538,0.75,-1.7320508075688772,1.7320508075688772,True,D_with_TF,ferro_like_J_negative
0.3,1.7320508075688772,1.7320508075688772,1.0,-1.7320508075688772,-1.7320508075688772,-1.7320508075688772,0.34641016151377546,11.999999999999998,8.999999999999996,0.5546003962695505,0.0616222662521723,-0.011641459667447996,0.011641459667447996,0.02279103244188375,0.004435116588016763,2.0680815483154333,0.44547679721153693,0.390076167721907,0.36422139369310536,1.0,-1.7320508075688772,1.7320508075688772,True,D_with_TF,ferro_like_J_negative
0.3,2.598076211353316,2.598076211353316,1.5000000000000002,-1.7320508075688772,-1.7320508075688772,-1.7320508075688772,0.34641016151377546,18.0,20.25,0.8447795923051008,0.04171751073111609,-0.01560106054474373,0.01560106054474373,0.03275919980822208,0.006772405031967743,1.504112349897951,0.3775322307309091,0.31705890279509136,0.29671740808116653,1.5,-1.7320508075688772,1.7320508075688772,True,D_with_TF,ferro_like_J_negative
0.3,3.4641016151377544,3.4641016151377544,2.0,-1.7320508075688772,-1.7320508075688772,-1.7320508075688772,0.34641016151377546,23.999999999999996,35.999999999999986,1.17643463438773,0.032678739844103626,-0.016309717970141274,0.016309717970141274,0.03404357684334833,0.0070848888678374244,0.875921969121193,0.2405449120674931,0.22503310101954407,0.21557705779783828,2.0,-1.7320508075688772,1.7320508075688772,True,D_with_TF,ferro_like_J_negative
0.3,5.196152422706632,5.196152422706632,3.0000000000000004,-1.7320508075688772,-1.7320508075688772,-1.7320508075688772,0.34641016151377546,36.0,81.0,1.9497085619159724,0.024070476073036695,-0.007947628425370917,0.007947628425370917,0.02066529196564043,0.003958955458301272,0.4969988261175755,0.1881167717615816,0.15669873581176788,0.14679889334402219,3.0,-1.7320508075688772,1.7320508075688772,True,D_with_TF,ferro_like_J_negative
0.3277777777777778,0.0,0.0,0.0,-1.7320508075688772,-1.7320508075688772,-1.7320508075688772,0.34641016151377546,0.0,0.0,0.0,,3.822159301157772e-16,0.0,1.6017132519074588e-16,-2.220446049250313e-16,2.4870666672643935,0.45466030459107254,0.43908649835788616,0.41831771554252434,0.0,-1.7320508075688772,1.7320508075688772,True,D_with_TF,ferro_like_J_negative
0.3277777777777778,0.17320508075688773,0.17320508075688773,0.1,-1.7320508075688772,-1.7320508075688772,-1.7320508075688772,0.34641016151377546,1.2,0.08999999999999998,0.005299492716765883,0.05888325240850982,-0.000326976656181534,0.000326976656181534,0.0006295510724243486,7.828191931125161e-05,2.5164324252942887,0.44874034938897545,0.4428680921680758,0.4286360880344642,0.1,-1.7320508075688772,1.7320508075688772,True,D_with_TF,ferro_like_J_negative
0.3277777777777778,0.4330127018922193,0.4330127018922193,0.25,-1.7320508075688772,-1.7320508075688772,-1.7320508075688772,0.34641016151377546,2.9999999999999996,0.5624999999999998,0.021438932755395466,0.038113658231814174,-0.0018651229818827581,0.0018651229818827581,0.003324673212910892,0.0004952996944262988,2.5269750278448466,0.44173602046804966,0.4445810947955419,0.4346733733791549,0.25,-1.7320508075688772,1.7320508075688772,True,D_with_TF,ferro_like_J_negative
0.3277777777777778,0.8660254037844386,0.8660254037844386,0.5,-1.7320508075688772,-1.7320508075688772,-1.7320508075688772,0.34641016151377546,5.999999999999999,2.249999999999999,0.07555668193343312,0.03358074752597029,-0.006468497000759939,0.006468497000759939,0.011004243078045787,0.001917406015540024,2.4648088301459463,0.4398546153859098,0.43798120133062735,0.41629794480678134,0.5,-1.7320508075688772,1.7320508075688772,True,D_with_TF,ferro_like_J_negative
0.3277777777777778,1.299038105676658,1.299038105676658,0.7500000000000001,-1.7320508075688772,-1.7320508075688772,-1.7320508075688772,0.34641016151377546,9.0,5.0625,0.27743575189158287,0.054802123830436124,-0.011806381623308312,0.011806381623308312,0.02049001887445119,0.003920082185495555,2.3155998565118385,0.4441726726706028,0.42078451295105834,0.3928597983608047,0.75,-1.7320508075688772,1.7320508075688772,True,D_with_TF,ferro_like_J_negative
0.3277777777777778,1.7320508075688772,1.7320508075688772,1.0,-1.7320508075688772,-1.7320508075688772,-1.7320508075688772,0.34641016151377546,11.999999999999998,8.999999999999996,0.565886414972575,0.06287626833028613,-0.016085289652182866,0.016085289652182866,0.029446793325786536,0.0059779042530788695,2.086505173119483,0.43752059209849414,0.39319486162080935,0.36438472142225964,1.0,-1.7320508075688772,1.7320508075688772,True,D_with_TF,ferro_like_J_negative
0.3277777777777778,2.598076211353316,2.598076211353316,1.5000000000000002,-1.7320508075688772,-1.7320508075688772,-1.7320508075688772,0.34641016151377546,18.0,20.25,0.6786087046787657,0.0335115409717909,-0.020049387267439177,0.020049387267439177,0.03993499652557179,0.008548013544832256,1.432034187893477,0.35584453598243965,0.30802547382421863,0.2877302065829833,1.5,-1.7320508075688772,1.7320508075688772,True,D_with_TF,ferro_like_J_negative
0.3277777777777778,3.4641016151377544,3.4641016151377544,2.0,-1.7320508075688772,-1.7320508075688772,-1.7320508075688772,0.34641016151377546,23.999999999999996,35.999999999999986,1.3132060933533771,0.03647794703759382,-0.02014094815101749,0.02014094815101749,0.03869507071989157,0.00823614790602245,0.774674892019224,0.19181769199117285,0.20956395855386856,0.20454329132886606,2.0,-1.7320508075688772,1.7320508075688772,True,D_with_TF,ferro_like_J_negative
0.3277777777777778,5.196152422706632,5.196152422706632,3.0000000000000004,-1.7320508075688772,-1.7320508075688772,-1.7320508075688772,0.34641016151377546,36.0,81.0,4.162984468627956,0.051394869983061184,-0.006525381418585302,0.006525381418585302,0.02024853599864551,0.0038666236062869785,0.6221382541040942,0.2628766591126711,0.1787704634083047,0.15940334458371394,3.0,-1.7320508075688772,1.7320508075688772,True,D_with_TF,ferro_like_J_negative
0.35555555555555557,0.0,0.0,0.0,-1.7320508075688772,-1.7320508075688772,-1.7320508075688772,0.34641016151377546,0.0,0.0,0.0,,7.644318602315544e-16,0.0,3.2034265038149176e-16,-4.440892098500626e-16,2.5499364461954253,0.4480719804065837,0.44661570552543084,0.4245318431894892,0.0,-1.7320508075688772,1.7320508075688772,True,D_with_TF,ferro_like_J_negative
0.35555555555555557,0.17320508075688773,0.17320508075688773,0.1,-1.7320508075688772,-1.7320508075688772,-1.7320508075688772,0.34641016151377546,1.2,0.08999999999999998,0.0050278883892043305,0.055865426546714794,-0.0004976881996686519,0.0004976881996686519,0.0008456537425800695,0.00010830589592114581,2.580069718226948,0.43674541780816334,0.45053317156382355,0.4360494771762598,0.1,-1.7320508075688772,1.7320508075688772,True,D_with_TF,ferro_like_J_negative
0.35555555555555557,0.4330127018922193,0.4330127018922193,0.25,-1.7320508075688772,-1.7320508075688772,-1.7320508075688772,0.34641016151377546,2.9999999999999996,0.5624999999999998,0.018372288467244757,0.03266184616399069,-0.002788478611837313,0.002788478611837313,0.004432401087408362,0.000684007872603587,2.5865096366721687,0.42426778382576763,0.45189354504199025,0.439847084058432,0.25,-1.7320508075688772,1.7320508075688772,True,D_with_TF,ferro_like_J_negative
0.35555555555555557,0.8660254037844386,0.8660254037844386,0.5,-1.7320508075688772,-1.7320508075688772,-1.7320508075688772,0.34641016151377546,5.999999999999999,2.249999999999999,0.0813207133550227,0.03614253926889899,-0.009291208364636934,0.009291208364636934,0.014447067314081956,0.0026193870053079493,2.510913849654939,0.4250792564794559,0.4440148560307796,0.41868875500628316,0.5,-1.7320508075688772,1.7320508075688772,True,D_with_TF,ferro_like_J_negative
0.35555555555555557,1.299038105676658,1.299038105676658,0.7500000000000001,-1.7320508075688772,-1.7320508075688772,-1.7320508075688772,0.34641016151377546,9.0,5.0625,0.30714078975405984,0.06066978563043157,-0.016131922945020704,0.016131922945020704,0.026353284320616722,0.005251506202362588,2.3439753646928274,0.4381806019310058,0.42498406943777195,0.39337795851352214,0.75,-1.7320508075688772,1.7320508075688772,True,D_with_TF,ferro_like_J_negative
0.35555555555555557,1.7320508075688772,1.7320508075688772,1.0,-1.7320508075688772,-1.7320508075688772,-1.7320508075688772,0.34641016151377546,11.999999999999998,8.999999999999996,0.5849188043440263,0.06499097826044739,-0.02096667488314529,0.02096667488314529,0.036941133784142884,0.007798523902131982,2.0866635078011013,0.43386433182065576,0.3940675250432924,0.36253729334908513,1.0,-1.7320508075688772,1.7320508075688772,True,D_with_TF,ferro_like_J_negative
0.35555555555555557,2.598076211353316,2.598076211353316,1.5000000000000002,-1.7320508075688772,-1.7320508075688772,-1.7320508075688772,0.34641016151377546,18.0,20.25,0.5364387626493055,0.026490803093792863,-0.02480241007901699,0.02480241007901699,0.04722342589349523,0.010420944554674016,1.3474964897850668,0.33337451024767,0.29717876434818286,0.2775080283484179,1.5,-1.7320508075688772,1.7320508075688772,True,D_with_TF,ferro_like_J_negative
0.35555555555555557,3.4641016151377544,3.4641016151377544,2.0,-1.7320508075688772,-1.7320508075688772,-1.7320508075688772,0.34641016151377546,23.999999999999996,35.999999999999986,1.3409953733757116,0.037249871482658674,-0.023666265639919845,0.023666265639919845,0.042462851742044075,0.009190042007003574,0.7138683541415203,0.16283405210314045,0.2002668658760298,0.19656026442939575,2.0,-1.7320508075688772,1.7320508075688772,True,D_with_TF,ferro_like_J_negative
0.35555555555555557,5.196152422706632,5.196152422706632,3.0000000000000004,-1.7320508075688772,-1.7320508075688772,-1.7320508075688772,0.34641016151377546,36.0,81.0,6.0154696969806425,0.07426505798741534,-0.005363041091002118,0.005363041091002118,0.020460684003956193,0.003913581996783155,0.7022401851955955,0.3022365530446761,0.1911419483406945,0.15920232243871188,3.0,-1.7320508075688772,1.7320508075688772,True,D_with_TF,ferro_like_J_negative
0.3833333333333333,0.0,0.0,0.0,-1.7320508075688772,-1.7320508075688772,-1.7320508075688772,0.34641016151377546,0.0,0.0,0.0,,1.1593720473533868e-15,0.0,1.6017132519074588e-16,0.0,2.589976786800724,0.44648959850045117,0.4513777046581577,0.4282323750139546,0.0,-1.7320508075688772,1.7320508075688772,True,D_with_TF,ferro_like_J_negative
0.3833333333333333,0.17320508075688773,0.17320508075688773,0.1,-1.7320508075688772,-1.7320508075688772,-1.7320508075688772,0.34641016151377546,1.2,0.08999999999999998,0.004467262844073477,0.04963625382303865,-0.0007175415402904083,0.0007175415402904083,0.00110976313623418,0.00014617895957313998,2.6201565191833076,0.4291460264027883,0.4553604453093846,0.4408010537970454,0.1,-1.7320508075688772,1.7320508075688772,True,D_with_TF,ferro_like_J_negative
0.3833333333333333,0.4330127018922193,0.4330127018922193,0.25,-1.7320508075688772,-1.7320508075688772,-1.7320508075688772,0.34641016151377546,2.9999999999999996,0.5624999999999998,0.014045858254752656,0.02497041467511584,-0.0039488879617684495,0.0039488879617684495,0.005772072284144841,0.0009211972825293735,2.6216631348381005,0.4106627904649621,0.4563057136097819,0.44220044426956445,0.25,-1.7320508075688772,1.7320508075688772,True,D_with_TF,ferro_like_J_negative
0.3833333333333333,0.8660254037844386,0.8660254037844386,0.5,-1.7320508075688772,-1.7320508075688772,-1.7320508075688772,0.34641016151377546,5.999999999999999,2.249999999999999,0.09647361811849287,0.04287716360821907,-0.012628894747601122,0.012628894747601122,0.018516847358931526,0.0034867125064503846,2.5355209563717436,0.4160988217737326,0.4475267548774538,0.41874219603343416,0.5,-1.7320508075688772,1.7320508075688772,True,D_with_TF,ferro_like_J_negative
0.3833333333333333,1.299038105676658,1.299038105676658,0.7500000000000001,-1.7320508075688772,-1.7320508075688772,-1.7320508075688772,0.34641016151377546,9.0,5.0625,0.3482887974088146,0.06879778714248189,-0.02089047528127662,0.02089047528127662,0.033069423269785916,0.006847660042110126,2.3574006713511024,0.4377006138551598,0.4274112733142953,0.39238403822922713,0.75,-1.7320508075688772,1.7320508075688772,True,D_with_TF,ferro_like_J_negative
0.3833333333333333,1.7320508075688772,1.7320508075688772,1.0,-1.7320508075688772,-1.7320508075688772,-1.7320508075688772,0.34641016151377546,11.999999999999998,8.999999999999996,0.607660704151612,0.0675178560168458,-0.026109759563143896,0.026109759563143896,0.04519361237012751,0.009892708941594774,2.074577606855341,0.433040926470173,0.39341813526062563,0.35935430653959227,1.0,-1.7320508075688772,1.7320508075688772,True,D_with_TF,ferro_like_J_negative
0.3833333333333333,2.598076211353316,2.598076211353316,1.5000000000000002,-1.7320508075688772,-1.7320508075688772,-1.7320508075688772,0.34641016151377546,18.0,20.25,0.44079000322438827,0.02176740756663646,-0.02983029641706579,0.02983029641706579,0.054380487819392545,0.012321977968366205,1.2588477310449198,0.3103621897880133,0.2856453208389588,0.2674885801739495,1.5,-1.7320508075688772,1.7320508075688772,True,D_with_TF,ferro_like_J_negative
0.3833333333333333,3.4641016151377544,3.4641016151377544,2.0,-1.7320508075688772,-1.7320508075688772,-1.7320508075688772,0.34641016151377546,23.999999999999996,35.999999999999986,1.220774700356568,0.03391040834323802,-0.02617140631722735,0.02617140631722735,0.045106021836308643,0.009870027111860247,0.7061219533813121,0.1503924973114686,0.19936375381198707,0.1934573230728585,2.0,-1.7320508075688772,1.7320508075688772,True,D_with_TF,ferro_like_J_negative
0.3833333333333333,5.196152422706632,5.196152422706632,3.0000000000000004,-1.7320508075688772,-1.7320508075688772,-1.7320508075688772,0.34641016151377546,36.0,81.0,6.702905086370168,0.08275191464654529,-0.004848057137138394,0.004848057137138394,0.022392767726488606,0.004345257173830053,0.7095810501020883,0.300456915381218,0.19015195373008395,0.14654703032383612,3.0,-1.7320508075688772,1.7320508075688772,True,D_with_TF,ferro_like_J_negative
0.4111111111111111,0.0,0.0,0.0,-1.7320508075688772,-1.7320508075688772,-1.7320508075688772,0.34641016151377546,0.0,0.0,0.0,,-1.8561983920285633e-16,1.8561983920285633e-16,4.805139755722376e-16,0.0,2.612919669261215,0.4480214119451559,0.45409196966670207,0.43019640862986114,0.0,-1.7320508075688772,1.7320508075688772,True,D_with_TF,ferro_like_J_negative
0.4111111111111111,0.17320508075688773,0.17320508075688773,0.1,-1.7320508075688772,-1.7320508075688772,-1.7320508075688772,0.34641016151377546,1.2,0.08999999999999998,0.0036310594886999454,0.0403451054299994,-0.0009830498621884237,0.0009830498621884237,0.001427444694200996,0.00019313235049689403,2.641943485637001,0.42531110637392144,0.4580079802621403,0.44351967916821844,0.1,-1.7320508075688772,1.7320508075688772,True,D_with_TF,ferro_like_J_negative
0.4111111111111111,0.4330127018922193,0.4330127018922193,0.25,-1.7320508075688772,-1.7320508075688772,-1.7320508075688772,0.34641016151377546,2.9999999999999996,0.5624999999999998,0.009834651445395175,0.01748382479181365,-0.005317489970846144,0.005317489970846144,0.007366271522825309,0.00121408755252439,2.6372293728389584,0.4018659111613317,0.4584178951305598,0.4424972213373457,0.25,-1.7320508075688772,1.7320508075688772,True,D_with_TF,ferro_like_J_negative
0.4111111111111111,0.8660254037844386,0.8660254037844386,0.5,-1.7320508075688772,-1.7320508075688772,-1.7320508075688772,0.34641016151377546,5.999999999999999,2.249999999999999,0.12123534012050963,0.05388237338689319,-0.016335900556920323,0.016335900556920323,0.023246592222000907,0.00453826151645309,2.5441988891362,0.41335515918743543,0.44919199341849725,0.4173172432225922,0.5,-1.7320508075688772,1.7320508075688772,True,D_with_TF,ferro_like_J_negative
0.4111111111111111,1.299038105676658,1.299038105676658,0.7500000000000001,-1.7320508075688772,-1.7320508075688772,-1.7320508075688772,0.34641016151377546,9.0,5.0625,0.3978097024591033,0.07857969431290929,-0.02587867746360825,0.02587867746360825,0.04062368861041113,0.00872210861761169,2.3614870538202135,0.4409271811538,0.4287273877625618,0.39058680787191424,0.75,-1.7320508075688772,1.7320508075688772,True,D_with_TF,ferro_like_J_negative
0.4111111111111111,1.7320508075688772,1.7320508075688772,1.0,-1.7320508075688772,-1.7320508075688772,-1.7320508075688772,0.34641016151377546,11.999999999999998,8.999999999999996,0.6279264262655425,0.06976960291839364,-0.0314505610784188,0.0314505610784188,0.05410275397963017,0.012247125705290518,2.0530016897405936,0.43311129593720554,0.3915686689737174,0.35506554556591796,1.0,-1.7320508075688772,1.7320508075688772,True,D_with_TF,ferro_like_J_negative
0.4111111111111111,2.598076211353316,2.598076211353316,1.5000000000000002,-1.7320508075688772,-1.7320508075688772,-1.7320508075688772,0.34641016151377546,18.0,20.25,0.4175526211262225,0.020619882524751727,-0.035044173143195204,0.035044173143195204,0.06114900610252903,0.014171900230118717,1.1747799377192405,0.2902873165979413,0.27465792150969687,0.2594282266456872,1.5,-1.7320508075688772,1.7320508075688772,True,D_with_TF,ferro_like_J_negative
0.4111111111111111,3.4641016151377544,3.4641016151377544,2.0,-1.7320508075688772,-1.7320508075688772,-1.7320508075688772,0.34641016151377546,23.999999999999996,35.999999999999986,0.9803298076235714,0.027231383545099214,-0.02709524840170424,0.02709524840170424,0.04651730426792411,0.010236620370341676,0.7455264673035408,0.17056538307466002,0.205787313071084,0.19155138096379876,2.0,-1.7320508075688772,1.7320508075688772,True,D_with_TF,ferro_like_J_negative
0.4111111111111111,5.196152422706632,5.196152422706632,3.0000000000000004,-1.7320508075688772,-1.7320508075688772,-1.7320508075688772,0.34641016151377546,36.0,81.0,6.025365124364099,0.07438722375758147,-0.005656828876150443,0.005656828876150443,0.026667566128468396,0.005324586456687985,0.6657714209755966,0.2709618699128943,0.18135199290338064,0.13296656318925237,3.0,-1.7320508075688772,1.7320508075688772,True,D_with_TF,ferro_like_J_negative
0.4388888888888889,0.0,0.0,0.0,-1.7320508075688772,-1.7320508075688772,-1.7320508075688772,0.34641016151377546,0.0,0.0,0.0,,8.7545416269407e-16,0.0,3.2034265038149176e-16,2.220446049250313e-16,2.6232609427937725,0.44981925030393743,0.45531104469735373,0.4310226292250891,0.0,-1.7320508075688772,1.7320508075688772,True,D_with_TF,ferro_like_J_negative
0.4388888888888889,0.17320508075688773,0.17320508075688773,0.1,-1.7320508075688772,-1.7320508075688772,-1.7320508075688772,0.34641016151377546,1.2,0.08999999999999998,0.002548051613861799,0.028311684598464438,-0.0012832719561477592,0.0012832719561477592,0.001804337884519823,0.00025047605971029174,2.6492356300710727,0.42379332428054617,0.4589412767311736,0.44462935387662794,0.1,-1.7320508075688772,1.7320508075688772,True,D_with_TF,ferro_like_J_negative
0.4388888888888889,0.4330127018922193,0.4330127018922193,0.25,-1.7320508075688772,-1.7320508075688772,-1.7320508075688772,0.34641016151377546,2.9999999999999996,0.5624999999999998,0.010254521190004886,0.018230259893342027,-0.006833689480805294,0.006833689480805294,0.009236990802502754,0.001570244754157235,2.6364835079538333,0.3982689463704645,0.45862729634036237,0.44129938763443494,0.25,-1.7320508075688772,1.7320508075688772,True,D_with_TF,ferro_like_J_negative
0.4388888888888889,0.8660254037844386,0.8660254037844386,0.5,-1.7320508075688772,-1.7320508075688772,-1.7320508075688772,0.34641016151377546,5.999999999999999,2.249999999999999,0.1534085889619688,0.06818159509420837,-0.020235014578397957,0.020235014578397957,0.028662235887635258,0.005792213158581583,2.5411487804237423,0.415715883073965,0.44950258069977006,0.4150481373465072,0.5,-1.7320508075688772,1.7320508075688772,True,D_with_TF,ferro_like_J_negative
0.4388888888888889,1.299038105676658,1.299038105676658,0.7500000000000001,-1.7320508075688772,-1.7320508075688772,-1.7320508075688772,0.34641016151377546,9.0,5.0625,0.45104160743477834,0.08909463850563523,-0.03098245376279351,0.03098245376279351,0.0489848680367917,0.010883330440145222,2.3595258389691702,0.44547257124214296,0.4293119110596879,0.38832960469273015,0.75,-1.7320508075688772,1.7320508075688772,True,D_with_TF,ferro_like_J_negative
0.4388888888888889,1.7320508075688772,1.7320508075688772,1.0,-1.7320508075688772,-1.7320508075688772,-1.7320508075688772,0.34641016151377546,11.999999999999998,8.999999999999996,0.6385233773809904,0.07094704193122119,-0.037023844208967635,0.037023844208967635,0.06354880081628846,0.014839317039862299,2.0217661866816137,0.4325335642169005,0.3884859604480139,0.34953651471441466,1.0,-1.7320508075688772,1.7320508075688772,True,D_with_TF,ferro_like_J_negative
0.4388888888888889,2.598076211353316,2.598076211353316,1.5000000000000002,-1.7320508075688772,-1.7320508075688772,-1.7320508075688772,0.34641016151377546,18.0,20.25,0.46373498854147394,0.022900493261307355,-0.040293652346683986,0.040293652346683986,0.06726994890224934,0.01588569926049943,1.1046422057767562,0.27881711392533537,0.26558459904667747,0.2552624439122482,1.5,-1.7320508075688772,1.7320508075688772,True,D_with_TF,ferro_like_J_negative
0.4388888888888889,3.4641016151377544,3.4641016151377544,2.0,-1.7320508075688772,-1.7320508075688772,-1.7320508075688772,0.34641016151377546,23.999999999999996,35.999999999999986,0.7450667255959775,0.020696297933221607,-0.026379970211161605,0.026379970211161605,0.046791963758142055,0.010308245722382203,0.8083983989560695,0.23712327875956754,0.21557550383185325,0.1952721906273902,2.0,-1.7320508075688772,1.7320508075688772,True,D_with_TF,ferro_like_J_negative
0.4388888888888889,5.196152422706632,5.196152422706632,3.0000000000000004,-1.7320508075688772,-1.7320508075688772,-1.7320508075688772,0.34641016151377546,36.0,81.0,4.385123108152738,0.05413732232287331,-0.008362268897010458,0.008362268897010458,0.033169360610098494,0.006871933314806733,0.6266851267683553,0.2595578471598734,0.17729936751177372,0.13762677535800694,3.0,-1.7320508075688772,1.7320508075688772,True,D_with_TF,ferro_like_J_negative
0.4666666666666667,0.0,0.0,0.0,-1.7320508075688772,-1.7320508075688772,-1.7320508075688772,0.34641016151377546,0.0,0.0,0.0,,3.822159301157772e-16,0.0,1.6017132519074588e-16,-2.220446049250313e-16,2.623494554194852,0.44987102361277054,0.4553385468257575,0.43104073836473084,0.0,-1.7320508075688772,1.7320508075688772,True,D_with_TF,ferro_like_J_negative
0.4666666666666667,0.17320508075688773,0.17320508075688773,0.1,-1.7320508075688772,-1.7320508075688772,-1.7320508075688772,0.34641016151377546,1.2,0.08999999999999998,0.0012802651694884615,0.014225168549871797,-0.0016003954416134551,0.0016003954416134551,0.002246134078152374,0.0003195966365585612,2.643720844856846,0.423729667560486,0.45836287486913807,0.444284432726426,0.1,-1.7320508075688772,1.7320508075688772,True,D_with_TF,ferro_like_J_negative
0.4666666666666667,0.4330127018922193,0.4330127018922193,0.25,-1.7320508075688772,-1.7320508075688772,-1.7320508075688772,0.34641016151377546,2.9999999999999996,0.5624999999999998,0.017086438586659133,0.03037589082072736,-0.008414455259008857,0.008414455259008857,0.011405501112812577,0.0019975479731210166,2.620793164273234,0.4000112370826766,0.45709036835065675,0.4389028743877758,0.25,-1.7320508075688772,1.7320508075688772,True,D_with_TF,ferro_like_J_negative
0.4666666666666667,0.8660254037844386,0.8660254037844386,0.5,-1.7320508075688772,-1.7320508075688772,-1.7320508075688772,0.34641016151377546,5.999999999999999,2.249999999999999,0.19023423414727422,0.08454854850989969,-0.02417679432503015,0.02417679432503015,0.034782286593589305,0.007265696588924175,2.5291901181167917,0.4210427049266982,0.44877871450803625,0.4123191538131844,0.5,-1.7320508075688772,1.7320508075688772,True,D_with_TF,ferro_like_J_negative
0.4666666666666667,1.299038105676658,1.299038105676658,0.7500000000000001,-1.7320508075688772,-1.7320508075688772,-1.7320508075688772,0.34641016151377546,9.0,5.0625,0.5027068403798716,0.09930011661824624,-0.036227594928759425,0.036227594928759425,0.0581062526485649,0.01333423937223932,2.352534683321982,0.4493987246698027,0.4292802864988511,0.38560259417723863,0.75,-1.7320508075688772,1.7320508075688772,True,D_with_TF,ferro_like_J_negative
0.4666666666666667,1.7320508075688772,1.7320508075688772,1.0,-1.7320508075688772,-1.7320508075688772,-1.7320508075688772,0.34641016151377546,11.999999999999998,8.999999999999996,0.6325539847734879,0.07028377608594313,-0.04286491999073963,0.04286491999073963,0.07339653989781911,0.017637896211807558,1.9788354489330384,0.430380324085678,0.38389668028305873,0.3424300151505102,1.0,-1.7320508075688772,1.7320508075688772,True,D_with_TF,ferro_like_J_negative
0.4666666666666667,2.598076211353316,2.598076211353316,1.5000000000000002,-1.7320508075688772,-1.7320508075688772,-1.7320508075688772,0.34641016151377546,18.0,20.25,0.5424214371207821,0.026786243808433682,-0.0453883620370024,0.0453883620370024,0.07250266264362405,0.017380021295474668,1.056801221896542,0.2745795340633656,0.25963483532265436,0.2550268193850396,1.5,-1.7320508075688772,1.7320508075688772,True,D_with_TF,ferro_like_J_negative
0.4666666666666667,3.4641016151377544,3.4641016151377544,2.0,-1.7320508075688772,-1.7320508075688772,-1.7320508075688772,0.34641016151377546,23.999999999999996,35.999999999999986,0.7938977868070974,0.02205271630019716,-0.024368305954413076,0.024368305954413076,0.04626142870570061,0.010169975186839042,0.8637719113500524,0.29545668254777974,0.2238513050020145,0.2007469158686591,2.0,-1.7320508075688772,1.7320508075688772,True,D_with_TF,ferro_like_J_negative
0.4666666666666667,5.196152422706632,5.196152422706632,3.0000000000000004,-1.7320508075688772,-1.7320508075688772,-1.7320508075688772,0.34641016151377546,36.0,81.0,3.1900582391404115,0.03938343505111619,-0.013302464765014087,0.013302464765014087,0.04110999841833685,0.008845415575566173,0.6433167872420786,0.29313032736375383,0.18487548802232248,0.16818270924924167,3.0,-1.7320508075688772,1.7320508075688772,True,D_with_TF,ferro_like_J_negative
0.49444444444444446,0.0,0.0,0.0,-1.7320508075688772,-1.7320508075688772,-1.7320508075688772,0.34641016151377546,0.0,0.0,0.0,,-7.771561172376096e-16,7.771561172376096e-16,-0.0,0.0,2.613681277568105,0.4481243525689925,0.45418185443312653,0.43025875489100845,0.0,-1.7320508075688772,1.7320508075688772,True,D_with_TF,ferro_like_J_negative
0.49444444444444446,0.17320508075688773,0.17320508075688773,0.1,-1.7320508075688772,-1.7320508075688772,-1.7320508075688772,0.34641016151377546,1.2,0.08999999999999998,0.0005837200317233144,0.00648577813025905,-0.0019122662111819024,0.0019122662111819024,0.002758557735752286,0.0004019552229609369,2.6246958138627767,0.4256143108258807,0.45618354367935,0.44234899055685806,0.1,-1.7320508075688772,1.7320508075688772,True,D_with_TF,ferro_like_J_negative
0.49444444444444446,0.4330127018922193,0.4330127018922193,0.25,-1.7320508075688772,-1.7320508075688772,-1.7320508075688772,0.34641016151377546,2.9999999999999996,0.5624999999999998,0.026722777801377173,0.04750716053578166,-0.009972293048739875,0.009972293048739875,0.01389223955515744,0.002504155128218777,2.5896988549484545,0.40679024857677215,0.45373573645948284,0.4353249063321996,0.25,-1.7320508075688772,1.7320508075688772,True,D_with_TF,ferro_like_J_negative
0.49444444444444446,0.8660254037844386,0.8660254037844386,0.5,-1.7320508075688772,-1.7320508075688772,-1.7320508075688772,0.34641016151377546,5.999999999999999,2.249999999999999,0.22910088118064983,0.10182261385806664,-0.028102373308010763,0.028102373308010763,0.04161756783212182,0.008974439089228237,2.5101154919910584,0.426882171661978,0.4472211650941777,0.40929054139428506,0.5,-1.7320508075688772,1.7320508075688772,True,D_with_TF,ferro_like_J_negative
0.49444444444444446,1.299038105676658,1.299038105676658,0.7500000000000001,-1.7320508075688772,-1.7320508075688772,-1.7320508075688772,0.34641016151377546,9.0,5.0625,0.5475772895032899,0.1081634152105264,-0.04175580797873667,0.04175580797873667,0.06792699545159477,0.016071882398877912,2.339631771593044,0.4517255021471523,0.4285276488034798,0.38210234652234865,0.75,-1.7320508075688772,1.7320508075688772,True,D_with_TF,ferro_like_J_negative
0.49444444444444446,1.7320508075688772,1.7320508075688772,1.0,-1.7320508075688772,-1.7320508075688772,-1.7320508075688772,0.34641016151377546,11.999999999999998,8.999999999999996,0.6045186986855587,0.06716874429839544,-0.048899279265166046,0.048899279265166046,0.08349827229210524,0.02060302123421176,1.9216984783893867,0.42612136721639493,0.3774396154527588,0.33340988152045214,1.0,-1.7320508075688772,1.7320508075688772,True,D_with_TF,ferro_like_J_negative
0.49444444444444446,2.598076211353316,2.598076211353316,1.5000000000000002,-1.7320508075688772,-1.7320508075688772,-1.7320508075688772,0.34641016151377546,18.0,20.25,0.6170793037485705,0.03047305203696644,-0.050079403482830326,0.050079403482830326,0.07665213335283536,0.01858338859274211,1.03551576873528,0.27386962202106524,0.2573363276501964,0.25190729571029574,1.5,-1.7320508075688772,1.7320508075688772,True,D_with_TF,ferro_like_J_negative
0.49444444444444446,3.4641016151377544,3.4641016151377544,2.0,-1.7320508075688772,-1.7320508075688772,-1.7320508075688772,0.34641016151377546,23.999999999999996,35.999999999999986,1.1743321062849283,0.03262033628569247,-0.02150756914438806,0.02150756914438806,0.04547371881707424,0.009965306326801815,0.8870875871930543,0.3355389474582199,0.22688402363046048,0.20447721815975825,2.0,-1.7320508075688772,1.7320508075688772,True,D_with_TF,ferro_like_J_negative
0.49444444444444446,5.196152422706632,5.196152422706632,3.0000000000000004,-1.7320508075688772,-1.7320508075688772,-1.7320508075688772,0.34641016151377546,36.0,81.0,4.098387710131677,0.05059737913742811,-0.02015030759225627,0.02015030759225627,0.049257325383687496,0.010955177467508626,0.7295681429107539,0.32697581685031135,0.20164912543767155,0.1838194333295895,3.0,-1.7320508075688772,1.7320508075688772,True,D_with_TF,ferro_like_J_negative
0.5222222222222223,0.0,0.0,0.0,-1.7320508075688772,-1.7320508075688772,-1.7320508075688772,0.34641016151377546,0.0,0.0,0.0,,-1.1102230246251565e-16,1.1102230246251565e-16,-0.0,-2.220446049250313e-16,2.591438139255486,0.44651419860859975,0.45155093728841844,0.42836170793228806,0.0,-1.7320508075688772,1.7320508075688772,True,D_with_TF,ferro_like_J_negative
0.5222222222222223,0.17320508075688773,0.17320508075688773,0.1,-1.7320508075688772,-1.7320508075688772,-1.7320508075688772,0.34641016151377546,1.2,0.08999999999999998,0.001999459456528406,0.02221621618364896,-0.0021962900354710936,0.0021962900354710936,0.0033473504312010126,0.0004990858090366812,2.5892479021098502,0.430825286199099,0.45204262758847275,0.4384259186183855,0.1,-1.7320508075688772,1.7320508075688772,True,D_with_TF,ferro_like_J_negative
0.5222222222222223,0.4330127018922193,0.4330127018922193,0.25,-1.7320508075688772,-1.7320508075688772,-1.7320508075688772,0.34641016151377546,2.9999999999999996,0.5624999999999998,0.0374829814496698,0.06663641146607967,-0.011437947870689021,0.011437947870689021,0.016716705522315137,0.003098467004738703,2.541450236501123,0.4174160773165332,0.4483278307216509,0.4303484559751838,0.25,-1.7320508075688772,1.7320508075688772,True,D_with_TF,ferro_like_J_negative
0.5222222222222223,0.8660254037844386,0.8660254037844386,0.5,-1.7320508075688772,-1.7320508075688772,-1.7320508075688772,0.34641016151377546,5.999999999999999,2.249999999999999,0.26761142934317345,0.11893841304141047,-0.032086870551997264,0.032086870551997264,0.049171068923333845,0.010932422258435492,2.4852284462452108,0.43103402307262917,0.4449830065862211,0.4059599552688547,0.5,-1.7320508075688772,1.7320508075688772,True,D_with_TF,ferro_like_J_negative
0.5222222222222223,1.299038105676658,1.299038105676658,0.7500000000000001,-1.7320508075688772,-1.7320508075688772,-1.7320508075688772,0.34641016151377546,9.0,5.0625,0.5809013664760072,0.1147459489335323,-0.0477206404531231,0.0477206404531231,0.07837386235742314,0.01908734699914194,2.3185485795542844,0.45243008938244444,0.4267737781906331,0.377310095194076,0.75,-1.7320508075688772,1.7320508075688772,True,D_with_TF,ferro_like_J_negative
0.5222222222222223,1.7320508075688772,1.7320508075688772,1.0,-1.7320508075688772,-1.7320508075688772,-1.7320508075688772,0.34641016151377546,11.999999999999998,8.999999999999996,0.5511351872549877,0.061237243028331986,-0.05491310609884052,0.05491310609884052,0.09369690264422555,0.023687153415298368,1.8487278648398728,0.4193258287589448,0.3688326692908015,0.32236283764613755,1.0,-1.7320508075688772,1.7320508075688772,True,D_with_TF,ferro_like_J_negative
0.5222222222222223,2.598076211353316,2.598076211353316,1.5000000000000002,-1.7320508075688772,-1.7320508075688772,-1.7320508075688772,0.34641016151377546,18.0,20.25,0.6629947738686156,0.032740482660178545,-0.05403110613279902,0.05403110613279902,0.07959850177759001,0.019447437151131952,1.0381435176427125,0.2761376428685803,0.258152561476388,0.24870429712540043,1.5,-1.7320508075688772,1.7320508075688772,True,D_with_TF,ferro_like_J_negative
0.5222222222222223,3.4641016151377544,3.4641016151377544,2.0,-1.7320508075688772,-1.7320508075688772,-1.7320508075688772,0.34641016151377546,23.999999999999996,35.999999999999986,1.6484933921672462,0.045791483115756856,-0.018257390899471385,0.018257390899471385,0.04512018876929906,0.00987369504429636,0.8706797523326391,0.3532858823339756,0.22343129134079825,0.20511427010241362,2.0,-1.7320508075688772,1.7320508075688772,True,D_with_TF,ferro_like_J_negative
0.5222222222222223,5.196152422706632,5.196152422706632,3.0000000000000004,-1.7320508075688772,-1.7320508075688772,-1.7320508075688772,0.34641016151377546,36.0,81.0,5.529882798467765,0.06827015800577488,-0.02694243095539328,0.02694243095539328,0.05624564413632532,0.012826849002149698,0.8625071460372984,0.34790683526245414,0.22340668071275513,0.1937198358407713,3.0,-1.7320508075688772,1.7320508075688772,True,D_with_TF,ferro_like_J_negative
0.55,0.0,0.0,0.0,-1.7320508075688772,-1.7320508075688772,-1.7320508075688772,0.34641016151377546,0.0,0.0,0.0,,-5.551115123125783e-16,5.551115123125783e-16,-0.0,2.220446049250313e-16,2.5523507258292657,0.44788752189219594,0.44690362300754466,0.42476207161975194,0.0,-1.7320508075688772,1.7320508075688772,True,D_with_TF,ferro_like_J_negative
0.55,0.17320508075688773,0.17320508075688773,0.1,-1.7320508075688772,-1.7320508075688772,-1.7320508075688772,0.34641016151377546,1.2,0.08999999999999998,0.003668849601481789,0.04076499557201989,-0.0024336521934260743,0.0024336521934260743,0.004018257065621742,0.0006125936600341886,2.532859412961087,0.44024450180845076,0.4453734578683384,0.4319293772205403,0.1,-1.7320508075688772,1.7320508075688772,True,D_with_TF,ferro_like_J_negative
0.55,0.4330127018922193,0.4330127018922193,0.25,-1.7320508075688772,-1.7320508075688772,-1.7320508075688772,0.34641016151377546,2.9999999999999996,0.5624999999999998,0.04863975797181416,0.08647068083878076,-0.012782749782020365,0.012782749782020365,0.019897359226029265,0.0037890880895612433,2.4738898138443037,0.4296677018407362,0.44057014478273865,0.42361508565485656,0.25,-1.7320508075688772,1.7320508075688772,True,D_with_TF,ferro_like_J_negative
0.55,0.8660254037844386,0.8660254037844386,0.5,-1.7320508075688772,-1.7320508075688772,-1.7320508075688772,0.34641016151377546,5.999999999999999,2.249999999999999,0.30355988602672435,0.13491550490076643,-0.03634269858079596,0.03634269858079596,0.057437928851689204,0.013151559813024516,2.45583104956805,0.4319363871636077,0.44223138816548374,0.40223262942885135,0.5,-1.7320508075688772,1.7320508075688772,True,D_with_TF,ferro_like_J_negative
0.55,1.299038105676658,1.299038105676658,0.7500000000000001,-1.7320508075688772,-1.7320508075688772,-1.7320508075688772,0.34641016151377546,9.0,5.0625,0.5987125899969079,0.11826421530803119,-0.05414337501593873,0.05414337501593873,0.08936330245449338,0.022365887356280423,2.2861358151190565,0.4521152439494841,0.423595953312475,0.37056856342989225,0.75,-1.7320508075688772,1.7320508075688772,True,D_with_TF,ferro_like_J_negative
0.55,1.7320508075688772,1.7320508075688772,1.0,-1.7320508075688772,-1.7320508075688772,-1.7320508075688772,0.34641016151377546,11.999999999999998,8.999999999999996,0.47194916619752475,0.05243879624416944,-0.06064647192175174,0.06064647192175174,0.10382911960017963,0.02683609362671413,1.7602657530882613,0.40966074546125875,0.3580425712050011,0.3096208579282735,1.0,-1.7320508075688772,1.7320508075688772,True,D_with_TF,ferro_like_J_negative
0.55,2.598076211353316,2.598076211353316,1.5000000000000002,-1.7320508075688772,-1.7320508075688772,-1.7320508075688772,0.34641016151377546,18.0,20.25,0.6640313087591392,0.032791669568352555,-0.05686368206888054,0.05686368206888054,0.08132261085465636,0.01995666624149328,1.054709285783366,0.28343869272967914,0.26054264123626486,0.2422127896347248,1.5,-1.7320508075688772,1.7320508075688772,True,D_with_TF,ferro_like_J_negative
0.55,3.4641016151377544,3.4641016151377544,2.0,-1.7320508075688772,-1.7320508075688772,-1.7320508075688772,0.34641016151377546,23.999999999999996,35.999999999999986,2.0703442908369944,0.05750956363436098,-0.015289392616070735,0.015289392616070735,0.04592022874812987,0.010081229543179582,0.8280743693137781,0.3519010130544328,0.21540862313875744,0.19759291285649713,2.0,-1.7320508075688772,1.7320508075688772,True,D_with_TF,ferro_like_J_negative
0.55,5.196152422706632,5.196152422706632,3.0000000000000004,-1.7320508075688772,-1.7320508075688772,-1.7320508075688772,0.34641016151377546,36.0,81.0,5.990831904206251,0.07396088770625002,-0.031801698544482344,0.031801698544482344,0.06097828607151578,0.01412464576575101,0.9967859911428385,0.36007733652340657,0.24402643525628526,0.20674626969384205,3.0,-1.7320508075688772,1.7320508075688772,True,D_with_TF,ferro_like_J_negative
0.64,0.0,0.0,0.0,-1.7320508075688772,-1.7320508075688772,-1.7320508075688772,0.34641016151377546,0.0,0.0,0.0,,-5.551115123125783e-16,5.551115123125783e-16,-0.0,0.0,2.2412161447929995,0.4810508926061149,0.40910946954256283,0.39182236873994825,0.0,-1.7320508075688772,1.7320508075688772,True,D_with_TF,ferro_like_J_negative
0.64,0.17320508075688773,0.17320508075688773,0.1,-1.7320508075688772,-1.7320508075688772,-1.7320508075688772,0.34641016151377546,1.2,0.08999999999999998,0.008978439682695037,0.09976044091883376,-0.002814251842063807,0.002814251842063807,0.006824672214870532,0.0011134026771051353,2.148162097269453,0.4792134014877543,0.3984757054982906,0.3854455957041705,0.1,-1.7320508075688772,1.7320508075688772,True,D_with_TF,ferro_like_J_negative
0.64,0.4330127018922193,0.4330127018922193,0.25,-1.7320508075688772,-1.7320508075688772,-1.7320508075688772,0.34641016151377546,2.9999999999999996,0.5624999999999998,0.08181322333213424,0.1454457303682387,-0.017134035757075602,0.017134035757075602,0.03284832039256559,0.006794009669885748,2.117098204396714,0.44349809934175777,0.39798194463340775,0.38613559087513255,0.25,-1.7320508075688772,1.7320508075688772,True,D_with_TF,ferro_like_J_negative
0.64,0.8660254037844386,0.8660254037844386,0.5,-1.7320508075688772,-1.7320508075688772,-1.7320508075688772,0.34641016151377546,5.999999999999999,2.249999999999999,0.38021813046965836,0.16898583576429266,-0.055291833041770044,0.055291833041770044,0.08892300878040965,0.022232526974607425,2.347794016243178,0.4102307632540902,0.43217243622515294,0.3855955686631651,0.5,-1.7320508075688772,1.7320508075688772,True,D_with_TF,ferro_like_J_negative
0.64,1.299038105676658,1.299038105676658,0.7500000000000001,-1.7320508075688772,-1.7320508075688772,-1.7320508075688772,0.34641016151377546,9.0,5.0625,0.522961221551249,0.10330098203481462,-0.07380141432238768,0.07380141432238768,0.12756053099329273,0.0345193463668072,2.061220477515956,0.4497179352888932,0.39664914538347434,0.32705341465488186,0.75,-1.7320508075688772,1.7320508075688772,True,D_with_TF,ferro_like_J_negative
0.64,1.7320508075688772,1.7320508075688772,1.0,-1.7320508075688772,-1.7320508075688772,-1.7320508075688772,0.34641016151377546,11.999999999999998,8.999999999999996,0.13745173742492542,0.015272415269436164,-0.07781014891462723,0.07781014891462723,0.13421932877998577,0.036748295958781596,1.4209695355639094,0.37699897678668415,0.315715691475868,0.2729513031103578,1.0,-1.7320508075688772,1.7320508075688772,True,D_with_TF,ferro_like_J_negative
0.64,2.598076211353316,2.598076211353316,1.5000000000000002,-1.7320508075688772,-1.7320508075688772,-1.7320508075688772,0.34641016151377546,18.0,20.25,0.35424449064617713,0.017493555093638376,-0.05567500952918805,0.05567500952918805,0.08046495071327883,0.01970301845748823,1.0402352752383635,0.3641304529250776,0.2564935556561025,0.22333602687737777,1.5,-1.7320508075688772,1.7320508075688772,True,D_with_TF,ferro_like_J_negative
0.64,3.4641016151377544,3.4641016151377544,2.0,-1.7320508075688772,-1.7320508075688772,-1.7320508075688772,0.34641016151377546,23.999999999999996,35.999999999999986,2.3085760238238064,0.06412711177288354,-0.02229803870061431,0.02229803870061431,0.061964955694465695,0.01439816611187883,0.8950678799451414,0.3802683833676549,0.2277403159952171,0.1983701676892401,2.0,-1.7320508075688772,1.7320508075688772,True,D_with_TF,ferro_like_J_negative
0.64,5.196152422706632,5.196152422706632,3.0000000000000004,-1.7320508075688772,-1.7320508075688772,-1.7320508075688772,0.34641016151377546,36.0,81.0,1.533006944078615,0.018926011655291543,-0.03276532871714889,0.03276532871714889,0.06167806392584395,0.014318531860992967,1.0766572805247654,0.39078906939382163,0.25757879712749127,0.22609399436388378,3.0,-1.7320508075688772,1.7320508075688772,True,D_with_TF,ferro_like_J_negative
0.73,0.0,0.0,0.0,-1.7320508075688772,-1.7320508075688772,-1.7320508075688772,0.34641016151377546,0.0,0.0,0.0,,-3.4579116439360216e-16,3.4579116439360216e-16,3.2034265038149176e-16,-2.220446049250313e-16,1.551374452572661,0.4770078937803529,0.3198062599849332,0.30832374596716494,0.0,-1.7320508075688772,1.7320508075688772,True,D_with_TF,ferro_like_J_negative
0.73,0.17320508075688773,0.17320508075688773,0.1,-1.7320508075688772,-1.7320508075688772,-1.7320508075688772,0.34641016151377546,1.2,0.08999999999999998,0.01270595571162915,0.14117728568476837,-0.003133536674433838,0.003133536674433838,0.010745599245043699,0.0018659983603075414,1.4237406920271676,0.43733278307447343,0.30337114470918514,0.2919437883503341,0.1,-1.7320508075688772,1.7320508075688772,True,D_with_TF,ferro_like_J_negative
0.73,0.4330127018922193,0.4330127018922193,0.25,-1.7320508075688772,-1.7320508075688772,-1.7320508075688772,0.34641016151377546,2.9999999999999996,0.5624999999999998,0.10103955830025597,0.17962588142267735,-0.02636355678979852,0.02636355678979852,0.05019688246435949,0.011203600692728632,1.6778052384026978,0.3562383667176641,0.3433642963922017,0.3306269008843367,0.25,-1.7320508075688772,1.7320508075688772,True,D_with_TF,ferro_like_J_negative
0.73,0.8660254037844386,0.8660254037844386,0.5,-1.7320508075688772,-1.7320508075688772,-1.7320508075688772,0.34641016151377546,5.999999999999999,2.249999999999999,0.36587495310676216,0.16261109026967213,-0.08065647961432951,0.08065647961432951,0.12679650270974932,0.034265584026312634,2.2236730447786086,0.38919140923133105,0.4194211340960921,0.3543473912168293,0.5,-1.7320508075688772,1.7320508075688772,True,D_with_TF,ferro_like_J_negative
0.73,1.299038105676658,1.299038105676658,0.7500000000000001,-1.7320508075688772,-1.7320508075688772,-1.7320508075688772,0.34641016151377546,9.0,5.0625,0.25788851151645376,0.05094094054646,-0.07757645167964272,0.07757645167964272,0.16704219001222304,0.048168905174305054,1.6089521307039958,0.41889446046958034,0.33246787428330876,0.24452667086433916,0.75,-1.7320508075688772,1.7320508075688772,True,D_with_TF,ferro_like_J_negative
0.73,1.7320508075688772,1.7320508075688772,1.0,-1.7320508075688772,-1.7320508075688772,-1.7320508075688772,0.34641016151377546,11.999999999999998,8.999999999999996,0.434657724978794,0.04829530277542158,-0.10288858396776948,0.10288858396776948,0.15695073470302454,0.04458327885053892,1.1974509540706184,0.36886269192598775,0.2911396355591051,0.289292299074114,1.0,-1.7320508075688772,1.7320508075688772,True,D_with_TF,ferro_like_J_negative
0.73,2.598076211353316,2.598076211353316,1.5000000000000002,-1.7320508075688772,-1.7320508075688772,-1.7320508075688772,0.34641016151377546,18.0,20.25,0.923876236614278,0.04562351785749521,-0.04371002413595905,0.04371002413595905,0.07928601814017382,0.019355427002318404,0.901089674981066,0.37689431672889756,0.23317670619583872,0.2155821002336531,1.5,-1.7320508075688772,1.7320508075688772,True,D_with_TF,ferro_like_J_negative
0.73,3.4641016151377544,3.4641016151377544,2.0,-1.7320508075688772,-1.7320508075688772,-1.7320508075688772,0.34641016151377546,23.999999999999996,35.999999999999986,1.0802700578749784,0.030007501607638303,-0.051439539740446294,0.051439539740446294,0.09383358049098173,0.023729078469021392,1.4265918973294445,0.46453380774839975,0.31391627556475016,0.30914922911835563,2.0,-1.7320508075688772,1.7320508075688772,True,D_with_TF,ferro_like_J_negative
0.73,5.196152422706632,5.196152422706632,3.0000000000000004,-1.7320508075688772,-1.7320508075688772,-1.7320508075688772,0.34641016151377546,36.0,81.0,5.100542054143154,0.06296965498942166,-0.036305662103557595,0.036305662103557595,0.073646772692577,0.017710220110400687,1.2553873130745221,0.4296605335164801,0.28652548191604355,0.28509721446924957,3.0,-1.7320508075688772,1.7320508075688772,True,D_with_TF,ferro_like_J_negative
0.8200000000000001,0.0,0.0,0.0,-1.7320508075688772,-1.7320508075688772,-1.7320508075688772,0.34641016151377546,0.0,0.0,0.0,,1.4733525692318507e-15,0.0,6.406853007629834e-16,-2.220446049250313e-16,0.6046609975511217,0.31874617917236897,0.17442340936833023,0.16882701816508072,0.0,-1.7320508075688772,1.7320508075688772,True,D_with_TF,ferro_like_J_negative
0.8200000000000001,0.17320508075688773,0.17320508075688773,0.1,-1.7320508075688772,-1.7320508075688772,-1.7320508075688772,0.34641016151377546,1.2,0.08999999999999998,0.013699366260034908,0.15221518066705456,-0.005718551822535799,0.005718551822535799,0.015965472389622377,0.0029385647323671993,0.6459625492550904,0.23806454170188746,0.1840226954303452,0.17918891738253712,0.1,-1.7320508075688772,1.7320508075688772,True,D_with_TF,ferro_like_J_negative
0.8200000000000001,0.4330127018922193,0.4330127018922193,0.25,-1.7320508075688772,-1.7320508075688772,-1.7320508075688772,0.34641016151377546,2.9999999999999996,0.5624999999999998,0.09963811060807323,0.17713441885879694,-0.04237438983615373,0.04237438983615373,0.07224205969004759,0.01730498134762748,1.5105433107665016,0.20735491876487308,0.3234879001076761,0.2954154141093195,0.25,-1.7320508075688772,1.7320508075688772,True,D_with_TF,ferro_like_J_negative
0.8200000000000001,0.8660254037844386,0.8660254037844386,0.5,-1.7320508075688772,-1.7320508075688772,-1.7320508075688772,0.34641016151377546,5.999999999999999,2.249999999999999,0.2599649365081525,0.11553997178140116,-0.09333006938335792,0.09333006938335792,0.16962784801624803,0.049097876661661655,1.9555927588730393,0.4249373809286452,0.3822074839770875,0.29047352609476057,0.5,-1.7320508075688772,1.7320508075688772,True,D_with_TF,ferro_like_J_negative
0.8200000000000001,1.299038105676658,1.299038105676658,0.7500000000000001,-1.7320508075688772,-1.7320508075688772,-1.7320508075688772,0.34641016151377546,9.0,5.0625,0.12401283049492814,0.024496361579245066,-0.07908771892970898,0.07908771892970898,0.2042217211986536,0.0619128228173802,1.1002760189978824,0.3542008299360881,0.2606264988434176,0.1866567564174083,0.75,-1.7320508075688772,1.7320508075688772,True,D_with_TF,ferro_like_J_negative
0.8200000000000001,1.7320508075688772,1.7320508075688772,1.0,-1.7320508075688772,-1.7320508075688772,-1.7320508075688772,0.34641016151377546,11.999999999999998,8.999999999999996,0.618757127001409,0.06875079188904547,-0.12438036962101612,0.12438036962101612,0.1687334469501906,0.04877606953072111,1.1551224610822515,0.36531229053405323,0.28539334340965006,0.2532905272497587,1.0,-1.7320508075688772,1.7320508075688772,True,D_with_TF,ferro_like_J_negative
0.8200000000000001,2.598076211353316,2.598076211353316,1.5000000000000002,-1.7320508075688772,-1.7320508075688772,-1.7320508075688772,0.34641016151377546,18.0,20.25,1.7085855007890465,0.08437459263155785,-0.043419686420589965,0.043419686420589965,0.09165779055546297,0.023063501847235712,1.1600680967208903,0.40566027016723344,0.26756762025384895,0.20734441986462548,1.5,-1.7320508075688772,1.7320508075688772,True,D_with_TF,ferro_like_J_negative
0.8200000000000001,3.4641016151377544,3.4641016151377544,2.0,-1.7320508075688772,-1.7320508075688772,-1.7320508075688772,0.34641016151377546,23.999999999999996,35.999999999999986,2.351949700881733,0.06533193613560372,-0.08578601467545996,0.08578601467545996,0.11788160246174942,0.03133547834708961,1.6242181708189576,0.4348567779682622,0.3463417551789607,0.32911860567048296,2.0,-1.7320508075688772,1.7320508075688772,True,D_with_TF,ferro_like_J_negative
0.8200000000000001,5.196152422706632,5.196152422706632,3.0000000000000004,-1.7320508075688772,-1.7320508075688772,-1.7320508075688772,0.34641016151377546,36.0,81.0,3.6021101222006,0.04447049533580988,-0.05820022199782193,0.05820022199782193,0.1044668716419106,0.027037024230861406,1.660756641037026,0.4882733243458873,0.34670168155866476,0.3342351818465468,3.0,-1.7320508075688772,1.7320508075688772,True,D_with_TF,ferro_like_J_negative
0.91,0.0,0.0,0.0,-1.7320508075688772,-1.7320508075688772,-1.7320508075688772,0.34641016151377546,0.0,0.0,0.0,,9.146676170234085e-16,0.0,1.6017132519074588e-16,-2.220446049250313e-16,0.001991591191326871,0.013588553911674931,0.006438310277450271,0.0062393847728127285,0.0,-1.7320508075688772,1.7320508075688772,True,D_with_TF,ferro_like_J_negative
0.91,0.17320508075688773,0.17320508075688773,0.1,-1.7320508075688772,-1.7320508075688772,-1.7320508075688772,0.34641016151377546,1.2,0.08999999999999998,0.01181795051703025,0.13131056130033614,-0.008603749508913648,0.008603749508913648,0.022652256845480313,0.004403771677574442,0.5637995070781242,0.1776307449382996,0.16976728164034988,0.15604061066921834,0.1,-1.7320508075688772,1.7320508075688772,True,D_with_TF,ferro_like_J_negative
0.91,0.4330127018922193,0.4330127018922193,0.25,-1.7320508075688772,-1.7320508075688772,-1.7320508075688772,0.34641016151377546,2.9999999999999996,0.5624999999999998,0.079186924198055,0.14077675412987561,-0.052138594562080115,0.052138594562080115,0.09905839675468522,0.025343177221723856,1.7584851596376616,0.3887691710062917,0.35750047141596963,0.3140357257538799,0.25,-1.7320508075688772,1.7320508075688772,True,D_with_TF,ferro_like_J_negative
0.91,0.8660254037844386,0.8660254037844386,0.5,-1.7320508075688772,-1.7320508075688772,-1.7320508075688772,0.34641016151377546,5.999999999999999,2.249999999999999,0.10628672432867002,0.04723854414607558,-0.08134631179049628,0.08134631179049628,0.21580271168887794,0.06635732965843455,1.4226180092894583,0.3986685242549017,0.29758780322349865,0.18968963307257852,0.5,-1.7320508075688772,1.7320508075688772,True,D_with_TF,ferro_like_J_negative
0.91,1.299038105676658,1.299038105676658,0.7500000000000001,-1.7320508075688772,-1.7320508075688772,-1.7320508075688772,0.34641016151377546,9.0,5.0625,0.37071308910066864,0.07322727685939133,-0.11488664827972053,0.11488664827972053,0.23556625138498308,0.0741127675286688,0.9220976340789799,0.360058120668975,0.24974552192913343,0.24624325757040014,0.75,-1.7320508075688772,1.7320508075688772,True,D_with_TF,ferro_like_J_negative
0.91,1.7320508075688772,1.7320508075688772,1.0,-1.7320508075688772,-1.7320508075688772,-1.7320508075688772,0.34641016151377546,11.999999999999998,8.999999999999996,0.3896126713256341,0.043290296813959364,-0.11711700782784482,0.11711700782784482,0.16991908749350096,0.049202771711008175,1.096085445261972,0.3917857616586945,0.274078781673552,0.24005804823335114,1.0,-1.7320508075688772,1.7320508075688772,True,D_with_TF,ferro_like_J_negative
0.91,2.598076211353316,2.598076211353316,1.5000000000000002,-1.7320508075688772,-1.7320508075688772,-1.7320508075688772,0.34641016151377546,18.0,20.25,1.530479241611201,0.07557922180796055,-0.06475561134126004,0.06475561134126004,0.12006053085143067,0.03204633524196965,1.6632414416621177,0.46184258647551024,0.34506593230988364,0.2939319403627795,1.5,-1.7320508075688772,1.7320508075688772,True,D_with_TF,ferro_like_J_negative
0.91,3.4641016151377544,3.4641016151377544,2.0,-1.7320508075688772,-1.7320508075688772,-1.7320508075688772,0.34641016151377546,23.999999999999996,35.999999999999986,1.9214717519200142,0.05337421533111152,-0.09649592392752895,0.09649592392752895,0.12164871822600218,0.032566644353137164,1.3808902677005066,0.35718180470257865,0.31542256746840197,0.3024933184299817,2.0,-1.7320508075688772,1.7320508075688772,True,D_with_TF,ferro_like_J_negative
0.91,5.196152422706632,5.196152422706632,3.0000000000000004,-1.7320508075688772,-1.7320508075688772,-1.7320508075688772,0.34641016151377546,36.0,81.0,3.727601011005073,0.04601976556796386,-0.07475488408045575,0.07475488408045575,0.112057443466382,0.029452580763035807,1.4227797518687049,0.39105637788236647,0.316994886659523,0.29832111527103283,3.0,-1.7320508075688772,1.7320508075688772,True,D_with_TF,ferro_like_J_negative
1.0,0.0,0.0,0.0,-1.7320508075688772,-1.7320508075688772,-1.7320508075688772,0.34641016151377546,0.0,0.0,0.0,,-3.6718461150620347e-16,3.6718461150620347e-16,1.6017132519074588e-16,0.0,0.6693638282588821,0.3356245980700948,0.1859360808792819,0.17993735887762707,0.0,-1.7320508075688772,1.7320508075688772,True,D_with_TF,ferro_like_J_negative
1.0,0.17320508075688773,0.17320508075688773,0.1,-1.7320508075688772,-1.7320508075688772,-1.7320508075688772,0.34641016151377546,1.2,0.08999999999999998,0.007904884975012513,0.08783205527791682,-0.007474141169101389,0.007474141169101389,0.03094708429705395,0.006335683857130792,1.302987409035814,0.42068845735830473,0.28770857743121775,0.2718016957500047,0.1,-1.7320508075688772,1.7320508075688772,True,D_with_TF,ferro_like_J_negative
1.0,0.4330127018922193,0.4330127018922193,0.25,-1.7320508075688772,-1.7320508075688772,-1.7320508075688772,0.34641016151377546,2.9999999999999996,0.5624999999999998,0.049170604731572164,0.08741440841168388,-0.05901594146995898,0.05901594146995898,0.13050895757401554,0.03550248097153419,2.0836890718664867,0.4953938688590952,0.4004818390654668,0.35701176759515174,0.25,-1.7320508075688772,1.7320508075688772,True,D_with_TF,ferro_like_J_negative
1.0,0.8660254037844386,0.8660254037844386,0.5,-1.7320508075688772,-1.7320508075688772,-1.7320508075688772,0.34641016151377546,5.999999999999999,2.249999999999999,0.03060432484268359,0.013601922152303823,-0.07346550302148858,0.07346550302148858,0.26366056528904913,0.08549423922508803,0.891235489527668,0.279730215349306,0.2214364044081925,0.1464843010289154,0.5,-1.7320508075688772,1.7320508075688772,True,D_with_TF,ferro_like_J_negative
1.0,1.299038105676658,1.299038105676658,0.7500000000000001,-1.7320508075688772,-1.7320508075688772,-1.7320508075688772,0.34641016151377546,9.0,5.0625,0.4304977749027384,0.08503659751165203,-0.14848770521671562,0.14848770521671562,0.25810446837296164,0.08321093930432943,1.0862723574437272,0.3652387448822392,0.2745051594172903,0.24496410919014253,0.75,-1.7320508075688772,1.7320508075688772,True,D_with_TF,ferro_like_J_negative
1.0,1.7320508075688772,1.7320508075688772,1.0,-1.7320508075688772,-1.7320508075688772,-1.7320508075688772,0.34641016151377546,11.999999999999998,8.999999999999996,0.17219632976379293,0.019132925529310334,-0.09357123524756356,0.09357123524756356,0.16479444444271402,0.04736471183065427,1.0641484081186197,0.3821991020198028,0.2624088335419516,0.2143990414672165,1.0,-1.7320508075688772,1.7320508075688772,True,D_with_TF,ferro_like_J_negative
1.0,2.598076211353316,2.598076211353316,1.5000000000000002,-1.7320508075688772,-1.7320508075688772,-1.7320508075688772,0.34641016151377546,18.0,20.25,0.7261789988965823,0.035860691303534926,-0.0999225320863025,0.0999225320863025,0.15193457705560845,0.04282508301005894,1.7957238289765964,0.4553126667594425,0.37115623397039016,0.3430251531881592,1.5,-1.7320508075688772,1.7320508075688772,True,D_with_TF,ferro_like_J_negative
1.0,3.4641016151377544,3.4641016151377544,2.0,-1.7320508075688772,-1.7320508075688772,-1.7320508075688772,0.34641016151377546,23.999999999999996,35.999999999999986,1.2732542978805665,0.03536817494112686,-0.0773996825486102,0.0773996825486102,0.12086457040120545,0.03230951975386942,1.3704330543335443,0.35580948429930936,0.3039020578189305,0.2408994239298177,2.0,-1.7320508075688772,1.7320508075688772,True,D_with_TF,ferro_like_J_negative
1.0,5.196152422706632,5.196152422706632,3.0000000000000004,-1.7320508075688772,-1.7320508075688772,-1.7320508075688772,0.34641016151377546,36.0,81.0,6.314302924960468,0.07795435709827737,-0.06020373020170976,0.06020373020170976,0.11633393686585404,0.030832679127461682,1.5684996997232705,0.3987809911162661,0.32148638885588543,0.22970314959152274,3.0,-1.7320508075688772,1.7320508075688772,True,D_with_TF,ferro_like_J_negative
0.02,0.0,0.0,0.0,1.7320508075688772,1.7320508075688772,1.7320508075688772,0.34641016151377546,0.0,0.0,0.0,,2.7292392385590033e-16,0.0,6.406853007629834e-16,0.0,0.05491839638053364,0.0852688426866633,0.0414597837894695,0.04017626283314396,0.0,1.7320508075688772,1.7320508075688772,True,D_with_TF,anti_like_J_positive
0.02,0.17320508075688773,0.17320508075688773,0.1,1.7320508075688772,1.7320508075688772,1.7320508075688772,0.34641016151377546,1.2,0.08999999999999998,0.0075047447044067385,0.08338605227118599,2.729453518523189e-10,0.0,1.7292362307468248e-08,1.0727699839563343e-09,0.05505480840637195,0.0853903709439151,0.04151985400589526,0.04026072787677251,0.1,1.7320508075688772,1.7320508075688772,True,D_with_TF,anti_like_J_positive
0.02,0.4330127018922193,0.4330127018922193,0.25,1.7320508075688772,1.7320508075688772,1.7320508075688772,0.34641016151377546,2.9999999999999996,0.5624999999999998,0.04779605640978806,0.08497076695073437,8.999527880059734e-10,0.0,9.94645442245678e-08,6.722615242260588e-09,0.05525594997298302,0.08556927223840519,0.04160831527848065,0.04038574961693283,0.25,1.7320508075688772,1.7320508075688772,True,D_with_TF,anti_like_J_positive
0.02,0.8660254037844386,0.8660254037844386,0.5,1.7320508075688772,1.7320508075688772,1.7320508075688772,0.34641016151377546,5.999999999999999,2.249999999999999,0.19709151956873133,0.08759623091943618,1.8432134153330538e-09,0.0,3.724471116206181e-07,2.7003629554656072e-08,0.0555818275625404,0.08585835905154371,0.04175134466640379,0.04058961484342991,0.5,1.7320508075688772,1.7320508075688772,True,D_with_TF,anti_like_J_positive
0.02,1.299038105676658,1.299038105676658,0.7500000000000001,1.7320508075688772,1.7320508075688772,1.7320508075688772,0.34641016151377546,9.0,5.0625,0.4566343604365698,0.09019937983932243,1.8696880476364805e-09,0.0,8.054475399534599e-07,6.099707916540353e-08,0.05589585631351743,0.08613603211782217,0.04188883192090853,0.04078779317316834,0.75,1.7320508075688772,1.7320508075688772,True,D_with_TF,anti_like_J_positive
0.02,1.7320508075688772,1.7320508075688772,1.0,1.7320508075688772,1.7320508075688772,1.7320508075688772,0.34641016151377546,11.999999999999998,8.999999999999996,0.834994548333146,0.09277717203701626,4.842403360779407e-10,0.0,1.3916834829375543e-06,1.0883562984176365e-07,0.05619786343347902,0.08640222399866976,0.04202073869278747,0.04098022110911224,1.0,1.7320508075688772,1.7320508075688772,True,D_with_TF,anti_like_J_positive
0.02,2.598076211353316,2.598076211353316,1.5000000000000002,1.7320508075688772,1.7320508075688772,1.7320508075688772,0.34641016151377546,18.0,20.25,1.9813545250448712,0.09784466790345044,-7.798572306757705e-09,7.798572306757705e-09,3.0062785952563485e-06,2.46468918385645e-07,0.05676514522867532,0.08689991247126717,0.04226766595623731,0.04134758133903066,1.5,1.7320508075688772,1.7320508075688772,True,D_with_TF,anti_like_J_positive
0.02,3.4641016151377544,3.4641016151377544,2.0,1.7320508075688772,1.7320508075688772,1.7320508075688772,0.34641016151377546,23.999999999999996,35.999999999999986,3.6999010296991917,0.10277502860275536,-2.492124799031541e-08,2.492124799031541e-08,5.1886615072812465e-06,4.405199213186606e-07,0.057282397993905644,0.08735095739318624,0.04249185424394198,0.04169122637862224,2.0,1.7320508075688772,1.7320508075688772,True,D_with_TF,anti_like_J_positive
0.02,5.196152422706632,5.196152422706632,3.0000000000000004,1.7320508075688772,1.7320508075688772,1.7320508075688772,0.34641016151377546,36.0,81.0,9.082762041856155,0.11213286471427351,-9.068385613118648e-08,9.068385613118648e-08,1.1171350392054429e-05,9.984916915506403e-07,0.05816225236741586,0.0881115421582897,0.042871067634046,0.042305659342805224,3.0,1.7320508075688772,1.7320508075688772,True,D_with_TF,anti_like_J_positive
0.04,0.0,0.0,0.0,1.7320508075688772,1.7320508075688772,1.7320508075688772,0.34641016151377546,0.0,0.0,0.0,,1.5496804021748302e-15,0.0,6.406853007629834e-16,1.1102230246251565e-16,0.1773843249458343,0.16417026372511856,0.08247014508034857,0.07990151289326178,0.0,1.7320508075688772,1.7320508075688772,True,D_with_TF,anti_like_J_positive
0.04,0.17320508075688773,0.17320508075688773,0.1,1.7320508075688772,1.7320508075688772,1.7320508075688772,0.34641016151377546,1.2,0.08999999999999998,0.008281771465911865,0.0920196829545763,1.6763285497463195e-09,0.0,2.427344722390452e-07,1.7193084178579454e-08,0.17826378794258466,0.16464116037303667,0.08271629428599192,0.08024746316382936,0.1,1.7320508075688772,1.7320508075688772,True,D_with_TF,anti_like_J_positive
0.04,0.4330127018922193,0.4330127018922193,0.25,1.7320508075688772,1.7320508075688772,1.7320508075688772,0.34641016151377546,2.9999999999999996,0.5624999999999998,0.0535713885550266,0.0952380240978251,2.35258422688129e-09,0.0,1.3816239776373674e-06,1.0800209171435426e-07,0.179539824980571,0.16532195115113896,0.08307260845608112,0.08075323898066389,0.25,1.7320508075688772,1.7320508075688772,True,D_with_TF,anti_like_J_positive
0.04,0.8660254037844386,0.8660254037844386,0.5,1.7320508075688772,1.7320508075688772,1.7320508075688772,0.34641016151377546,5.999999999999999,2.249999999999999,0.22615609825906333,0.10051382144847262,-1.3525414922134306e-08,1.3525414922134306e-08,5.130777566709298e-06,4.352869786838909e-07,0.18154925953666556,0.16638790375597232,0.0836316904834221,0.0815605534150702,0.5,1.7320508075688772,1.7320508075688772,True,D_with_TF,anti_like_J_positive
0.04,1.299038105676658,1.299038105676658,0.7500000000000001,1.7320508075688772,1.7320508075688772,1.7320508075688772,0.34641016151377546,9.0,5.0625,0.5348960282116357,0.10565847470847126,-5.834358367774765e-08,5.834358367774765e-08,1.1037853217156931e-05,9.857430808279943e-07,0.18340849766513379,0.16736715255087226,0.08414676990667287,0.08232240607086934,0.75,1.7320508075688772,1.7320508075688772,True,D_with_TF,anti_like_J_positive
0.04,1.7320508075688772,1.7320508075688772,1.0,1.7320508075688772,1.7320508075688772,1.7320508075688772,0.34641016151377546,11.999999999999998,8.999999999999996,0.9958345164514757,0.11064827960571956,-1.3654286220787727e-07,1.3654286220787727e-07,1.8990155372485663e-05,1.7618388769014004e-06,0.18511361991310488,0.16825883754113521,0.0846172782333416,0.08303780600863497,1.0,1.7320508075688772,1.7320508075688772,True,D_with_TF,anti_like_J_positive
0.04,2.598076211353316,2.598076211353316,1.5000000000000002,1.7320508075688772,1.7320508075688772,1.7320508075688772,0.34641016151377546,18.0,20.25,2.431461342314492,0.1200721650525675,-4.0217144783860626e-07,4.0217144783860626e-07,4.068656596267761e-05,3.993446925032451e-06,0.18804733577694707,0.1697766283127612,0.08542258034971466,0.08432560049342278,1.5,1.7320508075688772,1.7320508075688772,True,D_with_TF,anti_like_J_positive
0.04,3.4641016151377544,3.4641016151377544,2.0,1.7320508075688772,1.7320508075688772,1.7320508075688772,0.34641016151377546,23.999999999999996,35.999999999999986,4.63002847208202,0.12861190200227837,-8.219102176257971e-07,8.219102176257971e-07,6.957076248782356e-05,7.119960968360317e-06,0.1903253823132049,0.17093661358303452,0.08604415752444501,0.08479305375038555,2.0,1.7320508075688772,1.7320508075688772,True,D_with_TF,anti_like_J_positive
0.04,5.196152422706632,5.196152422706632,3.0000000000000004,1.7320508075688772,1.7320508075688772,1.7320508075688772,0.34641016151377546,36.0,81.0,11.536769041779683,0.14242924742937882,-2.1498791539300037e-06,2.1498791539300037e-06,0.00014611160585380905,1.5895664517873165e-05,0.1928430864954237,0.1721734046735114,0.08672702348528485,0.0846325022695165,3.0,1.7320508075688772,1.7320508075688772,True,D_with_TF,anti_like_J_positive
0.06,0.0,0.0,0.0,1.7320508075688772,1.7320508075688772,1.7320508075688772,0.34641016151377546,0.0,0.0,0.0,,-3.4579116439360216e-16,3.4579116439360216e-16,3.2034265038149176e-16,2.220446049250313e-16,0.34205274067886077,0.23567421061696203,0.12259210293666704,0.11873528915138785,0.0,1.7320508075688772,1.7320508075688772,True,D_with_TF,anti_like_J_positive
0.06,0.17320508075688773,0.17320508075688773,0.1,1.7320508075688772,1.7320508075688772,1.7320508075688772,0.34641016151377546,1.2,0.08999999999999998,0.008922491474465388,0.09913879416072656,-2.5371098623032736e-09,2.5371098623032736e-09,1.1286643986434603e-06,8.717505539657111e-08,0.3446043363001485,0.2366914990822386,0.12315580704807177,0.11952888444512196,0.1,1.7320508075688772,1.7320508075688772,True,D_with_TF,anti_like_J_positive
0.06,0.4330127018922193,0.4330127018922193,0.25,1.7320508075688772,1.7320508075688772,1.7320508075688772,0.34641016151377546,2.9999999999999996,0.5624999999999998,0.058507374788285056,0.10401311073472903,-4.6358873354940145e-08,4.6358873354940145e-08,6.376968293360846e-06,5.487940422099769e-07,0.34825137140579204,0.23813628812656434,0.12395889878518516,0.12067599790942357,0.25,1.7320508075688772,1.7320508075688772,True,D_with_TF,anti_like_J_positive
0.06,0.8660254037844386,0.8660254037844386,0.5,1.7320508075688772,1.7320508075688772,1.7320508075688772,0.34641016151377546,5.999999999999999,2.249999999999999,0.2517412582616774,0.11188500367185668,-2.597189094988517e-07,2.597189094988517e-07,2.3532669439113008e-05,2.2174051614864965e-06,0.3538350913337276,0.24032543610383963,0.12518239321176947,0.1224694432229709,0.5,1.7320508075688772,1.7320508075688772,True,D_with_TF,anti_like_J_positive
0.06,1.299038105676658,1.299038105676658,0.7500000000000001,1.7320508075688772,1.7320508075688772,1.7320508075688772,0.34641016151377546,9.0,5.0625,0.6043234852712167,0.11937254030048725,-6.563024336062501e-07,6.563024336062501e-07,5.0384231025367386e-05,5.027225956633075e-06,0.3587789948263993,0.242237586397193,0.12625954244082946,0.124110275931146,0.75,1.7320508075688772,1.7320508075688772,True,D_with_TF,anti_like_J_positive
0.06,1.7320508075688772,1.7320508075688772,1.0,1.7320508075688772,1.7320508075688772,1.7320508075688772,0.34641016151377546,11.999999999999998,8.999999999999996,1.1375930729379562,0.12639923032643963,-1.2297638008946816e-06,1.2297638008946816e-06,8.626918304573949e-05,8.983033892739911e-06,0.36306052476875506,0.24386949004571026,0.12718769083584303,0.12559359784142796,1.0,1.7320508075688772,1.7320508075688772,True,D_with_TF,anti_like_J_positive
0.06,2.598076211353316,2.598076211353316,1.5000000000000002,1.7320508075688772,1.7320508075688772,1.7320508075688772,0.34641016151377546,18.0,20.25,2.8104670992374787,0.13878849872777674,-2.861286042040096e-06,2.861286042040096e-06,0.00018272961086949043,2.026561598900134e-05,0.3695608298873727,0.2462836782459913,0.1285883988322741,0.1262963731083674,1.5,1.7320508075688772,1.7320508075688772,True,D_with_TF,anti_like_J_positive
0.06,3.4641016151377544,3.4641016151377544,2.0,1.7320508075688772,1.7320508075688772,1.7320508075688772,0.34641016151377546,23.999999999999996,35.999999999999986,5.347754411447411,0.14854873365131704,-5.066041378143501e-06,5.066041378143501e-06,0.000307780219742959,3.57586417338851e-05,0.3732168412433287,0.24755836549227128,0.12937158966249065,0.12612547751060632,2.0,1.7320508075688772,1.7320508075688772,True,D_with_TF,anti_like_J_positive
0.06,5.196152422706632,5.196152422706632,3.0000000000000004,1.7320508075688772,1.7320508075688772,1.7320508075688772,0.34641016151377546,36.0,81.0,12.85687449094393,0.158726845567209,-1.1013583029189635e-05,1.1013583029189635e-05,0.0006191484856920232,7.686226979664035e-05,0.3717937192751326,0.2467126745496058,0.12906872727937224,0.1242671644703252,3.0,1.7320508075688772,1.7320508075688772,True,D_with_TF,anti_like_J_positive
0.08,0.0,0.0,0.0,1.7320508075688772,1.7320508075688772,1.7320508075688772,0.34641016151377546,0.0,0.0,0.0,,1.6017132519074588e-16,0.0,1.6017132519074588e-16,0.0,0.5341276748914983,0.29894633597728293,0.16140734689729616,0.15625802819318235,0.0,1.7320508075688772,1.7320508075688772,True,D_with_TF,anti_like_J_positive
0.08,0.17320508075688773,0.17320508075688773,0.1,1.7320508075688772,1.7320508075688772,1.7320508075688772,0.34641016151377546,1.2,0.08999999999999998,0.009415389366934828,0.104615437410387,-4.796796255888572e-08,4.796796255888572e-08,3.342899930052008e-06,2.7590778695074647e-07,0.5394637063617844,0.30066125665938237,0.16242062954225558,0.15768980425477583,0.1,1.7320508075688772,1.7320508075688772,True,D_with_TF,anti_like_J_positive
0.08,0.4330127018922193,0.4330127018922193,0.25,1.7320508075688772,1.7320508075688772,1.7320508075688772,0.34641016151377546,2.9999999999999996,0.5624999999999998,0.06251627746152663,0.11114004882049183,-3.5033749487428e-07,3.5033749487428e-07,1.8772843425636294e-05,1.7402409394629004e-06,0.5469856410995324,0.30305296970721596,0.1638431531816659,0.15973799132808067,0.25,1.7320508075688772,1.7320508075688772,True,D_with_TF,anti_like_J_positive
0.08,0.8660254037844386,0.8660254037844386,0.5,1.7320508075688772,1.7320508075688772,1.7320508075688772,0.34641016151377546,5.999999999999999,2.249999999999999,0.2733241414945927,0.12147739621981904,-1.4555941150727635e-06,1.4555941150727635e-06,6.887560658550132e-05,7.043180503707447e-06,0.5581880164938674,0.306550961823358,0.1659488102725502,0.1628766748275089,0.5,1.7320508075688772,1.7320508075688772,True,D_with_TF,anti_like_J_positive
0.08,1.299038105676658,1.299038105676658,0.7500000000000001,1.7320508075688772,1.7320508075688772,1.7320508075688772,0.34641016151377546,9.0,5.0625,0.6631078181649198,0.13098426037825578,-3.200364305268674e-06,3.200364305268674e-06,0.00014669053019852155,1.5964021939485207e-05,0.5676487581655925,0.3094305502740079,0.1677150121018679,0.1656570346013012,0.75,1.7320508075688772,1.7320508075688772,True,D_with_TF,anti_like_J_positive
0.08,1.7320508075688772,1.7320508075688772,1.0,1.7320508075688772,1.7320508075688772,1.7320508075688772,0.34641016151377546,11.999999999999998,8.999999999999996,1.2554164213977312,0.13949071348863687,-5.436508341851679e-06,5.436508341851679e-06,0.00024967018098005837,2.846304163706126e-05,0.5752933972153762,0.31168546129382213,0.1691340215704389,0.16642897516542737,1.0,1.7320508075688772,1.7320508075688772,True,D_with_TF,anti_like_J_positive
0.08,2.598076211353316,2.598076211353316,1.5000000000000002,1.7320508075688772,1.7320508075688772,1.7320508075688772,0.34641016151377546,18.0,20.25,3.096563299330105,0.15291670613975827,-1.0840916144009638e-05,1.0840916144009638e-05,0.0005206495729442003,6.355261343182761e-05,0.584906308283433,0.3143131649659354,0.17090787361250068,0.16644203097109792,1.5,1.7320508075688772,1.7320508075688772,True,D_with_TF,anti_like_J_positive
0.08,3.4641016151377544,3.4641016151377544,2.0,1.7320508075688772,1.7320508075688772,1.7320508075688772,0.34641016151377546,23.999999999999996,35.999999999999986,5.789130366176558,0.16080917683823778,-1.6821649047548326e-05,1.6821649047548326e-05,0.0008583817770866262,0.00011010337640893209,0.5867243117010241,0.3144496258382299,0.1712427419960485,0.16529743063771538,2.0,1.7320508075688772,1.7320508075688772,True,D_with_TF,anti_like_J_positive
0.08,5.196152422706632,5.196152422706632,3.0000000000000004,1.7320508075688772,1.7320508075688772,1.7320508075688772,0.34641016151377546,36.0,81.0,12.820317749940001,0.15827552777703705,-2.9337190601677176e-05,2.9337190601677176e-05,0.001623290519775431,0.00022272684313429103,0.5670676290833667,0.3075292852993722,0.16762918587104209,0.1597259301485414,3.0,1.7320508075688772,1.7320508075688772,True,D_with_TF,anti_like_J_positive
0.1,0.0,0.0,0.0,1.7320508075688772,1.7320508075688772,1.7320508075688772,0.34641016151377546,0.0,0.0,0.0,,9.864764651565858e-16,0.0,3.2034265038149176e-16,0.0,0.7424888219508774,0.3533732528211757,0.1985280404272773,0.1920809982018899,0.0,1.7320508075688772,1.7320508075688772,True,D_with_TF,anti_like_J_positive
0.1,0.17320508075688773,0.17320508075688773,0.1,1.7320508075688772,1.7320508075688772,1.7320508075688772,0.34641016151377546,1.2,0.08999999999999998,0.009752124249672582,0.10835693610747316,-2.305463055303302e-07,2.305463055303302e-07,7.736976193122738e-06,6.744682271575542e-07,0.7518003088104219,0.35587181542280094,0.20011812288262046,0.19434026276898755,0.1,1.7320508075688772,1.7320508075688772,True,D_with_TF,anti_like_J_positive
0.1,0.4330127018922193,0.4330127018922193,0.25,1.7320508075688772,1.7320508075688772,1.7320508075688772,0.34641016151377546,2.9999999999999996,0.5624999999999998,0.06552981460362348,0.11649744818421956,-1.422906786357449e-06,1.422906786357449e-06,4.321422847332116e-05,4.261112765080455e-06,0.7647606560892721,0.35928890689992937,0.20232049926940354,0.19754180939676885,0.25,1.7320508075688772,1.7320508075688772,True,D_with_TF,anti_like_J_positive
0.1,0.8660254037844386,0.8660254037844386,0.5,1.7320508075688772,1.7320508075688772,1.7320508075688772,0.34641016151377546,5.999999999999999,2.249999999999999,0.2904718131692354,0.12909858363077134,-5.264128532009657e-06,5.264128532009657e-06,0.00015762681805521448,1.7259941217151464e-05,0.7835496103946703,0.36409060056380327,0.20549058423915426,0.20235391350907264,0.5,1.7320508075688772,1.7320508075688772,True,D_with_TF,anti_like_J_positive
0.1,1.299038105676658,1.299038105676658,0.7500000000000001,1.7320508075688772,1.7320508075688772,1.7320508075688772,0.34641016151377546,9.0,5.0625,0.7097323046330002,0.14019403548306175,-1.0711070932444922e-05,1.0711070932444922e-05,0.0003336866709230173,3.90572936355138e-05,0.798635767337394,0.3677640436949162,0.20801629154060725,0.20481237890440804,0.75,1.7320508075688772,1.7320508075688772,True,D_with_TF,anti_like_J_positive
0.1,1.7320508075688772,1.7320508075688772,1.0,1.7320508075688772,1.7320508075688772,1.7320508075688772,0.34641016151377546,11.999999999999998,8.999999999999996,1.3453153399433873,0.14947948221593196,-1.6987787727414756e-05,1.6987787727414756e-05,0.000563774541906973,6.934948706871502e-05,0.8098370772672936,0.37030572440127224,0.2098801759711724,0.2052118873287343,1.0,1.7320508075688772,1.7320508075688772,True,D_with_TF,anti_like_J_positive
0.1,2.598076211353316,2.598076211353316,1.5000000000000002,1.7320508075688772,1.7320508075688772,1.7320508075688772,0.34641016151377546,18.0,20.25,3.2737813554209123,0.1616682150825142,-2.9488856305487495e-05,2.9488856305487495e-05,0.0011524113731477047,0.00015239974083613994,0.820085183457508,0.3720289813811565,0.21157740214341247,0.20439096366259288,1.5,1.7320508075688772,1.7320508075688772,True,D_with_TF,anti_like_J_positive
0.1,3.4641016151377544,3.4641016151377544,2.0,1.7320508075688772,1.7320508075688772,1.7320508075688772,0.34641016151377546,23.999999999999996,35.999999999999986,5.917736211379248,0.1643815614272014,-3.923851028527934e-05,3.923851028527934e-05,0.0018478736882918995,0.00025720141713869715,0.8137986527124985,0.3694123615573058,0.21054436247114477,0.20149550323486673,2.0,1.7320508075688772,1.7320508075688772,True,D_with_TF,anti_like_J_positive
0.1,5.196152422706632,5.196152422706632,3.0000000000000004,1.7320508075688772,1.7320508075688772,1.7320508075688772,0.34641016151377546,36.0,81.0,11.47446744176076,0.14166009187358963,-4.913958552527336e-05,4.913958552527336e-05,0.003225570104077477,0.0004787947056404951,0.7538533385983603,0.3522152846733244,0.20056215799957702,0.18988633286343745,3.0,1.7320508075688772,1.7320508075688772,True,D_with_TF,anti_like_J_positive
0.14,0.0,0.0,0.0,1.7320508075688772,1.7320508075688772,1.7320508075688772,0.34641016151377546,0.0,0.0,0.0,,6.597716862720664e-16,0.0,1.6017132519074588e-16,-2.220446049250313e-16,1.1736967286865487,0.4344747144531591,0.2663409325739185,0.2572819266613616,0.0,1.7320508075688772,1.7320508075688772,True,D_with_TF,anti_like_J_positive
0.14,0.17320508075688773,0.17320508075688773,0.1,1.7320508075688772,1.7320508075688772,1.7320508075688772,0.34641016151377546,1.2,0.08999999999999998,0.009939964946883829,0.1104440549653759,-1.9612194605091124e-06,1.9612194605091124e-06,2.7261063126162587e-05,2.5965790945159384e-06,1.1943970297294777,0.43842372903876026,0.26941927596139537,0.2617274295780564,0.1,1.7320508075688772,1.7320508075688772,True,D_with_TF,anti_like_J_positive
0.14,0.4330127018922193,0.4330127018922193,0.25,1.7320508075688772,1.7320508075688772,1.7320508075688772,0.34641016151377546,2.9999999999999996,0.5624999999999998,0.06839977446966727,0.12159959905718631,-1.0769822368449723e-05,1.0769822368449723e-05,0.0001507652001625178,1.6445846194645952e-05,1.2225817601134974,0.4435554250376547,0.2735841047545127,0.2679252147901939,0.25,1.7320508075688772,1.7320508075688772,True,D_with_TF,anti_like_J_positive
0.14,0.8660254037844386,0.8660254037844386,0.5,1.7320508075688772,1.7320508075688772,1.7320508075688772,0.34641016151377546,5.999999999999999,2.249999999999999,0.3102310572668513,0.13788046989637842,-3.569920975050715e-05,3.569920975050715e-05,0.000543056325806911,6.655842102909482e-05,1.2613995097437387,0.4500011841253807,0.27926890163614565,0.27492638631190375,0.5,1.7320508075688772,1.7320508075688772,True,D_with_TF,anti_like_J_positive
0.14,1.299038105676658,1.299038105676658,0.7500000000000001,1.7320508075688772,1.7320508075688772,1.7320508075688772,0.34641016151377546,9.0,5.0625,0.7621541751701012,0.15054897287310642,-6.590542996906469e-05,6.590542996906469e-05,0.0011326451173651337,0.00014951319770373228,1.289281537266478,0.4538630203993298,0.28331548552742275,0.27601503331250243,0.75,1.7320508075688772,1.7320508075688772,True,D_with_TF,anti_like_J_positive
0.14,1.7320508075688772,1.7320508075688772,1.0,1.7320508075688772,1.7320508075688772,1.7320508075688772,0.34641016151377546,11.999999999999998,8.999999999999996,1.4306084470467613,0.15895649411630686,-9.383312395212242e-05,9.383312395212242e-05,0.0018775019744763837,0.00026178961514844445,1.3055685576358262,0.455248696149802,0.2856660603200366,0.2758288091610338,1.0,1.7320508075688772,1.7320508075688772,True,D_with_TF,anti_like_J_positive
0.14,2.598076211353316,2.598076211353316,1.5000000000000002,1.7320508075688772,1.7320508075688772,1.7320508075688772,0.34641016151377546,18.0,20.25,3.272542606157442,0.16160704227937986,-0.00012165466329613819,0.00012165466329613819,0.003639881895840442,0.0005482297100395384,1.3020249717091172,0.4512039955156697,0.28517258955557667,0.2717881490012351,1.5,1.7320508075688772,1.7320508075688772,True,D_with_TF,anti_like_J_positive
0.14,3.4641016151377544,3.4641016151377544,2.0,1.7320508075688772,1.7320508075688772,1.7320508075688772,0.34641016151377546,23.999999999999996,35.999999999999986,5.24553349799883,0.14570926383330088,-9.996223360533418e-05,9.996223360533418e-05,0.005420520251988113,0.0008581013380675184,1.2510065011944465,0.43917684243426436,0.2778421946185211,0.26305709359402035,2.0,1.7320508075688772,1.7320508075688772,True,D_with_TF,anti_like_J_positive
0.14,5.196152422706632,5.196152422706632,3.0000000000000004,1.7320508075688772,1.7320508075688772,1.7320508075688772,0.34641016151377546,36.0,81.0,6.255102579842386,0.07722348864002945,6.493130826223763e-06,0.0,0.007664955368935566,0.0012701016672646004,1.0303306279130446,0.39497667802326364,0.2450283257947985,0.23226145348847632,3.0,1.7320508075688772,1.7320508075688772,True,D_with_TF,anti_like_J_positive
0.18,0.0,0.0,0.0,1.7320508075688772,1.7320508075688772,1.7320508075688772,0.34641016151377546,0.0,0.0,0.0,,1.1339235333412762e-15,0.0,8.008566259537293e-16,1.1102230246251565e-16,1.5812010591391474,0.47926386770706175,0.32386270190852245,0.3121764337771065,0.0,1.7320508075688772,1.7320508075688772,True,D_with_TF,anti_like_J_positive
0.18,0.17320508075688773,0.17320508075688773,0.1,1.7320508075688772,1.7320508075688772,1.7320508075688772,0.34641016151377546,1.2,0.08999999999999998,0.009484788114226607,0.10538653460251787,-9.063558242135018e-06,9.063558242135018e-06,6.944746539584877e-05,7.106337882589742e-06,1.6168714453677289,0.4836555459708317,0.3287439363832145,0.31938770397862276,0.1,1.7320508075688772,1.7320508075688772,True,D_with_TF,anti_like_J_positive
0.18,0.4330127018922193,0.4330127018922193,0.25,1.7320508075688772,1.7320508075688772,1.7320508075688772,0.34641016151377546,2.9999999999999996,0.5624999999999998,0.06698868276395376,0.11909099158036228,-4.754214841857276e-05,4.754214841857276e-05,0.0003804477490089659,4.507591891045326e-05,1.664572711456998,0.48877784544976965,0.3352220091246195,0.32930642502979435,0.25,1.7320508075688772,1.7320508075688772,True,D_with_TF,anti_like_J_positive
0.18,0.8660254037844386,0.8660254037844386,0.5,1.7320508075688772,1.7320508075688772,1.7320508075688772,0.34641016151377546,5.999999999999999,2.249999999999999,0.3096564287601957,0.13762507944897592,-0.0001487365130085662,0.0001487365130085662,0.0013508696808769947,0.00018168955478281568,1.7271830172761797,0.4936252884190411,0.34363727494984264,0.335501169022242,0.5,1.7320508075688772,1.7320508075688772,True,D_with_TF,anti_like_J_positive
0.18,1.299038105676658,1.299038105676658,0.7500000000000001,1.7320508075688772,1.7320508075688772,1.7320508075688772,0.34641016151377546,9.0,5.0625,0.7567679679086176,0.14948503069799854,-0.0002560094886610675,0.0002560094886610675,0.0027653708885321715,0.00040306458118444244,1.76669582172199,0.4943894521592681,0.34890098313936907,0.3363620307328763,0.75,1.7320508075688772,1.7320508075688772,True,D_with_TF,anti_like_J_positive
0.18,1.7320508075688772,1.7320508075688772,1.0,1.7320508075688772,1.7320508075688772,1.7320508075688772,0.34641016151377546,11.999999999999998,8.999999999999996,1.3837681498913226,0.15375201665459146,-0.00033060033515359185,0.00033060033515359185,0.004472423497896166,0.000690960240452676,1.7815007290764127,0.4918350964164706,0.3508768094867662,0.33510145691410476,1.0,1.7320508075688772,1.7320508075688772,True,D_with_TF,anti_like_J_positive
0.18,2.598076211353316,2.598076211353316,1.5000000000000002,1.7320508075688772,1.7320508075688772,1.7320508075688772,0.34641016151377546,18.0,20.25,2.822071780908211,0.13936156942756597,-0.0002979212632104912,0.0002979212632104912,0.008093234083509367,0.0013510018475666463,1.7352656164375269,0.4797714850761605,0.34483864723956925,0.3264011967252704,1.5,1.7320508075688772,1.7320508075688772,True,D_with_TF,anti_like_J_positive
0.18,3.4641016151377544,3.4641016151377544,2.0,1.7320508075688772,1.7320508075688772,1.7320508075688772,0.34641016151377546,23.999999999999996,35.999999999999986,3.6356666033643994,0.10099073898234447,-5.398224001919999e-05,5.398224001919999e-05,0.01095321631601618,0.001907248328233191,1.5952168982508537,0.46107710808112223,0.32616400976202237,0.3094127051685333,2.0,1.7320508075688772,1.7320508075688772,True,D_with_TF,anti_like_J_positive
0.18,5.196152422706632,5.196152422706632,3.0000000000000004,1.7320508075688772,1.7320508075688772,1.7320508075688772,0.34641016151377546,36.0,81.0,1.2452331836811197,0.015373249181248392,0.00022342157263492354,0.0,0.011889788896564984,0.0020948884877802776,1.131236414459012,0.3966117073489707,0.2603808691441089,0.2511781455454783,3.0,1.7320508075688772,1.7320508075688772,True,D_with_TF,anti_like_J_positive
0.21999999999999997,0.0,0.0,0.0,1.7320508075688772,1.7320508075688772,1.7320508075688772,0.34641016151377546,0.0,0.0,0.0,,-6.297090490529189e-16,6.297090490529189e-16,4.805139755722376e-16,-2.220446049250313e-16,1.9300499407223228,0.4926082013435828,0.36989094458659255,0.35558711952260774,0.0,1.7320508075688772,1.7320508075688772,True,D_with_TF,anti_like_J_positive
0.21999999999999997,0.17320508075688773,0.17320508075688773,0.1,1.7320508075688772,1.7320508075688772,1.7320508075688772,0.34641016151377546,1.2,0.08999999999999998,0.008437845959709925,0.09375384399677697,-3.00694297292962e-05,3.00694297292962e-05,0.0001459142283344091,1.5872364566016373e-05,1.9822256298541148,0.49520643241093754,0.37667088288783496,0.3658976998341181,0.1,1.7320508075688772,1.7320508075688772,True,D_with_TF,anti_like_J_positive
0.21999999999999997,0.4330127018922193,0.4330127018922193,0.25,1.7320508075688772,1.7320508075688772,1.7320508075688772,0.34641016151377546,2.9999999999999996,0.5624999999999998,0.06151373187058208,0.10935774554770152,-0.00015409505402606415,0.00015409505402606415,0.0007917498731635677,0.00010072748081624283,2.050942977959735,0.4967000182030166,0.38552475512183415,0.379909305359725,0.25,1.7320508075688772,1.7320508075688772,True,D_with_TF,anti_like_J_positive
0.21999999999999997,0.8660254037844386,0.8660254037844386,0.5,1.7320508075688772,1.7320508075688772,1.7320508075688772,0.34641016151377546,5.999999999999999,2.249999999999999,0.2892188827211657,0.12854172565385147,-0.0004633684185302244,0.0004633684185302244,0.0027659341461217014,0.0004031563101728475,2.1369339728930985,0.49389110139794734,0.39648638746934073,0.3838610483772467,0.5,1.7320508075688772,1.7320508075688772,True,D_with_TF,anti_like_J_positive
0.21999999999999997,1.299038105676658,1.299038105676658,0.7500000000000001,1.7320508075688772,1.7320508075688772,1.7320508075688772,0.34641016151377546,9.0,5.0625,0.6952499434295076,0.13733332215891508,-0.0007494735626148042,0.0007494735626148042,0.005537898548910942,0.0008791039217309615,2.1830706301385217,0.4869322930994121,0.4023395739470927,0.38436193577738037,0.75,1.7320508075688772,1.7320508075688772,True,D_with_TF,anti_like_J_positive
0.21999999999999997,1.7320508075688772,1.7320508075688772,1.0,1.7320508075688772,1.7320508075688772,1.7320508075688772,0.34641016151377546,11.999999999999998,8.999999999999996,1.2143314631096374,0.1349257181232931,-0.0008758922816464471,0.0008758922816464471,0.008696126575424705,0.0014660053784087967,2.1864365580520397,0.4790793811108951,0.40283850912041036,0.38204464307416514,1.0,1.7320508075688772,1.7320508075688772,True,D_with_TF,anti_like_J_positive
0.21999999999999997,2.598076211353316,2.598076211353316,1.5000000000000002,1.7320508075688772,1.7320508075688772,1.7320508075688772,0.34641016151377546,18.0,20.25,2.0442260198050324,0.10094943307679172,-0.00048559154296216184,0.00048559154296216184,0.014496948209132686,0.002629784145847913,2.0662169660973473,0.4693653530439271,0.3879076447481565,0.3686052767083037,1.5,1.7320508075688772,1.7320508075688772,True,D_with_TF,anti_like_J_positive
0.21999999999999997,3.4641016151377544,3.4641016151377544,2.0,1.7320508075688772,1.7320508075688772,1.7320508075688772,0.34641016151377546,23.999999999999996,35.999999999999986,1.7216360456643665,0.047823223490676865,0.0002919372218915424,0.0,0.017538983990466012,0.003274939812131006,1.8038353495612571,0.461344683892862,0.35419025378425684,0.34195482667264887,2.0,1.7320508075688772,1.7320508075688772,True,D_with_TF,anti_like_J_positive
0.21999999999999997,5.196152422706632,5.196152422706632,3.0000000000000004,1.7320508075688772,1.7320508075688772,1.7320508075688772,0.34641016151377546,36.0,81.0,0.07338943951062193,0.0009060424630940979,-0.00023478470007267868,0.00023478470007267868,0.014209799919453956,0.0025700152264317433,1.1043567644344412,0.38036643024120675,0.2564248360230206,0.2453773610096477,3.0,1.7320508075688772,1.7320508075688772,True,D_with_TF,anti_like_J_positive
0.26,0.0,0.0,0.0,1.7320508075688772,1.7320508075688772,1.7320508075688772,0.34641016151377546,0.0,0.0,0.0,,5.551115123125783e-16,0.0,-0.0,-2.220446049250313e-16,2.202386977408651,0.48388279080445873,0.4042970851943515,0.3874383573075688,0.0,1.7320508075688772,1.7320508075688772,True,D_with_TF,anti_like_J_positive
0.26,0.17320508075688773,0.17320508075688773,0.1,1.7320508075688772,1.7320508075688772,1.7320508075688772,0.34641016151377546,1.2,0.08999999999999998,0.006900182368080907,0.07666869297867676,-8.017192815805945e-05,8.017192815805945e-05,0.00026978775970260867,3.097159319764842e-05,2.2700440397114825,0.4813900118258381,0.4128166565158816,0.4008537859325398,0.1,1.7320508075688772,1.7320508075688772,True,D_with_TF,anti_like_J_positive
0.26,0.4330127018922193,0.4330127018922193,0.25,1.7320508075688772,1.7320508075688772,1.7320508075688772,0.34641016151377546,2.9999999999999996,0.5624999999999998,0.052526046302639275,0.09337963787135875,-0.0004056171102531454,0.0004056171102531454,0.0014495829115299312,0.0001964543868203661,2.3578098101806164,0.47371233379236427,0.4237745541227464,0.41600836965241195,0.25,1.7320508075688772,1.7320508075688772,True,D_with_TF,anti_like_J_positive
0.26,0.8660254037844386,0.8660254037844386,0.5,1.7320508075688772,1.7320508075688772,1.7320508075688772,0.34641016151377546,5.999999999999999,2.249999999999999,0.25120678877935,0.11164746167971115,-0.001181669102691794,0.001181669102691794,0.0049731778384619636,0.0007786693851781212,2.461747950958759,0.4539914900029719,0.4366404714235184,0.41952974131616116,0.5,1.7320508075688772,1.7320508075688772,True,D_with_TF,anti_like_J_positive
0.26,1.299038105676658,1.299038105676658,0.7500000000000001,1.7320508075688772,1.7320508075688772,1.7320508075688772,0.34641016151377546,9.0,5.0625,0.5856076665914828,0.11567558846251512,-0.0017990008674947308,0.0017990008674947308,0.009709864553615784,0.0016621749518535012,2.5055766421260164,0.43411348757373835,0.44212814885374385,0.4199368589273647,0.75,1.7320508075688772,1.7320508075688772,True,D_with_TF,anti_like_J_positive
0.26,1.7320508075688772,1.7320508075688772,1.0,1.7320508075688772,1.7320508075688772,1.7320508075688772,0.34641016151377546,11.999999999999998,8.999999999999996,0.9493990001171136,0.10548877779079045,-0.0018960737702606988,0.0018960737702606988,0.014748192469989029,0.0026822459498085927,2.4858352537498183,0.4255726166418867,0.43994028662156537,0.41723976649586975,1.0,1.7320508075688772,1.7320508075688772,True,D_with_TF,anti_like_J_positive
0.26,2.598076211353316,2.598076211353316,1.5000000000000002,1.7320508075688772,1.7320508075688772,1.7320508075688772,0.34641016151377546,18.0,20.25,1.1332181171774138,0.05596138850258834,-0.0005671139926896711,0.0005671139926896711,0.022442585286581763,0.004356481275931912,2.270201234103954,0.4515387662938782,0.41380996624061134,0.4002880139419253,1.5,1.7320508075688772,1.7320508075688772,True,D_with_TF,anti_like_J_positive
0.26,3.4641016151377544,3.4641016151377544,2.0,1.7320508075688772,1.7320508075688772,1.7320508075688772,0.34641016151377546,23.999999999999996,35.999999999999986,0.2502431916783693,0.006951199768843594,0.0007245797772511657,0.0,0.024037786881504274,0.004718293843800403,1.8842988417338453,0.46779944647042415,0.364810832869272,0.35404079232445324,2.0,1.7320508075688772,1.7320508075688772,True,D_with_TF,anti_like_J_positive
0.26,5.196152422706632,5.196152422706632,3.0000000000000004,1.7320508075688772,1.7320508075688772,1.7320508075688772,0.34641016151377546,36.0,81.0,2.935155882978162,0.036236492382446445,-0.0025906992318487764,0.0025906992318487764,0.014616624796245386,0.0026547543437842602,1.0745971887761165,0.3541613364603301,0.25230561038009147,0.23900904446075802,3.0,1.7320508075688772,1.7320508075688772,True,D_with_TF,anti_like_J_positive
0.3,0.0,0.0,0.0,1.7320508075688772,1.7320508075688772,1.7320508075688772,0.34641016151377546,0.0,0.0,0.0,,-6.406853007629837e-16,6.406853007629837e-16,-6.406853007629837e-16,-2.220446049250313e-16,2.3953613565928698,0.46581638623261257,0.428002700517655,0.4087424115772104,0.0,1.7320508075688772,1.7320508075688772,True,D_with_TF,anti_like_J_positive
0.3,0.17320508075688773,0.17320508075688773,0.1,1.7320508075688772,1.7320508075688772,1.7320508075688772,0.34641016151377546,1.2,0.08999999999999998,0.005019177883479905,0.05576864314977673,-0.00018179237505930892,0.00018179237505930892,0.00045539245769279343,5.48781312494917e-05,2.4750844944711083,0.45497172203963526,0.43787030697701906,0.4249102460166917,0.1,1.7320508075688772,1.7320508075688772,True,D_with_TF,anti_like_J_positive
0.3,0.4330127018922193,0.4330127018922193,0.25,1.7320508075688772,1.7320508075688772,1.7320508075688772,0.34641016151377546,2.9999999999999996,0.5624999999999998,0.04087855793108592,0.0726729918774861,-0.0009137875777702432,0.0009137875777702432,0.002422006927557817,0.0003476159278954505,2.576423905295788,0.43178349562438173,0.45032984722887986,0.4399103135649719,0.25,1.7320508075688772,1.7320508075688772,True,D_with_TF,anti_like_J_positive
0.3,0.8660254037844386,0.8660254037844386,0.5,1.7320508075688772,1.7320508075688772,1.7320508075688772,0.34641016151377546,5.999999999999999,2.249999999999999,0.19955666543895348,0.08869185130620158,-0.0025905916472834453,0.0025905916472834453,0.008147098936400234,0.0013612241885454512,2.6871078548001828,0.3829482958996178,0.46392683221408065,0.44331126114769476,0.5,1.7320508075688772,1.7320508075688772,True,D_with_TF,anti_like_J_positive
0.3,1.299038105676658,1.299038105676658,0.7500000000000001,1.7320508075688772,1.7320508075688772,1.7320508075688772,0.34641016151377546,9.0,5.0625,0.44134496957441205,0.08717925324926658,-0.00371680103313584,0.00371680103313584,0.015476915125476477,0.0028352702683900333,2.7154471889852454,0.345471796739348,0.4676980038703173,0.4442388022836125,0.75,1.7320508075688772,1.7320508075688772,True,D_with_TF,anti_like_J_positive
0.3,1.7320508075688772,1.7320508075688772,1.0,1.7320508075688772,1.7320508075688772,1.7320508075688772,0.34641016151377546,11.999999999999998,8.999999999999996,0.6297757125757135,0.06997507917507931,-0.0035483118028264947,0.0035483118028264947,0.02268169660697489,0.00441041819355481,2.6615640402070593,0.35880125983771666,0.4616476719648471,0.4423381117223464,1.0,1.7320508075688772,1.7320508075688772,True,D_with_TF,anti_like_J_positive
0.3,2.598076211353316,2.598076211353316,1.5000000000000002,1.7320508075688772,1.7320508075688772,1.7320508075688772,0.34641016151377546,18.0,20.25,0.329862694577105,0.016289515781585433,-0.0006672886521923785,0.0006672886521923785,0.0313555020214776,0.006433680781480211,2.353357832865557,0.45769172910928535,0.4243771621727206,0.4148115890165837,1.5,1.7320508075688772,1.7320508075688772,True,D_with_TF,anti_like_J_positive
0.3,3.4641016151377544,3.4641016151377544,2.0,1.7320508075688772,1.7320508075688772,1.7320508075688772,0.34641016151377546,23.999999999999996,35.999999999999986,0.5285942669768919,0.014683174082691448,0.00019599636897982622,0.0,0.02963315976595549,0.0060221570377587685,1.8826907304057636,0.47929471364591536,0.36460107323821445,0.3492095860695093,2.0,1.7320508075688772,1.7320508075688772,True,D_with_TF,anti_like_J_positive
0.3,5.196152422706632,5.196152422706632,3.0000000000000004,1.7320508075688772,1.7320508075688772,1.7320508075688772,0.34641016151377546,36.0,81.0,7.028735414098045,0.08677451128516105,-0.0053657386274642786,0.0053657386274642786,0.01423151025296896,0.0025745270221310124,1.165192746911879,0.3405401109679299,0.2664055917262573,0.252720672945308,3.0,1.7320508075688772,1.7320508075688772,True,D_with_TF,anti_like_J_positive
0.3277777777777778,0.0,0.0,0.0,1.7320508075688772,1.7320508075688772,1.7320508075688772,0.34641016151377546,0.0,0.0,0.0,,-5.05962489584348e-16,5.05962489584348e-16,1.6017132519074588e-16,1.1102230246251565e-16,2.4870666672643926,0.45466030459107265,0.43908649835788605,0.4183177155425243,0.0,1.7320508075688772,1.7320508075688772,True,D_with_TF,anti_like_J_positive
0.3277777777777778,0.17320508075688773,0.17320508075688773,0.1,1.7320508075688772,1.7320508075688772,1.7320508075688772,0.34641016151377546,1.2,0.08999999999999998,0.0036145100742881477,0.04016122304764609,-0.00029678289313615866,0.00029678289313615866,0.0006286326712625763,7.815648166431544e-05,2.572355854376283,0.43732784524656093,0.44958392973438277,0.4360243001237018,0.1,1.7320508075688772,1.7320508075688772,True,D_with_TF,anti_like_J_positive
0.3277777777777778,0.4330127018922193,0.4330127018922193,0.25,1.7320508075688772,1.7320508075688772,1.7320508075688772,0.34641016151377546,2.9999999999999996,0.5624999999999998,0.03180816752123113,0.056547853371077594,-0.0014893874617405208,0.0014893874617405208,0.0033189922129997166,0.0004943517560018762,2.678403584027144,0.4011138711882235,0.46259308095623636,0.4505741315260047,0.25,1.7320508075688772,1.7320508075688772,True,D_with_TF,anti_like_J_positive
0.3277777777777778,0.8660254037844386,0.8660254037844386,0.5,1.7320508075688772,1.7320508075688772,1.7320508075688772,0.34641016151377546,5.999999999999999,2.249999999999999,0.15843684109829753,0.0704163738214656,-0.004153184360211483,0.004153184360211483,0.011003739387145405,0.0019173057103858415,2.7839113364644437,0.3248770051933296,0.47569307321188525,0.45381193861280816,0.5,1.7320508075688772,1.7320508075688772,True,D_with_TF,anti_like_J_positive
0.3277777777777778,1.299038105676658,1.299038105676658,0.7500000000000001,1.7320508075688772,1.7320508075688772,1.7320508075688772,0.34641016151377546,9.0,5.0625,0.3301597369268259,0.06521673815838536,-0.005732557263001474,0.005732557263001474,0.02049123732407255,0.0039203522132098545,2.7914721263216062,0.27364667699125317,0.477223876449072,0.4555051598147972,0.75,1.7320508075688772,1.7320508075688772,True,D_with_TF,anti_like_J_positive
0.3277777777777778,1.7320508075688772,1.7320508075688772,1.0,1.7320508075688772,1.7320508075688772,1.7320508075688772,0.34641016151377546,11.999999999999998,8.999999999999996,0.40283661428039985,0.044759623808933335,-0.005165701179346935,0.005165701179346935,0.02927163140514462,0.005936361853294381,2.7095659771072347,0.3365882795529564,0.46794312525424864,0.454920498325509,1.0,1.7320508075688772,1.7320508075688772,True,D_with_TF,anti_like_J_positive
0.3277777777777778,2.598076211353316,2.598076211353316,1.5000000000000002,1.7320508075688772,1.7320508075688772,1.7320508075688772,0.34641016151377546,18.0,20.25,0.26685800331221093,0.013178173003072145,-0.0010956227312941685,0.0010956227312941685,0.03782517239013404,0.00801857809994111,2.357243960690432,0.47710967446034147,0.42492264314553685,0.41094093882019506,1.5,1.7320508075688772,1.7320508075688772,True,D_with_TF,anti_like_J_positive
0.3277777777777778,3.4641016151377544,3.4641016151377544,2.0,1.7320508075688772,1.7320508075688772,1.7320508075688772,0.34641016151377546,23.999999999999996,35.999999999999986,0.445019162086845,0.012361643391301256,-0.0014808856263816422,0.0014808856263816422,0.03276885674809078,0.006774745503586255,1.8632442294422968,0.4786841460050013,0.36219931710535,0.3462088731605014,2.0,1.7320508075688772,1.7320508075688772,True,D_with_TF,anti_like_J_positive
0.3277777777777778,5.196152422706632,5.196152422706632,3.0000000000000004,1.7320508075688772,1.7320508075688772,1.7320508075688772,0.34641016151377546,36.0,81.0,8.453730390142278,0.10436704185360837,-0.006034763399718302,0.006034763399718302,0.014426176098258147,0.0026150342728696874,1.322166279060351,0.3544884279792454,0.2894003104882849,0.2766714429377194,3.0,1.7320508075688772,1.7320508075688772,True,D_with_TF,anti_like_J_positive
0.35555555555555557,0.0,0.0,0.0,1.7320508075688772,1.7320508075688772,1.7320508075688772,0.34641016151377546,0.0,0.0,0.0,,8.627299056880147e-16,0.0,6.406853007629834e-16,-2.220446049250313e-16,2.549936446195425,0.44807198040658347,0.44661570552543073,0.42453184318948894,0.0,1.7320508075688772,1.7320508075688772,True,D_with_TF,anti_like_J_positive
0.35555555555555557,0.17320508075688773,0.17320508075688773,0.1,1.7320508075688772,1.7320508075688772,1.7320508075688772,0.34641016151377546,1.2,0.08999999999999998,0.0022461165385154296,0.02495685042794922,-0.00045770035745808474,0.00045770035745808474,0.0008442948683594468,0.00010811417110101473,2.63844844516454,0.42565200393585445,0.4574933361783059,0.4433995213820327,0.1,1.7320508075688772,1.7320508075688772,True,D_with_TF,anti_like_J_positive
0.35555555555555557,0.4330127018922193,0.4330127018922193,0.25,1.7320508075688772,1.7320508075688772,1.7320508075688772,0.34641016151377546,2.9999999999999996,0.5624999999999998,0.02245877073825921,0.039926703534683056,-0.00229828840164814,0.00229828840164814,0.004424234392963023,0.0006825903002560807,2.744772347644974,0.3789083878107911,0.47059927918641187,0.4573706647146505,0.25,1.7320508075688772,1.7320508075688772,True,D_with_TF,anti_like_J_positive
0.35555555555555557,0.8660254037844386,0.8660254037844386,0.5,1.7320508075688772,1.7320508075688772,1.7320508075688772,0.34641016151377546,5.999999999999999,2.249999999999999,0.11547077992354611,0.05132034663268718,-0.0063194078668196985,0.0063194078668196985,0.014449217671234221,0.0026198350981130325,2.834744548162748,0.2726908775712874,0.4821432595153141,0.4603669157601092,0.5,1.7320508075688772,1.7320508075688772,True,D_with_TF,anti_like_J_positive
0.35555555555555557,1.299038105676658,1.299038105676658,0.7500000000000001,1.7320508075688772,1.7320508075688772,1.7320508075688772,0.34641016151377546,9.0,5.0625,0.2185181133933813,0.04316407178140865,-0.008429081634662352,0.008429081634662352,0.026364950081512437,0.005254215886461688,2.8120123187469765,0.24708338321719253,0.48038162809314644,0.4630415770459624,0.75,1.7320508075688772,1.7320508075688772,True,D_with_TF,anti_like_J_positive
0.35555555555555557,1.7320508075688772,1.7320508075688772,1.0,1.7320508075688772,1.7320508075688772,1.7320508075688772,0.34641016151377546,11.999999999999998,8.999999999999996,0.20317781876782265,0.022575313196424748,-0.0072905088031632245,0.0072905088031632245,0.03670518163402065,0.0077399720781335946,2.701899551616524,0.34669411106501935,0.4676825749994025,0.4638100917242062,1.0,1.7320508075688772,1.7320508075688772,True,D_with_TF,anti_like_J_positive
0.35555555555555557,2.598076211353316,2.598076211353316,1.5000000000000002,1.7320508075688772,1.7320508075688772,1.7320508075688772,0.34641016151377546,18.0,20.25,0.5236198975159672,0.025857772716837885,-0.0022483973058260304,0.0022483973058260304,0.0443456055353927,0.00967351128814209,2.335628405687582,0.5018991206357629,0.4222259615710955,0.40530026248059187,1.5,1.7320508075688772,1.7320508075688772,True,D_with_TF,anti_like_J_positive
0.35555555555555557,3.4641016151377544,3.4641016151377544,2.0,1.7320508075688772,1.7320508075688772,1.7320508075688772,0.34641016151377546,23.999999999999996,35.999999999999986,0.2562466549248367,0.007117962636801023,-0.004486317125025237,0.004486317125025237,0.03521538302516746,0.007372064365758546,1.8446219232330419,0.46299392199068967,0.36019439255889196,0.34593861681591137,2.0,1.7320508075688772,1.7320508075688772,True,D_with_TF,anti_like_J_positive
0.35555555555555557,5.196152422706632,5.196152422706632,3.0000000000000004,1.7320508075688772,1.7320508075688772,1.7320508075688772,0.34641016151377546,36.0,81.0,7.794111195484094,0.09622359500597646,-0.005814054360530473,0.005814054360530473,0.015893108324653217,0.002923229964264751,1.5325029453273056,0.3867733958250611,0.31888248993942386,0.308777778083678,3.0,1.7320508075688772,1.7320508075688772,True,D_with_TF,anti_like_J_positive
0.3833333333333333,0.0,0.0,0.0,1.7320508075688772,1.7320508075688772,1.7320508075688772,0.34641016151377546,0.0,0.0,0.0,,8.7545416269407e-16,0.0,3.2034265038149176e-16,-2.220446049250313e-16,2.5899767868007237,0.44648959850045117,0.4513777046581573,0.4282323750139542,0.0,1.7320508075688772,1.7320508075688772,True,D_with_TF,anti_like_J_positive
0.3833333333333333,0.17320508075688773,0.17320508075688773,0.1,1.7320508075688772,1.7320508075688772,1.7320508075688772,0.34641016151377546,1.2,0.08999999999999998,0.0012191028964664862,0.013545587738516517,-0.0006694598037122238,0.0006694598037122238,0.0011078157136643848,0.00014589555738853122,2.6799075873832363,0.42220561331857087,0.4624484778414845,0.44788435741149385,0.1,1.7320508075688772,1.7320508075688772,True,D_with_TF,anti_like_J_positive
0.3833333333333333,0.4330127018922193,0.4330127018922193,0.25,1.7320508075688772,1.7320508075688772,1.7320508075688772,0.34641016151377546,2.9999999999999996,0.5624999999999998,0.013504555488718685,0.024008098646611006,-0.0033709715093225723,0.0033709715093225723,0.0057605355516265454,0.000919117602192765,2.7822242005343902,0.37465351832434624,0.47522168644626717,0.46132476576531345,0.25,1.7320508075688772,1.7320508075688772,True,D_with_TF,anti_like_J_positive
0.3833333333333333,0.8660254037844386,0.8660254037844386,0.5,1.7320508075688772,1.7320508075688772,1.7320508075688772,0.34641016151377546,5.999999999999999,2.249999999999999,0.07345620357137363,0.03264720158727718,-0.009170385819120285,0.009170385819120285,0.018524580123798918,0.0034883952555810893,2.8447468756183465,0.2871233093946923,0.4839687409529355,0.46394439181701613,0.5,1.7320508075688772,1.7320508075688772,True,D_with_TF,anti_like_J_positive
0.3833333333333333,1.299038105676658,1.299038105676658,0.7500000000000001,1.7320508075688772,1.7320508075688772,1.7320508075688772,0.34641016151377546,9.0,5.0625,0.11907412373394978,0.023520814564730822,-0.011905249792580827,0.011905249792580827,0.033112556941123764,0.0068581347620007005,2.781825493751712,0.2894063308367132,0.47773398198912587,0.46759525653809164,0.75,1.7320508075688772,1.7320508075688772,True,D_with_TF,anti_like_J_positive
0.3833333333333333,1.7320508075688772,1.7320508075688772,1.0,1.7320508075688772,1.7320508075688772,1.7320508075688772,0.34641016151377546,11.999999999999998,8.999999999999996,0.13933851576126952,0.01548205730680773,-0.010104836086148247,0.010104836086148247,0.044934262618650925,0.009825576854726181,2.647861086101811,0.37332886739428833,0.461853487861893,0.45360648048213814,1.0,1.7320508075688772,1.7320508075688772,True,D_with_TF,anti_like_J_positive
0.3833333333333333,2.598076211353316,2.598076211353316,1.5000000000000002,1.7320508075688772,1.7320508075688772,1.7320508075688772,0.34641016151377546,18.0,20.25,0.6519127823847486,0.032193223821469066,-0.0044756346514243164,0.0044756346514243164,0.050772487999073516,0.011356296989145642,2.305167759840537,0.5235759206283574,0.4184807479613375,0.4009537500563312,1.5,1.7320508075688772,1.7320508075688772,True,D_with_TF,anti_like_J_positive
0.3833333333333333,3.4641016151377544,3.4641016151377544,2.0,1.7320508075688772,1.7320508075688772,1.7320508075688772,0.34641016151377546,23.999999999999996,35.999999999999986,0.8137657682834429,0.02260460467454009,-0.008496153589423558,0.008496153589423558,0.036940236128357964,0.007798301002362673,1.8324653290484731,0.43010479975464966,0.3593329562744609,0.34853841679470804,2.0,1.7320508075688772,1.7320508075688772,True,D_with_TF,anti_like_J_positive
0.3833333333333333,5.196152422706632,5.196152422706632,3.0000000000000004,1.7320508075688772,1.7320508075688772,1.7320508075688772,0.34641016151377546,36.0,81.0,5.244409483516971,0.06474579609280211,-0.005583195421915994,0.005583195421915994,0.019321207113062837,0.0036624179213520236,1.7544659476570645,0.42969378049758017,0.3488679086696627,0.3428487595299973,3.0,1.7320508075688772,1.7320508075688772,True,D_with_TF,anti_like_J_positive
0.4111111111111111,0.0,0.0,0.0,1.7320508075688772,1.7320508075688772,1.7320508075688772,0.34641016151377546,0.0,0.0,0.0,,1.2449458358037919e-15,0.0,8.008566259537293e-16,2.220446049250313e-16,2.6129196692612164,0.44802141194515577,0.454091969666702,0.4301964086298611,0.0,1.7320508075688772,1.7320508075688772,True,D_with_TF,anti_like_J_positive
0.4111111111111111,0.17320508075688773,0.17320508075688773,0.1,1.7320508075688772,1.7320508075688772,1.7320508075688772,0.34641016151377546,1.2,0.08999999999999998,0.0014215369110113201,0.01579485456679245,-0.0009311040856436199,0.0009311040856436199,0.001424726343876525,0.00019272486102828168,2.7035593491638057,0.42546287124379367,0.4652931528809214,0.45033172527771365,0.1,1.7320508075688772,1.7320508075688772,True,D_with_TF,anti_like_J_positive
0.4111111111111111,0.4330127018922193,0.4330127018922193,0.25,1.7320508075688772,1.7320508075688772,1.7320508075688772,0.34641016151377546,2.9999999999999996,0.5624999999999998,0.006912255367860932,0.012288453987308328,-0.004712009969237204,0.004712009969237204,0.007350174200312646,0.001211078406677668,2.798477363440739,0.3890964507636422,0.47740525615729956,0.46349009423391163,0.25,1.7320508075688772,1.7320508075688772,True,D_with_TF,anti_like_J_positive
0.4111111111111111,0.8660254037844386,0.8660254037844386,0.5,1.7320508075688772,1.7320508075688772,1.7320508075688772,0.34641016151377546,5.999999999999999,2.249999999999999,0.038217012344004875,0.01698533881955773,-0.012739139102711215,0.012739139102711215,0.023265174975586302,0.004542476954345065,2.8209060910108814,0.3422827952915934,0.48199742284209524,0.46550598656648806,0.5,1.7320508075688772,1.7320508075688772,True,D_with_TF,anti_like_J_positive
0.4111111111111111,1.299038105676658,1.299038105676658,0.7500000000000001,1.7320508075688772,1.7320508075688772,1.7320508075688772,0.34641016151377546,9.0,5.0625,0.07713710662644573,0.015236959333618908,-0.016256755088198543,0.016256755088198543,0.040737751905467384,0.008751002537920494,2.7087001273934463,0.3437466777940332,0.4700843189361765,0.4698341269229941,0.75,1.7320508075688772,1.7320508075688772,True,D_with_TF,anti_like_J_positive
0.4111111111111111,1.7320508075688772,1.7320508075688772,1.0,1.7320508075688772,1.7320508075688772,1.7320508075688772,0.34641016151377546,11.999999999999998,8.999999999999996,0.2518455029085721,0.027982833656508024,-0.013854784386405056,0.013854784386405056,0.05390137094968142,0.012192904131117621,2.560987472115115,0.40246152620083075,0.45190790837278527,0.4398220453780169,1.0,1.7320508075688772,1.7320508075688772,True,D_with_TF,anti_like_J_positive
0.4111111111111111,2.598076211353316,2.598076211353316,1.5000000000000002,1.7320508075688772,1.7320508075688772,1.7320508075688772,0.34641016151377546,18.0,20.25,0.636686424260728,0.03144130490176435,-0.007891237279499641,0.007891237279499641,0.05695210513561183,0.013019064441413208,2.2783713073529874,0.5322936113384179,0.4154404560997153,0.395554227157063,1.5,1.7320508075688772,1.7320508075688772,True,D_with_TF,anti_like_J_positive
0.4111111111111111,3.4641016151377544,3.4641016151377544,2.0,1.7320508075688772,1.7320508075688772,1.7320508075688772,0.34641016151377546,23.999999999999996,35.999999999999986,1.4806093326842555,0.041128037019007115,-0.012715001995587796,0.012715001995587796,0.03795669244758419,0.00805140695497486,1.8266345662762253,0.38364735415310863,0.3594001500982894,0.3498282969668443,2.0,1.7320508075688772,1.7320508075688772,True,D_with_TF,anti_like_J_positive
0.4111111111111111,5.196152422706632,5.196152422706632,3.0000000000000004,1.7320508075688772,1.7320508075688772,1.7320508075688772,0.34641016151377546,36.0,81.0,2.346896266362109,0.028974027979779122,-0.005874363067077858,0.005874363067077858,0.024890180208623137,0.004913499954501188,1.9460518476017319,0.4772204642055272,0.3740988500017235,0.36905520097308875,3.0,1.7320508075688772,1.7320508075688772,True,D_with_TF,anti_like_J_positive
0.4388888888888889,0.0,0.0,0.0,1.7320508075688772,1.7320508075688772,1.7320508075688772,0.34641016151377546,0.0,0.0,0.0,,1.0229012308787606e-15,0.0,8.008566259537293e-16,1.1102230246251565e-16,2.623260942793772,0.44981925030393743,0.4553110446973536,0.43102262922508905,0.0,1.7320508075688772,1.7320508075688772,True,D_with_TF,anti_like_J_positive
0.4388888888888889,0.17320508075688773,0.17320508075688773,0.1,1.7320508075688772,1.7320508075688772,1.7320508075688772,0.34641016151377546,1.2,0.08999999999999998,0.0023790380089548212,0.026433755655053574,-0.0012336812116937564,0.0012336812116937564,0.001800625411589655,0.00024990348182685196,2.715484428023358,0.4310337290870269,0.46676091491178195,0.451496458980369,0.1,1.7320508075688772,1.7320508075688772,True,D_with_TF,anti_like_J_positive
0.4388888888888889,0.4330127018922193,0.4330127018922193,0.25,1.7320508075688772,1.7320508075688772,1.7320508075688772,0.34641016151377546,2.9999999999999996,0.5624999999999998,0.008555488907590347,0.0152097580579384,-0.006288892966579404,0.006288892966579404,0.00921474232157006,0.0015659375083348914,2.801331641054811,0.411709551331891,0.47807306543987377,0.4648258170859126,0.25,1.7320508075688772,1.7320508075688772,True,D_with_TF,anti_like_J_positive
0.4388888888888889,0.8660254037844386,0.8660254037844386,0.5,1.7320508075688772,1.7320508075688772,1.7320508075688772,0.34641016151377546,5.999999999999999,2.249999999999999,0.031997613281542506,0.014221161458463341,-0.016990965442199607,0.016990965442199607,0.028700456206170427,0.005801236539514365,2.771600770626057,0.401471146249565,0.4771583849599531,0.4659087379938203,0.5,1.7320508075688772,1.7320508075688772,True,D_with_TF,anti_like_J_positive
0.4388888888888889,1.299038105676658,1.299038105676658,0.7500000000000001,1.7320508075688772,1.7320508075688772,1.7320508075688772,0.34641016151377546,9.0,5.0625,0.1278686345002225,0.025258001876587163,-0.021568205240641118,0.021568205240641118,0.04923353036804141,0.010948899267651524,2.60344905465987,0.3975126838798818,0.4585269849167014,0.4500935109662519,0.75,1.7320508075688772,1.7320508075688772,True,D_with_TF,anti_like_J_positive
0.4388888888888889,1.7320508075688772,1.7320508075688772,1.0,1.7320508075688772,1.7320508075688772,1.7320508075688772,0.34641016151377546,11.999999999999998,8.999999999999996,0.3642473759847837,0.04047193066497598,-0.018768517053297518,0.018768517053297518,0.06353607548450146,0.014835762474323388,2.45822199463939,0.43887419051701787,0.4397912118750288,0.4184690779804732,1.0,1.7320508075688772,1.7320508075688772,True,D_with_TF,anti_like_J_positive
0.4388888888888889,2.598076211353316,2.598076211353316,1.5000000000000002,1.7320508075688772,1.7320508075688772,1.7320508075688772,0.34641016151377546,18.0,20.25,0.5205271732502348,0.025705045592604187,-0.012272405175862713,0.012272405175862713,0.0627104670166616,0.014605496264113338,2.260564567477971,0.5200557758036175,0.41388126915945755,0.3890560985819285,1.5,1.7320508075688772,1.7320508075688772,True,D_with_TF,anti_like_J_positive
0.4388888888888889,3.4641016151377544,3.4641016151377544,2.0,1.7320508075688772,1.7320508075688772,1.7320508075688772,0.34641016151377546,23.999999999999996,35.999999999999986,1.9656066441664157,0.05460018456017823,-0.016263447429280785,0.016263447429280785,0.038371593065521604,0.008155124015113646,1.824500747077801,0.3320646940488172,0.3598219205487736,0.34861982516699014,2.0,1.7320508075688772,1.7320508075688772,True,D_with_TF,anti_like_J_positive
0.4388888888888889,5.196152422706632,5.196152422706632,3.0000000000000004,1.7320508075688772,1.7320508075688772,1.7320508075688772,0.34641016151377546,36.0,81.0,3.2336844938812184,0.03992203078865702,-0.006643864378958822,0.006643864378958822,0.03208908151020472,0.006610331950229975,2.0789530798145597,0.520099602102724,0.39135330504890875,0.39034669905111613,3.0,1.7320508075688772,1.7320508075688772,True,D_with_TF,anti_like_J_positive
0.4666666666666667,0.0,0.0,0.0,1.7320508075688772,1.7320508075688772,1.7320508075688772,0.34641016151377546,0.0,0.0,0.0,,7.025585804972689e-16,0.0,4.805139755722376e-16,1.1102230246251565e-16,2.6234945541948527,0.44987102361277065,0.4553385468257575,0.43104073836473095,0.0,1.7320508075688772,1.7320508075688772,True,D_with_TF,anti_like_J_positive
0.4666666666666667,0.17320508075688773,0.17320508075688773,0.1,1.7320508075688772,1.7320508075688772,1.7320508075688772,0.34641016151377546,1.2,0.08999999999999998,0.0033152980168301292,0.03683664463144589,-0.0015596494835177816,0.0015596494835177816,0.0022411556946359506,0.00031880746981061137,2.7200804942095185,0.4345301801279785,0.46737523835915357,0.4519343812395623,0.1,1.7320508075688772,1.7320508075688772,True,D_with_TF,anti_like_J_positive
0.4666666666666667,0.4330127018922193,0.4330127018922193,0.25,1.7320508075688772,1.7320508075688772,1.7320508075688772,0.34641016151377546,2.9999999999999996,0.5624999999999998,0.014432060190752752,0.025656995894671568,-0.008027095798610991,0.008027095798610991,0.011375010264140065,0.001991441754314205,2.7977019275165413,0.4322687952969415,0.47802513366465654,0.4660716617414215,0.25,1.7320508075688772,1.7320508075688772,True,D_with_TF,anti_like_J_positive
0.4666666666666667,0.8660254037844386,0.8660254037844386,0.5,1.7320508075688772,1.7320508075688772,1.7320508075688772,0.34641016151377546,5.999999999999999,2.249999999999999,0.055290073535312255,0.024573366015694344,-0.021808491279772045,0.021808491279772045,0.03485375929078536,0.007283231793521638,2.7061039810694947,0.4538349233865512,0.470449064566914,0.4658235616852918,0.5,1.7320508075688772,1.7320508075688772,True,D_with_TF,anti_like_J_positive
0.4666666666666667,1.299038105676658,1.299038105676658,0.7500000000000001,1.7320508075688772,1.7320508075688772,1.7320508075688772,0.34641016151377546,9.0,5.0625,0.19032759388327225,0.03759557410039946,-0.02787258888460544,0.02787258888460544,0.058581162546269085,0.013464339822454985,2.4797014522620353,0.4464357602467933,0.4445042071893713,0.42641010040996963,0.75,1.7320508075688772,1.7320508075688772,True,D_with_TF,anti_like_J_positive
0.4666666666666667,1.7320508075688772,1.7320508075688772,1.0,1.7320508075688772,1.7320508075688772,1.7320508075688772,0.34641016151377546,11.999999999999998,8.999999999999996,0.4371027633094228,0.048566973701047,-0.02487357907664145,0.02487357907664145,0.07374907506077566,0.017739805051599,2.3581639843045865,0.49914969119894986,0.42783734013141034,0.39620700110293805,1.0,1.7320508075688772,1.7320508075688772,True,D_with_TF,anti_like_J_positive
0.4666666666666667,2.598076211353316,2.598076211353316,1.5000000000000002,1.7320508075688772,1.7320508075688772,1.7320508075688772,0.34641016151377546,18.0,20.25,0.4018296880947864,0.01984344138739686,-0.017151668053712044,0.017151668053712044,0.06785822700476973,0.01605237614646282,2.2495321540278552,0.48426604636673626,0.41344740882845343,0.38588335856846095,1.5,1.7320508075688772,1.7320508075688772,True,D_with_TF,anti_like_J_positive
0.4666666666666667,3.4641016151377544,3.4641016151377544,2.0,1.7320508075688772,1.7320508075688772,1.7320508075688772,0.34641016151377546,23.999999999999996,35.999999999999986,2.127193801088696,0.059088716696908246,-0.018528999585544062,0.018528999585544062,0.03843251476713287,0.008170372792072556,1.8235614611013942,0.2874131016471414,0.36013413611915474,0.34702962840006824,2.0,1.7320508075688772,1.7320508075688772,True,D_with_TF,anti_like_J_positive
0.4666666666666667,5.196152422706632,5.196152422706632,3.0000000000000004,1.7320508075688772,1.7320508075688772,1.7320508075688772,0.34641016151377546,36.0,81.0,4.861957041641937,0.06002416100792515,-0.007876582521691142,0.007876582521691142,0.03989367624836966,0.008537587922933243,2.1443608705330743,0.5419664292012614,0.3997597345564747,0.3887757138571226,3.0,1.7320508075688772,1.7320508075688772,True,D_with_TF,anti_like_J_positive
0.49444444444444446,0.0,0.0,0.0,1.7320508075688772,1.7320508075688772,1.7320508075688772,0.34641016151377546,0.0,0.0,0.0,,3.3306690738754696e-16,0.0,-0.0,0.0,2.613681277568106,0.4481243525689925,0.45418185443312653,0.43025875489100845,0.0,1.7320508075688772,1.7320508075688772,True,D_with_TF,anti_like_J_positive
0.49444444444444446,0.17320508075688773,0.17320508075688773,0.1,1.7320508075688772,1.7320508075688772,1.7320508075688772,0.34641016151377546,1.2,0.08999999999999998,0.004055149822814384,0.045057220253493166,-0.0018845521404861725,0.0018845521404861725,0.0027519841496117976,0.00040088521221015583,2.71936910708114,0.4337758906771272,0.4673734637930109,0.4519222361508983,0.1,1.7320508075688772,1.7320508075688772,True,D_with_TF,anti_like_J_positive
0.49444444444444446,0.4330127018922193,0.4330127018922193,0.25,1.7320508075688772,1.7320508075688772,1.7320508075688772,0.34641016151377546,2.9999999999999996,0.5624999999999998,0.019749406905015365,0.03511005672002733,-0.009815768158463654,0.009815768158463654,0.01385081804007713,0.002495583246577171,2.7927539228808156,0.444738968636523,0.47784563407149183,0.4676471418788544,0.25,1.7320508075688772,1.7320508075688772,True,D_with_TF,anti_like_J_positive
0.49444444444444446,0.8660254037844386,0.8660254037844386,0.5,1.7320508075688772,1.7320508075688772,1.7320508075688772,0.34641016151377546,5.999999999999999,2.249999999999999,0.0790191435354149,0.0351196193490733,-0.026982924333352712,0.026982924333352712,0.04174201538574883,0.009006124072409638,2.634027861340155,0.4924770854692967,0.4629028462004333,0.4524566813982875,0.5,1.7320508075688772,1.7320508075688772,True,D_with_TF,anti_like_J_positive
0.49444444444444446,1.299038105676658,1.299038105676658,0.7500000000000001,1.7320508075688772,1.7320508075688772,1.7320508075688772,0.34641016151377546,9.0,5.0625,0.23717061544915244,0.04684851663193135,-0.03505432989803629,0.03505432989803629,0.06874826167101585,0.016305191382384843,2.3532749814389584,0.4899332042703002,0.429828881762277,0.4018919802919811,0.75,1.7320508075688772,1.7320508075688772,True,D_with_TF,anti_like_J_positive
0.49444444444444446,1.7320508075688772,1.7320508075688772,1.0,1.7320508075688772,1.7320508075688772,1.7320508075688772,0.34641016151377546,11.999999999999998,8.999999999999996,0.4646574347870545,0.0516286038652283,-0.03178062341311558,0.03178062341311558,0.08442624240802968,0.02087996870688147,2.278239248619585,0.5436387556196791,0.41841908416537393,0.378180919339591,1.0,1.7320508075688772,1.7320508075688772,True,D_with_TF,anti_like_J_positive
0.49444444444444446,2.598076211353316,2.598076211353316,1.5000000000000002,1.7320508075688772,1.7320508075688772,1.7320508075688772,0.34641016151377546,18.0,20.25,0.4302532260505792,0.021247072891386626,-0.022004248885707192,0.022004248885707192,0.07221171052675311,0.017296246548763494,2.238055766530957,0.4284984310556259,0.41302641807207896,0.38439820572535904,1.5,1.7320508075688772,1.7320508075688772,True,D_with_TF,anti_like_J_positive
0.49444444444444446,3.4641016151377544,3.4641016151377544,2.0,1.7320508075688772,1.7320508075688772,1.7320508075688772,0.34641016151377546,23.999999999999996,35.999999999999986,1.9467293748024668,0.05407581596673521,-0.019424671858929876,0.019424671858929876,0.03854205318429288,0.00819780294169814,1.8225025295197188,0.2649952724634679,0.36015156315443625,0.34440309109494066,2.0,1.7320508075688772,1.7320508075688772,True,D_with_TF,anti_like_J_positive
0.49444444444444446,5.196152422706632,5.196152422706632,3.0000000000000004,1.7320508075688772,1.7320508075688772,1.7320508075688772,0.34641016151377546,36.0,81.0,4.622767976512969,0.05707120958657986,-0.009890430327445257,0.009890430327445257,0.04712820262349375,0.010396052881584517,2.150558030804305,0.5275899472392737,0.40058144663308787,0.37912474632241433,3.0,1.7320508075688772,1.7320508075688772,True,D_with_TF,anti_like_J_positive
0.5222222222222223,0.0,0.0,0.0,1.7320508075688772,1.7320508075688772,1.7320508075688772,0.34641016151377546,0.0,0.0,0.0,,-8.881784197001252e-16,8.881784197001252e-16,-0.0,0.0,2.591438139255485,0.4465141986085996,0.4515509372884185,0.4283617079322883,0.0,1.7320508075688772,1.7320508075688772,True,D_with_TF,anti_like_J_positive
0.5222222222222223,0.17320508075688773,0.17320508075688773,0.1,1.7320508075688772,1.7320508075688772,1.7320508075688772,0.34641016151377546,1.2,0.08999999999999998,0.004536316823766377,0.05040352026407086,-0.0021808565410367975,0.0021808565410367975,0.0033387851747053543,0.0004976553749658219,2.712683121939894,0.4295509381711268,0.4666724324447278,0.4514171958680653,0.1,1.7320508075688772,1.7320508075688772,True,D_with_TF,anti_like_J_positive
0.5222222222222223,0.4330127018922193,0.4330127018922193,0.25,1.7320508075688772,1.7320508075688772,1.7320508075688772,0.34641016151377546,2.9999999999999996,0.5624999999999998,0.023559137995171585,0.041882911991416166,-0.011525188532379393,0.011525188532379393,0.01666099170553158,0.0030865642860125053,2.789283773643784,0.4469838032088205,0.47783701682467244,0.46895931081013237,0.25,1.7320508075688772,1.7320508075688772,True,D_with_TF,anti_like_J_positive
0.5222222222222223,0.8660254037844386,0.8660254037844386,0.5,1.7320508075688772,1.7320508075688772,1.7320508075688772,0.34641016151377546,5.999999999999999,2.249999999999999,0.09623975155149159,0.04277322291177406,-0.03221428714693372,0.03221428714693372,0.04937541242214452,0.010986343922029906,2.5646708570833043,0.5136155693930932,0.45554565582616063,0.43920512974380144,0.5,1.7320508075688772,1.7320508075688772,True,D_with_TF,anti_like_J_positive
0.5222222222222223,1.299038105676658,1.299038105676658,0.7500000000000001,1.7320508075688772,1.7320508075688772,1.7320508075688772,0.34641016151377546,9.0,5.0625,0.2627523725534363,0.05190170322043186,-0.04270609943158432,0.04270609943158432,0.0796864920833481,0.01947336151171608,2.240847293850231,0.521368514609853,0.4165944138823576,0.3797583936239498,0.75,1.7320508075688772,1.7320508075688772,True,D_with_TF,anti_like_J_positive
0.5222222222222223,1.7320508075688772,1.7320508075688772,1.0,1.7320508075688772,1.7320508075688772,1.7320508075688772,0.34641016151377546,11.999999999999998,8.999999999999996,0.4492112175071101,0.04991235750079003,-0.03864705727590352,0.03864705727590352,0.09542515166370762,0.024218411342957546,2.2310740919507657,0.5573130171949104,0.4133363382750009,0.3673000676785288,1.0,1.7320508075688772,1.7320508075688772,True,D_with_TF,anti_like_J_positive
0.5222222222222223,2.598076211353316,2.598076211353316,1.5000000000000002,1.7320508075688772,1.7320508075688772,1.7320508075688772,0.34641016151377546,18.0,20.25,0.5887188552347833,0.029072536060976952,-0.026358186946849813,0.026358186946849813,0.07562370814369053,0.01828365464862758,2.217781157823287,0.3617203323501966,0.4113714221347434,0.3823565588097426,1.5,1.7320508075688772,1.7320508075688772,True,D_with_TF,anti_like_J_positive
0.5222222222222223,3.4641016151377544,3.4641016151377544,2.0,1.7320508075688772,1.7320508075688772,1.7320508075688772,0.34641016151377546,23.999999999999996,35.999999999999986,1.6115698336637905,0.044765828712883086,-0.019431240753471996,0.019431240753471996,0.03921858433642403,0.008367572913104748,1.8214437572468296,0.277036520963339,0.3599748682571957,0.34054678083737105,2.0,1.7320508075688772,1.7320508075688772,True,D_with_TF,anti_like_J_positive
0.5222222222222223,5.196152422706632,5.196152422706632,3.0000000000000004,1.7320508075688772,1.7320508075688772,1.7320508075688772,0.34641016151377546,36.0,81.0,2.6211889330551132,0.03236035719821127,-0.012585614120802238,0.012585614120802238,0.05281276377489523,0.0119005813206019,2.114602546395446,0.4743199148182032,0.3962066764463928,0.3668006739195048,3.0,1.7320508075688772,1.7320508075688772,True,D_with_TF,anti_like_J_positive
0.55,0.0,0.0,0.0,1.7320508075688772,1.7320508075688772,1.7320508075688772,0.34641016151377546,0.0,0.0,0.0,,8.7545416269407e-16,0.0,3.2034265038149176e-16,3.3306690738754696e-16,2.5523507258292666,0.4478875218921958,0.44690362300754466,0.4247620716197518,0.0,1.7320508075688772,1.7320508075688772,True,D_with_TF,anti_like_J_positive
0.55,0.17320508075688773,0.17320508075688773,0.1,1.7320508075688772,1.7320508075688772,1.7320508075688772,0.34641016151377546,1.2,0.08999999999999998,0.004727294424790731,0.05252549360878591,-0.0024229036275664256,0.0024229036275664256,0.004007226709181682,0.0006107051060830759,2.6968027836159276,0.4252122131303934,0.46488489982787967,0.4500666907709917,0.1,1.7320508075688772,1.7320508075688772,True,D_with_TF,anti_like_J_positive
0.55,0.4330127018922193,0.4330127018922193,0.25,1.7320508075688772,1.7320508075688772,1.7320508075688772,0.34641016151377546,2.9999999999999996,0.5624999999999998,0.02552735451573261,0.045381963583524663,-0.013032491705347982,0.013032491705347982,0.019823283352979726,0.0037727645479566085,2.7874587630529835,0.4404809357226462,0.4779958164075344,0.46785050384725146,0.25,1.7320508075688772,1.7320508075688772,True,D_with_TF,anti_like_J_positive
0.55,0.8660254037844386,0.8660254037844386,0.5,1.7320508075688772,1.7320508075688772,1.7320508075688772,0.34641016151377546,5.999999999999999,2.249999999999999,0.10513446969667993,0.04672643097630221,-0.03713007731174829,0.03713007731174829,0.0577570509911554,0.013238729229797297,2.5062303378352455,0.5165177920833514,0.4493232459857098,0.42769985413289385,0.5,1.7320508075688772,1.7320508075688772,True,D_with_TF,anti_like_J_positive
0.55,1.299038105676658,1.299038105676658,0.7500000000000001,1.7320508075688772,1.7320508075688772,1.7320508075688772,0.34641016151377546,9.0,5.0625,0.2657699051032288,0.05249775903273655,-0.05004226009133034,0.05004226009133034,0.09132963574822633,0.022963459883891035,2.1576829575707404,0.531965652934632,0.40687383273743927,0.36322267147077697,0.75,1.7320508075688772,1.7320508075688772,True,D_with_TF,anti_like_J_positive
0.55,1.7320508075688772,1.7320508075688772,1.0,1.7320508075688772,1.7320508075688772,1.7320508075688772,0.34641016151377546,11.999999999999998,8.999999999999996,0.3984590193699022,0.044273224374433595,-0.04450581899892331,0.04450581899892331,0.10657585458781488,0.027703733101199335,2.221241418805612,0.5391947934638155,0.41319029968585747,0.36471597473420647,1.0,1.7320508075688772,1.7320508075688772,True,D_with_TF,anti_like_J_positive
0.55,2.598076211353316,2.598076211353316,1.5000000000000002,1.7320508075688772,1.7320508075688772,1.7320508075688772,0.34641016151377546,18.0,20.25,0.7463218839921999,0.03685540167862716,-0.029839493527195268,0.029839493527195268,0.0780147927189916,0.01898202344673594,2.1822489641174734,0.29820718916591576,0.40755355578015656,0.3777648549025004,1.5,1.7320508075688772,1.7320508075688772,True,D_with_TF,anti_like_J_positive
0.55,3.4641016151377544,3.4641016151377544,2.0,1.7320508075688772,1.7320508075688772,1.7320508075688772,0.34641016151377546,23.999999999999996,35.999999999999986,1.608838562100394,0.044689960058344295,-0.019283372980818274,0.019283372980818274,0.04100243055265574,0.008818114648350805,1.8221720644990047,0.32094221040977544,0.3599295550464463,0.3354987082201616,2.0,1.7320508075688772,1.7320508075688772,True,D_with_TF,anti_like_J_positive
0.55,5.196152422706632,5.196152422706632,3.0000000000000004,1.7320508075688772,1.7320508075688772,1.7320508075688772,0.34641016151377546,36.0,81.0,1.0744837251880446,0.013265231175161044,-0.015193903135568093,0.015193903135568093,0.056411944196553404,0.012872047828709765,2.0518134367936245,0.39707761606538966,0.38846536508567026,0.35441840126512003,3.0,1.7320508075688772,1.7320508075688772,True,D_with_TF,anti_like_J_positive
0.64,0.0,0.0,0.0,1.7320508075688772,1.7320508075688772,1.7320508075688772,0.34641016151377546,0.0,0.0,0.0,,-9.829804545646046e-17,9.829804545646046e-17,-3.2034265038149176e-16,-2.220446049250313e-16,2.2412161447930004,0.48105089260611467,0.4091094695425629,0.39182236873994813,0.0,1.7320508075688772,1.7320508075688772,True,D_with_TF,anti_like_J_positive
0.64,0.17320508075688773,0.17320508075688773,0.1,1.7320508075688772,1.7320508075688772,1.7320508075688772,0.34641016151377546,1.2,0.08999999999999998,0.0033234736544164936,0.03692748504907216,-0.0026722507043813555,0.0026722507043813555,0.006801330891190079,0.0011090898086767442,2.5138158455249306,0.4497962780255292,0.443303157158022,0.4317428310188507,0.1,1.7320508075688772,1.7320508075688772,True,D_with_TF,anti_like_J_positive
0.64,0.4330127018922193,0.4330127018922193,0.25,1.7320508075688772,1.7320508075688772,1.7320508075688772,0.34641016151377546,2.9999999999999996,0.5624999999999998,0.01830429750869045,0.03254097334878304,-0.015863278343339886,0.015863278343339886,0.03267975153123338,0.006753155050547077,2.753391771379629,0.4268687117142721,0.4749061934892034,0.4640384002476595,0.25,1.7320508075688772,1.7320508075688772,True,D_with_TF,anti_like_J_positive
0.64,0.8660254037844386,0.8660254037844386,0.5,1.7320508075688772,1.7320508075688772,1.7320508075688772,0.34641016151377546,5.999999999999999,2.249999999999999,0.07442729367428556,0.033078797188571374,-0.046916156713803794,0.046916156713803794,0.08995192432823372,0.02254443024293018,2.4456298884873555,0.4624780131145855,0.44359748945777233,0.41541444560375257,0.5,1.7320508075688772,1.7320508075688772,True,D_with_TF,anti_like_J_positive
0.64,1.299038105676658,1.299038105676658,0.7500000000000001,1.7320508075688772,1.7320508075688772,1.7320508075688772,0.34641016151377546,9.0,5.0625,0.14995236869371775,0.02962022097653684,-0.06177735037674814,0.06177735037674814,0.13275861172724646,0.03625669893216288,2.1668671788470872,0.4419135731168187,0.41023886434404744,0.36526394497437553,0.75,1.7320508075688772,1.7320508075688772,True,D_with_TF,anti_like_J_positive
0.64,1.7320508075688772,1.7320508075688772,1.0,1.7320508075688772,1.7320508075688772,1.7320508075688772,0.34641016151377546,11.999999999999998,8.999999999999996,0.22335262116985033,0.02481695790776116,-0.05298237824942145,0.05298237824942145,0.1413797640264873,0.03917921748621944,2.351654767394929,0.36715700794840345,0.43201690216624355,0.3913706670627426,1.0,1.7320508075688772,1.7320508075688772,True,D_with_TF,anti_like_J_positive
0.64,2.598076211353316,2.598076211353316,1.5000000000000002,1.7320508075688772,1.7320508075688772,1.7320508075688772,0.34641016151377546,18.0,20.25,0.9516581845753989,0.04699546590495797,-0.03504252854955235,0.03504252854955235,0.07957601783208813,0.01944081387635077,1.939968566449867,0.35717662769472325,0.37699874870607114,0.3370189959171881,1.5,1.7320508075688772,1.7320508075688772,True,D_with_TF,anti_like_J_positive
0.64,3.4641016151377544,3.4641016151377544,2.0,1.7320508075688772,1.7320508075688772,1.7320508075688772,0.34641016151377546,23.999999999999996,35.999999999999986,3.3177217605603118,0.09215893779334203,-0.018749221197740792,0.018749221197740792,0.05810714367280213,0.013334483242180672,1.884113743964818,0.4895958505580811,0.36645244273324684,0.3183602356421084,2.0,1.7320508075688772,1.7320508075688772,True,D_with_TF,anti_like_J_positive
0.64,5.196152422706632,5.196152422706632,3.0000000000000004,1.7320508075688772,1.7320508075688772,1.7320508075688772,0.34641016151377546,36.0,81.0,3.608840574787039,0.044553587343049865,-0.0236656530689388,0.0236656530689388,0.05825854345998611,0.013375933031235743,1.714419108050906,0.35892026341801375,0.34503035232564067,0.29999393072923247,3.0,1.7320508075688772,1.7320508075688772,True,D_with_TF,anti_like_J_positive
0.73,0.0,0.0,0.0,1.7320508075688772,1.7320508075688772,1.7320508075688772,0.34641016151377546,0.0,0.0,0.0,,-5.123246180873756e-16,5.123246180873756e-16,3.2034265038149176e-16,-2.220446049250313e-16,1.5513744525726607,0.47700789378035313,0.3198062599849333,0.3083237459671647,0.0,1.7320508075688772,1.7320508075688772,True,D_with_TF,anti_like_J_positive
0.73,0.17320508075688773,0.17320508075688773,0.1,1.7320508075688772,1.7320508075688772,1.7320508075688772,0.34641016151377546,1.2,0.08999999999999998,0.002036646409800331,0.022629404553337014,-0.0023738711851913983,0.0023738711851913983,0.01070093117671255,0.001857140366408938,1.9941629927131141,0.48405773520121126,0.37917631399734086,0.37273024098739477,0.1,1.7320508075688772,1.7320508075688772,True,D_with_TF,anti_like_J_positive
0.73,0.4330127018922193,0.4330127018922193,0.25,1.7320508075688772,1.7320508075688772,1.7320508075688772,0.34641016151377546,2.9999999999999996,0.5624999999999998,0.013915310033377383,0.024738328948226466,-0.0178519822583722,0.0178519822583722,0.04988185739414924,0.011120192638079951,2.54545941182636,0.4913143120479998,0.4509584297047951,0.4418359385607475,0.25,1.7320508075688772,1.7320508075688772,True,D_with_TF,anti_like_J_positive
0.73,0.8660254037844386,0.8660254037844386,0.5,1.7320508075688772,1.7320508075688772,1.7320508075688772,0.34641016151377546,5.999999999999999,2.249999999999999,0.0718782379332057,0.03194588352586922,-0.04949231616750588,0.04949231616750588,0.1292323591017716,0.03507605834279259,2.5216693603907085,0.5142956919084501,0.45297888674027986,0.4338034614608517,0.5,1.7320508075688772,1.7320508075688772,True,D_with_TF,anti_like_J_positive
0.73,1.299038105676658,1.299038105676658,0.7500000000000001,1.7320508075688772,1.7320508075688772,1.7320508075688772,0.34641016151377546,9.0,5.0625,0.2036214638708468,0.040221523727574676,-0.06024367725835944,0.06024367725835944,0.17661191278278865,0.05162763439410234,2.393682213748859,0.48582094623511685,0.4379076668889876,0.40623827947412455,0.75,1.7320508075688772,1.7320508075688772,True,D_with_TF,anti_like_J_positive
0.73,1.7320508075688772,1.7320508075688772,1.0,1.7320508075688772,1.7320508075688772,1.7320508075688772,0.34641016151377546,11.999999999999998,8.999999999999996,0.3997314642856986,0.04441460714285542,-0.054658898271861045,0.054658898271861045,0.1691540390741248,0.048927337805045545,2.4008330427290034,0.46867420642352015,0.4377024246812845,0.39945124287299044,1.0,1.7320508075688772,1.7320508075688772,True,D_with_TF,anti_like_J_positive
0.73,2.598076211353316,2.598076211353316,1.5000000000000002,1.7320508075688772,1.7320508075688772,1.7320508075688772,0.34641016151377546,18.0,20.25,1.6305920721866742,0.0805230652931691,-0.039896823812853824,0.039896823812853824,0.07837741065265229,0.019088388379269183,1.610093365064392,0.4423563773657224,0.33268707941767584,0.2820760302878589,1.5,1.7320508075688772,1.7320508075688772,True,D_with_TF,anti_like_J_positive
0.73,3.4641016151377544,3.4641016151377544,2.0,1.7320508075688772,1.7320508075688772,1.7320508075688772,0.34641016151377546,23.999999999999996,35.999999999999986,1.0389438431768234,0.028859551199356216,-0.0027683766681093347,0.0027683766681093347,0.08751851393140578,0.021808218015873293,2.085711133005016,0.46726668447126435,0.38959065791458014,0.33966262880592246,2.0,1.7320508075688772,1.7320508075688772,True,D_with_TF,anti_like_J_positive
0.73,5.196152422706632,5.196152422706632,3.0000000000000004,1.7320508075688772,1.7320508075688772,1.7320508075688772,0.34641016151377546,36.0,81.0,6.913225250432465,0.08534845988188228,-0.021465565337268608,0.021465565337268608,0.07131705068782902,0.017039145755325835,1.491675440827588,0.4190899993033627,0.3118671930400349,0.2520398148941065,3.0,1.7320508075688772,1.7320508075688772,True,D_with_TF,anti_like_J_positive
0.8200000000000001,0.0,0.0,0.0,1.7320508075688772,1.7320508075688772,1.7320508075688772,0.34641016151377546,0.0,0.0,0.0,,8.263051399658399e-16,0.0,1.6017132519074588e-16,-2.220446049250313e-16,0.6046609975511207,0.318746179172369,0.17442340936833017,0.16882701816508072,0.0,1.7320508075688772,1.7320508075688772,True,D_with_TF,anti_like_J_positive
0.8200000000000001,0.17320508075688773,0.17320508075688773,0.1,1.7320508075688772,1.7320508075688772,1.7320508075688772,0.34641016151377546,1.2,0.08999999999999998,0.007098906213897583,0.07887673570997317,-0.0031956774796323695,0.0031956774796323695,0.015888520188567262,0.0029222580942129817,1.1706094860365384,0.38896023916458333,0.26730849516647465,0.2573841360383058,0.1,1.7320508075688772,1.7320508075688772,True,D_with_TF,anti_like_J_positive
0.8200000000000001,0.4330127018922193,0.4330127018922193,0.25,1.7320508075688772,1.7320508075688772,1.7320508075688772,0.34641016151377546,2.9999999999999996,0.5624999999999998,0.05046483107517564,0.08971525524475672,-0.02752300971441153,0.02752300971441153,0.07178585838098865,0.01717377373998097,2.0939970849439073,0.47805694500886653,0.39748757491815556,0.3834053104549185,0.25,1.7320508075688772,1.7320508075688772,True,D_with_TF,anti_like_J_positive
0.8200000000000001,0.8660254037844386,0.8660254037844386,0.5,1.7320508075688772,1.7320508075688772,1.7320508075688772,0.34641016151377546,5.999999999999999,2.249999999999999,0.21850138515640713,0.09711172673618099,-0.06570827140183033,0.06570827140183033,0.17428735673673168,0.0507823309094394,2.4914405983546066,0.5637236812113346,0.45070269525176976,0.43835268118944465,0.5,1.7320508075688772,1.7320508075688772,True,D_with_TF,anti_like_J_positive
0.8200000000000001,1.299038105676658,1.299038105676658,0.7500000000000001,1.7320508075688772,1.7320508075688772,1.7320508075688772,0.34641016151377546,9.0,5.0625,0.4247622650447499,0.0839036572927901,-0.07122922072862689,0.07122922072862689,0.21836533754382106,0.06735090338019112,2.407834694171794,0.559661051599189,0.43896771417808556,0.40618369796884907,0.75,1.7320508075688772,1.7320508075688772,True,D_with_TF,anti_like_J_positive
0.8200000000000001,1.7320508075688772,1.7320508075688772,1.0,1.7320508075688772,1.7320508075688772,1.7320508075688772,0.34641016151377546,11.999999999999998,8.999999999999996,0.4041593281361429,0.044906592015127006,-0.06509448921485267,0.06509448921485267,0.18551865860418698,0.05489661166017967,2.1304347353951183,0.5392013628266852,0.4038680367003454,0.35972023270629977,1.0,1.7320508075688772,1.7320508075688772,True,D_with_TF,anti_like_J_positive
0.8200000000000001,2.598076211353316,2.598076211353316,1.5000000000000002,1.7320508075688772,1.7320508075688772,1.7320508075688772,0.34641016151377546,18.0,20.25,1.4656685603763773,0.07237869433957418,-0.034153243267647515,0.034153243267647515,0.08574050529316429,0.021273482594057258,1.5306470790506208,0.4608095292988328,0.3210296515690195,0.27485861651162335,1.5,1.7320508075688772,1.7320508075688772,True,D_with_TF,anti_like_J_positive
0.8200000000000001,3.4641016151377544,3.4641016151377544,2.0,1.7320508075688772,1.7320508075688772,1.7320508075688772,0.34641016151377546,23.999999999999996,35.999999999999986,2.8879828880645877,0.08022174689068302,0.017208984066736197,0.0,0.11102822267843847,0.029122477467037777,2.2948709707578976,0.5296974512556976,0.41429596496867127,0.3895725486215839,2.0,1.7320508075688772,1.7320508075688772,True,D_with_TF,anti_like_J_positive
0.8200000000000001,5.196152422706632,5.196152422706632,3.0000000000000004,1.7320508075688772,1.7320508075688772,1.7320508075688772,0.34641016151377546,36.0,81.0,3.4379964487004315,0.0424444006012399,-0.0035494518505266304,0.0035494518505266304,0.09649356534549275,0.024548058262858108,1.9352569192516065,0.5121493838148246,0.37066867688699284,0.3274639886769866,3.0,1.7320508075688772,1.7320508075688772,True,D_with_TF,anti_like_J_positive
0.91,0.0,0.0,0.0,1.7320508075688772,1.7320508075688772,1.7320508075688772,0.34641016151377546,0.0,0.0,0.0,,3.3355479836516544e-15,0.0,-0.0,0.0,0.001991591191329454,0.01358855391167496,0.006438310277450293,0.006239384772812681,0.0,1.7320508075688772,1.7320508075688772,True,D_with_TF,anti_like_J_positive
0.91,0.17320508075688773,0.17320508075688773,0.1,1.7320508075688772,1.7320508075688772,1.7320508075688772,0.34641016151377546,1.2,0.08999999999999998,0.011897818782190395,0.1321979864687822,-0.008772017812967471,0.008772017812967471,0.02253364673880697,0.0043770097254666185,0.5068610042818857,0.14416967728142616,0.15948367739880032,0.15368636487800494,0.1,1.7320508075688772,1.7320508075688772,True,D_with_TF,anti_like_J_positive
0.91,0.4330127018922193,0.4330127018922193,0.25,1.7320508075688772,1.7320508075688772,1.7320508075688772,0.34641016151377546,2.9999999999999996,0.5624999999999998,0.08671899394995138,0.15416710035546918,-0.051199123901066484,0.051199123901066484,0.0986022064294089,0.02520136750175994,1.6019121200373387,0.31567063293400754,0.3384210390214846,0.32998326424083174,0.25,1.7320508075688772,1.7320508075688772,True,D_with_TF,anti_like_J_positive
0.91,0.8660254037844386,0.8660254037844386,0.5,1.7320508075688772,1.7320508075688772,1.7320508075688772,0.34641016151377546,5.999999999999999,2.249999999999999,0.3473689298811364,0.15438619105828288,-0.11432075727352348,0.11432075727352348,0.22343477301746223,0.0693270516368375,2.229736188869071,0.4752359687881196,0.4268015052639697,0.41122910373493177,0.5,1.7320508075688772,1.7320508075688772,True,D_with_TF,anti_like_J_positive
0.91,1.299038105676658,1.299038105676658,0.7500000000000001,1.7320508075688772,1.7320508075688772,1.7320508075688772,0.34641016151377546,9.0,5.0625,0.49301410163059345,0.09738550155666044,-0.11063007699046168,0.11063007699046168,0.25420613090521205,0.08161834952296032,2.0673419912416966,0.49472977200026735,0.4017955982917276,0.36477811338173743,0.75,1.7320508075688772,1.7320508075688772,True,D_with_TF,anti_like_J_positive
0.91,1.7320508075688772,1.7320508075688772,1.0,1.7320508075688772,1.7320508075688772,1.7320508075688772,0.34641016151377546,11.999999999999998,8.999999999999996,0.3099193130669397,0.034435479229659983,-0.09154108044912271,0.09154108044912271,0.1895999123212305,0.05641028305149853,1.6123237983112817,0.44608812751292926,0.3426373590226583,0.3138458651730517,1.0,1.7320508075688772,1.7320508075688772,True,D_with_TF,anti_like_J_positive
0.91,2.598076211353316,2.598076211353316,1.5000000000000002,1.7320508075688772,1.7320508075688772,1.7320508075688772,0.34641016151377546,18.0,20.25,0.6689336433291181,0.03303376016440089,-0.013238615812022667,0.013238615812022667,0.10594664006349343,0.027504460055140623,1.7510869309284445,0.4928252912350564,0.3481631496035969,0.3261169390752286,1.5,1.7320508075688772,1.7320508075688772,True,D_with_TF,anti_like_J_positive
0.91,3.4641016151377544,3.4641016151377544,2.0,1.7320508075688772,1.7320508075688772,1.7320508075688772,0.34641016151377546,23.999999999999996,35.999999999999986,2.395606940328018,0.06654463723133386,0.0030370989791976694,0.0,0.11792151975126651,0.03134846980381434,2.3224669053398452,0.5058727161909479,0.4194026126774274,0.4008066278730537,2.0,1.7320508075688772,1.7320508075688772,True,D_with_TF,anti_like_J_positive
0.91,5.196152422706632,5.196152422706632,3.0000000000000004,1.7320508075688772,1.7320508075688772,1.7320508075688772,0.34641016151377546,36.0,81.0,6.716401427049623,0.08291853613641509,-0.012733751709886304,0.012733751709886304,0.10452948143247812,0.027056767212082056,2.2144512834587715,0.4840823480746202,0.408553498825267,0.3877389604963409,3.0,1.7320508075688772,1.7320508075688772,True,D_with_TF,anti_like_J_positive
1.0,0.0,0.0,0.0,1.7320508075688772,1.7320508075688772,1.7320508075688772,0.34641016151377546,0.0,0.0,0.0,,1.7925771069982868e-16,0.0,-3.2034265038149176e-16,1.1102230246251565e-16,0.6693638282588839,0.33562459807009454,0.18593608087928193,0.17993735887762716,0.0,1.7320508075688772,1.7320508075688772,True,D_with_TF,anti_like_J_positive
1.0,0.17320508075688773,0.17320508075688773,0.1,1.7320508075688772,1.7320508075688772,1.7320508075688772,0.34641016151377546,1.2,0.08999999999999998,0.014397743902042119,0.15997493224491247,-0.009947012590955248,0.009947012590955248,0.0307835701171177,0.0062965211600295445,0.748856884250758,0.28177989685073157,0.20316018145969453,0.19665945803557702,0.1,1.7320508075688772,1.7320508075688772,True,D_with_TF,anti_like_J_positive
1.0,0.4330127018922193,0.4330127018922193,0.25,1.7320508075688772,1.7320508075688772,1.7320508075688772,0.34641016151377546,2.9999999999999996,0.5624999999999998,0.10923061387662052,0.194187758002881,-0.07281220560794677,0.07281220560794677,0.13034977388566593,0.03544924660204851,1.4714171585160383,0.2748899445007116,0.3251815549801069,0.32276298621256166,0.25,1.7320508075688772,1.7320508075688772,True,D_with_TF,anti_like_J_positive
1.0,0.8660254037844386,0.8660254037844386,0.5,1.7320508075688772,1.7320508075688772,1.7320508075688772,0.34641016151377546,5.999999999999999,2.249999999999999,0.40056170795587304,0.17802742575816585,-0.17820990743028442,0.17820990743028442,0.2747674274394103,0.09010557548936937,1.9141223064761848,0.3403553311444377,0.3990144124774063,0.38498372697346245,0.5,1.7320508075688772,1.7320508075688772,True,D_with_TF,anti_like_J_positive
1.0,1.299038105676658,1.299038105676658,0.7500000000000001,1.7320508075688772,1.7320508075688772,1.7320508075688772,0.34641016151377546,9.0,5.0625,0.3701066116745659,0.07310747884929697,-0.16491940831592777,0.16491940831592777,0.28137202681922624,0.09287697658643745,1.578380908239311,0.4034462094953327,0.35097251448325073,0.33551208333241483,0.75,1.7320508075688772,1.7320508075688772,True,D_with_TF,anti_like_J_positive
1.0,1.7320508075688772,1.7320508075688772,1.0,1.7320508075688772,1.7320508075688772,1.7320508075688772,0.34641016151377546,11.999999999999998,8.999999999999996,0.317736179589755,0.03530401995441723,-0.10892227762941259,0.10892227762941259,0.18375077749047558,0.054243989238114354,1.232655936667046,0.41363245145530936,0.291652846213212,0.255801914009827,1.0,1.7320508075688772,1.7320508075688772,True,D_with_TF,anti_like_J_positive
1.0,2.598076211353316,2.598076211353316,1.5000000000000002,1.7320508075688772,1.7320508075688772,1.7320508075688772,0.34641016151377546,18.0,20.25,3.1010996312465315,0.1531407225306929,-0.013786669020033476,0.013786669020033476,0.13162683613629064,0.03587682067878939,1.914933111136131,0.49585136531115814,0.36858680279520506,0.3385170467033721,1.5,1.7320508075688772,1.7320508075688772,True,D_with_TF,anti_like_J_positive
1.0,3.4641016151377544,3.4641016151377544,2.0,1.7320508075688772,1.7320508075688772,1.7320508075688772,0.34641016151377546,23.999999999999996,35.999999999999986,1.1414817329932836,0.03170782591648011,-0.03042173954913968,0.03042173954913968,0.11492160503556098,0.030375389632257832,1.8937018836472217,0.47318809936005346,0.37123190337687206,0.3499653291313053,2.0,1.7320508075688772,1.7320508075688772,True,D_with_TF,anti_like_J_positive
1.0,5.196152422706632,5.196152422706632,3.0000000000000004,1.7320508075688772,1.7320508075688772,1.7320508075688772,0.34641016151377546,36.0,81.0,3.1430154458100614,0.03880265982481557,-0.040606324404080366,0.040606324404080366,0.10499897106794646,0.027204910367584323,1.8685697842445628,0.4740257467165271,0.37001632722687555,0.34660651281716237,3.0,1.7320508075688772,1.7320508075688772,True,D_with_TF,anti_like_J_positive
0.02,0.0,0.0,0.0,-1.7320508075688772,-1.7320508075688772,-1.7320508075688772,0.34641016151377546,0.0,0.0,0.0,,1.4444434628144629e-15,0.0,3.2034265038149176e-16,0.0,0.05491839638053514,0.0852688426866634,0.04145978378946951,0.04017626283314401,0.0,-1.7320508075688772,1.7320508075688772,False,D_no_TF,ferro_like_J_negative
0.02,0.17320508075688773,0.0,0.1,-1.7320508075688772,-1.7320508075688772,-1.7320508075688772,0.34641016151377546,1.2,0.08999999999999998,0.006010716207562529,0.06678573563958366,1.0257939124298345e-15,0.0,6.406853007629834e-16,-2.220446049250313e-16,0.05504429132835203,0.08538113347181693,0.04151524112970574,0.04025511882140139,0.1,-1.7320508075688772,1.7320508075688772,False,D_no_TF,ferro_like_J_negative
0.02,0.4330127018922193,0.0,0.25,-1.7320508075688772,-1.7320508075688772,-1.7320508075688772,0.34641016151377546,2.9999999999999996,0.5624999999999998,0.03842944717577475,0.06831901720137736,-1.0755285551056204e-15,1.0755285551056204e-15,-0.0,3.3306690738754696e-16,0.05522955512898599,0.08554610428518164,0.041596741584020366,0.04037167115638997,0.25,-1.7320508075688772,1.7320508075688772,False,D_no_TF,ferro_like_J_negative
0.02,0.8660254037844386,0.0,0.5,-1.7320508075688772,-1.7320508075688772,-1.7320508075688772,0.34641016151377546,5.999999999999999,2.249999999999999,0.15944780655696797,0.0708656918030969,-1.932481952238163e-15,1.932481952238163e-15,-0.0,1.1102230246251565e-16,0.05552869009909622,0.0858117783190469,0.04172806046627366,0.04056127469835548,0.5,-1.7320508075688772,1.7320508075688772,False,D_no_TF,ferro_like_J_negative
0.02,1.299038105676658,0.0,0.7500000000000001,-1.7320508075688772,-1.7320508075688772,-1.7320508075688772,0.34641016151377546,9.0,5.0625,0.37158099044719556,0.07339871416240899,-1.0535494880454638e-15,1.0535494880454638e-15,-6.406853007629837e-16,-2.220446049250313e-16,0.0558156275637676,0.08606579906291371,0.041853703365470084,0.04074501358269832,0.75,-1.7320508075688772,1.7320508075688772,False,D_no_TF,ferro_like_J_negative
0.02,1.7320508075688772,0.0,1.0,-1.7320508075688772,-1.7320508075688772,-1.7320508075688772,0.34641016151377546,11.999999999999998,8.999999999999996,0.68323531075351,0.07591503452816781,2.944398076860183e-15,0.0,6.406853007629834e-16,1.1102230246251565e-16,0.056090200794630354,0.08630810455118602,0.04197363501874695,0.04092282995467907,1.0,-1.7320508075688772,1.7320508075688772,False,D_no_TF,ferro_like_J_negative
0.02,2.598076211353316,0.0,1.5000000000000002,-1.7320508075688772,-1.7320508075688772,-1.7320508075688772,0.34641016151377546,18.0,20.25,1.6379311572829458,0.08088548924854054,-7.459753674034067e-17,7.459753674034067e-17,4.805139755722376e-16,0.0,0.056601623544990834,0.08675734084255116,0.0421962327034468,0.04126047412091241,1.5,-1.7320508075688772,1.7320508075688772,False,D_no_TF,ferro_like_J_negative
0.02,3.4641016151377544,0.0,2.0,-1.7320508075688772,-1.7320508075688772,-1.7320508075688772,0.34641016151377546,23.999999999999996,35.999999999999986,3.087114454060282,0.08575317927945231,8.054884582541182e-16,0.0,1.6017132519074588e-16,-2.220446049250313e-16,0.05706177014038255,0.08715906752285588,0.04239560835889858,0.04157378647486738,2.0,-1.7320508075688772,1.7320508075688772,False,D_no_TF,ferro_like_J_negative
0.02,5.196152422706632,0.0,3.0000000000000004,-1.7320508075688772,-1.7320508075688772,-1.7320508075688772,0.34641016151377546,36.0,81.0,7.702087480296339,0.09508749975674492,6.285466637044838e-16,0.0,1.6017132519074588e-16,0.0,0.05782409131568895,0.08781862072433706,0.042723864208763104,0.04212590950372414,3.0,-1.7320508075688772,1.7320508075688772,False,D_no_TF,ferro_like_J_negative
0.04,0.0,0.0,0.0,-1.7320508075688772,-1.7320508075688772,-1.7320508075688772,0.34641016151377546,0.0,0.0,0.0,,1.5126788710517758e-15,0.0,-0.0,-2.220446049250313e-16,0.17738432494583428,0.1641702637251185,0.08247014508034857,0.07990151289326171,0.0,-1.7320508075688772,1.7320508075688772,False,D_no_TF,ferro_like_J_negative
0.04,0.17320508075688773,0.0,0.1,-1.7320508075688772,-1.7320508075688772,-1.7320508075688772,0.34641016151377546,1.2,0.08999999999999998,0.005333256303842835,0.05925840337603151,5.308165291022268e-16,0.0,9.61027951144475e-16,2.220446049250313e-16,0.17813278025536228,0.16457311713338224,0.08267977717381193,0.08020310137708116,0.1,-1.7320508075688772,1.7320508075688772,False,D_no_TF,ferro_like_J_negative
0.04,0.4330127018922193,0.0,0.25,-1.7320508075688772,-1.7320508075688772,-1.7320508075688772,0.34641016151377546,2.9999999999999996,0.5624999999999998,0.035033776110777265,0.06228226864138183,-1.506893507949628e-15,1.506893507949628e-15,-3.2034265038149176e-16,1.1102230246251565e-16,0.17920950659109725,0.16515080594383957,0.08298066350619644,0.08064146230794152,0.25,-1.7320508075688772,1.7320508075688772,False,D_no_TF,ferro_like_J_negative
0.04,0.8660254037844386,0.0,0.5,-1.7320508075688772,-1.7320508075688772,-1.7320508075688772,0.34641016151377546,5.999999999999999,2.249999999999999,0.15140397211335377,0.0672906542726017,-8.81239525796218e-16,8.81239525796218e-16,-0.0,1.1102230246251565e-16,0.18087939703019823,0.16604222589443385,0.08344567745833169,0.08133418598244709,0.5,-1.7320508075688772,1.7320508075688772,False,D_no_TF,ferro_like_J_negative
0.04,1.299038105676658,0.0,0.7500000000000001,-1.7320508075688772,-1.7320508075688772,-1.7320508075688772,0.34641016151377546,9.0,5.0625,0.36570593891349246,0.0722382101557516,-5.886524510303552e-16,5.886524510303552e-16,3.2034265038149176e-16,-4.440892098500626e-16,0.18239028328003182,0.16684369111039582,0.08386466595230932,0.08197881586579077,0.75,-1.7320508075688772,1.7320508075688772,False,D_no_TF,ferro_like_J_negative
0.04,1.7320508075688772,0.0,1.0,-1.7320508075688772,-1.7320508075688772,-1.7320508075688772,0.34641016151377546,11.999999999999998,8.999999999999996,0.6939044257879153,0.07710049175421285,-1.5265566588595902e-15,1.5265566588595902e-15,-0.0,2.220446049250313e-16,0.18373881367246286,0.1675544872227752,0.08423716823119122,0.0825745534577183,1.0,-1.7320508075688772,1.7320508075688772,False,D_no_TF,ferro_like_J_negative
0.04,2.598076211353316,0.0,1.5000000000000002,-1.7320508075688772,-1.7320508075688772,-1.7320508075688772,0.34641016151377546,18.0,20.25,1.7511069918930684,0.08647441935274412,1.5438596208859786e-16,0.0,4.805139755722376e-16,1.1102230246251565e-16,0.18593727331748056,0.16870181040936133,0.08484117816432016,0.0836165198988817,1.5,-1.7320508075688772,1.7320508075688772,False,D_no_TF,ferro_like_J_negative
0.04,3.4641016151377544,0.0,2.0,-1.7320508075688772,-1.7320508075688772,-1.7320508075688772,0.34641016151377546,23.999999999999996,35.999999999999986,3.428274971323277,0.09522986031453551,-3.122502256758253e-16,3.122502256758253e-16,-0.0,0.0,0.18745558507953486,0.16948086719167815,0.08525525966824178,0.08417318313261689,2.0,-1.7320508075688772,1.7320508075688772,False,D_no_TF,ferro_like_J_negative
0.04,5.196152422706632,0.0,3.0000000000000004,-1.7320508075688772,-1.7320508075688772,-1.7320508075688772,0.34641016151377546,36.0,81.0,8.928155268476774,0.1102241391169972,-1.1136836170304346e-15,1.1136836170304346e-15,-9.610279511444756e-16,-4.440892098500626e-16,0.18840697545573304,0.1699303527422119,0.08550889842207732,0.08365883166295282,3.0,-1.7320508075688772,1.7320508075688772,False,D_no_TF,ferro_like_J_negative
0.06,0.0,0.0,0.0,-1.7320508075688772,-1.7320508075688772,-1.7320508075688772,0.34641016151377546,0.0,0.0,0.0,,-1.1252543432347304e-15,1.1252543432347304e-15,-3.2034265038149176e-16,0.0,0.3420527406788607,0.23567421061696192,0.12259210293666704,0.11873528915138791,0.0,-1.7320508075688772,1.7320508075688772,False,D_no_TF,ferro_like_J_negative
0.06,0.17320508075688773,0.0,0.1,-1.7320508075688772,-1.7320508075688772,-1.7320508075688772,0.34641016151377546,1.2,0.08999999999999998,0.004602524634239774,0.051139162602664164,-2.347688619310865e-16,2.347688619310865e-16,3.2034265038149176e-16,-2.220446049250313e-16,0.34405397762712603,0.23648411329785965,0.1230347409948503,0.11938197767175557,0.1,-1.7320508075688772,1.7320508075688772,False,D_no_TF,ferro_like_J_negative
0.06,0.4330127018922193,0.0,0.25,-1.7320508075688772,-1.7320508075688772,-1.7320508075688772,0.34641016151377546,2.9999999999999996,0.5624999999999998,0.031268467458002505,0.05558838659200448,-3.631295446066946e-16,3.631295446066946e-16,-6.406853007629837e-16,1.1102230246251565e-16,0.3468576322648763,0.23761333473663018,0.12365300390710292,0.12030444159265789,0.25,-1.7320508075688772,1.7320508075688772,False,D_no_TF,ferro_like_J_negative
0.06,0.8660254037844386,0.0,0.5,-1.7320508075688772,-1.7320508075688772,-1.7320508075688772,0.34641016151377546,5.999999999999999,2.249999999999999,0.141642366337497,0.06295216281666535,6.597716862720664e-16,0.0,1.6017132519074588e-16,-4.440892098500626e-16,0.35099007400077864,0.2392649145562506,0.12456023515593109,0.12171275526100585,0.5,-1.7320508075688772,1.7320508075688772,False,D_no_TF,ferro_like_J_negative
0.06,1.299038105676658,0.0,0.7500000000000001,-1.7320508075688772,-1.7320508075688772,-1.7320508075688772,0.34641016151377546,9.0,5.0625,0.35525810309647327,0.07017444011782188,9.71445146547012e-16,0.0,-0.0,0.0,0.3544301809947785,0.24062558310243415,0.12531155295948204,0.12295631179028639,0.75,-1.7320508075688772,1.7320508075688772,False,D_no_TF,ferro_like_J_negative
0.06,1.7320508075688772,0.0,1.0,-1.7320508075688772,-1.7320508075688772,-1.7320508075688772,0.34641016151377546,11.999999999999998,8.999999999999996,0.6945370860172861,0.07717078733525405,-1.4444434628144629e-15,1.4444434628144629e-15,-3.2034265038149176e-16,0.0,0.3571615543053639,0.24169286753004376,0.1259051795581094,0.12403174762035185,1.0,-1.7320508075688772,1.7320508075688772,False,D_no_TF,ferro_like_J_negative
0.06,2.598076211353316,0.0,1.5000000000000002,-1.7320508075688772,-1.7320508075688772,-1.7320508075688772,0.34641016151377546,18.0,20.25,1.8259631866945703,0.09017102156516396,-6.268075129551693e-16,6.268075129551693e-16,-6.406853007629837e-16,-2.220446049250313e-16,0.36045057711258743,0.24294188982246562,0.1266146172207444,0.12473934025614082,1.5,-1.7320508075688772,1.7320508075688772,False,D_no_TF,ferro_like_J_negative
0.06,3.4641016151377544,0.0,2.0,-1.7320508075688772,-1.7320508075688772,-1.7320508075688772,0.34641016151377546,23.999999999999996,35.999999999999986,3.6494360565868895,0.1013732237940803,-7.22798496808111e-16,7.22798496808111e-16,-3.2034265038149176e-16,-2.220446049250313e-16,0.36079921581557267,0.2430100763823419,0.12668383569837252,0.12397642929829371,2.0,-1.7320508075688772,1.7320508075688772,False,D_no_TF,ferro_like_J_negative
0.06,5.196152422706632,0.0,3.0000000000000004,-1.7320508075688772,-1.7320508075688772,-1.7320508075688772,0.34641016151377546,36.0,81.0,9.439199189947768,0.1165333233326885,-2.7755575615628914e-17,2.7755575615628914e-17,-0.0,-4.440892098500626e-16,0.3527430617554094,0.23966406716776933,0.12492051318571207,0.12085131653459197,3.0,-1.7320508075688772,1.7320508075688772,False,D_no_TF,ferro_like_J_negative
0.08,0.0,0.0,0.0,-1.7320508075688772,-1.7320508075688772,-1.7320508075688772,0.34641016151377546,0.0,0.0,0.0,,7.580697317285267e-16,0.0,4.805139755722376e-16,-4.440892098500626e-16,0.5341276748914985,0.2989463359772831,0.16140734689729622,0.15625802819318244,0.0,-1.7320508075688772,1.7320508075688772,False,D_no_TF,ferro_like_J_negative
0.08,0.17320508075688773,0.0,0.1,-1.7320508075688772,-1.7320508075688772,-1.7320508075688772,0.34641016151377546,1.2,0.08999999999999998,0.0038584759126858966,0.04287195458539886,5.551115123125783e-16,0.0,-0.0,0.0,0.5379835566215578,0.3002275258716757,0.16214082347441924,0.1573507417979407,0.1,-1.7320508075688772,1.7320508075688772,False,D_no_TF,ferro_like_J_negative
0.08,0.4330127018922193,0.0,0.25,-1.7320508075688772,-1.7320508075688772,-1.7320508075688772,0.34641016151377546,2.9999999999999996,0.5624999999999998,0.027345045806466368,0.04861341476705134,-1.778663901003769e-15,1.778663901003769e-15,-6.406853007629837e-16,-4.440892098500626e-16,0.5432215163459824,0.3019568877849842,0.16313369341915251,0.15887723872090354,0.25,-1.7320508075688772,1.7320508075688772,False,D_no_TF,ferro_like_J_negative
0.08,0.8660254037844386,0.0,0.5,-1.7320508075688772,-1.7320508075688772,-1.7320508075688772,0.34641016151377546,5.999999999999999,2.249999999999999,0.13087574828262238,0.058166999236721084,1.4432899320127035e-15,0.0,-0.0,1.1102230246251565e-16,0.5504584226196951,0.30432018050360926,0.16449846509797358,0.1611146136973539,0.5,-1.7320508075688772,1.7320508075688772,False,D_no_TF,ferro_like_J_negative
0.08,1.299038105676658,0.0,0.7500000000000001,-1.7320508075688772,-1.7320508075688772,-1.7320508075688772,0.34641016151377546,9.0,5.0625,0.3416696226102655,0.06749029582424998,1.4860768262379062e-15,0.0,3.2034265038149176e-16,-2.220446049250313e-16,0.5557789108917668,0.30602767183231794,0.1654958729111312,0.1629593066007625,0.75,-1.7320508075688772,1.7320508075688772,False,D_no_TF,ferro_like_J_negative
0.08,1.7320508075688772,0.0,1.0,-1.7320508075688772,-1.7320508075688772,-1.7320508075688772,0.34641016151377546,11.999999999999998,8.999999999999996,0.6873249597957343,0.07636943997730383,8.072187544567569e-16,0.0,6.406853007629834e-16,2.220446049250313e-16,0.5591402847146171,0.3070746020217163,0.16612208578374618,0.16406251401687477,1.0,-1.7320508075688772,1.7320508075688772,False,D_no_TF,ferro_like_J_negative
0.08,2.598076211353316,0.0,1.5000000000000002,-1.7320508075688772,-1.7320508075688772,-1.7320508075688772,0.34641016151377546,18.0,20.25,1.8641042958107505,0.09205453312645681,1.942890293094024e-16,0.0,-0.0,-4.440892098500626e-16,0.5599012105137452,0.30718660087605026,0.16625545157529173,0.16271825072067977,1.5,-1.7320508075688772,1.7320508075688772,False,D_no_TF,ferro_like_J_negative
0.08,3.4641016151377544,0.0,2.0,-1.7320508075688772,-1.7320508075688772,-1.7320508075688772,0.34641016151377546,23.999999999999996,35.999999999999986,3.7421352558834164,0.10394820155231717,2.070132863154576e-16,0.0,-3.2034265038149176e-16,0.0,0.5527462234518982,0.3046919023464918,0.1649070536954554,0.1601232213476119,2.0,-1.7320508075688772,1.7320508075688772,False,D_no_TF,ferro_like_J_negative
0.08,5.196152422706632,0.0,3.0000000000000004,-1.7320508075688772,-1.7320508075688772,-1.7320508075688772,0.34641016151377546,36.0,81.0,9.159285254300984,0.11307759573211092,3.7354674000923107e-16,0.0,-3.2034265038149176e-16,-4.440892098500626e-16,0.5160589029686748,0.2922799837975594,0.15794727253780186,0.15147824136262059,3.0,-1.7320508075688772,1.7320508075688772,False,D_no_TF,ferro_like_J_negative
0.1,0.0,0.0,0.0,-1.7320508075688772,-1.7320508075688772,-1.7320508075688772,0.34641016151377546,0.0,0.0,0.0,,7.985495643502109e-16,0.0,1.6017132519074588e-16,0.0,0.7424888219508778,0.3533732528211757,0.19852804042727734,0.19208099820188992,0.0,-1.7320508075688772,1.7320508075688772,False,D_no_TF,ferro_like_J_negative
0.1,0.17320508075688773,0.0,0.1,-1.7320508075688772,-1.7320508075688772,-1.7320508075688772,0.34641016151377546,1.2,0.08999999999999998,0.0031611826827140895,0.03512425203015656,-9.30965313925328e-16,9.30965313925328e-16,-3.2034265038149176e-16,0.0,0.7486888399656242,0.3551458490413595,0.1995893202900177,0.19370053612987742,0.1,-1.7320508075688772,1.7320508075688772,False,D_no_TF,ferro_like_J_negative
0.1,0.4330127018922193,0.0,0.25,-1.7320508075688772,-1.7320508075688772,-1.7320508075688772,0.34641016151377546,2.9999999999999996,0.5624999999999998,0.023535462027294604,0.04184082138185709,-7.054246984083154e-17,7.054246984083154e-17,-3.2034265038149176e-16,0.0,0.7568155799955316,0.3574514054414851,0.20097494081551226,0.19591178544105112,0.25,-1.7320508075688772,1.7320508075688772,False,D_no_TF,ferro_like_J_negative
0.1,0.8660254037844386,0.0,0.5,-1.7320508075688772,-1.7320508075688772,-1.7320508075688772,0.34641016151377546,5.999999999999999,2.249999999999999,0.11988282104505762,0.05328125379780341,2.625244375467154e-16,0.0,-3.2034265038149176e-16,0.0,0.7671451737227838,0.3603389258804314,0.2027263557604536,0.1990011058591113,0.5,-1.7320508075688772,1.7320508075688772,False,D_no_TF,ferro_like_J_negative
0.1,1.299038105676658,0.0,0.7500000000000001,-1.7320508075688772,-1.7320508075688772,-1.7320508075688772,0.34641016151377546,9.0,5.0625,0.3264139878784763,0.06447683711179779,-2.0284640815444294e-15,2.0284640815444294e-15,-6.406853007629837e-16,-2.220446049250313e-16,0.773350887878638,0.36201911067659664,0.20377139414212445,0.201326233947236,0.75,-1.7320508075688772,1.7320508075688772,False,D_no_TF,ferro_like_J_negative
0.1,1.7320508075688772,0.0,1.0,-1.7320508075688772,-1.7320508075688772,-1.7320508075688772,0.34641016151377546,11.999999999999998,8.999999999999996,0.6745428231573377,0.07494920257303755,-5.551115123125783e-16,5.551115123125783e-16,-0.0,0.0,0.7753608534191982,0.362486776189196,0.20410499126391135,0.20062723757798562,1.0,-1.7320508075688772,1.7320508075688772,False,D_no_TF,ferro_like_J_negative
0.1,2.598076211353316,0.0,1.5000000000000002,-1.7320508075688772,-1.7320508075688772,-1.7320508075688772,0.34641016151377546,18.0,20.25,1.8683036661021304,0.09226190943714224,-5.551115123125783e-16,5.551115123125783e-16,-0.0,-2.220446049250313e-16,0.7667836589820384,0.35982025236564213,0.20264636415988518,0.1971157747984018,1.5,-1.7320508075688772,1.7320508075688772,False,D_no_TF,ferro_like_J_negative
0.1,3.4641016151377544,0.0,2.0,-1.7320508075688772,-1.7320508075688772,-1.7320508075688772,0.34641016151377546,23.999999999999996,35.999999999999986,3.7059095554562242,0.10294193209600627,-1.4108493968166328e-16,1.4108493968166328e-16,-6.406853007629837e-16,-4.440892098500626e-16,0.7419381541972784,0.35251283853261184,0.19842260267304615,0.1913479990981499,2.0,-1.7320508075688772,1.7320508075688772,False,D_no_TF,ferro_like_J_negative
0.1,5.196152422706632,0.0,3.0000000000000004,-1.7320508075688772,-1.7320508075688772,-1.7320508075688772,0.34641016151377546,36.0,81.0,8.133194839623151,0.10040981283485372,9.193591695343281e-17,0.0,4.805139755722376e-16,0.0,0.6495588493866242,0.3253000390613142,0.18237073310972757,0.1738118634011926,3.0,-1.7320508075688772,1.7320508075688772,False,D_no_TF,ferro_like_J_negative
0.14,0.0,0.0,0.0,-1.7320508075688772,-1.7320508075688772,-1.7320508075688772,0.34641016151377546,0.0,0.0,0.0,,1.9174417790819134e-15,0.0,6.406853007629834e-16,0.0,1.17369672868655,0.434474714453159,0.26634093257391844,0.25728192666136157,0.0,-1.7320508075688772,1.7320508075688772,False,D_no_TF,ferro_like_J_negative
0.14,0.17320508075688773,0.0,0.1,-1.7320508075688772,-1.7320508075688772,-1.7320508075688772,0.34641016151377546,1.2,0.08999999999999998,0.0023271727548185186,0.0258574750535391,-5.551115123125783e-16,5.551115123125783e-16,-0.0,-2.220446049250313e-16,1.18542890240637,0.4371419852036043,0.2680927910873062,0.26012984205020173,0.1,-1.7320508075688772,1.7320508075688772,False,D_no_TF,ferro_like_J_negative
0.14,0.4330127018922193,0.0,0.25,-1.7320508075688772,-1.7320508075688772,-1.7320508075688772,0.34641016151377546,2.9999999999999996,0.5624999999999998,0.01774140963457118,0.03154028379479322,3.3306690738754696e-16,0.0,-0.0,-4.440892098500626e-16,1.199496759138281,0.4403154699705144,0.27018392574636607,0.2638245361430761,0.25,-1.7320508075688772,1.7320508075688772,False,D_no_TF,ferro_like_J_negative
0.14,0.8660254037844386,0.0,0.5,-1.7320508075688772,-1.7320508075688772,-1.7320508075688772,0.34641016151377546,5.999999999999999,2.249999999999999,0.10033877540769906,0.044595011292310714,-1.208521070081617e-15,1.208521070081617e-15,-3.2034265038149176e-16,-2.220446049250313e-16,1.213273809410105,0.4433575662568608,0.2722189666757418,0.2683983688270464,0.5,-1.7320508075688772,1.7320508075688772,False,D_no_TF,ferro_like_J_negative
0.14,1.299038105676658,0.0,0.7500000000000001,-1.7320508075688772,-1.7320508075688772,-1.7320508075688772,0.34641016151377546,9.0,5.0625,0.296250282885587,0.058518574397152995,-5.551115123125783e-16,5.551115123125783e-16,-0.0,0.0,1.214742375333635,0.4435614718413293,0.27242872857453515,0.2673035303324003,0.75,-1.7320508075688772,1.7320508075688772,False,D_no_TF,ferro_like_J_negative
0.14,1.7320508075688772,0.0,1.0,-1.7320508075688772,-1.7320508075688772,-1.7320508075688772,0.34641016151377546,11.999999999999998,8.999999999999996,0.640649717112615,0.0711833019014017,-6.724959432781215e-16,6.724959432781215e-16,1.6017132519074588e-16,3.3306690738754696e-16,1.2039118228896906,0.4409446221916733,0.27082349110576154,0.2637062202019013,1.0,-1.7320508075688772,1.7320508075688772,False,D_no_TF,ferro_like_J_negative
0.14,2.598076211353316,0.0,1.5000000000000002,-1.7320508075688772,-1.7320508075688772,-1.7320508075688772,0.34641016151377546,18.0,20.25,1.78948821085681,0.08836978819045975,9.80114336653558e-16,0.0,4.805139755722376e-16,0.0,1.1468086859825808,0.42757656453743575,0.2623368334437075,0.25232642560852886,1.5,-1.7320508075688772,1.7320508075688772,False,D_no_TF,ferro_like_J_negative
0.14,3.4641016151377544,0.0,2.0,-1.7320508075688772,-1.7320508075688772,-1.7320508075688772,0.34641016151377546,23.999999999999996,35.999999999999986,3.281338401142559,0.09114828892062668,-2.8391788465931673e-16,2.8391788465931673e-16,1.6017132519074588e-16,-2.220446049250313e-16,1.0474657393285516,0.4042819249465942,0.24732348081898345,0.2359407637006882,2.0,-1.7320508075688772,1.7320508075688772,False,D_no_TF,ferro_like_J_negative
0.14,5.196152422706632,0.0,3.0000000000000004,-1.7320508075688772,-1.7320508075688772,-1.7320508075688772,0.34641016151377546,36.0,81.0,4.6095182610989545,0.056907632853073514,6.106226635438361e-16,0.0,-0.0,0.0,0.7613761179712648,0.3333156401853007,0.20155379257850464,0.19086384164763578,3.0,-1.7320508075688772,1.7320508075688772,False,D_no_TF,ferro_like_J_negative
0.18,0.0,0.0,0.0,-1.7320508075688772,-1.7320508075688772,-1.7320508075688772,0.34641016151377546,0.0,0.0,0.0,,1.6398860229256242e-15,0.0,6.406853007629834e-16,1.1102230246251565e-16,1.5812010591391483,0.4792638677070614,0.32386270190852223,0.3121764337771063,0.0,-1.7320508075688772,1.7320508075688772,False,D_no_TF,ferro_like_J_negative
0.18,0.17320508075688773,0.0,0.1,-1.7320508075688772,-1.7320508075688772,-1.7320508075688772,0.34641016151377546,1.2,0.08999999999999998,0.0027901080176348553,0.03100120019594284,-1.172096304359442e-15,1.172096304359442e-15,1.6017132519074588e-16,0.0,1.598559230860712,0.4824759413576343,0.32625345209544687,0.316408220092309,0.1,-1.7320508075688772,1.7320508075688772,False,D_no_TF,ferro_like_J_negative
0.18,0.4330127018922193,0.0,0.25,-1.7320508075688772,-1.7320508075688772,-1.7320508075688772,0.34641016151377546,2.9999999999999996,0.5624999999999998,0.016738601573855656,0.029757513909076733,-5.296629983004681e-16,5.296629983004681e-16,-6.406853007629837e-16,0.0,1.6170491992387288,0.4858997684849027,0.32878728319055056,0.3216018069462248,0.25,-1.7320508075688772,1.7320508075688772,False,D_no_TF,ferro_like_J_negative
0.18,0.8660254037844386,0.0,0.5,-1.7320508075688772,-1.7320508075688772,-1.7320508075688772,0.34641016151377546,5.999999999999999,2.249999999999999,0.08778300561754633,0.03901466916335394,8.881784197001252e-16,0.0,-0.0,0.0,1.6273171539960258,0.48780683491207966,0.33018291820021284,0.3247348275656423,0.5,-1.7320508075688772,1.7320508075688772,False,D_no_TF,ferro_like_J_negative
0.18,1.299038105676658,0.0,0.7500000000000001,-1.7320508075688772,-1.7320508075688772,-1.7320508075688772,0.34641016151377546,9.0,5.0625,0.27267329552712344,0.05386139170906142,5.296629983004678e-16,0.0,6.406853007629834e-16,0.0,1.6118194520801254,0.4849246878004412,0.32806339613329194,0.31917014532354093,0.75,-1.7320508075688772,1.7320508075688772,False,D_no_TF,ferro_like_J_negative
0.18,1.7320508075688772,0.0,1.0,-1.7320508075688772,-1.7320508075688772,-1.7320508075688772,0.34641016151377546,11.999999999999998,8.999999999999996,0.6063026052968449,0.0673669561440939,-7.644318602315544e-16,7.644318602315544e-16,-3.2034265038149176e-16,-2.220446049250313e-16,1.5712540791993177,0.4773309073053066,0.3225168208755545,0.3109568730267336,1.0,-1.7320508075688772,1.7320508075688772,False,D_no_TF,ferro_like_J_negative
0.18,2.598076211353316,0.0,1.5000000000000002,-1.7320508075688772,-1.7320508075688772,-1.7320508075688772,0.34641016151377546,18.0,20.25,1.62103886340235,0.08005130189641235,4.440892098500626e-16,0.0,-0.0,-2.220446049250313e-16,1.4216676654650957,0.44884156445897205,0.3018029974934272,0.2874513887976574,1.5,-1.7320508075688772,1.7320508075688772,False,D_no_TF,ferro_like_J_negative
0.18,3.4641016151377544,0.0,2.0,-1.7320508075688772,-1.7320508075688772,-1.7320508075688772,0.34641016151377546,23.999999999999996,35.999999999999986,2.504222575764118,0.06956173821566998,-2.093203479189761e-16,2.093203479189761e-16,-3.2034265038149176e-16,-4.440892098500626e-16,1.1990067806063438,0.40447130429767697,0.2698979739341647,0.2557218367597886,2.0,-1.7320508075688772,1.7320508075688772,False,D_no_TF,ferro_like_J_negative
0.18,5.196152422706632,0.0,3.0000000000000004,-1.7320508075688772,-1.7320508075688772,-1.7320508075688772,0.34641016151377546,36.0,81.0,1.9822123734088586,0.024471757696405663,-6.684408763786126e-16,6.684408763786126e-16,-6.406853007629837e-16,0.0,0.6636994197712953,0.2769899843368298,0.1847078817214579,0.1744848253808279,3.0,-1.7320508075688772,1.7320508075688772,False,D_no_TF,ferro_like_J_negative
0.21999999999999997,0.0,0.0,0.0,-1.7320508075688772,-1.7320508075688772,-1.7320508075688772,0.34641016151377546,0.0,0.0,0.0,,-7.644318602315544e-16,7.644318602315544e-16,-3.2034265038149176e-16,0.0,1.930049940722324,0.4926082013435826,0.3698909445865925,0.35558711952260763,0.0,-1.7320508075688772,1.7320508075688772,False,D_no_TF,ferro_like_J_negative
0.21999999999999997,0.17320508075688773,0.0,0.1,-1.7320508075688772,-1.7320508075688772,-1.7320508075688772,0.34641016151377546,1.2,0.08999999999999998,0.0038600696684113777,0.04288966298234865,-1.8561983920285633e-16,1.8561983920285633e-16,4.805139755722376e-16,2.220446049250313e-16,1.9522482025713166,0.4956719276046615,0.37280325400265085,0.36131813203367946,0.1,-1.7320508075688772,1.7320508075688772,False,D_no_TF,ferro_like_J_negative
0.21999999999999997,0.4330127018922193,0.0,0.25,-1.7320508075688772,-1.7320508075688772,-1.7320508075688772,0.34641016151377546,2.9999999999999996,0.5624999999999998,0.01952574793634108,0.03471244077571749,1.3195433725441327e-15,0.0,3.2034265038149176e-16,0.0,1.972490275222714,0.4985038751356564,0.37544364549061787,0.3679783599345532,0.25,-1.7320508075688772,1.7320508075688772,False,D_no_TF,ferro_like_J_negative
0.21999999999999997,0.8660254037844386,0.0,0.5,-1.7320508075688772,-1.7320508075688772,-1.7320508075688772,0.34641016151377546,5.999999999999999,2.249999999999999,0.08205991003626334,0.036471071127228166,-1.0847745106130463e-15,1.0847745106130463e-15,-6.406853007629837e-16,-2.220446049250313e-16,1.9711272724559386,0.49846229139282205,0.3752586960445652,0.36634361115001085,0.5,-1.7320508075688772,1.7320508075688772,False,D_no_TF,ferro_like_J_negative
0.21999999999999997,1.299038105676658,0.0,0.7500000000000001,-1.7320508075688772,-1.7320508075688772,-1.7320508075688772,0.34641016151377546,9.0,5.0625,0.2582552821101397,0.051013389058793025,1.1830725560695063e-15,0.0,9.61027951144475e-16,0.0,1.92669999269624,0.4924035942078433,0.36948121017082125,0.3559859050765616,0.75,-1.7320508075688772,1.7320508075688772,False,D_no_TF,ferro_like_J_negative
0.21999999999999997,1.7320508075688772,0.0,1.0,-1.7320508075688772,-1.7320508075688772,-1.7320508075688772,0.34641016151377546,11.999999999999998,8.999999999999996,0.5793583950343829,0.06437315500382035,-1.0847745106130463e-15,1.0847745106130463e-15,-6.406853007629837e-16,-2.220446049250313e-16,1.841623916276375,0.4802521140714485,0.3583737094706709,0.3418918245007789,1.0,-1.7320508075688772,1.7320508075688772,False,D_no_TF,ferro_like_J_negative
0.21999999999999997,2.598076211353316,0.0,1.5000000000000002,-1.7320508075688772,-1.7320508075688772,-1.7320508075688772,0.34641016151377546,18.0,20.25,1.3928449382259516,0.06878246608523218,-7.517076032254994e-16,7.517076032254994e-16,-6.406853007629837e-16,0.0,1.5662999719611523,0.4373574309327053,0.32163217857996096,0.3038174611733783,1.5,-1.7320508075688772,1.7320508075688772,False,D_no_TF,ferro_like_J_negative
0.21999999999999997,3.4641016151377544,0.0,2.0,-1.7320508075688772,-1.7320508075688772,-1.7320508075688772,0.34641016151377546,23.999999999999996,35.999999999999986,1.5769819190350303,0.04380505330652863,-1.0974987676191014e-15,1.0974987676191014e-15,-3.2034265038149176e-16,0.0,1.193658277738276,0.36975774050389987,0.26905414249583665,0.25415454842582313,2.0,-1.7320508075688772,1.7320508075688772,False,D_no_TF,ferro_like_J_negative
0.21999999999999997,5.196152422706632,0.0,3.0000000000000004,-1.7320508075688772,-1.7320508075688772,-1.7320508075688772,0.34641016151377546,36.0,81.0,2.994431432668693,0.03696828929220609,1.1934897514720433e-15,0.0,-0.0,0.0,0.476471928987442,0.1736677032378826,0.15010506637080595,0.14168625295228574,3.0,-1.7320508075688772,1.7320508075688772,False,D_no_TF,ferro_like_J_negative
0.26,0.0,0.0,0.0,-1.7320508075688772,-1.7320508075688772,-1.7320508075688772,0.34641016151377546,0.0,0.0,0.0,,-3.3306690738754696e-16,3.3306690738754696e-16,-0.0,-2.220446049250313e-16,2.20238697740865,0.48388279080445895,0.40429708519435126,0.38743835730756865,0.0,-1.7320508075688772,1.7320508075688772,False,D_no_TF,ferro_like_J_negative
0.26,0.17320508075688773,0.0,0.1,-1.7320508075688772,-1.7320508075688772,-1.7320508075688772,0.34641016151377546,1.2,0.08999999999999998,0.004788247953099509,0.053202755034439,2.220446049250313e-16,0.0,-0.0,-4.440892098500626e-16,2.2283378463786754,0.485557157813368,0.40760858216502455,0.39478737868720853,0.1,-1.7320508075688772,1.7320508075688772,False,D_no_TF,ferro_like_J_negative
0.26,0.4330127018922193,0.0,0.25,-1.7320508075688772,-1.7320508075688772,-1.7320508075688772,0.34641016151377546,2.9999999999999996,0.5624999999999998,0.022316392369303495,0.03967358643431734,2.7119362765326154e-16,0.0,1.6017132519074588e-16,2.220446049250313e-16,2.2477473223882223,0.48660150240811667,0.4100672429520345,0.4029365806449813,0.25,-1.7320508075688772,1.7320508075688772,False,D_no_TF,ferro_like_J_negative
0.26,0.8660254037844386,0.0,0.5,-1.7320508075688772,-1.7320508075688772,-1.7320508075688772,0.34641016151377546,5.999999999999999,2.249999999999999,0.07862696597924777,0.034945318212999024,-7.517076032254994e-16,7.517076032254994e-16,-6.406853007629837e-16,0.0,2.228785267121053,0.4847720436298593,0.4076590113160419,0.39444090505937446,0.5,-1.7320508075688772,1.7320508075688772,False,D_no_TF,ferro_like_J_negative
0.26,1.299038105676658,0.0,0.7500000000000001,-1.7320508075688772,-1.7320508075688772,-1.7320508075688772,0.34641016151377546,9.0,5.0625,0.2535467204338694,0.05008330280175198,3.3306690738754696e-16,0.0,-0.0,0.0,2.148578874638197,0.4781318146579963,0.3975231518975772,0.37874216142744754,0.75,-1.7320508075688772,1.7320508075688772,False,D_no_TF,ferro_like_J_negative
0.26,1.7320508075688772,0.0,1.0,-1.7320508075688772,-1.7320508075688772,-1.7320508075688772,0.34641016151377546,11.999999999999998,8.999999999999996,0.565432170293648,0.06282579669929425,2.093203479189761e-16,0.0,3.2034265038149176e-16,-2.220446049250313e-16,2.011880995298664,0.46496636893240867,0.38014053124616537,0.3585818313303033,1.0,-1.7320508075688772,1.7320508075688772,False,D_no_TF,ferro_like_J_negative
0.26,2.598076211353316,0.0,1.5000000000000002,-1.7320508075688772,-1.7320508075688772,-1.7320508075688772,0.34641016151377546,18.0,20.25,1.1289161111491226,0.055748943760450496,-8.7545416269407e-16,8.7545416269407e-16,-3.2034265038149176e-16,0.0,1.5970475825546835,0.4109285775384462,0.32569475202921366,0.30561734561007275,1.5,-1.7320508075688772,1.7320508075688772,False,D_no_TF,ferro_like_J_negative
0.26,3.4641016151377544,0.0,2.0,-1.7320508075688772,-1.7320508075688772,-1.7320508075688772,0.34641016151377546,23.999999999999996,35.999999999999986,0.808634891479033,0.022462080318862036,2.3938298513812325e-16,0.0,9.61027951144475e-16,6.661338147750939e-16,1.0772740038134887,0.3143567900194806,0.2516893382735952,0.23798206901159424,2.0,-1.7320508075688772,1.7320508075688772,False,D_no_TF,ferro_like_J_negative
0.26,5.196152422706632,0.0,3.0000000000000004,-1.7320508075688772,-1.7320508075688772,-1.7320508075688772,0.34641016151377546,36.0,81.0,2.3897218886392095,0.029502739365916165,-2.093203479189761e-16,2.093203479189761e-16,-3.2034265038149176e-16,-4.440892098500626e-16,0.39919564725461304,0.10410751077907388,0.1346915516552488,0.12787795730378337,3.0,-1.7320508075688772,1.7320508075688772,False,D_no_TF,ferro_like_J_negative
0.3,0.0,0.0,0.0,-1.7320508075688772,-1.7320508075688772,-1.7320508075688772,0.34641016151377546,0.0,0.0,0.0,,-6.187327973428543e-17,6.187327973428543e-17,1.6017132519074588e-16,0.0,2.3953613565928693,0.46581638623261257,0.4280027005176548,0.4087424115772101,0.0,-1.7320508075688772,1.7320508075688772,False,D_no_TF,ferro_like_J_negative
0.3,0.17320508075688773,0.0,0.1,-1.7320508075688772,-1.7320508075688772,-1.7320508075688772,0.34641016151377546,1.2,0.08999999999999998,0.00527999402463224,0.05866660027369157,2.220446049250313e-16,0.0,-0.0,2.220446049250313e-16,2.424133610707181,0.4640203370151556,0.4316245890507638,0.4178282780687063,0.1,-1.7320508075688772,1.7320508075688772,False,D_no_TF,ferro_like_J_negative
0.3,0.4330127018922193,0.0,0.25,-1.7320508075688772,-1.7320508075688772,-1.7320508075688772,0.34641016151377546,2.9999999999999996,0.5624999999999998,0.022791713364196435,0.04051860153634924,3.2034265038149176e-16,0.0,3.2034265038149176e-16,0.0,2.4410454204729746,0.46138321541196226,0.4337292669935613,0.42585891920043345,0.25,-1.7320508075688772,1.7320508075688772,False,D_no_TF,ferro_like_J_negative
0.3,0.8660254037844386,0.0,0.5,-1.7320508075688772,-1.7320508075688772,-1.7320508075688772,0.34641016151377546,5.999999999999999,2.249999999999999,0.07497038276526154,0.03332017011789403,3.3306690738754696e-16,0.0,-0.0,3.3306690738754696e-16,2.402832454301926,0.459125139800014,0.4289432803466554,0.4107152773248812,0.5,-1.7320508075688772,1.7320508075688772,False,D_no_TF,ferro_like_J_negative
0.3,1.299038105676658,0.0,0.7500000000000001,-1.7320508075688772,-1.7320508075688772,-1.7320508075688772,0.34641016151377546,9.0,5.0625,0.2633998963626998,0.052029609158064156,7.771561172376096e-16,0.0,-0.0,-6.661338147750939e-16,2.2877877379796123,0.4573830790333666,0.41462456884623483,0.3901256054755984,0.75,-1.7320508075688772,1.7320508075688772,False,D_no_TF,ferro_like_J_negative
0.3,1.7320508075688772,0.0,1.0,-1.7320508075688772,-1.7320508075688772,-1.7320508075688772,0.34641016151377546,11.999999999999998,8.999999999999996,0.5714090249391638,0.06348989165990711,-1.2940948585320226e-15,1.2940948585320226e-15,-9.610279511444756e-16,-4.440892098500626e-16,2.1014195237068045,0.44800649305891194,0.3912667661685417,0.3647696507820738,1.0,-1.7320508075688772,1.7320508075688772,False,D_no_TF,ferro_like_J_negative
0.3,2.598076211353316,0.0,1.5000000000000002,-1.7320508075688772,-1.7320508075688772,-1.7320508075688772,0.34641016151377546,18.0,20.25,0.846186192120946,0.04178697245041709,1.343243881260252e-15,0.0,1.1211992763352207e-15,6.661338147750939e-16,1.5485922881509722,0.3815219675823552,0.31900734989592266,0.2977650216306632,1.5,-1.7320508075688772,1.7320508075688772,False,D_no_TF,ferro_like_J_negative
0.3,3.4641016151377544,0.0,2.0,-1.7320508075688772,-1.7320508075688772,-1.7320508075688772,0.34641016151377546,23.999999999999996,35.999999999999986,0.7639471231355249,0.021220753420431258,-8.326672684688674e-16,8.326672684688674e-16,-0.0,2.220446049250313e-16,0.9172298070835656,0.244834903185583,0.226971419741929,0.21656609481058178,2.0,-1.7320508075688772,1.7320508075688772,False,D_no_TF,ferro_like_J_negative
0.3,5.196152422706632,0.0,3.0000000000000004,-1.7320508075688772,-1.7320508075688772,-1.7320508075688772,0.34641016151377546,36.0,81.0,1.0395061949461135,0.01283340981414955,1.942890293094024e-16,0.0,-0.0,7.771561172376096e-16,0.5243620025398976,0.19038968341475382,0.15905376074035185,0.14702726090548146,3.0,-1.7320508075688772,1.7320508075688772,False,D_no_TF,ferro_like_J_negative
0.3277777777777778,0.0,0.0,0.0,-1.7320508075688772,-1.7320508075688772,-1.7320508075688772,0.34641016151377546,0.0,0.0,0.0,,3.822159301157772e-16,0.0,1.6017132519074588e-16,-2.220446049250313e-16,2.4870666672643935,0.45466030459107254,0.43908649835788616,0.41831771554252434,0.0,-1.7320508075688772,1.7320508075688772,False,D_no_TF,ferro_like_J_negative
0.3277777777777778,0.17320508075688773,0.0,0.1,-1.7320508075688772,-1.7320508075688772,-1.7320508075688772,0.34641016151377546,1.2,0.08999999999999998,0.005295464907753377,0.05883849897503754,-3.2034265038149176e-16,3.2034265038149176e-16,-3.2034265038149176e-16,3.3306690738754696e-16,2.5173759295696323,0.44878935289562505,0.44288743516542056,0.42864530250748695,0.1,-1.7320508075688772,1.7320508075688772,False,D_no_TF,ferro_like_J_negative
0.3277777777777778,0.4330127018922193,0.0,0.25,-1.7320508075688772,-1.7320508075688772,-1.7320508075688772,0.34641016151377546,2.9999999999999996,0.5624999999999998,0.021243224988556922,0.037765733312990095,1.2374655946857085e-16,0.0,-3.2034265038149176e-16,-4.440892098500626e-16,2.5320858530631583,0.4420399116893835,0.4446998353615498,0.434729079420586,0.25,-1.7320508075688772,1.7320508075688772,False,D_no_TF,ferro_like_J_negative
0.3277777777777778,0.8660254037844386,0.0,0.5,-1.7320508075688772,-1.7320508075688772,-1.7320508075688772,0.34641016151377546,5.999999999999999,2.249999999999999,0.07486878241994507,0.03327501440886449,1.2374655946857085e-16,0.0,-3.2034265038149176e-16,0.0,2.482012977974425,0.4409872580468984,0.4384408682526026,0.4164734352726534,0.5,-1.7320508075688772,1.7320508075688772,False,D_no_TF,ferro_like_J_negative
0.3277777777777778,1.299038105676658,0.0,0.7500000000000001,-1.7320508075688772,-1.7320508075688772,-1.7320508075688772,0.34641016151377546,9.0,5.0625,0.28379486414422267,0.05605824476922917,-4.313649528440074e-16,4.313649528440074e-16,-3.2034265038149176e-16,-4.440892098500626e-16,2.3473582649306763,0.44640495638358674,0.4217702001479889,0.39323105144114695,0.75,-1.7320508075688772,1.7320508075688772,False,D_no_TF,ferro_like_J_negative
0.3277777777777778,1.7320508075688772,0.0,1.0,-1.7320508075688772,-1.7320508075688772,-1.7320508075688772,0.34641016151377546,11.999999999999998,8.999999999999996,0.5900757880002909,0.0655639764444768,-2.093203479189761e-16,2.093203479189761e-16,-3.2034265038149176e-16,2.220446049250313e-16,2.130860682988907,0.44090608768756395,0.39479416703093184,0.3650532134729878,1.0,-1.7320508075688772,1.7320508075688772,False,D_no_TF,ferro_like_J_negative
0.3277777777777778,2.598076211353316,0.0,1.5000000000000002,-1.7320508075688772,-1.7320508075688772,-1.7320508075688772,0.34641016151377546,18.0,20.25,0.644390902907135,0.031821772983068396,-1.2940948585320226e-15,1.2940948585320226e-15,-9.610279511444756e-16,-4.440892098500626e-16,1.4861878105323356,0.3610760020259823,0.31038160294727407,0.28887173040156733,1.5,-1.7320508075688772,1.7320508075688772,False,D_no_TF,ferro_like_J_negative
0.3277777777777778,3.4641016151377544,0.0,2.0,-1.7320508075688772,-1.7320508075688772,-1.7320508075688772,0.34641016151377546,23.999999999999996,35.999999999999986,1.000117353398256,0.02778103759439601,5.105766127913846e-16,0.0,1.1211992763352207e-15,9.992007221626409e-16,0.820377670064724,0.19631290470066745,0.21147274569800936,0.20524141806836046,2.0,-1.7320508075688772,1.7320508075688772,False,D_no_TF,ferro_like_J_negative
0.3277777777777778,5.196152422706632,0.0,3.0000000000000004,-1.7320508075688772,-1.7320508075688772,-1.7320508075688772,0.34641016151377546,36.0,81.0,3.295893167047838,0.04069003909935603,-4.059164388318973e-16,4.059164388318973e-16,-9.610279511444756e-16,-6.661338147750939e-16,0.6528230648980988,0.2649851926689148,0.1817033153412228,0.15949674042341885,3.0,-1.7320508075688772,1.7320508075688772,False,D_no_TF,ferro_like_J_negative
0.35555555555555557,0.0,0.0,0.0,-1.7320508075688772,-1.7320508075688772,-1.7320508075688772,0.34641016151377546,0.0,0.0,0.0,,7.644318602315544e-16,0.0,3.2034265038149176e-16,-4.440892098500626e-16,2.5499364461954253,0.4480719804065837,0.44661570552543084,0.4245318431894892,0.0,-1.7320508075688772,1.7320508075688772,False,D_no_TF,ferro_like_J_negative
0.35555555555555557,0.17320508075688773,0.0,0.1,-1.7320508075688772,-1.7320508075688772,-1.7320508075688772,0.34641016151377546,1.2,0.08999999999999998,0.005022587017623879,0.05580652241804311,1.6017132519074588e-16,0.0,1.6017132519074588e-16,-2.220446049250313e-16,2.5814003287106493,0.436813635604825,0.45055880266804776,0.4360604230376967,0.1,-1.7320508075688772,1.7320508075688772,False,D_no_TF,ferro_like_J_negative
0.35555555555555557,0.4330127018922193,0.0,0.25,-1.7320508075688772,-1.7320508075688772,-1.7320508075688772,0.34641016151377546,2.9999999999999996,0.5624999999999998,0.018105089949383327,0.03218682657668148,2.7119362765326154e-16,0.0,1.6017132519074588e-16,0.0,2.5936531180623548,0.42468767190708123,0.45205041290055376,0.4399101076539208,0.25,-1.7320508075688772,1.7320508075688772,False,D_no_TF,ferro_like_J_negative
0.35555555555555557,0.8660254037844386,0.0,0.5,-1.7320508075688772,-1.7320508075688772,-1.7320508075688772,0.34641016151377546,5.999999999999999,2.249999999999999,0.08146818800872324,0.036208083559432565,3.3306690738754696e-16,0.0,-0.0,1.1102230246251565e-16,2.5344188672922554,0.4266103940908722,0.4446240930278454,0.41887820514553553,0.5,-1.7320508075688772,1.7320508075688772,False,D_no_TF,ferro_like_J_negative
0.35555555555555557,1.299038105676658,0.0,0.7500000000000001,-1.7320508075688772,-1.7320508075688772,-1.7320508075688772,0.34641016151377546,9.0,5.0625,0.3178452743895347,0.06278425173126612,-1.6144375089135146e-15,1.6144375089135146e-15,-1.2813706015259676e-15,-2.220446049250313e-16,2.3860110054919073,0.4411389985336307,0.42629278857590286,0.39380431420515327,0.75,-1.7320508075688772,1.7320508075688772,False,D_no_TF,ferro_like_J_negative
0.35555555555555557,1.7320508075688772,0.0,1.0,-1.7320508075688772,-1.7320508075688772,-1.7320508075688772,0.34641016151377546,11.999999999999998,8.999999999999996,0.6194930855283112,0.06883256505870126,2.220446049250313e-16,0.0,-0.0,-4.440892098500626e-16,2.143209213874618,0.4383493477814624,0.39615012137195244,0.3633297728657342,1.0,-1.7320508075688772,1.7320508075688772,False,D_no_TF,ferro_like_J_negative
0.35555555555555557,2.598076211353316,0.0,1.5000000000000002,-1.7320508075688772,-1.7320508075688772,-1.7320508075688772,0.34641016151377546,18.0,20.25,0.4407855479601456,0.021767187553587437,3.81727710181653e-17,0.0,-9.610279511444756e-16,-6.661338147750939e-16,1.4104695061706336,0.34019172657651475,0.29981778530521225,0.2785675703203806,1.5,-1.7320508075688772,1.7320508075688772,False,D_no_TF,ferro_like_J_negative
0.35555555555555557,3.4641016151377544,0.0,2.0,-1.7320508075688772,-1.7320508075688772,-1.7320508075688772,0.34641016151377546,23.999999999999996,35.999999999999986,1.1538647405394449,0.03205179834831792,-4.313649528440074e-16,4.313649528440074e-16,-3.2034265038149176e-16,1.1102230246251565e-16,0.762505885289617,0.16719402949910306,0.20198092760465336,0.1998392259276254,2.0,-1.7320508075688772,1.7320508075688772,False,D_no_TF,ferro_like_J_negative
0.35555555555555557,5.196152422706632,0.0,3.0000000000000004,-1.7320508075688772,-1.7320508075688772,-1.7320508075688772,0.34641016151377546,36.0,81.0,5.4259688626308975,0.06698726990902343,4.568134668561178e-16,0.0,-3.2034265038149176e-16,-2.220446049250313e-16,0.7381685836784777,0.30467353864382635,0.19473317526698747,0.15879151191861637,3.0,-1.7320508075688772,1.7320508075688772,False,D_no_TF,ferro_like_J_negative
0.3833333333333333,0.0,0.0,0.0,-1.7320508075688772,-1.7320508075688772,-1.7320508075688772,0.34641016151377546,0.0,0.0,0.0,,1.1593720473533868e-15,0.0,1.6017132519074588e-16,0.0,2.589976786800724,0.44648959850045117,0.4513777046581577,0.4282323750139546,0.0,-1.7320508075688772,1.7320508075688772,False,D_no_TF,ferro_like_J_negative
0.3833333333333333,0.17320508075688773,0.0,0.1,-1.7320508075688772,-1.7320508075688772,-1.7320508075688772,0.34641016151377546,1.2,0.08999999999999998,0.004460469977203926,0.04956077752448808,-9.829804545646046e-17,9.829804545646046e-17,-3.2034265038149176e-16,0.0,2.6219710624148638,0.4292389381888386,0.4553936585417657,0.4408137400720835,0.1,-1.7320508075688772,1.7320508075688772,False,D_no_TF,ferro_like_J_negative
0.3833333333333333,0.4330127018922193,0.0,0.25,-1.7320508075688772,-1.7320508075688772,-1.7320508075688772,0.34641016151377546,2.9999999999999996,0.5624999999999998,0.01369629043968393,0.02434896078166033,-3.2034265038149176e-16,3.2034265038149176e-16,-3.2034265038149176e-16,-4.440892098500626e-16,2.6313064119913823,0.4112301187188475,0.4565087605298208,0.4422691796276478,0.25,-1.7320508075688772,1.7320508075688772,False,D_no_TF,ferro_like_J_negative
0.3833333333333333,0.8660254037844386,0.0,0.5,-1.7320508075688772,-1.7320508075688772,-1.7320508075688772,0.34641016151377546,5.999999999999999,2.249999999999999,0.09812537699517375,0.043611278664521684,1.9659609091292081e-16,0.0,6.406853007629834e-16,4.440892098500626e-16,2.566487057852612,0.4181195578582312,0.44832134708773363,0.41894240623507256,0.5,-1.7320508075688772,1.7320508075688772,False,D_no_TF,ferro_like_J_negative
0.3833333333333333,1.299038105676658,0.0,0.7500000000000001,-1.7320508075688772,-1.7320508075688772,-1.7320508075688772,0.34641016151377546,9.0,5.0625,0.36473338604680344,0.07204610094751673,-1.1830725560695069e-15,1.1830725560695069e-15,-9.610279511444756e-16,-8.881784197001252e-16,2.4110345017630426,0.4415660373382712,0.42911891938777613,0.39287688829647255,0.75,-1.7320508075688772,1.7320508075688772,False,D_no_TF,ferro_like_J_negative
0.3833333333333333,1.7320508075688772,0.0,1.0,-1.7320508075688772,-1.7320508075688772,-1.7320508075688772,0.34641016151377546,11.999999999999998,8.999999999999996,0.6548895366575439,0.07276550407306047,-5.551115123125783e-16,5.551115123125783e-16,-0.0,2.220446049250313e-16,2.1441087758970916,0.4389566082331624,0.39605085048765937,0.36026311711038894,1.0,-1.7320508075688772,1.7320508075688772,False,D_no_TF,ferro_like_J_negative
0.3833333333333333,2.598076211353316,0.0,1.5000000000000002,-1.7320508075688772,-1.7320508075688772,-1.7320508075688772,0.34641016151377546,18.0,20.25,0.23962072644844673,0.011833122293750456,5.296629983004678e-16,0.0,6.406853007629834e-16,4.440892098500626e-16,1.329173907729289,0.31910542989642643,0.28835639984612604,0.2682334233760584,1.5,-1.7320508075688772,1.7320508075688772,False,D_no_TF,ferro_like_J_negative
0.3833333333333333,3.4641016151377544,0.0,2.0,-1.7320508075688772,-1.7320508075688772,-1.7320508075688772,0.34641016151377546,23.999999999999996,35.999999999999986,1.1489800324118613,0.0319161120114406,-3.949401871218324e-16,3.949401871218324e-16,1.6017132519074588e-16,4.440892098500626e-16,0.756794658776044,0.15568324698830305,0.20094242316677266,0.19541423525236173,2.0,-1.7320508075688772,1.7320508075688772,False,D_no_TF,ferro_like_J_negative
0.3833333333333333,5.196152422706632,0.0,3.0000000000000004,-1.7320508075688772,-1.7320508075688772,-1.7320508075688772,0.34641016151377546,36.0,81.0,6.634227120923938,0.08190403852992516,-7.944944974507021e-16,7.944944974507021e-16,-9.610279511444756e-16,-8.881784197001252e-16,0.7532235275260358,0.30429227052095464,0.1943676835587976,0.14492100686723364,3.0,-1.7320508075688772,1.7320508075688772,False,D_no_TF,ferro_like_J_negative
0.4111111111111111,0.0,0.0,0.0,-1.7320508075688772,-1.7320508075688772,-1.7320508075688772,0.34641016151377546,0.0,0.0,0.0,,-1.8561983920285633e-16,1.8561983920285633e-16,4.805139755722376e-16,0.0,2.612919669261215,0.4480214119451559,0.45409196966670207,0.43019640862986114,0.0,-1.7320508075688772,1.7320508075688772,False,D_no_TF,ferro_like_J_negative
0.4111111111111111,0.17320508075688773,0.0,0.1,-1.7320508075688772,-1.7320508075688772,-1.7320508075688772,0.34641016151377546,1.2,0.08999999999999998,0.003622498430016076,0.040249982555734184,-6.187327973428543e-17,6.187327973428543e-17,1.6017132519074588e-16,1.1102230246251565e-16,2.6443402384206367,0.4254349799344336,0.4580504700215444,0.4435344393775944,0.1,-1.7320508075688772,1.7320508075688772,False,D_no_TF,ferro_like_J_negative
0.4111111111111111,0.4330127018922193,0.0,0.25,-1.7320508075688772,-1.7320508075688772,-1.7320508075688772,0.34641016151377546,2.9999999999999996,0.5624999999999998,0.009453828723489,0.016806806619536006,-5.186867465904033e-16,5.186867465904033e-16,4.805139755722376e-16,2.220446049250313e-16,2.6498301922568017,0.40261646576164745,0.4586779014182527,0.4425722684024951,0.25,-1.7320508075688772,1.7320508075688772,False,D_no_TF,ferro_like_J_negative
0.4111111111111111,0.8660254037844386,0.0,0.5,-1.7320508075688772,-1.7320508075688772,-1.7320508075688772,0.34641016151377546,5.999999999999999,2.249999999999999,0.12469708582919405,0.055420927035197375,-8.557378845040546e-17,8.557378845040546e-17,-6.406853007629837e-16,-4.440892098500626e-16,2.583678904935117,0.4159676852945837,0.45021983768690566,0.4175365984657804,0.5,-1.7320508075688772,1.7320508075688772,False,D_no_TF,ferro_like_J_negative
0.4111111111111111,1.299038105676658,0.0,0.7500000000000001,-1.7320508075688772,-1.7320508075688772,-1.7320508075688772,0.34641016151377546,9.0,5.0625,0.4209301241534091,0.08314669119079686,7.644318602315544e-16,0.0,3.2034265038149176e-16,-4.440892098500626e-16,2.42781371917627,0.4459354684536338,0.43092348581964135,0.3911708329983634,0.75,-1.7320508075688772,1.7320508075688772,False,D_no_TF,ferro_like_J_negative
0.4111111111111111,1.7320508075688772,0.0,1.0,-1.7320508075688772,-1.7320508075688772,-1.7320508075688772,0.34641016151377546,11.999999999999998,8.999999999999996,0.6887229418055159,0.07652477131172401,-1.2940948585320226e-15,1.2940948585320226e-15,-9.610279511444756e-16,1.1102230246251565e-16,2.135971347722157,0.4408671667412577,0.3947936620339841,0.35605189688992284,1.0,-1.7320508075688772,1.7320508075688772,False,D_no_TF,ferro_like_J_negative
0.4111111111111111,2.598076211353316,0.0,1.5000000000000002,-1.7320508075688772,-1.7320508075688772,-1.7320508075688772,0.34641016151377546,18.0,20.25,0.08288696614414207,0.004093183513290966,-5.551115123125783e-16,5.551115123125783e-16,-0.0,5.551115123125783e-16,1.2505768230148344,0.3009094352224828,0.27718042638315055,0.25965049658653194,1.5,-1.7320508075688772,1.7320508075688772,False,D_no_TF,ferro_like_J_negative
0.4111111111111111,3.4641016151377544,0.0,2.0,-1.7320508075688772,-1.7320508075688772,-1.7320508075688772,0.34641016151377546,23.999999999999996,35.999999999999986,0.9762425562728332,0.027117848785356488,9.546658226414472e-16,0.0,1.1211992763352207e-15,4.440892098500626e-16,0.7982232916215755,0.17571573900237938,0.20758899609147927,0.19472291294947647,2.0,-1.7320508075688772,1.7320508075688772,False,D_no_TF,ferro_like_J_negative
0.4111111111111111,5.196152422706632,0.0,3.0000000000000004,-1.7320508075688772,-1.7320508075688772,-1.7320508075688772,0.34641016151377546,36.0,81.0,6.605512420629169,0.08154953605715023,3.2034265038149176e-16,0.0,3.2034265038149176e-16,3.3306690738754696e-16,0.7198171054339272,0.27814318587030373,0.1860973282118375,0.12937619420405314,3.0,-1.7320508075688772,1.7320508075688772,False,D_no_TF,ferro_like_J_negative
0.4388888888888889,0.0,0.0,0.0,-1.7320508075688772,-1.7320508075688772,-1.7320508075688772,0.34641016151377546,0.0,0.0,0.0,,8.7545416269407e-16,0.0,3.2034265038149176e-16,2.220446049250313e-16,2.6232609427937725,0.44981925030393743,0.45531104469735373,0.4310226292250891,0.0,-1.7320508075688772,1.7320508075688772,False,D_no_TF,ferro_like_J_negative
0.4388888888888889,0.17320508075688773,0.0,0.1,-1.7320508075688772,-1.7320508075688772,-1.7320508075688772,0.34641016151377546,1.2,0.08999999999999998,0.0025372435855271725,0.028191595394746367,2.347688619310865e-16,0.0,-3.2034265038149176e-16,-8.881784197001252e-16,2.6523067324640968,0.4239549558493911,0.4589953772784111,0.44464716754495615,0.1,-1.7320508075688772,1.7320508075688772,False,D_no_TF,ferro_like_J_negative
0.4388888888888889,0.4330127018922193,0.0,0.25,-1.7320508075688772,-1.7320508075688772,-1.7320508075688772,0.34641016151377546,2.9999999999999996,0.5624999999999998,0.010165390976482851,0.018071806180413964,-1.7289558219680108e-16,1.7289558219680108e-16,1.6017132519074588e-16,0.0,2.6524570327049384,0.3992418928551177,0.45895919005403624,0.44138599954439356,0.25,-1.7320508075688772,1.7320508075688772,False,D_no_TF,ferro_like_J_negative
0.4388888888888889,0.8660254037844386,0.0,0.5,-1.7320508075688772,-1.7320508075688772,-1.7320508075688772,0.34641016151377546,5.999999999999999,2.249999999999999,0.1587538419378029,0.07055726308346798,-8.62729905688015e-16,8.62729905688015e-16,-6.406853007629837e-16,2.220446049250313e-16,2.5900522696271704,0.4190392716976288,0.45082679478556803,0.4153126556999986,0.5,-1.7320508075688772,1.7320508075688772,False,D_no_TF,ferro_like_J_negative
0.4388888888888889,1.299038105676658,0.0,0.7500000000000001,-1.7320508075688772,-1.7320508075688772,-1.7320508075688772,0.34641016151377546,9.0,5.0625,0.4813293536712801,0.09507740319432693,-1.4178414180005933e-15,1.4178414180005933e-15,-6.406853007629837e-16,0.0,2.4394704162250243,0.45191758850111907,0.43209307127770735,0.38903507473077537,0.75,-1.7320508075688772,1.7320508075688772,False,D_no_TF,ferro_like_J_negative
0.4388888888888889,1.7320508075688772,0.0,1.0,-1.7320508075688772,-1.7320508075688772,-1.7320508075688772,0.34641016151377546,11.999999999999998,8.999999999999996,0.7121814651580807,0.07913127390645344,-9.610279511444756e-16,9.610279511444756e-16,-9.610279511444756e-16,-4.440892098500626e-16,2.1183013985040144,0.4425862002330885,0.3923019134605699,0.3505088069793745,1.0,-1.7320508075688772,1.7320508075688772,False,D_no_TF,ferro_like_J_negative
0.4388888888888889,2.598076211353316,0.0,1.5000000000000002,-1.7320508075688772,-1.7320508075688772,-1.7320508075688772,0.34641016151377546,18.0,20.25,0.19961967835900668,0.009857761894271936,-4.059164388318973e-16,4.059164388318973e-16,-9.610279511444756e-16,0.0,1.1840081334080677,0.2903925432926879,0.26767389365636346,0.2548860716581333,1.5,-1.7320508075688772,1.7320508075688772,False,D_no_TF,ferro_like_J_negative
0.4388888888888889,3.4641016151377544,0.0,2.0,-1.7320508075688772,-1.7320508075688772,-1.7320508075688772,0.34641016151377546,23.999999999999996,35.999999999999986,0.695037129636735,0.019306586934353758,-2.5835755938570077e-15,2.5835755938570077e-15,-6.406853007629837e-16,-6.661338147750939e-16,0.8640937257840091,0.24246677118376442,0.21815488487711454,0.20065000768997163,2.0,-1.7320508075688772,1.7320508075688772,False,D_no_TF,ferro_like_J_negative
0.4388888888888889,5.196152422706632,0.0,3.0000000000000004,-1.7320508075688772,-1.7320508075688772,-1.7320508075688772,0.34641016151377546,36.0,81.0,5.464855492916016,0.06746735176439525,-3.758538016127496e-16,3.758538016127496e-16,-3.2034265038149176e-16,-4.440892098500626e-16,0.6928993485430162,0.27132171465546906,0.18327245460242214,0.13255048351153398,3.0,-1.7320508075688772,1.7320508075688772,False,D_no_TF,ferro_like_J_negative
0.4666666666666667,0.0,0.0,0.0,-1.7320508075688772,-1.7320508075688772,-1.7320508075688772,0.34641016151377546,0.0,0.0,0.0,,3.822159301157772e-16,0.0,1.6017132519074588e-16,-2.220446049250313e-16,2.623494554194852,0.44987102361277054,0.4553385468257575,0.43104073836473084,0.0,-1.7320508075688772,1.7320508075688772,False,D_no_TF,ferro_like_J_negative
0.4666666666666667,0.17320508075688773,0.0,0.1,-1.7320508075688772,-1.7320508075688772,-1.7320508075688772,0.34641016151377546,1.2,0.08999999999999998,0.001265781850205789,0.014064242780064323,-9.737522081505307e-16,9.737522081505307e-16,-6.406853007629837e-16,0.0,2.647544999982444,0.4239361558492903,0.4584317951685315,0.44430723959874635,0.1,-1.7320508075688772,1.7320508075688772,False,D_no_TF,ferro_like_J_negative
0.4666666666666667,0.4330127018922193,0.0,0.25,-1.7320508075688772,-1.7320508075688772,-1.7320508075688772,0.34641016151377546,2.9999999999999996,0.5624999999999998,0.017309315851169876,0.030772117068746458,-7.644318602315544e-16,7.644318602315544e-16,-3.2034265038149176e-16,0.0,2.6404863628039004,0.4012486670907094,0.45751443991564567,0.4390132778385442,0.25,-1.7320508075688772,1.7320508075688772,False,D_no_TF,ferro_like_J_negative
0.4666666666666667,0.8660254037844386,0.0,0.5,-1.7320508075688772,-1.7320508075688772,-1.7320508075688772,0.34641016151377546,5.999999999999999,2.249999999999999,0.19748311502190627,0.08777027334306949,-4.059164388318973e-16,4.059164388318973e-16,-9.610279511444756e-16,-4.440892098500626e-16,2.5883023346311047,0.42522284340769345,0.4504780189579541,0.4126741985373302,0.5,-1.7320508075688772,1.7320508075688772,False,D_no_TF,ferro_like_J_negative
0.4666666666666667,1.299038105676658,0.0,0.7500000000000001,-1.7320508075688772,-1.7320508075688772,-1.7320508075688772,0.34641016151377546,9.0,5.0625,0.5402631752468575,0.10671865190061383,-1.1830725560695069e-15,1.1830725560695069e-15,-9.610279511444756e-16,-6.661338147750939e-16,2.446946618562681,0.45762471125246534,0.43273706997596584,0.3864468809917005,0.75,-1.7320508075688772,1.7320508075688772,False,D_no_TF,ferro_like_J_negative
0.4666666666666667,1.7320508075688772,0.0,1.0,-1.7320508075688772,-1.7320508075688772,-1.7320508075688772,0.34641016151377546,11.999999999999998,8.999999999999996,0.7167083594279866,0.0796342621586652,4.677897185661823e-16,0.0,8.008566259537293e-16,3.3306690738754696e-16,2.0886622681793234,0.44318938840417416,0.38824675928448515,0.3432350214234776,1.0,-1.7320508075688772,1.7320508075688772,False,D_no_TF,ferro_like_J_negative
0.4666666666666667,2.598076211353316,0.0,1.5000000000000002,-1.7320508075688772,-1.7320508075688772,-1.7320508075688772,0.34641016151377546,18.0,20.25,0.3769993931580491,0.018617253983113535,-1.2724257006055198e-17,1.2724257006055198e-17,3.2034265038149176e-16,4.440892098500626e-16,1.1383461135303632,0.2863598096702269,0.26114075418857985,0.2556205793595293,1.5,-1.7320508075688772,1.7320508075688772,False,D_no_TF,ferro_like_J_negative
0.4666666666666667,3.4641016151377544,0.0,2.0,-1.7320508075688772,-1.7320508075688772,-1.7320508075688772,0.34641016151377546,23.999999999999996,35.999999999999986,0.596888537536477,0.016580237153791033,-3.885780586188048e-16,3.885780586188048e-16,-0.0,4.440892098500626e-16,0.9245013995792373,0.30220345319699427,0.22782461443426955,0.20943594216375758,2.0,-1.7320508075688772,1.7320508075688772,False,D_no_TF,ferro_like_J_negative
0.4666666666666667,5.196152422706632,0.0,3.0000000000000004,-1.7320508075688772,-1.7320508075688772,-1.7320508075688772,0.34641016151377546,36.0,81.0,3.9645543954065965,0.04894511599267403,5.169387412944124e-16,0.0,9.61027951144475e-16,5.551115123125783e-16,0.720176633999888,0.3063563124311731,0.1927600512383544,0.1631708243186845,3.0,-1.7320508075688772,1.7320508075688772,False,D_no_TF,ferro_like_J_negative
0.49444444444444446,0.0,0.0,0.0,-1.7320508075688772,-1.7320508075688772,-1.7320508075688772,0.34641016151377546,0.0,0.0,0.0,,-7.771561172376096e-16,7.771561172376096e-16,-0.0,0.0,2.613681277568105,0.4481243525689925,0.45418185443312653,0.43025875489100845,0.0,-1.7320508075688772,1.7320508075688772,False,D_no_TF,ferro_like_J_negative
0.49444444444444446,0.17320508075688773,0.0,0.1,-1.7320508075688772,-1.7320508075688772,-1.7320508075688772,0.34641016151377546,1.2,0.08999999999999998,0.0005785111634799122,0.00642790181644347,2.220446049250313e-16,0.0,-0.0,2.220446049250313e-16,2.629332968988174,0.4258730737091653,0.45627151990722,0.4423799013809372,0.1,-1.7320508075688772,1.7320508075688772,False,D_no_TF,ferro_like_J_negative
0.49444444444444446,0.4330127018922193,0.0,0.25,-1.7320508075688772,-1.7320508075688772,-1.7320508075688772,0.34641016151377546,2.9999999999999996,0.5624999999999998,0.02712652700055311,0.048224936889872214,-4.313649528440074e-16,4.313649528440074e-16,-3.2034265038149176e-16,-2.220446049250313e-16,2.6133799329780567,0.4083384165750805,0.4542781622853212,0.4354796654271253,0.25,-1.7320508075688772,1.7320508075688772,False,D_no_TF,ferro_like_J_negative
0.49444444444444446,0.8660254037844386,0.0,0.5,-1.7320508075688772,-1.7320508075688772,-1.7320508075688772,0.34641016151377546,5.999999999999999,2.249999999999999,0.23827440672701053,0.10589973632311583,-5.423872553065231e-16,5.423872553065231e-16,-3.2034265038149176e-16,2.220446049250313e-16,2.580173015307018,0.4321003540051471,0.4493861198070694,0.40979538823099104,0.5,-1.7320508075688772,1.7320508075688772,False,D_no_TF,ferro_like_J_negative
0.49444444444444446,1.299038105676658,0.0,0.7500000000000001,-1.7320508075688772,-1.7320508075688772,-1.7320508075688772,0.34641016151377546,9.0,5.0625,0.5921233941724863,0.11696264576246643,2.0949514844857506e-15,0.0,1.7618845770982037e-15,0.0,2.4493425223078757,0.4621120742911966,0.4327281521141512,0.38306596208221977,0.75,-1.7320508075688772,1.7320508075688772,False,D_no_TF,ferro_like_J_negative
0.49444444444444446,1.7320508075688772,0.0,1.0,-1.7320508075688772,-1.7320508075688772,-1.7320508075688772,0.34641016151377546,11.999999999999998,8.999999999999996,0.6952011842193893,0.07724457602437662,-8.557378845040546e-17,8.557378845040546e-17,-6.406853007629837e-16,0.0,2.043981713612805,0.4421032148876288,0.38221158130517646,0.33384600569220824,1.0,-1.7320508075688772,1.7320508075688772,False,D_no_TF,ferro_like_J_negative
0.49444444444444446,2.598076211353316,0.0,1.5000000000000002,-1.7320508075688772,-1.7320508075688772,-1.7320508075688772,0.34641016151377546,18.0,20.25,0.5311691993329776,0.026230577744838397,5.551115123125783e-17,0.0,-0.0,-4.440892098500626e-16,1.118788329325953,0.28527173739157385,0.2582765267234217,0.25478953047841035,1.5,-1.7320508075688772,1.7320508075688772,False,D_no_TF,ferro_like_J_negative
0.49444444444444446,3.4641016151377544,0.0,2.0,-1.7320508075688772,-1.7320508075688772,-1.7320508075688772,0.34641016151377546,23.999999999999996,35.999999999999986,1.0184535724048311,0.02829037701124532,-2.8391788465931673e-16,2.8391788465931673e-16,1.6017132519074588e-16,0.0,0.9560599402388266,0.34461160603505,0.23288451704306323,0.21770695476212817,2.0,-1.7320508075688772,1.7320508075688772,False,D_no_TF,ferro_like_J_negative
0.49444444444444446,5.196152422706632,0.0,3.0000000000000004,-1.7320508075688772,-1.7320508075688772,-1.7320508075688772,0.34641016151377546,36.0,81.0,3.6656967796344935,0.04525551579795671,6.823540823731303e-17,0.0,-3.2034265038149176e-16,-2.220446049250313e-16,0.8105811343515994,0.34437186575797973,0.20983309190442598,0.20239399049332596,3.0,-1.7320508075688772,1.7320508075688772,False,D_no_TF,ferro_like_J_negative
0.5222222222222223,0.0,0.0,0.0,-1.7320508075688772,-1.7320508075688772,-1.7320508075688772,0.34641016151377546,0.0,0.0,0.0,,-1.1102230246251565e-16,1.1102230246251565e-16,-0.0,-2.220446049250313e-16,2.591438139255486,0.44651419860859975,0.45155093728841844,0.42836170793228806,0.0,-1.7320508075688772,1.7320508075688772,False,D_no_TF,ferro_like_J_negative
0.5222222222222223,0.17320508075688773,0.0,0.1,-1.7320508075688772,-1.7320508075688772,-1.7320508075688772,0.34641016151377546,1.2,0.08999999999999998,0.0020090866036367983,0.02232318448485332,4.313649528440074e-16,0.0,3.2034265038149176e-16,0.0,2.594737018866031,0.4311444259045344,0.45215492339006313,0.4384692414784072,0.1,-1.7320508075688772,1.7320508075688772,False,D_no_TF,ferro_like_J_negative
0.5222222222222223,0.4330127018922193,0.0,0.25,-1.7320508075688772,-1.7320508075688772,-1.7320508075688772,0.34641016151377546,2.9999999999999996,0.5624999999999998,0.038023697329682506,0.06759768414165782,2.093203479189761e-16,0.0,3.2034265038149176e-16,3.3306690738754696e-16,2.5693169518263774,0.4193286923370449,0.44902011916785783,0.4305761587562709,0.25,-1.7320508075688772,1.7320508075688772,False,D_no_TF,ferro_like_J_negative
0.5222222222222223,0.8660254037844386,0.0,0.5,-1.7320508075688772,-1.7320508075688772,-1.7320508075688772,0.34641016151377546,5.999999999999999,2.249999999999999,0.27872873724824315,0.123879438776997,1.4744706818469063e-16,0.0,4.805139755722376e-16,-4.440892098500626e-16,2.567032761035241,0.4375101153209365,0.44770777171675896,0.4066742611948666,0.5,-1.7320508075688772,1.7320508075688772,False,D_no_TF,ferro_like_J_negative
0.5222222222222223,1.299038105676658,0.0,0.7500000000000001,-1.7320508075688772,-1.7320508075688772,-1.7320508075688772,0.34641016151377546,9.0,5.0625,0.631746874128902,0.12478950600077075,-5.423872553065231e-16,5.423872553065231e-16,-3.2034265038149176e-16,1.1102230246251565e-16,2.444317773777012,0.4653699702177654,0.4317503603486709,0.3783182999519358,0.75,-1.7320508075688772,1.7320508075688772,False,D_no_TF,ferro_like_J_negative
0.5222222222222223,1.7320508075688772,0.0,1.0,-1.7320508075688772,-1.7320508075688772,-1.7320508075688772,0.34641016151377546,11.999999999999998,8.999999999999996,0.6428741289846791,0.07143045877607548,-5.16938741294413e-16,5.16938741294413e-16,-9.610279511444756e-16,-2.220446049250313e-16,1.981926812912795,0.4388074696726618,0.3738697088423972,0.32220975568577576,1.0,-1.7320508075688772,1.7320508075688772,False,D_no_TF,ferro_like_J_negative
0.5222222222222223,2.598076211353316,0.0,1.5000000000000002,-1.7320508075688772,-1.7320508075688772,-1.7320508075688772,0.34641016151377546,18.0,20.25,0.6416754543504465,0.03168767675804674,-1.528863720463109e-15,1.528863720463109e-15,-6.406853007629837e-16,-4.440892098500626e-16,1.1237713060766796,0.28588721991143073,0.25877434809428207,0.25008903308026414,1.5,-1.7320508075688772,1.7320508075688772,False,D_no_TF,ferro_like_J_negative
0.5222222222222223,3.4641016151377544,0.0,2.0,-1.7320508075688772,-1.7320508075688772,-1.7320508075688772,0.34641016151377546,23.999999999999996,35.999999999999986,1.664773811616532,0.04624371698934813,1.080160387406009e-15,0.0,-6.406853007629837e-16,-6.661338147750939e-16,0.952222048439481,0.36622415307446776,0.2320558575187145,0.21940275951536342,2.0,-1.7320508075688772,1.7320508075688772,False,D_no_TF,ferro_like_J_negative
0.5222222222222223,5.196152422706632,0.0,3.0000000000000004,-1.7320508075688772,-1.7320508075688772,-1.7320508075688772,0.34641016151377546,36.0,81.0,4.775275814836385,0.05895402240538747,-2.093203479189761e-16,2.093203479189761e-16,-3.2034265038149176e-16,2.220446049250313e-16,0.9385322762107462,0.36803585247095083,0.22954436851168747,0.20846984600737045,3.0,-1.7320508075688772,1.7320508075688772,False,D_no_TF,ferro_like_J_negative
0.55,0.0,0.0,0.0,-1.7320508075688772,-1.7320508075688772,-1.7320508075688772,0.34641016151377546,0.0,0.0,0.0,,-5.551115123125783e-16,5.551115123125783e-16,-0.0,2.220446049250313e-16,2.5523507258292657,0.44788752189219594,0.44690362300754466,0.42476207161975194,0.0,-1.7320508075688772,1.7320508075688772,False,D_no_TF,ferro_like_J_negative
0.55,0.17320508075688773,0.0,0.1,-1.7320508075688772,-1.7320508075688772,-1.7320508075688772,0.34641016151377546,1.2,0.08999999999999998,0.0036821153277462556,0.04091239253051396,1.6017132519074588e-16,0.0,1.6017132519074588e-16,1.1102230246251565e-16,2.5392194260873624,0.4406334359946543,0.4455161757827918,0.43199042187975145,0.1,-1.7320508075688772,1.7320508075688772,False,D_no_TF,ferro_like_J_negative
0.55,0.4330127018922193,0.0,0.25,-1.7320508075688772,-1.7320508075688772,-1.7320508075688772,0.34641016151377546,2.9999999999999996,0.5624999999999998,0.049304571006940905,0.08765257067900609,-3.2034265038149176e-16,3.2034265038149176e-16,-3.2034265038149176e-16,3.3306690738754696e-16,2.506096224174451,0.43200986158615057,0.4414473478589404,0.42394997387500183,0.25,-1.7320508075688772,1.7320508075688772,False,D_no_TF,ferro_like_J_negative
0.55,0.8660254037844386,0.0,0.5,-1.7320508075688772,-1.7320508075688772,-1.7320508075688772,0.34641016151377546,5.999999999999999,2.249999999999999,0.3166217374551732,0.14072077220229925,-8.732179374639597e-17,8.732179374639597e-17,8.008566259537293e-16,5.551115123125783e-16,2.5503632226951765,0.4399254137487565,0.44560217333276975,0.4031964790163307,0.5,-1.7320508075688772,1.7320508075688772,False,D_no_TF,ferro_like_J_negative
0.55,1.299038105676658,0.0,0.7500000000000001,-1.7320508075688772,-1.7320508075688772,-1.7320508075688772,0.34641016151377546,9.0,5.0625,0.6547083772980247,0.12932511156504192,-1.195796813075562e-15,1.195796813075562e-15,-6.406853007629837e-16,-4.440892098500626e-16,2.4284525680081632,0.4679838894112096,0.42934128512297026,0.3714894008408936,0.75,-1.7320508075688772,1.7320508075688772,False,D_no_TF,ferro_like_J_negative
0.55,1.7320508075688772,0.0,1.0,-1.7320508075688772,-1.7320508075688772,-1.7320508075688772,0.34641016151377546,11.999999999999998,8.999999999999996,0.5578494356621202,0.06198327062912449,-6.534095577690387e-16,6.534095577690387e-16,-3.2034265038149176e-16,0.0,1.9021487265809762,0.43278992430904556,0.3631573873483294,0.3086721785661318,1.0,-1.7320508075688772,1.7320508075688772,False,D_no_TF,ferro_like_J_negative
0.55,2.598076211353316,0.0,1.5000000000000002,-1.7320508075688772,-1.7320508075688772,-1.7320508075688772,0.34641016151377546,18.0,20.25,0.6921977053342077,0.03418260273255346,-1.4108493968166328e-16,1.4108493968166328e-16,-6.406853007629837e-16,-8.881784197001252e-16,1.144330420969417,0.2893750089417551,0.2613644763073268,0.24514956577603048,1.5,-1.7320508075688772,1.7320508075688772,False,D_no_TF,ferro_like_J_negative
0.55,3.4641016151377544,0.0,2.0,-1.7320508075688772,-1.7320508075688772,-1.7320508075688772,0.34641016151377546,23.999999999999996,35.999999999999986,2.3188230083044297,0.06441175023067863,-5.551115123125783e-17,5.551115123125783e-17,-0.0,6.661338147750939e-16,0.9270722710123733,0.3705953404008121,0.22701114670082195,0.19851508441272536,2.0,-1.7320508075688772,1.7320508075688772,False,D_no_TF,ferro_like_J_negative
0.55,5.196152422706632,0.0,3.0000000000000004,-1.7320508075688772,-1.7320508075688772,-1.7320508075688772,0.34641016151377546,36.0,81.0,5.621924433710551,0.06940647449025372,-1.5380919668771828e-16,1.5380919668771828e-16,-3.2034265038149176e-16,-6.661338147750939e-16,1.0606403448725656,0.37324680710774993,0.24696351763660418,0.21683068379249879,3.0,-1.7320508075688772,1.7320508075688772,False,D_no_TF,ferro_like_J_negative
0.64,0.0,0.0,0.0,-1.7320508075688772,-1.7320508075688772,-1.7320508075688772,0.34641016151377546,0.0,0.0,0.0,,-5.551115123125783e-16,5.551115123125783e-16,-0.0,0.0,2.2412161447929995,0.4810508926061149,0.40910946954256283,0.39182236873994825,0.0,-1.7320508075688772,1.7320508075688772,False,D_no_TF,ferro_like_J_negative
0.64,0.17320508075688773,0.0,0.1,-1.7320508075688772,-1.7320508075688772,-1.7320508075688772,0.34641016151377546,1.2,0.08999999999999998,0.00899996100175569,0.09999956668617435,4.914902272823023e-17,0.0,1.6017132519074588e-16,3.3306690738754696e-16,2.1573069647960024,0.47991808751011483,0.3987607961169002,0.3856035438561027,0.1,-1.7320508075688772,1.7320508075688772,False,D_no_TF,ferro_like_J_negative
0.64,0.4330127018922193,0.0,0.25,-1.7320508075688772,-1.7320508075688772,-1.7320508075688772,0.34641016151377546,2.9999999999999996,0.5624999999999998,0.08288940224764062,0.14735893732913893,1.1830725560695063e-15,0.0,9.61027951144475e-16,0.0,2.164762847676914,0.4478330046979991,0.3996796214515931,0.38702189386748387,0.25,-1.7320508075688772,1.7320508075688772,False,D_no_TF,ferro_like_J_negative
0.64,0.8660254037844386,0.0,0.5,-1.7320508075688772,-1.7320508075688772,-1.7320508075688772,0.34641016151377546,5.999999999999999,2.249999999999999,0.39900114688463584,0.1773338430598382,4.440892098500626e-16,0.0,-0.0,-4.440892098500626e-16,2.4928873086264467,0.42500865161433954,0.4379478687809002,0.38705923625670113,0.5,-1.7320508075688772,1.7320508075688772,False,D_no_TF,ferro_like_J_negative
0.64,1.299038105676658,0.0,0.7500000000000001,-1.7320508075688772,-1.7320508075688772,-1.7320508075688772,0.34641016151377546,9.0,5.0625,0.5818598796589178,0.11493528487089735,-5.423872553065231e-16,5.423872553065231e-16,-3.2034265038149176e-16,3.3306690738754696e-16,2.251661168520906,0.4767833004025106,0.4045184232177735,0.32648550520474473,0.75,-1.7320508075688772,1.7320508075688772,False,D_no_TF,ferro_like_J_negative
0.64,1.7320508075688772,0.0,1.0,-1.7320508075688772,-1.7320508075688772,-1.7320508075688772,0.34641016151377546,11.999999999999998,8.999999999999996,0.10385654510806022,0.011539616123117807,7.644318602315544e-16,0.0,3.2034265038149176e-16,3.3306690738754696e-16,1.5745886344385451,0.4040586996410642,0.3197308677124808,0.26871410253584155,1.0,-1.7320508075688772,1.7320508075688772,False,D_no_TF,ferro_like_J_negative
0.64,2.598076211353316,0.0,1.5000000000000002,-1.7320508075688772,-1.7320508075688772,-1.7320508075688772,0.34641016151377546,18.0,20.25,0.5104750232698947,0.025208643124439243,-2.7755575615628914e-16,2.7755575615628914e-16,-0.0,1.1102230246251565e-16,1.1660852749791055,0.3813673584995645,0.26439854301738613,0.24246213050748455,1.5,-1.7320508075688772,1.7320508075688772,False,D_no_TF,ferro_like_J_negative
0.64,3.4641016151377544,0.0,2.0,-1.7320508075688772,-1.7320508075688772,-1.7320508075688772,0.34641016151377546,23.999999999999996,35.999999999999986,3.234484421765739,0.08984678949349278,6.233469205498913e-16,0.0,-3.2034265038149176e-16,0.0,1.064695311481316,0.40457534945501994,0.2455388997785862,0.1945597527661967,2.0,-1.7320508075688772,1.7320508075688772,False,D_no_TF,ferro_like_J_negative
0.64,5.196152422706632,0.0,3.0000000000000004,-1.7320508075688772,-1.7320508075688772,-1.7320508075688772,0.34641016151377546,36.0,81.0,1.3726715859254444,0.016946562789203017,-6.362128503027599e-18,6.362128503027599e-18,1.6017132519074588e-16,2.220446049250313e-16,1.0950371145716358,0.3894430410062151,0.25295672224098564,0.22596698661059475,3.0,-1.7320508075688772,1.7320508075688772,False,D_no_TF,ferro_like_J_negative
0.73,0.0,0.0,0.0,-1.7320508075688772,-1.7320508075688772,-1.7320508075688772,0.34641016151377546,0.0,0.0,0.0,,-3.4579116439360216e-16,3.4579116439360216e-16,3.2034265038149176e-16,-2.220446049250313e-16,1.551374452572661,0.4770078937803529,0.3198062599849332,0.30832374596716494,0.0,-1.7320508075688772,1.7320508075688772,False,D_no_TF,ferro_like_J_negative
0.73,0.17320508075688773,0.0,0.1,-1.7320508075688772,-1.7320508075688772,-1.7320508075688772,0.34641016151377546,1.2,0.08999999999999998,0.012738635348197472,0.1415403927577497,-1.6699486601447724e-15,1.6699486601447724e-15,-1.2813706015259676e-15,-8.881784197001252e-16,1.4355681706774095,0.4385207728317855,0.3038334129886202,0.2922238584702704,0.1,-1.7320508075688772,1.7320508075688772,False,D_no_TF,ferro_like_J_negative
0.73,0.4330127018922193,0.0,0.25,-1.7320508075688772,-1.7320508075688772,-1.7320508075688772,0.34641016151377546,2.9999999999999996,0.5624999999999998,0.10260064977130394,0.18240115514898486,-3.3306690738754696e-16,3.3306690738754696e-16,-0.0,-6.661338147750939e-16,1.7466607495234088,0.3635766786171458,0.3459586881726271,0.33185763964810555,0.25,-1.7320508075688772,1.7320508075688772,False,D_no_TF,ferro_like_J_negative
0.73,0.8660254037844386,0.0,0.5,-1.7320508075688772,-1.7320508075688772,-1.7320508075688772,0.34641016151377546,5.999999999999999,2.249999999999999,0.38723946084701444,0.1721064270431176,1.2449458358037919e-15,0.0,8.008566259537293e-16,1.1102230246251565e-15,2.430119470185046,0.41265409383030177,0.42766020712950503,0.35477574844762133,0.5,-1.7320508075688772,1.7320508075688772,False,D_no_TF,ferro_like_J_negative
0.73,1.299038105676658,0.0,0.7500000000000001,-1.7320508075688772,-1.7320508075688772,-1.7320508075688772,0.34641016151377546,9.0,5.0625,0.28912928020322065,0.057111956583352226,2.347688619310865e-16,0.0,-3.2034265038149176e-16,-8.881784197001252e-16,1.8139687097639503,0.45660577143703435,0.3415022458064069,0.24118281432510089,0.75,-1.7320508075688772,1.7320508075688772,False,D_no_TF,ferro_like_J_negative
0.73,1.7320508075688772,0.0,1.0,-1.7320508075688772,-1.7320508075688772,-1.7320508075688772,0.34641016151377546,11.999999999999998,8.999999999999996,0.44018766851392915,0.048909740945992146,-2.220446049250313e-16,2.220446049250313e-16,-0.0,1.1102230246251565e-16,1.3628352782429856,0.3980471763580001,0.29366980035121176,0.2851113035932914,1.0,-1.7320508075688772,1.7320508075688772,False,D_no_TF,ferro_like_J_negative
0.73,2.598076211353316,0.0,1.5000000000000002,-1.7320508075688772,-1.7320508075688772,-1.7320508075688772,0.34641016151377546,18.0,20.25,1.3895118492488228,0.06861786909870729,1.6335238944225967e-15,0.0,8.008566259537293e-16,-2.220446049250313e-16,1.109596586759692,0.41193738655645473,0.25470775653157013,0.2177984205875126,1.5,-1.7320508075688772,1.7320508075688772,False,D_no_TF,ferro_like_J_negative
0.73,3.4641016151377544,0.0,2.0,-1.7320508075688772,-1.7320508075688772,-1.7320508075688772,0.34641016151377546,23.999999999999996,35.999999999999986,1.2751719751574264,0.03542144375437297,-5.423872553065231e-16,5.423872553065231e-16,-3.2034265038149176e-16,-8.881784197001252e-16,1.605100083664888,0.4841713466577512,0.3269315427742569,0.31164432073232357,2.0,-1.7320508075688772,1.7320508075688772,False,D_no_TF,ferro_like_J_negative
0.73,5.196152422706632,0.0,3.0000000000000004,-1.7320508075688772,-1.7320508075688772,-1.7320508075688772,0.34641016151377546,36.0,81.0,6.471910337664215,0.07990012762548414,4.914902272823023e-17,0.0,1.6017132519074588e-16,1.1102230246251565e-16,1.2885189625319935,0.43755959076518713,0.2826546676522032,0.26338589589952377,3.0,-1.7320508075688772,1.7320508075688772,False,D_no_TF,ferro_like_J_negative
0.8200000000000001,0.0,0.0,0.0,-1.7320508075688772,-1.7320508075688772,-1.7320508075688772,0.34641016151377546,0.0,0.0,0.0,,1.4733525692318507e-15,0.0,6.406853007629834e-16,-2.220446049250313e-16,0.6046609975511217,0.31874617917236897,0.17442340936833023,0.16882701816508072,0.0,-1.7320508075688772,1.7320508075688772,False,D_no_TF,ferro_like_J_negative
0.8200000000000001,0.17320508075688773,0.0,0.1,-1.7320508075688772,-1.7320508075688772,-1.7320508075688772,0.34641016151377546,1.2,0.08999999999999998,0.013749510917929546,0.15277234353255054,-6.961964519942416e-16,6.961964519942416e-16,-6.406853007629837e-16,0.0,0.661427727461168,0.23982574543361307,0.18456929417933937,0.17946965880885798,0.1,-1.7320508075688772,1.7320508075688772,False,D_no_TF,ferro_like_J_negative
0.8200000000000001,0.4330127018922193,0.0,0.25,-1.7320508075688772,-1.7320508075688772,-1.7320508075688772,0.34641016151377546,2.9999999999999996,0.5624999999999998,0.10170650866943615,0.18081157096788655,-3.3306690738754696e-16,3.3306690738754696e-16,-0.0,-8.881784197001252e-16,1.6102900506912559,0.2176701812582779,0.3268535224901427,0.2959442355255974,0.25,-1.7320508075688772,1.7320508075688772,False,D_no_TF,ferro_like_J_negative
0.8200000000000001,0.8660254037844386,0.0,0.5,-1.7320508075688772,-1.7320508075688772,-1.7320508075688772,0.34641016151377546,5.999999999999999,2.249999999999999,0.2777208230678809,0.12343147691905822,-1.195796813075562e-15,1.195796813075562e-15,-6.406853007629837e-16,-4.440892098500626e-16,2.210690205931797,0.45790342778565885,0.39359049653961015,0.28948581551998176,0.5,-1.7320508075688772,1.7320508075688772,False,D_no_TF,ferro_like_J_negative
0.8200000000000001,1.299038105676658,0.0,0.7500000000000001,-1.7320508075688772,-1.7320508075688772,-1.7320508075688772,0.34641016151377546,9.0,5.0625,0.11840554419557912,0.02338874947073168,5.551115123125783e-16,0.0,-0.0,-6.661338147750939e-16,1.2976001267725827,0.3886065022914696,0.26993026611542176,0.18037791373483233,0.75,-1.7320508075688772,1.7320508075688772,False,D_no_TF,ferro_like_J_negative
0.8200000000000001,1.7320508075688772,0.0,1.0,-1.7320508075688772,-1.7320508075688772,-1.7320508075688772,0.34641016151377546,11.999999999999998,8.999999999999996,0.6372534270265725,0.07080593633628586,-1.2385837073007647e-15,1.2385837073007647e-15,-9.610279511444756e-16,-6.661338147750939e-16,1.3628821527430366,0.3877199677941097,0.291984178702054,0.27163887313948454,1.0,-1.7320508075688772,1.7320508075688772,False,D_no_TF,ferro_like_J_negative
0.8200000000000001,2.598076211353316,0.0,1.5000000000000002,-1.7320508075688772,-1.7320508075688772,-1.7320508075688772,0.34641016151377546,18.0,20.25,2.3751967356413215,0.11729366595759612,4.186406958379521e-16,0.0,6.406853007629834e-16,1.4432899320127035e-15,1.4156297019379473,0.4328456288393311,0.2887450320717839,0.20134485152957127,1.5,-1.7320508075688772,1.7320508075688772,False,D_no_TF,ferro_like_J_negative
0.8200000000000001,3.4641016151377544,0.0,2.0,-1.7320508075688772,-1.7320508075688772,-1.7320508075688772,0.34641016151377546,23.999999999999996,35.999999999999986,1.9083235822577937,0.053008988396049846,5.915362780347533e-16,0.0,4.805139755722376e-16,1.1102230246251565e-16,1.7771265578039614,0.46360004568025504,0.3498193612109511,0.33153500483363274,2.0,-1.7320508075688772,1.7320508075688772,False,D_no_TF,ferro_like_J_negative
0.8200000000000001,5.196152422706632,0.0,3.0000000000000004,-1.7320508075688772,-1.7320508075688772,-1.7320508075688772,0.34641016151377546,36.0,81.0,2.8739027529657757,0.035480280900812046,0.0,0.0,-0.0,-4.440892098500626e-16,1.7323924530618848,0.49592484238085155,0.344195395384778,0.33509294643758125,3.0,-1.7320508075688772,1.7320508075688772,False,D_no_TF,ferro_like_J_negative
0.91,0.0,0.0,0.0,-1.7320508075688772,-1.7320508075688772,-1.7320508075688772,0.34641016151377546,0.0,0.0,0.0,,9.146676170234085e-16,0.0,1.6017132519074588e-16,-2.220446049250313e-16,0.001991591191326871,0.013588553911674931,0.006438310277450271,0.0062393847728127285,0.0,-1.7320508075688772,1.7320508075688772,False,D_no_TF,ferro_like_J_negative
0.91,0.17320508075688773,0.0,0.1,-1.7320508075688772,-1.7320508075688772,-1.7320508075688772,0.34641016151377546,1.2,0.08999999999999998,0.011889584518114085,0.13210649464571209,-1.1125300862286753e-15,1.1125300862286753e-15,-6.406853007629837e-16,-2.220446049250313e-16,0.5851388007050916,0.17994448752577172,0.17045826050888196,0.1562019547114441,0.1,-1.7320508075688772,1.7320508075688772,False,D_no_TF,ferro_like_J_negative
0.91,0.4330127018922193,0.0,0.25,-1.7320508075688772,-1.7320508075688772,-1.7320508075688772,0.34641016151377546,2.9999999999999996,0.5624999999999998,0.08157107274744699,0.14501524043990582,-6.406853007629837e-16,6.406853007629837e-16,-6.406853007629837e-16,-2.220446049250313e-16,1.8931831932279308,0.40323791882030297,0.36287280555852086,0.31482901353881976,0.25,-1.7320508075688772,1.7320508075688772,False,D_no_TF,ferro_like_J_negative
0.91,0.8660254037844386,0.0,0.5,-1.7320508075688772,-1.7320508075688772,-1.7320508075688772,0.34641016151377546,5.999999999999999,2.249999999999999,0.11855680584406583,0.052691913708473724,5.423872553065231e-16,0.0,3.2034265038149176e-16,4.440892098500626e-16,1.6943176636048736,0.43764237807471623,0.3146193262387226,0.19168629582271857,0.5,-1.7320508075688772,1.7320508075688772,False,D_no_TF,ferro_like_J_negative
0.91,1.299038105676658,0.0,0.7500000000000001,-1.7320508075688772,-1.7320508075688772,-1.7320508075688772,0.34641016151377546,9.0,5.0625,0.3901732855227766,0.07707126627610401,-3.885780586188048e-16,3.885780586188048e-16,-0.0,1.1102230246251565e-16,1.1578760176295486,0.41400261478911554,0.26398590295554086,0.2556144211472355,0.75,-1.7320508075688772,1.7320508075688772,False,D_no_TF,ferro_like_J_negative
0.91,1.7320508075688772,0.0,1.0,-1.7320508075688772,-1.7320508075688772,-1.7320508075688772,0.34641016151377546,11.999999999999998,8.999999999999996,0.328548319403769,0.036505368822641014,-9.829804545646046e-17,9.829804545646046e-17,-3.2034265038149176e-16,-4.440892098500626e-16,1.3767582252885824,0.4422121966641732,0.2951366751776678,0.28212133550074037,1.0,-1.7320508075688772,1.7320508075688772,False,D_no_TF,ferro_like_J_negative
0.91,2.598076211353316,0.0,1.5000000000000002,-1.7320508075688772,-1.7320508075688772,-1.7320508075688772,0.34641016151377546,18.0,20.25,2.0021313901697324,0.09887068593430777,-5.296629983004681e-16,5.296629983004681e-16,-6.406853007629837e-16,4.440892098500626e-16,1.8940021031000391,0.47429734245577804,0.3581486263521616,0.28006954079941976,1.5,-1.7320508075688772,1.7320508075688772,False,D_no_TF,ferro_like_J_negative
0.91,3.4641016151377544,0.0,2.0,-1.7320508075688772,-1.7320508075688772,-1.7320508075688772,0.34641016151377546,23.999999999999996,35.999999999999986,1.8970844673719889,0.05269679076033305,6.534095577690387e-16,0.0,3.2034265038149176e-16,1.1102230246251565e-16,1.5021110918753064,0.3983293885491651,0.3130671859579916,0.3044123077553884,2.0,-1.7320508075688772,1.7320508075688772,False,D_no_TF,ferro_like_J_negative
0.91,5.196152422706632,0.0,3.0000000000000004,-1.7320508075688772,-1.7320508075688772,-1.7320508075688772,0.34641016151377546,36.0,81.0,2.8061383833494147,0.0346436837450545,1.343243881260252e-15,0.0,1.1211992763352207e-15,1.3322676295501878e-15,1.4345639687355827,0.3843593816111251,0.302451429065789,0.2695708914058367,3.0,-1.7320508075688772,1.7320508075688772,False,D_no_TF,ferro_like_J_negative
1.0,0.0,0.0,0.0,-1.7320508075688772,-1.7320508075688772,-1.7320508075688772,0.34641016151377546,0.0,0.0,0.0,,-3.6718461150620347e-16,3.6718461150620347e-16,1.6017132519074588e-16,0.0,0.6693638282588821,0.3356245980700948,0.1859360808792819,0.17993735887762707,0.0,-1.7320508075688772,1.7320508075688772,False,D_no_TF,ferro_like_J_negative
1.0,0.17320508075688773,0.0,0.1,-1.7320508075688772,-1.7320508075688772,-1.7320508075688772,0.34641016151377546,1.2,0.08999999999999998,0.007991628331939612,0.08879587035488459,3.7123967840571226e-16,0.0,-9.610279511444756e-16,-8.881784197001252e-16,1.3333835791652433,0.4244993397217024,0.28920479221212536,0.2726833731903639,0.1,-1.7320508075688772,1.7320508075688772,False,D_no_TF,ferro_like_J_negative
1.0,0.4330127018922193,0.0,0.25,-1.7320508075688772,-1.7320508075688772,-1.7320508075688772,0.34641016151377546,2.9999999999999996,0.5624999999999998,0.051671226335591944,0.09185995792994127,-1.1102230246251565e-16,1.1102230246251565e-16,-0.0,2.220446049250313e-16,2.2613813866872503,0.5167281989958522,0.4096077639026672,0.3602199282669139,0.25,-1.7320508075688772,1.7320508075688772,False,D_no_TF,ferro_like_J_negative
1.0,0.8660254037844386,0.0,0.5,-1.7320508075688772,-1.7320508075688772,-1.7320508075688772,0.34641016151377546,5.999999999999999,2.249999999999999,0.0749308928251614,0.033302619033405076,-6.406853007629837e-16,6.406853007629837e-16,-6.406853007629837e-16,-4.440892098500626e-16,1.1775436380090325,0.332062803342447,0.25154176477133017,0.16340281727442857,0.5,-1.7320508075688772,1.7320508075688772,False,D_no_TF,ferro_like_J_negative
1.0,1.299038105676658,0.0,0.7500000000000001,-1.7320508075688772,-1.7320508075688772,-1.7320508075688772,0.34641016151377546,9.0,5.0625,0.4006477865880705,0.07914030352356947,1.417841418000593e-15,0.0,6.406853007629834e-16,6.661338147750939e-16,1.402704497853523,0.4076782282248278,0.29674439141941067,0.27085165855158566,0.75,-1.7320508075688772,1.7320508075688772,False,D_no_TF,ferro_like_J_negative
1.0,1.7320508075688772,0.0,1.0,-1.7320508075688772,-1.7320508075688772,-1.7320508075688772,0.34641016151377546,11.999999999999998,8.999999999999996,0.521393977487211,0.05793266416524569,5.551115123125783e-16,0.0,-0.0,-6.661338147750939e-16,1.4136760669224622,0.44472627830719186,0.2944465626983338,0.22805763647110655,1.0,-1.7320508075688772,1.7320508075688772,False,D_no_TF,ferro_like_J_negative
1.0,2.598076211353316,0.0,1.5000000000000002,-1.7320508075688772,-1.7320508075688772,-1.7320508075688772,0.34641016151377546,18.0,20.25,0.40062725827678963,0.019784062137125413,-9.829804545646046e-17,9.829804545646046e-17,-3.2034265038149176e-16,0.0,2.027906048415095,0.49665837170941796,0.38028509291583645,0.3348606709831452,1.5,-1.7320508075688772,1.7320508075688772,False,D_no_TF,ferro_like_J_negative
1.0,3.4641016151377544,0.0,2.0,-1.7320508075688772,-1.7320508075688772,-1.7320508075688772,0.34641016151377546,23.999999999999996,35.999999999999986,1.6965144267954861,0.047125400744319076,-5.16938741294413e-16,5.16938741294413e-16,-9.610279511444756e-16,-1.5543122344752192e-15,1.4198937069239315,0.35205143466318817,0.2870979237175731,0.19347149591055823,2.0,-1.7320508075688772,1.7320508075688772,False,D_no_TF,ferro_like_J_negative
1.0,5.196152422706632,0.0,3.0000000000000004,-1.7320508075688772,-1.7320508075688772,-1.7320508075688772,0.34641016151377546,36.0,81.0,7.066816920336121,0.08724465333748298,-1.2813706015259676e-15,1.2813706015259676e-15,-1.2813706015259676e-15,-1.3322676295501878e-15,1.514314874411005,0.37782370479872024,0.29191738563996616,0.17794467217811122,3.0,-1.7320508075688772,1.7320508075688772,False,D_no_TF,ferro_like_J_negative
0.02,0.0,0.0,0.0,1.7320508075688772,1.7320508075688772,1.7320508075688772,0.34641016151377546,0.0,0.0,0.0,,2.7292392385590033e-16,0.0,6.406853007629834e-16,0.0,0.05491839638053364,0.0852688426866633,0.0414597837894695,0.04017626283314396,0.0,1.7320508075688772,1.7320508075688772,False,D_no_TF,anti_like_J_positive
0.02,0.17320508075688773,0.0,0.1,1.7320508075688772,1.7320508075688772,1.7320508075688772,0.34641016151377546,1.2,0.08999999999999998,0.0075047455805598885,0.08338606200622099,-6.591949208711867e-16,6.591949208711867e-16,-0.0,0.0,0.05505482056120693,0.08539037151445679,0.041519854207534596,0.04026072802809078,0.1,1.7320508075688772,1.7320508075688772,False,D_no_TF,anti_like_J_positive
0.02,0.4330127018922193,0.0,0.25,1.7320508075688772,1.7320508075688772,1.7320508075688772,0.34641016151377546,2.9999999999999996,0.5624999999999998,0.04779609102230462,0.08497082848409714,8.852857381490513e-16,0.0,1.6017132519074588e-16,0.0,0.05525601807703114,0.08556927581646875,0.04160831654362826,0.04038575056786915,0.25,1.7320508075688772,1.7320508075688772,False,D_no_TF,anti_like_J_positive
0.02,0.8660254037844386,0.0,0.5,1.7320508075688772,1.7320508075688772,1.7320508075688772,0.34641016151377546,5.999999999999999,2.249999999999999,0.19709208354259047,0.08759648157448469,-1.4878159769872208e-15,1.4878159769872208e-15,1.6017132519074588e-16,0.0,0.05558207596634102,0.08585837344189555,0.04175134975854768,0.04058961868091476,0.5,1.7320508075688772,1.7320508075688772,False,D_no_TF,anti_like_J_positive
0.02,1.299038105676658,0.0,0.7500000000000001,1.7320508075688772,1.7320508075688772,1.7320508075688772,0.34641016151377546,9.0,5.0625,0.4566372659733644,0.09019995377251643,5.320408962773911e-17,0.0,-6.406853007629837e-16,-4.440892098500626e-16,0.05589638419694738,0.08613606466301099,0.04188884344600983,0.040787801880789426,0.75,1.7320508075688772,1.7320508075688772,False,D_no_TF,anti_like_J_positive
0.02,1.7320508075688772,0.0,1.0,1.7320508075688772,1.7320508075688772,1.7320508075688772,0.34641016151377546,11.999999999999998,8.999999999999996,0.8350038870947981,0.09277820967719982,-4.278955058920538e-16,4.278955058920538e-16,-3.2034265038149176e-16,1.1102230246251565e-16,0.056198763296088895,0.08640228213755174,0.042020759296520514,0.04098023671474319,1.0,1.7320508075688772,1.7320508075688772,False,D_no_TF,anti_like_J_positive
0.02,2.598076211353316,0.0,1.5000000000000002,1.7320508075688772,1.7320508075688772,1.7320508075688772,0.34641016151377546,18.0,20.25,1.9814033251317613,0.0978470777842845,-2.4297663971692893e-15,2.4297663971692893e-15,-3.2034265038149176e-16,-2.220446049250313e-16,0.05676704908960159,0.08690004443756746,0.04226771279037772,0.041347616981751045,1.5,1.7320508075688772,1.7320508075688772,False,D_no_TF,anti_like_J_positive
0.02,3.4641016151377544,0.0,2.0,1.7320508075688772,1.7320508075688772,1.7320508075688772,0.34641016151377546,23.999999999999996,35.999999999999986,3.7000598331782992,0.10277943981050836,-3.2254232799684263e-15,3.2254232799684263e-15,-6.406853007629837e-16,0.0,0.057285631291424784,0.08735119378581127,0.04249193825257351,0.041691290600193644,2.0,1.7320508075688772,1.7320508075688772,False,D_no_TF,anti_like_J_positive
0.02,5.196152422706632,0.0,3.0000000000000004,1.7320508075688772,1.7320508075688772,1.7320508075688772,0.34641016151377546,36.0,81.0,9.083608417183832,0.11214331379239299,-7.042977312465837e-16,7.042977312465837e-16,-0.0,0.0,0.05816904158519273,0.08811208023898026,0.04287125933691676,0.042305807077953936,3.0,1.7320508075688772,1.7320508075688772,False,D_no_TF,anti_like_J_positive
0.04,0.0,0.0,0.0,1.7320508075688772,1.7320508075688772,1.7320508075688772,0.34641016151377546,0.0,0.0,0.0,,1.5496804021748302e-15,0.0,6.406853007629834e-16,1.1102230246251565e-16,0.1773843249458343,0.16417026372511856,0.08247014508034857,0.07990151289326178,0.0,1.7320508075688772,1.7320508075688772,False,D_no_TF,anti_like_J_positive
0.04,0.17320508075688773,0.0,0.1,1.7320508075688772,1.7320508075688772,1.7320508075688772,0.34641016151377546,1.2,0.08999999999999998,0.008281778393754484,0.09201975993060539,1.4779844015322396e-15,0.0,-0.0,-2.220446049250313e-16,0.17826396896728466,0.16464116998914263,0.08271629778599984,0.0802474657789863,0.1,1.7320508075688772,1.7320508075688772,False,D_no_TF,anti_like_J_positive
0.04,0.4330127018922193,0.0,0.25,1.7320508075688772,1.7320508075688772,1.7320508075688772,0.34641016151377546,2.9999999999999996,0.5624999999999998,0.053571665115930645,0.09523851576165451,2.5962290144896545e-16,0.0,8.008566259537293e-16,0.0,0.17954082795506351,0.1653220116034368,0.08307263048129553,0.08075325549365422,0.25,1.7320508075688772,1.7320508075688772,False,D_no_TF,anti_like_J_positive
0.04,0.8660254037844386,0.0,0.5,1.7320508075688772,1.7320508075688772,1.7320508075688772,0.34641016151377546,5.999999999999999,2.249999999999999,0.22616067635247508,0.10051585615665563,3.2843507508715815e-16,0.0,6.406853007629834e-16,0.0,0.1815528924103808,0.16638814770266241,0.0836317795094842,0.08156062052524071,0.5,1.7320508075688772,1.7320508075688772,False,D_no_TF,anti_like_J_positive
0.04,1.299038105676658,0.0,0.7500000000000001,1.7320508075688772,1.7320508075688772,1.7320508075688772,0.34641016151377546,9.0,5.0625,0.5349199447868209,0.10566319897023624,2.995259686697701e-16,0.0,3.2034265038149176e-16,-2.220446049250313e-16,0.18341618198741128,0.1673677056454965,0.08414697207746515,0.0823225592605077,0.75,1.7320508075688772,1.7320508075688772,False,D_no_TF,anti_like_J_positive
0.04,1.7320508075688772,0.0,1.0,1.7320508075688772,1.7320508075688772,1.7320508075688772,0.34641016151377546,11.999999999999998,8.999999999999996,0.9959123273224588,0.11065692525805103,2.347688619310865e-16,0.0,-3.2034265038149176e-16,0.0,0.1851266664203843,0.16825982723197655,0.08461764055710085,0.08303808188567025,1.0,1.7320508075688772,1.7320508075688772,False,D_no_TF,anti_like_J_positive
0.04,2.598076211353316,0.0,1.5000000000000002,1.7320508075688772,1.7320508075688772,1.7320508075688772,0.34641016151377546,18.0,20.25,2.43187591537775,0.12009263779643209,-1.700029006457271e-15,1.700029006457271e-15,-0.0,2.220446049250313e-16,0.18807471380296514,0.16977887650720297,0.08542340587628836,0.08432623457819764,1.5,1.7320508075688772,1.7320508075688772,False,D_no_TF,anti_like_J_positive
0.04,3.4641016151377544,0.0,2.0,1.7320508075688772,1.7320508075688772,1.7320508075688772,0.34641016151377546,23.999999999999996,35.999999999999986,4.631395816809939,0.12864988380027614,2.0966994897817423e-15,0.0,3.2034265038149176e-16,0.0,0.1903714316539329,0.17094063039955937,0.08604563663738601,0.08479419632197979,2.0,1.7320508075688772,1.7320508075688772,False,D_no_TF,anti_like_J_positive
0.04,5.196152422706632,0.0,3.0000000000000004,1.7320508075688772,1.7320508075688772,1.7320508075688772,0.34641016151377546,36.0,81.0,11.544137130015706,0.14252021148167537,1.065129068796435e-15,0.0,-9.610279511444756e-16,-4.440892098500626e-16,0.1929372885811873,0.17218241058406164,0.08673035657870712,0.0846350417882184,3.0,1.7320508075688772,1.7320508075688772,False,D_no_TF,anti_like_J_positive
0.06,0.0,0.0,0.0,1.7320508075688772,1.7320508075688772,1.7320508075688772,0.34641016151377546,0.0,0.0,0.0,,-3.4579116439360216e-16,3.4579116439360216e-16,3.2034265038149176e-16,2.220446049250313e-16,0.34205274067886077,0.23567421061696203,0.12259210293666704,0.11873528915138785,0.0,1.7320508075688772,1.7320508075688772,False,D_no_TF,anti_like_J_positive
0.06,0.17320508075688773,0.0,0.1,1.7320508075688772,1.7320508075688772,1.7320508075688772,0.34641016151377546,1.2,0.08999999999999998,0.008922514467463068,0.09913904963847855,7.621247986280359e-16,0.0,-3.2034265038149176e-16,0.0,0.34460521881682377,0.2366915498444933,0.12315582606891967,0.1195288985736867,0.1,1.7320508075688772,1.7320508075688772,False,D_no_TF,anti_like_J_positive
0.06,0.4330127018922193,0.0,0.25,1.7320508075688772,1.7320508075688772,1.7320508075688772,0.34641016151377546,2.9999999999999996,0.5624999999999998,0.058508301556970656,0.10401475832350343,3.319133765857877e-16,0.0,-3.2034265038149176e-16,2.220446049250313e-16,0.3482562355419029,0.2381366077699451,0.12395901876315281,0.1206760875184099,0.25,1.7320508075688772,1.7320508075688772,False,D_no_TF,anti_like_J_positive
0.06,0.8660254037844386,0.0,0.5,1.7320508075688772,1.7320508075688772,1.7320508075688772,0.34641016151377546,5.999999999999999,2.249999999999999,0.2517568095188118,0.11189191534169418,-3.2034265038149176e-16,3.2034265038149176e-16,-3.2034265038149176e-16,-4.440892098500626e-16,0.35385262313415317,0.24032672809075933,0.12518287953880564,0.12246980958420241,0.5,1.7320508075688772,1.7320508075688772,False,D_no_TF,anti_like_J_positive
0.06,1.299038105676658,0.0,0.7500000000000001,1.7320508075688772,1.7320508075688772,1.7320508075688772,0.34641016151377546,9.0,5.0625,0.6044056074127311,0.11938876195807034,-1.6826729171508273e-15,1.6826729171508273e-15,-9.610279511444756e-16,0.0,0.35881592089557846,0.24224051648383468,0.12626064848236465,0.12411111571946436,0.75,1.7320508075688772,1.7320508075688772,False,D_no_TF,anti_like_J_positive
0.06,1.7320508075688772,0.0,1.0,1.7320508075688772,1.7320508075688772,1.7320508075688772,0.34641016151377546,11.999999999999998,8.999999999999996,1.137862459511858,0.12642916216798428,-1.488383887841425e-15,1.488383887841425e-15,-9.610279511444756e-16,-2.220446049250313e-16,0.3631229270980919,0.2438747273600516,0.1271896732979008,0.12559511381562263,1.0,1.7320508075688772,1.7320508075688772,False,D_no_TF,anti_like_J_positive
0.06,2.598076211353316,0.0,1.5000000000000002,1.7320508075688772,1.7320508075688772,1.7320508075688772,0.34641016151377546,18.0,20.25,2.8119162646150127,0.13886006245012408,-1.817990202823694e-15,1.817990202823694e-15,-0.0,0.0,0.36969024486138913,0.2462955017248896,0.12859289868450235,0.12629981413377533,1.5,1.7320508075688772,1.7320508075688772,False,D_no_TF,anti_like_J_positive
0.06,3.4641016151377544,0.0,2.0,1.7320508075688772,1.7320508075688772,1.7320508075688772,0.34641016151377546,23.999999999999996,35.999999999999986,5.35254120199437,0.14868170005539924,1.7572704538911676e-15,0.0,4.805139755722376e-16,2.220446049250313e-16,0.3734310662861816,0.24757924843960563,0.1293795790893911,0.1261315212200143,2.0,1.7320508075688772,1.7320508075688772,False,D_no_TF,anti_like_J_positive
0.06,5.196152422706632,0.0,3.0000000000000004,1.7320508075688772,1.7320508075688772,1.7320508075688772,0.34641016151377546,36.0,81.0,12.88219389168154,0.15903943076150048,5.551115123125783e-16,0.0,-0.0,0.0,0.37221226881716907,0.24675773031078246,0.12908613278930162,0.12428016656599046,3.0,1.7320508075688772,1.7320508075688772,False,D_no_TF,anti_like_J_positive
0.08,0.0,0.0,0.0,1.7320508075688772,1.7320508075688772,1.7320508075688772,0.34641016151377546,0.0,0.0,0.0,,1.6017132519074588e-16,0.0,1.6017132519074588e-16,0.0,0.5341276748914983,0.29894633597728293,0.16140734689729616,0.15625802819318235,0.0,1.7320508075688772,1.7320508075688772,False,D_no_TF,anti_like_J_positive
0.08,0.17320508075688773,0.0,0.1,1.7320508075688772,1.7320508075688772,1.7320508075688772,0.34641016151377546,1.2,0.08999999999999998,0.009415442642280137,0.1046160293586682,9.928385936596133e-16,0.0,1.6017132519074588e-16,-4.440892098500626e-16,0.5394664410434391,0.300661422442864,0.16242069344686852,0.15768985136095973,0.1,1.7320508075688772,1.7320508075688772,False,D_no_TF,anti_like_J_positive
0.08,0.4330127018922193,0.0,0.25,1.7320508075688772,1.7320508075688772,1.7320508075688772,0.34641016151377546,2.9999999999999996,0.5624999999999998,0.062518444062346,0.11114390055528181,1.3877787807814457e-16,0.0,-0.0,2.220446049250313e-16,0.5470006523434633,0.3030540146413568,0.16384355706330264,0.15973829141975215,0.25,1.7320508075688772,1.7320508075688772,False,D_no_TF,anti_like_J_positive
0.08,0.8660254037844386,0.0,0.5,1.7320508075688772,1.7320508075688772,1.7320508075688772,0.34641016151377546,5.999999999999999,2.249999999999999,0.2733609243806727,0.12149374416918793,-1.0847745106130463e-15,1.0847745106130463e-15,-6.406853007629837e-16,-2.220446049250313e-16,0.5582418672708204,0.3065551858957011,0.1659504504057844,0.1628779084256012,0.5,1.7320508075688772,1.7320508075688772,False,D_no_TF,anti_like_J_positive
0.08,1.299038105676658,0.0,0.7500000000000001,1.7320508075688772,1.7320508075688772,1.7320508075688772,0.34641016151377546,9.0,5.0625,0.663303647746023,0.13102294276464652,-3.2034265038149176e-16,3.2034265038149176e-16,-3.2034265038149176e-16,-2.220446049250313e-16,0.5677616059723056,0.3094401131667588,0.1677187424369185,0.1656598707735438,0.75,1.7320508075688772,1.7320508075688772,False,D_no_TF,anti_like_J_positive
0.08,1.7320508075688772,0.0,1.0,1.7320508075688772,1.7320508075688772,1.7320508075688772,0.34641016151377546,11.999999999999998,8.999999999999996,1.2560620385754218,0.13956244873060247,1.0205941692752423e-15,0.0,1.6017132519074588e-16,1.1102230246251565e-16,0.5754829155383456,0.31170249251298293,0.16914069635536452,0.16643406293079968,1.0,1.7320508075688772,1.7320508075688772,False,D_no_TF,anti_like_J_positive
0.08,2.598076211353316,0.0,1.5000000000000002,1.7320508075688772,1.7320508075688772,1.7320508075688772,0.34641016151377546,18.0,20.25,3.1000427074509522,0.15308852876301,1.2339695840937273e-15,0.0,-3.2034265038149176e-16,0.0,0.5852927460380445,0.3143511277293434,0.17092289297830948,0.16645329450963456,1.5,1.7320508075688772,1.7320508075688772,False,D_no_TF,anti_like_J_positive
0.08,3.4641016151377544,0.0,2.0,1.7320508075688772,1.7320508075688772,1.7320508075688772,0.34641016151377546,23.999999999999996,35.999999999999986,5.800532185615764,0.1611258940448824,-2.6483149915023394e-16,2.6483149915023394e-16,-3.2034265038149176e-16,-8.881784197001252e-16,0.5873491390770149,0.3145153608869854,0.17126899505928897,0.16531690818493608,2.0,1.7320508075688772,1.7320508075688772,False,D_no_TF,anti_like_J_positive
0.08,5.196152422706632,0.0,3.0000000000000004,1.7320508075688772,1.7320508075688772,1.7320508075688772,0.34641016151377546,36.0,81.0,12.878089607784778,0.15898876058993552,4.718447854656915e-16,0.0,-0.0,0.0,0.5682086692155612,0.30766293135099204,0.16768352885226803,0.1597661026348305,3.0,1.7320508075688772,1.7320508075688772,False,D_no_TF,anti_like_J_positive
0.1,0.0,0.0,0.0,1.7320508075688772,1.7320508075688772,1.7320508075688772,0.34641016151377546,0.0,0.0,0.0,,9.864764651565858e-16,0.0,3.2034265038149176e-16,0.0,0.7424888219508774,0.3533732528211757,0.1985280404272773,0.1920809982018899,0.0,1.7320508075688772,1.7320508075688772,False,D_no_TF,anti_like_J_positive
0.1,0.17320508075688773,0.0,0.1,1.7320508075688772,1.7320508075688772,1.7320508075688772,0.34641016151377546,1.2,0.08999999999999998,0.009752225273876838,0.10835805859863155,4.718447854656915e-16,0.0,-0.0,0.0,0.7518069301741135,0.35587223029846504,0.20011828721687025,0.19434038274621276,0.1,1.7320508075688772,1.7320508075688772,False,D_no_TF,anti_like_J_positive
0.1,0.4330127018922193,0.0,0.25,1.7320508075688772,1.7320508075688772,1.7320508075688772,0.34641016151377546,2.9999999999999996,0.5624999999999998,0.06553395767396372,0.11650481364260222,-1.2724257006055198e-17,1.2724257006055198e-17,3.2034265038149176e-16,2.220446049250313e-16,0.764796869539319,0.3592915228397098,0.20232153966210498,0.19754257731702163,0.25,1.7320508075688772,1.7320508075688772,False,D_no_TF,anti_like_J_positive
0.1,0.8660254037844386,0.0,0.5,1.7320508075688772,1.7320508075688772,1.7320508075688772,0.34641016151377546,5.999999999999999,2.249999999999999,0.2905428672885096,0.12913016323933765,1.27675647831893e-15,0.0,-0.0,0.0,0.7836788542245956,0.3641011613724977,0.20549481399718167,0.20235708720955128,0.5,1.7320508075688772,1.7320508075688772,False,D_no_TF,anti_like_J_positive
0.1,1.299038105676658,0.0,0.7500000000000001,1.7320508075688772,1.7320508075688772,1.7320508075688772,0.34641016151377546,9.0,5.0625,0.710112866028878,0.14026920810446974,7.771561172376096e-16,0.0,-0.0,0.0,0.7989048920872955,0.3677878634759104,0.20802590188470177,0.20481965582638983,0.75,1.7320508075688772,1.7320508075688772,False,D_no_TF,anti_like_J_positive
0.1,1.7320508075688772,0.0,1.0,1.7320508075688772,1.7320508075688772,1.7320508075688772,0.34641016151377546,11.999999999999998,8.999999999999996,1.3465730204243538,0.14961922449159493,3.885780586188048e-16,0.0,-0.0,2.220446049250313e-16,0.8102853633158065,0.3703478891153447,0.20989731744534842,0.205224712163692,1.0,1.7320508075688772,1.7320508075688772,False,D_no_TF,anti_like_J_positive
0.1,2.598076211353316,0.0,1.5000000000000002,1.7320508075688772,1.7320508075688772,1.7320508075688772,0.34641016151377546,18.0,20.25,3.280528748435156,0.16200141967581017,-3.2034265038149176e-16,3.2034265038149176e-16,-3.2034265038149176e-16,0.0,0.8209787667761044,0.3721211924135427,0.21161548416769843,0.20441897062954273,1.5,1.7320508075688772,1.7320508075688772,False,D_no_TF,anti_like_J_positive
0.1,3.4641016151377544,0.0,2.0,1.7320508075688772,1.7320508075688772,1.7320508075688772,0.34641016151377546,23.999999999999996,35.999999999999986,5.939499527417405,0.1649860979838169,-1.0419876163878436e-15,1.0419876163878436e-15,-3.2034265038149176e-16,0.0,0.8151986567307743,0.3695676648137499,0.21060953518967424,0.20154307323974044,2.0,1.7320508075688772,1.7320508075688772,False,D_no_TF,anti_like_J_positive
0.1,5.196152422706632,0.0,3.0000000000000004,1.7320508075688772,1.7320508075688772,1.7320508075688772,0.34641016151377546,36.0,81.0,11.577714352945893,0.14293474509809745,1.4797146977348785e-15,0.0,4.805139755722376e-16,5.551115123125783e-16,0.7561916408379986,0.35250755290840313,0.2006885294729977,0.18998004102377233,3.0,1.7320508075688772,1.7320508075688772,False,D_no_TF,anti_like_J_positive
0.14,0.0,0.0,0.0,1.7320508075688772,1.7320508075688772,1.7320508075688772,0.34641016151377546,0.0,0.0,0.0,,6.597716862720664e-16,0.0,1.6017132519074588e-16,-2.220446049250313e-16,1.1736967286865487,0.4344747144531591,0.2663409325739185,0.2572819266613616,0.0,1.7320508075688772,1.7320508075688772,False,D_no_TF,anti_like_J_positive
0.14,0.17320508075688773,0.0,0.1,1.7320508075688772,1.7320508075688772,1.7320508075688772,0.34641016151377546,1.2,0.08999999999999998,0.00994022023355196,0.1104468914839107,-1.208521070081617e-15,1.208521070081617e-15,-3.2034265038149176e-16,-4.440892098500626e-16,1.1944226195887508,0.43842536929186593,0.26941995854160267,0.2617279150840244,0.1,1.7320508075688772,1.7320508075688772,False,D_no_TF,anti_like_J_positive
0.14,0.4330127018922193,0.0,0.25,1.7320508075688772,1.7320508075688772,1.7320508075688772,0.34641016151377546,2.9999999999999996,0.5624999999999998,0.06841041301803219,0.12161851203205727,7.580697317285267e-16,0.0,4.805139755722376e-16,-2.220446049250313e-16,1.2227207060122098,0.4435657566735336,0.2735884397737356,0.2679283574608468,0.25,1.7320508075688772,1.7320508075688772,False,D_no_TF,anti_like_J_positive
0.14,0.8660254037844386,0.0,0.5,1.7320508075688772,1.7320508075688772,1.7320508075688772,0.34641016151377546,5.999999999999999,2.249999999999999,0.3104166433040964,0.13796295257959845,6.834721949881859e-16,0.0,9.61027951144475e-16,2.220446049250313e-16,1.2618891413711057,0.4500426010228552,0.279286543363557,0.2749394659725334,0.5,1.7320508075688772,1.7320508075688772,False,D_no_TF,anti_like_J_positive
0.14,1.299038105676658,0.0,0.7500000000000001,1.7320508075688772,1.7320508075688772,1.7320508075688772,0.34641016151377546,9.0,5.0625,0.7631553216902359,0.15074673021041698,4.914902272823023e-17,0.0,1.6017132519074588e-16,1.1102230246251565e-16,1.2902836051094266,0.4539551805346567,0.2833553956266846,0.2760440679735153,0.75,1.7320508075688772,1.7320508075688772,False,D_no_TF,anti_like_J_positive
0.14,1.7320508075688772,0.0,1.0,1.7320508075688772,1.7320508075688772,1.7320508075688772,0.34641016151377546,11.999999999999998,8.999999999999996,1.433913458170871,0.15932371757454128,-9.30965313925328e-16,9.30965313925328e-16,-3.2034265038149176e-16,-4.440892098500626e-16,1.3071998655958923,0.4554086448650011,0.28573656061889136,0.27587940979629777,1.0,1.7320508075688772,1.7320508075688772,False,D_no_TF,anti_like_J_positive
0.14,2.598076211353316,0.0,1.5000000000000002,1.7320508075688772,1.7320508075688772,1.7320508075688772,0.34641016151377546,18.0,20.25,3.2898543515736924,0.16246194328758976,4.568134668561178e-16,0.0,-3.2034265038149176e-16,-2.220446049250313e-16,1.3050754883179359,0.4515345367308925,0.28532377211061105,0.27189557599008896,1.5,1.7320508075688772,1.7320508075688772,False,D_no_TF,anti_like_J_positive
0.14,3.4641016151377544,0.0,2.0,1.7320508075688772,1.7320508075688772,1.7320508075688772,0.34641016151377546,23.999999999999996,35.999999999999986,5.298525545252769,0.14718126514591032,6.106226635438361e-16,0.0,-0.0,0.0,1.2553841215486479,0.43969296022553783,0.27808678881889276,0.2632332436755913,2.0,1.7320508075688772,1.7320508075688772,False,D_no_TF,anti_like_J_positive
0.14,5.196152422706632,0.0,3.0000000000000004,1.7320508075688772,1.7320508075688772,1.7320508075688772,0.34641016151377546,36.0,81.0,6.458553975850107,0.0797352342697544,3.2034265038149176e-16,0.0,3.2034265038149176e-16,4.440892098500626e-16,1.0361198146310704,0.3957949638246775,0.2454332857134156,0.232583563719709,3.0,1.7320508075688772,1.7320508075688772,False,D_no_TF,anti_like_J_positive
0.18,0.0,0.0,0.0,1.7320508075688772,1.7320508075688772,1.7320508075688772,0.34641016151377546,0.0,0.0,0.0,,1.1339235333412762e-15,0.0,8.008566259537293e-16,1.1102230246251565e-16,1.5812010591391474,0.47926386770706175,0.32386270190852245,0.3121764337771065,0.0,1.7320508075688772,1.7320508075688772,False,D_no_TF,anti_like_J_positive
0.18,0.17320508075688773,0.0,0.1,1.7320508075688772,1.7320508075688772,1.7320508075688772,0.34641016151377546,1.2,0.08999999999999998,0.009485269538714747,0.10539188376349722,4.932382325782929e-16,0.0,1.6017132519074588e-16,-4.440892098500626e-16,1.6169431876570972,0.48366005921814137,0.3287458893209947,0.31938904215530073,0.1,1.7320508075688772,1.7320508075688772,False,D_no_TF,anti_like_J_positive
0.18,0.4330127018922193,0.0,0.25,1.7320508075688772,1.7320508075688772,1.7320508075688772,0.34641016151377546,2.9999999999999996,0.5624999999999998,0.06700908902477266,0.11912726937737367,9.829804545646046e-17,0.0,3.2034265038149176e-16,1.1102230246251565e-16,1.664959160285775,0.48880616535396504,0.3352344518143772,0.3293152217774999,0.25,1.7320508075688772,1.7320508075688772,False,D_no_TF,anti_like_J_positive
0.18,0.8660254037844386,0.0,0.5,1.7320508075688772,1.7320508075688772,1.7320508075688772,0.34641016151377546,5.999999999999999,2.249999999999999,0.31001783803196226,0.1377857057919833,-4.440892098500626e-16,4.440892098500626e-16,-0.0,0.0,1.7285223796827576,0.4937372623096826,0.3436879251868059,0.3355370171586948,0.5,1.7320508075688772,1.7320508075688772,False,D_no_TF,anti_like_J_positive
0.18,1.299038105676658,0.0,0.7500000000000001,1.7320508075688772,1.7320508075688772,1.7320508075688772,0.34641016151377546,9.0,5.0625,0.7587235935787584,0.1498713271266683,-7.771561172376096e-16,7.771561172376096e-16,-0.0,-2.220446049250313e-16,1.7693716452719968,0.49463311682205735,0.3490148602765496,0.3364409744347124,0.75,1.7320508075688772,1.7320508075688772,False,D_no_TF,anti_like_J_positive
0.18,1.7320508075688772,0.0,1.0,1.7320508075688772,1.7320508075688772,1.7320508075688772,0.34641016151377546,11.999999999999998,8.999999999999996,1.3901819800211017,0.15446466444678913,5.551115123125783e-16,0.0,-0.0,0.0,1.7857178437948087,0.4922456055835218,0.3510754014409889,0.33523791320538265,1.0,1.7320508075688772,1.7320508075688772,False,D_no_TF,anti_like_J_positive
0.18,2.598076211353316,0.0,1.5000000000000002,1.7320508075688772,1.7320508075688772,1.7320508075688772,0.34641016151377546,18.0,20.25,2.8543544697529586,0.14095577628409672,2.093203479189761e-16,0.0,3.2034265038149176e-16,2.220446049250313e-16,1.742474282394174,0.48055801824142913,0.3452452244541731,0.3266855229828168,1.5,1.7320508075688772,1.7320508075688772,False,D_no_TF,anti_like_J_positive
0.18,3.4641016151377544,0.0,2.0,1.7320508075688772,1.7320508075688772,1.7320508075688772,0.34641016151377546,23.999999999999996,35.999999999999986,3.726745594553502,0.10352071095981955,-1.1102230246251565e-16,1.1102230246251565e-16,-0.0,-4.440892098500626e-16,1.6044046677350443,0.4622086034644212,0.326776231547644,0.3098690669906061,2.0,1.7320508075688772,1.7320508075688772,False,D_no_TF,anti_like_J_positive
0.18,5.196152422706632,0.0,3.0000000000000004,1.7320508075688772,1.7320508075688772,1.7320508075688772,0.34641016151377546,36.0,81.0,1.4843816058049315,0.01832569883709792,1.0356254878848159e-15,0.0,4.805139755722376e-16,6.661338147750939e-16,1.1408854547738323,0.39833621024376303,0.26126489899853267,0.2520189516364124,3.0,1.7320508075688772,1.7320508075688772,False,D_no_TF,anti_like_J_positive
0.21999999999999997,0.0,0.0,0.0,1.7320508075688772,1.7320508075688772,1.7320508075688772,0.34641016151377546,0.0,0.0,0.0,,-6.297090490529189e-16,6.297090490529189e-16,4.805139755722376e-16,-2.220446049250313e-16,1.9300499407223228,0.4926082013435828,0.36989094458659255,0.35558711952260774,0.0,1.7320508075688772,1.7320508075688772,False,D_no_TF,anti_like_J_positive
0.21999999999999997,0.17320508075688773,0.0,0.1,1.7320508075688772,1.7320508075688772,1.7320508075688772,0.34641016151377546,1.2,0.08999999999999998,0.008438587745339695,0.09376208605932997,-5.423872553065231e-16,5.423872553065231e-16,-3.2034265038149176e-16,-4.440892098500626e-16,1.9823918024350227,0.4952164292962829,0.376675311277006,0.36590058029176076,0.1,1.7320508075688772,1.7320508075688772,False,D_no_TF,anti_like_J_positive
0.21999999999999997,0.4330127018922193,0.0,0.25,1.7320508075688772,1.7320508075688772,1.7320508075688772,0.34641016151377546,2.9999999999999996,0.5624999999999998,0.06154589824571924,0.10941493021461202,1.1102230246251565e-16,0.0,-0.0,-2.220446049250313e-16,2.051830165827264,0.4967622753957193,0.3855530678932665,0.3799286588454353,0.25,1.7320508075688772,1.7320508075688772,False,D_no_TF,anti_like_J_positive
0.21999999999999997,0.8660254037844386,0.0,0.5,1.7320508075688772,1.7320508075688772,1.7320508075688772,0.34641016151377546,5.999999999999999,2.249999999999999,0.2897982919131458,0.12879924085028707,1.2374655946857085e-16,0.0,-3.2034265038149176e-16,-4.440892098500626e-16,2.139945829690303,0.4941318844539395,0.3966016810563796,0.3839379405123724,0.5,1.7320508075688772,1.7320508075688772,False,D_no_TF,anti_like_J_positive
0.21999999999999997,1.299038105676658,0.0,0.7500000000000001,1.7320508075688772,1.7320508075688772,1.7320508075688772,0.34641016151377546,9.0,5.0625,0.6983892705348119,0.1379534361550246,5.296629983004678e-16,0.0,6.406853007629834e-16,4.440892098500626e-16,2.188902251395836,0.48744032326294895,0.4025969793975265,0.3845309584717791,0.75,1.7320508075688772,1.7320508075688772,False,D_no_TF,anti_like_J_positive
0.21999999999999997,1.7320508075688772,0.0,1.0,1.7320508075688772,1.7320508075688772,1.7320508075688772,0.34641016151377546,11.999999999999998,8.999999999999996,1.2245240019160966,0.1360582224351219,4.313649528440074e-16,0.0,3.2034265038149176e-16,2.220446049250313e-16,2.1952447765441723,0.4799052309923597,0.4032806208537002,0.38233712394035757,1.0,1.7320508075688772,1.7320508075688772,False,D_no_TF,anti_like_J_positive
0.21999999999999997,2.598076211353316,0.0,1.5000000000000002,1.7320508075688772,1.7320508075688772,1.7320508075688772,0.34641016151377546,18.0,20.25,2.0927635742762867,0.10334634934697712,4.440892098500626e-16,0.0,-0.0,4.440892098500626e-16,2.0796360060088315,0.4708400477612849,0.38876270122225043,0.3692160288248629,1.5,1.7320508075688772,1.7320508075688772,False,D_no_TF,anti_like_J_positive
0.21999999999999997,3.4641016151377544,0.0,2.0,1.7320508075688772,1.7320508075688772,1.7320508075688772,0.34641016151377546,23.999999999999996,35.999999999999986,1.8430818020057975,0.05119671672238328,1.6017132519074588e-16,0.0,1.6017132519074588e-16,4.440892098500626e-16,1.8187803539840255,0.4634019783055021,0.35537677694955905,0.34293954893133066,2.0,1.7320508075688772,1.7320508075688772,False,D_no_TF,anti_like_J_positive
0.21999999999999997,5.196152422706632,0.0,3.0000000000000004,1.7320508075688772,1.7320508075688772,1.7320508075688772,0.34641016151377546,36.0,81.0,0.20812401076617515,0.0025694322316811746,-6.406853007629837e-16,6.406853007629837e-16,-6.406853007629837e-16,-4.440892098500626e-16,1.1199548280924725,0.3842330233339576,0.2581588696300512,0.2472915344365025,3.0,1.7320508075688772,1.7320508075688772,False,D_no_TF,anti_like_J_positive
0.26,0.0,0.0,0.0,1.7320508075688772,1.7320508075688772,1.7320508075688772,0.34641016151377546,0.0,0.0,0.0,,5.551115123125783e-16,0.0,-0.0,-2.220446049250313e-16,2.202386977408651,0.48388279080445873,0.4042970851943515,0.3874383573075688,0.0,1.7320508075688772,1.7320508075688772,False,D_no_TF,anti_like_J_positive
0.26,0.17320508075688773,0.0,0.1,1.7320508075688772,1.7320508075688772,1.7320508075688772,0.34641016151377546,1.2,0.08999999999999998,0.006901132828553998,0.0766792536506,1.1102230246251565e-16,0.0,-0.0,0.0,2.270382362950505,0.4814092567256596,0.41282519611135415,0.4008589568792035,0.1,1.7320508075688772,1.7320508075688772,False,D_no_TF,anti_like_J_positive
0.26,0.4330127018922193,0.0,0.25,1.7320508075688772,1.7320508075688772,1.7320508075688772,0.34641016151377546,2.9999999999999996,0.5624999999999998,0.052569106229088634,0.09345618885171317,-4.440892098500626e-16,4.440892098500626e-16,-0.0,-2.220446049250313e-16,2.359599026828052,0.47383068262202027,0.4238293507414152,0.4160437938725624,0.25,1.7320508075688772,1.7320508075688772,False,D_no_TF,anti_like_J_positive
0.26,0.8660254037844386,0.0,0.5,1.7320508075688772,1.7320508075688772,1.7320508075688772,0.34641016151377546,5.999999999999999,2.249999999999999,0.2520028096130567,0.11200124871691414,-2.093203479189761e-16,2.093203479189761e-16,-3.2034265038149176e-16,0.0,2.467675174469352,0.4544349215719854,0.43686381221297693,0.4196681049450925,0.5,1.7320508075688772,1.7320508075688772,False,D_no_TF,anti_like_J_positive
0.26,1.299038105676658,0.0,0.7500000000000001,1.7320508075688772,1.7320508075688772,1.7320508075688772,0.34641016151377546,9.0,5.0625,0.5899271534877497,0.11652882044202463,-8.7545416269407e-16,8.7545416269407e-16,-3.2034265038149176e-16,-2.220446049250313e-16,2.516617557607952,0.43501880629264655,0.44262317567094706,0.4202444657845532,0.75,1.7320508075688772,1.7320508075688772,False,D_no_TF,anti_like_J_positive
0.26,1.7320508075688772,0.0,1.0,1.7320508075688772,1.7320508075688772,1.7320508075688772,0.34641016151377546,11.999999999999998,8.999999999999996,0.9632399778758006,0.10702666420842233,-9.829804545646046e-17,9.829804545646046e-17,-3.2034265038149176e-16,-2.220446049250313e-16,2.5016562045457595,0.4270045837865734,0.4407755517668665,0.4177809759952631,1.0,1.7320508075688772,1.7320508075688772,False,D_no_TF,anti_like_J_positive
0.26,2.598076211353316,0.0,1.5000000000000002,1.7320508075688772,1.7320508075688772,1.7320508075688772,0.34641016151377546,18.0,20.25,1.1945717755761531,0.058991198793884106,-2.8391788465931673e-16,2.8391788465931673e-16,1.6017132519074588e-16,2.220446049250313e-16,2.2912689074115593,0.45403701368267296,0.4153178667911799,0.40144899526820443,1.5,1.7320508075688772,1.7320508075688772,False,D_no_TF,anti_like_J_positive
0.26,3.4641016151377544,0.0,2.0,1.7320508075688772,1.7320508075688772,1.7320508075688772,0.34641016151377546,23.999999999999996,35.999999999999986,0.39940593833699767,0.01109460939824994,-4.313649528440074e-16,4.313649528440074e-16,-3.2034265038149176e-16,-4.440892098500626e-16,1.9053760624861558,0.4714878575632093,0.36675561387639743,0.35638482420285117,2.0,1.7320508075688772,1.7320508075688772,False,D_no_TF,anti_like_J_positive
0.26,5.196152422706632,0.0,3.0000000000000004,1.7320508075688772,1.7320508075688772,1.7320508075688772,0.34641016151377546,36.0,81.0,2.584003142318072,0.031901273361951504,2.0295821941594846e-16,0.0,4.805139755722376e-16,2.220446049250313e-16,1.1033930985284692,0.3623386257395971,0.25566485150242013,0.24226862017493586,3.0,1.7320508075688772,1.7320508075688772,False,D_no_TF,anti_like_J_positive
0.3,0.0,0.0,0.0,1.7320508075688772,1.7320508075688772,1.7320508075688772,0.34641016151377546,0.0,0.0,0.0,,-6.406853007629837e-16,6.406853007629837e-16,-6.406853007629837e-16,-2.220446049250313e-16,2.3953613565928698,0.46581638623261257,0.428002700517655,0.4087424115772104,0.0,1.7320508075688772,1.7320508075688772,False,D_no_TF,anti_like_J_positive
0.3,0.17320508075688773,0.0,0.1,1.7320508075688772,1.7320508075688772,1.7320508075688772,0.34641016151377546,1.2,0.08999999999999998,0.005020091875642246,0.05577879861824719,1.2724257006055198e-17,0.0,-3.2034265038149176e-16,0.0,2.475710173560315,0.45500548395635765,0.43788491651874667,0.42491827541141947,0.1,1.7320508075688772,1.7320508075688772,False,D_no_TF,anti_like_J_positive
0.3,0.4330127018922193,0.0,0.25,1.7320508075688772,1.7320508075688772,1.7320508075688772,0.34641016151377546,2.9999999999999996,0.5624999999999998,0.04092630525348987,0.07275787600620424,1.3647081647462585e-16,0.0,-6.406853007629837e-16,0.0,2.5797015862620363,0.4319872121623367,0.4504238901586995,0.4399657100295174,0.25,1.7320508075688772,1.7320508075688772,False,D_no_TF,anti_like_J_positive
0.3,0.8660254037844386,0.0,0.5,1.7320508075688772,1.7320508075688772,1.7320508075688772,0.34641016151377546,5.999999999999999,2.249999999999999,0.2004926836880199,0.08910785941689776,-7.644318602315544e-16,7.644318602315544e-16,-3.2034265038149176e-16,0.0,2.6976706038395806,0.38368079163884167,0.4643106519427076,0.44352909542024277,0.5,1.7320508075688772,1.7320508075688772,False,D_no_TF,anti_like_J_positive
0.3,1.299038105676658,0.0,0.7500000000000001,1.7320508075688772,1.7320508075688772,1.7320508075688772,0.34641016151377546,9.0,5.0625,0.4464420165789067,0.08818607734891984,-1.0974987676191014e-15,1.0974987676191014e-15,-3.2034265038149176e-16,-2.220446049250313e-16,2.7342443728191927,0.3469615686080155,0.46854210657145007,0.44473908367756476,0.75,1.7320508075688772,1.7320508075688772,False,D_no_TF,anti_like_J_positive
0.3,1.7320508075688772,0.0,1.0,1.7320508075688772,1.7320508075688772,1.7320508075688772,0.34641016151377546,11.999999999999998,8.999999999999996,0.6458118956318001,0.07175687729242226,3.3306690738754696e-16,0.0,-0.0,-2.220446049250313e-16,2.686887012747725,0.36111041272185984,0.46304081832166116,0.44324916080441773,1.0,1.7320508075688772,1.7320508075688772,False,D_no_TF,anti_like_J_positive
0.3,2.598076211353316,0.0,1.5000000000000002,1.7320508075688772,1.7320508075688772,1.7320508075688772,0.34641016151377546,18.0,20.25,0.39888255713662907,0.019697904056129832,3.3306690738754696e-16,0.0,-0.0,0.0,2.3827471196356687,0.46190699667667334,0.42669639927735825,0.4177925083116316,1.5,1.7320508075688772,1.7320508075688772,False,D_no_TF,anti_like_J_positive
0.3,3.4641016151377544,0.0,2.0,1.7320508075688772,1.7320508075688772,1.7320508075688772,0.34641016151377546,23.999999999999996,35.999999999999986,0.5989651923606729,0.016637922010018697,0.0,0.0,-0.0,0.0,1.9119889839789006,0.4859157341861835,0.36752938214719816,0.3520070041782243,2.0,1.7320508075688772,1.7320508075688772,False,D_no_TF,anti_like_J_positive
0.3,5.196152422706632,0.0,3.0000000000000004,1.7320508075688772,1.7320508075688772,1.7320508075688772,0.34641016151377546,36.0,81.0,6.227762225605619,0.07688595340253851,7.216449660063518e-16,0.0,-0.0,2.220446049250313e-16,1.212042757202984,0.3527925259422473,0.27179525340747956,0.2577738625976784,3.0,1.7320508075688772,1.7320508075688772,False,D_no_TF,anti_like_J_positive
0.3277777777777778,0.0,0.0,0.0,1.7320508075688772,1.7320508075688772,1.7320508075688772,0.34641016151377546,0.0,0.0,0.0,,-5.05962489584348e-16,5.05962489584348e-16,1.6017132519074588e-16,1.1102230246251565e-16,2.4870666672643926,0.45466030459107265,0.43908649835788605,0.4183177155425243,0.0,1.7320508075688772,1.7320508075688772,False,D_no_TF,anti_like_J_positive
0.3277777777777778,0.17320508075688773,0.0,0.1,1.7320508075688772,1.7320508075688772,1.7320508075688772,0.34641016151377546,1.2,0.08999999999999998,0.0036149707834148394,0.04016634203794267,4.313649528440074e-16,0.0,3.2034265038149176e-16,-2.220446049250313e-16,2.5732710187585726,0.43737586820016583,0.4496040248278076,0.4360344459484208,0.1,1.7320508075688772,1.7320508075688772,False,D_no_TF,anti_like_J_positive
0.3277777777777778,0.4330127018922193,0.0,0.25,1.7320508075688772,1.7320508075688772,1.7320508075688772,0.34641016151377546,2.9999999999999996,0.5624999999999998,0.03184975290673206,0.056621782945301465,1.1102230246251565e-16,0.0,-0.0,2.220446049250313e-16,2.683168411718319,0.40139869584262533,0.46272259361653006,0.45064460178217425,0.25,1.7320508075688772,1.7320508075688772,False,D_no_TF,anti_like_J_positive
0.3277777777777778,0.8660254037844386,0.0,0.5,1.7320508075688772,1.7320508075688772,1.7320508075688772,0.34641016151377546,5.999999999999999,2.249999999999999,0.15935522296799043,0.07082454354132911,-1.7289558219680108e-16,1.7289558219680108e-16,1.6017132519074588e-16,-4.440892098500626e-16,2.798956779747514,0.32586562173714917,0.4762219967691383,0.4540927713473926,0.5,1.7320508075688772,1.7320508075688772,False,D_no_TF,anti_like_J_positive
0.3277777777777778,1.299038105676658,0.0,0.7500000000000001,1.7320508075688772,1.7320508075688772,1.7320508075688772,0.34641016151377546,9.0,5.0625,0.33517992708811384,0.0662083806593805,7.644318602315544e-16,0.0,3.2034265038149176e-16,2.220446049250313e-16,2.8173208533475504,0.2757838103495162,0.4783792773440984,0.4561751322360183,0.75,1.7320508075688772,1.7320508075688772,False,D_no_TF,anti_like_J_positive
0.3277777777777778,1.7320508075688772,0.0,1.0,1.7320508075688772,1.7320508075688772,1.7320508075688772,0.34641016151377546,11.999999999999998,8.999999999999996,0.41824157047649885,0.04647128560849989,-5.423872553065231e-16,5.423872553065231e-16,-3.2034265038149176e-16,-4.440892098500626e-16,2.7428020015831818,0.3397399336487124,0.46981258546899407,0.4561795313332408,1.0,1.7320508075688772,1.7320508075688772,False,D_no_TF,anti_like_J_positive
0.3277777777777778,2.598076211353316,0.0,1.5000000000000002,1.7320508075688772,1.7320508075688772,1.7320508075688772,0.34641016151377546,18.0,20.25,0.2920271962184095,0.014421096109551087,-3.0761839337543676e-16,3.0761839337543676e-16,-6.406853007629837e-16,-8.881784197001252e-16,2.392813133939927,0.48314010727849854,0.4278558881468725,0.4143120293855435,1.5,1.7320508075688772,1.7320508075688772,False,D_no_TF,anti_like_J_positive
0.3277777777777778,3.4641016151377544,0.0,2.0,1.7320508075688772,1.7320508075688772,1.7320508075688772,0.34641016151377546,23.999999999999996,35.999999999999986,0.6637625012513123,0.018437847256980906,-4.313649528440074e-16,4.313649528440074e-16,-3.2034265038149176e-16,-4.440892098500626e-16,1.9016358219133662,0.48820299716061344,0.3660602713833297,0.349258194647672,2.0,1.7320508075688772,1.7320508075688772,False,D_no_TF,anti_like_J_positive
0.3277777777777778,5.196152422706632,0.0,3.0000000000000004,1.7320508075688772,1.7320508075688772,1.7320508075688772,0.34641016151377546,36.0,81.0,7.477282334559613,0.0923121275871557,-3.006263721914763e-17,3.006263721914763e-17,-6.406853007629837e-16,-4.440892098500626e-16,1.3777455549738535,0.36634376098779997,0.2956364255681167,0.28235820465625655,3.0,1.7320508075688772,1.7320508075688772,False,D_no_TF,anti_like_J_positive
0.35555555555555557,0.0,0.0,0.0,1.7320508075688772,1.7320508075688772,1.7320508075688772,0.34641016151377546,0.0,0.0,0.0,,8.627299056880147e-16,0.0,6.406853007629834e-16,-2.220446049250313e-16,2.549936446195425,0.44807198040658347,0.44661570552543073,0.42453184318948894,0.0,1.7320508075688772,1.7320508075688772,False,D_no_TF,anti_like_J_positive
0.35555555555555557,0.17320508075688773,0.0,0.1,1.7320508075688772,1.7320508075688772,1.7320508075688772,0.34641016151377546,1.2,0.08999999999999998,0.002245001298955385,0.024944458877282062,5.678357693186335e-16,0.0,-3.2034265038149176e-16,-2.220446049250313e-16,2.6397421402807897,0.4257187210614177,0.4575200549503988,0.4434117392510312,0.1,1.7320508075688772,1.7320508075688772,False,D_no_TF,anti_like_J_positive
0.35555555555555557,0.4330127018922193,0.0,0.25,1.7320508075688772,1.7320508075688772,1.7320508075688772,0.34641016151377546,2.9999999999999996,0.5624999999999998,0.02247545009439818,0.03995635572337456,-6.534095577690387e-16,6.534095577690387e-16,-3.2034265038149176e-16,3.3306690738754696e-16,2.751471397119855,0.379297169147499,0.47077142410276235,0.4574562525519323,0.25,1.7320508075688772,1.7320508075688772,False,D_no_TF,anti_like_J_positive
0.35555555555555557,0.8660254037844386,0.0,0.5,1.7320508075688772,1.7320508075688772,1.7320508075688772,0.34641016151377546,5.999999999999999,2.249999999999999,0.11616716136692688,0.051629849496411966,-9.864764651565858e-16,9.864764651565858e-16,-3.2034265038149176e-16,0.0,2.8554628633028054,0.27396959701181706,0.48284586793451195,0.4607158253593657,0.5,1.7320508075688772,1.7320508075688772,False,D_no_TF,anti_like_J_positive
0.35555555555555557,1.299038105676658,0.0,0.7500000000000001,1.7320508075688772,1.7320508075688772,1.7320508075688772,0.34641016151377546,9.0,5.0625,0.22229207470363807,0.04390954562047172,2.347688619310865e-16,0.0,-3.2034265038149176e-16,0.0,2.8463103776378933,0.24964137842504247,0.4819019957348082,0.4639163092070089,0.75,1.7320508075688772,1.7320508075688772,False,D_no_TF,anti_like_J_positive
0.35555555555555557,1.7320508075688772,0.0,1.0,1.7320508075688772,1.7320508075688772,1.7320508075688772,0.34641016151377546,11.999999999999998,8.999999999999996,0.21294336571419084,0.023660373968243435,0.0,0.0,-0.0,0.0,2.743945870260193,0.3511532812351809,0.4700804605810685,0.46599328429271447,1.0,1.7320508075688772,1.7320508075688772,False,D_no_TF,anti_like_J_positive
0.35555555555555557,2.598076211353316,0.0,1.5000000000000002,1.7320508075688772,1.7320508075688772,1.7320508075688772,0.34641016151377546,18.0,20.25,0.5556615188098605,0.027440075002956074,-1.1102230246251565e-16,1.1102230246251565e-16,-0.0,0.0,2.3782543676675005,0.5103234819638391,0.4257993180504732,0.4087981577849787,1.5,1.7320508075688772,1.7320508075688772,False,D_no_TF,anti_like_J_positive
0.35555555555555557,3.4641016151377544,0.0,2.0,1.7320508075688772,1.7320508075688772,1.7320508075688772,0.34641016151377546,23.999999999999996,35.999999999999986,0.5910554155231702,0.016418205986754735,4.932382325782929e-16,0.0,1.6017132519074588e-16,1.1102230246251565e-16,1.8962766391337258,0.4758304680431329,0.36529666791550086,0.34942100340925814,2.0,1.7320508075688772,1.7320508075688772,False,D_no_TF,anti_like_J_positive
0.35555555555555557,5.196152422706632,0.0,3.0000000000000004,1.7320508075688772,1.7320508075688772,1.7320508075688772,0.34641016151377546,36.0,81.0,6.856005939284686,0.08464204863314427,-1.195796813075562e-15,1.195796813075562e-15,-6.406853007629837e-16,-4.440892098500626e-16,1.5908514394163815,0.3955804948458617,0.32516166088557696,0.31424733083806194,3.0,1.7320508075688772,1.7320508075688772,False,D_no_TF,anti_like_J_positive
0.3833333333333333,0.0,0.0,0.0,1.7320508075688772,1.7320508075688772,1.7320508075688772,0.34641016151377546,0.0,0.0,0.0,,8.7545416269407e-16,0.0,3.2034265038149176e-16,-2.220446049250313e-16,2.5899767868007237,0.44648959850045117,0.4513777046581573,0.4282323750139542,0.0,1.7320508075688772,1.7320508075688772,False,D_no_TF,anti_like_J_positive
0.3833333333333333,0.17320508075688773,0.0,0.1,1.7320508075688772,1.7320508075688772,1.7320508075688772,0.34641016151377546,1.2,0.08999999999999998,0.0012126893365815583,0.013474325962017317,-1.3923929039884833e-15,1.3923929039884833e-15,-1.2813706015259676e-15,-4.440892098500626e-16,2.6816788453847824,0.4222964343175447,0.46248312894427657,0.447898573458647,0.1,1.7320508075688772,1.7320508075688772,False,D_no_TF,anti_like_J_positive
0.3833333333333333,0.4330127018922193,0.0,0.25,1.7320508075688772,1.7320508075688772,1.7320508075688772,0.34641016151377546,2.9999999999999996,0.5624999999999998,0.013443068897363256,0.02389878915086802,-1.2724257006055198e-17,1.2724257006055198e-17,3.2034265038149176e-16,4.440892098500626e-16,2.791354984329266,0.37517864309495685,0.4754443408369343,0.4614253816595984,0.25,1.7320508075688772,1.7320508075688772,False,D_no_TF,anti_like_J_positive
0.3833333333333333,0.8660254037844386,0.0,0.5,1.7320508075688772,1.7320508075688772,1.7320508075688772,0.34641016151377546,5.999999999999999,2.249999999999999,0.07343828290443999,0.032639236846417785,1.2374655946857085e-16,0.0,-3.2034265038149176e-16,-2.220446049250313e-16,2.8724149515944335,0.28904374420820333,0.4848744155553249,0.4643679535905088,0.5,1.7320508075688772,1.7320508075688772,False,D_no_TF,anti_like_J_positive
0.3833333333333333,1.299038105676658,0.0,0.7500000000000001,1.7320508075688772,1.7320508075688772,1.7320508075688772,0.34641016151377546,9.0,5.0625,0.11826233142602675,0.023360460528597877,4.313649528440074e-16,0.0,3.2034265038149176e-16,1.1102230246251565e-16,2.8259281198319033,0.2932896922923842,0.4796655376062341,0.4687174754734208,0.75,1.7320508075688772,1.7320508075688772,False,D_no_TF,anti_like_J_positive
0.3833333333333333,1.7320508075688772,0.0,1.0,1.7320508075688772,1.7320508075688772,1.7320508075688772,0.34641016151377546,11.999999999999998,8.999999999999996,0.13044691433103578,0.014494101592337315,-6.187327973428543e-17,6.187327973428543e-17,1.6017132519074588e-16,3.3306690738754696e-16,2.699487000165967,0.3795240911080193,0.4648008186739139,0.4577753415687247,1.0,1.7320508075688772,1.7320508075688772,False,D_no_TF,anti_like_J_positive
0.3833333333333333,2.598076211353316,0.0,1.5000000000000002,1.7320508075688772,1.7320508075688772,1.7320508075688772,0.34641016151377546,18.0,20.25,0.7376386902989047,0.03642660199006937,-9.829804545646046e-17,9.829804545646046e-17,-3.2034265038149176e-16,-4.440892098500626e-16,2.3566017278491405,0.534914273731927,0.4227527134840263,0.40432212355480907,1.5,1.7320508075688772,1.7320508075688772,False,D_no_TF,anti_like_J_positive
0.3833333333333333,3.4641016151377544,0.0,2.0,1.7320508075688772,1.7320508075688772,1.7320508075688772,0.34641016151377546,23.999999999999996,35.999999999999986,0.7681933860854215,0.021338705169039497,7.517076032254991e-16,0.0,6.406853007629834e-16,6.661338147750939e-16,1.901330880815475,0.44611873123706736,0.3659897401512391,0.3528496411452993,2.0,1.7320508075688772,1.7320508075688772,False,D_no_TF,anti_like_J_positive
0.3833333333333333,5.196152422706632,0.0,3.0000000000000004,1.7320508075688772,1.7320508075688772,1.7320508075688772,0.34641016151377546,36.0,81.0,4.6013539387582165,0.05680683875010144,2.474931189371415e-16,0.0,-6.406853007629837e-16,-4.440892098500626e-16,1.8110906151917407,0.4353612382545192,0.35456728679843075,0.34775859969787964,3.0,1.7320508075688772,1.7320508075688772,False,D_no_TF,anti_like_J_positive
0.4111111111111111,0.0,0.0,0.0,1.7320508075688772,1.7320508075688772,1.7320508075688772,0.34641016151377546,0.0,0.0,0.0,,1.2449458358037919e-15,0.0,8.008566259537293e-16,2.220446049250313e-16,2.6129196692612164,0.44802141194515577,0.454091969666702,0.4301964086298611,0.0,1.7320508075688772,1.7320508075688772,False,D_no_TF,anti_like_J_positive
0.4111111111111111,0.17320508075688773,0.0,0.1,1.7320508075688772,1.7320508075688772,1.7320508075688772,0.34641016151377546,1.2,0.08999999999999998,0.0014116018095129373,0.015684464550143752,2.347688619310865e-16,0.0,-3.2034265038149176e-16,0.0,2.70591137263113,0.42558406610323574,0.46533738383337014,0.4503480564232636,0.1,1.7320508075688772,1.7320508075688772,False,D_no_TF,anti_like_J_positive
0.4111111111111111,0.4330127018922193,0.0,0.25,1.7320508075688772,1.7320508075688772,1.7320508075688772,0.34641016151377546,2.9999999999999996,0.5624999999999998,0.006586861900249351,0.011709976711554406,9.829804545646046e-17,0.0,3.2034265038149176e-16,1.1102230246251565e-16,2.810561234819258,0.38979909724400613,0.47768785854176843,0.4636069830432948,0.25,1.7320508075688772,1.7320508075688772,False,D_no_TF,anti_like_J_positive
0.4111111111111111,0.8660254037844386,0.0,0.5,1.7320508075688772,1.7320508075688772,1.7320508075688772,0.34641016151377546,5.999999999999999,2.249999999999999,0.03580635303004154,0.015913934680018466,-6.187327973428543e-17,6.187327973428543e-17,1.6017132519074588e-16,3.3306690738754696e-16,2.8568237179255354,0.34477329212922864,0.48313735230381083,0.46601663981869834,0.5,1.7320508075688772,1.7320508075688772,False,D_no_TF,anti_like_J_positive
0.4111111111111111,1.299038105676658,0.0,0.7500000000000001,1.7320508075688772,1.7320508075688772,1.7320508075688772,0.34641016151377546,9.0,5.0625,0.06438764136502216,0.012718546442473513,-7.644318602315544e-16,7.644318602315544e-16,-3.2034265038149176e-16,2.220446049250313e-16,2.763874117723641,0.3490200333457496,0.47246099341706743,0.4712556122809683,0.75,1.7320508075688772,1.7320508075688772,False,D_no_TF,anti_like_J_positive
0.4111111111111111,1.7320508075688772,0.0,1.0,1.7320508075688772,1.7320508075688772,1.7320508075688772,0.34641016151377546,11.999999999999998,8.999999999999996,0.24466949738051882,0.027185499708946546,-1.1102230246251565e-16,1.1102230246251565e-16,-0.0,2.220446049250313e-16,2.6229443641551344,0.41054313943432413,0.45538787711148737,0.4441685010931194,1.0,1.7320508075688772,1.7320508075688772,False,D_no_TF,anti_like_J_positive
0.4111111111111111,2.598076211353316,0.0,1.5000000000000002,1.7320508075688772,1.7320508075688772,1.7320508075688772,0.34641016151377546,18.0,20.25,0.8048624280231859,0.03974629274188572,-1.1102230246251565e-16,1.1102230246251565e-16,-0.0,0.0,2.341257050337817,0.5467362395723436,0.42055291556132474,0.401245284315765,1.5,1.7320508075688772,1.7320508075688772,False,D_no_TF,anti_like_J_positive
0.4111111111111111,3.4641016151377544,0.0,2.0,1.7320508075688772,1.7320508075688772,1.7320508075688772,0.34641016151377546,23.999999999999996,35.999999999999986,1.1551786452556034,0.032088295701544554,5.296629983004678e-16,0.0,6.406853007629834e-16,6.661338147750939e-16,1.9145465598425697,0.402032448835446,0.3677997395438219,0.3584781091282501,2.0,1.7320508075688772,1.7320508075688772,False,D_no_TF,anti_like_J_positive
0.4111111111111111,5.196152422706632,0.0,3.0000000000000004,1.7320508075688772,1.7320508075688772,1.7320508075688772,0.34641016151377546,36.0,81.0,2.4675537881525456,0.03046362701422896,1.294094858532022e-15,0.0,9.61027951144475e-16,1.7763568394002505e-15,1.9993139684067434,0.481640606325767,0.37895803579503373,0.3756645893600806,3.0,1.7320508075688772,1.7320508075688772,False,D_no_TF,anti_like_J_positive
0.4388888888888889,0.0,0.0,0.0,1.7320508075688772,1.7320508075688772,1.7320508075688772,0.34641016151377546,0.0,0.0,0.0,,1.0229012308787606e-15,0.0,8.008566259537293e-16,1.1102230246251565e-16,2.623260942793772,0.44981925030393743,0.4553110446973536,0.43102262922508905,0.0,1.7320508075688772,1.7320508075688772,False,D_no_TF,anti_like_J_positive
0.4388888888888889,0.17320508075688773,0.0,0.1,1.7320508075688772,1.7320508075688772,1.7320508075688772,0.34641016151377546,1.2,0.08999999999999998,0.0023700987448712716,0.026334430498569688,-8.62729905688015e-16,8.62729905688015e-16,-6.406853007629837e-16,-6.661338147750939e-16,2.718516658017432,0.4311921237510064,0.46681696036537984,0.4515155510142429,0.1,1.7320508075688772,1.7320508075688772,False,D_no_TF,anti_like_J_positive
0.4388888888888889,0.4330127018922193,0.0,0.25,1.7320508075688772,1.7320508075688772,1.7320508075688772,0.34641016151377546,2.9999999999999996,0.5624999999999998,0.00811923828442538,0.014434201394534014,3.2034265038149176e-16,0.0,3.2034265038149176e-16,0.0,2.8168768261461246,0.41263064843835384,0.4784280142283753,0.4649637843333377,0.25,1.7320508075688772,1.7320508075688772,False,D_no_TF,anti_like_J_positive
0.4388888888888889,0.8660254037844386,0.0,0.5,1.7320508075688772,1.7320508075688772,1.7320508075688772,0.34641016151377546,5.999999999999999,2.249999999999999,0.026124687054788952,0.01161097202435065,-3.3306690738754696e-16,3.3306690738754696e-16,-0.0,0.0,2.8170137920662146,0.40468606706216764,0.4785677910411216,0.4665304107403249,0.5,1.7320508075688772,1.7320508075688772,False,D_no_TF,anti_like_J_positive
0.4388888888888889,1.299038105676658,0.0,0.7500000000000001,1.7320508075688772,1.7320508075688772,1.7320508075688772,0.34641016151377546,9.0,5.0625,0.11681613504970684,0.023074792108584066,8.627299056880147e-16,0.0,6.406853007629834e-16,4.440892098500626e-16,2.67085469827212,0.4042686375236263,0.46136690664821467,0.4521499258603969,0.75,1.7320508075688772,1.7320508075688772,False,D_no_TF,anti_like_J_positive
0.4388888888888889,1.7320508075688772,0.0,1.0,1.7320508075688772,1.7320508075688772,1.7320508075688772,0.34641016151377546,11.999999999999998,8.999999999999996,0.3685385007153536,0.04094872230170597,-3.3306690738754696e-16,3.3306690738754696e-16,-0.0,4.440892098500626e-16,2.531389866283811,0.44889557069034025,0.4437579536103838,0.42186596555630473,1.0,1.7320508075688772,1.7320508075688772,False,D_no_TF,anti_like_J_positive
0.4388888888888889,2.598076211353316,0.0,1.5000000000000002,1.7320508075688772,1.7320508075688772,1.7320508075688772,0.34641016151377546,18.0,20.25,0.7886160477889197,0.038944002359946654,5.551115123125783e-16,0.0,-0.0,-2.220446049250313e-16,2.3379815392222763,0.5372251313094201,0.42007267706765555,0.39666506391776146,1.5,1.7320508075688772,1.7320508075688772,False,D_no_TF,anti_like_J_positive
0.4388888888888889,3.4641016151377544,0.0,2.0,1.7320508075688772,1.7320508075688772,1.7320508075688772,0.34641016151377546,23.999999999999996,35.999999999999986,1.4665039939972766,0.04073622205547992,9.829804545646046e-17,0.0,3.2034265038149176e-16,4.440892098500626e-16,1.9298333752021612,0.35158157645954413,0.36986188952495075,0.3602820390433822,2.0,1.7320508075688772,1.7320508075688772,False,D_no_TF,anti_like_J_positive
0.4388888888888889,5.196152422706632,0.0,3.0000000000000004,1.7320508075688772,1.7320508075688772,1.7320508075688772,0.34641016151377546,36.0,81.0,3.7487055089527046,0.046280314925342035,1.2374655946857085e-16,0.0,-3.2034265038149176e-16,-6.661338147750939e-16,2.1292822453448044,0.5255941935511855,0.39540877977763966,0.3913240260058531,3.0,1.7320508075688772,1.7320508075688772,False,D_no_TF,anti_like_J_positive
0.4666666666666667,0.0,0.0,0.0,1.7320508075688772,1.7320508075688772,1.7320508075688772,0.34641016151377546,0.0,0.0,0.0,,7.025585804972689e-16,0.0,4.805139755722376e-16,1.1102230246251565e-16,2.6234945541948527,0.44987102361277065,0.4553385468257575,0.43104073836473095,0.0,1.7320508075688772,1.7320508075688772,False,D_no_TF,anti_like_J_positive
0.4666666666666667,0.17320508075688773,0.0,0.1,1.7320508075688772,1.7320508075688772,1.7320508075688772,0.34641016151377546,1.2,0.08999999999999998,0.0033064759844615536,0.036738622049572824,-1.965960909129211e-16,1.965960909129211e-16,-6.406853007629837e-16,-4.440892098500626e-16,2.7238799610863085,0.4347328669994628,0.46744620542516585,0.45195781437883353,0.1,1.7320508075688772,1.7320508075688772,False,D_no_TF,anti_like_J_positive
0.4666666666666667,0.4330127018922193,0.0,0.25,1.7320508075688772,1.7320508075688772,1.7320508075688772,0.34641016151377546,2.9999999999999996,0.5624999999999998,0.014075822256445523,0.025023684011458717,2.7119362765326154e-16,0.0,1.6017132519074588e-16,-2.220446049250313e-16,2.817162193044656,0.43344951780575725,0.4784695752476155,0.4662416576221032,0.25,1.7320508075688772,1.7320508075688772,False,D_no_TF,anti_like_J_positive
0.4666666666666667,0.8660254037844386,0.0,0.5,1.7320508075688772,1.7320508075688772,1.7320508075688772,0.34641016151377546,5.999999999999999,2.249999999999999,0.05088454505586845,0.022615353358163764,2.093203479189761e-16,0.0,3.2034265038149176e-16,-4.440892098500626e-16,2.762123552075657,0.4579163137485294,0.4721708290927829,0.4665972396761188,0.5,1.7320508075688772,1.7320508075688772,False,D_no_TF,anti_like_J_positive
0.4666666666666667,1.299038105676658,0.0,0.7500000000000001,1.7320508075688772,1.7320508075688772,1.7320508075688772,0.34641016151377546,9.0,5.0625,0.18369479847749476,0.036285392291850814,9.829804545646046e-17,0.0,3.2034265038149176e-16,8.881784197001252e-16,2.5603934007011233,0.45466578835979793,0.4478115675463814,0.42874990389838086,0.75,1.7320508075688772,1.7320508075688772,False,D_no_TF,anti_like_J_positive
0.4666666666666667,1.7320508075688772,0.0,1.0,1.7320508075688772,1.7320508075688772,1.7320508075688772,0.34641016151377546,11.999999999999998,8.999999999999996,0.45797400483668577,0.05088600053740955,-9.829804545646046e-17,9.829804545646046e-17,-3.2034265038149176e-16,-4.440892098500626e-16,2.4436324464659984,0.5113934638967086,0.4322528498411521,0.40021313173472084,1.0,1.7320508075688772,1.7320508075688772,False,D_no_TF,anti_like_J_positive
0.4666666666666667,2.598076211353316,0.0,1.5000000000000002,1.7320508075688772,1.7320508075688772,1.7320508075688772,0.34641016151377546,18.0,20.25,0.7400553208210938,0.03654594176894291,-1.195796813075562e-15,1.195796813075562e-15,-6.406853007629837e-16,-6.661338147750939e-16,2.3442027204812734,0.5032157920149776,0.4209970397519923,0.3958538114344106,1.5,1.7320508075688772,1.7320508075688772,False,D_no_TF,anti_like_J_positive
0.4666666666666667,3.4641016151377544,0.0,2.0,1.7320508075688772,1.7320508075688772,1.7320508075688772,0.34641016151377546,23.999999999999996,35.999999999999986,1.5759383438804035,0.043776065107789,-8.62729905688015e-16,8.62729905688015e-16,-6.406853007629837e-16,-4.440892098500626e-16,1.940974583792291,0.3069008131609664,0.3713297032454121,0.35991213949174694,2.0,1.7320508075688772,1.7320508075688772,False,D_no_TF,anti_like_J_positive
0.4666666666666667,5.196152422706632,0.0,3.0000000000000004,1.7320508075688772,1.7320508075688772,1.7320508075688772,0.34641016151377546,36.0,81.0,5.354390568879567,0.06610358727011811,-7.389833462194443e-16,7.389833462194443e-16,-9.610279511444756e-16,-1.1102230246251565e-15,2.193032522686829,0.550859825522938,0.403154105318617,0.3864465528283268,3.0,1.7320508075688772,1.7320508075688772,False,D_no_TF,anti_like_J_positive
0.49444444444444446,0.0,0.0,0.0,1.7320508075688772,1.7320508075688772,1.7320508075688772,0.34641016151377546,0.0,0.0,0.0,,3.3306690738754696e-16,0.0,-0.0,0.0,2.613681277568106,0.4481243525689925,0.45418185443312653,0.43025875489100845,0.0,1.7320508075688772,1.7320508075688772,False,D_no_TF,anti_like_J_positive
0.49444444444444446,0.17320508075688773,0.0,0.1,1.7320508075688772,1.7320508075688772,1.7320508075688772,0.34641016151377546,1.2,0.08999999999999998,0.004045774826930818,0.04495305363256466,-1.4051171609945382e-15,1.4051171609945382e-15,-9.610279511444756e-16,-4.440892098500626e-16,2.7240031229583828,0.4340301361081017,0.4674635757479755,0.45195289832438834,0.1,1.7320508075688772,1.7320508075688772,False,D_no_TF,anti_like_J_positive
0.49444444444444446,0.4330127018922193,0.0,0.25,1.7320508075688772,1.7320508075688772,1.7320508075688772,0.34641016151377546,2.9999999999999996,0.5624999999999998,0.019418951113195027,0.03452257975679117,4.186406958379521e-16,0.0,6.406853007629834e-16,0.0,2.8164927538016227,0.4462218841072152,0.4784032382452915,0.46786844558673013,0.25,1.7320508075688772,1.7320508075688772,False,D_no_TF,anti_like_J_positive
0.49444444444444446,0.8660254037844386,0.0,0.5,1.7320508075688772,1.7320508075688772,1.7320508075688772,0.34641016151377546,5.999999999999999,2.249999999999999,0.07552711455228686,0.033567606467683066,2.220446049250313e-16,0.0,-0.0,0.0,2.7015556736204687,0.49754404108177797,0.4649928689676449,0.45361504198853125,0.5,1.7320508075688772,1.7320508075688772,False,D_no_TF,anti_like_J_positive
0.49444444444444446,1.299038105676658,0.0,0.7500000000000001,1.7320508075688772,1.7320508075688772,1.7320508075688772,0.34641016151377546,9.0,5.0625,0.23527951289839222,0.046474965510793526,-5.423872553065231e-16,5.423872553065231e-16,-3.2034265038149176e-16,-4.440892098500626e-16,2.448183298209022,0.4994554681492383,0.4336084101800946,0.40452544928094936,0.75,1.7320508075688772,1.7320508075688772,False,D_no_TF,anti_like_J_positive
0.49444444444444446,1.7320508075688772,0.0,1.0,1.7320508075688772,1.7320508075688772,1.7320508075688772,0.34641016151377546,11.999999999999998,8.999999999999996,0.507388917404392,0.05637654637826579,-7.517076032254994e-16,7.517076032254994e-16,-6.406853007629837e-16,-1.1102230246251565e-15,2.3772043051754776,0.5577571796797914,0.42331837387890625,0.38302638290894786,1.0,1.7320508075688772,1.7320508075688772,False,D_no_TF,anti_like_J_positive
0.49444444444444446,2.598076211353316,0.0,1.5000000000000002,1.7320508075688772,1.7320508075688772,1.7320508075688772,0.34641016151377546,18.0,20.25,0.710247711252202,0.03507396104949145,-6.406853007629837e-16,6.406853007629837e-16,-6.406853007629837e-16,-1.3322676295501878e-15,2.3515537885424544,0.44794825311692643,0.42215419182588787,0.39693380726420796,1.5,1.7320508075688772,1.7320508075688772,False,D_no_TF,anti_like_J_positive
0.49444444444444446,3.4641016151377544,0.0,2.0,1.7320508075688772,1.7320508075688772,1.7320508075688772,0.34641016151377546,23.999999999999996,35.999999999999986,1.534657183233233,0.042629366200923155,4.805139755722376e-16,0.0,4.805139755722376e-16,8.881784197001252e-16,1.943842460361076,0.2833391444929707,0.37165250798561494,0.3570082207433766,2.0,1.7320508075688772,1.7320508075688772,False,D_no_TF,anti_like_J_positive
0.49444444444444446,5.196152422706632,0.0,3.0000000000000004,1.7320508075688772,1.7320508075688772,1.7320508075688772,0.34641016151377546,36.0,81.0,5.371032479001169,0.06630904295063171,7.644318602315544e-16,0.0,3.2034265038149176e-16,0.0,2.1985532296647836,0.5420497859747222,0.40327002421428476,0.37318560674411433,3.0,1.7320508075688772,1.7320508075688772,False,D_no_TF,anti_like_J_positive
0.5222222222222223,0.0,0.0,0.0,1.7320508075688772,1.7320508075688772,1.7320508075688772,0.34641016151377546,0.0,0.0,0.0,,-8.881784197001252e-16,8.881784197001252e-16,-0.0,0.0,2.591438139255485,0.4465141986085996,0.4515509372884185,0.4283617079322883,0.0,1.7320508075688772,1.7320508075688772,False,D_no_TF,anti_like_J_positive
0.5222222222222223,0.17320508075688773,0.0,0.1,1.7320508075688772,1.7320508075688772,1.7320508075688772,0.34641016151377546,1.2,0.08999999999999998,0.004525868432375304,0.05028742702639227,-3.3306690738754696e-16,3.3306690738754696e-16,-0.0,2.220446049250313e-16,2.7181952228771484,0.42986438817567907,0.46678714099069324,0.45145950446515615,0.1,1.7320508075688772,1.7320508075688772,False,D_no_TF,anti_like_J_positive
0.5222222222222223,0.4330127018922193,0.0,0.25,1.7320508075688772,1.7320508075688772,1.7320508075688772,0.34641016151377546,2.9999999999999996,0.5624999999999998,0.023226065526708486,0.04129078315859288,0.0,0.0,-0.0,0.0,2.817554634751292,0.4488143903606933,0.47853919217510643,0.46925927680111945,0.25,1.7320508075688772,1.7320508075688772,False,D_no_TF,anti_like_J_positive
0.5222222222222223,0.8660254037844386,0.0,0.5,1.7320508075688772,1.7320508075688772,1.7320508075688772,0.34641016151377546,5.999999999999999,2.249999999999999,0.0933475186990492,0.04148778608846632,2.347688619310865e-16,0.0,-3.2034265038149176e-16,-2.220446049250313e-16,2.644339797346993,0.5197692543233673,0.45808036355301107,0.44057156585067936,0.5,1.7320508075688772,1.7320508075688772,False,D_no_TF,anti_like_J_positive
0.5222222222222223,1.299038105676658,0.0,0.7500000000000001,1.7320508075688772,1.7320508075688772,1.7320508075688772,0.34641016151377546,9.0,5.0625,0.2665524082631577,0.052652327558154605,3.2034265038149176e-16,0.0,3.2034265038149176e-16,4.440892098500626e-16,2.350682546111161,0.5320103246152075,0.42088604347410935,0.38277601713424436,0.75,1.7320508075688772,1.7320508075688772,False,D_no_TF,anti_like_J_positive
0.5222222222222223,1.7320508075688772,0.0,1.0,1.7320508075688772,1.7320508075688772,1.7320508075688772,0.34641016151377546,11.999999999999998,8.999999999999996,0.5188558940826449,0.057650654898071675,-5.423872553065231e-16,5.423872553065231e-16,-3.2034265038149176e-16,-2.220446049250313e-16,2.3445588299815685,0.5726007624160656,0.4188856398944601,0.3733859756013059,1.0,1.7320508075688772,1.7320508075688772,False,D_no_TF,anti_like_J_positive
0.5222222222222223,2.598076211353316,0.0,1.5000000000000002,1.7320508075688772,1.7320508075688772,1.7320508075688772,0.34641016151377546,18.0,20.25,0.7241761483178133,0.03576178510211424,-1.3923929039884833e-15,1.3923929039884833e-15,-1.2813706015259676e-15,-1.3322676295501878e-15,2.3500132958672224,0.38070026774720067,0.4221575635106114,0.3972624749210176,1.5,1.7320508075688772,1.7320508075688772,False,D_no_TF,anti_like_J_positive
0.5222222222222223,3.4641016151377544,0.0,2.0,1.7320508075688772,1.7320508075688772,1.7320508075688772,0.34641016151377546,23.999999999999996,35.999999999999986,1.597086273490096,0.04436350759694713,-4.440892098500626e-16,4.440892098500626e-16,-0.0,6.661338147750939e-16,1.937378714505192,0.2934825637181935,0.3706599954123584,0.35086940743154577,2.0,1.7320508075688772,1.7320508075688772,False,D_no_TF,anti_like_J_positive
0.5222222222222223,5.196152422706632,0.0,3.0000000000000004,1.7320508075688772,1.7320508075688772,1.7320508075688772,0.34641016151377546,36.0,81.0,3.9861915281277898,0.049212241087997405,-1.2813706015259676e-15,1.2813706015259676e-15,-1.2813706015259676e-15,-1.3322676295501878e-15,2.1609510083611148,0.49584519901503127,0.39781852341079793,0.3568739011562214,3.0,1.7320508075688772,1.7320508075688772,False,D_no_TF,anti_like_J_positive
0.55,0.0,0.0,0.0,1.7320508075688772,1.7320508075688772,1.7320508075688772,0.34641016151377546,0.0,0.0,0.0,,8.7545416269407e-16,0.0,3.2034265038149176e-16,3.3306690738754696e-16,2.5523507258292666,0.4478875218921958,0.44690362300754466,0.4247620716197518,0.0,1.7320508075688772,1.7320508075688772,False,D_no_TF,anti_like_J_positive
0.55,0.17320508075688773,0.0,0.1,1.7320508075688772,1.7320508075688772,1.7320508075688772,0.34641016151377546,1.2,0.08999999999999998,0.004715262331377934,0.05239180368197706,3.3306690738754696e-16,0.0,-0.0,2.220446049250313e-16,2.703212787253315,0.42559338733124197,0.4650308017786483,0.4501265734443697,0.1,1.7320508075688772,1.7320508075688772,False,D_no_TF,anti_like_J_positive
0.55,0.4330127018922193,0.0,0.25,1.7320508075688772,1.7320508075688772,1.7320508075688772,0.34641016151377546,2.9999999999999996,0.5624999999999998,0.02517228071969992,0.04475072127946654,-7.517076032254994e-16,7.517076032254994e-16,-6.406853007629837e-16,2.220446049250313e-16,2.8204083306746783,0.4427121434547174,0.47888187199262655,0.4682484550315123,0.25,1.7320508075688772,1.7320508075688772,False,D_no_TF,anti_like_J_positive
0.55,0.8660254037844386,0.0,0.5,1.7320508075688772,1.7320508075688772,1.7320508075688772,0.34641016151377546,5.999999999999999,2.249999999999999,0.10274740251749247,0.04566551222999667,-3.2034265038149176e-16,3.2034265038149176e-16,-3.2034265038149176e-16,-4.440892098500626e-16,2.598373555579917,0.5238700035127779,0.4524089082189295,0.429373439049938,0.5,1.7320508075688772,1.7320508075688772,False,D_no_TF,anti_like_J_positive
0.55,1.299038105676658,0.0,0.7500000000000001,1.7320508075688772,1.7320508075688772,1.7320508075688772,0.34641016151377546,9.0,5.0625,0.27649987702719964,0.05461725965969375,1.1466477903473315e-15,0.0,4.805139755722376e-16,2.220446049250313e-16,2.282761135670558,0.5435424262093529,0.41180377542415453,0.36686882418813493,0.75,1.7320508075688772,1.7320508075688772,False,D_no_TF,anti_like_J_positive
0.55,1.7320508075688772,0.0,1.0,1.7320508075688772,1.7320508075688772,1.7320508075688772,0.34641016151377546,11.999999999999998,8.999999999999996,0.4985860242248135,0.05539844713609041,-6.534095577690387e-16,6.534095577690387e-16,-3.2034265038149176e-16,-6.661338147750939e-16,2.349867799558356,0.5547266856688148,0.41967860331482915,0.3725460337191401,1.0,1.7320508075688772,1.7320508075688772,False,D_no_TF,anti_like_J_positive
0.55,2.598076211353316,0.0,1.5000000000000002,1.7320508075688772,1.7320508075688772,1.7320508075688772,0.34641016151377546,18.0,20.25,0.7749588976657401,0.03826957519336988,-4.186406958379524e-16,4.186406958379524e-16,-6.406853007629837e-16,-4.440892098500626e-16,2.3313303317545744,0.3170746501632705,0.4199140448098544,0.3943623001141121,1.5,1.7320508075688772,1.7320508075688772,False,D_no_TF,anti_like_J_positive
0.55,3.4641016151377544,0.0,2.0,1.7320508075688772,1.7320508075688772,1.7320508075688772,0.34641016151377546,23.999999999999996,35.999999999999986,2.004523667447982,0.05568121298466619,8.500056486819593e-16,0.0,9.61027951144475e-16,4.440892098500626e-16,1.9239304128305443,0.3356820228066757,0.36857552900094964,0.3413718348833133,2.0,1.7320508075688772,1.7320508075688772,False,D_no_TF,anti_like_J_positive
0.55,5.196152422706632,0.0,3.0000000000000004,1.7320508075688772,1.7320508075688772,1.7320508075688772,0.34641016151377546,36.0,81.0,2.8060872337460387,0.034643052268469615,-1.1830725560695069e-15,1.1830725560695069e-15,-9.610279511444756e-16,-1.3322676295501878e-15,2.092376430684892,0.4257527497313821,0.38854002967533924,0.34075471007100055,3.0,1.7320508075688772,1.7320508075688772,False,D_no_TF,anti_like_J_positive
0.64,0.0,0.0,0.0,1.7320508075688772,1.7320508075688772,1.7320508075688772,0.34641016151377546,0.0,0.0,0.0,,-9.829804545646046e-17,9.829804545646046e-17,-3.2034265038149176e-16,-2.220446049250313e-16,2.2412161447930004,0.48105089260611467,0.4091094695425629,0.39182236873994813,0.0,1.7320508075688772,1.7320508075688772,False,D_no_TF,anti_like_J_positive
0.64,0.17320508075688773,0.0,0.1,1.7320508075688772,1.7320508075688772,1.7320508075688772,0.34641016151377546,1.2,0.08999999999999998,0.003302382631164052,0.03669314034626725,-5.16938741294413e-16,5.16938741294413e-16,-9.610279511444756e-16,-4.440892098500626e-16,2.5230703534469674,0.45047661929100846,0.44360233279923356,0.4319114970544196,0.1,1.7320508075688772,1.7320508075688772,False,D_no_TF,anti_like_J_positive
0.64,0.4330127018922193,0.0,0.25,1.7320508075688772,1.7320508075688772,1.7320508075688772,0.34641016151377546,2.9999999999999996,0.5624999999999998,0.01773146427648506,0.031522603158195675,4.313649528440074e-16,0.0,3.2034265038149176e-16,3.3306690738754696e-16,2.8018567248679265,0.43093339412072257,0.4767214018775475,0.4650732742561805,0.25,1.7320508075688772,1.7320508075688772,False,D_no_TF,anti_like_J_positive
0.64,0.8660254037844386,0.0,0.5,1.7320508075688772,1.7320508075688772,1.7320508075688772,0.34641016151377546,5.999999999999999,2.249999999999999,0.07358203185376633,0.032703125268340606,1.2374655946857085e-16,0.0,-3.2034265038149176e-16,-6.661338147750939e-16,2.577923935286079,0.4760967502757497,0.449654104327813,0.41957764427369265,0.5,1.7320508075688772,1.7320508075688772,False,D_no_TF,anti_like_J_positive
0.64,1.299038105676658,0.0,0.7500000000000001,1.7320508075688772,1.7320508075688772,1.7320508075688772,0.34641016151377546,9.0,5.0625,0.18894381788886483,0.03732223563236836,-1.2724257006055198e-17,1.2724257006055198e-17,3.2034265038149176e-16,4.440892098500626e-16,2.339036285594259,0.46362338733925945,0.4193266947484183,0.37425987435016284,0.75,1.7320508075688772,1.7320508075688772,False,D_no_TF,anti_like_J_positive
0.64,1.7320508075688772,0.0,1.0,1.7320508075688772,1.7320508075688772,1.7320508075688772,0.34641016151377546,11.999999999999998,8.999999999999996,0.33966043610275354,0.03774004845586152,6.898343234912136e-16,0.0,8.008566259537293e-16,7.771561172376096e-16,2.530850704347611,0.3979885244653182,0.4435128893645379,0.4063204297927705,1.0,1.7320508075688772,1.7320508075688772,False,D_no_TF,anti_like_J_positive
0.64,2.598076211353316,0.0,1.5000000000000002,1.7320508075688772,1.7320508075688772,1.7320508075688772,0.34641016151377546,18.0,20.25,1.1648767401209394,0.05752477728992294,6.406853007629834e-16,0.0,6.406853007629834e-16,7.771561172376096e-16,2.115318846266042,0.378590120011989,0.3918467297384055,0.3489105111478095,1.5,1.7320508075688772,1.7320508075688772,False,D_no_TF,anti_like_J_positive
0.64,3.4641016151377544,0.0,2.0,1.7320508075688772,1.7320508075688772,1.7320508075688772,0.34641016151377546,23.999999999999996,35.999999999999986,3.488728455699116,0.09690912376941992,-6.823540823731303e-17,6.823540823731303e-17,3.2034265038149176e-16,2.220446049250313e-16,1.9115253441860314,0.49990378043413375,0.36338739406343473,0.30091295357801584,2.0,1.7320508075688772,1.7320508075688772,False,D_no_TF,anti_like_J_positive
0.64,5.196152422706632,0.0,3.0000000000000004,1.7320508075688772,1.7320508075688772,1.7320508075688772,0.34641016151377546,36.0,81.0,4.987706657285195,0.061576625398582656,-5.423872553065231e-16,5.423872553065231e-16,-3.2034265038149176e-16,-8.881784197001252e-16,1.6992470563716762,0.3696521164833415,0.33541170331140935,0.27539325906936135,3.0,1.7320508075688772,1.7320508075688772,False,D_no_TF,anti_like_J_positive
0.73,0.0,0.0,0.0,1.7320508075688772,1.7320508075688772,1.7320508075688772,0.34641016151377546,0.0,0.0,0.0,,-5.123246180873756e-16,5.123246180873756e-16,3.2034265038149176e-16,-2.220446049250313e-16,1.5513744525726607,0.47700789378035313,0.3198062599849333,0.3083237459671647,0.0,1.7320508075688772,1.7320508075688772,False,D_no_TF,anti_like_J_positive
0.73,0.17320508075688773,0.0,0.1,1.7320508075688772,1.7320508075688772,1.7320508075688772,0.34641016151377546,1.2,0.08999999999999998,0.0020490388997412103,0.022767098886013453,-5.296629983004681e-16,5.296629983004681e-16,-6.406853007629837e-16,-8.881784197001252e-16,2.0060596103474633,0.4852072576113897,0.3796910763377919,0.37309136110493996,0.1,1.7320508075688772,1.7320508075688772,False,D_no_TF,anti_like_J_positive
0.73,0.4330127018922193,0.0,0.25,1.7320508075688772,1.7320508075688772,1.7320508075688772,0.34641016151377546,2.9999999999999996,0.5624999999999998,0.01426150041699238,0.025353778519097574,-1.2374655946857085e-16,1.2374655946857085e-16,3.2034265038149176e-16,1.1102230246251565e-16,2.6113740833160684,0.4981966529275076,0.45416135318765494,0.44391139432390114,0.25,1.7320508075688772,1.7320508075688772,False,D_no_TF,anti_like_J_positive
0.73,0.8660254037844386,0.0,0.5,1.7320508075688772,1.7320508075688772,1.7320508075688772,0.34641016151377546,5.999999999999999,2.249999999999999,0.07313285066066237,0.03250348918251662,-2.220446049250313e-16,2.220446049250313e-16,-0.0,0.0,2.6976743512447703,0.5376456606819625,0.4642575011506904,0.4432838698981532,0.5,1.7320508075688772,1.7320508075688772,False,D_no_TF,anti_like_J_positive
0.73,1.299038105676658,0.0,0.7500000000000001,1.7320508075688772,1.7320508075688772,1.7320508075688772,0.34641016151377546,9.0,5.0625,0.1831389580260618,0.03617559664712332,-8.39029396971895e-16,8.39029396971895e-16,1.6017132519074588e-16,-8.881784197001252e-16,2.617246751567417,0.5245176618337144,0.4542979151218453,0.422676331205199,0.75,1.7320508075688772,1.7320508075688772,False,D_no_TF,anti_like_J_positive
0.73,1.7320508075688772,0.0,1.0,1.7320508075688772,1.7320508075688772,1.7320508075688772,0.34641016151377546,11.999999999999998,8.999999999999996,0.3034149113401669,0.033712767926685226,7.644318602315544e-16,0.0,3.2034265038149176e-16,8.881784197001252e-16,2.6352784050873566,0.5065519690022902,0.4558990659410233,0.4158632722188139,1.0,1.7320508075688772,1.7320508075688772,False,D_no_TF,anti_like_J_positive
0.73,2.598076211353316,0.0,1.5000000000000002,1.7320508075688772,1.7320508075688772,1.7320508075688772,0.34641016151377546,18.0,20.25,1.7065134132279962,0.08427226731990105,-1.127561404838249e-15,1.127561404838249e-15,-9.610279511444756e-16,-1.1102230246251565e-15,1.7512150694160855,0.47437661872778303,0.3404981718879877,0.2710503120106318,1.5,1.7320508075688772,1.7320508075688772,False,D_no_TF,anti_like_J_positive
0.73,3.4641016151377544,0.0,2.0,1.7320508075688772,1.7320508075688772,1.7320508075688772,0.34641016151377546,23.999999999999996,35.999999999999986,1.553508711155883,0.0431530197543301,-4.186406958379524e-16,4.186406958379524e-16,-6.406853007629837e-16,-8.881784197001252e-16,2.0991428276739907,0.4803920080421498,0.38636541754974857,0.3153854518263365,2.0,1.7320508075688772,1.7320508075688772,False,D_no_TF,anti_like_J_positive
0.73,5.196152422706632,0.0,3.0000000000000004,1.7320508075688772,1.7320508075688772,1.7320508075688772,0.34641016151377546,36.0,81.0,7.256958373861572,0.08959207868964904,-2.220446049250313e-16,2.220446049250313e-16,-0.0,0.0,1.4541030128954753,0.4235296393068527,0.298069198379073,0.22373364450252126,3.0,1.7320508075688772,1.7320508075688772,False,D_no_TF,anti_like_J_positive
0.8200000000000001,0.0,0.0,0.0,1.7320508075688772,1.7320508075688772,1.7320508075688772,0.34641016151377546,0.0,0.0,0.0,,8.263051399658399e-16,0.0,1.6017132519074588e-16,-2.220446049250313e-16,0.6046609975511207,0.318746179172369,0.17442340936833017,0.16882701816508072,0.0,1.7320508075688772,1.7320508075688772,False,D_no_TF,anti_like_J_positive
0.8200000000000001,0.17320508075688773,0.0,0.1,1.7320508075688772,1.7320508075688772,1.7320508075688772,0.34641016151377546,1.2,0.08999999999999998,0.007146147791848266,0.07940164213164741,4.677897185661823e-16,0.0,8.008566259537293e-16,3.3306690738754696e-16,1.1855159810144622,0.3907057265053631,0.2680120494004208,0.25785677472628776,0.1,1.7320508075688772,1.7320508075688772,False,D_no_TF,anti_like_J_positive
0.8200000000000001,0.4330127018922193,0.0,0.25,1.7320508075688772,1.7320508075688772,1.7320508075688772,0.34641016151377546,2.9999999999999996,0.5624999999999998,0.05173963746924032,0.09198157772309394,-2.347688619310865e-16,2.347688619310865e-16,3.2034265038149176e-16,-4.440892098500626e-16,2.1850490330769494,0.4884333753924426,0.402086461694507,0.38619562472713503,0.25,1.7320508075688772,1.7320508075688772,False,D_no_TF,anti_like_J_positive
0.8200000000000001,0.8660254037844386,0.0,0.5,1.7320508075688772,1.7320508075688772,1.7320508075688772,0.34641016151377546,5.999999999999999,2.249999999999999,0.2238935050168136,0.09950822445191719,-6.187327973428543e-17,6.187327973428543e-17,1.6017132519074588e-16,4.440892098500626e-16,2.731179657741775,0.5966345795467429,0.46829507044604163,0.45304955190681384,0.5,1.7320508075688772,1.7320508075688772,False,D_no_TF,anti_like_J_positive
0.8200000000000001,1.299038105676658,0.0,0.7500000000000001,1.7320508075688772,1.7320508075688772,1.7320508075688772,0.34641016151377546,9.0,5.0625,0.3944760377245359,0.07792119263694536,1.5034152064509978e-15,0.0,1.2813706015259665e-15,1.2212453270876722e-15,2.702562650378106,0.6078181521005688,0.4639870124482788,0.4250900600858724,0.75,1.7320508075688772,1.7320508075688772,False,D_no_TF,anti_like_J_positive
0.8200000000000001,1.7320508075688772,0.0,1.0,1.7320508075688772,1.7320508075688772,1.7320508075688772,0.34641016151377546,11.999999999999998,8.999999999999996,0.34043335075482317,0.037825927861647034,-4.313649528440074e-16,4.313649528440074e-16,-3.2034265038149176e-16,-2.220446049250313e-16,2.4280346403030553,0.579811625849949,0.4282551863624553,0.3670434660035126,1.0,1.7320508075688772,1.7320508075688772,False,D_no_TF,anti_like_J_positive
0.8200000000000001,2.598076211353316,0.0,1.5000000000000002,1.7320508075688772,1.7320508075688772,1.7320508075688772,0.34641016151377546,18.0,20.25,1.1361447164226497,0.05610591192210616,1.283606826756076e-16,0.0,9.61027951144475e-16,1.6653345369377348e-15,1.579055469142113,0.4663944810076428,0.318260778555478,0.25412537090464643,1.5,1.7320508075688772,1.7320508075688772,False,D_no_TF,anti_like_J_positive
0.8200000000000001,3.4641016151377544,0.0,2.0,1.7320508075688772,1.7320508075688772,1.7320508075688772,0.34641016151377546,23.999999999999996,35.999999999999986,2.6985663264650572,0.07496017573514051,6.406853007629834e-16,0.0,6.406853007629834e-16,8.881784197001252e-16,2.3369434778874623,0.5369587096589692,0.4192310863886839,0.3732658245470267,2.0,1.7320508075688772,1.7320508075688772,False,D_no_TF,anti_like_J_positive
0.8200000000000001,5.196152422706632,0.0,3.0000000000000004,1.7320508075688772,1.7320508075688772,1.7320508075688772,0.34641016151377546,36.0,81.0,2.5754154972698124,0.03179525305271373,-6.534095577690387e-16,6.534095577690387e-16,-3.2034265038149176e-16,-6.661338147750939e-16,1.944090221326885,0.5138769171089768,0.3684020213933086,0.313970550068068,3.0,1.7320508075688772,1.7320508075688772,False,D_no_TF,anti_like_J_positive
0.91,0.0,0.0,0.0,1.7320508075688772,1.7320508075688772,1.7320508075688772,0.34641016151377546,0.0,0.0,0.0,,3.3355479836516544e-15,0.0,-0.0,0.0,0.001991591191329454,0.01358855391167496,0.006438310277450293,0.006239384772812681,0.0,1.7320508075688772,1.7320508075688772,False,D_no_TF,anti_like_J_positive
0.91,0.17320508075688773,0.0,0.1,1.7320508075688772,1.7320508075688772,1.7320508075688772,0.34641016151377546,1.2,0.08999999999999998,0.011965478704036093,0.13294976337817885,0.0,0.0,-0.0,-2.220446049250313e-16,0.5277700044504204,0.1464835744133716,0.16015386040238905,0.15395002495935342,0.1,1.7320508075688772,1.7320508075688772,False,D_no_TF,anti_like_J_positive
0.91,0.4330127018922193,0.0,0.25,1.7320508075688772,1.7320508075688772,1.7320508075688772,0.34641016151377546,2.9999999999999996,0.5624999999999998,0.08887982005231726,0.1580085689818974,1.294094858532022e-15,0.0,9.61027951144475e-16,6.661338147750939e-16,1.7302492813234154,0.3295985149317968,0.34380163938814406,0.3326743612901007,0.25,1.7320508075688772,1.7320508075688772,False,D_no_TF,anti_like_J_positive
0.91,0.8660254037844386,0.0,0.5,1.7320508075688772,1.7320508075688772,1.7320508075688772,0.34641016151377546,5.999999999999999,2.249999999999999,0.3655789493405379,0.16247953304023913,1.010176973872705e-15,0.0,1.1211992763352207e-15,8.881784197001252e-16,2.5621928780341974,0.5142566476936221,0.4480440587981343,0.42410116055583713,0.5,1.7320508075688772,1.7320508075688772,False,D_no_TF,anti_like_J_positive
0.91,1.299038105676658,0.0,0.7500000000000001,1.7320508075688772,1.7320508075688772,1.7320508075688772,0.34641016151377546,9.0,5.0625,0.5384108182665401,0.10635275422548941,3.822159301157772e-16,0.0,1.6017132519074588e-16,2.220446049250313e-16,2.454256274416343,0.5350081058498655,0.43231880209953716,0.37673183356536855,0.75,1.7320508075688772,1.7320508075688772,False,D_no_TF,anti_like_J_positive
0.91,1.7320508075688772,0.0,1.0,1.7320508075688772,1.7320508075688772,1.7320508075688772,0.34641016151377546,11.999999999999998,8.999999999999996,0.35843553673175627,0.039826170747972935,-3.4579116439360216e-16,3.4579116439360216e-16,3.2034265038149176e-16,4.440892098500626e-16,1.9594759505359365,0.4835705229755839,0.37033730834011624,0.31449036946703784,1.0,1.7320508075688772,1.7320508075688772,False,D_no_TF,anti_like_J_positive
0.91,2.598076211353316,0.0,1.5000000000000002,1.7320508075688772,1.7320508075688772,1.7320508075688772,0.34641016151377546,18.0,20.25,1.3039893190033653,0.06439453427177112,5.423872553065231e-16,0.0,3.2034265038149176e-16,6.661338147750939e-16,1.699446287816209,0.4866427732694061,0.33874460692235114,0.316906570516171,1.5,1.7320508075688772,1.7320508075688772,False,D_no_TF,anti_like_J_positive
0.91,3.4641016151377544,0.0,2.0,1.7320508075688772,1.7320508075688772,1.7320508075688772,0.34641016151377546,23.999999999999996,35.999999999999986,2.6153569536916015,0.07264880426921118,1.1703482990634508e-15,0.0,1.2813706015259665e-15,1.5543122344752192e-15,2.2561976830005945,0.5047238188863781,0.4095103886336358,0.38069699327191925,2.0,1.7320508075688772,1.7320508075688772,False,D_no_TF,anti_like_J_positive
0.91,5.196152422706632,0.0,3.0000000000000004,1.7320508075688772,1.7320508075688772,1.7320508075688772,0.34641016151377546,36.0,81.0,5.828972873155623,0.07196262806364967,-1.0974987676191014e-15,1.0974987676191014e-15,-3.2034265038149176e-16,2.220446049250313e-16,2.206237665188252,0.48754248697243185,0.4032739110214629,0.37834485585610944,3.0,1.7320508075688772,1.7320508075688772,False,D_no_TF,anti_like_J_positive
1.0,0.0,0.0,0.0,1.7320508075688772,1.7320508075688772,1.7320508075688772,0.34641016151377546,0.0,0.0,0.0,,1.7925771069982868e-16,0.0,-3.2034265038149176e-16,1.1102230246251565e-16,0.6693638282588839,0.33562459807009454,0.18593608087928193,0.17993735887762716,0.0,1.7320508075688772,1.7320508075688772,False,D_no_TF,anti_like_J_positive
1.0,0.17320508075688773,0.0,0.1,1.7320508075688772,1.7320508075688772,1.7320508075688772,0.34641016151377546,1.2,0.08999999999999998,0.01448016159848531,0.1608906844276146,-6.834721949881865e-16,6.834721949881865e-16,-9.610279511444756e-16,-1.3322676295501878e-15,0.7772283567324119,0.2855155169117113,0.20436104250796314,0.19723109018576954,0.1,1.7320508075688772,1.7320508075688772,False,D_no_TF,anti_like_J_positive
1.0,0.4330127018922193,0.0,0.25,1.7320508075688772,1.7320508075688772,1.7320508075688772,0.34641016151377546,2.9999999999999996,0.5624999999999998,0.11245065607995604,0.1999122774754775,-8.7545416269407e-16,8.7545416269407e-16,-3.2034265038149176e-16,-2.220446049250313e-16,1.6411372146500158,0.2968913903348042,0.3320416397144252,0.3253572318095219,0.25,1.7320508075688772,1.7320508075688772,False,D_no_TF,anti_like_J_positive
1.0,0.8660254037844386,0.0,0.5,1.7320508075688772,1.7320508075688772,1.7320508075688772,0.34641016151377546,5.999999999999999,2.249999999999999,0.4433925362736749,0.1970633494549667,1.2813706015259665e-15,0.0,1.2813706015259665e-15,1.7763568394002505e-15,2.352696675135835,0.3892173358369368,0.42233337125688664,0.3924218527508563,0.5,1.7320508075688772,1.7320508075688772,False,D_no_TF,anti_like_J_positive
1.0,1.299038105676658,0.0,0.7500000000000001,1.7320508075688772,1.7320508075688772,1.7320508075688772,0.34641016151377546,9.0,5.0625,0.5628575814409015,0.11118174448215337,-1.965960909129211e-16,1.965960909129211e-16,-6.406853007629837e-16,-1.3322676295501878e-15,2.052407964340183,0.476831270909832,0.3842786262197242,0.34575706650846477,0.75,1.7320508075688772,1.7320508075688772,False,D_no_TF,anti_like_J_positive
1.0,1.7320508075688772,0.0,1.0,1.7320508075688772,1.7320508075688772,1.7320508075688772,0.34641016151377546,11.999999999999998,8.999999999999996,0.4384133586095961,0.048712595401066254,-4.313649528440074e-16,4.313649528440074e-16,-3.2034265038149176e-16,-4.440892098500626e-16,1.516972224089462,0.44550189151765884,0.310217371613335,0.2527005386556798,1.0,1.7320508075688772,1.7320508075688772,False,D_no_TF,anti_like_J_positive
1.0,2.598076211353316,0.0,1.5000000000000002,1.7320508075688772,1.7320508075688772,1.7320508075688772,0.34641016151377546,18.0,20.25,3.2891627007144932,0.1624277876896046,-1.157624042057397e-15,1.157624042057397e-15,-1.6017132519074597e-15,-2.6645352591003757e-15,1.7965862475506238,0.4747268917825275,0.35055187036654095,0.30793921441913485,1.5,1.7320508075688772,1.7320508075688772,False,D_no_TF,anti_like_J_positive
1.0,3.4641016151377544,0.0,2.0,1.7320508075688772,1.7320508075688772,1.7320508075688772,0.34641016151377546,23.999999999999996,35.999999999999986,1.022443866360041,0.02840121851000115,5.423872553065231e-16,0.0,3.2034265038149176e-16,8.881784197001252e-16,1.6863484118430287,0.48202821183964595,0.3380847822986248,0.32871526026633396,2.0,1.7320508075688772,1.7320508075688772,False,D_no_TF,anti_like_J_positive
1.0,5.196152422706632,0.0,3.0000000000000004,1.7320508075688772,1.7320508075688772,1.7320508075688772,0.34641016151377546,36.0,81.0,2.179468498696002,0.026907018502419774,8.991546714101894e-16,0.0,1.1211992763352207e-15,1.1102230246251565e-15,1.7965997580948487,0.4807987730809491,0.3521744789245754,0.3291624223823703,3.0,1.7320508075688772,1.7320508075688772,False,D_no_TF,anti_like_J_positive
