t,J_AB,J_BC,J_AC,J_CD,comm_max,J_tot,J_rho_exp,eta,I3,I3_minus,S_ABC,S_L,P_pair,N_pair_sum,N_tri_geom,N_tri_min,sample_id
0.1,0.23903836908175324,1.2237846610975005,-0.7520505045359729,0.34641016151377546,0.0,1.1102230246251565e-16,3.9252311467094385e-17,,-3.550371199010279e-16,3.550371199010279e-16,-3.2034265038149176e-16,-2.220446049250313e-16,0.25350831873037755,0.1741709042184279,0.09665263620974893,0.06542264635119145,0
0.1,1.1490269485077658,-1.7152106725225158,-1.5913363092128985,0.34641016151377546,0.0,0.0,0.0,,6.511024961655202e-16,0.0,-3.2034265038149176e-16,-2.220446049250313e-16,0.6139920009263292,0.3161920437599047,0.17513398655417414,0.15738636159873798,1
0.1,0.4416229228250983,-0.30287960059849706,1.4929965586514435,0.34641016151377546,0.0,1.1102230246251565e-16,3.925231146709437e-17,,-1.0535583425921394e-15,1.0535583425921394e-15,3.2034265038149176e-16,0.0,0.2609945858733458,0.16900193242089034,0.0895239949174732,0.04478958048272685,2
0.1,0.37931429681760376,-0.41030333363658844,0.7279338292561475,0.34641016151377546,0.0,0.0,0.0,,2.85071415461076e-16,0.0,1.6017132519074588e-16,0.0,0.1114992247750824,0.12170851111840228,0.06121140644709866,0.04784912022403868,3
0.1,-0.7457701186379796,0.9443271918532634,-1.0369575398023119,0.34641016151377546,0.0,0.0,0.0,,6.41803413378039e-17,0.0,4.805139755722376e-16,0.0,0.2820907141639848,0.20984135479456084,0.10865900335558111,0.10300504337331977,4
0.1,-1.0393816504953939,-0.48751592052226767,-1.2387025972798442,0.34641016151377546,0.0,0.0,0.0,,2.3551688604289484e-15,0.0,8.008566259537293e-16,-2.220446049250313e-16,0.29632646887528863,0.20769834241742408,0.1107790093442982,0.09383140457922172,5
0.1,-0.3201039984597871,0.6055714975128308,1.7174381163059644,0.34641016151377546,0.0,2.220446049250313e-16,7.850462293418876e-17,,-2.96642141665372e-16,2.96642141665372e-16,4.805139755722376e-16,-2.220446049250313e-16,0.3385396383241288,0.1982469017896641,0.10873625582729247,0.06007838094741728,6
0.1,-1.1995582269920488,-0.33959749267388917,-1.7225853882082527,0.34641016151377546,0.0,4.440892098500626e-16,1.5700924586837754e-16,,-1.5970991287004219e-15,1.5970991287004219e-15,-3.2034265038149176e-16,-2.220446049250313e-16,0.41942926117945334,0.23501018040361107,0.13440455782539384,0.10052047228005836,7
0.1,1.2843803976241714,0.6212613696618683,-0.43741543755407886,0.34641016151377546,0.0,0.0,0.0,,-1.6676415985412535e-15,1.6676415985412535e-15,-6.406853007629837e-16,-2.220446049250313e-16,0.23867257413278262,0.17785938202226798,0.09428217185602004,0.0664684007995377,8
0.1,0.5809174655674081,0.9845901814124836,1.3741155776313452,0.34641016151377546,0.0,0.0,0.0,,-6.38378239159465e-16,6.38378239159465e-16,-0.0,0.0,0.3381670970019264,0.22254180423227887,0.11979219148272005,0.09925754147874927,9
0.1,1.3347983182637662,-0.30200206385017103,0.9081366188820872,0.34641016151377546,0.0,0.0,0.0,,5.360251268034954e-16,0.0,4.805139755722376e-16,-2.220446049250313e-16,0.2754459694002461,0.18963104989961568,0.10433286693114004,0.08004927719820769,10
0.1,-1.0087645660827893,0.20773599817172728,1.0282737311517098,0.34641016151377546,0.0,0.0,0.0,,-3.3827550508881535e-16,3.3827550508881535e-16,4.805139755722376e-16,0.0,0.22942649454967706,0.1704207457156807,0.09448409457902134,0.08300743140395167,11
0.1,1.0115935900141189,0.9458458169288648,-1.388303071313187,0.34641016151377546,0.0,8.881784197001252e-16,3.14018491736755e-16,,1.2374655946857085e-16,0.0,-3.2034265038149176e-16,1.1102230246251565e-16,0.38662077476708634,0.2463167959282726,0.13145212921377505,0.11627279948750426,12
0.1,-1.2669107550445606,-0.5399086563981379,1.6222392441549491,0.34641016151377546,0.0,8.881784197001252e-16,3.1401849173675503e-16,,-2.96642141665372e-16,2.96642141665372e-16,4.805139755722376e-16,0.0,0.42414251989162277,0.24578129783217612,0.13733357092153045,0.11176144538833437,13
0.1,0.6802437811306463,0.21226461004344221,-1.0524854966715649,0.34641016151377546,0.0,0.0,0.0,,6.597716862720664e-16,0.0,1.6017132519074588e-16,-4.440892098500626e-16,0.184753268829607,0.14922729063579074,0.08092486142847581,0.05797065639703246,14
0.1,-0.35905788250262183,-1.5471450030645337,0.4763776184469881,0.34641016151377546,0.0,0.0,0.0,,1.58441028988107e-16,0.0,-3.2034265038149176e-16,0.0,0.3103226983960937,0.18460665191452025,0.0991491752625574,0.0491021383852115,15
0.1,1.2155301807068848,1.2447853227816292,0.8688882837515393,0.34641016151377546,0.0,8.881784197001252e-16,3.140184917367551e-16,,2.0180468861418925e-16,0.0,1.6017132519074588e-16,-2.220446049250313e-16,0.3879856971207987,0.24933812157512064,0.13184989187936264,0.12002163014038575,16
0.1,-0.7458770592272095,-0.41821377817773153,-0.8512260597535674,0.34641016151377546,0.0,0.0,0.0,,3.822159301157772e-16,0.0,1.6017132519074588e-16,-4.440892098500626e-16,0.17285934975889605,0.15730071498231174,0.08046258241453579,0.07065179616899098,17
0.1,0.26845533021108636,-1.396161071255508,-0.268748119820726,0.34641016151377546,0.0,5.551115123125783e-17,1.962615573354719e-17,,1.5132512091793173e-15,0.0,6.406853007629834e-16,0.0,0.24863183579959064,0.15328768442631346,0.07899012062647098,0.031176031731767636,18
0.1,1.7106027288021326,-0.7804359159120451,1.6206418527851274,0.34641016151377546,0.0,1.7763568394002505e-15,6.280369834735101e-16,,-1.528863720463109e-15,1.528863720463109e-15,-6.406853007629837e-16,-2.220446049250313e-16,0.5381473889624289,0.28848179187057676,0.16097453484595534,0.14899693337052264,19
0.1,0.6414151323764461,0.7044889572711721,-1.2502586814762102,0.34641016151377546,0.0,4.440892098500626e-16,1.5700924586837752e-16,,1.7509083253881399e-15,0.0,6.406853007629834e-16,0.0,0.2706152147709918,0.19774547778965965,0.10396411239858036,0.08128908100661088,20
0.1,-1.1562768552413036,1.676859654550248,0.9568604301060546,0.34641016151377546,0.0,8.881784197001252e-16,3.14018491736755e-16,,3.405825666923338e-16,0.0,1.6017132519074588e-16,1.1102230246251565e-16,0.4946872221041336,0.27753399253694233,0.15115459897877553,0.12079720110785055,21
0.1,-1.357686234954258,-1.6947539612541207,0.5962926872373999,0.34641016151377546,0.0,0.0,0.0,,-1.0998058292226202e-15,1.0998058292226202e-15,-9.610279511444756e-16,-4.440892098500626e-16,0.49187859793752986,0.26391428608109246,0.14992260450792305,0.11854065747497362,22
0.1,-1.2221078687929732,1.7227577919008659,-0.4173693679621284,0.34641016151377546,0.0,4.440892098500626e-16,1.5700924586837752e-16,,4.602740592613955e-16,0.0,6.406853007629834e-16,-2.220446049250313e-16,0.4612494254555193,0.24837380499500641,0.14192518947147675,0.10346914961226159,23
0.1,0.9794621531015149,-1.338625764754287,-0.23897784204186245,0.34641016151377546,0.0,0.0,0.0,,4.810907409731172e-16,0.0,6.406853007629834e-16,1.1102230246251565e-16,0.3114776923499225,0.1967446585182209,0.11128834526554737,0.08103480677135826,24
0.1,0.43123961662912924,-1.678328674169655,-1.1784718600791502,0.34641016151377546,0.0,4.440892098500626e-16,1.5700924586837752e-16,,7.997030951519701e-16,0.0,4.805139755722376e-16,0.0,0.4490116435981556,0.24605184647678394,0.1398906492073102,0.1032383603685956,25
0.1,-1.2485489782497636,0.5393698808059,-0.2586043170159573,0.34641016151377546,0.0,0.0,0.0,,-4.909311709747744e-16,4.909311709747744e-16,4.805139755722376e-16,-2.220446049250313e-16,0.20809855060038715,0.1565133486774603,0.08418810255259697,0.05295719539388489,26
0.1,0.8639959603054068,0.2324976353593633,-0.5975345856353298,0.34641016151377546,0.0,0.0,0.0,,5.851741495317256e-16,0.0,6.406853007629834e-16,1.1102230246251565e-16,0.13856773872356365,0.13159264551661698,0.06928626397661924,0.05395050001376706,27
0.1,-0.967276479328766,-0.9151054150731084,0.7575527148051826,0.34641016151377546,0.0,0.0,0.0,,4.527583999566087e-16,0.0,4.805139755722376e-16,-4.440892098500626e-16,0.26402791802107584,0.20222790266272805,0.1045632497366812,0.09937491481999831,28
0.1,0.5642627220543766,-1.4856162066868674,-1.1388953226446101,0.34641016151377546,0.0,0.0,0.0,,-1.5031318609573715e-17,1.5031318609573715e-17,-3.2034265038149176e-16,1.1102230246251565e-16,0.4017092090161939,0.24040672106252514,0.1322011779841188,0.1042253066291325,29
0.1,-1.1626131925248244,-0.57690475073946,1.024205570754881,0.34641016151377546,0.0,0.0,0.0,,-6.661338147750939e-16,6.661338147750939e-16,-0.0,-4.440892098500626e-16,0.28703815849922043,0.20716935559584648,0.1093936718523449,0.09904987364549746,30
0.1,1.1767787328594368,0.40926821802312174,0.5085258058836772,0.34641016151377546,0.0,0.0,0.0,,1.8064194766193977e-15,0.0,6.406853007629834e-16,0.0,0.1987033883821898,0.16069977700831878,0.08345349133531055,0.056021051796502935,31
0.1,-0.9136952342163449,-0.32531887115837077,1.5890799636491755,0.34641016151377546,0.0,2.220446049250313e-16,7.850462293418876e-17,,1.879269008063748e-16,0.0,1.6017132519074588e-16,-4.440892098500626e-16,0.3406265938429789,0.2072299772655459,0.11595773621145128,0.07887786201484649,32
0.1,1.6125131713355065,-0.5136884695324873,-1.5788608723325144,0.34641016151377546,0.0,0.0,0.0,,2.6483149915023394e-16,0.0,3.2034265038149176e-16,0.0,0.47910769207851156,0.2649088613030256,0.14900905004616652,0.1354856462708823,33
0.1,-1.5918049870177537,-0.5816149020606456,-1.3187940691780349,0.34641016151377546,0.0,0.0,0.0,,3.2034265038149176e-16,0.0,3.2034265038149176e-16,0.0,0.4274244358936069,0.25244395700486877,0.13885880336902243,0.12015090566483243,34
0.1,-0.5653357768213361,-1.3177785585290211,-1.709997931079138,0.34641016151377546,0.0,0.0,0.0,,-1.0547118733938987e-15,1.0547118733938987e-15,-0.0,1.1102230246251565e-16,0.4807302688538294,0.2631016281050499,0.14872506585495718,0.12515883867982874,35
0.1,-0.3495930444069466,-1.3108521207349477,1.7306695170215924,0.34641016151377546,0.0,4.440892098500626e-16,1.5700924586837754e-16,,4.440892098500626e-16,0.0,-0.0,-2.220446049250313e-16,0.47001658832271737,0.24900993529670276,0.14595587983690533,0.11968621722653859,36
0.1,-0.8399900564845603,0.44337287956293947,0.26795745212344624,0.34641016151377546,0.0,0.0,0.0,,-1.7925771069982868e-16,1.7925771069982868e-16,3.2034265038149176e-16,-2.220446049250313e-16,0.12161269219428858,0.12285066874373683,0.06329348253018595,0.04563112201724029,37
0.1,-0.9452902751603237,-1.611618690162787,0.7802208265268824,0.34641016151377546,0.0,0.0,0.0,,-2.5448514012110495e-17,2.5448514012110495e-17,6.406853007629834e-16,1.1102230246251565e-16,0.4226383539439649,0.24712510399952298,0.13502175796152505,0.09922302419580638,38
0.1,0.5372661574018851,-1.358078448880537,-1.2677325665518584,0.34641016151377546,0.0,4.440892098500626e-16,1.570092458683775e-16,,-8.326672684688674e-17,8.326672684688674e-17,-0.0,1.1102230246251565e-16,0.3924544890543664,0.23866708734949785,0.1314407762371498,0.11286550131970541,39
0.1,1.7235474441740397,-0.7293399614090366,1.509235509905158,0.34641016151377546,0.0,8.881784197001252e-16,3.14018491736755e-16,,3.758538016127496e-16,0.0,3.2034265038149176e-16,1.1102230246251565e-16,0.5109552208948962,0.2795759271108326,0.15563923041883662,0.139277482547964,40
0.1,1.6753422671286562,-0.34632614861173394,0.9989636065098728,0.34641016151377546,0.0,0.0,0.0,,6.938893903907228e-16,0.0,-0.0,0.0,0.36730134894557526,0.21875446676943297,0.12294552587063542,0.08836305883219212,41
0.1,-0.21402464971882185,1.3835497892183293,-0.802386447008897,0.34641016151377546,0.0,1.1102230246251565e-16,3.925231146709438e-17,,1.3611767359675761e-15,0.0,3.2034265038149176e-16,-2.220446049250313e-16,0.2990245720908023,0.18802383983716903,0.10580647387934108,0.06887624643865538,42
0.1,1.6661624417886776,0.758948107040073,1.1527047512067594,0.34641016151377546,0.0,0.0,0.0,,6.684408763786123e-16,0.0,6.406853007629834e-16,1.1102230246251565e-16,0.43433827074515596,0.25946459283914947,0.1400993937283968,0.11638450481017523,43
0.1,-1.587060528811786,-0.30352816516052417,0.6596818003173563,0.34641016151377546,0.0,0.0,0.0,,-1.5150213508419977e-16,1.5150213508419977e-16,3.2034265038149176e-16,0.0,0.2951235610087569,0.18706867814056044,0.10251822786381508,0.061254684551741025,44
0.1,-1.1170312317579971,1.1772709925225233,1.1018607333382464,0.34641016151377546,0.0,8.881784197001252e-16,3.1401849173675503e-16,,8.893319505018846e-16,0.0,3.2034265038149176e-16,-2.220446049250313e-16,0.3929718170531733,0.2539898089770835,0.13338758662204392,0.12643403575791576,45
0.1,1.2489544708368343,-0.8971430868810255,-0.37591352080659446,0.34641016151377546,0.0,0.0,0.0,,-9.159339953157541e-16,9.159339953157541e-16,-0.0,0.0,0.271493292879049,0.19298959380256794,0.10445795703535297,0.08599257997288769,46
0.1,-1.006112155808427,-1.5333537456194926,-1.5466149727815466,0.34641016151377546,0.0,0.0,0.0,,5.551115123125783e-16,0.0,-0.0,1.1102230246251565e-16,0.5411097847293487,0.2946789127742004,0.16182728233991456,0.14871284431986115,47
0.1,-0.8580964651561878,1.5866867352090104,-1.2619671064070093,0.34641016151377546,0.0,8.881784197001252e-16,3.140184917367551e-16,,-6.106226635438361e-16,6.106226635438361e-16,-0.0,-2.220446049250313e-16,0.4798333737259303,0.27305221048495054,0.14896480950048072,0.1239240801926844,48
0.1,0.311198635895078,1.5472839595250854,0.8638093555383617,0.34641016151377546,0.0,0.0,0.0,,8.627299056880147e-16,0.0,6.406853007629834e-16,2.220446049250313e-16,0.35494924668533023,0.209429122859545,0.1173915176880105,0.07593976902627686,49
0.1,1.590821010880096,-0.28275003404790966,0.8144921177572702,0.34641016151377546,0.0,0.0,0.0,,1.4155343563970746e-15,0.0,-0.0,1.1102230246251565e-16,0.31538330674027865,0.1969102418182357,0.10970649047882486,0.07224530059058233,50
0.1,-1.189977430064097,0.3380155827662952,0.9588157022490464,0.34641016151377546,0.0,2.220446049250313e-16,7.850462293418876e-17,,6.886807926894544e-16,0.0,4.805139755722376e-16,0.0,0.2577069971890771,0.18786145337966925,0.10139324031326939,0.08503725041655769,51
0.1,-1.6513138030581238,-0.17624099937703241,-1.5709774796442422,0.34641016151377546,0.0,2.220446049250313e-16,7.850462293418876e-17,,-3.411770411865651e-17,3.411770411865651e-17,1.6017132519074588e-16,-2.220446049250313e-16,0.46486901680573206,0.2423525636092669,0.14548910933199108,0.1299540279212582,52
0.1,1.6260364314046,0.7292801134752405,-0.24308824701737008,0.34641016151377546,0.0,0.0,0.0,,2.3071379503157738e-16,0.0,4.805139755722376e-16,-2.220446049250313e-16,0.31652398562904555,0.19268295389264767,0.10859367667790738,0.06836759165085449,53
0.1,-1.2450373484605088,0.41136125114862576,1.4251233086202415,0.34641016151377546,0.0,4.440892098500626e-16,1.5700924586837752e-16,,-5.57418573916097e-16,5.57418573916097e-16,-6.406853007629837e-16,-2.220446049250313e-16,0.36453645416374464,0.22693585952371426,0.1253607357870789,0.1058902352080804,54
0.1,-1.6020975340862083,0.5423632347995815,-1.1444218660990426,0.34641016151377546,0.0,4.440892098500626e-16,1.570092458683775e-16,,2.156824764220037e-16,0.0,1.6017132519074588e-16,1.1102230246251565e-16,0.39282335396830814,0.23854237930786523,0.1309606573886677,0.10608634764636887,55
0.1,-1.3786346592503755,1.3639857465697642,-1.085981130938544,0.34641016151377546,0.0,1.7763568394002505e-15,6.280369834735101e-16,,1.4108493968166299e-16,0.0,6.406853007629834e-16,0.0,0.4759764043398441,0.2788532147177405,0.1499369276034702,0.14024671617402454,56
0.1,1.1172156734336984,-0.6503709457462308,-0.7230690076428572,0.34641016151377546,0.0,0.0,0.0,,1.8330215214332676e-15,0.0,3.2034265038149176e-16,1.1102230246251565e-16,0.24166366615574786,0.19143591867214677,0.09831258479792492,0.08348143588493337,57
0.1,-0.2635984822440405,0.46865871468885034,0.8478632262170023,0.34641016151377546,0.0,0.0,0.0,,1.9712226341105325e-15,0.0,1.6017132519074588e-16,-2.220446049250313e-16,0.12987767677694043,0.1264321006289765,0.06569954030248999,0.04711799193860061,58
0.1,-0.3241479043018418,-0.47697026247216523,-0.5144207582672236,0.34641016151377546,0.0,0.0,0.0,,1.096345236817342e-15,0.0,-0.0,1.1102230246251565e-16,0.08578761394356149,0.10724468911957108,0.053383608392040774,0.050129047749695656,59
0.1,0.34458798398338875,-0.2937224545526811,-1.4579492680577597,0.34641016151377546,0.0,0.0,0.0,,-5.551115123125783e-16,5.551115123125783e-16,-0.0,-4.440892098500626e-16,0.2446443042883273,0.159256116919371,0.08331631410115865,0.03831502552199384,60
0.1,1.2128401677106675,-1.6227998926921459,-1.5243042611580304,0.34641016151377546,0.0,0.0,0.0,,9.928385936596133e-16,0.0,1.6017132519074588e-16,0.0,0.587250572076432,0.3111834381711886,0.17063264806944636,0.15599990154382884,61
0.1,1.1439242177803735,1.0935511003358123,-0.1825404128913013,0.34641016151377546,0.0,0.0,0.0,,-4.290578912404889e-16,4.290578912404889e-16,3.2034265038149176e-16,0.0,0.2809303364957396,0.18566273929876728,0.10665122116838793,0.0928147741690466,62
0.1,1.6765458870186563,-0.5477530157066457,-0.8261983940077114,0.34641016151377546,0.0,0.0,0.0,,1.0824674490095276e-15,0.0,-0.0,0.0,0.35922472408657324,0.22415662266212266,0.12069842527594518,0.08417331204846984,63
0.1,1.3766264275272588,-1.025162562032063,0.939918975193986,0.34641016151377546,0.0,0.0,0.0,,2.3071379503157738e-16,0.0,4.805139755722376e-16,0.0,0.38324638225442376,0.24766072434879083,0.13100076524838314,0.1193704976298832,64
0.1,1.3525990587436119,-0.8430016349653986,-0.25061228466055296,0.34641016151377546,0.0,0.0,0.0,,-8.239980783623213e-16,8.239980783623213e-16,4.805139755722376e-16,0.0,0.27542265585186065,0.18636709917977556,0.10389461187795156,0.07822221027520397,65
0.1,0.6135543862812409,-0.9995066554515395,-1.1710290938060521,0.34641016151377546,0.0,4.440892098500626e-16,1.5700924586837754e-16,,7.100742398020557e-16,0.0,6.406853007629834e-16,-2.220446049250313e-16,0.30274225254080633,0.2136960455908521,0.1128089700867692,0.10161475840642817,66
0.1,0.30361775609626207,0.99353347970886,1.2102986118933092,0.34641016151377546,0.0,2.220446049250313e-16,7.850462293418876e-17,,1.5138324018535351e-15,0.0,3.2034265038149176e-16,-2.220446049250313e-16,0.2856298220826294,0.19391122693177842,0.10782863626550064,0.09195605198591358,67
0.1,0.2627101679791368,-0.9806886160958251,1.7043781216737335,0.34641016151377546,0.0,2.220446049250313e-16,7.850462293418875e-17,,-9.07264805209208e-16,9.07264805209208e-16,4.805139755722376e-16,1.1102230246251565e-16,0.39209127944457844,0.22186319992313486,0.12741752479707524,0.09006199556657868,68
0.1,-0.33180895425716317,1.1468498011975239,-0.6063967946349933,0.34641016151377546,0.0,1.1102230246251565e-16,3.925231146709437e-17,,4.163336342344337e-17,0.0,-0.0,1.1102230246251565e-16,0.22118445708032397,0.16554683323873604,0.08810345765962092,0.05709665791733506,69
0.1,1.6934039039357,1.3913572811827004,1.0584022358109313,0.34641016151377546,0.0,1.7763568394002505e-15,6.280369834735101e-16,,-4.718447854656915e-16,4.718447854656915e-16,-0.0,1.1102230246251565e-16,0.5394696782127871,0.29709514915154944,0.16178889175633893,0.1498161676590352,70
0.1,1.6568723279462758,1.008597552914893,-0.9653382547376281,0.34641016151377546,0.0,0.0,0.0,,1.189434684572534e-15,0.0,8.008566259537293e-16,1.1102230246251565e-16,0.4416663071752398,0.26102548650399243,0.14194059550961724,0.11962226460237431,71
0.1,0.9274963015658546,-0.5779280477916136,-0.9643382563060717,0.34641016151377546,0.0,0.0,0.0,,1.3952944400862326e-15,0.0,1.6017132519074588e-16,0.0,0.23686351148784807,0.1902179872023696,0.09765499955886366,0.09039051395671349,72
0.1,-1.3669391894234308,-1.2610131911027787,1.1277523462237768,0.34641016151377546,0.0,8.881784197001252e-16,3.140184917367551e-16,,-3.7354674000923107e-16,3.7354674000923107e-16,3.2034265038149176e-16,-2.220446049250313e-16,0.4581746307286607,0.2714900805479362,0.14664819395945153,0.14164416258726886,73
0.1,0.8361200835237983,0.5344618367017029,-1.2793335246600228,0.34641016151377546,0.0,0.0,0.0,,2.54485140121102e-17,0.0,-6.406853007629837e-16,-2.220446049250313e-16,0.27869527976786246,0.19957695323097394,0.10570941556778868,0.08230096827606677,74
0.1,-0.7489163365320552,1.6343631983544213,0.3049465730824652,0.34641016151377546,0.0,2.220446049250313e-16,7.850462293418876e-17,,-1.116585153128184e-15,1.116585153128184e-15,1.6017132519074588e-16,0.0,0.35918578108567406,0.20536387933644418,0.11410147248474764,0.0653350008213596,75
0.1,0.2804325023111214,1.1541419415124317,-0.35270974465982685,0.34641016151377546,0.0,5.551115123125783e-17,1.9626155733547187e-17,,7.858297346174936e-16,0.0,-0.0,0.0,0.1945315379841055,0.1430216221372373,0.0747042706261829,0.03710324514325512,76
0.1,-0.8607084537168945,-0.6938629564628611,0.7347813899126234,0.34641016151377546,0.0,2.220446049250313e-16,7.850462293418877e-17,,7.580697317285267e-16,0.0,4.805139755722376e-16,-2.220446049250313e-16,0.20680851263472927,0.1777233574758226,0.09038190409618403,0.08685827825963448,77
0.1,-0.22813567793709866,-0.18550561623272155,1.4669911310663837,0.34641016151377546,0.0,0.0,0.0,,1.1125300862286749e-15,0.0,6.406853007629834e-16,0.0,0.23339775350034575,0.14257870313064955,0.07175453375519796,0.024842158004445045,78
0.1,0.6962504243538503,-1.5210235922850897,1.3235891879072503,0.34641016151377546,0.0,0.0,0.0,,-4.140265726309153e-16,4.140265726309153e-16,6.406853007629834e-16,-2.220446049250313e-16,0.4572890643796182,0.26283388246778816,0.14452666200121184,0.12198410396552543,79
0.1,-1.3352448847381766,0.8315853123159966,-1.3782620311527811,0.34641016151377546,0.0,8.881784197001252e-16,3.140184917367551e-16,,9.864764651565858e-16,0.0,3.2034265038149176e-16,-2.220446049250313e-16,0.42029592825048534,0.2588930875233383,0.13858695680667651,0.1288911547571958,80
0.1,-0.8165649193189768,-1.4093815148323952,0.8583775409195549,0.34641016151377546,0.0,0.0,0.0,,-4.868761040752652e-16,4.868761040752652e-16,-3.2034265038149176e-16,-2.220446049250313e-16,0.3643180777393734,0.23209394033927366,0.12446759009121812,0.09636015529506634,81
0.1,0.2520911216024093,-0.45608390124515097,1.2022219606646138,0.34641016151377546,0.0,0.0,0.0,,-2.347653201124162e-15,2.347653201124162e-15,-6.406853007629837e-16,1.1102230246251565e-16,0.19641556647407638,0.14893747098457488,0.0791996833810473,0.045699552207106114,82
0.1,1.1869965006197245,-0.33146927654734815,-0.4517865429097714,0.34641016151377546,0.0,1.1102230246251565e-16,3.925231146709438e-17,,4.145403487637014e-15,0.0,8.008566259537293e-16,0.0,0.18815062483910316,0.15089753736401854,0.07860054053010736,0.04797341361937186,83
0.1,0.8123081728970432,1.0110947885776058,-1.6548177918505727,0.34641016151377546,0.0,8.881784197001252e-16,3.1401849173675503e-16,,2.070132863154576e-16,0.0,-3.2034265038149176e-16,0.0,0.4304075131125612,0.2533916562553189,0.1385595314398772,0.11073682481526335,84
0.1,1.4810451276756007,0.6528383588562674,-1.4798925740053592,0.34641016151377546,0.0,0.0,0.0,,-7.835182457406371e-16,7.835182457406371e-16,1.6017132519074588e-16,-2.220446049250313e-16,0.4454509180162007,0.25761513559157456,0.14294724317083718,0.13080496348794682,85
0.1,-0.39206354067190974,1.6561465801432274,0.46191647924834234,0.34641016151377546,0.0,0.0,0.0,,7.505540724237399e-16,0.0,3.2034265038149176e-16,0.0,0.3413647523214729,0.19343359774802094,0.10384881895734775,0.04977223607578839,86
0.1,-0.2657962555776727,1.6897484882696778,0.7410958369115628,0.34641016151377546,0.0,0.0,0.0,,-1.0200174038743626e-15,1.0200174038743626e-15,-0.0,-2.220446049250313e-16,0.37443540474127024,0.2070627964843964,0.11627105835702928,0.06522404256392052,87
0.1,0.35168676645089425,-0.9489900227806886,-0.8127695858519491,0.34641016151377546,0.0,2.220446049250313e-16,7.850462293418877e-17,,-3.3540938717776883e-17,3.3540938717776883e-17,3.2034265038149176e-16,-2.220446049250313e-16,0.20804266972691518,0.16746977022357043,0.08897230182170836,0.073167557091862,88
0.1,-1.699608730569245,-0.2788499660654291,0.5538461831820372,0.34641016151377546,0.0,0.0,0.0,,-1.8937412703657937e-15,1.8937412703657937e-15,1.6017132519074588e-16,0.0,0.30782160214797843,0.18439912669783579,0.10055399585610991,0.05247003232907319,89
0.1,1.231504551420283,0.9329533370551975,1.370709978294566,0.34641016151377546,0.0,8.881784197001252e-16,3.140184917367551e-16,,-1.5138324018535351e-15,1.5138324018535351e-15,-3.2034265038149176e-16,-2.220446049250313e-16,0.416287538802547,0.2600319093085428,0.13798589217307747,0.12785128769033513,90
0.1,1.3404605962254448,0.8041617882872698,-1.5719114703373858,0.34641016151377546,0.0,8.881784197001252e-16,3.140184917367551e-16,,2.5210724214417864e-16,0.0,6.406853007629834e-16,-2.220446049250313e-16,0.45813335404471395,0.265392891103541,0.14560170185802931,0.12790627048149167,91
0.1,0.6072714947724536,1.0840135784803313,1.489278959869388,0.34641016151377546,0.0,4.440892098500626e-16,1.570092458683775e-16,,-4.631755953591455e-16,4.631755953591455e-16,4.805139755722376e-16,0.0,0.38499923761746546,0.23797655503138593,0.12972741285316136,0.10791337854472162,92
0.1,-0.5762001566149284,-0.8203373781052139,1.1080067195136651,0.34641016151377546,0.0,0.0,0.0,,1.3611767359675761e-15,0.0,3.2034265038149176e-16,0.0,0.2539350693386653,0.19289282782599027,0.10114206706607697,0.08658149464642101,93
0.1,1.7241919234248417,0.19373312685552135,-0.34341782514279173,0.34641016151377546,0.0,5.551115123125783e-17,1.962615573354719e-17,,1.6335238944225967e-15,0.0,8.008566259537293e-16,0.0,0.29029251742991113,0.1648006704536965,0.0862669931488481,0.03351943314342477,94
0.1,-0.3649712070687223,-1.5271823049396704,-0.8065906514730827,0.34641016151377546,0.0,2.220446049250313e-16,7.850462293418876e-17,,-1.9086385509082846e-17,1.9086385509082846e-17,4.805139755722376e-16,1.1102230246251565e-16,0.34430409889101654,0.20779874026965672,0.11477691601681764,0.07311393946784304,95
0.1,1.6979273852656585,1.2527082048985223,-0.2631375941826395,0.34641016151377546,0.0,0.0,0.0,,-8.326672684688674e-16,8.326672684688674e-16,-0.0,0.0,0.4321044449512808,0.2349882899464411,0.1384538660170406,0.11349808187086659,96
0.1,1.0786181870871396,-0.5964039647453099,0.7250584878391968,0.34641016151377546,0.0,0.0,0.0,,2.7119362765326154e-16,0.0,1.6017132519074588e-16,-4.440892098500626e-16,0.22763624269609303,0.18433449631316046,0.09479650346893309,0.08036611614507942,97
0.1,-0.8433575005494708,-0.752405689055551,1.5719469257602903,0.34641016151377546,0.0,4.440892098500626e-16,1.5700924586837752e-16,,1.285425668425476e-15,0.0,4.805139755722376e-16,-2.220446049250313e-16,0.3726823306103376,0.2330998636306625,0.12568956016928556,0.09510571722544667,98
0.1,1.0005451015869866,-1.1454336530868559,1.0395619781771703,0.34641016151377546,0.0,0.0,0.0,,1.7404911299856034e-16,0.0,1.6017132519074588e-16,-2.220446049250313e-16,0.35759181849652977,0.2401431461118985,0.12574234006275295,0.11671140902811003,99
0.25,0.4190267366275564,0.8527028815125366,-0.7285066364600341,0.34641016151377546,0.0,2.220446049250313e-16,7.850462293418877e-17,,0.0,0.0,-0.0,-2.220446049250313e-16,0.7569875549626516,0.3357657824649428,0.1985935869897295,0.16839336932039167,0
0.25,0.7394917800132501,-1.3125912699908906,-0.49711064008914696,0.34641016151377546,0.0,2.220446049250313e-16,7.850462293418877e-17,,4.37727081347035e-16,0.0,1.6017132519074588e-16,-4.440892098500626e-16,1.1069680446010128,0.393884120069849,0.24668559128647757,0.17510836866920768,1
0.25,0.5403701518056709,-1.2183875045125123,-1.0220448982761081,0.34641016151377546,0.0,0.0,0.0,,6.106226635438361e-16,0.0,-0.0,-2.220446049250313e-16,1.1991830344521412,0.4196035594720957,0.26694884654425893,0.22527352506948498,2
0.25,-0.594086654841018,1.6519856733682339,-0.30450031786435083,0.34641016151377546,0.0,0.0,0.0,,2.7755575615628914e-16,0.0,-0.0,0.0,1.2501883166613257,0.38788259086171517,0.2473500323669819,0.1330061437058825,3
0.25,1.531425482225648,0.7807245628729627,1.557958458007719,0.34641016151377546,0.0,8.881784197001252e-16,3.1401849173675503e-16,,1.2449458358037919e-15,0.0,8.008566259537293e-16,-2.220446049250313e-16,1.6353234280809112,0.4639649594577708,0.33051365836227015,0.3115978199873981,4
0.25,0.9414352122821561,-0.6188470486751143,0.38221980071401074,0.34641016151377546,0.0,1.1102230246251565e-16,3.925231146709438e-17,,2.156824764220037e-16,0.0,1.6017132519074588e-16,0.0,0.7088052850983111,0.32670086371181106,0.18992573262554374,0.1566124892497177,5
0.25,0.5862211724027961,-1.7125114035176328,0.7226273067009767,0.34641016151377546,0.0,4.440892098500626e-16,1.5700924586837752e-16,,1.6653345369377348e-16,0.0,-0.0,-2.220446049250313e-16,1.4138762485085374,0.4286161267757124,0.28359611123550443,0.18392901180914745,6
0.25,-1.7170556437953746,1.723439043815726,-0.17489784838955869,0.34641016151377546,0.0,4.440892098500626e-16,1.570092458683775e-16,,2.093203479189761e-16,0.0,3.2034265038149176e-16,1.1102230246251565e-16,1.7789439876793227,0.44056425166191626,0.3475462979399461,0.3068248188302781,7
0.25,-1.4353216888747715,0.9393106135143001,1.6433466800447452,0.34641016151377546,0.0,0.0,0.0,,-1.1102230246251565e-16,1.1102230246251565e-16,-0.0,0.0,1.6935921020889433,0.4857763495907369,0.3384065429883241,0.31389979576713783,8
0.25,-1.2493606304023597,-1.1536873828062495,-0.4120501686246081,0.34641016151377546,0.0,4.440892098500626e-16,1.5700924586837752e-16,,-6.661338147750939e-16,6.661338147750939e-16,-0.0,0.0,1.2254351244596875,0.42110055857341366,0.2715929309456161,0.24685168471302105,9
0.25,-1.2431235563482441,-0.8673539171033463,-0.6590291004091224,0.34641016151377546,0.0,4.440892098500626e-16,1.5700924586837754e-16,,-6.362128503027599e-18,6.362128503027599e-18,1.6017132519074588e-16,-4.440892098500626e-16,1.1193581923518954,0.4197713347475796,0.2566542047599218,0.22615608349259722,10
0.25,-0.18047425108821868,1.3393508775523029,-0.5870903284521152,0.34641016151377546,0.0,0.0,0.0,,1.854414968545869e-15,0.0,4.805139755722376e-16,0.0,1.0017523232683168,0.3515226272760819,0.2185967319583961,0.1257811716777588,11
0.25,-1.2563334626224427,-0.27749284025341536,-0.2797500549692118,0.34641016151377546,0.0,5.551115123125783e-17,1.9626155733547187e-17,,-1.7925771069982868e-16,1.7925771069982868e-16,3.2034265038149176e-16,1.1102230246251565e-16,0.7398819392637055,0.29734455707283747,0.17103542041364897,0.08484933450334327,12
0.25,0.7295304095856237,0.972395543136809,0.344691010694234,0.34641016151377546,0.0,1.1102230246251565e-16,3.9252311467094385e-17,,-3.411770411865651e-17,3.411770411865651e-17,1.6017132519074588e-16,-2.220446049250313e-16,0.8106148996963494,0.34668464657325604,0.20499593926393814,0.1591380055574012,13
0.25,0.2888403173021472,-1.0277057721945784,-0.9747590621092362,0.34641016151377546,0.0,2.220446049250313e-16,7.850462293418876e-17,,-1.6653345369377348e-16,1.6653345369377348e-16,-0.0,0.0,0.984488431890581,0.37304373833135496,0.2345496887306072,0.20232107759633716,14
0.25,1.1025829133063252,1.4382303698422794,-0.4144310135872842,0.34641016151377546,0.0,0.0,0.0,,-7.771561172376096e-16,7.771561172376096e-16,-0.0,0.0,1.3403234261920685,0.409683969664402,0.2846674218772282,0.22446668682102983,15
0.25,1.294103507320027,-0.403012450761151,1.1803255120284888,0.34641016151377546,0.0,0.0,0.0,,2.220446049250313e-16,0.0,-0.0,-2.220446049250313e-16,1.2042499539963665,0.4052143975208331,0.26886296084633166,0.2453922596258248,16
0.25,-0.9312182910348854,0.30281420307124396,-1.6184307482995637,0.34641016151377546,0.0,0.0,0.0,,2.220446049250313e-16,0.0,-0.0,0.0,1.2587083391166018,0.3989395251571923,0.2685116794912716,0.19181525586912612,17
0.25,1.3510035355761372,1.6886238823836668,0.3474358423009196,0.34641016151377546,0.0,4.440892098500626e-16,1.5700924586837752e-16,,-4.313649528440074e-16,4.313649528440074e-16,-3.2034265038149176e-16,-2.220446049250313e-16,1.6082966507370142,0.4498567415762572,0.3220864408290632,0.2592960552691278,18
0.25,0.8301518446275784,-0.3875936263414197,1.056488962375619,0.34641016151377546,0.0,0.0,0.0,,2.220446049250313e-16,0.0,-0.0,0.0,0.8788991343259558,0.36151229920480543,0.218120120737999,0.18197932094063296,19
0.25,-0.9015853753752627,-1.6272688275123421,-0.9266493964355739,0.34641016151377546,0.0,8.881784197001252e-16,3.1401849173675503e-16,,2.0295821941594846e-16,0.0,4.805139755722376e-16,0.0,1.538802652633232,0.46176864611176904,0.31210228474913326,0.24505362396459227,20
0.25,0.24776942546500824,-1.6636078021211649,-0.3363895925990885,0.34641016151377546,0.0,1.1102230246251565e-16,3.925231146709438e-17,,-4.0245584642661925e-16,4.0245584642661925e-16,-0.0,-2.220446049250313e-16,1.1719495094756787,0.3595005052947518,0.21257609640010947,0.08551697909573565,21
0.25,-0.8296081505973063,0.43642826475117635,0.3226922538760042,0.34641016151377546,0.0,0.0,0.0,,8.690920341910424e-16,0.0,4.805139755722376e-16,0.0,0.5315324952878635,0.28192603171251013,0.15630197730447246,0.11743148088188814,22
0.25,0.8405649167240088,-0.5212611429596368,-0.6154916181069465,0.34641016151377546,0.0,2.220446049250313e-16,7.850462293418876e-17,,-2.093203479189761e-16,2.093203479189761e-16,-3.2034265038149176e-16,-2.220446049250313e-16,0.6903958539820034,0.3386862342059289,0.1888021943943187,0.1688145624962289,23
0.25,1.112295232238297,-0.24933408102045318,0.41760723354535356,0.34641016151377546,0.0,5.551115123125783e-17,1.962615573354719e-17,,1.6653345369377348e-16,0.0,-0.0,-2.220446049250313e-16,0.6769065089995203,0.2926563670287117,0.17189067985482717,0.10255379794952549,24
0.25,-0.8645877343989846,0.5171931848842117,-0.817184180019947,0.34641016151377546,0.0,2.220446049250313e-16,7.850462293418876e-17,,4.568134668561178e-16,0.0,-3.2034265038149176e-16,-2.220446049250313e-16,0.8041924325833406,0.35953367188290764,0.20829735567328098,0.19793923960810192,25
0.25,0.9538217450480087,0.975605738155525,-0.9676856435643072,0.34641016151377546,0.0,0.0,0.0,,4.440892098500626e-16,0.0,-0.0,-2.220446049250313e-16,1.1685408555445376,0.4138580586880849,0.2655414622255857,0.25534290666379883,26
0.25,-1.2361020492106671,-0.41605382929056467,0.46984604841305444,0.34641016151377546,0.0,1.1102230246251565e-16,3.925231146709438e-17,,8.881784197001252e-16,0.0,-0.0,0.0,0.8293987000987177,0.33123023101222,0.20138321080748947,0.13311396389552926,27
0.25,-1.482699009000642,-0.959971074033747,-1.157306256012581,0.34641016151377546,0.0,0.0,0.0,,1.6653345369377348e-15,0.0,-0.0,0.0,1.500339032544351,0.4698154565043188,0.312487843308615,0.292545633243914,28
0.25,-0.5886660134972022,0.8154371408771626,0.6970114198438719,0.34641016151377546,0.0,2.220446049250313e-16,7.850462293418876e-17,,7.152828375033242e-16,0.0,1.6017132519074588e-16,0.0,0.7750448056444605,0.3569249831742139,0.20297389571232424,0.1804956639035423,29
0.25,0.4524114799690966,0.9340353804619128,-1.3101131449661538,0.34641016151377546,0.0,0.0,0.0,,1.6653345369377348e-16,0.0,-0.0,0.0,1.1602342229332827,0.3951610584616727,0.26081625846347223,0.21825440195197618,30
0.25,-1.434277136838121,0.608787392682268,-1.2390338454897336,0.34641016151377546,0.0,0.0,0.0,,-2.220446049250313e-16,2.220446049250313e-16,-0.0,0.0,1.3722093022850341,0.43365578639570085,0.2936938805182765,0.2689865627925781,31
0.25,0.5303322743773946,1.674697134650791,-0.8276644974492295,0.34641016151377546,0.0,4.440892098500626e-16,1.5700924586837754e-16,,-1.4028100993910195e-15,1.4028100993910195e-15,-3.2034265038149176e-16,-2.220446049250313e-16,1.4159696687280423,0.4138788520472332,0.2868441720383591,0.1942128321990246,32
0.25,1.2813540922144284,-0.38628624997929606,-0.22735846005443916,0.34641016151377546,0.0,5.551115123125783e-17,1.962615573354719e-17,,-5.123246180873756e-16,5.123246180873756e-16,3.2034265038149176e-16,0.0,0.7817947709041233,0.3100483527212659,0.18229435446161638,0.09807712199838406,33
0.25,0.5601084424992688,0.6921540339579093,1.134799346853511,0.34641016151377546,0.0,2.220446049250313e-16,7.850462293418876e-17,,-4.504513383530902e-16,4.504513383530902e-16,1.6017132519074588e-16,-2.220446049250313e-16,0.9442438869204308,0.37873161847778825,0.2279547308898299,0.18544945970792062,34
0.25,-1.2879081902603051,1.709573595437834,0.5081396307575177,0.34641016151377546,0.0,8.881784197001252e-16,3.140184917367551e-16,,-6.661338147750939e-16,6.661338147750939e-16,-0.0,-2.220446049250313e-16,1.6198446967270397,0.45037350859651704,0.3233392458334988,0.25763138004157465,35
0.25,1.2411303710944988,-0.7723643739353879,1.250529996292712,0.34641016151377546,0.0,0.0,0.0,,9.30965313925328e-16,0.0,3.2034265038149176e-16,-4.440892098500626e-16,1.345322447866939,0.4438550086096751,0.290748361352345,0.2767203345053763,36
0.25,-1.2842458108092352,0.6541299075442426,-0.7449690165600225,0.34641016151377546,0.0,4.440892098500626e-16,1.5700924586837752e-16,,-6.233469205498913e-16,6.233469205498913e-16,3.2034265038149176e-16,0.0,1.0679609156365437,0.39815776232914596,0.24751491879721838,0.2046572285784033,37
0.25,-0.590111831478678,-1.2515272662808543,0.8394963250915555,0.34641016151377546,0.0,4.440892098500626e-16,1.5700924586837754e-16,,1.3068191155380773e-15,0.0,6.406853007629834e-16,0.0,1.1445307682921457,0.39714741775177614,0.25680873689981787,0.2015635264419253,38
0.25,1.4192817686982426,-1.4254274520839105,1.1217070474532154,0.34641016151377546,0.0,0.0,0.0,,1.1466477903473315e-15,0.0,4.805139755722376e-16,-4.440892098500626e-16,1.695063142597089,0.47557737825224944,0.3387374655950924,0.31684014439488867,39
0.25,0.8715630145930477,-0.3020724023002792,-1.3433105394553229,0.34641016151377546,0.0,0.0,0.0,,-6.169847920468636e-16,6.169847920468636e-16,1.6017132519074588e-16,-2.220446049250313e-16,1.0588987703234412,0.38271387815012725,0.24210658183448247,0.1817647147941245,40
0.25,0.8100782130757742,1.1917580020325036,1.5575869899811008,0.34641016151377546,0.0,0.0,0.0,,8.263051399658399e-16,0.0,1.6017132519074588e-16,1.1102230246251565e-16,1.5472077390968586,0.4594272740026206,0.3176121124206986,0.2856371539004824,41
0.25,-1.046436945183551,-0.4580711759617133,-0.6318610408158891,0.34641016151377546,0.0,2.220446049250313e-16,7.850462293418876e-17,,-2.9028001316234433e-16,2.9028001316234433e-16,3.2034265038149176e-16,1.1102230246251565e-16,0.7909397384355863,0.3509900333341707,0.20315358820483817,0.16278202717009058,42
0.25,-1.4248594511888908,0.9980024266201446,1.1733950870242738,0.34641016151377546,0.0,8.881784197001252e-16,3.140184917367551e-16,,4.313649528440074e-16,0.0,3.2034265038149176e-16,-2.220446049250313e-16,1.4985170737517033,0.4765534848029701,0.31248545673614414,0.2984780863583888,43
0.25,1.1909618843665037,-1.1987966274054327,-1.561880423016545,0.34641016151377546,0.0,0.0,0.0,,-9.829804545646046e-17,9.829804545646046e-17,-3.2034265038149176e-16,1.1102230246251565e-16,1.6784034702305075,0.488610775049737,0.3365832010785851,0.3169867364104767,44
0.25,-1.278286941327717,0.24037082729530956,-1.4834910287621337,0.34641016151377546,0.0,2.220446049250313e-16,7.850462293418876e-17,,-3.2034265038149176e-16,3.2034265038149176e-16,-3.2034265038149176e-16,-2.220446049250313e-16,1.33632221472996,0.4059273988594886,0.2866130926537885,0.2453341472007793,45
0.25,-0.5882047742378607,0.6136799684863448,-1.5624989446252977,0.34641016151377546,0.0,0.0,0.0,,-1.0246492361747515e-15,1.0246492361747515e-15,6.406853007629834e-16,0.0,1.189049586878192,0.4048118516143896,0.2565567132567094,0.17603961569175192,46
0.25,0.23669614908297198,1.4059666531676283,-1.2182082260433391,0.34641016151377546,0.0,0.0,0.0,,-1.2374655946857085e-16,1.2374655946857085e-16,3.2034265038149176e-16,0.0,1.3758773714821158,0.41413429370290933,0.29110952019393094,0.24220170147703876,47
0.25,-0.4780122175571557,0.9261667874099673,-1.4679831361077271,0.34641016151377546,0.0,0.0,0.0,,1.5352258489661363e-15,0.0,4.805139755722376e-16,0.0,1.2580579507051124,0.42293185506787767,0.2735800784318991,0.2185970135948881,48
0.25,-0.9301933565002153,-1.100806418273082,1.3024961976279004,0.34641016151377546,0.0,8.881784197001252e-16,3.1401849173675503e-16,,8.072187544567569e-16,0.0,6.406853007629834e-16,-2.220446049250313e-16,1.4033342663243311,0.4336913209818133,0.29880463377716876,0.28244176751731986,49
0.25,-0.9701421407888513,0.9456993979667612,-1.6249925754935128,0.34641016151377546,0.0,8.881784197001252e-16,3.1401849173675503e-16,,-8.881784197001252e-16,8.881784197001252e-16,-0.0,0.0,1.5080211943197734,0.46114228358302434,0.31130265310562055,0.2656321775636636,50
0.25,-1.4132093397457315,1.5566061643134415,-1.1594120259980132,0.34641016151377546,0.0,0.0,0.0,,8.135808829597846e-16,0.0,4.805139755722376e-16,-2.220446049250313e-16,1.7755105898731198,0.4791601560925194,0.34900824521855267,0.3192477096031613,51
0.25,-0.44011712317088447,-0.7730400358175379,0.5742699670219298,0.34641016151377546,0.0,1.1102230246251565e-16,3.925231146709438e-17,,1.27675647831893e-15,0.0,-0.0,0.0,0.6332159564202431,0.31080074997386287,0.1770398428793472,0.14553680831446394,52
0.25,1.0220758338328046,-1.5193929776176844,0.6187246394788315,0.34641016151377546,0.0,4.440892098500626e-16,1.5700924586837752e-16,,9.928385936596133e-16,0.0,1.6017132519074588e-16,0.0,1.4094675349946715,0.43809167581372727,0.29377263933888864,0.2276624557802638,53
0.25,0.4691465632788425,-1.3716488889606957,-1.5949370076733844,0.34641016151377546,0.0,8.881784197001252e-16,3.1401849173675503e-16,,-3.3306690738754696e-16,3.3306690738754696e-16,-0.0,0.0,1.5910102090574632,0.4554401340631189,0.3228405751216942,0.29428252580528275,54
0.25,-1.1035823232224453,0.8316032482623714,-0.7232141507070442,0.34641016151377546,0.0,4.440892098500626e-16,1.5700924586837752e-16,,1.1402856618443038e-15,0.0,6.406853007629834e-16,1.1102230246251565e-16,1.0472709466455816,0.40502494367022196,0.2467376251176837,0.22739128304049355,55
0.25,1.3653695208548275,-0.9147820608362361,1.3014328233183274,0.34641016151377546,0.0,0.0,0.0,,3.4579116439360216e-16,0.0,-3.2034265038149176e-16,-2.220446049250313e-16,1.49208358442089,0.4594602165063362,0.31158059311571074,0.3042232362037306,56
0.25,0.19673179688970754,0.7014409042608518,0.3026372309072123,0.34641016151377546,0.0,2.7755575615628914e-17,9.813077866773593e-18,,3.822159301157772e-16,0.0,1.6017132519074588e-16,2.220446049250313e-16,0.40836977503932903,0.22722615579934563,0.12498092717558903,0.074180835293252,57
0.25,-1.1832274188788832,0.5834655434578049,-1.3237198816733946,0.34641016151377546,0.0,0.0,0.0,,8.881784197001252e-16,0.0,-0.0,0.0,1.2824808460880637,0.4276286320994018,0.2806743609008673,0.25212878902070046,58
0.25,-0.3593204161981862,-1.5736867361965348,1.4648459828142615,0.34641016151377546,0.0,4.440892098500626e-16,1.5700924586837752e-16,,6.470474292660111e-16,0.0,4.805139755722376e-16,0.0,1.6289538998818136,0.4378266970750385,0.32715286299239993,0.28462568614581174,59
0.25,-0.5769218202736319,1.687651085137131,1.4016823317203548,0.34641016151377546,0.0,0.0,0.0,,2.7755575615628914e-16,0.0,-0.0,0.0,1.699877960617702,0.46204970487550956,0.336153698099016,0.2839248103055414,60
0.25,-0.33111999177337736,-1.6785926598096197,-0.9991758847144848,0.34641016151377546,0.0,4.440892098500626e-16,1.5700924586837752e-16,,-5.614736408156058e-16,5.614736408156058e-16,1.6017132519074588e-16,0.0,1.456705266229612,0.42854071717039477,0.29496501194262503,0.20858006885415417,61
0.25,1.1207698507082258,1.2946148794545276,0.7516347088199207,0.34641016151377546,0.0,8.881784197001252e-16,3.1401849173675503e-16,,8.263051399658399e-16,0.0,1.6017132519074588e-16,0.0,1.3509961795724577,0.4515359142126104,0.2899792502867441,0.25261469654207386,62
0.25,1.7300231748839172,-1.1911029557302055,0.7912596533825456,0.34641016151377546,0.0,0.0,0.0,,6.661338147750939e-16,0.0,-0.0,0.0,1.595073214442566,0.4516755759735641,0.32389820326946284,0.2870870280172563,63
0.25,-0.925431384001151,-0.3497869948451533,0.5490853863339726,0.34641016151377546,0.0,1.1102230246251565e-16,3.925231146709438e-17,,4.440892098500626e-16,0.0,-0.0,-2.220446049250313e-16,0.6398381877194944,0.30461249440749,0.17650740207768792,0.13637794814932594,64
0.25,-0.846991195619953,-1.4683873176879165,1.3147372799209505,0.34641016151377546,0.0,8.881784197001252e-16,3.1401849173675503e-16,,1.1102230246251565e-16,0.0,-0.0,0.0,1.5954522935462458,0.4422917382575541,0.3240266130117461,0.28826642178643314,65
0.25,0.2436932811248127,0.8620059494349581,-1.394677880468998,0.34641016151377546,0.0,2.220446049250313e-16,7.850462293418876e-17,,3.4579116439360216e-16,0.0,-3.2034265038149176e-16,0.0,1.1317420104326492,0.3803008740508754,0.2532129451272392,0.19313431643274023,66
0.25,1.1633646368027306,0.815533144603227,0.6473046798219029,0.34641016151377546,0.0,0.0,0.0,,3.822159301157772e-16,0.0,1.6017132519074588e-16,1.1102230246251565e-16,1.0408294641491784,0.40774875853576414,0.24497701703605088,0.21682361483011742,67
0.25,-1.0608450928830147,-1.3775594654541485,0.8477900885123519,0.34641016151377546,0.0,0.0,0.0,,4.677897185661823e-16,0.0,8.008566259537293e-16,-2.220446049250313e-16,1.4126402487204701,0.4307781400131533,0.29815621157487515,0.25434893053795915,68
0.25,1.3044390172339684,-1.2334488120927023,0.38811550896686686,0.34641016151377546,0.0,0.0,0.0,,-1.5380919668771828e-16,1.5380919668771828e-16,-3.2034265038149176e-16,0.0,1.302031657243463,0.41701305832329916,0.28247287331885,0.2540008690037684,69
0.25,1.5085723535779376,0.28933384413882157,-1.6743376056797465,0.34641016151377546,0.0,0.0,0.0,,5.551115123125783e-16,0.0,-0.0,-2.220446049250313e-16,1.5594669664174767,0.41204928895064247,0.3184747109418764,0.2814851156131313,70
0.25,0.2033607888058151,0.7598034189385148,-0.567935553007042,0.34641016151377546,0.0,0.0,0.0,,4.278689422520263e-17,0.0,3.2034265038149176e-16,1.1102230246251565e-16,0.5600107769950929,0.27575475131667,0.16155126487367089,0.12347372527680818,71
0.25,-0.3396677694897807,-0.5337316375597956,0.9331546512423246,0.34641016151377546,0.0,0.0,0.0,,-1.7208456881689926e-15,1.7208456881689926e-15,-0.0,-2.220446049250313e-16,0.6651077843642501,0.30763353826579887,0.17996053296950112,0.1357096987339924,72
0.25,-1.4038101862332308,-0.6569369342348121,-0.5725057760410648,0.34641016151377546,0.0,0.0,0.0,,7.152828375033242e-16,0.0,1.6017132519074588e-16,-2.220446049250313e-16,1.0730875193220006,0.39893710384831244,0.244488910942221,0.18352022749288283,73
0.25,-1.0455910611149695,1.205939958567324,-0.7111941604297647,0.34641016151377546,0.0,0.0,0.0,,9.373274424283555e-16,0.0,1.6017132519074588e-16,0.0,1.243717106112155,0.43073255258673726,0.27467212513335154,0.2392301212680652,74
0.25,-0.8769528497055746,1.7059706838539288,0.95526183950934,0.34641016151377546,0.0,0.0,0.0,,1.6653345369377348e-16,0.0,-0.0,0.0,1.5900162657017007,0.45783479989144665,0.318152220302043,0.2459272810545795,75
0.25,-0.28839668932136653,0.551337579915335,-0.2604847209069785,0.34641016151377546,0.0,2.7755575615628914e-17,9.813077866773595e-18,,-5.78536310214797e-18,5.78536310214797e-18,3.2034265038149176e-16,-2.220446049250313e-16,0.31813277894253056,0.21150267773911596,0.11233376923414386,0.07910593423287123,76
0.25,-1.5683206765397995,1.4376879313396898,0.3204553069270828,0.34641016151377546,0.0,0.0,0.0,,-5.551115123125783e-17,5.551115123125783e-17,-0.0,-2.220446049250313e-16,1.555963976117418,0.4427415480596977,0.3179655500003065,0.28964662200101554,77
0.25,0.45629858032787096,-1.3373089934913793,-1.2473869935246154,0.34641016151377546,0.0,0.0,0.0,,6.597716862720664e-16,0.0,1.6017132519074588e-16,0.0,1.3802536312073173,0.43545891551034366,0.29316484441977714,0.2553026000862316,78
0.25,-0.44115604035512335,1.6526760164553016,-1.243822493563221,0.34641016151377546,0.0,7.691850745534257e-16,2.7194799110210365e-16,,-8.7545416269407e-16,8.7545416269407e-16,-3.2034265038149176e-16,0.0,1.5775579641075632,0.4534611728448661,0.3176753962474541,0.2540298925048091,79
0.25,0.26380237046897115,1.1292820672678374,-0.5968374302277935,0.34641016151377546,0.0,1.1102230246251565e-16,3.925231146709438e-17,,-3.1803558877797325e-16,3.1803558877797325e-16,3.2034265038149176e-16,0.0,0.8569173774201446,0.33180956243556725,0.20457515332853327,0.1329238999164998,80
0.25,-1.055343879748826,-0.5985647050388021,1.1934559428610076,0.34641016151377546,0.0,4.440892098500626e-16,1.5700924586837752e-16,,1.695397174156882e-15,0.0,6.406853007629834e-16,-2.220446049250313e-16,1.150423008823259,0.40080794175274925,0.26165092104873344,0.2357912040861745,81
0.25,1.3356612773099386,1.3741729410846077,1.4125518721001407,0.34641016151377546,0.0,1.7763568394002505e-15,6.280369834735101e-16,,-7.459753674034067e-17,7.459753674034067e-17,4.805139755722376e-16,-2.220446049250313e-16,1.7516204316471171,0.48791260673260384,0.3466265561670819,0.33395176338461635,82
0.25,-1.4082512576621888,0.339169218542533,-0.9518664008926204,0.34641016151377546,0.0,2.220446049250313e-16,7.850462293418876e-17,,-2.347688619310865e-16,2.347688619310865e-16,3.2034265038149176e-16,0.0,1.1296897237398142,0.38672982922652493,0.2549749658669629,0.20360546429823426,83
0.25,0.19410625866214826,-1.43637239685376,0.7158398978317395,0.34641016151377546,0.0,1.1102230246251565e-16,3.9252311467094385e-17,,3.544603545001483e-16,0.0,1.6017132519074588e-16,-4.440892098500626e-16,1.1337168643538584,0.37788345193404366,0.24242984452017496,0.15085792067291584,84
0.25,1.1749601720306582,0.3945648478587054,-1.5577897344859322,0.34641016151377546,0.0,0.0,0.0,,4.313649528440074e-16,0.0,3.2034265038149176e-16,0.0,1.3565847121419234,0.4040519522891627,0.28857408781143035,0.2368598025798158,85
0.25,-0.4727082952959869,1.0548103895243148,1.146389086127526,0.34641016151377546,0.0,4.440892098500626e-16,1.5700924586837752e-16,,9.43689570931383e-16,0.0,-0.0,0.0,1.1421935191716708,0.4109498692486351,0.25956752881177053,0.24038707860212596,86
0.25,-0.30258133263005815,1.2689454993280438,1.274661202019995,0.34641016151377546,0.0,0.0,0.0,,-4.313649528440074e-16,4.313649528440074e-16,-3.2034265038149176e-16,0.0,1.324362452538657,0.4210814758323157,0.2851719780800884,0.2534367751397832,87
0.25,1.110172784159686,0.5763961693675768,1.038772978101235,0.34641016151377546,0.0,4.440892098500626e-16,1.570092458683775e-16,,-2.347688619310865e-16,2.347688619310865e-16,3.2034265038149176e-16,1.1102230246251565e-16,1.0826656729451196,0.4095815343390484,0.25187186504048287,0.2372127520336453,88
0.25,-0.2488008998619562,1.4131376859281874,-1.0197024529609555,0.34641016151377546,0.0,2.220446049250313e-16,7.850462293418876e-17,,1.5380919668771828e-16,0.0,3.2034265038149176e-16,0.0,1.2747403353822602,0.410992529718773,0.27372145002435255,0.20854309215516645,89
0.25,1.730659035111076,-0.8172630810155805,-0.7179623633160368,0.34641016151377546,0.0,0.0,0.0,,7.152828375033242e-16,0.0,1.6017132519074588e-16,0.0,1.3839776889159934,0.4449758442806938,0.29027900044801996,0.22468210029270358,90
0.25,1.2660155402981799,1.2570126770468653,1.0986092960654097,0.34641016151377546,0.0,8.881784197001252e-16,3.1401849173675503e-16,,4.932382325782929e-16,0.0,1.6017132519074588e-16,-2.220446049250313e-16,1.5303311646023972,0.47626841370125067,0.3167485318298346,0.30027475090445294,91
0.25,-1.015639841798313,0.21530300188811147,1.3969266651724568,0.34641016151377546,0.0,0.0,0.0,,5.123246180873756e-16,0.0,-3.2034265038149176e-16,0.0,1.147347979525929,0.3886105270775448,0.25670987364991515,0.2012525007552431,92
0.25,-1.629121794778096,1.3931626338526208,1.2631490989297847,0.34641016151377546,0.0,3.0767402982137025e-15,1.0877919644084148e-15,,1.0974987676191014e-15,0.0,3.2034265038149176e-16,-2.220446049250313e-16,1.8122793190296025,0.49604139608500364,0.354600360362739,0.34517844374673057,93
0.25,0.6409420422209715,1.1476501277074362,0.613322612368727,0.34641016151377546,0.0,0.0,0.0,,6.320161106564375e-16,0.0,1.6017132519074588e-16,1.1102230246251565e-16,0.9883621284822895,0.38673741229679537,0.23210665480943102,0.17524530286076392,94
0.25,1.4518796390222488,-0.21382051730610052,-0.45651091567053714,0.34641016151377546,0.0,0.0,0.0,,6.661338147750939e-16,0.0,-0.0,0.0,0.9086753913100809,0.3316706087461941,0.19965761304907742,0.10555329407632162,95
0.25,1.2271153660420486,-1.6741864313504682,0.23718462411967556,0.34641016151377546,0.0,2.220446049250313e-16,7.850462293418876e-17,,1.1102230246251565e-16,0.0,-0.0,0.0,1.5275110540131334,0.42837238723997273,0.3088511393191245,0.236285960900706,96
0.25,-1.3623871735335642,0.27444093845049533,0.3012603869932047,0.34641016151377546,0.0,0.0,0.0,,-1.9086385509082846e-17,1.9086385509082846e-17,4.805139755722376e-16,1.1102230246251565e-16,0.8161714150920751,0.3111437082953575,0.18055450382171828,0.08743584244781405,97
0.25,1.4332018559646338,0.26379380535430075,1.4775513019779534,0.34641016151377546,0.0,0.0,0.0,,2.093203479189761e-16,0.0,3.2034265038149176e-16,0.0,1.4150035956004756,0.41614894160528826,0.2986307465938793,0.2697377692498002,98
0.25,-0.21753265758019302,-0.7230432237571274,0.23219215630662893,0.34641016151377546,0.0,2.7755575615628914e-17,9.813077866773593e-18,,-1.4456324118029254e-16,1.4456324118029254e-16,3.2034265038149176e-16,1.1102230246251565e-16,0.4077812613384145,0.22042471951563983,0.12095217007933258,0.0651033937912522,99
0.5,-1.408724529088538,0.9306831340993438,0.47960426755294705,0.34641016151377546,0.0,4.440892098500626e-16,1.5700924586837754e-16,,0.0,0.0,-0.0,-2.220446049250313e-16,2.2445894612216692,0.4710252983466231,0.4088704889001719,0.3825946427978349,0
0.5,0.743853136209244,1.197049711487176,0.3238632197350735,0.34641016151377546,0.0,2.220446049250313e-16,7.850462293418876e-17,,9.829804545646046e-17,0.0,3.2034265038149176e-16,0.0,2.0549562150921408,0.46618535044401005,0.37784844660710853,0.29228334462408023,1
0.5,0.8319016432917823,0.5119288261857871,0.18587957899792595,0.34641016151377546,0.0,5.551115123125783e-17,1.962615573354719e-17,,-2.7755575615628914e-16,2.7755575615628914e-16,-0.0,0.0,1.3656733373147438,0.43108480967675367,0.2886534513913705,0.23069031355072195,2
0.5,-0.9441204923467491,-1.6627661407240297,-0.8650986590754889,0.34641016151377546,0.0,8.881784197001252e-16,3.1401849173675503e-16,,0.0,0.0,-0.0,0.0,2.461824296994405,0.4517976673071731,0.4345346757620914,0.3878455663880015,3
0.5,1.012153757344878,-0.5377487745228253,1.1459524787017812,0.34641016151377546,0.0,0.0,0.0,,-4.568134668561178e-16,4.568134668561178e-16,3.2034265038149176e-16,-2.220446049250313e-16,2.157613178750762,0.44468401535641133,0.3985213937949417,0.3764922118932595,4
0.5,-0.9449775433947991,-1.6344426335067657,1.699694398544548,0.34641016151377546,0.0,0.0,0.0,,1.9602286733071157e-15,0.0,9.61027951144475e-16,1.1102230246251565e-16,2.5929931917160665,0.43887651075747025,0.4515741195356761,0.4250761487779362,5
0.5,-0.23630767858724888,0.1920904132897463,0.5979552571914337,0.34641016151377546,0.0,1.3877787807814457e-17,4.9065389333867974e-18,,7.771561172376096e-16,0.0,-0.0,-2.220446049250313e-16,0.8178933065375116,0.3368300098924572,0.19786065766047595,0.1265208307435588,6
0.5,-1.1686986718898327,0.7772197564214984,-1.0558561568623261,0.34641016151377546,0.0,4.440892098500626e-16,1.5700924586837754e-16,,-6.406853007629837e-16,6.406853007629837e-16,-6.406853007629837e-16,-2.220446049250313e-16,2.3051657542735837,0.4432964799883338,0.41728374163205245,0.41589461598029237,7
0.5,0.45463650862743643,0.3903959231023677,0.19042602996357338,0.34641016151377546,0.0,0.0,0.0,,-1.3877787807814457e-16,1.3877787807814457e-16,-0.0,0.0,0.7853005576663258,0.34941471210034536,0.20394497165189313,0.18637072633267054,8
0.5,1.1097903892675385,-1.5573698916672807,-1.4750234030815614,0.34641016151377546,0.0,0.0,0.0,,9.864764651565858e-16,0.0,3.2034265038149176e-16,0.0,2.6081804665620716,0.4388536050742389,0.453445612724372,0.42791568531319635,9
0.5,-0.41710523341235284,-0.6716305179507782,0.2629986964666393,0.34641016151377546,0.0,5.551115123125783e-17,1.962615573354719e-17,,1.3322676295501878e-15,0.0,-0.0,-2.220446049250313e-16,1.1783294788141427,0.3950385667216565,0.2591536325315143,0.1920473572788843,10
0.5,0.8611877396352297,1.6083795588867722,-1.2376683245463884,0.34641016151377546,0.0,8.881784197001252e-16,3.1401849173675503e-16,,7.152828375033242e-16,0.0,1.6017132519074588e-16,0.0,2.555972229407228,0.4262253205863098,0.4468509168256398,0.41433949985858887,11
0.5,-1.451909158145522,-0.2174146674040205,0.876570823641766,0.34641016151377546,0.0,0.0,0.0,,3.2034265038149176e-16,0.0,3.2034265038149176e-16,-2.220446049250313e-16,2.0452208175561633,0.3864485543724135,0.38191269257337557,0.3289897555296795,12
0.5,-0.6735608454962705,0.5625695906010693,-0.7728781816791597,0.34641016151377546,0.0,2.220446049250313e-16,7.850462293418876e-17,,-6.187327973428543e-17,6.187327973428543e-17,1.6017132519074588e-16,0.0,1.693976659083376,0.4769705948150788,0.33891391059344483,0.3228035686217227,13
0.5,0.3383953447445127,0.9487422246728232,1.0482462814779794,0.34641016151377546,0.0,2.220446049250313e-16,7.850462293418875e-17,,2.7119362765326154e-16,0.0,1.6017132519074588e-16,0.0,2.1133779394186343,0.46172959153643345,0.39192084298372487,0.36928255881554745,14
0.5,-0.75191813348117,-1.0902909563442922,0.4482423409767664,0.34641016151377546,0.0,2.220446049250313e-16,7.850462293418876e-17,,1.9659609091292081e-16,0.0,6.406853007629834e-16,0.0,2.0291070108950664,0.43742592124294877,0.3777093956391327,0.3091694222362072,15
0.5,-1.0049280226063788,1.2041475509469648,0.9801293811708844,0.34641016151377546,0.0,0.0,0.0,,2.093203479189761e-16,0.0,3.2034265038149176e-16,-2.220446049250313e-16,2.4403694563320757,0.4587360787995259,0.43301600569781395,0.4024938298072321,16
0.5,-1.253670557167686,1.3750534908377121,-1.1061412435547222,0.34641016151377546,0.0,0.0,0.0,,-1.1102230246251565e-15,1.1102230246251565e-15,-0.0,0.0,2.563092791560739,0.4412289759945626,0.44801405179618303,0.4209877407170881,17
0.5,-0.45617134947673876,1.0895361351605963,1.0192484422722656,0.34641016151377546,0.0,4.440892098500626e-16,1.5700924586837752e-16,,-6.661338147750939e-16,6.661338147750939e-16,-0.0,0.0,2.2360165331450013,0.46578249081339507,0.4071187585406946,0.369873652161562,18
0.5,-1.5751136102795855,1.4433454344998857,-1.436013899253544,0.34641016151377546,0.0,1.7763568394002505e-15,6.280369834735101e-16,,3.4579116439360216e-16,0.0,-3.2034265038149176e-16,0.0,2.61699959297248,0.4457071828950938,0.4545794401811193,0.43064865223086285,19
0.5,-1.454951437105597,-1.4389488206294974,1.2126777289801214,0.34641016151377546,0.0,1.7763568394002505e-15,6.280369834735102e-16,,3.822159301157772e-16,0.0,1.6017132519074588e-16,-2.220446049250313e-16,2.599243242273279,0.4336654008991832,0.452427132916907,0.4274072821460973,20
0.5,0.4978669437277685,-0.417615535702091,1.7012867169877324,0.34641016151377546,0.0,0.0,0.0,,3.3306690738754696e-16,0.0,-0.0,-2.220446049250313e-16,1.9223347667741453,0.4623365012559589,0.3560588747407262,0.2545044587096846,21
0.5,1.2549153562177269,1.2699446428850099,-0.9549480533668773,0.34641016151377546,0.0,8.881784197001252e-16,3.1401849173675503e-16,,-5.551115123125783e-16,5.551115123125783e-16,-0.0,-2.220446049250313e-16,2.510308308797418,0.41276074575093613,0.4416921686522767,0.4150908047895236,22
0.5,1.679744326718256,1.6614907520424191,0.5981198748342478,0.34641016151377546,0.0,0.0,0.0,,6.534095577690387e-16,0.0,3.2034265038149176e-16,-2.220446049250313e-16,2.517714082296191,0.3891971841531999,0.4423552886836919,0.41110261582522256,23
0.5,-0.9125156644269791,0.18161924333279988,-1.5666730104912263,0.34641016151377546,0.0,0.0,0.0,,3.2034265038149176e-16,0.0,3.2034265038149176e-16,0.0,2.096250187546974,0.3880832699925187,0.38729620770739837,0.32496344711303127,24
0.5,-1.6862056527291343,-1.2701394745223422,0.37984190931410744,0.34641016151377546,0.0,4.440892098500626e-16,1.5700924586837752e-16,,9.864764651565858e-16,0.0,3.2034265038149176e-16,0.0,2.43155278774468,0.3909164387896699,0.43202959065572755,0.4054650036419254,25
0.5,1.1344779775275162,-0.26553998726200856,-0.21256753694457253,0.34641016151377546,0.0,0.0,0.0,,6.406853007629834e-16,0.0,6.406853007629834e-16,0.0,1.4432861258571612,0.41722518445395995,0.2717658972310773,0.14566176281413754,26
0.5,-0.8693128690862393,-0.2644121614167212,0.18975852876653643,0.34641016151377546,0.0,0.0,0.0,,3.822159301157772e-16,0.0,1.6017132519074588e-16,0.0,1.162406528514794,0.36839236148593874,0.24157413469739333,0.14014724467914164,27
0.5,-0.6782422279916753,1.1090346941961067,0.3143430142798729,0.34641016151377546,0.0,1.1102230246251565e-16,3.925231146709438e-17,,5.551115123125783e-16,0.0,-0.0,-2.220446049250313e-16,1.9363341356351942,0.4544885085796755,0.3617487350639751,0.2742175879160095,28
0.5,1.351710620721113,1.5045824163784594,-0.9948692060191593,0.34641016151377546,0.0,1.7763568394002505e-15,6.280369834735101e-16,,-3.2034265038149176e-16,3.2034265038149176e-16,-3.2034265038149176e-16,0.0,2.570549515534888,0.42152860912470413,0.4488385997447171,0.42008048664081316,29
0.5,0.18197947954186122,1.0985252046147083,-1.0675753738295368,0.34641016151377546,0.0,0.0,0.0,,-1.2374655946857085e-16,1.2374655946857085e-16,3.2034265038149176e-16,0.0,2.221397323841753,0.43821958341367606,0.40506696080249277,0.3679034561648755,30
0.5,-1.5354455819013595,-1.512253806011331,-0.5018332332769531,0.34641016151377546,0.0,8.881784197001252e-16,3.1401849173675503e-16,,8.7545416269407e-16,0.0,3.2034265038149176e-16,-2.220446049250313e-16,2.5125747573280517,0.3879241289590981,0.44171525785855925,0.4101963477044337,31
0.5,0.7012336621590847,-0.9834852769015403,-0.7990072913245156,0.34641016151377546,0.0,4.440892098500626e-16,1.5700924586837752e-16,,1.6017132519074588e-16,0.0,1.6017132519074588e-16,-2.220446049250313e-16,2.1103809330167485,0.4855643252227376,0.39162305151339427,0.35362558160834245,32
0.5,-1.6667588589521252,0.8518650768939335,1.3424764247494423,0.34641016151377546,0.0,8.881784197001252e-16,3.140184917367551e-16,,-2.220446049250313e-16,2.220446049250313e-16,-0.0,-2.220446049250313e-16,2.4698519519536943,0.4221427282797267,0.43731299321566924,0.4295679500938339,33
0.5,0.4990719809596533,0.38471187622619496,-1.1912202916003967,0.34641016151377546,0.0,1.1102230246251565e-16,3.9252311467094385e-17,,9.864764651565858e-16,0.0,3.2034265038149176e-16,-2.220446049250313e-16,1.7859832478915858,0.4238446715052108,0.33996603311225826,0.24688681421194003,34
0.5,-1.0211243900493954,-1.4899891329649484,-1.2418616845587622,0.34641016151377546,0.0,8.881784197001252e-16,3.14018491736755e-16,,1.9659609091292081e-16,0.0,6.406853007629834e-16,-2.220446049250313e-16,2.573308023427607,0.44498020471470134,0.4490981770411176,0.4195752308887672,35
0.5,-1.3912103790289154,-0.5353833409415771,1.6598610929296562,0.34641016151377546,0.0,8.881784197001252e-16,3.1401849173675503e-16,,1.417841418000593e-15,0.0,6.406853007629834e-16,0.0,2.3747900789633625,0.36380628650922087,0.42573014385953295,0.4151578457528311,36
0.5,-1.1077385512312792,0.5347308623808296,1.1211918683168443,0.34641016151377546,0.0,4.440892098500626e-16,1.5700924586837752e-16,,5.423872553065231e-16,0.0,3.2034265038149176e-16,-2.220446049250313e-16,2.188721760036134,0.4624069602761596,0.40265195779907187,0.3893281017128605,37
0.5,-0.6029469946250898,0.7187995241666587,-0.7720226452314989,0.34641016151377546,0.0,2.220446049250313e-16,7.850462293418876e-17,,1.5780127431913388e-15,0.0,8.008566259537293e-16,-2.220446049250313e-16,1.7938941797743608,0.4859636674973026,0.3518903315441031,0.3370321398837246,38
0.5,-1.1403678759008031,-0.35333286711988965,1.1583913991140133,0.34641016151377546,0.0,0.0,0.0,,-1.2724257006055198e-17,1.2724257006055198e-17,3.2034265038149176e-16,-2.220446049250313e-16,2.1482437748084093,0.38614295403361487,0.39733501107300945,0.37942560111049484,39
0.5,-0.8937168743907213,1.2062215499926712,-0.364508925958382,0.34641016151377546,0.0,2.220446049250313e-16,7.850462293418876e-17,,2.220446049250313e-16,0.0,-0.0,0.0,2.1726661364550486,0.449416951966341,0.39651649599271027,0.3310158696947264,40
0.5,0.5086575523688297,-0.5382327003437946,1.7121730925137273,0.34641016151377546,0.0,2.220446049250313e-16,7.850462293418876e-17,,1.343243881260252e-15,0.0,1.1211992763352207e-15,0.0,2.0106986157312123,0.4724751437788548,0.37214198934367,0.2869906553241862,41
0.5,-1.4640082132695786,1.302585337965815,-1.4716004198077544,0.34641016151377546,0.0,0.0,0.0,,-4.440892098500626e-16,4.440892098500626e-16,-0.0,-2.220446049250313e-16,2.600234475403415,0.44290594261807703,0.45264473050514586,0.4306951408623676,42
0.5,-1.6793049199018384,0.21103051828742192,-1.7002711148922722,0.34641016151377546,0.0,4.440892098500626e-16,1.5700924586837752e-16,,7.025585804972689e-16,0.0,4.805139755722376e-16,0.0,2.3053859025253005,0.3082087105962519,0.41712693562012376,0.404409375644356,43
0.5,-1.6318139090454862,0.5328647740638703,-0.838106727283235,0.34641016151377546,0.0,0.0,0.0,,-1.2724257006055198e-17,1.2724257006055198e-17,3.2034265038149176e-16,-4.440892098500626e-16,2.1538338955228324,0.40881244066714006,0.39694261102098116,0.3562244220875694,44
0.5,0.7357871883723814,-1.400536459785915,-0.22223088722358653,0.34641016151377546,0.0,1.1102230246251565e-16,3.925231146709438e-17,,4.932382325782929e-16,0.0,1.6017132519074588e-16,0.0,2.127599529487766,0.4302195556222323,0.3831367083275467,0.28045374872733875,45
0.5,0.6128940032528218,0.8814930983547056,-0.3536350110809374,0.34641016151377546,0.0,1.1102230246251565e-16,3.9252311467094385e-17,,-3.2034265038149176e-16,3.2034265038149176e-16,-3.2034265038149176e-16,-4.440892098500626e-16,1.6719576572582775,0.43667817919135843,0.3302920205819541,0.26246094386842156,46
0.5,-0.47512498442803786,-0.8788368890339633,0.5235788234529526,0.34641016151377546,0.0,1.1102230246251565e-16,3.925231146709438e-17,,-3.2034265038149176e-16,3.2034265038149176e-16,-3.2034265038149176e-16,-2.220446049250313e-16,1.6803600911329402,0.440957508644449,0.3316189702307067,0.2641987056266143,47
0.5,1.6147689640963696,0.5359376556653435,-0.9580718000271431,0.34641016151377546,0.0,4.440892098500626e-16,1.5700924586837752e-16,,-6.297090490529189e-16,6.297090490529189e-16,4.805139755722376e-16,0.0,2.220510534673882,0.40206941304096094,0.4061156761854801,0.3780765251240543,48
0.5,-1.605773267650884,-1.071942202913521,-0.3133634280403579,0.34641016151377546,0.0,0.0,0.0,,-4.0766444412788764e-16,4.0766444412788764e-16,4.805139755722376e-16,0.0,2.3220977523001407,0.43698110859112205,0.4186283911257438,0.401655170372783,49
0.5,-0.7906861507168851,0.39205258732405657,-1.4528950699065115,0.34641016151377546,0.0,2.220446049250313e-16,7.850462293418877e-17,,5.551115123125783e-16,0.0,-0.0,-2.220446049250313e-16,2.0807258333817833,0.4390406465936134,0.38461485001451384,0.3174404197409395,50
0.5,-0.18611089594196817,1.1249957242276176,-0.6854880062379343,0.34641016151377546,0.0,0.0,0.0,,4.914902272823023e-17,0.0,1.6017132519074588e-16,0.0,1.9460096528277724,0.46422898192746265,0.36204420613984173,0.2708998931435,51
0.5,1.6524422522867033,0.19058564982838844,-0.9571265970966456,0.34641016151377546,0.0,0.0,0.0,,3.2034265038149176e-16,0.0,3.2034265038149176e-16,0.0,2.099042028126237,0.37522700869727127,0.389744108294894,0.3466452850081601,52
0.5,0.24612569600109402,-0.29926706068705444,-1.6374609732378755,0.34641016151377546,0.0,0.0,0.0,,1.084774510613046e-15,0.0,6.406853007629834e-16,2.220446049250313e-16,1.7303061641448532,0.44529778753016813,0.30604288004023816,0.16270618153273061,53
0.5,0.32566652492528636,0.6618284308065565,-0.8039537640108645,0.34641016151377546,0.0,1.1102230246251565e-16,3.925231146709438e-17,,4.313649528440074e-16,0.0,3.2034265038149176e-16,0.0,1.605869558580399,0.4387427483880223,0.3252495726631985,0.2952667579347514,54
0.5,1.0761326895980634,0.5346552855463687,-0.8976518782089824,0.34641016151377546,0.0,4.440892098500626e-16,1.5700924586837752e-16,,-3.949401871218324e-16,3.949401871218324e-16,1.6017132519074588e-16,0.0,2.0449695585183263,0.4226822900545155,0.38444167085061753,0.3674314649801771,55
0.5,-1.2375567796853335,0.6520407605956535,0.573056449352948,0.34641016151377546,0.0,2.220446049250313e-16,7.850462293418876e-17,,-8.881784197001252e-16,8.881784197001252e-16,-0.0,0.0,2.0114202358596023,0.489504551724669,0.3781488322745197,0.33056781067474605,56
0.5,-1.197833969631353,-0.8457247071553755,0.2913631276880464,0.34641016151377546,0.0,2.220446049250313e-16,7.850462293418875e-17,,9.992007221626409e-16,0.0,-0.0,0.0,2.047036615247212,0.4329637351589414,0.38321873749627994,0.3472910825214193,57
0.5,-0.497479948970895,0.2606531400718719,-1.0517746993258579,0.34641016151377546,0.0,0.0,0.0,,-2.347688619310865e-16,2.347688619310865e-16,3.2034265038149176e-16,0.0,1.5974443713475117,0.43766183787722407,0.31328089054021335,0.21974887588081662,58
0.5,0.5645088168023316,0.8121709878962564,0.6528889184765787,0.34641016151377546,0.0,2.220446049250313e-16,7.850462293418876e-17,,1.0356254878848159e-15,0.0,4.805139755722376e-16,-2.220446049250313e-16,1.7671907016254333,0.4849230598949331,0.3471542842528033,0.30827349666222936,59
0.5,1.1176982366517416,1.1151621169459869,0.6223369121544486,0.34641016151377546,0.0,4.440892098500626e-16,1.5700924586837752e-16,,5.551115123125783e-16,0.0,-0.0,0.0,2.3142197889166085,0.47356766534045314,0.41748978331878384,0.3866410281797827,60
0.5,1.083861903512215,0.6157573882646425,-0.6155534305163315,0.34641016151377546,0.0,0.0,0.0,,2.584693706472063e-16,0.0,4.805139755722376e-16,1.1102230246251565e-16,1.9222924204362328,0.43408307032576515,0.36758603384164185,0.3296960448647343,61
0.5,-1.337015636468958,0.36832117694478983,-0.3935616065093748,0.34641016151377546,0.0,0.0,0.0,,4.440892098500626e-16,0.0,-0.0,1.1102230246251565e-16,1.740267103546445,0.4219253492394996,0.32867437892310913,0.22125939445123483,62
0.5,-1.2766852267788384,0.7558753958947539,-0.7994474434656932,0.34641016151377546,0.0,4.440892098500626e-16,1.5700924586837752e-16,,8.008566259537293e-16,0.0,8.008566259537293e-16,0.0,2.213735649864873,0.4409964388532242,0.40554485809780855,0.38478272639302685,63
0.5,-0.8371067644755938,-1.5036583979735358,0.9278163902246868,0.34641016151377546,0.0,8.881784197001252e-16,3.1401849173675503e-16,,1.0229012308787606e-15,0.0,8.008566259537293e-16,0.0,2.4569612043782674,0.42231854142719016,0.43374062973853306,0.3848442761346112,64
0.5,-1.5145891312782511,0.7335122188630878,0.8575420296458449,0.34641016151377546,0.0,4.440892098500626e-16,1.5700924586837752e-16,,1.3647081647462585e-16,0.0,-6.406853007629837e-16,-2.220446049250313e-16,2.2722117105342945,0.4760249870052759,0.4127073739864329,0.3891590930167849,65
0.5,-1.119535562498776,1.2139394946767186,-0.5469423872728638,0.34641016151377546,0.0,4.440892098500626e-16,1.5700924586837752e-16,,-4.440892098500626e-16,4.440892098500626e-16,-0.0,0.0,2.3456494997335153,0.4375334850945378,0.42089069737482776,0.38220240093776603,66
0.5,0.5410698553308215,-0.392605752935939,1.0534488387451355,0.34641016151377546,0.0,1.1102230246251565e-16,3.925231146709438e-17,,-4.568134668561178e-16,4.568134668561178e-16,3.2034265038149176e-16,1.1102230246251565e-16,1.7134826723868126,0.45923667591987827,0.3344728862802282,0.25881357366081315,67
0.5,-1.7078884308164113,1.265069474205911,0.8203635676013641,0.34641016151377546,0.0,8.881784197001252e-16,3.1401849173675503e-16,,-2.220446049250313e-16,2.220446049250313e-16,-0.0,-2.220446049250313e-16,2.5049963438736462,0.4479500596071848,0.4411410384474439,0.41686853384755607,68
0.5,0.6967753578588645,-0.5633687071868718,-0.2846066443421742,0.34641016151377546,0.0,5.551115123125783e-17,1.962615573354719e-17,,6.470474292660111e-16,0.0,4.805139755722376e-16,-2.220446049250313e-16,1.3254335692124266,0.439760100016235,0.2865139211228283,0.260740602514942,69
0.5,-0.3046209347859081,-0.6543969309884605,-0.4503098399749079,0.34641016151377546,0.0,0.0,0.0,,1.1466477903473315e-15,0.0,4.805139755722376e-16,0.0,1.2196913859775618,0.42247500426066553,0.268058366408795,0.2124307119899719,70
0.5,-1.1707165627831613,0.18807208654348062,0.355783813683586,0.34641016151377546,0.0,0.0,0.0,,-1.3647081647462615e-16,1.3647081647462615e-16,6.406853007629834e-16,0.0,1.5111197379713297,0.42372210609185507,0.28707812958012113,0.16607098042231264,71
0.5,1.2793167496650604,1.2820175488401127,1.198600836757243,0.34641016151377546,0.0,8.881784197001252e-16,3.14018491736755e-16,,-4.313649528440074e-16,4.313649528440074e-16,-3.2034265038149176e-16,1.1102230246251565e-16,2.561940400300039,0.44935115405217696,0.4480156970089529,0.42457116264588685,72
0.5,-1.0135071226925323,-0.9281530570764006,0.2867874836190367,0.34641016151377546,0.0,2.220446049250313e-16,7.850462293418876e-17,,5.423872553065231e-16,0.0,3.2034265038149176e-16,0.0,2.009485592046602,0.4362165008012685,0.37868826020408397,0.3503395998740524,73
0.5,-0.8556442497626204,-0.8561884339050898,-1.0090979850789918,0.34641016151377546,0.0,0.0,0.0,,2.7119362765326154e-16,0.0,1.6017132519074588e-16,0.0,2.208831531325902,0.4757642816852831,0.4051248328031844,0.3949493059696658,74
0.5,0.4684217983688508,1.5581002180466,-1.4576818141015369,0.34641016151377546,0.0,0.0,0.0,,8.008566259537293e-16,0.0,8.008566259537293e-16,0.0,2.5603616346380473,0.3990022756189805,0.4474812887828189,0.4181981203490269,75
0.5,0.9329719896561004,0.409923776290126,-0.4812252485770294,0.34641016151377546,0.0,0.0,0.0,,-1.208521070081617e-15,1.208521070081617e-15,-3.2034265038149176e-16,-2.220446049250313e-16,1.5410079912571826,0.42390225956858296,0.31374161894465963,0.2535815955430388,76
0.5,-0.48472638741823615,-0.23677419617665296,0.8163289237838507,0.34641016151377546,0.0,0.0,0.0,,9.246031854223002e-16,0.0,4.805139755722376e-16,0.0,1.3263053529029896,0.40206597431105495,0.2808593406226178,0.21151333457264251,77
0.5,1.2107036624714405,1.4269582267927539,1.3532724090747301,0.34641016151377546,0.0,0.0,0.0,,4.440892098500626e-16,0.0,-0.0,0.0,2.598478889218781,0.44550028943693076,0.45231232161554746,0.42720839802164795,78
0.5,0.38335605382643445,0.44887040924248556,0.8509249169431947,0.34641016151377546,0.0,0.0,0.0,,-6.169847920468636e-16,6.169847920468636e-16,1.6017132519074588e-16,-2.220446049250313e-16,1.4579810164367186,0.43996987240899466,0.3014313937235995,0.23852963061704324,79
0.5,-0.76733735620252,-1.2264204949735569,1.4964899276740824,0.34641016151377546,0.0,0.0,0.0,,7.644318602315544e-16,0.0,3.2034265038149176e-16,0.0,2.5220116194822593,0.4180866604701592,0.44316264376249437,0.42350416928717455,80
0.5,-0.18234453078860358,-0.7064727129667516,1.3756776451447337,0.34641016151377546,0.0,1.1102230246251565e-16,3.925231146709438e-17,,-9.829804545646046e-17,9.829804545646046e-17,-3.2034265038149176e-16,0.0,2.0363462200279585,0.44585042517107815,0.3765759860337091,0.29739650704930654,81
0.5,1.5348718653784643,1.6310567107460008,1.516371927898073,0.34641016151377546,0.0,1.7763568394002505e-15,6.280369834735101e-16,,4.914902272823023e-17,0.0,1.6017132519074588e-16,0.0,2.6229621545554735,0.44946414097741083,0.45527706118329697,0.4310288083639534,82
0.5,-0.5086337525204794,-0.3660748439233623,1.5983853569849713,0.34641016151377546,0.0,2.220446049250313e-16,7.850462293418876e-17,,-2.220446049250313e-16,2.220446049250313e-16,-0.0,0.0,1.9108315434612424,0.422440000114101,0.3525102918289623,0.24492255385275294,83
0.5,0.9167916194814114,-0.17445737715977305,-1.0979287509483808,0.34641016151377546,0.0,0.0,0.0,,1.3559681382663075e-15,0.0,8.008566259537293e-16,1.1102230246251565e-16,1.9264328040044734,0.42958007909019635,0.36751402314266784,0.32555977198263114,84
0.5,0.9796273893448224,1.2168621041873058,1.7184660927556235,0.34641016151377546,0.0,1.7763568394002505e-15,6.280369834735101e-16,,1.3559681382663075e-15,0.0,8.008566259537293e-16,0.0,2.5404574108554323,0.4196319979603024,0.44545320956634005,0.425190392718682,85
0.5,0.7947710201508644,1.5131376555200204,0.6530263688111577,0.34641016151377546,0.0,0.0,0.0,,-3.2034265038149176e-16,3.2034265038149176e-16,-3.2034265038149176e-16,-2.220446049250313e-16,2.3342734337485744,0.4602042510463151,0.41605211774935497,0.34491389486855745,86
0.5,0.6744845741901635,-1.712529353482176,0.8367454342379013,0.34641016151377546,0.0,7.691850745534257e-16,2.7194799110210365e-16,,9.737522081505303e-16,0.0,6.406853007629834e-16,0.0,2.3590072283237857,0.46343084893178854,0.42014195336437343,0.3565835669905857,87
0.5,-0.4104032092695531,-1.2525153396858248,-0.3230973260117631,0.34641016151377546,0.0,1.1102230246251565e-16,3.9252311467094385e-17,,-5.551115123125783e-17,5.551115123125783e-17,-0.0,-2.220446049250313e-16,1.8708676512900144,0.4599877227975057,0.3355588942973142,0.2027769642714759,88
0.5,1.7051109194393947,-0.9223968001886883,-0.9615555831614224,0.34641016151377546,0.0,8.881784197001252e-16,3.14018491736755e-16,,-3.3306690738754696e-16,3.3306690738754696e-16,-0.0,1.1102230246251565e-16,2.4008295826482673,0.46746735413172835,0.4288893410189939,0.42111542387585443,89
0.5,0.29004502929726206,0.2060748174581697,0.5079212006492653,0.34641016151377546,0.0,0.0,0.0,,-1.5843748716943668e-15,1.5843748716943668e-15,-6.406853007629837e-16,-4.440892098500626e-16,0.7467809969146033,0.3332959967895848,0.19382457284274338,0.14591080172535567,90
0.5,-0.7678737263509472,-1.1151901009239527,-0.7149688902104263,0.34641016151377546,0.0,4.440892098500626e-16,1.570092458683775e-16,,1.084774510613046e-15,0.0,6.406853007629834e-16,1.1102230246251565e-16,2.1914365878749695,0.4833717770902658,0.4007095920108349,0.34959862375621853,91
0.5,-0.7519394746843803,1.4361886038614053,0.764136014707415,0.34641016151377546,0.0,4.440892098500626e-16,1.5700924586837754e-16,,-6.187327973428543e-17,6.187327973428543e-17,1.6017132519074588e-16,-2.220446049250313e-16,2.353208641995293,0.43798790674101484,0.4192897716084637,0.3545853422386003,92
0.5,-0.24088274358722295,0.6122514257333695,0.7303583741868223,0.34641016151377546,0.0,5.551115123125783e-17,1.962615573354719e-17,,5.978984065377809e-16,0.0,3.2034265038149176e-16,-2.220446049250313e-16,1.4319788425248086,0.44358303446268366,0.3008960352202387,0.2705541027822261,93
0.5,1.0254122764438938,0.7303867839507436,-0.45327134926680834,0.34641016151377546,0.0,0.0,0.0,,4.440892098500626e-16,0.0,-0.0,1.1102230246251565e-16,1.8930497017703343,0.4385032522571089,0.3638820590263866,0.3323611230923124,94
0.5,1.7112471336798651,1.4411930917689149,0.5321830808035153,0.34641016151377546,0.0,0.0,0.0,,-8.7545416269407e-16,8.7545416269407e-16,-3.2034265038149176e-16,-4.440892098500626e-16,2.4994258973900676,0.397852977723381,0.44010033213002475,0.40814294348493874,95
0.5,-0.6581687463642563,-1.0305504511128434,1.209573993941409,0.34641016151377546,0.0,0.0,0.0,,-2.220446049250313e-16,2.220446049250313e-16,-0.0,0.0,2.345215535191551,0.425310124655891,0.42151913270502306,0.4049478068753449,96
0.5,-1.1420288176138023,0.7094082284648766,-0.38163506869723496,0.34641016151377546,0.0,0.0,0.0,,1.1102230246251565e-16,0.0,-0.0,1.1102230246251565e-16,1.9186620996413473,0.4482564117908717,0.36587285386874824,0.3178490274654032,97
0.5,1.195277720866983,0.6916495940903213,1.1112421328061024,0.34641016151377546,0.0,4.440892098500626e-16,1.5700924586837752e-16,,9.737522081505303e-16,0.0,6.406853007629834e-16,0.0,2.2929162644880896,0.4499868341292096,0.4157637069540645,0.41236913877174153,98
0.5,-0.9651103833646195,-1.0967941533245489,-0.5502981064935928,0.34641016151377546,0.0,0.0,0.0,,2.220446049250313e-16,0.0,-0.0,0.0,2.2058130256031956,0.48030925375327715,0.40321829054457137,0.36046131600297016,99
1.0,-1.523030475253559,-1.0893027591625632,0.5167953308096229,0.34641016151377546,0.0,4.440892098500626e-16,1.5700924586837752e-16,,3.6949167310972194e-16,0.0,4.805139755722376e-16,0.0,2.075998977919752,0.4517754362812587,0.3867739925820701,0.35941089168128454,0
1.0,-1.703316759846073,0.8757223560275351,-0.6370429164872329,0.34641016151377546,0.0,4.440892098500626e-16,1.5700924586837752e-16,,9.829804545646046e-17,0.0,3.2034265038149176e-16,0.0,2.4802500907343656,0.4085652718713795,0.4373882842332814,0.40143083475820796,1
1.0,-1.3978836324642194,-1.5296497813368433,0.7935595723784248,0.34641016151377546,0.0,8.881784197001252e-16,3.1401849173675503e-16,,-4.440892098500626e-16,4.440892098500626e-16,-0.0,0.0,1.6872376417405457,0.41361158753785,0.29149974620149116,0.14140927049825983,2
1.0,-1.0370826015893102,-1.4622054736468906,-1.2326571521971141,0.34641016151377546,0.0,0.0,0.0,,9.829804545646046e-17,0.0,3.2034265038149176e-16,0.0,1.70478401111643,0.4419578555044312,0.33572779938344494,0.2737459548695155,3
1.0,-1.1652038856438063,1.1060153767226977,0.9377245942359904,0.34641016151377546,0.0,8.881784197001252e-16,3.1401849173675503e-16,,3.2034265038149176e-16,0.0,3.2034265038149176e-16,0.0,2.34768036528593,0.4744509626049917,0.4219981447956565,0.40544537953826176,4
1.0,-0.5806736065098363,-1.109005525222419,-0.6304050059037027,0.34641016151377546,0.0,0.0,0.0,,2.093203479189761e-16,0.0,3.2034265038149176e-16,0.0,2.436982418930659,0.44080442082718174,0.4332539817956835,0.42390758925121297,5
1.0,1.259429913298507,-1.0942375723145201,-0.2586820882951051,0.34641016151377546,0.0,2.220446049250313e-16,7.850462293418876e-17,,1.0483497448908712e-15,0.0,1.6017132519074588e-16,0.0,1.8544350976668742,0.47595064389022285,0.3557494420861807,0.29247515310552225,6
1.0,0.6273180691724898,1.3256193848803668,-1.3027217652241998,0.34641016151377546,0.0,8.881784197001252e-16,3.1401849173675503e-16,,1.1102230246251565e-16,0.0,-0.0,-2.220446049250313e-16,1.8754924996111788,0.4356261742531328,0.35711263161853446,0.2855784362681581,7
1.0,0.6851218695184307,1.6372948823691975,-1.6845122258706215,0.34641016151377546,0.0,0.0,0.0,,1.4924389547409338e-15,0.0,1.6017132519074588e-16,-4.440892098500626e-16,1.5265164388057368,0.40205326636416855,0.25963799123176284,0.11083295500615316,8
1.0,-1.2356166847877368,-1.5145838382211598,0.4558988031847817,0.34641016151377546,0.0,7.691850745534257e-16,2.7194799110210365e-16,,2.220446049250313e-16,0.0,-0.0,1.1102230246251565e-16,1.5495057409157,0.41632519611736984,0.31450793712538805,0.25453088743919516,9
1.0,-1.471600471014104,0.6541208826667324,-0.3269918218741006,0.34641016151377546,0.0,2.220446049250313e-16,7.850462293418876e-17,,8.690920341910424e-16,0.0,4.805139755722376e-16,0.0,2.051244321864127,0.44525911885700287,0.3710735641850418,0.2620928742665186,10
1.0,-1.179220516193383,-0.7761901095366317,0.5966623665888515,0.34641016151377546,0.0,0.0,0.0,,1.6017132519074588e-16,0.0,1.6017132519074588e-16,0.0,2.5354177055731673,0.442740559393893,0.4441779108030079,0.40824453687293333,11
1.0,0.2550911737841186,0.9954567609833416,-0.8258718568899172,0.34641016151377546,0.0,1.1102230246251565e-16,3.925231146709438e-17,,5.296629983004678e-16,0.0,6.406853007629834e-16,0.0,2.4536307866477918,0.44774112912005926,0.4347404370390767,0.4197760376786429,12
1.0,-0.22356861211157475,1.4674818343764624,-0.4043989990836132,0.34641016151377546,0.0,1.1102230246251565e-16,3.925231146709438e-17,,-7.644318602315544e-16,7.644318602315544e-16,-3.2034265038149176e-16,1.1102230246251565e-16,1.2680096325975045,0.403011094911762,0.2702972008455347,0.19447424450941259,13
1.0,0.3640643495660023,0.7295032813502758,1.4378927406909408,0.34641016151377546,0.0,2.220446049250313e-16,7.850462293418877e-17,,-5.423872553065231e-16,5.423872553065231e-16,-3.2034265038149176e-16,-2.220446049250313e-16,2.1495220408854814,0.4249544653346795,0.38577782139814937,0.2822369804440138,14
1.0,-1.425518542542989,1.4542629529051196,-0.8576508177117661,0.34641016151377546,0.0,1.5383701491068513e-15,5.438959822042074e-16,,8.557378845040516e-17,0.0,6.406853007629834e-16,-2.220446049250313e-16,1.6919081336899038,0.4372711880485778,0.2981128636327912,0.15333125656862978,15
1.0,0.2848112113743899,-1.0819419563147066,0.2378670067065538,0.34641016151377546,0.0,0.0,0.0,,-1.2374655946857085e-16,1.2374655946857085e-16,3.2034265038149176e-16,-2.220446049250313e-16,1.816818036091271,0.4784063194166081,0.3485896479007938,0.27346225203772684,16
1.0,1.0638185347651699,-0.9817933428361116,-0.2947006432376469,0.34641016151377546,0.0,0.0,0.0,,-1.1102230246251565e-16,1.1102230246251565e-16,-0.0,1.1102230246251565e-16,2.294250144551391,0.45175680204479574,0.41422905844600005,0.3710748476896538,17
1.0,0.736260612969569,1.0026050382598655,1.0318832452039404,0.34641016151377546,0.0,4.440892098500626e-16,1.5700924586837754e-16,,-4.440892098500626e-16,4.440892098500626e-16,-0.0,-2.220446049250313e-16,2.517653234327027,0.45622696483543124,0.44288560895276435,0.4246726252513511,18
1.0,0.36412816458996744,-1.186766913455914,0.45042949581717817,0.34641016151377546,0.0,0.0,0.0,,-6.661338147750939e-16,6.661338147750939e-16,-0.0,-2.220446049250313e-16,2.0133028931302572,0.48503188722022805,0.3804412662329103,0.37069571560417863,19
1.0,1.470953771195323,-0.2746650011601852,1.1480793308675095,0.34641016151377546,0.0,0.0,0.0,,-2.220446049250313e-16,2.220446049250313e-16,-0.0,-2.220446049250313e-16,1.4711015811619315,0.43185512522533526,0.30350889966989786,0.2447384535223796,20
1.0,1.1244095556933091,-0.6470854966274635,-0.7475250376248184,0.34641016151377546,0.0,0.0,0.0,,7.025585804972689e-16,0.0,4.805139755722376e-16,-4.440892098500626e-16,2.557677603786096,0.4277246623313724,0.44745508819284846,0.42529336830715864,21
1.0,0.8814221650847731,1.5794039497277779,1.2480006849530323,0.34641016151377546,0.0,8.881784197001252e-16,3.140184917367551e-16,,2.367893117435004e-15,0.0,4.805139755722376e-16,-2.220446049250313e-16,1.8167700180789592,0.3984535734884494,0.34420853601819257,0.25133359872243444,22
1.0,-1.3375534868349654,-1.482242120289105,-0.7435259683856241,0.34641016151377546,0.0,8.881784197001252e-16,3.1401849173675503e-16,,-2.5448514012110495e-17,2.5448514012110495e-17,6.406853007629834e-16,0.0,1.7858172267249792,0.41217567013077766,0.32492388654876553,0.19577307833800495,23
1.0,0.4211073945126578,0.202057777040493,0.8833677489443095,0.34641016151377546,0.0,5.551115123125783e-17,1.962615573354719e-17,,-2.093203479189761e-16,2.093203479189761e-16,-3.2034265038149176e-16,-2.220446049250313e-16,2.0970780917686036,0.4007235079643272,0.38801029729033193,0.33020106932673604,24
1.0,-0.9163366710073345,0.23827875063209136,-1.6512998809546249,0.34641016151377546,0.0,2.220446049250313e-16,7.850462293418876e-17,,-2.8391788465931673e-16,2.8391788465931673e-16,1.6017132519074588e-16,0.0,1.7173922262418586,0.42615673182106456,0.3244606728424029,0.214933148217101,25
1.0,-1.6344484564810497,-0.2984667663203928,-0.20229386304667618,0.34641016151377546,0.0,0.0,0.0,,3.758538016127496e-16,0.0,3.2034265038149176e-16,0.0,1.006753472131167,0.368180887282313,0.23313698843754072,0.17108774944822652,26
1.0,-1.1204265305815353,0.17967097466768944,1.1264462455615156,0.34641016151377546,0.0,1.1102230246251565e-16,3.925231146709438e-17,,5.915362780347533e-16,0.0,4.805139755722376e-16,0.0,1.8234115726475417,0.42599957777186304,0.35538186988171777,0.33721242342076574,27
1.0,0.8819862255399342,-0.4854910804706225,0.5682069156527221,0.34641016151377546,0.0,1.1102230246251565e-16,3.9252311467094385e-17,,1.084774510613046e-15,0.0,6.406853007629834e-16,-2.220446049250313e-16,2.463311821121975,0.4083039711985078,0.43647761710207683,0.42477549387582353,28
1.0,-0.7168069001416566,-0.39892340234202184,1.520629179195283,0.34641016151377546,0.0,0.0,0.0,,7.644318602315544e-16,0.0,3.2034265038149176e-16,0.0,2.0596278442328044,0.4431893947859977,0.3827238058477393,0.3233486919521696,29
1.0,-0.35835983647713365,-1.1812716776974823,-1.7203918253394945,0.34641016151377546,0.0,4.440892098500626e-16,1.5700924586837752e-16,,3.822159301157772e-16,0.0,1.6017132519074588e-16,0.0,1.6147527090391718,0.4520601056999449,0.32572265500829567,0.28262322273500945,30
1.0,0.7150737717219404,1.2749583912236027,1.2426121010024427,0.34641016151377546,0.0,0.0,0.0,,2.7119362765326154e-16,0.0,1.6017132519074588e-16,1.1102230246251565e-16,2.0765732132864736,0.48324060890144194,0.3858579104958285,0.3320359883998261,31
1.0,-0.3592634459221453,-0.5373689852518366,-1.1987288645560634,0.34641016151377546,0.0,0.0,0.0,,-3.3306690738754696e-16,3.3306690738754696e-16,-0.0,1.1102230246251565e-16,2.155378404862738,0.43660965479202885,0.39635953526393475,0.3472061912789787,32
1.0,-0.6941185483969194,1.5856703180827023,-0.9465018537506152,0.34641016151377546,0.0,8.881784197001252e-16,3.1401849173675503e-16,,1.208521070081617e-15,0.0,3.2034265038149176e-16,-2.220446049250313e-16,2.2224713500839375,0.3146579588066152,0.40671437748040745,0.3961658471906835,33
1.0,-1.2830880235571995,-1.6807026524938977,1.5534726176304678,0.34641016151377546,0.0,1.7763568394002505e-15,6.280369834735101e-16,,1.1593720473533868e-15,0.0,1.6017132519074588e-16,0.0,0.695892379368279,0.28558986146519466,0.172705374335054,0.09905090444034768,34
1.0,-1.7233601996089636,0.7081315847698435,-1.2011593576041801,0.34641016151377546,0.0,8.881784197001252e-16,3.1401849173675503e-16,,-4.440892098500626e-16,4.440892098500626e-16,-0.0,-2.220446049250313e-16,2.1853015922472023,0.44467275134706274,0.3923129577050733,0.2960875383045452,35
1.0,-1.6552052231222367,-1.6191657472028667,-0.5628410764811831,0.34641016151377546,0.0,0.0,0.0,,4.313649528440074e-16,0.0,3.2034265038149176e-16,-4.440892098500626e-16,1.384904619987502,0.38606466894177727,0.2256153408760041,0.08032460891780394,36
1.0,1.4071660153432606,-1.056396822696964,1.1972850530510875,0.34641016151377546,0.0,8.881784197001252e-16,3.1401849173675503e-16,,4.440892098500626e-16,0.0,-0.0,1.1102230246251565e-16,1.9494949358734115,0.4765687079553081,0.36737408536680033,0.30021145722326587,37
1.0,-0.5027315942796862,0.35924479298600387,0.4082568315983979,0.34641016151377546,0.0,0.0,0.0,,-8.62729905688015e-16,8.62729905688015e-16,-6.406853007629837e-16,-2.220446049250313e-16,2.0777000276675563,0.4973321225423347,0.3888637814526487,0.38117000912207666,38
1.0,-1.3708115889788777,1.5910981708928027,-0.28158217865670987,0.34641016151377546,0.0,4.440892098500626e-16,1.570092458683775e-16,,8.072187544567569e-16,0.0,6.406853007629834e-16,1.1102230246251565e-16,0.8481952417096532,0.323475145035602,0.20964887154700323,0.15822624534865753,39
1.0,0.8035702901712201,-1.4296577378028499,-1.6092135603362707,0.34641016151377546,0.0,8.881784197001252e-16,3.1401849173675503e-16,,-1.1102230246251565e-16,1.1102230246251565e-16,-0.0,-2.220446049250313e-16,1.6007361228133297,0.4174904225278651,0.2771213127543528,0.1290006662884809,40
1.0,0.714753493687097,-1.5682220862044882,-0.8923028057222488,0.34641016151377546,0.0,8.881784197001252e-16,3.1401849173675503e-16,,-4.440892098500626e-16,4.440892098500626e-16,-0.0,0.0,2.2669409904271305,0.28276321388585596,0.41231553050374814,0.3999176795499305,41
1.0,0.7567129325915465,-1.4371702423908665,-1.1514084986993434,0.34641016151377546,0.0,8.881784197001252e-16,3.1401849173675503e-16,,-3.4579116439360216e-16,3.4579116439360216e-16,3.2034265038149176e-16,-2.220446049250313e-16,2.0411928275270355,0.42897429999800485,0.38089439546763393,0.32360752139428833,42
1.0,0.3052007780271424,-1.587003453549545,1.3434632791679153,0.34641016151377546,0.0,0.0,0.0,,3.758538016127496e-16,0.0,3.2034265038149176e-16,0.0,0.9535266633968593,0.34705777670169646,0.2281772355793912,0.18388062595730376,43
1.0,1.0890919782365653,0.5155405270749314,-1.7137016000589855,0.34641016151377546,0.0,0.0,0.0,,1.541587977469164e-15,0.0,3.2034265038149176e-16,1.1102230246251565e-16,2.0667752933347328,0.44932543172305495,0.38518173339180595,0.3402228194405386,44
1.0,1.6176917636173704,1.387147035893348,0.5064082916889912,0.34641016151377546,0.0,0.0,0.0,,7.644318602315544e-16,0.0,3.2034265038149176e-16,0.0,1.4342984742670668,0.4157282108735895,0.27915234748123235,0.1653030725139006,45
1.0,1.2517563654929558,0.40598652034556704,0.8174635744670469,0.34641016151377546,0.0,2.220446049250313e-16,7.850462293418877e-17,,-1.1102230246251565e-16,1.1102230246251565e-16,-0.0,-2.220446049250313e-16,2.2729056665833114,0.4735755659696682,0.41147736384766254,0.36877340487920107,46
1.0,-1.5584216873716605,0.9181463804702767,0.43331418369152264,0.34641016151377546,0.0,4.440892098500626e-16,1.5700924586837752e-16,,-1.1102230246251565e-16,1.1102230246251565e-16,-0.0,0.0,2.200287927221681,0.4384076829154776,0.3977130888137481,0.3183323815586767,47
1.0,1.5357418057268744,-1.1395734226984588,-1.7174111661988432,0.34641016151377546,0.0,1.7763568394002505e-15,6.280369834735101e-16,,5.828670879282072e-16,0.0,-0.0,0.0,1.2840072189216398,0.3871928733555727,0.24601476009491421,0.1237216599263268,48
1.0,-0.6322626742860402,1.1728318765267494,0.7036434253414421,0.34641016151377546,0.0,0.0,0.0,,1.9659609091292081e-16,0.0,6.406853007629834e-16,0.0,2.4336165728339036,0.3917149673993211,0.43288004500545485,0.42560240256956716,49
1.0,1.00475023033133,1.1043951860472054,0.896500804845993,0.34641016151377546,0.0,4.440892098500626e-16,1.5700924586837752e-16,,-4.186406958379524e-16,4.186406958379524e-16,-6.406853007629837e-16,0.0,2.452175944527545,0.4320758034817063,0.4350470371242535,0.42586735741932064,50
1.0,-0.5983767217133522,-0.3197465644766919,-1.2273869191373126,0.34641016151377546,0.0,0.0,0.0,,8.008566259537293e-16,0.0,8.008566259537293e-16,0.0,2.045292356269038,0.4275257631911306,0.38350183458553194,0.346961239584742,51
1.0,0.6562977220879107,0.34291095004420447,-1.5826269729043942,0.34641016151377546,0.0,2.220446049250313e-16,7.850462293418876e-17,,9.246031854223002e-16,0.0,4.805139755722376e-16,-2.220446049250313e-16,1.9070987324747972,0.4336843768145551,0.36029507060748567,0.2848453518322833,52
1.0,1.4418761257804578,0.9771959477669525,-0.20516327711916293,0.34641016151377546,0.0,0.0,0.0,,-6.811651333846676e-16,6.811651333846676e-16,-3.2034265038149176e-16,0.0,1.7984907821481753,0.4546154399453121,0.3246312611311642,0.1918020204554248,53
1.0,0.8320626952099346,1.6239730993558372,0.7948086670230285,0.34641016151377546,0.0,0.0,0.0,,5.78812021028698e-16,0.0,8.008566259537293e-16,0.0,2.3062843615758695,0.2773312004912373,0.4172069332392291,0.40290786776364607,54
1.0,-1.4586415115669467,1.2464854310375468,-0.9208286906857791,0.34641016151377546,0.0,0.0,0.0,,3.6949167310972194e-16,0.0,4.805139755722376e-16,0.0,1.9579084236504032,0.46833750970052507,0.3652866464960331,0.281245521267979,55
1.0,0.8908503089494091,0.8943244869509006,-1.615547600444544,0.34641016151377546,0.0,0.0,0.0,,-2.093203479189761e-16,2.093203479189761e-16,-3.2034265038149176e-16,0.0,2.4205031215002997,0.36585055993131727,0.43026229588580894,0.39528723966156515,56
1.0,0.7086123253352503,1.4663722779589152,-1.4145123870586283,0.34641016151377546,0.0,8.881784197001252e-16,3.1401849173675503e-16,,4.914902272823023e-17,0.0,1.6017132519074588e-16,0.0,1.625214546530029,0.40995723629958275,0.2937595520239109,0.15672043465491942,57
1.0,-1.1533012352804886,0.7543181402792554,0.6076108345573332,0.34641016151377546,0.0,0.0,0.0,,3.3306690738754696e-16,0.0,-0.0,-2.220446049250313e-16,2.5460692877528435,0.4419467019688256,0.44559293290716595,0.41189627980784177,58
1.0,0.49275533267809646,-1.5259476204155544,0.35901946879287117,0.34641016151377546,0.0,2.220446049250313e-16,7.850462293418876e-17,,1.4797146977348785e-15,0.0,4.805139755722376e-16,0.0,1.640974709940477,0.420042976154522,0.3282945570510958,0.2767168459944929,59
1.0,0.3688464479276461,-0.30794169503403945,-1.0137412285663907,0.34641016151377546,0.0,5.551115123125783e-17,1.9626155733547193e-17,,-5.05962489584348e-16,5.05962489584348e-16,1.6017132519074588e-16,-2.220446049250313e-16,2.0410491057981432,0.47560687817639635,0.382790324555735,0.3440509322773843,60
1.0,1.2370167215796362,-1.324518411161665,-0.4350939418127644,0.34641016151377546,0.0,4.440892098500626e-16,1.5700924586837752e-16,,-1.1102230246251565e-16,1.1102230246251565e-16,-0.0,-2.220446049250313e-16,1.7170926437590621,0.4722352904977939,0.3410335416109021,0.30779290481244326,61
1.0,-0.5325545049772582,0.6537423873665174,-1.088680152981179,0.34641016151377546,0.0,0.0,0.0,,3.2034265038149176e-16,0.0,3.2034265038149176e-16,-2.220446049250313e-16,2.485679573147599,0.4469620435959364,0.43837874830595747,0.40525241680535606,62
1.0,-1.3858399995719823,-1.2258669983649773,-0.5129425299235637,0.34641016151377546,0.0,4.440892098500626e-16,1.5700924586837752e-16,,4.313649528440074e-16,0.0,3.2034265038149176e-16,0.0,1.8602246417373638,0.44373197267290376,0.35793660830632196,0.3084982070543474,63
1.0,0.9864044188852361,1.5701717930829813,-0.8034488765536965,0.34641016151377546,0.0,8.881784197001252e-16,3.1401849173675503e-16,,5.551115123125783e-16,0.0,-0.0,0.0,2.216341943397463,0.30301114429296555,0.40524758135575534,0.3717371995825686,64
1.0,-1.0723777886559078,0.7958390894928233,0.38272828936807235,0.34641016151377546,0.0,0.0,0.0,,-1.1102230246251565e-16,1.1102230246251565e-16,-0.0,1.1102230246251565e-16,2.451767901550251,0.44727760592093635,0.4331038013810751,0.38396431800876923,65
1.0,-0.559958516534113,-0.18963832322491347,-1.584402338187275,0.34641016151377546,0.0,0.0,0.0,,1.2449458358037919e-15,0.0,8.008566259537293e-16,1.1102230246251565e-16,1.4786308314671406,0.4116966402468637,0.2841417999645373,0.1668037236117562,66
1.0,0.7505988865778352,1.0369163789783444,0.9827192754176841,0.34641016151377546,0.0,0.0,0.0,,2.220446049250313e-16,0.0,-0.0,1.1102230246251565e-16,2.515108373549544,0.4526512451615564,0.4426467249772851,0.42702318784772136,67
1.0,-1.618080544521234,-1.7051099064775275,-1.1451568602086857,0.34641016151377546,0.0,0.0,0.0,,-3.3306690738754696e-16,3.3306690738754696e-16,-0.0,-4.440892098500626e-16,1.1569280225747742,0.3653542561380159,0.23432321193547673,0.1248938424678326,68
1.0,-1.0075332426801995,1.4424500863450627,-1.7013069127730185,0.34641016151377546,0.0,1.7763568394002505e-15,6.280369834735101e-16,,8.7545416269407e-16,0.0,3.2034265038149176e-16,-2.220446049250313e-16,1.4550881261972455,0.4214622972075623,0.27701569162623546,0.15489053111924928,69
1.0,-0.4380510897123231,1.6848478248288208,-0.5184549074403821,0.34641016151377546,0.0,0.0,0.0,,-1.3322676295501878e-15,1.3322676295501878e-15,-0.0,1.1102230246251565e-16,1.8673404479548028,0.4312396948135473,0.359920885397003,0.31947123727482474,70
1.0,0.6888738883087453,1.3684442477596797,1.2935005244582691,0.34641016151377546,0.0,0.0,0.0,,2.220446049250313e-16,0.0,-0.0,-2.220446049250313e-16,1.8802406052288132,0.4694345174772347,0.35502675434867775,0.2705041884010105,71
1.0,-0.19246250182536517,-0.3044980862230635,0.3800311305300559,0.34641016151377546,0.0,1.3877787807814457e-17,4.9065389333867974e-18,,4.914902272823023e-17,0.0,1.6017132519074588e-16,0.0,1.530757384636706,0.4370003424210588,0.31542242441768015,0.2866250670672428,72
1.0,-0.7946651958923945,1.310363731298497,-0.32539130237365166,0.34641016151377546,0.0,0.0,0.0,,5.678357693186335e-16,0.0,-3.2034265038149176e-16,0.0,2.0419930530587402,0.47683519436753274,0.3801762430699289,0.3166513555637892,73
1.0,0.7910448231377192,-1.1797938950126472,-0.9533764165478759,0.34641016151377546,0.0,4.440892098500626e-16,1.5700924586837752e-16,,3.4579116439360216e-16,0.0,-3.2034265038149176e-16,-2.220446049250313e-16,2.426759709126484,0.43265347257084763,0.43214130456636507,0.4282495972676397,74
1.0,-0.3761287246248357,-1.3828419586331022,1.1098491498083138,0.34641016151377546,0.0,4.440892098500626e-16,1.5700924586837752e-16,,3.3306690738754696e-16,0.0,-0.0,0.0,1.745558600441687,0.4581678996351633,0.3442697274445763,0.30639803167326785,75
1.0,-0.36285986897502265,1.1403521008922763,-0.18533538468662059,0.34641016151377546,0.0,5.551115123125783e-17,1.9626155733547193e-17,,9.829804545646046e-17,0.0,3.2034265038149176e-16,-2.220446049250313e-16,1.7508279949346761,0.47851947836910025,0.34354198765695726,0.2932311354728403,76
1.0,0.31308153474700307,-1.1792925015406737,-0.8562139164833243,0.34641016151377546,0.0,0.0,0.0,,9.864764651565858e-16,0.0,3.2034265038149176e-16,-2.220446049250313e-16,2.23809225635948,0.4385462811415357,0.4069295396638695,0.36152893908837735,77
1.0,0.42252243563646097,-1.2446714750976777,0.6212666126438289,0.34641016151377546,0.0,2.220446049250313e-16,7.850462293418876e-17,,8.008566259537293e-16,0.0,8.008566259537293e-16,0.0,2.1839403363195817,0.44564720640729405,0.4011477589169444,0.366742157403532,78
1.0,-0.2336500043481704,-0.9259170513786357,1.7220256823134332,0.34641016151377546,0.0,0.0,0.0,,7.216449660063518e-16,0.0,-0.0,-2.220446049250313e-16,1.9198720589699425,0.44472096316113435,0.3442141461565804,0.21413150722953106,79
1.0,-0.6944482679450406,0.9033997232204798,0.2311871046896521,0.34641016151377546,0.0,1.1102230246251565e-16,3.925231146709438e-17,,7.644318602315544e-16,0.0,3.2034265038149176e-16,0.0,2.4569228550820963,0.3859055599310871,0.4349744388890424,0.4041452363194644,80
1.0,-1.544466225554963,-1.5546214977558264,-1.3350008532301754,0.34641016151377546,0.0,1.7763568394002505e-15,6.2803698347351e-16,,-1.9770079972126804e-15,1.9770079972126804e-15,1.6017132519074588e-16,1.1102230246251565e-16,0.47107976020601555,0.2021187376699882,0.09774101714356231,0.02575047439664471,81
1.0,0.6150498893973642,0.7166929766881749,-1.5073431997180684,0.34641016151377546,0.0,0.0,0.0,,7.644318602315544e-16,0.0,3.2034265038149176e-16,-2.220446049250313e-16,2.4043900505801394,0.3740846104730283,0.42754419492480034,0.3815563165910325,82
1.0,0.27694489067611894,-0.2818925145261877,-0.30965199558977785,0.34641016151377546,0.0,1.3877787807814457e-17,4.906538933386798e-18,,2.7755575615628914e-16,0.0,-0.0,-4.440892098500626e-16,1.4557761818986812,0.47235244127093806,0.3066294775790527,0.2995986977008043,83
1.0,1.1024260520019018,-1.6860887742991968,0.7121363368692437,0.34641016151377546,0.0,0.0,0.0,,7.644318602315544e-16,0.0,3.2034265038149176e-16,-2.220446049250313e-16,2.105095755091207,0.37442421653636165,0.38927956310792666,0.33364572024637945,84
1.0,-1.2661124258816698,1.5818741334061812,-0.5271755793954767,0.34641016151377546,0.0,8.881784197001252e-16,3.1401849173675503e-16,,1.9856771873192267e-15,0.0,3.2034265038149176e-16,0.0,1.6204236283475488,0.40395800291080636,0.31845619077479015,0.23135709678984814,85
1.0,1.5027013818167108,-0.5202677834362874,1.4764087269547272,0.34641016151377546,0.0,8.881784197001252e-16,3.140184917367551e-16,,7.644318602315544e-16,0.0,3.2034265038149176e-16,-2.220446049250313e-16,1.464939432824456,0.40764569167771086,0.24361256031067394,0.09513062747394466,86
1.0,-1.093298005083816,-1.348664770152276,-1.2253520967727365,0.34641016151377546,0.0,0.0,0.0,,-7.771561172376096e-16,7.771561172376096e-16,-0.0,-2.220446049250313e-16,1.7536583176229792,0.47531198181750733,0.34571772302603204,0.3110750450605105,87
1.0,1.4523293257172587,1.5651145698606017,1.5830123870251107,0.34641016151377546,0.0,0.0,0.0,,-2.220446049250313e-16,2.220446049250313e-16,-0.0,-2.220446049250313e-16,0.15187674731915657,0.10338819726174152,0.046916151306887394,0.011408658526840147,88
1.0,-0.9976030401245811,-1.6118317869162169,0.542810762131511,0.34641016151377546,0.0,4.440892098500626e-16,1.5700924586837752e-16,,1.1102230246251565e-16,0.0,-0.0,0.0,2.049427352247289,0.3799168721881066,0.3844961573359592,0.3687989818165124,89
1.0,-0.27231202433198587,-1.1852001411500177,1.516613351185712,0.34641016151377546,0.0,2.220446049250313e-16,7.850462293418876e-17,,-8.326672684688674e-16,8.326672684688674e-16,-0.0,0.0,1.3726881576667878,0.4124407436445651,0.28631912149800653,0.21298309279124683,90
1.0,-0.28614869120214137,0.9158434894865102,-0.7217043003964965,0.34641016151377546,0.0,0.0,0.0,,-8.732179374639597e-17,8.732179374639597e-17,8.008566259537293e-16,0.0,2.522761011757057,0.4173585580019038,0.4431013164151332,0.41910523321368653,91
1.0,-0.3641247927128046,1.6879648149266528,0.6997089228133144,0.34641016151377546,0.0,0.0,0.0,,4.914902272823023e-17,0.0,1.6017132519074588e-16,-2.220446049250313e-16,1.9647949968316694,0.4290392012253414,0.3663294622364418,0.28205594196493755,92
1.0,-0.9239569498532665,0.6478111372175146,1.0597606097136838,0.34641016151377546,0.0,0.0,0.0,,8.008566259537293e-16,0.0,8.008566259537293e-16,1.1102230246251565e-16,2.53648658303392,0.41541747904490756,0.44488445770397267,0.41921778007872496,93
1.0,-0.3645756617683491,0.29987891151285107,0.8456896797345834,0.34641016151377546,0.0,0.0,0.0,,6.406853007629834e-16,0.0,6.406853007629834e-16,0.0,2.1613804749075407,0.4645262545224887,0.3962729241167945,0.3396714439720833,94
1.0,-1.5273496121382701,0.921528097722391,0.5279176213377479,0.34641016151377546,0.0,0.0,0.0,,-2.347688619310865e-16,2.347688619310865e-16,3.2034265038149176e-16,1.1102230246251565e-16,2.3297894788171734,0.4295780239251613,0.41749230710646684,0.36392636583647364,95
1.0,-0.2670639738307299,0.2628855531826204,0.7338164361121633,0.34641016151377546,0.0,2.7755575615628914e-17,9.813077866773595e-18,,7.644318602315544e-16,0.0,3.2034265038149176e-16,-2.220446049250313e-16,2.0217426145967936,0.4706723466092269,0.37362990718181976,0.28862155021361824,96
1.0,-1.1729477469090672,1.6341830148932872,-1.292139274088219,0.34641016151377546,0.0,1.7763568394002505e-15,6.2803698347351e-16,,7.025585804972689e-16,0.0,4.805139755722376e-16,0.0,1.3017373249200546,0.4061795302572352,0.2801214457305074,0.22656855275512366,97
1.0,0.20822488854567944,-1.6270648419851097,-0.5445475678739464,0.34641016151377546,0.0,0.0,0.0,,6.661338147750939e-16,0.0,-0.0,-2.220446049250313e-16,1.508680857122223,0.4131193621304957,0.28841769863834293,0.1701058240434725,98
1.0,-1.5098583029606538,1.1773259543566086,1.3916862433866877,0.34641016151377546,0.0,0.0,0.0,,8.7545416269407e-16,0.0,3.2034265038149176e-16,0.0,1.2411846713627657,0.3891996861191447,0.25494477490046275,0.15352937019074966,99
